date,nominal_yield_10y_pct,real_yield_10y_pct,inflation_compensation_10y_pct,method,nominal_source_url,real_yield_source_url
2021-01-04,0.93,-1.08,2.01,10Y nominal Treasury par yield - 10Y TIPS par real yield,https://home.treasury.gov/resource-center/data-chart-center/interest-rates/daily-treasury-rates.csv/2021/all?type=daily_treasury_yield_curve&field_tdr_date_value=2021&page&_format=csv,https://home.treasury.gov/resource-center/data-chart-center/interest-rates/daily-treasury-rates.csv/2021/all?type=daily_treasury_real_yield_curve&field_tdr_date_value=2021&page&_format=csv
2021-01-05,0.96,-1.07,2.03,10Y nominal Treasury par yield - 10Y TIPS par real yield,https://home.treasury.gov/resource-center/data-chart-center/interest-rates/daily-treasury-rates.csv/2021/all?type=daily_treasury_yield_curve&field_tdr_date_value=2021&page&_format=csv,https://home.treasury.gov/resource-center/data-chart-center/interest-rates/daily-treasury-rates.csv/2021/all?type=daily_treasury_real_yield_curve&field_tdr_date_value=2021&page&_format=csv
2021-01-06,1.04,-1.02,2.06,10Y nominal Treasury par yield - 10Y TIPS par real yield,https://home.treasury.gov/resource-center/data-chart-center/interest-rates/daily-treasury-rates.csv/2021/all?type=daily_treasury_yield_curve&field_tdr_date_value=2021&page&_format=csv,https://home.treasury.gov/resource-center/data-chart-center/interest-rates/daily-treasury-rates.csv/2021/all?type=daily_treasury_real_yield_curve&field_tdr_date_value=2021&page&_format=csv
2021-01-07,1.08,-1.01,2.09,10Y nominal Treasury par yield - 10Y TIPS par real yield,https://home.treasury.gov/resource-center/data-chart-center/interest-rates/daily-treasury-rates.csv/2021/all?type=daily_treasury_yield_curve&field_tdr_date_value=2021&page&_format=csv,https://home.treasury.gov/resource-center/data-chart-center/interest-rates/daily-treasury-rates.csv/2021/all?type=daily_treasury_real_yield_curve&field_tdr_date_value=2021&page&_format=csv
2021-01-08,1.13,-0.93,2.06,10Y nominal Treasury par yield - 10Y TIPS par real yield,https://home.treasury.gov/resource-center/data-chart-center/interest-rates/daily-treasury-rates.csv/2021/all?type=daily_treasury_yield_curve&field_tdr_date_value=2021&page&_format=csv,https://home.treasury.gov/resource-center/data-chart-center/interest-rates/daily-treasury-rates.csv/2021/all?type=daily_treasury_real_yield_curve&field_tdr_date_value=2021&page&_format=csv
2021-01-11,1.15,-0.91,2.06,10Y nominal Treasury par yield - 10Y TIPS par real yield,https://home.treasury.gov/resource-center/data-chart-center/interest-rates/daily-treasury-rates.csv/2021/all?type=daily_treasury_yield_curve&field_tdr_date_value=2021&page&_format=csv,https://home.treasury.gov/resource-center/data-chart-center/interest-rates/daily-treasury-rates.csv/2021/all?type=daily_treasury_real_yield_curve&field_tdr_date_value=2021&page&_format=csv
2021-01-12,1.15,-0.93,2.08,10Y nominal Treasury par yield - 10Y TIPS par real yield,https://home.treasury.gov/resource-center/data-chart-center/interest-rates/daily-treasury-rates.csv/2021/all?type=daily_treasury_yield_curve&field_tdr_date_value=2021&page&_format=csv,https://home.treasury.gov/resource-center/data-chart-center/interest-rates/daily-treasury-rates.csv/2021/all?type=daily_treasury_real_yield_curve&field_tdr_date_value=2021&page&_format=csv
2021-01-13,1.10,-0.96,2.06,10Y nominal Treasury par yield - 10Y TIPS par real yield,https://home.treasury.gov/resource-center/data-chart-center/interest-rates/daily-treasury-rates.csv/2021/all?type=daily_treasury_yield_curve&field_tdr_date_value=2021&page&_format=csv,https://home.treasury.gov/resource-center/data-chart-center/interest-rates/daily-treasury-rates.csv/2021/all?type=daily_treasury_real_yield_curve&field_tdr_date_value=2021&page&_format=csv
2021-01-14,1.15,-0.94,2.09,10Y nominal Treasury par yield - 10Y TIPS par real yield,https://home.treasury.gov/resource-center/data-chart-center/interest-rates/daily-treasury-rates.csv/2021/all?type=daily_treasury_yield_curve&field_tdr_date_value=2021&page&_format=csv,https://home.treasury.gov/resource-center/data-chart-center/interest-rates/daily-treasury-rates.csv/2021/all?type=daily_treasury_real_yield_curve&field_tdr_date_value=2021&page&_format=csv
2021-01-15,1.11,-0.99,2.10,10Y nominal Treasury par yield - 10Y TIPS par real yield,https://home.treasury.gov/resource-center/data-chart-center/interest-rates/daily-treasury-rates.csv/2021/all?type=daily_treasury_yield_curve&field_tdr_date_value=2021&page&_format=csv,https://home.treasury.gov/resource-center/data-chart-center/interest-rates/daily-treasury-rates.csv/2021/all?type=daily_treasury_real_yield_curve&field_tdr_date_value=2021&page&_format=csv
2021-01-19,1.10,-1.00,2.10,10Y nominal Treasury par yield - 10Y TIPS par real yield,https://home.treasury.gov/resource-center/data-chart-center/interest-rates/daily-treasury-rates.csv/2021/all?type=daily_treasury_yield_curve&field_tdr_date_value=2021&page&_format=csv,https://home.treasury.gov/resource-center/data-chart-center/interest-rates/daily-treasury-rates.csv/2021/all?type=daily_treasury_real_yield_curve&field_tdr_date_value=2021&page&_format=csv
2021-01-20,1.10,-1.02,2.12,10Y nominal Treasury par yield - 10Y TIPS par real yield,https://home.treasury.gov/resource-center/data-chart-center/interest-rates/daily-treasury-rates.csv/2021/all?type=daily_treasury_yield_curve&field_tdr_date_value=2021&page&_format=csv,https://home.treasury.gov/resource-center/data-chart-center/interest-rates/daily-treasury-rates.csv/2021/all?type=daily_treasury_real_yield_curve&field_tdr_date_value=2021&page&_format=csv
2021-01-21,1.12,-0.98,2.10,10Y nominal Treasury par yield - 10Y TIPS par real yield,https://home.treasury.gov/resource-center/data-chart-center/interest-rates/daily-treasury-rates.csv/2021/all?type=daily_treasury_yield_curve&field_tdr_date_value=2021&page&_format=csv,https://home.treasury.gov/resource-center/data-chart-center/interest-rates/daily-treasury-rates.csv/2021/all?type=daily_treasury_real_yield_curve&field_tdr_date_value=2021&page&_format=csv
2021-01-22,1.10,-0.99,2.09,10Y nominal Treasury par yield - 10Y TIPS par real yield,https://home.treasury.gov/resource-center/data-chart-center/interest-rates/daily-treasury-rates.csv/2021/all?type=daily_treasury_yield_curve&field_tdr_date_value=2021&page&_format=csv,https://home.treasury.gov/resource-center/data-chart-center/interest-rates/daily-treasury-rates.csv/2021/all?type=daily_treasury_real_yield_curve&field_tdr_date_value=2021&page&_format=csv
2021-01-25,1.05,-1.03,2.08,10Y nominal Treasury par yield - 10Y TIPS par real yield,https://home.treasury.gov/resource-center/data-chart-center/interest-rates/daily-treasury-rates.csv/2021/all?type=daily_treasury_yield_curve&field_tdr_date_value=2021&page&_format=csv,https://home.treasury.gov/resource-center/data-chart-center/interest-rates/daily-treasury-rates.csv/2021/all?type=daily_treasury_real_yield_curve&field_tdr_date_value=2021&page&_format=csv
2021-01-26,1.05,-1.03,2.08,10Y nominal Treasury par yield - 10Y TIPS par real yield,https://home.treasury.gov/resource-center/data-chart-center/interest-rates/daily-treasury-rates.csv/2021/all?type=daily_treasury_yield_curve&field_tdr_date_value=2021&page&_format=csv,https://home.treasury.gov/resource-center/data-chart-center/interest-rates/daily-treasury-rates.csv/2021/all?type=daily_treasury_real_yield_curve&field_tdr_date_value=2021&page&_format=csv
2021-01-27,1.04,-1.04,2.08,10Y nominal Treasury par yield - 10Y TIPS par real yield,https://home.treasury.gov/resource-center/data-chart-center/interest-rates/daily-treasury-rates.csv/2021/all?type=daily_treasury_yield_curve&field_tdr_date_value=2021&page&_format=csv,https://home.treasury.gov/resource-center/data-chart-center/interest-rates/daily-treasury-rates.csv/2021/all?type=daily_treasury_real_yield_curve&field_tdr_date_value=2021&page&_format=csv
2021-01-28,1.07,-1.06,2.13,10Y nominal Treasury par yield - 10Y TIPS par real yield,https://home.treasury.gov/resource-center/data-chart-center/interest-rates/daily-treasury-rates.csv/2021/all?type=daily_treasury_yield_curve&field_tdr_date_value=2021&page&_format=csv,https://home.treasury.gov/resource-center/data-chart-center/interest-rates/daily-treasury-rates.csv/2021/all?type=daily_treasury_real_yield_curve&field_tdr_date_value=2021&page&_format=csv
2021-01-29,1.11,-1.02,2.13,10Y nominal Treasury par yield - 10Y TIPS par real yield,https://home.treasury.gov/resource-center/data-chart-center/interest-rates/daily-treasury-rates.csv/2021/all?type=daily_treasury_yield_curve&field_tdr_date_value=2021&page&_format=csv,https://home.treasury.gov/resource-center/data-chart-center/interest-rates/daily-treasury-rates.csv/2021/all?type=daily_treasury_real_yield_curve&field_tdr_date_value=2021&page&_format=csv
2021-02-01,1.09,-1.02,2.11,10Y nominal Treasury par yield - 10Y TIPS par real yield,https://home.treasury.gov/resource-center/data-chart-center/interest-rates/daily-treasury-rates.csv/2021/all?type=daily_treasury_yield_curve&field_tdr_date_value=2021&page&_format=csv,https://home.treasury.gov/resource-center/data-chart-center/interest-rates/daily-treasury-rates.csv/2021/all?type=daily_treasury_real_yield_curve&field_tdr_date_value=2021&page&_format=csv
2021-02-02,1.12,-1.03,2.15,10Y nominal Treasury par yield - 10Y TIPS par real yield,https://home.treasury.gov/resource-center/data-chart-center/interest-rates/daily-treasury-rates.csv/2021/all?type=daily_treasury_yield_curve&field_tdr_date_value=2021&page&_format=csv,https://home.treasury.gov/resource-center/data-chart-center/interest-rates/daily-treasury-rates.csv/2021/all?type=daily_treasury_real_yield_curve&field_tdr_date_value=2021&page&_format=csv
2021-02-03,1.15,-1.04,2.19,10Y nominal Treasury par yield - 10Y TIPS par real yield,https://home.treasury.gov/resource-center/data-chart-center/interest-rates/daily-treasury-rates.csv/2021/all?type=daily_treasury_yield_curve&field_tdr_date_value=2021&page&_format=csv,https://home.treasury.gov/resource-center/data-chart-center/interest-rates/daily-treasury-rates.csv/2021/all?type=daily_treasury_real_yield_curve&field_tdr_date_value=2021&page&_format=csv
2021-02-04,1.15,-1.02,2.17,10Y nominal Treasury par yield - 10Y TIPS par real yield,https://home.treasury.gov/resource-center/data-chart-center/interest-rates/daily-treasury-rates.csv/2021/all?type=daily_treasury_yield_curve&field_tdr_date_value=2021&page&_format=csv,https://home.treasury.gov/resource-center/data-chart-center/interest-rates/daily-treasury-rates.csv/2021/all?type=daily_treasury_real_yield_curve&field_tdr_date_value=2021&page&_format=csv
2021-02-05,1.19,-1.02,2.21,10Y nominal Treasury par yield - 10Y TIPS par real yield,https://home.treasury.gov/resource-center/data-chart-center/interest-rates/daily-treasury-rates.csv/2021/all?type=daily_treasury_yield_curve&field_tdr_date_value=2021&page&_format=csv,https://home.treasury.gov/resource-center/data-chart-center/interest-rates/daily-treasury-rates.csv/2021/all?type=daily_treasury_real_yield_curve&field_tdr_date_value=2021&page&_format=csv
2021-02-08,1.19,-1.03,2.22,10Y nominal Treasury par yield - 10Y TIPS par real yield,https://home.treasury.gov/resource-center/data-chart-center/interest-rates/daily-treasury-rates.csv/2021/all?type=daily_treasury_yield_curve&field_tdr_date_value=2021&page&_format=csv,https://home.treasury.gov/resource-center/data-chart-center/interest-rates/daily-treasury-rates.csv/2021/all?type=daily_treasury_real_yield_curve&field_tdr_date_value=2021&page&_format=csv
2021-02-09,1.18,-1.04,2.22,10Y nominal Treasury par yield - 10Y TIPS par real yield,https://home.treasury.gov/resource-center/data-chart-center/interest-rates/daily-treasury-rates.csv/2021/all?type=daily_treasury_yield_curve&field_tdr_date_value=2021&page&_format=csv,https://home.treasury.gov/resource-center/data-chart-center/interest-rates/daily-treasury-rates.csv/2021/all?type=daily_treasury_real_yield_curve&field_tdr_date_value=2021&page&_format=csv
2021-02-10,1.15,-1.06,2.21,10Y nominal Treasury par yield - 10Y TIPS par real yield,https://home.treasury.gov/resource-center/data-chart-center/interest-rates/daily-treasury-rates.csv/2021/all?type=daily_treasury_yield_curve&field_tdr_date_value=2021&page&_format=csv,https://home.treasury.gov/resource-center/data-chart-center/interest-rates/daily-treasury-rates.csv/2021/all?type=daily_treasury_real_yield_curve&field_tdr_date_value=2021&page&_format=csv
2021-02-11,1.16,-1.04,2.20,10Y nominal Treasury par yield - 10Y TIPS par real yield,https://home.treasury.gov/resource-center/data-chart-center/interest-rates/daily-treasury-rates.csv/2021/all?type=daily_treasury_yield_curve&field_tdr_date_value=2021&page&_format=csv,https://home.treasury.gov/resource-center/data-chart-center/interest-rates/daily-treasury-rates.csv/2021/all?type=daily_treasury_real_yield_curve&field_tdr_date_value=2021&page&_format=csv
2021-02-12,1.20,-1.01,2.21,10Y nominal Treasury par yield - 10Y TIPS par real yield,https://home.treasury.gov/resource-center/data-chart-center/interest-rates/daily-treasury-rates.csv/2021/all?type=daily_treasury_yield_curve&field_tdr_date_value=2021&page&_format=csv,https://home.treasury.gov/resource-center/data-chart-center/interest-rates/daily-treasury-rates.csv/2021/all?type=daily_treasury_real_yield_curve&field_tdr_date_value=2021&page&_format=csv
2021-02-16,1.30,-0.94,2.24,10Y nominal Treasury par yield - 10Y TIPS par real yield,https://home.treasury.gov/resource-center/data-chart-center/interest-rates/daily-treasury-rates.csv/2021/all?type=daily_treasury_yield_curve&field_tdr_date_value=2021&page&_format=csv,https://home.treasury.gov/resource-center/data-chart-center/interest-rates/daily-treasury-rates.csv/2021/all?type=daily_treasury_real_yield_curve&field_tdr_date_value=2021&page&_format=csv
2021-02-17,1.29,-0.92,2.21,10Y nominal Treasury par yield - 10Y TIPS par real yield,https://home.treasury.gov/resource-center/data-chart-center/interest-rates/daily-treasury-rates.csv/2021/all?type=daily_treasury_yield_curve&field_tdr_date_value=2021&page&_format=csv,https://home.treasury.gov/resource-center/data-chart-center/interest-rates/daily-treasury-rates.csv/2021/all?type=daily_treasury_real_yield_curve&field_tdr_date_value=2021&page&_format=csv
2021-02-18,1.29,-0.87,2.16,10Y nominal Treasury par yield - 10Y TIPS par real yield,https://home.treasury.gov/resource-center/data-chart-center/interest-rates/daily-treasury-rates.csv/2021/all?type=daily_treasury_yield_curve&field_tdr_date_value=2021&page&_format=csv,https://home.treasury.gov/resource-center/data-chart-center/interest-rates/daily-treasury-rates.csv/2021/all?type=daily_treasury_real_yield_curve&field_tdr_date_value=2021&page&_format=csv
2021-02-19,1.34,-0.80,2.14,10Y nominal Treasury par yield - 10Y TIPS par real yield,https://home.treasury.gov/resource-center/data-chart-center/interest-rates/daily-treasury-rates.csv/2021/all?type=daily_treasury_yield_curve&field_tdr_date_value=2021&page&_format=csv,https://home.treasury.gov/resource-center/data-chart-center/interest-rates/daily-treasury-rates.csv/2021/all?type=daily_treasury_real_yield_curve&field_tdr_date_value=2021&page&_format=csv
2021-02-22,1.37,-0.79,2.16,10Y nominal Treasury par yield - 10Y TIPS par real yield,https://home.treasury.gov/resource-center/data-chart-center/interest-rates/daily-treasury-rates.csv/2021/all?type=daily_treasury_yield_curve&field_tdr_date_value=2021&page&_format=csv,https://home.treasury.gov/resource-center/data-chart-center/interest-rates/daily-treasury-rates.csv/2021/all?type=daily_treasury_real_yield_curve&field_tdr_date_value=2021&page&_format=csv
2021-02-23,1.37,-0.79,2.16,10Y nominal Treasury par yield - 10Y TIPS par real yield,https://home.treasury.gov/resource-center/data-chart-center/interest-rates/daily-treasury-rates.csv/2021/all?type=daily_treasury_yield_curve&field_tdr_date_value=2021&page&_format=csv,https://home.treasury.gov/resource-center/data-chart-center/interest-rates/daily-treasury-rates.csv/2021/all?type=daily_treasury_real_yield_curve&field_tdr_date_value=2021&page&_format=csv
2021-02-24,1.38,-0.79,2.17,10Y nominal Treasury par yield - 10Y TIPS par real yield,https://home.treasury.gov/resource-center/data-chart-center/interest-rates/daily-treasury-rates.csv/2021/all?type=daily_treasury_yield_curve&field_tdr_date_value=2021&page&_format=csv,https://home.treasury.gov/resource-center/data-chart-center/interest-rates/daily-treasury-rates.csv/2021/all?type=daily_treasury_real_yield_curve&field_tdr_date_value=2021&page&_format=csv
2021-02-25,1.54,-0.60,2.14,10Y nominal Treasury par yield - 10Y TIPS par real yield,https://home.treasury.gov/resource-center/data-chart-center/interest-rates/daily-treasury-rates.csv/2021/all?type=daily_treasury_yield_curve&field_tdr_date_value=2021&page&_format=csv,https://home.treasury.gov/resource-center/data-chart-center/interest-rates/daily-treasury-rates.csv/2021/all?type=daily_treasury_real_yield_curve&field_tdr_date_value=2021&page&_format=csv
2021-02-26,1.44,-0.71,2.15,10Y nominal Treasury par yield - 10Y TIPS par real yield,https://home.treasury.gov/resource-center/data-chart-center/interest-rates/daily-treasury-rates.csv/2021/all?type=daily_treasury_yield_curve&field_tdr_date_value=2021&page&_format=csv,https://home.treasury.gov/resource-center/data-chart-center/interest-rates/daily-treasury-rates.csv/2021/all?type=daily_treasury_real_yield_curve&field_tdr_date_value=2021&page&_format=csv
2021-03-01,1.45,-0.71,2.16,10Y nominal Treasury par yield - 10Y TIPS par real yield,https://home.treasury.gov/resource-center/data-chart-center/interest-rates/daily-treasury-rates.csv/2021/all?type=daily_treasury_yield_curve&field_tdr_date_value=2021&page&_format=csv,https://home.treasury.gov/resource-center/data-chart-center/interest-rates/daily-treasury-rates.csv/2021/all?type=daily_treasury_real_yield_curve&field_tdr_date_value=2021&page&_format=csv
2021-03-02,1.42,-0.78,2.20,10Y nominal Treasury par yield - 10Y TIPS par real yield,https://home.treasury.gov/resource-center/data-chart-center/interest-rates/daily-treasury-rates.csv/2021/all?type=daily_treasury_yield_curve&field_tdr_date_value=2021&page&_format=csv,https://home.treasury.gov/resource-center/data-chart-center/interest-rates/daily-treasury-rates.csv/2021/all?type=daily_treasury_real_yield_curve&field_tdr_date_value=2021&page&_format=csv
2021-03-03,1.47,-0.74,2.21,10Y nominal Treasury par yield - 10Y TIPS par real yield,https://home.treasury.gov/resource-center/data-chart-center/interest-rates/daily-treasury-rates.csv/2021/all?type=daily_treasury_yield_curve&field_tdr_date_value=2021&page&_format=csv,https://home.treasury.gov/resource-center/data-chart-center/interest-rates/daily-treasury-rates.csv/2021/all?type=daily_treasury_real_yield_curve&field_tdr_date_value=2021&page&_format=csv
2021-03-04,1.54,-0.66,2.20,10Y nominal Treasury par yield - 10Y TIPS par real yield,https://home.treasury.gov/resource-center/data-chart-center/interest-rates/daily-treasury-rates.csv/2021/all?type=daily_treasury_yield_curve&field_tdr_date_value=2021&page&_format=csv,https://home.treasury.gov/resource-center/data-chart-center/interest-rates/daily-treasury-rates.csv/2021/all?type=daily_treasury_real_yield_curve&field_tdr_date_value=2021&page&_format=csv
2021-03-05,1.56,-0.66,2.22,10Y nominal Treasury par yield - 10Y TIPS par real yield,https://home.treasury.gov/resource-center/data-chart-center/interest-rates/daily-treasury-rates.csv/2021/all?type=daily_treasury_yield_curve&field_tdr_date_value=2021&page&_format=csv,https://home.treasury.gov/resource-center/data-chart-center/interest-rates/daily-treasury-rates.csv/2021/all?type=daily_treasury_real_yield_curve&field_tdr_date_value=2021&page&_format=csv
2021-03-08,1.59,-0.62,2.21,10Y nominal Treasury par yield - 10Y TIPS par real yield,https://home.treasury.gov/resource-center/data-chart-center/interest-rates/daily-treasury-rates.csv/2021/all?type=daily_treasury_yield_curve&field_tdr_date_value=2021&page&_format=csv,https://home.treasury.gov/resource-center/data-chart-center/interest-rates/daily-treasury-rates.csv/2021/all?type=daily_treasury_real_yield_curve&field_tdr_date_value=2021&page&_format=csv
2021-03-09,1.55,-0.66,2.21,10Y nominal Treasury par yield - 10Y TIPS par real yield,https://home.treasury.gov/resource-center/data-chart-center/interest-rates/daily-treasury-rates.csv/2021/all?type=daily_treasury_yield_curve&field_tdr_date_value=2021&page&_format=csv,https://home.treasury.gov/resource-center/data-chart-center/interest-rates/daily-treasury-rates.csv/2021/all?type=daily_treasury_real_yield_curve&field_tdr_date_value=2021&page&_format=csv
2021-03-10,1.53,-0.73,2.26,10Y nominal Treasury par yield - 10Y TIPS par real yield,https://home.treasury.gov/resource-center/data-chart-center/interest-rates/daily-treasury-rates.csv/2021/all?type=daily_treasury_yield_curve&field_tdr_date_value=2021&page&_format=csv,https://home.treasury.gov/resource-center/data-chart-center/interest-rates/daily-treasury-rates.csv/2021/all?type=daily_treasury_real_yield_curve&field_tdr_date_value=2021&page&_format=csv
2021-03-11,1.54,-0.74,2.28,10Y nominal Treasury par yield - 10Y TIPS par real yield,https://home.treasury.gov/resource-center/data-chart-center/interest-rates/daily-treasury-rates.csv/2021/all?type=daily_treasury_yield_curve&field_tdr_date_value=2021&page&_format=csv,https://home.treasury.gov/resource-center/data-chart-center/interest-rates/daily-treasury-rates.csv/2021/all?type=daily_treasury_real_yield_curve&field_tdr_date_value=2021&page&_format=csv
2021-03-12,1.64,-0.62,2.26,10Y nominal Treasury par yield - 10Y TIPS par real yield,https://home.treasury.gov/resource-center/data-chart-center/interest-rates/daily-treasury-rates.csv/2021/all?type=daily_treasury_yield_curve&field_tdr_date_value=2021&page&_format=csv,https://home.treasury.gov/resource-center/data-chart-center/interest-rates/daily-treasury-rates.csv/2021/all?type=daily_treasury_real_yield_curve&field_tdr_date_value=2021&page&_format=csv
2021-03-15,1.62,-0.65,2.27,10Y nominal Treasury par yield - 10Y TIPS par real yield,https://home.treasury.gov/resource-center/data-chart-center/interest-rates/daily-treasury-rates.csv/2021/all?type=daily_treasury_yield_curve&field_tdr_date_value=2021&page&_format=csv,https://home.treasury.gov/resource-center/data-chart-center/interest-rates/daily-treasury-rates.csv/2021/all?type=daily_treasury_real_yield_curve&field_tdr_date_value=2021&page&_format=csv
2021-03-16,1.62,-0.68,2.30,10Y nominal Treasury par yield - 10Y TIPS par real yield,https://home.treasury.gov/resource-center/data-chart-center/interest-rates/daily-treasury-rates.csv/2021/all?type=daily_treasury_yield_curve&field_tdr_date_value=2021&page&_format=csv,https://home.treasury.gov/resource-center/data-chart-center/interest-rates/daily-treasury-rates.csv/2021/all?type=daily_treasury_real_yield_curve&field_tdr_date_value=2021&page&_format=csv
2021-03-17,1.63,-0.67,2.30,10Y nominal Treasury par yield - 10Y TIPS par real yield,https://home.treasury.gov/resource-center/data-chart-center/interest-rates/daily-treasury-rates.csv/2021/all?type=daily_treasury_yield_curve&field_tdr_date_value=2021&page&_format=csv,https://home.treasury.gov/resource-center/data-chart-center/interest-rates/daily-treasury-rates.csv/2021/all?type=daily_treasury_real_yield_curve&field_tdr_date_value=2021&page&_format=csv
2021-03-18,1.71,-0.56,2.27,10Y nominal Treasury par yield - 10Y TIPS par real yield,https://home.treasury.gov/resource-center/data-chart-center/interest-rates/daily-treasury-rates.csv/2021/all?type=daily_treasury_yield_curve&field_tdr_date_value=2021&page&_format=csv,https://home.treasury.gov/resource-center/data-chart-center/interest-rates/daily-treasury-rates.csv/2021/all?type=daily_treasury_real_yield_curve&field_tdr_date_value=2021&page&_format=csv
2021-03-19,1.74,-0.57,2.31,10Y nominal Treasury par yield - 10Y TIPS par real yield,https://home.treasury.gov/resource-center/data-chart-center/interest-rates/daily-treasury-rates.csv/2021/all?type=daily_treasury_yield_curve&field_tdr_date_value=2021&page&_format=csv,https://home.treasury.gov/resource-center/data-chart-center/interest-rates/daily-treasury-rates.csv/2021/all?type=daily_treasury_real_yield_curve&field_tdr_date_value=2021&page&_format=csv
2021-03-22,1.69,-0.64,2.33,10Y nominal Treasury par yield - 10Y TIPS par real yield,https://home.treasury.gov/resource-center/data-chart-center/interest-rates/daily-treasury-rates.csv/2021/all?type=daily_treasury_yield_curve&field_tdr_date_value=2021&page&_format=csv,https://home.treasury.gov/resource-center/data-chart-center/interest-rates/daily-treasury-rates.csv/2021/all?type=daily_treasury_real_yield_curve&field_tdr_date_value=2021&page&_format=csv
2021-03-23,1.63,-0.66,2.29,10Y nominal Treasury par yield - 10Y TIPS par real yield,https://home.treasury.gov/resource-center/data-chart-center/interest-rates/daily-treasury-rates.csv/2021/all?type=daily_treasury_yield_curve&field_tdr_date_value=2021&page&_format=csv,https://home.treasury.gov/resource-center/data-chart-center/interest-rates/daily-treasury-rates.csv/2021/all?type=daily_treasury_real_yield_curve&field_tdr_date_value=2021&page&_format=csv
2021-03-24,1.62,-0.69,2.31,10Y nominal Treasury par yield - 10Y TIPS par real yield,https://home.treasury.gov/resource-center/data-chart-center/interest-rates/daily-treasury-rates.csv/2021/all?type=daily_treasury_yield_curve&field_tdr_date_value=2021&page&_format=csv,https://home.treasury.gov/resource-center/data-chart-center/interest-rates/daily-treasury-rates.csv/2021/all?type=daily_treasury_real_yield_curve&field_tdr_date_value=2021&page&_format=csv
2021-03-25,1.63,-0.69,2.32,10Y nominal Treasury par yield - 10Y TIPS par real yield,https://home.treasury.gov/resource-center/data-chart-center/interest-rates/daily-treasury-rates.csv/2021/all?type=daily_treasury_yield_curve&field_tdr_date_value=2021&page&_format=csv,https://home.treasury.gov/resource-center/data-chart-center/interest-rates/daily-treasury-rates.csv/2021/all?type=daily_treasury_real_yield_curve&field_tdr_date_value=2021&page&_format=csv
2021-03-26,1.67,-0.67,2.34,10Y nominal Treasury par yield - 10Y TIPS par real yield,https://home.treasury.gov/resource-center/data-chart-center/interest-rates/daily-treasury-rates.csv/2021/all?type=daily_treasury_yield_curve&field_tdr_date_value=2021&page&_format=csv,https://home.treasury.gov/resource-center/data-chart-center/interest-rates/daily-treasury-rates.csv/2021/all?type=daily_treasury_real_yield_curve&field_tdr_date_value=2021&page&_format=csv
2021-03-29,1.73,-0.63,2.36,10Y nominal Treasury par yield - 10Y TIPS par real yield,https://home.treasury.gov/resource-center/data-chart-center/interest-rates/daily-treasury-rates.csv/2021/all?type=daily_treasury_yield_curve&field_tdr_date_value=2021&page&_format=csv,https://home.treasury.gov/resource-center/data-chart-center/interest-rates/daily-treasury-rates.csv/2021/all?type=daily_treasury_real_yield_curve&field_tdr_date_value=2021&page&_format=csv
2021-03-30,1.73,-0.62,2.35,10Y nominal Treasury par yield - 10Y TIPS par real yield,https://home.treasury.gov/resource-center/data-chart-center/interest-rates/daily-treasury-rates.csv/2021/all?type=daily_treasury_yield_curve&field_tdr_date_value=2021&page&_format=csv,https://home.treasury.gov/resource-center/data-chart-center/interest-rates/daily-treasury-rates.csv/2021/all?type=daily_treasury_real_yield_curve&field_tdr_date_value=2021&page&_format=csv
2021-03-31,1.74,-0.63,2.37,10Y nominal Treasury par yield - 10Y TIPS par real yield,https://home.treasury.gov/resource-center/data-chart-center/interest-rates/daily-treasury-rates.csv/2021/all?type=daily_treasury_yield_curve&field_tdr_date_value=2021&page&_format=csv,https://home.treasury.gov/resource-center/data-chart-center/interest-rates/daily-treasury-rates.csv/2021/all?type=daily_treasury_real_yield_curve&field_tdr_date_value=2021&page&_format=csv
2021-04-01,1.69,-0.66,2.35,10Y nominal Treasury par yield - 10Y TIPS par real yield,https://home.treasury.gov/resource-center/data-chart-center/interest-rates/daily-treasury-rates.csv/2021/all?type=daily_treasury_yield_curve&field_tdr_date_value=2021&page&_format=csv,https://home.treasury.gov/resource-center/data-chart-center/interest-rates/daily-treasury-rates.csv/2021/all?type=daily_treasury_real_yield_curve&field_tdr_date_value=2021&page&_format=csv
2021-04-02,1.72,-0.64,2.36,10Y nominal Treasury par yield - 10Y TIPS par real yield,https://home.treasury.gov/resource-center/data-chart-center/interest-rates/daily-treasury-rates.csv/2021/all?type=daily_treasury_yield_curve&field_tdr_date_value=2021&page&_format=csv,https://home.treasury.gov/resource-center/data-chart-center/interest-rates/daily-treasury-rates.csv/2021/all?type=daily_treasury_real_yield_curve&field_tdr_date_value=2021&page&_format=csv
2021-04-05,1.73,-0.62,2.35,10Y nominal Treasury par yield - 10Y TIPS par real yield,https://home.treasury.gov/resource-center/data-chart-center/interest-rates/daily-treasury-rates.csv/2021/all?type=daily_treasury_yield_curve&field_tdr_date_value=2021&page&_format=csv,https://home.treasury.gov/resource-center/data-chart-center/interest-rates/daily-treasury-rates.csv/2021/all?type=daily_treasury_real_yield_curve&field_tdr_date_value=2021&page&_format=csv
2021-04-06,1.67,-0.65,2.32,10Y nominal Treasury par yield - 10Y TIPS par real yield,https://home.treasury.gov/resource-center/data-chart-center/interest-rates/daily-treasury-rates.csv/2021/all?type=daily_treasury_yield_curve&field_tdr_date_value=2021&page&_format=csv,https://home.treasury.gov/resource-center/data-chart-center/interest-rates/daily-treasury-rates.csv/2021/all?type=daily_treasury_real_yield_curve&field_tdr_date_value=2021&page&_format=csv
2021-04-07,1.68,-0.66,2.34,10Y nominal Treasury par yield - 10Y TIPS par real yield,https://home.treasury.gov/resource-center/data-chart-center/interest-rates/daily-treasury-rates.csv/2021/all?type=daily_treasury_yield_curve&field_tdr_date_value=2021&page&_format=csv,https://home.treasury.gov/resource-center/data-chart-center/interest-rates/daily-treasury-rates.csv/2021/all?type=daily_treasury_real_yield_curve&field_tdr_date_value=2021&page&_format=csv
2021-04-08,1.64,-0.69,2.33,10Y nominal Treasury par yield - 10Y TIPS par real yield,https://home.treasury.gov/resource-center/data-chart-center/interest-rates/daily-treasury-rates.csv/2021/all?type=daily_treasury_yield_curve&field_tdr_date_value=2021&page&_format=csv,https://home.treasury.gov/resource-center/data-chart-center/interest-rates/daily-treasury-rates.csv/2021/all?type=daily_treasury_real_yield_curve&field_tdr_date_value=2021&page&_format=csv
2021-04-09,1.67,-0.64,2.31,10Y nominal Treasury par yield - 10Y TIPS par real yield,https://home.treasury.gov/resource-center/data-chart-center/interest-rates/daily-treasury-rates.csv/2021/all?type=daily_treasury_yield_curve&field_tdr_date_value=2021&page&_format=csv,https://home.treasury.gov/resource-center/data-chart-center/interest-rates/daily-treasury-rates.csv/2021/all?type=daily_treasury_real_yield_curve&field_tdr_date_value=2021&page&_format=csv
2021-04-12,1.69,-0.64,2.33,10Y nominal Treasury par yield - 10Y TIPS par real yield,https://home.treasury.gov/resource-center/data-chart-center/interest-rates/daily-treasury-rates.csv/2021/all?type=daily_treasury_yield_curve&field_tdr_date_value=2021&page&_format=csv,https://home.treasury.gov/resource-center/data-chart-center/interest-rates/daily-treasury-rates.csv/2021/all?type=daily_treasury_real_yield_curve&field_tdr_date_value=2021&page&_format=csv
2021-04-13,1.64,-0.69,2.33,10Y nominal Treasury par yield - 10Y TIPS par real yield,https://home.treasury.gov/resource-center/data-chart-center/interest-rates/daily-treasury-rates.csv/2021/all?type=daily_treasury_yield_curve&field_tdr_date_value=2021&page&_format=csv,https://home.treasury.gov/resource-center/data-chart-center/interest-rates/daily-treasury-rates.csv/2021/all?type=daily_treasury_real_yield_curve&field_tdr_date_value=2021&page&_format=csv
2021-04-14,1.64,-0.69,2.33,10Y nominal Treasury par yield - 10Y TIPS par real yield,https://home.treasury.gov/resource-center/data-chart-center/interest-rates/daily-treasury-rates.csv/2021/all?type=daily_treasury_yield_curve&field_tdr_date_value=2021&page&_format=csv,https://home.treasury.gov/resource-center/data-chart-center/interest-rates/daily-treasury-rates.csv/2021/all?type=daily_treasury_real_yield_curve&field_tdr_date_value=2021&page&_format=csv
2021-04-15,1.56,-0.77,2.33,10Y nominal Treasury par yield - 10Y TIPS par real yield,https://home.treasury.gov/resource-center/data-chart-center/interest-rates/daily-treasury-rates.csv/2021/all?type=daily_treasury_yield_curve&field_tdr_date_value=2021&page&_format=csv,https://home.treasury.gov/resource-center/data-chart-center/interest-rates/daily-treasury-rates.csv/2021/all?type=daily_treasury_real_yield_curve&field_tdr_date_value=2021&page&_format=csv
2021-04-16,1.59,-0.77,2.36,10Y nominal Treasury par yield - 10Y TIPS par real yield,https://home.treasury.gov/resource-center/data-chart-center/interest-rates/daily-treasury-rates.csv/2021/all?type=daily_treasury_yield_curve&field_tdr_date_value=2021&page&_format=csv,https://home.treasury.gov/resource-center/data-chart-center/interest-rates/daily-treasury-rates.csv/2021/all?type=daily_treasury_real_yield_curve&field_tdr_date_value=2021&page&_format=csv
2021-04-19,1.61,-0.73,2.34,10Y nominal Treasury par yield - 10Y TIPS par real yield,https://home.treasury.gov/resource-center/data-chart-center/interest-rates/daily-treasury-rates.csv/2021/all?type=daily_treasury_yield_curve&field_tdr_date_value=2021&page&_format=csv,https://home.treasury.gov/resource-center/data-chart-center/interest-rates/daily-treasury-rates.csv/2021/all?type=daily_treasury_real_yield_curve&field_tdr_date_value=2021&page&_format=csv
2021-04-20,1.58,-0.74,2.32,10Y nominal Treasury par yield - 10Y TIPS par real yield,https://home.treasury.gov/resource-center/data-chart-center/interest-rates/daily-treasury-rates.csv/2021/all?type=daily_treasury_yield_curve&field_tdr_date_value=2021&page&_format=csv,https://home.treasury.gov/resource-center/data-chart-center/interest-rates/daily-treasury-rates.csv/2021/all?type=daily_treasury_real_yield_curve&field_tdr_date_value=2021&page&_format=csv
2021-04-21,1.57,-0.76,2.33,10Y nominal Treasury par yield - 10Y TIPS par real yield,https://home.treasury.gov/resource-center/data-chart-center/interest-rates/daily-treasury-rates.csv/2021/all?type=daily_treasury_yield_curve&field_tdr_date_value=2021&page&_format=csv,https://home.treasury.gov/resource-center/data-chart-center/interest-rates/daily-treasury-rates.csv/2021/all?type=daily_treasury_real_yield_curve&field_tdr_date_value=2021&page&_format=csv
2021-04-22,1.57,-0.76,2.33,10Y nominal Treasury par yield - 10Y TIPS par real yield,https://home.treasury.gov/resource-center/data-chart-center/interest-rates/daily-treasury-rates.csv/2021/all?type=daily_treasury_yield_curve&field_tdr_date_value=2021&page&_format=csv,https://home.treasury.gov/resource-center/data-chart-center/interest-rates/daily-treasury-rates.csv/2021/all?type=daily_treasury_real_yield_curve&field_tdr_date_value=2021&page&_format=csv
2021-04-23,1.58,-0.76,2.34,10Y nominal Treasury par yield - 10Y TIPS par real yield,https://home.treasury.gov/resource-center/data-chart-center/interest-rates/daily-treasury-rates.csv/2021/all?type=daily_treasury_yield_curve&field_tdr_date_value=2021&page&_format=csv,https://home.treasury.gov/resource-center/data-chart-center/interest-rates/daily-treasury-rates.csv/2021/all?type=daily_treasury_real_yield_curve&field_tdr_date_value=2021&page&_format=csv
2021-04-26,1.58,-0.78,2.36,10Y nominal Treasury par yield - 10Y TIPS par real yield,https://home.treasury.gov/resource-center/data-chart-center/interest-rates/daily-treasury-rates.csv/2021/all?type=daily_treasury_yield_curve&field_tdr_date_value=2021&page&_format=csv,https://home.treasury.gov/resource-center/data-chart-center/interest-rates/daily-treasury-rates.csv/2021/all?type=daily_treasury_real_yield_curve&field_tdr_date_value=2021&page&_format=csv
2021-04-27,1.63,-0.76,2.39,10Y nominal Treasury par yield - 10Y TIPS par real yield,https://home.treasury.gov/resource-center/data-chart-center/interest-rates/daily-treasury-rates.csv/2021/all?type=daily_treasury_yield_curve&field_tdr_date_value=2021&page&_format=csv,https://home.treasury.gov/resource-center/data-chart-center/interest-rates/daily-treasury-rates.csv/2021/all?type=daily_treasury_real_yield_curve&field_tdr_date_value=2021&page&_format=csv
2021-04-28,1.63,-0.78,2.41,10Y nominal Treasury par yield - 10Y TIPS par real yield,https://home.treasury.gov/resource-center/data-chart-center/interest-rates/daily-treasury-rates.csv/2021/all?type=daily_treasury_yield_curve&field_tdr_date_value=2021&page&_format=csv,https://home.treasury.gov/resource-center/data-chart-center/interest-rates/daily-treasury-rates.csv/2021/all?type=daily_treasury_real_yield_curve&field_tdr_date_value=2021&page&_format=csv
2021-04-29,1.65,-0.77,2.42,10Y nominal Treasury par yield - 10Y TIPS par real yield,https://home.treasury.gov/resource-center/data-chart-center/interest-rates/daily-treasury-rates.csv/2021/all?type=daily_treasury_yield_curve&field_tdr_date_value=2021&page&_format=csv,https://home.treasury.gov/resource-center/data-chart-center/interest-rates/daily-treasury-rates.csv/2021/all?type=daily_treasury_real_yield_curve&field_tdr_date_value=2021&page&_format=csv
2021-04-30,1.65,-0.76,2.41,10Y nominal Treasury par yield - 10Y TIPS par real yield,https://home.treasury.gov/resource-center/data-chart-center/interest-rates/daily-treasury-rates.csv/2021/all?type=daily_treasury_yield_curve&field_tdr_date_value=2021&page&_format=csv,https://home.treasury.gov/resource-center/data-chart-center/interest-rates/daily-treasury-rates.csv/2021/all?type=daily_treasury_real_yield_curve&field_tdr_date_value=2021&page&_format=csv
2021-05-03,1.63,-0.79,2.42,10Y nominal Treasury par yield - 10Y TIPS par real yield,https://home.treasury.gov/resource-center/data-chart-center/interest-rates/daily-treasury-rates.csv/2021/all?type=daily_treasury_yield_curve&field_tdr_date_value=2021&page&_format=csv,https://home.treasury.gov/resource-center/data-chart-center/interest-rates/daily-treasury-rates.csv/2021/all?type=daily_treasury_real_yield_curve&field_tdr_date_value=2021&page&_format=csv
2021-05-04,1.61,-0.81,2.42,10Y nominal Treasury par yield - 10Y TIPS par real yield,https://home.treasury.gov/resource-center/data-chart-center/interest-rates/daily-treasury-rates.csv/2021/all?type=daily_treasury_yield_curve&field_tdr_date_value=2021&page&_format=csv,https://home.treasury.gov/resource-center/data-chart-center/interest-rates/daily-treasury-rates.csv/2021/all?type=daily_treasury_real_yield_curve&field_tdr_date_value=2021&page&_format=csv
2021-05-05,1.59,-0.88,2.47,10Y nominal Treasury par yield - 10Y TIPS par real yield,https://home.treasury.gov/resource-center/data-chart-center/interest-rates/daily-treasury-rates.csv/2021/all?type=daily_treasury_yield_curve&field_tdr_date_value=2021&page&_format=csv,https://home.treasury.gov/resource-center/data-chart-center/interest-rates/daily-treasury-rates.csv/2021/all?type=daily_treasury_real_yield_curve&field_tdr_date_value=2021&page&_format=csv
2021-05-06,1.58,-0.87,2.45,10Y nominal Treasury par yield - 10Y TIPS par real yield,https://home.treasury.gov/resource-center/data-chart-center/interest-rates/daily-treasury-rates.csv/2021/all?type=daily_treasury_yield_curve&field_tdr_date_value=2021&page&_format=csv,https://home.treasury.gov/resource-center/data-chart-center/interest-rates/daily-treasury-rates.csv/2021/all?type=daily_treasury_real_yield_curve&field_tdr_date_value=2021&page&_format=csv
2021-05-07,1.60,-0.89,2.49,10Y nominal Treasury par yield - 10Y TIPS par real yield,https://home.treasury.gov/resource-center/data-chart-center/interest-rates/daily-treasury-rates.csv/2021/all?type=daily_treasury_yield_curve&field_tdr_date_value=2021&page&_format=csv,https://home.treasury.gov/resource-center/data-chart-center/interest-rates/daily-treasury-rates.csv/2021/all?type=daily_treasury_real_yield_curve&field_tdr_date_value=2021&page&_format=csv
2021-05-10,1.63,-0.91,2.54,10Y nominal Treasury par yield - 10Y TIPS par real yield,https://home.treasury.gov/resource-center/data-chart-center/interest-rates/daily-treasury-rates.csv/2021/all?type=daily_treasury_yield_curve&field_tdr_date_value=2021&page&_format=csv,https://home.treasury.gov/resource-center/data-chart-center/interest-rates/daily-treasury-rates.csv/2021/all?type=daily_treasury_real_yield_curve&field_tdr_date_value=2021&page&_format=csv
2021-05-11,1.64,-0.89,2.53,10Y nominal Treasury par yield - 10Y TIPS par real yield,https://home.treasury.gov/resource-center/data-chart-center/interest-rates/daily-treasury-rates.csv/2021/all?type=daily_treasury_yield_curve&field_tdr_date_value=2021&page&_format=csv,https://home.treasury.gov/resource-center/data-chart-center/interest-rates/daily-treasury-rates.csv/2021/all?type=daily_treasury_real_yield_curve&field_tdr_date_value=2021&page&_format=csv
2021-05-12,1.69,-0.85,2.54,10Y nominal Treasury par yield - 10Y TIPS par real yield,https://home.treasury.gov/resource-center/data-chart-center/interest-rates/daily-treasury-rates.csv/2021/all?type=daily_treasury_yield_curve&field_tdr_date_value=2021&page&_format=csv,https://home.treasury.gov/resource-center/data-chart-center/interest-rates/daily-treasury-rates.csv/2021/all?type=daily_treasury_real_yield_curve&field_tdr_date_value=2021&page&_format=csv
2021-05-13,1.66,-0.85,2.51,10Y nominal Treasury par yield - 10Y TIPS par real yield,https://home.treasury.gov/resource-center/data-chart-center/interest-rates/daily-treasury-rates.csv/2021/all?type=daily_treasury_yield_curve&field_tdr_date_value=2021&page&_format=csv,https://home.treasury.gov/resource-center/data-chart-center/interest-rates/daily-treasury-rates.csv/2021/all?type=daily_treasury_real_yield_curve&field_tdr_date_value=2021&page&_format=csv
2021-05-14,1.63,-0.88,2.51,10Y nominal Treasury par yield - 10Y TIPS par real yield,https://home.treasury.gov/resource-center/data-chart-center/interest-rates/daily-treasury-rates.csv/2021/all?type=daily_treasury_yield_curve&field_tdr_date_value=2021&page&_format=csv,https://home.treasury.gov/resource-center/data-chart-center/interest-rates/daily-treasury-rates.csv/2021/all?type=daily_treasury_real_yield_curve&field_tdr_date_value=2021&page&_format=csv
2021-05-17,1.64,-0.90,2.54,10Y nominal Treasury par yield - 10Y TIPS par real yield,https://home.treasury.gov/resource-center/data-chart-center/interest-rates/daily-treasury-rates.csv/2021/all?type=daily_treasury_yield_curve&field_tdr_date_value=2021&page&_format=csv,https://home.treasury.gov/resource-center/data-chart-center/interest-rates/daily-treasury-rates.csv/2021/all?type=daily_treasury_real_yield_curve&field_tdr_date_value=2021&page&_format=csv
2021-05-18,1.64,-0.88,2.52,10Y nominal Treasury par yield - 10Y TIPS par real yield,https://home.treasury.gov/resource-center/data-chart-center/interest-rates/daily-treasury-rates.csv/2021/all?type=daily_treasury_yield_curve&field_tdr_date_value=2021&page&_format=csv,https://home.treasury.gov/resource-center/data-chart-center/interest-rates/daily-treasury-rates.csv/2021/all?type=daily_treasury_real_yield_curve&field_tdr_date_value=2021&page&_format=csv
2021-05-19,1.68,-0.80,2.48,10Y nominal Treasury par yield - 10Y TIPS par real yield,https://home.treasury.gov/resource-center/data-chart-center/interest-rates/daily-treasury-rates.csv/2021/all?type=daily_treasury_yield_curve&field_tdr_date_value=2021&page&_format=csv,https://home.treasury.gov/resource-center/data-chart-center/interest-rates/daily-treasury-rates.csv/2021/all?type=daily_treasury_real_yield_curve&field_tdr_date_value=2021&page&_format=csv
2021-05-20,1.63,-0.78,2.41,10Y nominal Treasury par yield - 10Y TIPS par real yield,https://home.treasury.gov/resource-center/data-chart-center/interest-rates/daily-treasury-rates.csv/2021/all?type=daily_treasury_yield_curve&field_tdr_date_value=2021&page&_format=csv,https://home.treasury.gov/resource-center/data-chart-center/interest-rates/daily-treasury-rates.csv/2021/all?type=daily_treasury_real_yield_curve&field_tdr_date_value=2021&page&_format=csv
2021-05-21,1.63,-0.80,2.43,10Y nominal Treasury par yield - 10Y TIPS par real yield,https://home.treasury.gov/resource-center/data-chart-center/interest-rates/daily-treasury-rates.csv/2021/all?type=daily_treasury_yield_curve&field_tdr_date_value=2021&page&_format=csv,https://home.treasury.gov/resource-center/data-chart-center/interest-rates/daily-treasury-rates.csv/2021/all?type=daily_treasury_real_yield_curve&field_tdr_date_value=2021&page&_format=csv
2021-05-24,1.61,-0.83,2.44,10Y nominal Treasury par yield - 10Y TIPS par real yield,https://home.treasury.gov/resource-center/data-chart-center/interest-rates/daily-treasury-rates.csv/2021/all?type=daily_treasury_yield_curve&field_tdr_date_value=2021&page&_format=csv,https://home.treasury.gov/resource-center/data-chart-center/interest-rates/daily-treasury-rates.csv/2021/all?type=daily_treasury_real_yield_curve&field_tdr_date_value=2021&page&_format=csv
2021-05-25,1.56,-0.86,2.42,10Y nominal Treasury par yield - 10Y TIPS par real yield,https://home.treasury.gov/resource-center/data-chart-center/interest-rates/daily-treasury-rates.csv/2021/all?type=daily_treasury_yield_curve&field_tdr_date_value=2021&page&_format=csv,https://home.treasury.gov/resource-center/data-chart-center/interest-rates/daily-treasury-rates.csv/2021/all?type=daily_treasury_real_yield_curve&field_tdr_date_value=2021&page&_format=csv
2021-05-26,1.58,-0.82,2.40,10Y nominal Treasury par yield - 10Y TIPS par real yield,https://home.treasury.gov/resource-center/data-chart-center/interest-rates/daily-treasury-rates.csv/2021/all?type=daily_treasury_yield_curve&field_tdr_date_value=2021&page&_format=csv,https://home.treasury.gov/resource-center/data-chart-center/interest-rates/daily-treasury-rates.csv/2021/all?type=daily_treasury_real_yield_curve&field_tdr_date_value=2021&page&_format=csv
2021-05-27,1.61,-0.81,2.42,10Y nominal Treasury par yield - 10Y TIPS par real yield,https://home.treasury.gov/resource-center/data-chart-center/interest-rates/daily-treasury-rates.csv/2021/all?type=daily_treasury_yield_curve&field_tdr_date_value=2021&page&_format=csv,https://home.treasury.gov/resource-center/data-chart-center/interest-rates/daily-treasury-rates.csv/2021/all?type=daily_treasury_real_yield_curve&field_tdr_date_value=2021&page&_format=csv
2021-05-28,1.58,-0.84,2.42,10Y nominal Treasury par yield - 10Y TIPS par real yield,https://home.treasury.gov/resource-center/data-chart-center/interest-rates/daily-treasury-rates.csv/2021/all?type=daily_treasury_yield_curve&field_tdr_date_value=2021&page&_format=csv,https://home.treasury.gov/resource-center/data-chart-center/interest-rates/daily-treasury-rates.csv/2021/all?type=daily_treasury_real_yield_curve&field_tdr_date_value=2021&page&_format=csv
2021-06-01,1.62,-0.84,2.46,10Y nominal Treasury par yield - 10Y TIPS par real yield,https://home.treasury.gov/resource-center/data-chart-center/interest-rates/daily-treasury-rates.csv/2021/all?type=daily_treasury_yield_curve&field_tdr_date_value=2021&page&_format=csv,https://home.treasury.gov/resource-center/data-chart-center/interest-rates/daily-treasury-rates.csv/2021/all?type=daily_treasury_real_yield_curve&field_tdr_date_value=2021&page&_format=csv
2021-06-02,1.59,-0.85,2.44,10Y nominal Treasury par yield - 10Y TIPS par real yield,https://home.treasury.gov/resource-center/data-chart-center/interest-rates/daily-treasury-rates.csv/2021/all?type=daily_treasury_yield_curve&field_tdr_date_value=2021&page&_format=csv,https://home.treasury.gov/resource-center/data-chart-center/interest-rates/daily-treasury-rates.csv/2021/all?type=daily_treasury_real_yield_curve&field_tdr_date_value=2021&page&_format=csv
2021-06-03,1.63,-0.79,2.42,10Y nominal Treasury par yield - 10Y TIPS par real yield,https://home.treasury.gov/resource-center/data-chart-center/interest-rates/daily-treasury-rates.csv/2021/all?type=daily_treasury_yield_curve&field_tdr_date_value=2021&page&_format=csv,https://home.treasury.gov/resource-center/data-chart-center/interest-rates/daily-treasury-rates.csv/2021/all?type=daily_treasury_real_yield_curve&field_tdr_date_value=2021&page&_format=csv
2021-06-04,1.56,-0.84,2.40,10Y nominal Treasury par yield - 10Y TIPS par real yield,https://home.treasury.gov/resource-center/data-chart-center/interest-rates/daily-treasury-rates.csv/2021/all?type=daily_treasury_yield_curve&field_tdr_date_value=2021&page&_format=csv,https://home.treasury.gov/resource-center/data-chart-center/interest-rates/daily-treasury-rates.csv/2021/all?type=daily_treasury_real_yield_curve&field_tdr_date_value=2021&page&_format=csv
2021-06-07,1.57,-0.82,2.39,10Y nominal Treasury par yield - 10Y TIPS par real yield,https://home.treasury.gov/resource-center/data-chart-center/interest-rates/daily-treasury-rates.csv/2021/all?type=daily_treasury_yield_curve&field_tdr_date_value=2021&page&_format=csv,https://home.treasury.gov/resource-center/data-chart-center/interest-rates/daily-treasury-rates.csv/2021/all?type=daily_treasury_real_yield_curve&field_tdr_date_value=2021&page&_format=csv
2021-06-08,1.53,-0.83,2.36,10Y nominal Treasury par yield - 10Y TIPS par real yield,https://home.treasury.gov/resource-center/data-chart-center/interest-rates/daily-treasury-rates.csv/2021/all?type=daily_treasury_yield_curve&field_tdr_date_value=2021&page&_format=csv,https://home.treasury.gov/resource-center/data-chart-center/interest-rates/daily-treasury-rates.csv/2021/all?type=daily_treasury_real_yield_curve&field_tdr_date_value=2021&page&_format=csv
2021-06-09,1.50,-0.82,2.32,10Y nominal Treasury par yield - 10Y TIPS par real yield,https://home.treasury.gov/resource-center/data-chart-center/interest-rates/daily-treasury-rates.csv/2021/all?type=daily_treasury_yield_curve&field_tdr_date_value=2021&page&_format=csv,https://home.treasury.gov/resource-center/data-chart-center/interest-rates/daily-treasury-rates.csv/2021/all?type=daily_treasury_real_yield_curve&field_tdr_date_value=2021&page&_format=csv
2021-06-10,1.45,-0.90,2.35,10Y nominal Treasury par yield - 10Y TIPS par real yield,https://home.treasury.gov/resource-center/data-chart-center/interest-rates/daily-treasury-rates.csv/2021/all?type=daily_treasury_yield_curve&field_tdr_date_value=2021&page&_format=csv,https://home.treasury.gov/resource-center/data-chart-center/interest-rates/daily-treasury-rates.csv/2021/all?type=daily_treasury_real_yield_curve&field_tdr_date_value=2021&page&_format=csv
2021-06-11,1.47,-0.85,2.32,10Y nominal Treasury par yield - 10Y TIPS par real yield,https://home.treasury.gov/resource-center/data-chart-center/interest-rates/daily-treasury-rates.csv/2021/all?type=daily_treasury_yield_curve&field_tdr_date_value=2021&page&_format=csv,https://home.treasury.gov/resource-center/data-chart-center/interest-rates/daily-treasury-rates.csv/2021/all?type=daily_treasury_real_yield_curve&field_tdr_date_value=2021&page&_format=csv
2021-06-14,1.51,-0.85,2.36,10Y nominal Treasury par yield - 10Y TIPS par real yield,https://home.treasury.gov/resource-center/data-chart-center/interest-rates/daily-treasury-rates.csv/2021/all?type=daily_treasury_yield_curve&field_tdr_date_value=2021&page&_format=csv,https://home.treasury.gov/resource-center/data-chart-center/interest-rates/daily-treasury-rates.csv/2021/all?type=daily_treasury_real_yield_curve&field_tdr_date_value=2021&page&_format=csv
2021-06-15,1.51,-0.87,2.38,10Y nominal Treasury par yield - 10Y TIPS par real yield,https://home.treasury.gov/resource-center/data-chart-center/interest-rates/daily-treasury-rates.csv/2021/all?type=daily_treasury_yield_curve&field_tdr_date_value=2021&page&_format=csv,https://home.treasury.gov/resource-center/data-chart-center/interest-rates/daily-treasury-rates.csv/2021/all?type=daily_treasury_real_yield_curve&field_tdr_date_value=2021&page&_format=csv
2021-06-16,1.57,-0.75,2.32,10Y nominal Treasury par yield - 10Y TIPS par real yield,https://home.treasury.gov/resource-center/data-chart-center/interest-rates/daily-treasury-rates.csv/2021/all?type=daily_treasury_yield_curve&field_tdr_date_value=2021&page&_format=csv,https://home.treasury.gov/resource-center/data-chart-center/interest-rates/daily-treasury-rates.csv/2021/all?type=daily_treasury_real_yield_curve&field_tdr_date_value=2021&page&_format=csv
2021-06-17,1.52,-0.75,2.27,10Y nominal Treasury par yield - 10Y TIPS par real yield,https://home.treasury.gov/resource-center/data-chart-center/interest-rates/daily-treasury-rates.csv/2021/all?type=daily_treasury_yield_curve&field_tdr_date_value=2021&page&_format=csv,https://home.treasury.gov/resource-center/data-chart-center/interest-rates/daily-treasury-rates.csv/2021/all?type=daily_treasury_real_yield_curve&field_tdr_date_value=2021&page&_format=csv
2021-06-18,1.45,-0.79,2.24,10Y nominal Treasury par yield - 10Y TIPS par real yield,https://home.treasury.gov/resource-center/data-chart-center/interest-rates/daily-treasury-rates.csv/2021/all?type=daily_treasury_yield_curve&field_tdr_date_value=2021&page&_format=csv,https://home.treasury.gov/resource-center/data-chart-center/interest-rates/daily-treasury-rates.csv/2021/all?type=daily_treasury_real_yield_curve&field_tdr_date_value=2021&page&_format=csv
2021-06-21,1.50,-0.75,2.25,10Y nominal Treasury par yield - 10Y TIPS par real yield,https://home.treasury.gov/resource-center/data-chart-center/interest-rates/daily-treasury-rates.csv/2021/all?type=daily_treasury_yield_curve&field_tdr_date_value=2021&page&_format=csv,https://home.treasury.gov/resource-center/data-chart-center/interest-rates/daily-treasury-rates.csv/2021/all?type=daily_treasury_real_yield_curve&field_tdr_date_value=2021&page&_format=csv
2021-06-22,1.48,-0.83,2.31,10Y nominal Treasury par yield - 10Y TIPS par real yield,https://home.treasury.gov/resource-center/data-chart-center/interest-rates/daily-treasury-rates.csv/2021/all?type=daily_treasury_yield_curve&field_tdr_date_value=2021&page&_format=csv,https://home.treasury.gov/resource-center/data-chart-center/interest-rates/daily-treasury-rates.csv/2021/all?type=daily_treasury_real_yield_curve&field_tdr_date_value=2021&page&_format=csv
2021-06-23,1.50,-0.84,2.34,10Y nominal Treasury par yield - 10Y TIPS par real yield,https://home.treasury.gov/resource-center/data-chart-center/interest-rates/daily-treasury-rates.csv/2021/all?type=daily_treasury_yield_curve&field_tdr_date_value=2021&page&_format=csv,https://home.treasury.gov/resource-center/data-chart-center/interest-rates/daily-treasury-rates.csv/2021/all?type=daily_treasury_real_yield_curve&field_tdr_date_value=2021&page&_format=csv
2021-06-24,1.49,-0.81,2.30,10Y nominal Treasury par yield - 10Y TIPS par real yield,https://home.treasury.gov/resource-center/data-chart-center/interest-rates/daily-treasury-rates.csv/2021/all?type=daily_treasury_yield_curve&field_tdr_date_value=2021&page&_format=csv,https://home.treasury.gov/resource-center/data-chart-center/interest-rates/daily-treasury-rates.csv/2021/all?type=daily_treasury_real_yield_curve&field_tdr_date_value=2021&page&_format=csv
2021-06-25,1.54,-0.80,2.34,10Y nominal Treasury par yield - 10Y TIPS par real yield,https://home.treasury.gov/resource-center/data-chart-center/interest-rates/daily-treasury-rates.csv/2021/all?type=daily_treasury_yield_curve&field_tdr_date_value=2021&page&_format=csv,https://home.treasury.gov/resource-center/data-chart-center/interest-rates/daily-treasury-rates.csv/2021/all?type=daily_treasury_real_yield_curve&field_tdr_date_value=2021&page&_format=csv
2021-06-28,1.49,-0.84,2.33,10Y nominal Treasury par yield - 10Y TIPS par real yield,https://home.treasury.gov/resource-center/data-chart-center/interest-rates/daily-treasury-rates.csv/2021/all?type=daily_treasury_yield_curve&field_tdr_date_value=2021&page&_format=csv,https://home.treasury.gov/resource-center/data-chart-center/interest-rates/daily-treasury-rates.csv/2021/all?type=daily_treasury_real_yield_curve&field_tdr_date_value=2021&page&_format=csv
2021-06-29,1.49,-0.83,2.32,10Y nominal Treasury par yield - 10Y TIPS par real yield,https://home.treasury.gov/resource-center/data-chart-center/interest-rates/daily-treasury-rates.csv/2021/all?type=daily_treasury_yield_curve&field_tdr_date_value=2021&page&_format=csv,https://home.treasury.gov/resource-center/data-chart-center/interest-rates/daily-treasury-rates.csv/2021/all?type=daily_treasury_real_yield_curve&field_tdr_date_value=2021&page&_format=csv
2021-06-30,1.45,-0.87,2.32,10Y nominal Treasury par yield - 10Y TIPS par real yield,https://home.treasury.gov/resource-center/data-chart-center/interest-rates/daily-treasury-rates.csv/2021/all?type=daily_treasury_yield_curve&field_tdr_date_value=2021&page&_format=csv,https://home.treasury.gov/resource-center/data-chart-center/interest-rates/daily-treasury-rates.csv/2021/all?type=daily_treasury_real_yield_curve&field_tdr_date_value=2021&page&_format=csv
2021-07-01,1.48,-0.87,2.35,10Y nominal Treasury par yield - 10Y TIPS par real yield,https://home.treasury.gov/resource-center/data-chart-center/interest-rates/daily-treasury-rates.csv/2021/all?type=daily_treasury_yield_curve&field_tdr_date_value=2021&page&_format=csv,https://home.treasury.gov/resource-center/data-chart-center/interest-rates/daily-treasury-rates.csv/2021/all?type=daily_treasury_real_yield_curve&field_tdr_date_value=2021&page&_format=csv
2021-07-02,1.44,-0.89,2.33,10Y nominal Treasury par yield - 10Y TIPS par real yield,https://home.treasury.gov/resource-center/data-chart-center/interest-rates/daily-treasury-rates.csv/2021/all?type=daily_treasury_yield_curve&field_tdr_date_value=2021&page&_format=csv,https://home.treasury.gov/resource-center/data-chart-center/interest-rates/daily-treasury-rates.csv/2021/all?type=daily_treasury_real_yield_curve&field_tdr_date_value=2021&page&_format=csv
2021-07-06,1.37,-0.94,2.31,10Y nominal Treasury par yield - 10Y TIPS par real yield,https://home.treasury.gov/resource-center/data-chart-center/interest-rates/daily-treasury-rates.csv/2021/all?type=daily_treasury_yield_curve&field_tdr_date_value=2021&page&_format=csv,https://home.treasury.gov/resource-center/data-chart-center/interest-rates/daily-treasury-rates.csv/2021/all?type=daily_treasury_real_yield_curve&field_tdr_date_value=2021&page&_format=csv
2021-07-07,1.33,-0.95,2.28,10Y nominal Treasury par yield - 10Y TIPS par real yield,https://home.treasury.gov/resource-center/data-chart-center/interest-rates/daily-treasury-rates.csv/2021/all?type=daily_treasury_yield_curve&field_tdr_date_value=2021&page&_format=csv,https://home.treasury.gov/resource-center/data-chart-center/interest-rates/daily-treasury-rates.csv/2021/all?type=daily_treasury_real_yield_curve&field_tdr_date_value=2021&page&_format=csv
2021-07-08,1.30,-0.92,2.22,10Y nominal Treasury par yield - 10Y TIPS par real yield,https://home.treasury.gov/resource-center/data-chart-center/interest-rates/daily-treasury-rates.csv/2021/all?type=daily_treasury_yield_curve&field_tdr_date_value=2021&page&_format=csv,https://home.treasury.gov/resource-center/data-chart-center/interest-rates/daily-treasury-rates.csv/2021/all?type=daily_treasury_real_yield_curve&field_tdr_date_value=2021&page&_format=csv
2021-07-09,1.37,-0.91,2.28,10Y nominal Treasury par yield - 10Y TIPS par real yield,https://home.treasury.gov/resource-center/data-chart-center/interest-rates/daily-treasury-rates.csv/2021/all?type=daily_treasury_yield_curve&field_tdr_date_value=2021&page&_format=csv,https://home.treasury.gov/resource-center/data-chart-center/interest-rates/daily-treasury-rates.csv/2021/all?type=daily_treasury_real_yield_curve&field_tdr_date_value=2021&page&_format=csv
2021-07-12,1.38,-0.95,2.33,10Y nominal Treasury par yield - 10Y TIPS par real yield,https://home.treasury.gov/resource-center/data-chart-center/interest-rates/daily-treasury-rates.csv/2021/all?type=daily_treasury_yield_curve&field_tdr_date_value=2021&page&_format=csv,https://home.treasury.gov/resource-center/data-chart-center/interest-rates/daily-treasury-rates.csv/2021/all?type=daily_treasury_real_yield_curve&field_tdr_date_value=2021&page&_format=csv
2021-07-13,1.42,-0.94,2.36,10Y nominal Treasury par yield - 10Y TIPS par real yield,https://home.treasury.gov/resource-center/data-chart-center/interest-rates/daily-treasury-rates.csv/2021/all?type=daily_treasury_yield_curve&field_tdr_date_value=2021&page&_format=csv,https://home.treasury.gov/resource-center/data-chart-center/interest-rates/daily-treasury-rates.csv/2021/all?type=daily_treasury_real_yield_curve&field_tdr_date_value=2021&page&_format=csv
2021-07-14,1.37,-0.97,2.34,10Y nominal Treasury par yield - 10Y TIPS par real yield,https://home.treasury.gov/resource-center/data-chart-center/interest-rates/daily-treasury-rates.csv/2021/all?type=daily_treasury_yield_curve&field_tdr_date_value=2021&page&_format=csv,https://home.treasury.gov/resource-center/data-chart-center/interest-rates/daily-treasury-rates.csv/2021/all?type=daily_treasury_real_yield_curve&field_tdr_date_value=2021&page&_format=csv
2021-07-15,1.31,-1.01,2.32,10Y nominal Treasury par yield - 10Y TIPS par real yield,https://home.treasury.gov/resource-center/data-chart-center/interest-rates/daily-treasury-rates.csv/2021/all?type=daily_treasury_yield_curve&field_tdr_date_value=2021&page&_format=csv,https://home.treasury.gov/resource-center/data-chart-center/interest-rates/daily-treasury-rates.csv/2021/all?type=daily_treasury_real_yield_curve&field_tdr_date_value=2021&page&_format=csv
2021-07-16,1.31,-1.02,2.33,10Y nominal Treasury par yield - 10Y TIPS par real yield,https://home.treasury.gov/resource-center/data-chart-center/interest-rates/daily-treasury-rates.csv/2021/all?type=daily_treasury_yield_curve&field_tdr_date_value=2021&page&_format=csv,https://home.treasury.gov/resource-center/data-chart-center/interest-rates/daily-treasury-rates.csv/2021/all?type=daily_treasury_real_yield_curve&field_tdr_date_value=2021&page&_format=csv
2021-07-19,1.19,-1.05,2.24,10Y nominal Treasury par yield - 10Y TIPS par real yield,https://home.treasury.gov/resource-center/data-chart-center/interest-rates/daily-treasury-rates.csv/2021/all?type=daily_treasury_yield_curve&field_tdr_date_value=2021&page&_format=csv,https://home.treasury.gov/resource-center/data-chart-center/interest-rates/daily-treasury-rates.csv/2021/all?type=daily_treasury_real_yield_curve&field_tdr_date_value=2021&page&_format=csv
2021-07-20,1.23,-1.03,2.26,10Y nominal Treasury par yield - 10Y TIPS par real yield,https://home.treasury.gov/resource-center/data-chart-center/interest-rates/daily-treasury-rates.csv/2021/all?type=daily_treasury_yield_curve&field_tdr_date_value=2021&page&_format=csv,https://home.treasury.gov/resource-center/data-chart-center/interest-rates/daily-treasury-rates.csv/2021/all?type=daily_treasury_real_yield_curve&field_tdr_date_value=2021&page&_format=csv
2021-07-21,1.30,-0.98,2.28,10Y nominal Treasury par yield - 10Y TIPS par real yield,https://home.treasury.gov/resource-center/data-chart-center/interest-rates/daily-treasury-rates.csv/2021/all?type=daily_treasury_yield_curve&field_tdr_date_value=2021&page&_format=csv,https://home.treasury.gov/resource-center/data-chart-center/interest-rates/daily-treasury-rates.csv/2021/all?type=daily_treasury_real_yield_curve&field_tdr_date_value=2021&page&_format=csv
2021-07-22,1.27,-1.01,2.28,10Y nominal Treasury par yield - 10Y TIPS par real yield,https://home.treasury.gov/resource-center/data-chart-center/interest-rates/daily-treasury-rates.csv/2021/all?type=daily_treasury_yield_curve&field_tdr_date_value=2021&page&_format=csv,https://home.treasury.gov/resource-center/data-chart-center/interest-rates/daily-treasury-rates.csv/2021/all?type=daily_treasury_real_yield_curve&field_tdr_date_value=2021&page&_format=csv
2021-07-23,1.30,-1.05,2.35,10Y nominal Treasury par yield - 10Y TIPS par real yield,https://home.treasury.gov/resource-center/data-chart-center/interest-rates/daily-treasury-rates.csv/2021/all?type=daily_treasury_yield_curve&field_tdr_date_value=2021&page&_format=csv,https://home.treasury.gov/resource-center/data-chart-center/interest-rates/daily-treasury-rates.csv/2021/all?type=daily_treasury_real_yield_curve&field_tdr_date_value=2021&page&_format=csv
2021-07-26,1.29,-1.11,2.40,10Y nominal Treasury par yield - 10Y TIPS par real yield,https://home.treasury.gov/resource-center/data-chart-center/interest-rates/daily-treasury-rates.csv/2021/all?type=daily_treasury_yield_curve&field_tdr_date_value=2021&page&_format=csv,https://home.treasury.gov/resource-center/data-chart-center/interest-rates/daily-treasury-rates.csv/2021/all?type=daily_treasury_real_yield_curve&field_tdr_date_value=2021&page&_format=csv
2021-07-27,1.25,-1.13,2.38,10Y nominal Treasury par yield - 10Y TIPS par real yield,https://home.treasury.gov/resource-center/data-chart-center/interest-rates/daily-treasury-rates.csv/2021/all?type=daily_treasury_yield_curve&field_tdr_date_value=2021&page&_format=csv,https://home.treasury.gov/resource-center/data-chart-center/interest-rates/daily-treasury-rates.csv/2021/all?type=daily_treasury_real_yield_curve&field_tdr_date_value=2021&page&_format=csv
2021-07-28,1.26,-1.15,2.41,10Y nominal Treasury par yield - 10Y TIPS par real yield,https://home.treasury.gov/resource-center/data-chart-center/interest-rates/daily-treasury-rates.csv/2021/all?type=daily_treasury_yield_curve&field_tdr_date_value=2021&page&_format=csv,https://home.treasury.gov/resource-center/data-chart-center/interest-rates/daily-treasury-rates.csv/2021/all?type=daily_treasury_real_yield_curve&field_tdr_date_value=2021&page&_format=csv
2021-07-29,1.28,-1.15,2.43,10Y nominal Treasury par yield - 10Y TIPS par real yield,https://home.treasury.gov/resource-center/data-chart-center/interest-rates/daily-treasury-rates.csv/2021/all?type=daily_treasury_yield_curve&field_tdr_date_value=2021&page&_format=csv,https://home.treasury.gov/resource-center/data-chart-center/interest-rates/daily-treasury-rates.csv/2021/all?type=daily_treasury_real_yield_curve&field_tdr_date_value=2021&page&_format=csv
2021-07-30,1.24,-1.16,2.40,10Y nominal Treasury par yield - 10Y TIPS par real yield,https://home.treasury.gov/resource-center/data-chart-center/interest-rates/daily-treasury-rates.csv/2021/all?type=daily_treasury_yield_curve&field_tdr_date_value=2021&page&_format=csv,https://home.treasury.gov/resource-center/data-chart-center/interest-rates/daily-treasury-rates.csv/2021/all?type=daily_treasury_real_yield_curve&field_tdr_date_value=2021&page&_format=csv
2021-08-02,1.20,-1.17,2.37,10Y nominal Treasury par yield - 10Y TIPS par real yield,https://home.treasury.gov/resource-center/data-chart-center/interest-rates/daily-treasury-rates.csv/2021/all?type=daily_treasury_yield_curve&field_tdr_date_value=2021&page&_format=csv,https://home.treasury.gov/resource-center/data-chart-center/interest-rates/daily-treasury-rates.csv/2021/all?type=daily_treasury_real_yield_curve&field_tdr_date_value=2021&page&_format=csv
2021-08-03,1.19,-1.19,2.38,10Y nominal Treasury par yield - 10Y TIPS par real yield,https://home.treasury.gov/resource-center/data-chart-center/interest-rates/daily-treasury-rates.csv/2021/all?type=daily_treasury_yield_curve&field_tdr_date_value=2021&page&_format=csv,https://home.treasury.gov/resource-center/data-chart-center/interest-rates/daily-treasury-rates.csv/2021/all?type=daily_treasury_real_yield_curve&field_tdr_date_value=2021&page&_format=csv
2021-08-04,1.19,-1.16,2.35,10Y nominal Treasury par yield - 10Y TIPS par real yield,https://home.treasury.gov/resource-center/data-chart-center/interest-rates/daily-treasury-rates.csv/2021/all?type=daily_treasury_yield_curve&field_tdr_date_value=2021&page&_format=csv,https://home.treasury.gov/resource-center/data-chart-center/interest-rates/daily-treasury-rates.csv/2021/all?type=daily_treasury_real_yield_curve&field_tdr_date_value=2021&page&_format=csv
2021-08-05,1.23,-1.10,2.33,10Y nominal Treasury par yield - 10Y TIPS par real yield,https://home.treasury.gov/resource-center/data-chart-center/interest-rates/daily-treasury-rates.csv/2021/all?type=daily_treasury_yield_curve&field_tdr_date_value=2021&page&_format=csv,https://home.treasury.gov/resource-center/data-chart-center/interest-rates/daily-treasury-rates.csv/2021/all?type=daily_treasury_real_yield_curve&field_tdr_date_value=2021&page&_format=csv
2021-08-06,1.31,-1.06,2.37,10Y nominal Treasury par yield - 10Y TIPS par real yield,https://home.treasury.gov/resource-center/data-chart-center/interest-rates/daily-treasury-rates.csv/2021/all?type=daily_treasury_yield_curve&field_tdr_date_value=2021&page&_format=csv,https://home.treasury.gov/resource-center/data-chart-center/interest-rates/daily-treasury-rates.csv/2021/all?type=daily_treasury_real_yield_curve&field_tdr_date_value=2021&page&_format=csv
2021-08-09,1.33,-1.04,2.37,10Y nominal Treasury par yield - 10Y TIPS par real yield,https://home.treasury.gov/resource-center/data-chart-center/interest-rates/daily-treasury-rates.csv/2021/all?type=daily_treasury_yield_curve&field_tdr_date_value=2021&page&_format=csv,https://home.treasury.gov/resource-center/data-chart-center/interest-rates/daily-treasury-rates.csv/2021/all?type=daily_treasury_real_yield_curve&field_tdr_date_value=2021&page&_format=csv
2021-08-10,1.36,-1.04,2.40,10Y nominal Treasury par yield - 10Y TIPS par real yield,https://home.treasury.gov/resource-center/data-chart-center/interest-rates/daily-treasury-rates.csv/2021/all?type=daily_treasury_yield_curve&field_tdr_date_value=2021&page&_format=csv,https://home.treasury.gov/resource-center/data-chart-center/interest-rates/daily-treasury-rates.csv/2021/all?type=daily_treasury_real_yield_curve&field_tdr_date_value=2021&page&_format=csv
2021-08-11,1.35,-1.07,2.42,10Y nominal Treasury par yield - 10Y TIPS par real yield,https://home.treasury.gov/resource-center/data-chart-center/interest-rates/daily-treasury-rates.csv/2021/all?type=daily_treasury_yield_curve&field_tdr_date_value=2021&page&_format=csv,https://home.treasury.gov/resource-center/data-chart-center/interest-rates/daily-treasury-rates.csv/2021/all?type=daily_treasury_real_yield_curve&field_tdr_date_value=2021&page&_format=csv
2021-08-12,1.36,-1.05,2.41,10Y nominal Treasury par yield - 10Y TIPS par real yield,https://home.treasury.gov/resource-center/data-chart-center/interest-rates/daily-treasury-rates.csv/2021/all?type=daily_treasury_yield_curve&field_tdr_date_value=2021&page&_format=csv,https://home.treasury.gov/resource-center/data-chart-center/interest-rates/daily-treasury-rates.csv/2021/all?type=daily_treasury_real_yield_curve&field_tdr_date_value=2021&page&_format=csv
2021-08-13,1.29,-1.08,2.37,10Y nominal Treasury par yield - 10Y TIPS par real yield,https://home.treasury.gov/resource-center/data-chart-center/interest-rates/daily-treasury-rates.csv/2021/all?type=daily_treasury_yield_curve&field_tdr_date_value=2021&page&_format=csv,https://home.treasury.gov/resource-center/data-chart-center/interest-rates/daily-treasury-rates.csv/2021/all?type=daily_treasury_real_yield_curve&field_tdr_date_value=2021&page&_format=csv
2021-08-16,1.26,-1.10,2.36,10Y nominal Treasury par yield - 10Y TIPS par real yield,https://home.treasury.gov/resource-center/data-chart-center/interest-rates/daily-treasury-rates.csv/2021/all?type=daily_treasury_yield_curve&field_tdr_date_value=2021&page&_format=csv,https://home.treasury.gov/resource-center/data-chart-center/interest-rates/daily-treasury-rates.csv/2021/all?type=daily_treasury_real_yield_curve&field_tdr_date_value=2021&page&_format=csv
2021-08-17,1.26,-1.07,2.33,10Y nominal Treasury par yield - 10Y TIPS par real yield,https://home.treasury.gov/resource-center/data-chart-center/interest-rates/daily-treasury-rates.csv/2021/all?type=daily_treasury_yield_curve&field_tdr_date_value=2021&page&_format=csv,https://home.treasury.gov/resource-center/data-chart-center/interest-rates/daily-treasury-rates.csv/2021/all?type=daily_treasury_real_yield_curve&field_tdr_date_value=2021&page&_format=csv
2021-08-18,1.27,-1.05,2.32,10Y nominal Treasury par yield - 10Y TIPS par real yield,https://home.treasury.gov/resource-center/data-chart-center/interest-rates/daily-treasury-rates.csv/2021/all?type=daily_treasury_yield_curve&field_tdr_date_value=2021&page&_format=csv,https://home.treasury.gov/resource-center/data-chart-center/interest-rates/daily-treasury-rates.csv/2021/all?type=daily_treasury_real_yield_curve&field_tdr_date_value=2021&page&_format=csv
2021-08-19,1.24,-1.04,2.28,10Y nominal Treasury par yield - 10Y TIPS par real yield,https://home.treasury.gov/resource-center/data-chart-center/interest-rates/daily-treasury-rates.csv/2021/all?type=daily_treasury_yield_curve&field_tdr_date_value=2021&page&_format=csv,https://home.treasury.gov/resource-center/data-chart-center/interest-rates/daily-treasury-rates.csv/2021/all?type=daily_treasury_real_yield_curve&field_tdr_date_value=2021&page&_format=csv
2021-08-20,1.26,-1.01,2.27,10Y nominal Treasury par yield - 10Y TIPS par real yield,https://home.treasury.gov/resource-center/data-chart-center/interest-rates/daily-treasury-rates.csv/2021/all?type=daily_treasury_yield_curve&field_tdr_date_value=2021&page&_format=csv,https://home.treasury.gov/resource-center/data-chart-center/interest-rates/daily-treasury-rates.csv/2021/all?type=daily_treasury_real_yield_curve&field_tdr_date_value=2021&page&_format=csv
2021-08-23,1.25,-1.02,2.27,10Y nominal Treasury par yield - 10Y TIPS par real yield,https://home.treasury.gov/resource-center/data-chart-center/interest-rates/daily-treasury-rates.csv/2021/all?type=daily_treasury_yield_curve&field_tdr_date_value=2021&page&_format=csv,https://home.treasury.gov/resource-center/data-chart-center/interest-rates/daily-treasury-rates.csv/2021/all?type=daily_treasury_real_yield_curve&field_tdr_date_value=2021&page&_format=csv
2021-08-24,1.29,-1.01,2.30,10Y nominal Treasury par yield - 10Y TIPS par real yield,https://home.treasury.gov/resource-center/data-chart-center/interest-rates/daily-treasury-rates.csv/2021/all?type=daily_treasury_yield_curve&field_tdr_date_value=2021&page&_format=csv,https://home.treasury.gov/resource-center/data-chart-center/interest-rates/daily-treasury-rates.csv/2021/all?type=daily_treasury_real_yield_curve&field_tdr_date_value=2021&page&_format=csv
2021-08-25,1.35,-1.00,2.35,10Y nominal Treasury par yield - 10Y TIPS par real yield,https://home.treasury.gov/resource-center/data-chart-center/interest-rates/daily-treasury-rates.csv/2021/all?type=daily_treasury_yield_curve&field_tdr_date_value=2021&page&_format=csv,https://home.treasury.gov/resource-center/data-chart-center/interest-rates/daily-treasury-rates.csv/2021/all?type=daily_treasury_real_yield_curve&field_tdr_date_value=2021&page&_format=csv
2021-08-26,1.34,-0.99,2.33,10Y nominal Treasury par yield - 10Y TIPS par real yield,https://home.treasury.gov/resource-center/data-chart-center/interest-rates/daily-treasury-rates.csv/2021/all?type=daily_treasury_yield_curve&field_tdr_date_value=2021&page&_format=csv,https://home.treasury.gov/resource-center/data-chart-center/interest-rates/daily-treasury-rates.csv/2021/all?type=daily_treasury_real_yield_curve&field_tdr_date_value=2021&page&_format=csv
2021-08-27,1.31,-1.08,2.39,10Y nominal Treasury par yield - 10Y TIPS par real yield,https://home.treasury.gov/resource-center/data-chart-center/interest-rates/daily-treasury-rates.csv/2021/all?type=daily_treasury_yield_curve&field_tdr_date_value=2021&page&_format=csv,https://home.treasury.gov/resource-center/data-chart-center/interest-rates/daily-treasury-rates.csv/2021/all?type=daily_treasury_real_yield_curve&field_tdr_date_value=2021&page&_format=csv
2021-08-30,1.29,-1.08,2.37,10Y nominal Treasury par yield - 10Y TIPS par real yield,https://home.treasury.gov/resource-center/data-chart-center/interest-rates/daily-treasury-rates.csv/2021/all?type=daily_treasury_yield_curve&field_tdr_date_value=2021&page&_format=csv,https://home.treasury.gov/resource-center/data-chart-center/interest-rates/daily-treasury-rates.csv/2021/all?type=daily_treasury_real_yield_curve&field_tdr_date_value=2021&page&_format=csv
2021-08-31,1.30,-1.03,2.33,10Y nominal Treasury par yield - 10Y TIPS par real yield,https://home.treasury.gov/resource-center/data-chart-center/interest-rates/daily-treasury-rates.csv/2021/all?type=daily_treasury_yield_curve&field_tdr_date_value=2021&page&_format=csv,https://home.treasury.gov/resource-center/data-chart-center/interest-rates/daily-treasury-rates.csv/2021/all?type=daily_treasury_real_yield_curve&field_tdr_date_value=2021&page&_format=csv
2021-09-01,1.31,-1.03,2.34,10Y nominal Treasury par yield - 10Y TIPS par real yield,https://home.treasury.gov/resource-center/data-chart-center/interest-rates/daily-treasury-rates.csv/2021/all?type=daily_treasury_yield_curve&field_tdr_date_value=2021&page&_format=csv,https://home.treasury.gov/resource-center/data-chart-center/interest-rates/daily-treasury-rates.csv/2021/all?type=daily_treasury_real_yield_curve&field_tdr_date_value=2021&page&_format=csv
2021-09-02,1.29,-1.03,2.32,10Y nominal Treasury par yield - 10Y TIPS par real yield,https://home.treasury.gov/resource-center/data-chart-center/interest-rates/daily-treasury-rates.csv/2021/all?type=daily_treasury_yield_curve&field_tdr_date_value=2021&page&_format=csv,https://home.treasury.gov/resource-center/data-chart-center/interest-rates/daily-treasury-rates.csv/2021/all?type=daily_treasury_real_yield_curve&field_tdr_date_value=2021&page&_format=csv
2021-09-03,1.33,-1.01,2.34,10Y nominal Treasury par yield - 10Y TIPS par real yield,https://home.treasury.gov/resource-center/data-chart-center/interest-rates/daily-treasury-rates.csv/2021/all?type=daily_treasury_yield_curve&field_tdr_date_value=2021&page&_format=csv,https://home.treasury.gov/resource-center/data-chart-center/interest-rates/daily-treasury-rates.csv/2021/all?type=daily_treasury_real_yield_curve&field_tdr_date_value=2021&page&_format=csv
2021-09-07,1.38,-0.98,2.36,10Y nominal Treasury par yield - 10Y TIPS par real yield,https://home.treasury.gov/resource-center/data-chart-center/interest-rates/daily-treasury-rates.csv/2021/all?type=daily_treasury_yield_curve&field_tdr_date_value=2021&page&_format=csv,https://home.treasury.gov/resource-center/data-chart-center/interest-rates/daily-treasury-rates.csv/2021/all?type=daily_treasury_real_yield_curve&field_tdr_date_value=2021&page&_format=csv
2021-09-08,1.35,-1.03,2.38,10Y nominal Treasury par yield - 10Y TIPS par real yield,https://home.treasury.gov/resource-center/data-chart-center/interest-rates/daily-treasury-rates.csv/2021/all?type=daily_treasury_yield_curve&field_tdr_date_value=2021&page&_format=csv,https://home.treasury.gov/resource-center/data-chart-center/interest-rates/daily-treasury-rates.csv/2021/all?type=daily_treasury_real_yield_curve&field_tdr_date_value=2021&page&_format=csv
2021-09-09,1.30,-1.08,2.38,10Y nominal Treasury par yield - 10Y TIPS par real yield,https://home.treasury.gov/resource-center/data-chart-center/interest-rates/daily-treasury-rates.csv/2021/all?type=daily_treasury_yield_curve&field_tdr_date_value=2021&page&_format=csv,https://home.treasury.gov/resource-center/data-chart-center/interest-rates/daily-treasury-rates.csv/2021/all?type=daily_treasury_real_yield_curve&field_tdr_date_value=2021&page&_format=csv
2021-09-10,1.35,-1.05,2.40,10Y nominal Treasury par yield - 10Y TIPS par real yield,https://home.treasury.gov/resource-center/data-chart-center/interest-rates/daily-treasury-rates.csv/2021/all?type=daily_treasury_yield_curve&field_tdr_date_value=2021&page&_format=csv,https://home.treasury.gov/resource-center/data-chart-center/interest-rates/daily-treasury-rates.csv/2021/all?type=daily_treasury_real_yield_curve&field_tdr_date_value=2021&page&_format=csv
2021-09-13,1.33,-1.04,2.37,10Y nominal Treasury par yield - 10Y TIPS par real yield,https://home.treasury.gov/resource-center/data-chart-center/interest-rates/daily-treasury-rates.csv/2021/all?type=daily_treasury_yield_curve&field_tdr_date_value=2021&page&_format=csv,https://home.treasury.gov/resource-center/data-chart-center/interest-rates/daily-treasury-rates.csv/2021/all?type=daily_treasury_real_yield_curve&field_tdr_date_value=2021&page&_format=csv
2021-09-14,1.28,-1.05,2.33,10Y nominal Treasury par yield - 10Y TIPS par real yield,https://home.treasury.gov/resource-center/data-chart-center/interest-rates/daily-treasury-rates.csv/2021/all?type=daily_treasury_yield_curve&field_tdr_date_value=2021&page&_format=csv,https://home.treasury.gov/resource-center/data-chart-center/interest-rates/daily-treasury-rates.csv/2021/all?type=daily_treasury_real_yield_curve&field_tdr_date_value=2021&page&_format=csv
2021-09-15,1.31,-1.04,2.35,10Y nominal Treasury par yield - 10Y TIPS par real yield,https://home.treasury.gov/resource-center/data-chart-center/interest-rates/daily-treasury-rates.csv/2021/all?type=daily_treasury_yield_curve&field_tdr_date_value=2021&page&_format=csv,https://home.treasury.gov/resource-center/data-chart-center/interest-rates/daily-treasury-rates.csv/2021/all?type=daily_treasury_real_yield_curve&field_tdr_date_value=2021&page&_format=csv
2021-09-16,1.34,-1.01,2.35,10Y nominal Treasury par yield - 10Y TIPS par real yield,https://home.treasury.gov/resource-center/data-chart-center/interest-rates/daily-treasury-rates.csv/2021/all?type=daily_treasury_yield_curve&field_tdr_date_value=2021&page&_format=csv,https://home.treasury.gov/resource-center/data-chart-center/interest-rates/daily-treasury-rates.csv/2021/all?type=daily_treasury_real_yield_curve&field_tdr_date_value=2021&page&_format=csv
2021-09-17,1.37,-0.96,2.33,10Y nominal Treasury par yield - 10Y TIPS par real yield,https://home.treasury.gov/resource-center/data-chart-center/interest-rates/daily-treasury-rates.csv/2021/all?type=daily_treasury_yield_curve&field_tdr_date_value=2021&page&_format=csv,https://home.treasury.gov/resource-center/data-chart-center/interest-rates/daily-treasury-rates.csv/2021/all?type=daily_treasury_real_yield_curve&field_tdr_date_value=2021&page&_format=csv
2021-09-20,1.31,-0.98,2.29,10Y nominal Treasury par yield - 10Y TIPS par real yield,https://home.treasury.gov/resource-center/data-chart-center/interest-rates/daily-treasury-rates.csv/2021/all?type=daily_treasury_yield_curve&field_tdr_date_value=2021&page&_format=csv,https://home.treasury.gov/resource-center/data-chart-center/interest-rates/daily-treasury-rates.csv/2021/all?type=daily_treasury_real_yield_curve&field_tdr_date_value=2021&page&_format=csv
2021-09-21,1.33,-0.96,2.29,10Y nominal Treasury par yield - 10Y TIPS par real yield,https://home.treasury.gov/resource-center/data-chart-center/interest-rates/daily-treasury-rates.csv/2021/all?type=daily_treasury_yield_curve&field_tdr_date_value=2021&page&_format=csv,https://home.treasury.gov/resource-center/data-chart-center/interest-rates/daily-treasury-rates.csv/2021/all?type=daily_treasury_real_yield_curve&field_tdr_date_value=2021&page&_format=csv
2021-09-22,1.32,-0.96,2.28,10Y nominal Treasury par yield - 10Y TIPS par real yield,https://home.treasury.gov/resource-center/data-chart-center/interest-rates/daily-treasury-rates.csv/2021/all?type=daily_treasury_yield_curve&field_tdr_date_value=2021&page&_format=csv,https://home.treasury.gov/resource-center/data-chart-center/interest-rates/daily-treasury-rates.csv/2021/all?type=daily_treasury_real_yield_curve&field_tdr_date_value=2021&page&_format=csv
2021-09-23,1.41,-0.90,2.31,10Y nominal Treasury par yield - 10Y TIPS par real yield,https://home.treasury.gov/resource-center/data-chart-center/interest-rates/daily-treasury-rates.csv/2021/all?type=daily_treasury_yield_curve&field_tdr_date_value=2021&page&_format=csv,https://home.treasury.gov/resource-center/data-chart-center/interest-rates/daily-treasury-rates.csv/2021/all?type=daily_treasury_real_yield_curve&field_tdr_date_value=2021&page&_format=csv
2021-09-24,1.47,-0.87,2.34,10Y nominal Treasury par yield - 10Y TIPS par real yield,https://home.treasury.gov/resource-center/data-chart-center/interest-rates/daily-treasury-rates.csv/2021/all?type=daily_treasury_yield_curve&field_tdr_date_value=2021&page&_format=csv,https://home.treasury.gov/resource-center/data-chart-center/interest-rates/daily-treasury-rates.csv/2021/all?type=daily_treasury_real_yield_curve&field_tdr_date_value=2021&page&_format=csv
2021-09-27,1.48,-0.87,2.35,10Y nominal Treasury par yield - 10Y TIPS par real yield,https://home.treasury.gov/resource-center/data-chart-center/interest-rates/daily-treasury-rates.csv/2021/all?type=daily_treasury_yield_curve&field_tdr_date_value=2021&page&_format=csv,https://home.treasury.gov/resource-center/data-chart-center/interest-rates/daily-treasury-rates.csv/2021/all?type=daily_treasury_real_yield_curve&field_tdr_date_value=2021&page&_format=csv
2021-09-28,1.54,-0.84,2.38,10Y nominal Treasury par yield - 10Y TIPS par real yield,https://home.treasury.gov/resource-center/data-chart-center/interest-rates/daily-treasury-rates.csv/2021/all?type=daily_treasury_yield_curve&field_tdr_date_value=2021&page&_format=csv,https://home.treasury.gov/resource-center/data-chart-center/interest-rates/daily-treasury-rates.csv/2021/all?type=daily_treasury_real_yield_curve&field_tdr_date_value=2021&page&_format=csv
2021-09-29,1.55,-0.82,2.37,10Y nominal Treasury par yield - 10Y TIPS par real yield,https://home.treasury.gov/resource-center/data-chart-center/interest-rates/daily-treasury-rates.csv/2021/all?type=daily_treasury_yield_curve&field_tdr_date_value=2021&page&_format=csv,https://home.treasury.gov/resource-center/data-chart-center/interest-rates/daily-treasury-rates.csv/2021/all?type=daily_treasury_real_yield_curve&field_tdr_date_value=2021&page&_format=csv
2021-09-30,1.52,-0.85,2.37,10Y nominal Treasury par yield - 10Y TIPS par real yield,https://home.treasury.gov/resource-center/data-chart-center/interest-rates/daily-treasury-rates.csv/2021/all?type=daily_treasury_yield_curve&field_tdr_date_value=2021&page&_format=csv,https://home.treasury.gov/resource-center/data-chart-center/interest-rates/daily-treasury-rates.csv/2021/all?type=daily_treasury_real_yield_curve&field_tdr_date_value=2021&page&_format=csv
2021-10-01,1.48,-0.90,2.38,10Y nominal Treasury par yield - 10Y TIPS par real yield,https://home.treasury.gov/resource-center/data-chart-center/interest-rates/daily-treasury-rates.csv/2021/all?type=daily_treasury_yield_curve&field_tdr_date_value=2021&page&_format=csv,https://home.treasury.gov/resource-center/data-chart-center/interest-rates/daily-treasury-rates.csv/2021/all?type=daily_treasury_real_yield_curve&field_tdr_date_value=2021&page&_format=csv
2021-10-04,1.49,-0.89,2.38,10Y nominal Treasury par yield - 10Y TIPS par real yield,https://home.treasury.gov/resource-center/data-chart-center/interest-rates/daily-treasury-rates.csv/2021/all?type=daily_treasury_yield_curve&field_tdr_date_value=2021&page&_format=csv,https://home.treasury.gov/resource-center/data-chart-center/interest-rates/daily-treasury-rates.csv/2021/all?type=daily_treasury_real_yield_curve&field_tdr_date_value=2021&page&_format=csv
2021-10-05,1.54,-0.91,2.45,10Y nominal Treasury par yield - 10Y TIPS par real yield,https://home.treasury.gov/resource-center/data-chart-center/interest-rates/daily-treasury-rates.csv/2021/all?type=daily_treasury_yield_curve&field_tdr_date_value=2021&page&_format=csv,https://home.treasury.gov/resource-center/data-chart-center/interest-rates/daily-treasury-rates.csv/2021/all?type=daily_treasury_real_yield_curve&field_tdr_date_value=2021&page&_format=csv
2021-10-06,1.53,-0.90,2.43,10Y nominal Treasury par yield - 10Y TIPS par real yield,https://home.treasury.gov/resource-center/data-chart-center/interest-rates/daily-treasury-rates.csv/2021/all?type=daily_treasury_yield_curve&field_tdr_date_value=2021&page&_format=csv,https://home.treasury.gov/resource-center/data-chart-center/interest-rates/daily-treasury-rates.csv/2021/all?type=daily_treasury_real_yield_curve&field_tdr_date_value=2021&page&_format=csv
2021-10-07,1.58,-0.88,2.46,10Y nominal Treasury par yield - 10Y TIPS par real yield,https://home.treasury.gov/resource-center/data-chart-center/interest-rates/daily-treasury-rates.csv/2021/all?type=daily_treasury_yield_curve&field_tdr_date_value=2021&page&_format=csv,https://home.treasury.gov/resource-center/data-chart-center/interest-rates/daily-treasury-rates.csv/2021/all?type=daily_treasury_real_yield_curve&field_tdr_date_value=2021&page&_format=csv
2021-10-08,1.61,-0.89,2.50,10Y nominal Treasury par yield - 10Y TIPS par real yield,https://home.treasury.gov/resource-center/data-chart-center/interest-rates/daily-treasury-rates.csv/2021/all?type=daily_treasury_yield_curve&field_tdr_date_value=2021&page&_format=csv,https://home.treasury.gov/resource-center/data-chart-center/interest-rates/daily-treasury-rates.csv/2021/all?type=daily_treasury_real_yield_curve&field_tdr_date_value=2021&page&_format=csv
2021-10-12,1.59,-0.90,2.49,10Y nominal Treasury par yield - 10Y TIPS par real yield,https://home.treasury.gov/resource-center/data-chart-center/interest-rates/daily-treasury-rates.csv/2021/all?type=daily_treasury_yield_curve&field_tdr_date_value=2021&page&_format=csv,https://home.treasury.gov/resource-center/data-chart-center/interest-rates/daily-treasury-rates.csv/2021/all?type=daily_treasury_real_yield_curve&field_tdr_date_value=2021&page&_format=csv
2021-10-13,1.56,-0.96,2.52,10Y nominal Treasury par yield - 10Y TIPS par real yield,https://home.treasury.gov/resource-center/data-chart-center/interest-rates/daily-treasury-rates.csv/2021/all?type=daily_treasury_yield_curve&field_tdr_date_value=2021&page&_format=csv,https://home.treasury.gov/resource-center/data-chart-center/interest-rates/daily-treasury-rates.csv/2021/all?type=daily_treasury_real_yield_curve&field_tdr_date_value=2021&page&_format=csv
2021-10-14,1.52,-1.00,2.52,10Y nominal Treasury par yield - 10Y TIPS par real yield,https://home.treasury.gov/resource-center/data-chart-center/interest-rates/daily-treasury-rates.csv/2021/all?type=daily_treasury_yield_curve&field_tdr_date_value=2021&page&_format=csv,https://home.treasury.gov/resource-center/data-chart-center/interest-rates/daily-treasury-rates.csv/2021/all?type=daily_treasury_real_yield_curve&field_tdr_date_value=2021&page&_format=csv
2021-10-15,1.59,-0.97,2.56,10Y nominal Treasury par yield - 10Y TIPS par real yield,https://home.treasury.gov/resource-center/data-chart-center/interest-rates/daily-treasury-rates.csv/2021/all?type=daily_treasury_yield_curve&field_tdr_date_value=2021&page&_format=csv,https://home.treasury.gov/resource-center/data-chart-center/interest-rates/daily-treasury-rates.csv/2021/all?type=daily_treasury_real_yield_curve&field_tdr_date_value=2021&page&_format=csv
2021-10-18,1.59,-0.95,2.54,10Y nominal Treasury par yield - 10Y TIPS par real yield,https://home.treasury.gov/resource-center/data-chart-center/interest-rates/daily-treasury-rates.csv/2021/all?type=daily_treasury_yield_curve&field_tdr_date_value=2021&page&_format=csv,https://home.treasury.gov/resource-center/data-chart-center/interest-rates/daily-treasury-rates.csv/2021/all?type=daily_treasury_real_yield_curve&field_tdr_date_value=2021&page&_format=csv
2021-10-19,1.65,-0.89,2.54,10Y nominal Treasury par yield - 10Y TIPS par real yield,https://home.treasury.gov/resource-center/data-chart-center/interest-rates/daily-treasury-rates.csv/2021/all?type=daily_treasury_yield_curve&field_tdr_date_value=2021&page&_format=csv,https://home.treasury.gov/resource-center/data-chart-center/interest-rates/daily-treasury-rates.csv/2021/all?type=daily_treasury_real_yield_curve&field_tdr_date_value=2021&page&_format=csv
2021-10-20,1.65,-0.92,2.57,10Y nominal Treasury par yield - 10Y TIPS par real yield,https://home.treasury.gov/resource-center/data-chart-center/interest-rates/daily-treasury-rates.csv/2021/all?type=daily_treasury_yield_curve&field_tdr_date_value=2021&page&_format=csv,https://home.treasury.gov/resource-center/data-chart-center/interest-rates/daily-treasury-rates.csv/2021/all?type=daily_treasury_real_yield_curve&field_tdr_date_value=2021&page&_format=csv
2021-10-21,1.68,-0.96,2.64,10Y nominal Treasury par yield - 10Y TIPS par real yield,https://home.treasury.gov/resource-center/data-chart-center/interest-rates/daily-treasury-rates.csv/2021/all?type=daily_treasury_yield_curve&field_tdr_date_value=2021&page&_format=csv,https://home.treasury.gov/resource-center/data-chart-center/interest-rates/daily-treasury-rates.csv/2021/all?type=daily_treasury_real_yield_curve&field_tdr_date_value=2021&page&_format=csv
2021-10-22,1.66,-0.98,2.64,10Y nominal Treasury par yield - 10Y TIPS par real yield,https://home.treasury.gov/resource-center/data-chart-center/interest-rates/daily-treasury-rates.csv/2021/all?type=daily_treasury_yield_curve&field_tdr_date_value=2021&page&_format=csv,https://home.treasury.gov/resource-center/data-chart-center/interest-rates/daily-treasury-rates.csv/2021/all?type=daily_treasury_real_yield_curve&field_tdr_date_value=2021&page&_format=csv
2021-10-25,1.64,-1.02,2.66,10Y nominal Treasury par yield - 10Y TIPS par real yield,https://home.treasury.gov/resource-center/data-chart-center/interest-rates/daily-treasury-rates.csv/2021/all?type=daily_treasury_yield_curve&field_tdr_date_value=2021&page&_format=csv,https://home.treasury.gov/resource-center/data-chart-center/interest-rates/daily-treasury-rates.csv/2021/all?type=daily_treasury_real_yield_curve&field_tdr_date_value=2021&page&_format=csv
2021-10-26,1.63,-1.06,2.69,10Y nominal Treasury par yield - 10Y TIPS par real yield,https://home.treasury.gov/resource-center/data-chart-center/interest-rates/daily-treasury-rates.csv/2021/all?type=daily_treasury_yield_curve&field_tdr_date_value=2021&page&_format=csv,https://home.treasury.gov/resource-center/data-chart-center/interest-rates/daily-treasury-rates.csv/2021/all?type=daily_treasury_real_yield_curve&field_tdr_date_value=2021&page&_format=csv
2021-10-27,1.54,-1.11,2.65,10Y nominal Treasury par yield - 10Y TIPS par real yield,https://home.treasury.gov/resource-center/data-chart-center/interest-rates/daily-treasury-rates.csv/2021/all?type=daily_treasury_yield_curve&field_tdr_date_value=2021&page&_format=csv,https://home.treasury.gov/resource-center/data-chart-center/interest-rates/daily-treasury-rates.csv/2021/all?type=daily_treasury_real_yield_curve&field_tdr_date_value=2021&page&_format=csv
2021-10-28,1.57,-1.00,2.57,10Y nominal Treasury par yield - 10Y TIPS par real yield,https://home.treasury.gov/resource-center/data-chart-center/interest-rates/daily-treasury-rates.csv/2021/all?type=daily_treasury_yield_curve&field_tdr_date_value=2021&page&_format=csv,https://home.treasury.gov/resource-center/data-chart-center/interest-rates/daily-treasury-rates.csv/2021/all?type=daily_treasury_real_yield_curve&field_tdr_date_value=2021&page&_format=csv
2021-10-29,1.55,-0.96,2.51,10Y nominal Treasury par yield - 10Y TIPS par real yield,https://home.treasury.gov/resource-center/data-chart-center/interest-rates/daily-treasury-rates.csv/2021/all?type=daily_treasury_yield_curve&field_tdr_date_value=2021&page&_format=csv,https://home.treasury.gov/resource-center/data-chart-center/interest-rates/daily-treasury-rates.csv/2021/all?type=daily_treasury_real_yield_curve&field_tdr_date_value=2021&page&_format=csv
2021-11-01,1.58,-0.92,2.50,10Y nominal Treasury par yield - 10Y TIPS par real yield,https://home.treasury.gov/resource-center/data-chart-center/interest-rates/daily-treasury-rates.csv/2021/all?type=daily_treasury_yield_curve&field_tdr_date_value=2021&page&_format=csv,https://home.treasury.gov/resource-center/data-chart-center/interest-rates/daily-treasury-rates.csv/2021/all?type=daily_treasury_real_yield_curve&field_tdr_date_value=2021&page&_format=csv
2021-11-02,1.56,-0.95,2.51,10Y nominal Treasury par yield - 10Y TIPS par real yield,https://home.treasury.gov/resource-center/data-chart-center/interest-rates/daily-treasury-rates.csv/2021/all?type=daily_treasury_yield_curve&field_tdr_date_value=2021&page&_format=csv,https://home.treasury.gov/resource-center/data-chart-center/interest-rates/daily-treasury-rates.csv/2021/all?type=daily_treasury_real_yield_curve&field_tdr_date_value=2021&page&_format=csv
2021-11-03,1.60,-0.93,2.53,10Y nominal Treasury par yield - 10Y TIPS par real yield,https://home.treasury.gov/resource-center/data-chart-center/interest-rates/daily-treasury-rates.csv/2021/all?type=daily_treasury_yield_curve&field_tdr_date_value=2021&page&_format=csv,https://home.treasury.gov/resource-center/data-chart-center/interest-rates/daily-treasury-rates.csv/2021/all?type=daily_treasury_real_yield_curve&field_tdr_date_value=2021&page&_format=csv
2021-11-04,1.53,-1.03,2.56,10Y nominal Treasury par yield - 10Y TIPS par real yield,https://home.treasury.gov/resource-center/data-chart-center/interest-rates/daily-treasury-rates.csv/2021/all?type=daily_treasury_yield_curve&field_tdr_date_value=2021&page&_format=csv,https://home.treasury.gov/resource-center/data-chart-center/interest-rates/daily-treasury-rates.csv/2021/all?type=daily_treasury_real_yield_curve&field_tdr_date_value=2021&page&_format=csv
2021-11-05,1.45,-1.09,2.54,10Y nominal Treasury par yield - 10Y TIPS par real yield,https://home.treasury.gov/resource-center/data-chart-center/interest-rates/daily-treasury-rates.csv/2021/all?type=daily_treasury_yield_curve&field_tdr_date_value=2021&page&_format=csv,https://home.treasury.gov/resource-center/data-chart-center/interest-rates/daily-treasury-rates.csv/2021/all?type=daily_treasury_real_yield_curve&field_tdr_date_value=2021&page&_format=csv
2021-11-08,1.51,-1.11,2.62,10Y nominal Treasury par yield - 10Y TIPS par real yield,https://home.treasury.gov/resource-center/data-chart-center/interest-rates/daily-treasury-rates.csv/2021/all?type=daily_treasury_yield_curve&field_tdr_date_value=2021&page&_format=csv,https://home.treasury.gov/resource-center/data-chart-center/interest-rates/daily-treasury-rates.csv/2021/all?type=daily_treasury_real_yield_curve&field_tdr_date_value=2021&page&_format=csv
2021-11-09,1.46,-1.17,2.63,10Y nominal Treasury par yield - 10Y TIPS par real yield,https://home.treasury.gov/resource-center/data-chart-center/interest-rates/daily-treasury-rates.csv/2021/all?type=daily_treasury_yield_curve&field_tdr_date_value=2021&page&_format=csv,https://home.treasury.gov/resource-center/data-chart-center/interest-rates/daily-treasury-rates.csv/2021/all?type=daily_treasury_real_yield_curve&field_tdr_date_value=2021&page&_format=csv
2021-11-10,1.56,-1.14,2.70,10Y nominal Treasury par yield - 10Y TIPS par real yield,https://home.treasury.gov/resource-center/data-chart-center/interest-rates/daily-treasury-rates.csv/2021/all?type=daily_treasury_yield_curve&field_tdr_date_value=2021&page&_format=csv,https://home.treasury.gov/resource-center/data-chart-center/interest-rates/daily-treasury-rates.csv/2021/all?type=daily_treasury_real_yield_curve&field_tdr_date_value=2021&page&_format=csv
2021-11-12,1.58,-1.15,2.73,10Y nominal Treasury par yield - 10Y TIPS par real yield,https://home.treasury.gov/resource-center/data-chart-center/interest-rates/daily-treasury-rates.csv/2021/all?type=daily_treasury_yield_curve&field_tdr_date_value=2021&page&_format=csv,https://home.treasury.gov/resource-center/data-chart-center/interest-rates/daily-treasury-rates.csv/2021/all?type=daily_treasury_real_yield_curve&field_tdr_date_value=2021&page&_format=csv
2021-11-15,1.63,-1.13,2.76,10Y nominal Treasury par yield - 10Y TIPS par real yield,https://home.treasury.gov/resource-center/data-chart-center/interest-rates/daily-treasury-rates.csv/2021/all?type=daily_treasury_yield_curve&field_tdr_date_value=2021&page&_format=csv,https://home.treasury.gov/resource-center/data-chart-center/interest-rates/daily-treasury-rates.csv/2021/all?type=daily_treasury_real_yield_curve&field_tdr_date_value=2021&page&_format=csv
2021-11-16,1.63,-1.10,2.73,10Y nominal Treasury par yield - 10Y TIPS par real yield,https://home.treasury.gov/resource-center/data-chart-center/interest-rates/daily-treasury-rates.csv/2021/all?type=daily_treasury_yield_curve&field_tdr_date_value=2021&page&_format=csv,https://home.treasury.gov/resource-center/data-chart-center/interest-rates/daily-treasury-rates.csv/2021/all?type=daily_treasury_real_yield_curve&field_tdr_date_value=2021&page&_format=csv
2021-11-17,1.60,-1.10,2.70,10Y nominal Treasury par yield - 10Y TIPS par real yield,https://home.treasury.gov/resource-center/data-chart-center/interest-rates/daily-treasury-rates.csv/2021/all?type=daily_treasury_yield_curve&field_tdr_date_value=2021&page&_format=csv,https://home.treasury.gov/resource-center/data-chart-center/interest-rates/daily-treasury-rates.csv/2021/all?type=daily_treasury_real_yield_curve&field_tdr_date_value=2021&page&_format=csv
2021-11-18,1.59,-1.14,2.73,10Y nominal Treasury par yield - 10Y TIPS par real yield,https://home.treasury.gov/resource-center/data-chart-center/interest-rates/daily-treasury-rates.csv/2021/all?type=daily_treasury_yield_curve&field_tdr_date_value=2021&page&_format=csv,https://home.treasury.gov/resource-center/data-chart-center/interest-rates/daily-treasury-rates.csv/2021/all?type=daily_treasury_real_yield_curve&field_tdr_date_value=2021&page&_format=csv
2021-11-19,1.54,-1.11,2.65,10Y nominal Treasury par yield - 10Y TIPS par real yield,https://home.treasury.gov/resource-center/data-chart-center/interest-rates/daily-treasury-rates.csv/2021/all?type=daily_treasury_yield_curve&field_tdr_date_value=2021&page&_format=csv,https://home.treasury.gov/resource-center/data-chart-center/interest-rates/daily-treasury-rates.csv/2021/all?type=daily_treasury_real_yield_curve&field_tdr_date_value=2021&page&_format=csv
2021-11-22,1.63,-0.98,2.61,10Y nominal Treasury par yield - 10Y TIPS par real yield,https://home.treasury.gov/resource-center/data-chart-center/interest-rates/daily-treasury-rates.csv/2021/all?type=daily_treasury_yield_curve&field_tdr_date_value=2021&page&_format=csv,https://home.treasury.gov/resource-center/data-chart-center/interest-rates/daily-treasury-rates.csv/2021/all?type=daily_treasury_real_yield_curve&field_tdr_date_value=2021&page&_format=csv
2021-11-23,1.67,-0.95,2.62,10Y nominal Treasury par yield - 10Y TIPS par real yield,https://home.treasury.gov/resource-center/data-chart-center/interest-rates/daily-treasury-rates.csv/2021/all?type=daily_treasury_yield_curve&field_tdr_date_value=2021&page&_format=csv,https://home.treasury.gov/resource-center/data-chart-center/interest-rates/daily-treasury-rates.csv/2021/all?type=daily_treasury_real_yield_curve&field_tdr_date_value=2021&page&_format=csv
2021-11-24,1.64,-0.97,2.61,10Y nominal Treasury par yield - 10Y TIPS par real yield,https://home.treasury.gov/resource-center/data-chart-center/interest-rates/daily-treasury-rates.csv/2021/all?type=daily_treasury_yield_curve&field_tdr_date_value=2021&page&_format=csv,https://home.treasury.gov/resource-center/data-chart-center/interest-rates/daily-treasury-rates.csv/2021/all?type=daily_treasury_real_yield_curve&field_tdr_date_value=2021&page&_format=csv
2021-11-26,1.48,-1.07,2.55,10Y nominal Treasury par yield - 10Y TIPS par real yield,https://home.treasury.gov/resource-center/data-chart-center/interest-rates/daily-treasury-rates.csv/2021/all?type=daily_treasury_yield_curve&field_tdr_date_value=2021&page&_format=csv,https://home.treasury.gov/resource-center/data-chart-center/interest-rates/daily-treasury-rates.csv/2021/all?type=daily_treasury_real_yield_curve&field_tdr_date_value=2021&page&_format=csv
2021-11-29,1.52,-1.02,2.54,10Y nominal Treasury par yield - 10Y TIPS par real yield,https://home.treasury.gov/resource-center/data-chart-center/interest-rates/daily-treasury-rates.csv/2021/all?type=daily_treasury_yield_curve&field_tdr_date_value=2021&page&_format=csv,https://home.treasury.gov/resource-center/data-chart-center/interest-rates/daily-treasury-rates.csv/2021/all?type=daily_treasury_real_yield_curve&field_tdr_date_value=2021&page&_format=csv
2021-11-30,1.43,-1.07,2.50,10Y nominal Treasury par yield - 10Y TIPS par real yield,https://home.treasury.gov/resource-center/data-chart-center/interest-rates/daily-treasury-rates.csv/2021/all?type=daily_treasury_yield_curve&field_tdr_date_value=2021&page&_format=csv,https://home.treasury.gov/resource-center/data-chart-center/interest-rates/daily-treasury-rates.csv/2021/all?type=daily_treasury_real_yield_curve&field_tdr_date_value=2021&page&_format=csv
2021-12-01,1.43,-1.01,2.44,10Y nominal Treasury par yield - 10Y TIPS par real yield,https://home.treasury.gov/resource-center/data-chart-center/interest-rates/daily-treasury-rates.csv/2021/all?type=daily_treasury_yield_curve&field_tdr_date_value=2021&page&_format=csv,https://home.treasury.gov/resource-center/data-chart-center/interest-rates/daily-treasury-rates.csv/2021/all?type=daily_treasury_real_yield_curve&field_tdr_date_value=2021&page&_format=csv
2021-12-02,1.44,-1.03,2.47,10Y nominal Treasury par yield - 10Y TIPS par real yield,https://home.treasury.gov/resource-center/data-chart-center/interest-rates/daily-treasury-rates.csv/2021/all?type=daily_treasury_yield_curve&field_tdr_date_value=2021&page&_format=csv,https://home.treasury.gov/resource-center/data-chart-center/interest-rates/daily-treasury-rates.csv/2021/all?type=daily_treasury_real_yield_curve&field_tdr_date_value=2021&page&_format=csv
2021-12-03,1.35,-1.08,2.43,10Y nominal Treasury par yield - 10Y TIPS par real yield,https://home.treasury.gov/resource-center/data-chart-center/interest-rates/daily-treasury-rates.csv/2021/all?type=daily_treasury_yield_curve&field_tdr_date_value=2021&page&_format=csv,https://home.treasury.gov/resource-center/data-chart-center/interest-rates/daily-treasury-rates.csv/2021/all?type=daily_treasury_real_yield_curve&field_tdr_date_value=2021&page&_format=csv
2021-12-06,1.43,-1.01,2.44,10Y nominal Treasury par yield - 10Y TIPS par real yield,https://home.treasury.gov/resource-center/data-chart-center/interest-rates/daily-treasury-rates.csv/2021/all?type=daily_treasury_yield_curve&field_tdr_date_value=2021&page&_format=csv,https://home.treasury.gov/resource-center/data-chart-center/interest-rates/daily-treasury-rates.csv/2021/all?type=daily_treasury_real_yield_curve&field_tdr_date_value=2021&page&_format=csv
2021-12-07,1.48,-0.99,2.47,10Y nominal Treasury par yield - 10Y TIPS par real yield,https://home.treasury.gov/resource-center/data-chart-center/interest-rates/daily-treasury-rates.csv/2021/all?type=daily_treasury_yield_curve&field_tdr_date_value=2021&page&_format=csv,https://home.treasury.gov/resource-center/data-chart-center/interest-rates/daily-treasury-rates.csv/2021/all?type=daily_treasury_real_yield_curve&field_tdr_date_value=2021&page&_format=csv
2021-12-08,1.52,-1.00,2.52,10Y nominal Treasury par yield - 10Y TIPS par real yield,https://home.treasury.gov/resource-center/data-chart-center/interest-rates/daily-treasury-rates.csv/2021/all?type=daily_treasury_yield_curve&field_tdr_date_value=2021&page&_format=csv,https://home.treasury.gov/resource-center/data-chart-center/interest-rates/daily-treasury-rates.csv/2021/all?type=daily_treasury_real_yield_curve&field_tdr_date_value=2021&page&_format=csv
2021-12-09,1.49,-0.98,2.47,10Y nominal Treasury par yield - 10Y TIPS par real yield,https://home.treasury.gov/resource-center/data-chart-center/interest-rates/daily-treasury-rates.csv/2021/all?type=daily_treasury_yield_curve&field_tdr_date_value=2021&page&_format=csv,https://home.treasury.gov/resource-center/data-chart-center/interest-rates/daily-treasury-rates.csv/2021/all?type=daily_treasury_real_yield_curve&field_tdr_date_value=2021&page&_format=csv
2021-12-10,1.48,-0.96,2.44,10Y nominal Treasury par yield - 10Y TIPS par real yield,https://home.treasury.gov/resource-center/data-chart-center/interest-rates/daily-treasury-rates.csv/2021/all?type=daily_treasury_yield_curve&field_tdr_date_value=2021&page&_format=csv,https://home.treasury.gov/resource-center/data-chart-center/interest-rates/daily-treasury-rates.csv/2021/all?type=daily_treasury_real_yield_curve&field_tdr_date_value=2021&page&_format=csv
2021-12-13,1.42,-0.98,2.40,10Y nominal Treasury par yield - 10Y TIPS par real yield,https://home.treasury.gov/resource-center/data-chart-center/interest-rates/daily-treasury-rates.csv/2021/all?type=daily_treasury_yield_curve&field_tdr_date_value=2021&page&_format=csv,https://home.treasury.gov/resource-center/data-chart-center/interest-rates/daily-treasury-rates.csv/2021/all?type=daily_treasury_real_yield_curve&field_tdr_date_value=2021&page&_format=csv
2021-12-14,1.44,-0.93,2.37,10Y nominal Treasury par yield - 10Y TIPS par real yield,https://home.treasury.gov/resource-center/data-chart-center/interest-rates/daily-treasury-rates.csv/2021/all?type=daily_treasury_yield_curve&field_tdr_date_value=2021&page&_format=csv,https://home.treasury.gov/resource-center/data-chart-center/interest-rates/daily-treasury-rates.csv/2021/all?type=daily_treasury_real_yield_curve&field_tdr_date_value=2021&page&_format=csv
2021-12-15,1.47,-0.92,2.39,10Y nominal Treasury par yield - 10Y TIPS par real yield,https://home.treasury.gov/resource-center/data-chart-center/interest-rates/daily-treasury-rates.csv/2021/all?type=daily_treasury_yield_curve&field_tdr_date_value=2021&page&_format=csv,https://home.treasury.gov/resource-center/data-chart-center/interest-rates/daily-treasury-rates.csv/2021/all?type=daily_treasury_real_yield_curve&field_tdr_date_value=2021&page&_format=csv
2021-12-16,1.44,-0.98,2.42,10Y nominal Treasury par yield - 10Y TIPS par real yield,https://home.treasury.gov/resource-center/data-chart-center/interest-rates/daily-treasury-rates.csv/2021/all?type=daily_treasury_yield_curve&field_tdr_date_value=2021&page&_format=csv,https://home.treasury.gov/resource-center/data-chart-center/interest-rates/daily-treasury-rates.csv/2021/all?type=daily_treasury_real_yield_curve&field_tdr_date_value=2021&page&_format=csv
2021-12-17,1.41,-0.97,2.38,10Y nominal Treasury par yield - 10Y TIPS par real yield,https://home.treasury.gov/resource-center/data-chart-center/interest-rates/daily-treasury-rates.csv/2021/all?type=daily_treasury_yield_curve&field_tdr_date_value=2021&page&_format=csv,https://home.treasury.gov/resource-center/data-chart-center/interest-rates/daily-treasury-rates.csv/2021/all?type=daily_treasury_real_yield_curve&field_tdr_date_value=2021&page&_format=csv
2021-12-20,1.43,-0.96,2.39,10Y nominal Treasury par yield - 10Y TIPS par real yield,https://home.treasury.gov/resource-center/data-chart-center/interest-rates/daily-treasury-rates.csv/2021/all?type=daily_treasury_yield_curve&field_tdr_date_value=2021&page&_format=csv,https://home.treasury.gov/resource-center/data-chart-center/interest-rates/daily-treasury-rates.csv/2021/all?type=daily_treasury_real_yield_curve&field_tdr_date_value=2021&page&_format=csv
2021-12-21,1.48,-0.96,2.44,10Y nominal Treasury par yield - 10Y TIPS par real yield,https://home.treasury.gov/resource-center/data-chart-center/interest-rates/daily-treasury-rates.csv/2021/all?type=daily_treasury_yield_curve&field_tdr_date_value=2021&page&_format=csv,https://home.treasury.gov/resource-center/data-chart-center/interest-rates/daily-treasury-rates.csv/2021/all?type=daily_treasury_real_yield_curve&field_tdr_date_value=2021&page&_format=csv
2021-12-22,1.46,-1.01,2.47,10Y nominal Treasury par yield - 10Y TIPS par real yield,https://home.treasury.gov/resource-center/data-chart-center/interest-rates/daily-treasury-rates.csv/2021/all?type=daily_treasury_yield_curve&field_tdr_date_value=2021&page&_format=csv,https://home.treasury.gov/resource-center/data-chart-center/interest-rates/daily-treasury-rates.csv/2021/all?type=daily_treasury_real_yield_curve&field_tdr_date_value=2021&page&_format=csv
2021-12-23,1.50,-0.97,2.47,10Y nominal Treasury par yield - 10Y TIPS par real yield,https://home.treasury.gov/resource-center/data-chart-center/interest-rates/daily-treasury-rates.csv/2021/all?type=daily_treasury_yield_curve&field_tdr_date_value=2021&page&_format=csv,https://home.treasury.gov/resource-center/data-chart-center/interest-rates/daily-treasury-rates.csv/2021/all?type=daily_treasury_real_yield_curve&field_tdr_date_value=2021&page&_format=csv
2021-12-27,1.48,-1.02,2.50,10Y nominal Treasury par yield - 10Y TIPS par real yield,https://home.treasury.gov/resource-center/data-chart-center/interest-rates/daily-treasury-rates.csv/2021/all?type=daily_treasury_yield_curve&field_tdr_date_value=2021&page&_format=csv,https://home.treasury.gov/resource-center/data-chart-center/interest-rates/daily-treasury-rates.csv/2021/all?type=daily_treasury_real_yield_curve&field_tdr_date_value=2021&page&_format=csv
2021-12-28,1.49,-1.01,2.50,10Y nominal Treasury par yield - 10Y TIPS par real yield,https://home.treasury.gov/resource-center/data-chart-center/interest-rates/daily-treasury-rates.csv/2021/all?type=daily_treasury_yield_curve&field_tdr_date_value=2021&page&_format=csv,https://home.treasury.gov/resource-center/data-chart-center/interest-rates/daily-treasury-rates.csv/2021/all?type=daily_treasury_real_yield_curve&field_tdr_date_value=2021&page&_format=csv
2021-12-29,1.55,-0.98,2.53,10Y nominal Treasury par yield - 10Y TIPS par real yield,https://home.treasury.gov/resource-center/data-chart-center/interest-rates/daily-treasury-rates.csv/2021/all?type=daily_treasury_yield_curve&field_tdr_date_value=2021&page&_format=csv,https://home.treasury.gov/resource-center/data-chart-center/interest-rates/daily-treasury-rates.csv/2021/all?type=daily_treasury_real_yield_curve&field_tdr_date_value=2021&page&_format=csv
2021-12-30,1.52,-1.06,2.58,10Y nominal Treasury par yield - 10Y TIPS par real yield,https://home.treasury.gov/resource-center/data-chart-center/interest-rates/daily-treasury-rates.csv/2021/all?type=daily_treasury_yield_curve&field_tdr_date_value=2021&page&_format=csv,https://home.treasury.gov/resource-center/data-chart-center/interest-rates/daily-treasury-rates.csv/2021/all?type=daily_treasury_real_yield_curve&field_tdr_date_value=2021&page&_format=csv
2021-12-31,1.52,-1.04,2.56,10Y nominal Treasury par yield - 10Y TIPS par real yield,https://home.treasury.gov/resource-center/data-chart-center/interest-rates/daily-treasury-rates.csv/2021/all?type=daily_treasury_yield_curve&field_tdr_date_value=2021&page&_format=csv,https://home.treasury.gov/resource-center/data-chart-center/interest-rates/daily-treasury-rates.csv/2021/all?type=daily_treasury_real_yield_curve&field_tdr_date_value=2021&page&_format=csv
2022-01-03,1.63,-0.97,2.60,10Y nominal Treasury par yield - 10Y TIPS par real yield,https://home.treasury.gov/resource-center/data-chart-center/interest-rates/daily-treasury-rates.csv/2022/all?type=daily_treasury_yield_curve&field_tdr_date_value=2022&page&_format=csv,https://home.treasury.gov/resource-center/data-chart-center/interest-rates/daily-treasury-rates.csv/2022/all?type=daily_treasury_real_yield_curve&field_tdr_date_value=2022&page&_format=csv
2022-01-04,1.66,-0.91,2.57,10Y nominal Treasury par yield - 10Y TIPS par real yield,https://home.treasury.gov/resource-center/data-chart-center/interest-rates/daily-treasury-rates.csv/2022/all?type=daily_treasury_yield_curve&field_tdr_date_value=2022&page&_format=csv,https://home.treasury.gov/resource-center/data-chart-center/interest-rates/daily-treasury-rates.csv/2022/all?type=daily_treasury_real_yield_curve&field_tdr_date_value=2022&page&_format=csv
2022-01-05,1.71,-0.82,2.53,10Y nominal Treasury par yield - 10Y TIPS par real yield,https://home.treasury.gov/resource-center/data-chart-center/interest-rates/daily-treasury-rates.csv/2022/all?type=daily_treasury_yield_curve&field_tdr_date_value=2022&page&_format=csv,https://home.treasury.gov/resource-center/data-chart-center/interest-rates/daily-treasury-rates.csv/2022/all?type=daily_treasury_real_yield_curve&field_tdr_date_value=2022&page&_format=csv
2022-01-06,1.73,-0.73,2.46,10Y nominal Treasury par yield - 10Y TIPS par real yield,https://home.treasury.gov/resource-center/data-chart-center/interest-rates/daily-treasury-rates.csv/2022/all?type=daily_treasury_yield_curve&field_tdr_date_value=2022&page&_format=csv,https://home.treasury.gov/resource-center/data-chart-center/interest-rates/daily-treasury-rates.csv/2022/all?type=daily_treasury_real_yield_curve&field_tdr_date_value=2022&page&_format=csv
2022-01-07,1.76,-0.72,2.48,10Y nominal Treasury par yield - 10Y TIPS par real yield,https://home.treasury.gov/resource-center/data-chart-center/interest-rates/daily-treasury-rates.csv/2022/all?type=daily_treasury_yield_curve&field_tdr_date_value=2022&page&_format=csv,https://home.treasury.gov/resource-center/data-chart-center/interest-rates/daily-treasury-rates.csv/2022/all?type=daily_treasury_real_yield_curve&field_tdr_date_value=2022&page&_format=csv
2022-01-10,1.78,-0.70,2.48,10Y nominal Treasury par yield - 10Y TIPS par real yield,https://home.treasury.gov/resource-center/data-chart-center/interest-rates/daily-treasury-rates.csv/2022/all?type=daily_treasury_yield_curve&field_tdr_date_value=2022&page&_format=csv,https://home.treasury.gov/resource-center/data-chart-center/interest-rates/daily-treasury-rates.csv/2022/all?type=daily_treasury_real_yield_curve&field_tdr_date_value=2022&page&_format=csv
2022-01-11,1.75,-0.79,2.54,10Y nominal Treasury par yield - 10Y TIPS par real yield,https://home.treasury.gov/resource-center/data-chart-center/interest-rates/daily-treasury-rates.csv/2022/all?type=daily_treasury_yield_curve&field_tdr_date_value=2022&page&_format=csv,https://home.treasury.gov/resource-center/data-chart-center/interest-rates/daily-treasury-rates.csv/2022/all?type=daily_treasury_real_yield_curve&field_tdr_date_value=2022&page&_format=csv
2022-01-12,1.74,-0.74,2.48,10Y nominal Treasury par yield - 10Y TIPS par real yield,https://home.treasury.gov/resource-center/data-chart-center/interest-rates/daily-treasury-rates.csv/2022/all?type=daily_treasury_yield_curve&field_tdr_date_value=2022&page&_format=csv,https://home.treasury.gov/resource-center/data-chart-center/interest-rates/daily-treasury-rates.csv/2022/all?type=daily_treasury_real_yield_curve&field_tdr_date_value=2022&page&_format=csv
2022-01-13,1.70,-0.73,2.43,10Y nominal Treasury par yield - 10Y TIPS par real yield,https://home.treasury.gov/resource-center/data-chart-center/interest-rates/daily-treasury-rates.csv/2022/all?type=daily_treasury_yield_curve&field_tdr_date_value=2022&page&_format=csv,https://home.treasury.gov/resource-center/data-chart-center/interest-rates/daily-treasury-rates.csv/2022/all?type=daily_treasury_real_yield_curve&field_tdr_date_value=2022&page&_format=csv
2022-01-14,1.78,-0.66,2.44,10Y nominal Treasury par yield - 10Y TIPS par real yield,https://home.treasury.gov/resource-center/data-chart-center/interest-rates/daily-treasury-rates.csv/2022/all?type=daily_treasury_yield_curve&field_tdr_date_value=2022&page&_format=csv,https://home.treasury.gov/resource-center/data-chart-center/interest-rates/daily-treasury-rates.csv/2022/all?type=daily_treasury_real_yield_curve&field_tdr_date_value=2022&page&_format=csv
2022-01-18,1.87,-0.59,2.46,10Y nominal Treasury par yield - 10Y TIPS par real yield,https://home.treasury.gov/resource-center/data-chart-center/interest-rates/daily-treasury-rates.csv/2022/all?type=daily_treasury_yield_curve&field_tdr_date_value=2022&page&_format=csv,https://home.treasury.gov/resource-center/data-chart-center/interest-rates/daily-treasury-rates.csv/2022/all?type=daily_treasury_real_yield_curve&field_tdr_date_value=2022&page&_format=csv
2022-01-19,1.83,-0.57,2.40,10Y nominal Treasury par yield - 10Y TIPS par real yield,https://home.treasury.gov/resource-center/data-chart-center/interest-rates/daily-treasury-rates.csv/2022/all?type=daily_treasury_yield_curve&field_tdr_date_value=2022&page&_format=csv,https://home.treasury.gov/resource-center/data-chart-center/interest-rates/daily-treasury-rates.csv/2022/all?type=daily_treasury_real_yield_curve&field_tdr_date_value=2022&page&_format=csv
2022-01-20,1.83,-0.50,2.33,10Y nominal Treasury par yield - 10Y TIPS par real yield,https://home.treasury.gov/resource-center/data-chart-center/interest-rates/daily-treasury-rates.csv/2022/all?type=daily_treasury_yield_curve&field_tdr_date_value=2022&page&_format=csv,https://home.treasury.gov/resource-center/data-chart-center/interest-rates/daily-treasury-rates.csv/2022/all?type=daily_treasury_real_yield_curve&field_tdr_date_value=2022&page&_format=csv
2022-01-21,1.75,-0.59,2.34,10Y nominal Treasury par yield - 10Y TIPS par real yield,https://home.treasury.gov/resource-center/data-chart-center/interest-rates/daily-treasury-rates.csv/2022/all?type=daily_treasury_yield_curve&field_tdr_date_value=2022&page&_format=csv,https://home.treasury.gov/resource-center/data-chart-center/interest-rates/daily-treasury-rates.csv/2022/all?type=daily_treasury_real_yield_curve&field_tdr_date_value=2022&page&_format=csv
2022-01-24,1.75,-0.63,2.38,10Y nominal Treasury par yield - 10Y TIPS par real yield,https://home.treasury.gov/resource-center/data-chart-center/interest-rates/daily-treasury-rates.csv/2022/all?type=daily_treasury_yield_curve&field_tdr_date_value=2022&page&_format=csv,https://home.treasury.gov/resource-center/data-chart-center/interest-rates/daily-treasury-rates.csv/2022/all?type=daily_treasury_real_yield_curve&field_tdr_date_value=2022&page&_format=csv
2022-01-25,1.78,-0.63,2.41,10Y nominal Treasury par yield - 10Y TIPS par real yield,https://home.treasury.gov/resource-center/data-chart-center/interest-rates/daily-treasury-rates.csv/2022/all?type=daily_treasury_yield_curve&field_tdr_date_value=2022&page&_format=csv,https://home.treasury.gov/resource-center/data-chart-center/interest-rates/daily-treasury-rates.csv/2022/all?type=daily_treasury_real_yield_curve&field_tdr_date_value=2022&page&_format=csv
2022-01-26,1.85,-0.53,2.38,10Y nominal Treasury par yield - 10Y TIPS par real yield,https://home.treasury.gov/resource-center/data-chart-center/interest-rates/daily-treasury-rates.csv/2022/all?type=daily_treasury_yield_curve&field_tdr_date_value=2022&page&_format=csv,https://home.treasury.gov/resource-center/data-chart-center/interest-rates/daily-treasury-rates.csv/2022/all?type=daily_treasury_real_yield_curve&field_tdr_date_value=2022&page&_format=csv
2022-01-27,1.81,-0.59,2.40,10Y nominal Treasury par yield - 10Y TIPS par real yield,https://home.treasury.gov/resource-center/data-chart-center/interest-rates/daily-treasury-rates.csv/2022/all?type=daily_treasury_yield_curve&field_tdr_date_value=2022&page&_format=csv,https://home.treasury.gov/resource-center/data-chart-center/interest-rates/daily-treasury-rates.csv/2022/all?type=daily_treasury_real_yield_curve&field_tdr_date_value=2022&page&_format=csv
2022-01-28,1.78,-0.66,2.44,10Y nominal Treasury par yield - 10Y TIPS par real yield,https://home.treasury.gov/resource-center/data-chart-center/interest-rates/daily-treasury-rates.csv/2022/all?type=daily_treasury_yield_curve&field_tdr_date_value=2022&page&_format=csv,https://home.treasury.gov/resource-center/data-chart-center/interest-rates/daily-treasury-rates.csv/2022/all?type=daily_treasury_real_yield_curve&field_tdr_date_value=2022&page&_format=csv
2022-01-31,1.79,-0.65,2.44,10Y nominal Treasury par yield - 10Y TIPS par real yield,https://home.treasury.gov/resource-center/data-chart-center/interest-rates/daily-treasury-rates.csv/2022/all?type=daily_treasury_yield_curve&field_tdr_date_value=2022&page&_format=csv,https://home.treasury.gov/resource-center/data-chart-center/interest-rates/daily-treasury-rates.csv/2022/all?type=daily_treasury_real_yield_curve&field_tdr_date_value=2022&page&_format=csv
2022-02-01,1.81,-0.62,2.43,10Y nominal Treasury par yield - 10Y TIPS par real yield,https://home.treasury.gov/resource-center/data-chart-center/interest-rates/daily-treasury-rates.csv/2022/all?type=daily_treasury_yield_curve&field_tdr_date_value=2022&page&_format=csv,https://home.treasury.gov/resource-center/data-chart-center/interest-rates/daily-treasury-rates.csv/2022/all?type=daily_treasury_real_yield_curve&field_tdr_date_value=2022&page&_format=csv
2022-02-02,1.78,-0.63,2.41,10Y nominal Treasury par yield - 10Y TIPS par real yield,https://home.treasury.gov/resource-center/data-chart-center/interest-rates/daily-treasury-rates.csv/2022/all?type=daily_treasury_yield_curve&field_tdr_date_value=2022&page&_format=csv,https://home.treasury.gov/resource-center/data-chart-center/interest-rates/daily-treasury-rates.csv/2022/all?type=daily_treasury_real_yield_curve&field_tdr_date_value=2022&page&_format=csv
2022-02-03,1.82,-0.56,2.38,10Y nominal Treasury par yield - 10Y TIPS par real yield,https://home.treasury.gov/resource-center/data-chart-center/interest-rates/daily-treasury-rates.csv/2022/all?type=daily_treasury_yield_curve&field_tdr_date_value=2022&page&_format=csv,https://home.treasury.gov/resource-center/data-chart-center/interest-rates/daily-treasury-rates.csv/2022/all?type=daily_treasury_real_yield_curve&field_tdr_date_value=2022&page&_format=csv
2022-02-04,1.93,-0.48,2.41,10Y nominal Treasury par yield - 10Y TIPS par real yield,https://home.treasury.gov/resource-center/data-chart-center/interest-rates/daily-treasury-rates.csv/2022/all?type=daily_treasury_yield_curve&field_tdr_date_value=2022&page&_format=csv,https://home.treasury.gov/resource-center/data-chart-center/interest-rates/daily-treasury-rates.csv/2022/all?type=daily_treasury_real_yield_curve&field_tdr_date_value=2022&page&_format=csv
2022-02-07,1.92,-0.48,2.40,10Y nominal Treasury par yield - 10Y TIPS par real yield,https://home.treasury.gov/resource-center/data-chart-center/interest-rates/daily-treasury-rates.csv/2022/all?type=daily_treasury_yield_curve&field_tdr_date_value=2022&page&_format=csv,https://home.treasury.gov/resource-center/data-chart-center/interest-rates/daily-treasury-rates.csv/2022/all?type=daily_treasury_real_yield_curve&field_tdr_date_value=2022&page&_format=csv
2022-02-08,1.96,-0.46,2.42,10Y nominal Treasury par yield - 10Y TIPS par real yield,https://home.treasury.gov/resource-center/data-chart-center/interest-rates/daily-treasury-rates.csv/2022/all?type=daily_treasury_yield_curve&field_tdr_date_value=2022&page&_format=csv,https://home.treasury.gov/resource-center/data-chart-center/interest-rates/daily-treasury-rates.csv/2022/all?type=daily_treasury_real_yield_curve&field_tdr_date_value=2022&page&_format=csv
2022-02-09,1.94,-0.48,2.42,10Y nominal Treasury par yield - 10Y TIPS par real yield,https://home.treasury.gov/resource-center/data-chart-center/interest-rates/daily-treasury-rates.csv/2022/all?type=daily_treasury_yield_curve&field_tdr_date_value=2022&page&_format=csv,https://home.treasury.gov/resource-center/data-chart-center/interest-rates/daily-treasury-rates.csv/2022/all?type=daily_treasury_real_yield_curve&field_tdr_date_value=2022&page&_format=csv
2022-02-10,2.03,-0.42,2.45,10Y nominal Treasury par yield - 10Y TIPS par real yield,https://home.treasury.gov/resource-center/data-chart-center/interest-rates/daily-treasury-rates.csv/2022/all?type=daily_treasury_yield_curve&field_tdr_date_value=2022&page&_format=csv,https://home.treasury.gov/resource-center/data-chart-center/interest-rates/daily-treasury-rates.csv/2022/all?type=daily_treasury_real_yield_curve&field_tdr_date_value=2022&page&_format=csv
2022-02-11,1.92,-0.51,2.43,10Y nominal Treasury par yield - 10Y TIPS par real yield,https://home.treasury.gov/resource-center/data-chart-center/interest-rates/daily-treasury-rates.csv/2022/all?type=daily_treasury_yield_curve&field_tdr_date_value=2022&page&_format=csv,https://home.treasury.gov/resource-center/data-chart-center/interest-rates/daily-treasury-rates.csv/2022/all?type=daily_treasury_real_yield_curve&field_tdr_date_value=2022&page&_format=csv
2022-02-14,1.98,-0.50,2.48,10Y nominal Treasury par yield - 10Y TIPS par real yield,https://home.treasury.gov/resource-center/data-chart-center/interest-rates/daily-treasury-rates.csv/2022/all?type=daily_treasury_yield_curve&field_tdr_date_value=2022&page&_format=csv,https://home.treasury.gov/resource-center/data-chart-center/interest-rates/daily-treasury-rates.csv/2022/all?type=daily_treasury_real_yield_curve&field_tdr_date_value=2022&page&_format=csv
2022-02-15,2.05,-0.43,2.48,10Y nominal Treasury par yield - 10Y TIPS par real yield,https://home.treasury.gov/resource-center/data-chart-center/interest-rates/daily-treasury-rates.csv/2022/all?type=daily_treasury_yield_curve&field_tdr_date_value=2022&page&_format=csv,https://home.treasury.gov/resource-center/data-chart-center/interest-rates/daily-treasury-rates.csv/2022/all?type=daily_treasury_real_yield_curve&field_tdr_date_value=2022&page&_format=csv
2022-02-16,2.03,-0.43,2.46,10Y nominal Treasury par yield - 10Y TIPS par real yield,https://home.treasury.gov/resource-center/data-chart-center/interest-rates/daily-treasury-rates.csv/2022/all?type=daily_treasury_yield_curve&field_tdr_date_value=2022&page&_format=csv,https://home.treasury.gov/resource-center/data-chart-center/interest-rates/daily-treasury-rates.csv/2022/all?type=daily_treasury_real_yield_curve&field_tdr_date_value=2022&page&_format=csv
2022-02-17,1.97,-0.46,2.43,10Y nominal Treasury par yield - 10Y TIPS par real yield,https://home.treasury.gov/resource-center/data-chart-center/interest-rates/daily-treasury-rates.csv/2022/all?type=daily_treasury_yield_curve&field_tdr_date_value=2022&page&_format=csv,https://home.treasury.gov/resource-center/data-chart-center/interest-rates/daily-treasury-rates.csv/2022/all?type=daily_treasury_real_yield_curve&field_tdr_date_value=2022&page&_format=csv
2022-02-18,1.92,-0.49,2.41,10Y nominal Treasury par yield - 10Y TIPS par real yield,https://home.treasury.gov/resource-center/data-chart-center/interest-rates/daily-treasury-rates.csv/2022/all?type=daily_treasury_yield_curve&field_tdr_date_value=2022&page&_format=csv,https://home.treasury.gov/resource-center/data-chart-center/interest-rates/daily-treasury-rates.csv/2022/all?type=daily_treasury_real_yield_curve&field_tdr_date_value=2022&page&_format=csv
2022-02-22,1.94,-0.51,2.45,10Y nominal Treasury par yield - 10Y TIPS par real yield,https://home.treasury.gov/resource-center/data-chart-center/interest-rates/daily-treasury-rates.csv/2022/all?type=daily_treasury_yield_curve&field_tdr_date_value=2022&page&_format=csv,https://home.treasury.gov/resource-center/data-chart-center/interest-rates/daily-treasury-rates.csv/2022/all?type=daily_treasury_real_yield_curve&field_tdr_date_value=2022&page&_format=csv
2022-02-23,1.99,-0.54,2.53,10Y nominal Treasury par yield - 10Y TIPS par real yield,https://home.treasury.gov/resource-center/data-chart-center/interest-rates/daily-treasury-rates.csv/2022/all?type=daily_treasury_yield_curve&field_tdr_date_value=2022&page&_format=csv,https://home.treasury.gov/resource-center/data-chart-center/interest-rates/daily-treasury-rates.csv/2022/all?type=daily_treasury_real_yield_curve&field_tdr_date_value=2022&page&_format=csv
2022-02-24,1.96,-0.59,2.55,10Y nominal Treasury par yield - 10Y TIPS par real yield,https://home.treasury.gov/resource-center/data-chart-center/interest-rates/daily-treasury-rates.csv/2022/all?type=daily_treasury_yield_curve&field_tdr_date_value=2022&page&_format=csv,https://home.treasury.gov/resource-center/data-chart-center/interest-rates/daily-treasury-rates.csv/2022/all?type=daily_treasury_real_yield_curve&field_tdr_date_value=2022&page&_format=csv
2022-02-25,1.97,-0.57,2.54,10Y nominal Treasury par yield - 10Y TIPS par real yield,https://home.treasury.gov/resource-center/data-chart-center/interest-rates/daily-treasury-rates.csv/2022/all?type=daily_treasury_yield_curve&field_tdr_date_value=2022&page&_format=csv,https://home.treasury.gov/resource-center/data-chart-center/interest-rates/daily-treasury-rates.csv/2022/all?type=daily_treasury_real_yield_curve&field_tdr_date_value=2022&page&_format=csv
2022-02-28,1.83,-0.79,2.62,10Y nominal Treasury par yield - 10Y TIPS par real yield,https://home.treasury.gov/resource-center/data-chart-center/interest-rates/daily-treasury-rates.csv/2022/all?type=daily_treasury_yield_curve&field_tdr_date_value=2022&page&_format=csv,https://home.treasury.gov/resource-center/data-chart-center/interest-rates/daily-treasury-rates.csv/2022/all?type=daily_treasury_real_yield_curve&field_tdr_date_value=2022&page&_format=csv
2022-03-01,1.72,-0.90,2.62,10Y nominal Treasury par yield - 10Y TIPS par real yield,https://home.treasury.gov/resource-center/data-chart-center/interest-rates/daily-treasury-rates.csv/2022/all?type=daily_treasury_yield_curve&field_tdr_date_value=2022&page&_format=csv,https://home.treasury.gov/resource-center/data-chart-center/interest-rates/daily-treasury-rates.csv/2022/all?type=daily_treasury_real_yield_curve&field_tdr_date_value=2022&page&_format=csv
2022-03-02,1.86,-0.85,2.71,10Y nominal Treasury par yield - 10Y TIPS par real yield,https://home.treasury.gov/resource-center/data-chart-center/interest-rates/daily-treasury-rates.csv/2022/all?type=daily_treasury_yield_curve&field_tdr_date_value=2022&page&_format=csv,https://home.treasury.gov/resource-center/data-chart-center/interest-rates/daily-treasury-rates.csv/2022/all?type=daily_treasury_real_yield_curve&field_tdr_date_value=2022&page&_format=csv
2022-03-03,1.86,-0.83,2.69,10Y nominal Treasury par yield - 10Y TIPS par real yield,https://home.treasury.gov/resource-center/data-chart-center/interest-rates/daily-treasury-rates.csv/2022/all?type=daily_treasury_yield_curve&field_tdr_date_value=2022&page&_format=csv,https://home.treasury.gov/resource-center/data-chart-center/interest-rates/daily-treasury-rates.csv/2022/all?type=daily_treasury_real_yield_curve&field_tdr_date_value=2022&page&_format=csv
2022-03-04,1.74,-0.93,2.67,10Y nominal Treasury par yield - 10Y TIPS par real yield,https://home.treasury.gov/resource-center/data-chart-center/interest-rates/daily-treasury-rates.csv/2022/all?type=daily_treasury_yield_curve&field_tdr_date_value=2022&page&_format=csv,https://home.treasury.gov/resource-center/data-chart-center/interest-rates/daily-treasury-rates.csv/2022/all?type=daily_treasury_real_yield_curve&field_tdr_date_value=2022&page&_format=csv
2022-03-07,1.78,-0.99,2.77,10Y nominal Treasury par yield - 10Y TIPS par real yield,https://home.treasury.gov/resource-center/data-chart-center/interest-rates/daily-treasury-rates.csv/2022/all?type=daily_treasury_yield_curve&field_tdr_date_value=2022&page&_format=csv,https://home.treasury.gov/resource-center/data-chart-center/interest-rates/daily-treasury-rates.csv/2022/all?type=daily_treasury_real_yield_curve&field_tdr_date_value=2022&page&_format=csv
2022-03-08,1.86,-1.04,2.90,10Y nominal Treasury par yield - 10Y TIPS par real yield,https://home.treasury.gov/resource-center/data-chart-center/interest-rates/daily-treasury-rates.csv/2022/all?type=daily_treasury_yield_curve&field_tdr_date_value=2022&page&_format=csv,https://home.treasury.gov/resource-center/data-chart-center/interest-rates/daily-treasury-rates.csv/2022/all?type=daily_treasury_real_yield_curve&field_tdr_date_value=2022&page&_format=csv
2022-03-09,1.94,-0.90,2.84,10Y nominal Treasury par yield - 10Y TIPS par real yield,https://home.treasury.gov/resource-center/data-chart-center/interest-rates/daily-treasury-rates.csv/2022/all?type=daily_treasury_yield_curve&field_tdr_date_value=2022&page&_format=csv,https://home.treasury.gov/resource-center/data-chart-center/interest-rates/daily-treasury-rates.csv/2022/all?type=daily_treasury_real_yield_curve&field_tdr_date_value=2022&page&_format=csv
2022-03-10,1.98,-0.88,2.86,10Y nominal Treasury par yield - 10Y TIPS par real yield,https://home.treasury.gov/resource-center/data-chart-center/interest-rates/daily-treasury-rates.csv/2022/all?type=daily_treasury_yield_curve&field_tdr_date_value=2022&page&_format=csv,https://home.treasury.gov/resource-center/data-chart-center/interest-rates/daily-treasury-rates.csv/2022/all?type=daily_treasury_real_yield_curve&field_tdr_date_value=2022&page&_format=csv
2022-03-11,2.00,-0.94,2.94,10Y nominal Treasury par yield - 10Y TIPS par real yield,https://home.treasury.gov/resource-center/data-chart-center/interest-rates/daily-treasury-rates.csv/2022/all?type=daily_treasury_yield_curve&field_tdr_date_value=2022&page&_format=csv,https://home.treasury.gov/resource-center/data-chart-center/interest-rates/daily-treasury-rates.csv/2022/all?type=daily_treasury_real_yield_curve&field_tdr_date_value=2022&page&_format=csv
2022-03-14,2.14,-0.79,2.93,10Y nominal Treasury par yield - 10Y TIPS par real yield,https://home.treasury.gov/resource-center/data-chart-center/interest-rates/daily-treasury-rates.csv/2022/all?type=daily_treasury_yield_curve&field_tdr_date_value=2022&page&_format=csv,https://home.treasury.gov/resource-center/data-chart-center/interest-rates/daily-treasury-rates.csv/2022/all?type=daily_treasury_real_yield_curve&field_tdr_date_value=2022&page&_format=csv
2022-03-15,2.15,-0.69,2.84,10Y nominal Treasury par yield - 10Y TIPS par real yield,https://home.treasury.gov/resource-center/data-chart-center/interest-rates/daily-treasury-rates.csv/2022/all?type=daily_treasury_yield_curve&field_tdr_date_value=2022&page&_format=csv,https://home.treasury.gov/resource-center/data-chart-center/interest-rates/daily-treasury-rates.csv/2022/all?type=daily_treasury_real_yield_curve&field_tdr_date_value=2022&page&_format=csv
2022-03-16,2.19,-0.61,2.80,10Y nominal Treasury par yield - 10Y TIPS par real yield,https://home.treasury.gov/resource-center/data-chart-center/interest-rates/daily-treasury-rates.csv/2022/all?type=daily_treasury_yield_curve&field_tdr_date_value=2022&page&_format=csv,https://home.treasury.gov/resource-center/data-chart-center/interest-rates/daily-treasury-rates.csv/2022/all?type=daily_treasury_real_yield_curve&field_tdr_date_value=2022&page&_format=csv
2022-03-17,2.20,-0.71,2.91,10Y nominal Treasury par yield - 10Y TIPS par real yield,https://home.treasury.gov/resource-center/data-chart-center/interest-rates/daily-treasury-rates.csv/2022/all?type=daily_treasury_yield_curve&field_tdr_date_value=2022&page&_format=csv,https://home.treasury.gov/resource-center/data-chart-center/interest-rates/daily-treasury-rates.csv/2022/all?type=daily_treasury_real_yield_curve&field_tdr_date_value=2022&page&_format=csv
2022-03-18,2.14,-0.72,2.86,10Y nominal Treasury par yield - 10Y TIPS par real yield,https://home.treasury.gov/resource-center/data-chart-center/interest-rates/daily-treasury-rates.csv/2022/all?type=daily_treasury_yield_curve&field_tdr_date_value=2022&page&_format=csv,https://home.treasury.gov/resource-center/data-chart-center/interest-rates/daily-treasury-rates.csv/2022/all?type=daily_treasury_real_yield_curve&field_tdr_date_value=2022&page&_format=csv
2022-03-21,2.32,-0.58,2.90,10Y nominal Treasury par yield - 10Y TIPS par real yield,https://home.treasury.gov/resource-center/data-chart-center/interest-rates/daily-treasury-rates.csv/2022/all?type=daily_treasury_yield_curve&field_tdr_date_value=2022&page&_format=csv,https://home.treasury.gov/resource-center/data-chart-center/interest-rates/daily-treasury-rates.csv/2022/all?type=daily_treasury_real_yield_curve&field_tdr_date_value=2022&page&_format=csv
2022-03-22,2.38,-0.53,2.91,10Y nominal Treasury par yield - 10Y TIPS par real yield,https://home.treasury.gov/resource-center/data-chart-center/interest-rates/daily-treasury-rates.csv/2022/all?type=daily_treasury_yield_curve&field_tdr_date_value=2022&page&_format=csv,https://home.treasury.gov/resource-center/data-chart-center/interest-rates/daily-treasury-rates.csv/2022/all?type=daily_treasury_real_yield_curve&field_tdr_date_value=2022&page&_format=csv
2022-03-23,2.32,-0.62,2.94,10Y nominal Treasury par yield - 10Y TIPS par real yield,https://home.treasury.gov/resource-center/data-chart-center/interest-rates/daily-treasury-rates.csv/2022/all?type=daily_treasury_yield_curve&field_tdr_date_value=2022&page&_format=csv,https://home.treasury.gov/resource-center/data-chart-center/interest-rates/daily-treasury-rates.csv/2022/all?type=daily_treasury_real_yield_curve&field_tdr_date_value=2022&page&_format=csv
2022-03-24,2.34,-0.58,2.92,10Y nominal Treasury par yield - 10Y TIPS par real yield,https://home.treasury.gov/resource-center/data-chart-center/interest-rates/daily-treasury-rates.csv/2022/all?type=daily_treasury_yield_curve&field_tdr_date_value=2022&page&_format=csv,https://home.treasury.gov/resource-center/data-chart-center/interest-rates/daily-treasury-rates.csv/2022/all?type=daily_treasury_real_yield_curve&field_tdr_date_value=2022&page&_format=csv
2022-03-25,2.48,-0.47,2.95,10Y nominal Treasury par yield - 10Y TIPS par real yield,https://home.treasury.gov/resource-center/data-chart-center/interest-rates/daily-treasury-rates.csv/2022/all?type=daily_treasury_yield_curve&field_tdr_date_value=2022&page&_format=csv,https://home.treasury.gov/resource-center/data-chart-center/interest-rates/daily-treasury-rates.csv/2022/all?type=daily_treasury_real_yield_curve&field_tdr_date_value=2022&page&_format=csv
2022-03-28,2.46,-0.49,2.95,10Y nominal Treasury par yield - 10Y TIPS par real yield,https://home.treasury.gov/resource-center/data-chart-center/interest-rates/daily-treasury-rates.csv/2022/all?type=daily_treasury_yield_curve&field_tdr_date_value=2022&page&_format=csv,https://home.treasury.gov/resource-center/data-chart-center/interest-rates/daily-treasury-rates.csv/2022/all?type=daily_treasury_real_yield_curve&field_tdr_date_value=2022&page&_format=csv
2022-03-29,2.41,-0.45,2.86,10Y nominal Treasury par yield - 10Y TIPS par real yield,https://home.treasury.gov/resource-center/data-chart-center/interest-rates/daily-treasury-rates.csv/2022/all?type=daily_treasury_yield_curve&field_tdr_date_value=2022&page&_format=csv,https://home.treasury.gov/resource-center/data-chart-center/interest-rates/daily-treasury-rates.csv/2022/all?type=daily_treasury_real_yield_curve&field_tdr_date_value=2022&page&_format=csv
2022-03-30,2.35,-0.51,2.86,10Y nominal Treasury par yield - 10Y TIPS par real yield,https://home.treasury.gov/resource-center/data-chart-center/interest-rates/daily-treasury-rates.csv/2022/all?type=daily_treasury_yield_curve&field_tdr_date_value=2022&page&_format=csv,https://home.treasury.gov/resource-center/data-chart-center/interest-rates/daily-treasury-rates.csv/2022/all?type=daily_treasury_real_yield_curve&field_tdr_date_value=2022&page&_format=csv
2022-03-31,2.32,-0.52,2.84,10Y nominal Treasury par yield - 10Y TIPS par real yield,https://home.treasury.gov/resource-center/data-chart-center/interest-rates/daily-treasury-rates.csv/2022/all?type=daily_treasury_yield_curve&field_tdr_date_value=2022&page&_format=csv,https://home.treasury.gov/resource-center/data-chart-center/interest-rates/daily-treasury-rates.csv/2022/all?type=daily_treasury_real_yield_curve&field_tdr_date_value=2022&page&_format=csv
2022-04-01,2.39,-0.41,2.80,10Y nominal Treasury par yield - 10Y TIPS par real yield,https://home.treasury.gov/resource-center/data-chart-center/interest-rates/daily-treasury-rates.csv/2022/all?type=daily_treasury_yield_curve&field_tdr_date_value=2022&page&_format=csv,https://home.treasury.gov/resource-center/data-chart-center/interest-rates/daily-treasury-rates.csv/2022/all?type=daily_treasury_real_yield_curve&field_tdr_date_value=2022&page&_format=csv
2022-04-04,2.42,-0.38,2.80,10Y nominal Treasury par yield - 10Y TIPS par real yield,https://home.treasury.gov/resource-center/data-chart-center/interest-rates/daily-treasury-rates.csv/2022/all?type=daily_treasury_yield_curve&field_tdr_date_value=2022&page&_format=csv,https://home.treasury.gov/resource-center/data-chart-center/interest-rates/daily-treasury-rates.csv/2022/all?type=daily_treasury_real_yield_curve&field_tdr_date_value=2022&page&_format=csv
2022-04-05,2.54,-0.30,2.84,10Y nominal Treasury par yield - 10Y TIPS par real yield,https://home.treasury.gov/resource-center/data-chart-center/interest-rates/daily-treasury-rates.csv/2022/all?type=daily_treasury_yield_curve&field_tdr_date_value=2022&page&_format=csv,https://home.treasury.gov/resource-center/data-chart-center/interest-rates/daily-treasury-rates.csv/2022/all?type=daily_treasury_real_yield_curve&field_tdr_date_value=2022&page&_format=csv
2022-04-06,2.61,-0.22,2.83,10Y nominal Treasury par yield - 10Y TIPS par real yield,https://home.treasury.gov/resource-center/data-chart-center/interest-rates/daily-treasury-rates.csv/2022/all?type=daily_treasury_yield_curve&field_tdr_date_value=2022&page&_format=csv,https://home.treasury.gov/resource-center/data-chart-center/interest-rates/daily-treasury-rates.csv/2022/all?type=daily_treasury_real_yield_curve&field_tdr_date_value=2022&page&_format=csv
2022-04-07,2.66,-0.16,2.82,10Y nominal Treasury par yield - 10Y TIPS par real yield,https://home.treasury.gov/resource-center/data-chart-center/interest-rates/daily-treasury-rates.csv/2022/all?type=daily_treasury_yield_curve&field_tdr_date_value=2022&page&_format=csv,https://home.treasury.gov/resource-center/data-chart-center/interest-rates/daily-treasury-rates.csv/2022/all?type=daily_treasury_real_yield_curve&field_tdr_date_value=2022&page&_format=csv
2022-04-08,2.72,-0.15,2.87,10Y nominal Treasury par yield - 10Y TIPS par real yield,https://home.treasury.gov/resource-center/data-chart-center/interest-rates/daily-treasury-rates.csv/2022/all?type=daily_treasury_yield_curve&field_tdr_date_value=2022&page&_format=csv,https://home.treasury.gov/resource-center/data-chart-center/interest-rates/daily-treasury-rates.csv/2022/all?type=daily_treasury_real_yield_curve&field_tdr_date_value=2022&page&_format=csv
2022-04-11,2.79,-0.12,2.91,10Y nominal Treasury par yield - 10Y TIPS par real yield,https://home.treasury.gov/resource-center/data-chart-center/interest-rates/daily-treasury-rates.csv/2022/all?type=daily_treasury_yield_curve&field_tdr_date_value=2022&page&_format=csv,https://home.treasury.gov/resource-center/data-chart-center/interest-rates/daily-treasury-rates.csv/2022/all?type=daily_treasury_real_yield_curve&field_tdr_date_value=2022&page&_format=csv
2022-04-12,2.72,-0.14,2.86,10Y nominal Treasury par yield - 10Y TIPS par real yield,https://home.treasury.gov/resource-center/data-chart-center/interest-rates/daily-treasury-rates.csv/2022/all?type=daily_treasury_yield_curve&field_tdr_date_value=2022&page&_format=csv,https://home.treasury.gov/resource-center/data-chart-center/interest-rates/daily-treasury-rates.csv/2022/all?type=daily_treasury_real_yield_curve&field_tdr_date_value=2022&page&_format=csv
2022-04-13,2.70,-0.10,2.80,10Y nominal Treasury par yield - 10Y TIPS par real yield,https://home.treasury.gov/resource-center/data-chart-center/interest-rates/daily-treasury-rates.csv/2022/all?type=daily_treasury_yield_curve&field_tdr_date_value=2022&page&_format=csv,https://home.treasury.gov/resource-center/data-chart-center/interest-rates/daily-treasury-rates.csv/2022/all?type=daily_treasury_real_yield_curve&field_tdr_date_value=2022&page&_format=csv
2022-04-14,2.83,-0.06,2.89,10Y nominal Treasury par yield - 10Y TIPS par real yield,https://home.treasury.gov/resource-center/data-chart-center/interest-rates/daily-treasury-rates.csv/2022/all?type=daily_treasury_yield_curve&field_tdr_date_value=2022&page&_format=csv,https://home.treasury.gov/resource-center/data-chart-center/interest-rates/daily-treasury-rates.csv/2022/all?type=daily_treasury_real_yield_curve&field_tdr_date_value=2022&page&_format=csv
2022-04-18,2.85,-0.07,2.92,10Y nominal Treasury par yield - 10Y TIPS par real yield,https://home.treasury.gov/resource-center/data-chart-center/interest-rates/daily-treasury-rates.csv/2022/all?type=daily_treasury_yield_curve&field_tdr_date_value=2022&page&_format=csv,https://home.treasury.gov/resource-center/data-chart-center/interest-rates/daily-treasury-rates.csv/2022/all?type=daily_treasury_real_yield_curve&field_tdr_date_value=2022&page&_format=csv
2022-04-19,2.93,0.00,2.93,10Y nominal Treasury par yield - 10Y TIPS par real yield,https://home.treasury.gov/resource-center/data-chart-center/interest-rates/daily-treasury-rates.csv/2022/all?type=daily_treasury_yield_curve&field_tdr_date_value=2022&page&_format=csv,https://home.treasury.gov/resource-center/data-chart-center/interest-rates/daily-treasury-rates.csv/2022/all?type=daily_treasury_real_yield_curve&field_tdr_date_value=2022&page&_format=csv
2022-04-20,2.85,-0.07,2.92,10Y nominal Treasury par yield - 10Y TIPS par real yield,https://home.treasury.gov/resource-center/data-chart-center/interest-rates/daily-treasury-rates.csv/2022/all?type=daily_treasury_yield_curve&field_tdr_date_value=2022&page&_format=csv,https://home.treasury.gov/resource-center/data-chart-center/interest-rates/daily-treasury-rates.csv/2022/all?type=daily_treasury_real_yield_curve&field_tdr_date_value=2022&page&_format=csv
2022-04-21,2.90,-0.12,3.02,10Y nominal Treasury par yield - 10Y TIPS par real yield,https://home.treasury.gov/resource-center/data-chart-center/interest-rates/daily-treasury-rates.csv/2022/all?type=daily_treasury_yield_curve&field_tdr_date_value=2022&page&_format=csv,https://home.treasury.gov/resource-center/data-chart-center/interest-rates/daily-treasury-rates.csv/2022/all?type=daily_treasury_real_yield_curve&field_tdr_date_value=2022&page&_format=csv
2022-04-22,2.90,-0.08,2.98,10Y nominal Treasury par yield - 10Y TIPS par real yield,https://home.treasury.gov/resource-center/data-chart-center/interest-rates/daily-treasury-rates.csv/2022/all?type=daily_treasury_yield_curve&field_tdr_date_value=2022&page&_format=csv,https://home.treasury.gov/resource-center/data-chart-center/interest-rates/daily-treasury-rates.csv/2022/all?type=daily_treasury_real_yield_curve&field_tdr_date_value=2022&page&_format=csv
2022-04-25,2.81,-0.10,2.91,10Y nominal Treasury par yield - 10Y TIPS par real yield,https://home.treasury.gov/resource-center/data-chart-center/interest-rates/daily-treasury-rates.csv/2022/all?type=daily_treasury_yield_curve&field_tdr_date_value=2022&page&_format=csv,https://home.treasury.gov/resource-center/data-chart-center/interest-rates/daily-treasury-rates.csv/2022/all?type=daily_treasury_real_yield_curve&field_tdr_date_value=2022&page&_format=csv
2022-04-26,2.77,-0.08,2.85,10Y nominal Treasury par yield - 10Y TIPS par real yield,https://home.treasury.gov/resource-center/data-chart-center/interest-rates/daily-treasury-rates.csv/2022/all?type=daily_treasury_yield_curve&field_tdr_date_value=2022&page&_format=csv,https://home.treasury.gov/resource-center/data-chart-center/interest-rates/daily-treasury-rates.csv/2022/all?type=daily_treasury_real_yield_curve&field_tdr_date_value=2022&page&_format=csv
2022-04-27,2.82,-0.06,2.88,10Y nominal Treasury par yield - 10Y TIPS par real yield,https://home.treasury.gov/resource-center/data-chart-center/interest-rates/daily-treasury-rates.csv/2022/all?type=daily_treasury_yield_curve&field_tdr_date_value=2022&page&_format=csv,https://home.treasury.gov/resource-center/data-chart-center/interest-rates/daily-treasury-rates.csv/2022/all?type=daily_treasury_real_yield_curve&field_tdr_date_value=2022&page&_format=csv
2022-04-28,2.85,-0.12,2.97,10Y nominal Treasury par yield - 10Y TIPS par real yield,https://home.treasury.gov/resource-center/data-chart-center/interest-rates/daily-treasury-rates.csv/2022/all?type=daily_treasury_yield_curve&field_tdr_date_value=2022&page&_format=csv,https://home.treasury.gov/resource-center/data-chart-center/interest-rates/daily-treasury-rates.csv/2022/all?type=daily_treasury_real_yield_curve&field_tdr_date_value=2022&page&_format=csv
2022-04-29,2.89,0.01,2.88,10Y nominal Treasury par yield - 10Y TIPS par real yield,https://home.treasury.gov/resource-center/data-chart-center/interest-rates/daily-treasury-rates.csv/2022/all?type=daily_treasury_yield_curve&field_tdr_date_value=2022&page&_format=csv,https://home.treasury.gov/resource-center/data-chart-center/interest-rates/daily-treasury-rates.csv/2022/all?type=daily_treasury_real_yield_curve&field_tdr_date_value=2022&page&_format=csv
2022-05-02,2.99,0.18,2.81,10Y nominal Treasury par yield - 10Y TIPS par real yield,https://home.treasury.gov/resource-center/data-chart-center/interest-rates/daily-treasury-rates.csv/2022/all?type=daily_treasury_yield_curve&field_tdr_date_value=2022&page&_format=csv,https://home.treasury.gov/resource-center/data-chart-center/interest-rates/daily-treasury-rates.csv/2022/all?type=daily_treasury_real_yield_curve&field_tdr_date_value=2022&page&_format=csv
2022-05-03,2.97,0.14,2.83,10Y nominal Treasury par yield - 10Y TIPS par real yield,https://home.treasury.gov/resource-center/data-chart-center/interest-rates/daily-treasury-rates.csv/2022/all?type=daily_treasury_yield_curve&field_tdr_date_value=2022&page&_format=csv,https://home.treasury.gov/resource-center/data-chart-center/interest-rates/daily-treasury-rates.csv/2022/all?type=daily_treasury_real_yield_curve&field_tdr_date_value=2022&page&_format=csv
2022-05-04,2.93,0.07,2.86,10Y nominal Treasury par yield - 10Y TIPS par real yield,https://home.treasury.gov/resource-center/data-chart-center/interest-rates/daily-treasury-rates.csv/2022/all?type=daily_treasury_yield_curve&field_tdr_date_value=2022&page&_format=csv,https://home.treasury.gov/resource-center/data-chart-center/interest-rates/daily-treasury-rates.csv/2022/all?type=daily_treasury_real_yield_curve&field_tdr_date_value=2022&page&_format=csv
2022-05-05,3.05,0.18,2.87,10Y nominal Treasury par yield - 10Y TIPS par real yield,https://home.treasury.gov/resource-center/data-chart-center/interest-rates/daily-treasury-rates.csv/2022/all?type=daily_treasury_yield_curve&field_tdr_date_value=2022&page&_format=csv,https://home.treasury.gov/resource-center/data-chart-center/interest-rates/daily-treasury-rates.csv/2022/all?type=daily_treasury_real_yield_curve&field_tdr_date_value=2022&page&_format=csv
2022-05-06,3.12,0.26,2.86,10Y nominal Treasury par yield - 10Y TIPS par real yield,https://home.treasury.gov/resource-center/data-chart-center/interest-rates/daily-treasury-rates.csv/2022/all?type=daily_treasury_yield_curve&field_tdr_date_value=2022&page&_format=csv,https://home.treasury.gov/resource-center/data-chart-center/interest-rates/daily-treasury-rates.csv/2022/all?type=daily_treasury_real_yield_curve&field_tdr_date_value=2022&page&_format=csv
2022-05-09,3.05,0.30,2.75,10Y nominal Treasury par yield - 10Y TIPS par real yield,https://home.treasury.gov/resource-center/data-chart-center/interest-rates/daily-treasury-rates.csv/2022/all?type=daily_treasury_yield_curve&field_tdr_date_value=2022&page&_format=csv,https://home.treasury.gov/resource-center/data-chart-center/interest-rates/daily-treasury-rates.csv/2022/all?type=daily_treasury_real_yield_curve&field_tdr_date_value=2022&page&_format=csv
2022-05-10,2.99,0.34,2.65,10Y nominal Treasury par yield - 10Y TIPS par real yield,https://home.treasury.gov/resource-center/data-chart-center/interest-rates/daily-treasury-rates.csv/2022/all?type=daily_treasury_yield_curve&field_tdr_date_value=2022&page&_format=csv,https://home.treasury.gov/resource-center/data-chart-center/interest-rates/daily-treasury-rates.csv/2022/all?type=daily_treasury_real_yield_curve&field_tdr_date_value=2022&page&_format=csv
2022-05-11,2.91,0.21,2.70,10Y nominal Treasury par yield - 10Y TIPS par real yield,https://home.treasury.gov/resource-center/data-chart-center/interest-rates/daily-treasury-rates.csv/2022/all?type=daily_treasury_yield_curve&field_tdr_date_value=2022&page&_format=csv,https://home.treasury.gov/resource-center/data-chart-center/interest-rates/daily-treasury-rates.csv/2022/all?type=daily_treasury_real_yield_curve&field_tdr_date_value=2022&page&_format=csv
2022-05-12,2.84,0.25,2.59,10Y nominal Treasury par yield - 10Y TIPS par real yield,https://home.treasury.gov/resource-center/data-chart-center/interest-rates/daily-treasury-rates.csv/2022/all?type=daily_treasury_yield_curve&field_tdr_date_value=2022&page&_format=csv,https://home.treasury.gov/resource-center/data-chart-center/interest-rates/daily-treasury-rates.csv/2022/all?type=daily_treasury_real_yield_curve&field_tdr_date_value=2022&page&_format=csv
2022-05-13,2.93,0.24,2.69,10Y nominal Treasury par yield - 10Y TIPS par real yield,https://home.treasury.gov/resource-center/data-chart-center/interest-rates/daily-treasury-rates.csv/2022/all?type=daily_treasury_yield_curve&field_tdr_date_value=2022&page&_format=csv,https://home.treasury.gov/resource-center/data-chart-center/interest-rates/daily-treasury-rates.csv/2022/all?type=daily_treasury_real_yield_curve&field_tdr_date_value=2022&page&_format=csv
2022-05-16,2.88,0.20,2.68,10Y nominal Treasury par yield - 10Y TIPS par real yield,https://home.treasury.gov/resource-center/data-chart-center/interest-rates/daily-treasury-rates.csv/2022/all?type=daily_treasury_yield_curve&field_tdr_date_value=2022&page&_format=csv,https://home.treasury.gov/resource-center/data-chart-center/interest-rates/daily-treasury-rates.csv/2022/all?type=daily_treasury_real_yield_curve&field_tdr_date_value=2022&page&_format=csv
2022-05-17,2.98,0.27,2.71,10Y nominal Treasury par yield - 10Y TIPS par real yield,https://home.treasury.gov/resource-center/data-chart-center/interest-rates/daily-treasury-rates.csv/2022/all?type=daily_treasury_yield_curve&field_tdr_date_value=2022&page&_format=csv,https://home.treasury.gov/resource-center/data-chart-center/interest-rates/daily-treasury-rates.csv/2022/all?type=daily_treasury_real_yield_curve&field_tdr_date_value=2022&page&_format=csv
2022-05-18,2.89,0.17,2.72,10Y nominal Treasury par yield - 10Y TIPS par real yield,https://home.treasury.gov/resource-center/data-chart-center/interest-rates/daily-treasury-rates.csv/2022/all?type=daily_treasury_yield_curve&field_tdr_date_value=2022&page&_format=csv,https://home.treasury.gov/resource-center/data-chart-center/interest-rates/daily-treasury-rates.csv/2022/all?type=daily_treasury_real_yield_curve&field_tdr_date_value=2022&page&_format=csv
2022-05-19,2.84,0.25,2.59,10Y nominal Treasury par yield - 10Y TIPS par real yield,https://home.treasury.gov/resource-center/data-chart-center/interest-rates/daily-treasury-rates.csv/2022/all?type=daily_treasury_yield_curve&field_tdr_date_value=2022&page&_format=csv,https://home.treasury.gov/resource-center/data-chart-center/interest-rates/daily-treasury-rates.csv/2022/all?type=daily_treasury_real_yield_curve&field_tdr_date_value=2022&page&_format=csv
2022-05-20,2.78,0.23,2.55,10Y nominal Treasury par yield - 10Y TIPS par real yield,https://home.treasury.gov/resource-center/data-chart-center/interest-rates/daily-treasury-rates.csv/2022/all?type=daily_treasury_yield_curve&field_tdr_date_value=2022&page&_format=csv,https://home.treasury.gov/resource-center/data-chart-center/interest-rates/daily-treasury-rates.csv/2022/all?type=daily_treasury_real_yield_curve&field_tdr_date_value=2022&page&_format=csv
2022-05-23,2.86,0.26,2.60,10Y nominal Treasury par yield - 10Y TIPS par real yield,https://home.treasury.gov/resource-center/data-chart-center/interest-rates/daily-treasury-rates.csv/2022/all?type=daily_treasury_yield_curve&field_tdr_date_value=2022&page&_format=csv,https://home.treasury.gov/resource-center/data-chart-center/interest-rates/daily-treasury-rates.csv/2022/all?type=daily_treasury_real_yield_curve&field_tdr_date_value=2022&page&_format=csv
2022-05-24,2.76,0.21,2.55,10Y nominal Treasury par yield - 10Y TIPS par real yield,https://home.treasury.gov/resource-center/data-chart-center/interest-rates/daily-treasury-rates.csv/2022/all?type=daily_treasury_yield_curve&field_tdr_date_value=2022&page&_format=csv,https://home.treasury.gov/resource-center/data-chart-center/interest-rates/daily-treasury-rates.csv/2022/all?type=daily_treasury_real_yield_curve&field_tdr_date_value=2022&page&_format=csv
2022-05-25,2.75,0.19,2.56,10Y nominal Treasury par yield - 10Y TIPS par real yield,https://home.treasury.gov/resource-center/data-chart-center/interest-rates/daily-treasury-rates.csv/2022/all?type=daily_treasury_yield_curve&field_tdr_date_value=2022&page&_format=csv,https://home.treasury.gov/resource-center/data-chart-center/interest-rates/daily-treasury-rates.csv/2022/all?type=daily_treasury_real_yield_curve&field_tdr_date_value=2022&page&_format=csv
2022-05-26,2.75,0.13,2.62,10Y nominal Treasury par yield - 10Y TIPS par real yield,https://home.treasury.gov/resource-center/data-chart-center/interest-rates/daily-treasury-rates.csv/2022/all?type=daily_treasury_yield_curve&field_tdr_date_value=2022&page&_format=csv,https://home.treasury.gov/resource-center/data-chart-center/interest-rates/daily-treasury-rates.csv/2022/all?type=daily_treasury_real_yield_curve&field_tdr_date_value=2022&page&_format=csv
2022-05-27,2.74,0.11,2.63,10Y nominal Treasury par yield - 10Y TIPS par real yield,https://home.treasury.gov/resource-center/data-chart-center/interest-rates/daily-treasury-rates.csv/2022/all?type=daily_treasury_yield_curve&field_tdr_date_value=2022&page&_format=csv,https://home.treasury.gov/resource-center/data-chart-center/interest-rates/daily-treasury-rates.csv/2022/all?type=daily_treasury_real_yield_curve&field_tdr_date_value=2022&page&_format=csv
2022-05-31,2.85,0.21,2.64,10Y nominal Treasury par yield - 10Y TIPS par real yield,https://home.treasury.gov/resource-center/data-chart-center/interest-rates/daily-treasury-rates.csv/2022/all?type=daily_treasury_yield_curve&field_tdr_date_value=2022&page&_format=csv,https://home.treasury.gov/resource-center/data-chart-center/interest-rates/daily-treasury-rates.csv/2022/all?type=daily_treasury_real_yield_curve&field_tdr_date_value=2022&page&_format=csv
2022-06-01,2.94,0.29,2.65,10Y nominal Treasury par yield - 10Y TIPS par real yield,https://home.treasury.gov/resource-center/data-chart-center/interest-rates/daily-treasury-rates.csv/2022/all?type=daily_treasury_yield_curve&field_tdr_date_value=2022&page&_format=csv,https://home.treasury.gov/resource-center/data-chart-center/interest-rates/daily-treasury-rates.csv/2022/all?type=daily_treasury_real_yield_curve&field_tdr_date_value=2022&page&_format=csv
2022-06-02,2.92,0.26,2.66,10Y nominal Treasury par yield - 10Y TIPS par real yield,https://home.treasury.gov/resource-center/data-chart-center/interest-rates/daily-treasury-rates.csv/2022/all?type=daily_treasury_yield_curve&field_tdr_date_value=2022&page&_format=csv,https://home.treasury.gov/resource-center/data-chart-center/interest-rates/daily-treasury-rates.csv/2022/all?type=daily_treasury_real_yield_curve&field_tdr_date_value=2022&page&_format=csv
2022-06-03,2.96,0.22,2.74,10Y nominal Treasury par yield - 10Y TIPS par real yield,https://home.treasury.gov/resource-center/data-chart-center/interest-rates/daily-treasury-rates.csv/2022/all?type=daily_treasury_yield_curve&field_tdr_date_value=2022&page&_format=csv,https://home.treasury.gov/resource-center/data-chart-center/interest-rates/daily-treasury-rates.csv/2022/all?type=daily_treasury_real_yield_curve&field_tdr_date_value=2022&page&_format=csv
2022-06-06,3.04,0.28,2.76,10Y nominal Treasury par yield - 10Y TIPS par real yield,https://home.treasury.gov/resource-center/data-chart-center/interest-rates/daily-treasury-rates.csv/2022/all?type=daily_treasury_yield_curve&field_tdr_date_value=2022&page&_format=csv,https://home.treasury.gov/resource-center/data-chart-center/interest-rates/daily-treasury-rates.csv/2022/all?type=daily_treasury_real_yield_curve&field_tdr_date_value=2022&page&_format=csv
2022-06-07,2.98,0.25,2.73,10Y nominal Treasury par yield - 10Y TIPS par real yield,https://home.treasury.gov/resource-center/data-chart-center/interest-rates/daily-treasury-rates.csv/2022/all?type=daily_treasury_yield_curve&field_tdr_date_value=2022&page&_format=csv,https://home.treasury.gov/resource-center/data-chart-center/interest-rates/daily-treasury-rates.csv/2022/all?type=daily_treasury_real_yield_curve&field_tdr_date_value=2022&page&_format=csv
2022-06-08,3.03,0.28,2.75,10Y nominal Treasury par yield - 10Y TIPS par real yield,https://home.treasury.gov/resource-center/data-chart-center/interest-rates/daily-treasury-rates.csv/2022/all?type=daily_treasury_yield_curve&field_tdr_date_value=2022&page&_format=csv,https://home.treasury.gov/resource-center/data-chart-center/interest-rates/daily-treasury-rates.csv/2022/all?type=daily_treasury_real_yield_curve&field_tdr_date_value=2022&page&_format=csv
2022-06-09,3.04,0.29,2.75,10Y nominal Treasury par yield - 10Y TIPS par real yield,https://home.treasury.gov/resource-center/data-chart-center/interest-rates/daily-treasury-rates.csv/2022/all?type=daily_treasury_yield_curve&field_tdr_date_value=2022&page&_format=csv,https://home.treasury.gov/resource-center/data-chart-center/interest-rates/daily-treasury-rates.csv/2022/all?type=daily_treasury_real_yield_curve&field_tdr_date_value=2022&page&_format=csv
2022-06-10,3.15,0.39,2.76,10Y nominal Treasury par yield - 10Y TIPS par real yield,https://home.treasury.gov/resource-center/data-chart-center/interest-rates/daily-treasury-rates.csv/2022/all?type=daily_treasury_yield_curve&field_tdr_date_value=2022&page&_format=csv,https://home.treasury.gov/resource-center/data-chart-center/interest-rates/daily-treasury-rates.csv/2022/all?type=daily_treasury_real_yield_curve&field_tdr_date_value=2022&page&_format=csv
2022-06-13,3.43,0.69,2.74,10Y nominal Treasury par yield - 10Y TIPS par real yield,https://home.treasury.gov/resource-center/data-chart-center/interest-rates/daily-treasury-rates.csv/2022/all?type=daily_treasury_yield_curve&field_tdr_date_value=2022&page&_format=csv,https://home.treasury.gov/resource-center/data-chart-center/interest-rates/daily-treasury-rates.csv/2022/all?type=daily_treasury_real_yield_curve&field_tdr_date_value=2022&page&_format=csv
2022-06-14,3.49,0.89,2.60,10Y nominal Treasury par yield - 10Y TIPS par real yield,https://home.treasury.gov/resource-center/data-chart-center/interest-rates/daily-treasury-rates.csv/2022/all?type=daily_treasury_yield_curve&field_tdr_date_value=2022&page&_format=csv,https://home.treasury.gov/resource-center/data-chart-center/interest-rates/daily-treasury-rates.csv/2022/all?type=daily_treasury_real_yield_curve&field_tdr_date_value=2022&page&_format=csv
2022-06-15,3.33,0.63,2.70,10Y nominal Treasury par yield - 10Y TIPS par real yield,https://home.treasury.gov/resource-center/data-chart-center/interest-rates/daily-treasury-rates.csv/2022/all?type=daily_treasury_yield_curve&field_tdr_date_value=2022&page&_format=csv,https://home.treasury.gov/resource-center/data-chart-center/interest-rates/daily-treasury-rates.csv/2022/all?type=daily_treasury_real_yield_curve&field_tdr_date_value=2022&page&_format=csv
2022-06-16,3.28,0.66,2.62,10Y nominal Treasury par yield - 10Y TIPS par real yield,https://home.treasury.gov/resource-center/data-chart-center/interest-rates/daily-treasury-rates.csv/2022/all?type=daily_treasury_yield_curve&field_tdr_date_value=2022&page&_format=csv,https://home.treasury.gov/resource-center/data-chart-center/interest-rates/daily-treasury-rates.csv/2022/all?type=daily_treasury_real_yield_curve&field_tdr_date_value=2022&page&_format=csv
2022-06-17,3.25,0.67,2.58,10Y nominal Treasury par yield - 10Y TIPS par real yield,https://home.treasury.gov/resource-center/data-chart-center/interest-rates/daily-treasury-rates.csv/2022/all?type=daily_treasury_yield_curve&field_tdr_date_value=2022&page&_format=csv,https://home.treasury.gov/resource-center/data-chart-center/interest-rates/daily-treasury-rates.csv/2022/all?type=daily_treasury_real_yield_curve&field_tdr_date_value=2022&page&_format=csv
2022-06-21,3.31,0.70,2.61,10Y nominal Treasury par yield - 10Y TIPS par real yield,https://home.treasury.gov/resource-center/data-chart-center/interest-rates/daily-treasury-rates.csv/2022/all?type=daily_treasury_yield_curve&field_tdr_date_value=2022&page&_format=csv,https://home.treasury.gov/resource-center/data-chart-center/interest-rates/daily-treasury-rates.csv/2022/all?type=daily_treasury_real_yield_curve&field_tdr_date_value=2022&page&_format=csv
2022-06-22,3.16,0.62,2.54,10Y nominal Treasury par yield - 10Y TIPS par real yield,https://home.treasury.gov/resource-center/data-chart-center/interest-rates/daily-treasury-rates.csv/2022/all?type=daily_treasury_yield_curve&field_tdr_date_value=2022&page&_format=csv,https://home.treasury.gov/resource-center/data-chart-center/interest-rates/daily-treasury-rates.csv/2022/all?type=daily_treasury_real_yield_curve&field_tdr_date_value=2022&page&_format=csv
2022-06-23,3.09,0.59,2.50,10Y nominal Treasury par yield - 10Y TIPS par real yield,https://home.treasury.gov/resource-center/data-chart-center/interest-rates/daily-treasury-rates.csv/2022/all?type=daily_treasury_yield_curve&field_tdr_date_value=2022&page&_format=csv,https://home.treasury.gov/resource-center/data-chart-center/interest-rates/daily-treasury-rates.csv/2022/all?type=daily_treasury_real_yield_curve&field_tdr_date_value=2022&page&_format=csv
2022-06-24,3.13,0.57,2.56,10Y nominal Treasury par yield - 10Y TIPS par real yield,https://home.treasury.gov/resource-center/data-chart-center/interest-rates/daily-treasury-rates.csv/2022/all?type=daily_treasury_yield_curve&field_tdr_date_value=2022&page&_format=csv,https://home.treasury.gov/resource-center/data-chart-center/interest-rates/daily-treasury-rates.csv/2022/all?type=daily_treasury_real_yield_curve&field_tdr_date_value=2022&page&_format=csv
2022-06-27,3.20,0.65,2.55,10Y nominal Treasury par yield - 10Y TIPS par real yield,https://home.treasury.gov/resource-center/data-chart-center/interest-rates/daily-treasury-rates.csv/2022/all?type=daily_treasury_yield_curve&field_tdr_date_value=2022&page&_format=csv,https://home.treasury.gov/resource-center/data-chart-center/interest-rates/daily-treasury-rates.csv/2022/all?type=daily_treasury_real_yield_curve&field_tdr_date_value=2022&page&_format=csv
2022-06-28,3.20,0.72,2.48,10Y nominal Treasury par yield - 10Y TIPS par real yield,https://home.treasury.gov/resource-center/data-chart-center/interest-rates/daily-treasury-rates.csv/2022/all?type=daily_treasury_yield_curve&field_tdr_date_value=2022&page&_format=csv,https://home.treasury.gov/resource-center/data-chart-center/interest-rates/daily-treasury-rates.csv/2022/all?type=daily_treasury_real_yield_curve&field_tdr_date_value=2022&page&_format=csv
2022-06-29,3.10,0.74,2.36,10Y nominal Treasury par yield - 10Y TIPS par real yield,https://home.treasury.gov/resource-center/data-chart-center/interest-rates/daily-treasury-rates.csv/2022/all?type=daily_treasury_yield_curve&field_tdr_date_value=2022&page&_format=csv,https://home.treasury.gov/resource-center/data-chart-center/interest-rates/daily-treasury-rates.csv/2022/all?type=daily_treasury_real_yield_curve&field_tdr_date_value=2022&page&_format=csv
2022-06-30,2.98,0.65,2.33,10Y nominal Treasury par yield - 10Y TIPS par real yield,https://home.treasury.gov/resource-center/data-chart-center/interest-rates/daily-treasury-rates.csv/2022/all?type=daily_treasury_yield_curve&field_tdr_date_value=2022&page&_format=csv,https://home.treasury.gov/resource-center/data-chart-center/interest-rates/daily-treasury-rates.csv/2022/all?type=daily_treasury_real_yield_curve&field_tdr_date_value=2022&page&_format=csv
2022-07-01,2.88,0.54,2.34,10Y nominal Treasury par yield - 10Y TIPS par real yield,https://home.treasury.gov/resource-center/data-chart-center/interest-rates/daily-treasury-rates.csv/2022/all?type=daily_treasury_yield_curve&field_tdr_date_value=2022&page&_format=csv,https://home.treasury.gov/resource-center/data-chart-center/interest-rates/daily-treasury-rates.csv/2022/all?type=daily_treasury_real_yield_curve&field_tdr_date_value=2022&page&_format=csv
2022-07-05,2.82,0.52,2.30,10Y nominal Treasury par yield - 10Y TIPS par real yield,https://home.treasury.gov/resource-center/data-chart-center/interest-rates/daily-treasury-rates.csv/2022/all?type=daily_treasury_yield_curve&field_tdr_date_value=2022&page&_format=csv,https://home.treasury.gov/resource-center/data-chart-center/interest-rates/daily-treasury-rates.csv/2022/all?type=daily_treasury_real_yield_curve&field_tdr_date_value=2022&page&_format=csv
2022-07-06,2.93,0.64,2.29,10Y nominal Treasury par yield - 10Y TIPS par real yield,https://home.treasury.gov/resource-center/data-chart-center/interest-rates/daily-treasury-rates.csv/2022/all?type=daily_treasury_yield_curve&field_tdr_date_value=2022&page&_format=csv,https://home.treasury.gov/resource-center/data-chart-center/interest-rates/daily-treasury-rates.csv/2022/all?type=daily_treasury_real_yield_curve&field_tdr_date_value=2022&page&_format=csv
2022-07-07,3.01,0.68,2.33,10Y nominal Treasury par yield - 10Y TIPS par real yield,https://home.treasury.gov/resource-center/data-chart-center/interest-rates/daily-treasury-rates.csv/2022/all?type=daily_treasury_yield_curve&field_tdr_date_value=2022&page&_format=csv,https://home.treasury.gov/resource-center/data-chart-center/interest-rates/daily-treasury-rates.csv/2022/all?type=daily_treasury_real_yield_curve&field_tdr_date_value=2022&page&_format=csv
2022-07-08,3.09,0.72,2.37,10Y nominal Treasury par yield - 10Y TIPS par real yield,https://home.treasury.gov/resource-center/data-chart-center/interest-rates/daily-treasury-rates.csv/2022/all?type=daily_treasury_yield_curve&field_tdr_date_value=2022&page&_format=csv,https://home.treasury.gov/resource-center/data-chart-center/interest-rates/daily-treasury-rates.csv/2022/all?type=daily_treasury_real_yield_curve&field_tdr_date_value=2022&page&_format=csv
2022-07-11,2.99,0.67,2.32,10Y nominal Treasury par yield - 10Y TIPS par real yield,https://home.treasury.gov/resource-center/data-chart-center/interest-rates/daily-treasury-rates.csv/2022/all?type=daily_treasury_yield_curve&field_tdr_date_value=2022&page&_format=csv,https://home.treasury.gov/resource-center/data-chart-center/interest-rates/daily-treasury-rates.csv/2022/all?type=daily_treasury_real_yield_curve&field_tdr_date_value=2022&page&_format=csv
2022-07-12,2.96,0.64,2.32,10Y nominal Treasury par yield - 10Y TIPS par real yield,https://home.treasury.gov/resource-center/data-chart-center/interest-rates/daily-treasury-rates.csv/2022/all?type=daily_treasury_yield_curve&field_tdr_date_value=2022&page&_format=csv,https://home.treasury.gov/resource-center/data-chart-center/interest-rates/daily-treasury-rates.csv/2022/all?type=daily_treasury_real_yield_curve&field_tdr_date_value=2022&page&_format=csv
2022-07-13,2.91,0.60,2.31,10Y nominal Treasury par yield - 10Y TIPS par real yield,https://home.treasury.gov/resource-center/data-chart-center/interest-rates/daily-treasury-rates.csv/2022/all?type=daily_treasury_yield_curve&field_tdr_date_value=2022&page&_format=csv,https://home.treasury.gov/resource-center/data-chart-center/interest-rates/daily-treasury-rates.csv/2022/all?type=daily_treasury_real_yield_curve&field_tdr_date_value=2022&page&_format=csv
2022-07-14,2.96,0.62,2.34,10Y nominal Treasury par yield - 10Y TIPS par real yield,https://home.treasury.gov/resource-center/data-chart-center/interest-rates/daily-treasury-rates.csv/2022/all?type=daily_treasury_yield_curve&field_tdr_date_value=2022&page&_format=csv,https://home.treasury.gov/resource-center/data-chart-center/interest-rates/daily-treasury-rates.csv/2022/all?type=daily_treasury_real_yield_curve&field_tdr_date_value=2022&page&_format=csv
2022-07-15,2.93,0.57,2.36,10Y nominal Treasury par yield - 10Y TIPS par real yield,https://home.treasury.gov/resource-center/data-chart-center/interest-rates/daily-treasury-rates.csv/2022/all?type=daily_treasury_yield_curve&field_tdr_date_value=2022&page&_format=csv,https://home.treasury.gov/resource-center/data-chart-center/interest-rates/daily-treasury-rates.csv/2022/all?type=daily_treasury_real_yield_curve&field_tdr_date_value=2022&page&_format=csv
2022-07-18,2.96,0.59,2.37,10Y nominal Treasury par yield - 10Y TIPS par real yield,https://home.treasury.gov/resource-center/data-chart-center/interest-rates/daily-treasury-rates.csv/2022/all?type=daily_treasury_yield_curve&field_tdr_date_value=2022&page&_format=csv,https://home.treasury.gov/resource-center/data-chart-center/interest-rates/daily-treasury-rates.csv/2022/all?type=daily_treasury_real_yield_curve&field_tdr_date_value=2022&page&_format=csv
2022-07-19,3.01,0.62,2.39,10Y nominal Treasury par yield - 10Y TIPS par real yield,https://home.treasury.gov/resource-center/data-chart-center/interest-rates/daily-treasury-rates.csv/2022/all?type=daily_treasury_yield_curve&field_tdr_date_value=2022&page&_format=csv,https://home.treasury.gov/resource-center/data-chart-center/interest-rates/daily-treasury-rates.csv/2022/all?type=daily_treasury_real_yield_curve&field_tdr_date_value=2022&page&_format=csv
2022-07-20,3.04,0.66,2.38,10Y nominal Treasury par yield - 10Y TIPS par real yield,https://home.treasury.gov/resource-center/data-chart-center/interest-rates/daily-treasury-rates.csv/2022/all?type=daily_treasury_yield_curve&field_tdr_date_value=2022&page&_format=csv,https://home.treasury.gov/resource-center/data-chart-center/interest-rates/daily-treasury-rates.csv/2022/all?type=daily_treasury_real_yield_curve&field_tdr_date_value=2022&page&_format=csv
2022-07-21,2.91,0.58,2.33,10Y nominal Treasury par yield - 10Y TIPS par real yield,https://home.treasury.gov/resource-center/data-chart-center/interest-rates/daily-treasury-rates.csv/2022/all?type=daily_treasury_yield_curve&field_tdr_date_value=2022&page&_format=csv,https://home.treasury.gov/resource-center/data-chart-center/interest-rates/daily-treasury-rates.csv/2022/all?type=daily_treasury_real_yield_curve&field_tdr_date_value=2022&page&_format=csv
2022-07-22,2.77,0.43,2.34,10Y nominal Treasury par yield - 10Y TIPS par real yield,https://home.treasury.gov/resource-center/data-chart-center/interest-rates/daily-treasury-rates.csv/2022/all?type=daily_treasury_yield_curve&field_tdr_date_value=2022&page&_format=csv,https://home.treasury.gov/resource-center/data-chart-center/interest-rates/daily-treasury-rates.csv/2022/all?type=daily_treasury_real_yield_curve&field_tdr_date_value=2022&page&_format=csv
2022-07-25,2.81,0.45,2.36,10Y nominal Treasury par yield - 10Y TIPS par real yield,https://home.treasury.gov/resource-center/data-chart-center/interest-rates/daily-treasury-rates.csv/2022/all?type=daily_treasury_yield_curve&field_tdr_date_value=2022&page&_format=csv,https://home.treasury.gov/resource-center/data-chart-center/interest-rates/daily-treasury-rates.csv/2022/all?type=daily_treasury_real_yield_curve&field_tdr_date_value=2022&page&_format=csv
2022-07-26,2.81,0.45,2.36,10Y nominal Treasury par yield - 10Y TIPS par real yield,https://home.treasury.gov/resource-center/data-chart-center/interest-rates/daily-treasury-rates.csv/2022/all?type=daily_treasury_yield_curve&field_tdr_date_value=2022&page&_format=csv,https://home.treasury.gov/resource-center/data-chart-center/interest-rates/daily-treasury-rates.csv/2022/all?type=daily_treasury_real_yield_curve&field_tdr_date_value=2022&page&_format=csv
2022-07-27,2.78,0.36,2.42,10Y nominal Treasury par yield - 10Y TIPS par real yield,https://home.treasury.gov/resource-center/data-chart-center/interest-rates/daily-treasury-rates.csv/2022/all?type=daily_treasury_yield_curve&field_tdr_date_value=2022&page&_format=csv,https://home.treasury.gov/resource-center/data-chart-center/interest-rates/daily-treasury-rates.csv/2022/all?type=daily_treasury_real_yield_curve&field_tdr_date_value=2022&page&_format=csv
2022-07-28,2.68,0.20,2.48,10Y nominal Treasury par yield - 10Y TIPS par real yield,https://home.treasury.gov/resource-center/data-chart-center/interest-rates/daily-treasury-rates.csv/2022/all?type=daily_treasury_yield_curve&field_tdr_date_value=2022&page&_format=csv,https://home.treasury.gov/resource-center/data-chart-center/interest-rates/daily-treasury-rates.csv/2022/all?type=daily_treasury_real_yield_curve&field_tdr_date_value=2022&page&_format=csv
2022-07-29,2.67,0.14,2.53,10Y nominal Treasury par yield - 10Y TIPS par real yield,https://home.treasury.gov/resource-center/data-chart-center/interest-rates/daily-treasury-rates.csv/2022/all?type=daily_treasury_yield_curve&field_tdr_date_value=2022&page&_format=csv,https://home.treasury.gov/resource-center/data-chart-center/interest-rates/daily-treasury-rates.csv/2022/all?type=daily_treasury_real_yield_curve&field_tdr_date_value=2022&page&_format=csv
2022-08-01,2.60,0.09,2.51,10Y nominal Treasury par yield - 10Y TIPS par real yield,https://home.treasury.gov/resource-center/data-chart-center/interest-rates/daily-treasury-rates.csv/2022/all?type=daily_treasury_yield_curve&field_tdr_date_value=2022&page&_format=csv,https://home.treasury.gov/resource-center/data-chart-center/interest-rates/daily-treasury-rates.csv/2022/all?type=daily_treasury_real_yield_curve&field_tdr_date_value=2022&page&_format=csv
2022-08-02,2.75,0.27,2.48,10Y nominal Treasury par yield - 10Y TIPS par real yield,https://home.treasury.gov/resource-center/data-chart-center/interest-rates/daily-treasury-rates.csv/2022/all?type=daily_treasury_yield_curve&field_tdr_date_value=2022&page&_format=csv,https://home.treasury.gov/resource-center/data-chart-center/interest-rates/daily-treasury-rates.csv/2022/all?type=daily_treasury_real_yield_curve&field_tdr_date_value=2022&page&_format=csv
2022-08-03,2.73,0.23,2.50,10Y nominal Treasury par yield - 10Y TIPS par real yield,https://home.treasury.gov/resource-center/data-chart-center/interest-rates/daily-treasury-rates.csv/2022/all?type=daily_treasury_yield_curve&field_tdr_date_value=2022&page&_format=csv,https://home.treasury.gov/resource-center/data-chart-center/interest-rates/daily-treasury-rates.csv/2022/all?type=daily_treasury_real_yield_curve&field_tdr_date_value=2022&page&_format=csv
2022-08-04,2.68,0.22,2.46,10Y nominal Treasury par yield - 10Y TIPS par real yield,https://home.treasury.gov/resource-center/data-chart-center/interest-rates/daily-treasury-rates.csv/2022/all?type=daily_treasury_yield_curve&field_tdr_date_value=2022&page&_format=csv,https://home.treasury.gov/resource-center/data-chart-center/interest-rates/daily-treasury-rates.csv/2022/all?type=daily_treasury_real_yield_curve&field_tdr_date_value=2022&page&_format=csv
2022-08-05,2.83,0.37,2.46,10Y nominal Treasury par yield - 10Y TIPS par real yield,https://home.treasury.gov/resource-center/data-chart-center/interest-rates/daily-treasury-rates.csv/2022/all?type=daily_treasury_yield_curve&field_tdr_date_value=2022&page&_format=csv,https://home.treasury.gov/resource-center/data-chart-center/interest-rates/daily-treasury-rates.csv/2022/all?type=daily_treasury_real_yield_curve&field_tdr_date_value=2022&page&_format=csv
2022-08-08,2.77,0.29,2.48,10Y nominal Treasury par yield - 10Y TIPS par real yield,https://home.treasury.gov/resource-center/data-chart-center/interest-rates/daily-treasury-rates.csv/2022/all?type=daily_treasury_yield_curve&field_tdr_date_value=2022&page&_format=csv,https://home.treasury.gov/resource-center/data-chart-center/interest-rates/daily-treasury-rates.csv/2022/all?type=daily_treasury_real_yield_curve&field_tdr_date_value=2022&page&_format=csv
2022-08-09,2.80,0.33,2.47,10Y nominal Treasury par yield - 10Y TIPS par real yield,https://home.treasury.gov/resource-center/data-chart-center/interest-rates/daily-treasury-rates.csv/2022/all?type=daily_treasury_yield_curve&field_tdr_date_value=2022&page&_format=csv,https://home.treasury.gov/resource-center/data-chart-center/interest-rates/daily-treasury-rates.csv/2022/all?type=daily_treasury_real_yield_curve&field_tdr_date_value=2022&page&_format=csv
2022-08-10,2.78,0.35,2.43,10Y nominal Treasury par yield - 10Y TIPS par real yield,https://home.treasury.gov/resource-center/data-chart-center/interest-rates/daily-treasury-rates.csv/2022/all?type=daily_treasury_yield_curve&field_tdr_date_value=2022&page&_format=csv,https://home.treasury.gov/resource-center/data-chart-center/interest-rates/daily-treasury-rates.csv/2022/all?type=daily_treasury_real_yield_curve&field_tdr_date_value=2022&page&_format=csv
2022-08-11,2.87,0.40,2.47,10Y nominal Treasury par yield - 10Y TIPS par real yield,https://home.treasury.gov/resource-center/data-chart-center/interest-rates/daily-treasury-rates.csv/2022/all?type=daily_treasury_yield_curve&field_tdr_date_value=2022&page&_format=csv,https://home.treasury.gov/resource-center/data-chart-center/interest-rates/daily-treasury-rates.csv/2022/all?type=daily_treasury_real_yield_curve&field_tdr_date_value=2022&page&_format=csv
2022-08-12,2.84,0.37,2.47,10Y nominal Treasury par yield - 10Y TIPS par real yield,https://home.treasury.gov/resource-center/data-chart-center/interest-rates/daily-treasury-rates.csv/2022/all?type=daily_treasury_yield_curve&field_tdr_date_value=2022&page&_format=csv,https://home.treasury.gov/resource-center/data-chart-center/interest-rates/daily-treasury-rates.csv/2022/all?type=daily_treasury_real_yield_curve&field_tdr_date_value=2022&page&_format=csv
2022-08-15,2.79,0.35,2.44,10Y nominal Treasury par yield - 10Y TIPS par real yield,https://home.treasury.gov/resource-center/data-chart-center/interest-rates/daily-treasury-rates.csv/2022/all?type=daily_treasury_yield_curve&field_tdr_date_value=2022&page&_format=csv,https://home.treasury.gov/resource-center/data-chart-center/interest-rates/daily-treasury-rates.csv/2022/all?type=daily_treasury_real_yield_curve&field_tdr_date_value=2022&page&_format=csv
2022-08-16,2.82,0.38,2.44,10Y nominal Treasury par yield - 10Y TIPS par real yield,https://home.treasury.gov/resource-center/data-chart-center/interest-rates/daily-treasury-rates.csv/2022/all?type=daily_treasury_yield_curve&field_tdr_date_value=2022&page&_format=csv,https://home.treasury.gov/resource-center/data-chart-center/interest-rates/daily-treasury-rates.csv/2022/all?type=daily_treasury_real_yield_curve&field_tdr_date_value=2022&page&_format=csv
2022-08-17,2.89,0.43,2.46,10Y nominal Treasury par yield - 10Y TIPS par real yield,https://home.treasury.gov/resource-center/data-chart-center/interest-rates/daily-treasury-rates.csv/2022/all?type=daily_treasury_yield_curve&field_tdr_date_value=2022&page&_format=csv,https://home.treasury.gov/resource-center/data-chart-center/interest-rates/daily-treasury-rates.csv/2022/all?type=daily_treasury_real_yield_curve&field_tdr_date_value=2022&page&_format=csv
2022-08-18,2.88,0.36,2.52,10Y nominal Treasury par yield - 10Y TIPS par real yield,https://home.treasury.gov/resource-center/data-chart-center/interest-rates/daily-treasury-rates.csv/2022/all?type=daily_treasury_yield_curve&field_tdr_date_value=2022&page&_format=csv,https://home.treasury.gov/resource-center/data-chart-center/interest-rates/daily-treasury-rates.csv/2022/all?type=daily_treasury_real_yield_curve&field_tdr_date_value=2022&page&_format=csv
2022-08-19,2.98,0.43,2.55,10Y nominal Treasury par yield - 10Y TIPS par real yield,https://home.treasury.gov/resource-center/data-chart-center/interest-rates/daily-treasury-rates.csv/2022/all?type=daily_treasury_yield_curve&field_tdr_date_value=2022&page&_format=csv,https://home.treasury.gov/resource-center/data-chart-center/interest-rates/daily-treasury-rates.csv/2022/all?type=daily_treasury_real_yield_curve&field_tdr_date_value=2022&page&_format=csv
2022-08-22,3.03,0.46,2.57,10Y nominal Treasury par yield - 10Y TIPS par real yield,https://home.treasury.gov/resource-center/data-chart-center/interest-rates/daily-treasury-rates.csv/2022/all?type=daily_treasury_yield_curve&field_tdr_date_value=2022&page&_format=csv,https://home.treasury.gov/resource-center/data-chart-center/interest-rates/daily-treasury-rates.csv/2022/all?type=daily_treasury_real_yield_curve&field_tdr_date_value=2022&page&_format=csv
2022-08-23,3.05,0.47,2.58,10Y nominal Treasury par yield - 10Y TIPS par real yield,https://home.treasury.gov/resource-center/data-chart-center/interest-rates/daily-treasury-rates.csv/2022/all?type=daily_treasury_yield_curve&field_tdr_date_value=2022&page&_format=csv,https://home.treasury.gov/resource-center/data-chart-center/interest-rates/daily-treasury-rates.csv/2022/all?type=daily_treasury_real_yield_curve&field_tdr_date_value=2022&page&_format=csv
2022-08-24,3.11,0.49,2.62,10Y nominal Treasury par yield - 10Y TIPS par real yield,https://home.treasury.gov/resource-center/data-chart-center/interest-rates/daily-treasury-rates.csv/2022/all?type=daily_treasury_yield_curve&field_tdr_date_value=2022&page&_format=csv,https://home.treasury.gov/resource-center/data-chart-center/interest-rates/daily-treasury-rates.csv/2022/all?type=daily_treasury_real_yield_curve&field_tdr_date_value=2022&page&_format=csv
2022-08-25,3.03,0.43,2.60,10Y nominal Treasury par yield - 10Y TIPS par real yield,https://home.treasury.gov/resource-center/data-chart-center/interest-rates/daily-treasury-rates.csv/2022/all?type=daily_treasury_yield_curve&field_tdr_date_value=2022&page&_format=csv,https://home.treasury.gov/resource-center/data-chart-center/interest-rates/daily-treasury-rates.csv/2022/all?type=daily_treasury_real_yield_curve&field_tdr_date_value=2022&page&_format=csv
2022-08-26,3.04,0.47,2.57,10Y nominal Treasury par yield - 10Y TIPS par real yield,https://home.treasury.gov/resource-center/data-chart-center/interest-rates/daily-treasury-rates.csv/2022/all?type=daily_treasury_yield_curve&field_tdr_date_value=2022&page&_format=csv,https://home.treasury.gov/resource-center/data-chart-center/interest-rates/daily-treasury-rates.csv/2022/all?type=daily_treasury_real_yield_curve&field_tdr_date_value=2022&page&_format=csv
2022-08-29,3.12,0.54,2.58,10Y nominal Treasury par yield - 10Y TIPS par real yield,https://home.treasury.gov/resource-center/data-chart-center/interest-rates/daily-treasury-rates.csv/2022/all?type=daily_treasury_yield_curve&field_tdr_date_value=2022&page&_format=csv,https://home.treasury.gov/resource-center/data-chart-center/interest-rates/daily-treasury-rates.csv/2022/all?type=daily_treasury_real_yield_curve&field_tdr_date_value=2022&page&_format=csv
2022-08-30,3.11,0.56,2.55,10Y nominal Treasury par yield - 10Y TIPS par real yield,https://home.treasury.gov/resource-center/data-chart-center/interest-rates/daily-treasury-rates.csv/2022/all?type=daily_treasury_yield_curve&field_tdr_date_value=2022&page&_format=csv,https://home.treasury.gov/resource-center/data-chart-center/interest-rates/daily-treasury-rates.csv/2022/all?type=daily_treasury_real_yield_curve&field_tdr_date_value=2022&page&_format=csv
2022-08-31,3.15,0.67,2.48,10Y nominal Treasury par yield - 10Y TIPS par real yield,https://home.treasury.gov/resource-center/data-chart-center/interest-rates/daily-treasury-rates.csv/2022/all?type=daily_treasury_yield_curve&field_tdr_date_value=2022&page&_format=csv,https://home.treasury.gov/resource-center/data-chart-center/interest-rates/daily-treasury-rates.csv/2022/all?type=daily_treasury_real_yield_curve&field_tdr_date_value=2022&page&_format=csv
2022-09-01,3.26,0.81,2.45,10Y nominal Treasury par yield - 10Y TIPS par real yield,https://home.treasury.gov/resource-center/data-chart-center/interest-rates/daily-treasury-rates.csv/2022/all?type=daily_treasury_yield_curve&field_tdr_date_value=2022&page&_format=csv,https://home.treasury.gov/resource-center/data-chart-center/interest-rates/daily-treasury-rates.csv/2022/all?type=daily_treasury_real_yield_curve&field_tdr_date_value=2022&page&_format=csv
2022-09-02,3.20,0.73,2.47,10Y nominal Treasury par yield - 10Y TIPS par real yield,https://home.treasury.gov/resource-center/data-chart-center/interest-rates/daily-treasury-rates.csv/2022/all?type=daily_treasury_yield_curve&field_tdr_date_value=2022&page&_format=csv,https://home.treasury.gov/resource-center/data-chart-center/interest-rates/daily-treasury-rates.csv/2022/all?type=daily_treasury_real_yield_curve&field_tdr_date_value=2022&page&_format=csv
2022-09-06,3.33,0.85,2.48,10Y nominal Treasury par yield - 10Y TIPS par real yield,https://home.treasury.gov/resource-center/data-chart-center/interest-rates/daily-treasury-rates.csv/2022/all?type=daily_treasury_yield_curve&field_tdr_date_value=2022&page&_format=csv,https://home.treasury.gov/resource-center/data-chart-center/interest-rates/daily-treasury-rates.csv/2022/all?type=daily_treasury_real_yield_curve&field_tdr_date_value=2022&page&_format=csv
2022-09-07,3.27,0.82,2.45,10Y nominal Treasury par yield - 10Y TIPS par real yield,https://home.treasury.gov/resource-center/data-chart-center/interest-rates/daily-treasury-rates.csv/2022/all?type=daily_treasury_yield_curve&field_tdr_date_value=2022&page&_format=csv,https://home.treasury.gov/resource-center/data-chart-center/interest-rates/daily-treasury-rates.csv/2022/all?type=daily_treasury_real_yield_curve&field_tdr_date_value=2022&page&_format=csv
2022-09-08,3.29,0.88,2.41,10Y nominal Treasury par yield - 10Y TIPS par real yield,https://home.treasury.gov/resource-center/data-chart-center/interest-rates/daily-treasury-rates.csv/2022/all?type=daily_treasury_yield_curve&field_tdr_date_value=2022&page&_format=csv,https://home.treasury.gov/resource-center/data-chart-center/interest-rates/daily-treasury-rates.csv/2022/all?type=daily_treasury_real_yield_curve&field_tdr_date_value=2022&page&_format=csv
2022-09-09,3.33,0.91,2.42,10Y nominal Treasury par yield - 10Y TIPS par real yield,https://home.treasury.gov/resource-center/data-chart-center/interest-rates/daily-treasury-rates.csv/2022/all?type=daily_treasury_yield_curve&field_tdr_date_value=2022&page&_format=csv,https://home.treasury.gov/resource-center/data-chart-center/interest-rates/daily-treasury-rates.csv/2022/all?type=daily_treasury_real_yield_curve&field_tdr_date_value=2022&page&_format=csv
2022-09-12,3.37,0.95,2.42,10Y nominal Treasury par yield - 10Y TIPS par real yield,https://home.treasury.gov/resource-center/data-chart-center/interest-rates/daily-treasury-rates.csv/2022/all?type=daily_treasury_yield_curve&field_tdr_date_value=2022&page&_format=csv,https://home.treasury.gov/resource-center/data-chart-center/interest-rates/daily-treasury-rates.csv/2022/all?type=daily_treasury_real_yield_curve&field_tdr_date_value=2022&page&_format=csv
2022-09-13,3.42,0.98,2.44,10Y nominal Treasury par yield - 10Y TIPS par real yield,https://home.treasury.gov/resource-center/data-chart-center/interest-rates/daily-treasury-rates.csv/2022/all?type=daily_treasury_yield_curve&field_tdr_date_value=2022&page&_format=csv,https://home.treasury.gov/resource-center/data-chart-center/interest-rates/daily-treasury-rates.csv/2022/all?type=daily_treasury_real_yield_curve&field_tdr_date_value=2022&page&_format=csv
2022-09-14,3.41,0.95,2.46,10Y nominal Treasury par yield - 10Y TIPS par real yield,https://home.treasury.gov/resource-center/data-chart-center/interest-rates/daily-treasury-rates.csv/2022/all?type=daily_treasury_yield_curve&field_tdr_date_value=2022&page&_format=csv,https://home.treasury.gov/resource-center/data-chart-center/interest-rates/daily-treasury-rates.csv/2022/all?type=daily_treasury_real_yield_curve&field_tdr_date_value=2022&page&_format=csv
2022-09-15,3.45,1.02,2.43,10Y nominal Treasury par yield - 10Y TIPS par real yield,https://home.treasury.gov/resource-center/data-chart-center/interest-rates/daily-treasury-rates.csv/2022/all?type=daily_treasury_yield_curve&field_tdr_date_value=2022&page&_format=csv,https://home.treasury.gov/resource-center/data-chart-center/interest-rates/daily-treasury-rates.csv/2022/all?type=daily_treasury_real_yield_curve&field_tdr_date_value=2022&page&_format=csv
2022-09-16,3.45,1.07,2.38,10Y nominal Treasury par yield - 10Y TIPS par real yield,https://home.treasury.gov/resource-center/data-chart-center/interest-rates/daily-treasury-rates.csv/2022/all?type=daily_treasury_yield_curve&field_tdr_date_value=2022&page&_format=csv,https://home.treasury.gov/resource-center/data-chart-center/interest-rates/daily-treasury-rates.csv/2022/all?type=daily_treasury_real_yield_curve&field_tdr_date_value=2022&page&_format=csv
2022-09-19,3.49,1.15,2.34,10Y nominal Treasury par yield - 10Y TIPS par real yield,https://home.treasury.gov/resource-center/data-chart-center/interest-rates/daily-treasury-rates.csv/2022/all?type=daily_treasury_yield_curve&field_tdr_date_value=2022&page&_format=csv,https://home.treasury.gov/resource-center/data-chart-center/interest-rates/daily-treasury-rates.csv/2022/all?type=daily_treasury_real_yield_curve&field_tdr_date_value=2022&page&_format=csv
2022-09-20,3.57,1.17,2.40,10Y nominal Treasury par yield - 10Y TIPS par real yield,https://home.treasury.gov/resource-center/data-chart-center/interest-rates/daily-treasury-rates.csv/2022/all?type=daily_treasury_yield_curve&field_tdr_date_value=2022&page&_format=csv,https://home.treasury.gov/resource-center/data-chart-center/interest-rates/daily-treasury-rates.csv/2022/all?type=daily_treasury_real_yield_curve&field_tdr_date_value=2022&page&_format=csv
2022-09-21,3.51,1.13,2.38,10Y nominal Treasury par yield - 10Y TIPS par real yield,https://home.treasury.gov/resource-center/data-chart-center/interest-rates/daily-treasury-rates.csv/2022/all?type=daily_treasury_yield_curve&field_tdr_date_value=2022&page&_format=csv,https://home.treasury.gov/resource-center/data-chart-center/interest-rates/daily-treasury-rates.csv/2022/all?type=daily_treasury_real_yield_curve&field_tdr_date_value=2022&page&_format=csv
2022-09-22,3.70,1.29,2.41,10Y nominal Treasury par yield - 10Y TIPS par real yield,https://home.treasury.gov/resource-center/data-chart-center/interest-rates/daily-treasury-rates.csv/2022/all?type=daily_treasury_yield_curve&field_tdr_date_value=2022&page&_format=csv,https://home.treasury.gov/resource-center/data-chart-center/interest-rates/daily-treasury-rates.csv/2022/all?type=daily_treasury_real_yield_curve&field_tdr_date_value=2022&page&_format=csv
2022-09-23,3.69,1.32,2.37,10Y nominal Treasury par yield - 10Y TIPS par real yield,https://home.treasury.gov/resource-center/data-chart-center/interest-rates/daily-treasury-rates.csv/2022/all?type=daily_treasury_yield_curve&field_tdr_date_value=2022&page&_format=csv,https://home.treasury.gov/resource-center/data-chart-center/interest-rates/daily-treasury-rates.csv/2022/all?type=daily_treasury_real_yield_curve&field_tdr_date_value=2022&page&_format=csv
2022-09-26,3.88,1.56,2.32,10Y nominal Treasury par yield - 10Y TIPS par real yield,https://home.treasury.gov/resource-center/data-chart-center/interest-rates/daily-treasury-rates.csv/2022/all?type=daily_treasury_yield_curve&field_tdr_date_value=2022&page&_format=csv,https://home.treasury.gov/resource-center/data-chart-center/interest-rates/daily-treasury-rates.csv/2022/all?type=daily_treasury_real_yield_curve&field_tdr_date_value=2022&page&_format=csv
2022-09-27,3.97,1.64,2.33,10Y nominal Treasury par yield - 10Y TIPS par real yield,https://home.treasury.gov/resource-center/data-chart-center/interest-rates/daily-treasury-rates.csv/2022/all?type=daily_treasury_yield_curve&field_tdr_date_value=2022&page&_format=csv,https://home.treasury.gov/resource-center/data-chart-center/interest-rates/daily-treasury-rates.csv/2022/all?type=daily_treasury_real_yield_curve&field_tdr_date_value=2022&page&_format=csv
2022-09-28,3.72,1.39,2.33,10Y nominal Treasury par yield - 10Y TIPS par real yield,https://home.treasury.gov/resource-center/data-chart-center/interest-rates/daily-treasury-rates.csv/2022/all?type=daily_treasury_yield_curve&field_tdr_date_value=2022&page&_format=csv,https://home.treasury.gov/resource-center/data-chart-center/interest-rates/daily-treasury-rates.csv/2022/all?type=daily_treasury_real_yield_curve&field_tdr_date_value=2022&page&_format=csv
2022-09-29,3.76,1.57,2.19,10Y nominal Treasury par yield - 10Y TIPS par real yield,https://home.treasury.gov/resource-center/data-chart-center/interest-rates/daily-treasury-rates.csv/2022/all?type=daily_treasury_yield_curve&field_tdr_date_value=2022&page&_format=csv,https://home.treasury.gov/resource-center/data-chart-center/interest-rates/daily-treasury-rates.csv/2022/all?type=daily_treasury_real_yield_curve&field_tdr_date_value=2022&page&_format=csv
2022-09-30,3.83,1.68,2.15,10Y nominal Treasury par yield - 10Y TIPS par real yield,https://home.treasury.gov/resource-center/data-chart-center/interest-rates/daily-treasury-rates.csv/2022/all?type=daily_treasury_yield_curve&field_tdr_date_value=2022&page&_format=csv,https://home.treasury.gov/resource-center/data-chart-center/interest-rates/daily-treasury-rates.csv/2022/all?type=daily_treasury_real_yield_curve&field_tdr_date_value=2022&page&_format=csv
2022-10-03,3.67,1.43,2.24,10Y nominal Treasury par yield - 10Y TIPS par real yield,https://home.treasury.gov/resource-center/data-chart-center/interest-rates/daily-treasury-rates.csv/2022/all?type=daily_treasury_yield_curve&field_tdr_date_value=2022&page&_format=csv,https://home.treasury.gov/resource-center/data-chart-center/interest-rates/daily-treasury-rates.csv/2022/all?type=daily_treasury_real_yield_curve&field_tdr_date_value=2022&page&_format=csv
2022-10-04,3.62,1.38,2.24,10Y nominal Treasury par yield - 10Y TIPS par real yield,https://home.treasury.gov/resource-center/data-chart-center/interest-rates/daily-treasury-rates.csv/2022/all?type=daily_treasury_yield_curve&field_tdr_date_value=2022&page&_format=csv,https://home.treasury.gov/resource-center/data-chart-center/interest-rates/daily-treasury-rates.csv/2022/all?type=daily_treasury_real_yield_curve&field_tdr_date_value=2022&page&_format=csv
2022-10-05,3.76,1.54,2.22,10Y nominal Treasury par yield - 10Y TIPS par real yield,https://home.treasury.gov/resource-center/data-chart-center/interest-rates/daily-treasury-rates.csv/2022/all?type=daily_treasury_yield_curve&field_tdr_date_value=2022&page&_format=csv,https://home.treasury.gov/resource-center/data-chart-center/interest-rates/daily-treasury-rates.csv/2022/all?type=daily_treasury_real_yield_curve&field_tdr_date_value=2022&page&_format=csv
2022-10-06,3.83,1.61,2.22,10Y nominal Treasury par yield - 10Y TIPS par real yield,https://home.treasury.gov/resource-center/data-chart-center/interest-rates/daily-treasury-rates.csv/2022/all?type=daily_treasury_yield_curve&field_tdr_date_value=2022&page&_format=csv,https://home.treasury.gov/resource-center/data-chart-center/interest-rates/daily-treasury-rates.csv/2022/all?type=daily_treasury_real_yield_curve&field_tdr_date_value=2022&page&_format=csv
2022-10-07,3.89,1.62,2.27,10Y nominal Treasury par yield - 10Y TIPS par real yield,https://home.treasury.gov/resource-center/data-chart-center/interest-rates/daily-treasury-rates.csv/2022/all?type=daily_treasury_yield_curve&field_tdr_date_value=2022&page&_format=csv,https://home.treasury.gov/resource-center/data-chart-center/interest-rates/daily-treasury-rates.csv/2022/all?type=daily_treasury_real_yield_curve&field_tdr_date_value=2022&page&_format=csv
2022-10-11,3.93,1.62,2.31,10Y nominal Treasury par yield - 10Y TIPS par real yield,https://home.treasury.gov/resource-center/data-chart-center/interest-rates/daily-treasury-rates.csv/2022/all?type=daily_treasury_yield_curve&field_tdr_date_value=2022&page&_format=csv,https://home.treasury.gov/resource-center/data-chart-center/interest-rates/daily-treasury-rates.csv/2022/all?type=daily_treasury_real_yield_curve&field_tdr_date_value=2022&page&_format=csv
2022-10-12,3.91,1.62,2.29,10Y nominal Treasury par yield - 10Y TIPS par real yield,https://home.treasury.gov/resource-center/data-chart-center/interest-rates/daily-treasury-rates.csv/2022/all?type=daily_treasury_yield_curve&field_tdr_date_value=2022&page&_format=csv,https://home.treasury.gov/resource-center/data-chart-center/interest-rates/daily-treasury-rates.csv/2022/all?type=daily_treasury_real_yield_curve&field_tdr_date_value=2022&page&_format=csv
2022-10-13,3.97,1.63,2.34,10Y nominal Treasury par yield - 10Y TIPS par real yield,https://home.treasury.gov/resource-center/data-chart-center/interest-rates/daily-treasury-rates.csv/2022/all?type=daily_treasury_yield_curve&field_tdr_date_value=2022&page&_format=csv,https://home.treasury.gov/resource-center/data-chart-center/interest-rates/daily-treasury-rates.csv/2022/all?type=daily_treasury_real_yield_curve&field_tdr_date_value=2022&page&_format=csv
2022-10-14,4.00,1.59,2.41,10Y nominal Treasury par yield - 10Y TIPS par real yield,https://home.treasury.gov/resource-center/data-chart-center/interest-rates/daily-treasury-rates.csv/2022/all?type=daily_treasury_yield_curve&field_tdr_date_value=2022&page&_format=csv,https://home.treasury.gov/resource-center/data-chart-center/interest-rates/daily-treasury-rates.csv/2022/all?type=daily_treasury_real_yield_curve&field_tdr_date_value=2022&page&_format=csv
2022-10-17,4.02,1.57,2.45,10Y nominal Treasury par yield - 10Y TIPS par real yield,https://home.treasury.gov/resource-center/data-chart-center/interest-rates/daily-treasury-rates.csv/2022/all?type=daily_treasury_yield_curve&field_tdr_date_value=2022&page&_format=csv,https://home.treasury.gov/resource-center/data-chart-center/interest-rates/daily-treasury-rates.csv/2022/all?type=daily_treasury_real_yield_curve&field_tdr_date_value=2022&page&_format=csv
2022-10-18,4.01,1.60,2.41,10Y nominal Treasury par yield - 10Y TIPS par real yield,https://home.treasury.gov/resource-center/data-chart-center/interest-rates/daily-treasury-rates.csv/2022/all?type=daily_treasury_yield_curve&field_tdr_date_value=2022&page&_format=csv,https://home.treasury.gov/resource-center/data-chart-center/interest-rates/daily-treasury-rates.csv/2022/all?type=daily_treasury_real_yield_curve&field_tdr_date_value=2022&page&_format=csv
2022-10-19,4.14,1.72,2.42,10Y nominal Treasury par yield - 10Y TIPS par real yield,https://home.treasury.gov/resource-center/data-chart-center/interest-rates/daily-treasury-rates.csv/2022/all?type=daily_treasury_yield_curve&field_tdr_date_value=2022&page&_format=csv,https://home.treasury.gov/resource-center/data-chart-center/interest-rates/daily-treasury-rates.csv/2022/all?type=daily_treasury_real_yield_curve&field_tdr_date_value=2022&page&_format=csv
2022-10-20,4.24,1.73,2.51,10Y nominal Treasury par yield - 10Y TIPS par real yield,https://home.treasury.gov/resource-center/data-chart-center/interest-rates/daily-treasury-rates.csv/2022/all?type=daily_treasury_yield_curve&field_tdr_date_value=2022&page&_format=csv,https://home.treasury.gov/resource-center/data-chart-center/interest-rates/daily-treasury-rates.csv/2022/all?type=daily_treasury_real_yield_curve&field_tdr_date_value=2022&page&_format=csv
2022-10-21,4.21,1.69,2.52,10Y nominal Treasury par yield - 10Y TIPS par real yield,https://home.treasury.gov/resource-center/data-chart-center/interest-rates/daily-treasury-rates.csv/2022/all?type=daily_treasury_yield_curve&field_tdr_date_value=2022&page&_format=csv,https://home.treasury.gov/resource-center/data-chart-center/interest-rates/daily-treasury-rates.csv/2022/all?type=daily_treasury_real_yield_curve&field_tdr_date_value=2022&page&_format=csv
2022-10-24,4.25,1.66,2.59,10Y nominal Treasury par yield - 10Y TIPS par real yield,https://home.treasury.gov/resource-center/data-chart-center/interest-rates/daily-treasury-rates.csv/2022/all?type=daily_treasury_yield_curve&field_tdr_date_value=2022&page&_format=csv,https://home.treasury.gov/resource-center/data-chart-center/interest-rates/daily-treasury-rates.csv/2022/all?type=daily_treasury_real_yield_curve&field_tdr_date_value=2022&page&_format=csv
2022-10-25,4.10,1.59,2.51,10Y nominal Treasury par yield - 10Y TIPS par real yield,https://home.treasury.gov/resource-center/data-chart-center/interest-rates/daily-treasury-rates.csv/2022/all?type=daily_treasury_yield_curve&field_tdr_date_value=2022&page&_format=csv,https://home.treasury.gov/resource-center/data-chart-center/interest-rates/daily-treasury-rates.csv/2022/all?type=daily_treasury_real_yield_curve&field_tdr_date_value=2022&page&_format=csv
2022-10-26,4.04,1.60,2.44,10Y nominal Treasury par yield - 10Y TIPS par real yield,https://home.treasury.gov/resource-center/data-chart-center/interest-rates/daily-treasury-rates.csv/2022/all?type=daily_treasury_yield_curve&field_tdr_date_value=2022&page&_format=csv,https://home.treasury.gov/resource-center/data-chart-center/interest-rates/daily-treasury-rates.csv/2022/all?type=daily_treasury_real_yield_curve&field_tdr_date_value=2022&page&_format=csv
2022-10-27,3.96,1.51,2.45,10Y nominal Treasury par yield - 10Y TIPS par real yield,https://home.treasury.gov/resource-center/data-chart-center/interest-rates/daily-treasury-rates.csv/2022/all?type=daily_treasury_yield_curve&field_tdr_date_value=2022&page&_format=csv,https://home.treasury.gov/resource-center/data-chart-center/interest-rates/daily-treasury-rates.csv/2022/all?type=daily_treasury_real_yield_curve&field_tdr_date_value=2022&page&_format=csv
2022-10-28,4.02,1.51,2.51,10Y nominal Treasury par yield - 10Y TIPS par real yield,https://home.treasury.gov/resource-center/data-chart-center/interest-rates/daily-treasury-rates.csv/2022/all?type=daily_treasury_yield_curve&field_tdr_date_value=2022&page&_format=csv,https://home.treasury.gov/resource-center/data-chart-center/interest-rates/daily-treasury-rates.csv/2022/all?type=daily_treasury_real_yield_curve&field_tdr_date_value=2022&page&_format=csv
2022-10-31,4.10,1.58,2.52,10Y nominal Treasury par yield - 10Y TIPS par real yield,https://home.treasury.gov/resource-center/data-chart-center/interest-rates/daily-treasury-rates.csv/2022/all?type=daily_treasury_yield_curve&field_tdr_date_value=2022&page&_format=csv,https://home.treasury.gov/resource-center/data-chart-center/interest-rates/daily-treasury-rates.csv/2022/all?type=daily_treasury_real_yield_curve&field_tdr_date_value=2022&page&_format=csv
2022-11-01,4.07,1.56,2.51,10Y nominal Treasury par yield - 10Y TIPS par real yield,https://home.treasury.gov/resource-center/data-chart-center/interest-rates/daily-treasury-rates.csv/2022/all?type=daily_treasury_yield_curve&field_tdr_date_value=2022&page&_format=csv,https://home.treasury.gov/resource-center/data-chart-center/interest-rates/daily-treasury-rates.csv/2022/all?type=daily_treasury_real_yield_curve&field_tdr_date_value=2022&page&_format=csv
2022-11-02,4.10,1.57,2.53,10Y nominal Treasury par yield - 10Y TIPS par real yield,https://home.treasury.gov/resource-center/data-chart-center/interest-rates/daily-treasury-rates.csv/2022/all?type=daily_treasury_yield_curve&field_tdr_date_value=2022&page&_format=csv,https://home.treasury.gov/resource-center/data-chart-center/interest-rates/daily-treasury-rates.csv/2022/all?type=daily_treasury_real_yield_curve&field_tdr_date_value=2022&page&_format=csv
2022-11-03,4.14,1.74,2.40,10Y nominal Treasury par yield - 10Y TIPS par real yield,https://home.treasury.gov/resource-center/data-chart-center/interest-rates/daily-treasury-rates.csv/2022/all?type=daily_treasury_yield_curve&field_tdr_date_value=2022&page&_format=csv,https://home.treasury.gov/resource-center/data-chart-center/interest-rates/daily-treasury-rates.csv/2022/all?type=daily_treasury_real_yield_curve&field_tdr_date_value=2022&page&_format=csv
2022-11-04,4.17,1.69,2.48,10Y nominal Treasury par yield - 10Y TIPS par real yield,https://home.treasury.gov/resource-center/data-chart-center/interest-rates/daily-treasury-rates.csv/2022/all?type=daily_treasury_yield_curve&field_tdr_date_value=2022&page&_format=csv,https://home.treasury.gov/resource-center/data-chart-center/interest-rates/daily-treasury-rates.csv/2022/all?type=daily_treasury_real_yield_curve&field_tdr_date_value=2022&page&_format=csv
2022-11-07,4.22,1.69,2.53,10Y nominal Treasury par yield - 10Y TIPS par real yield,https://home.treasury.gov/resource-center/data-chart-center/interest-rates/daily-treasury-rates.csv/2022/all?type=daily_treasury_yield_curve&field_tdr_date_value=2022&page&_format=csv,https://home.treasury.gov/resource-center/data-chart-center/interest-rates/daily-treasury-rates.csv/2022/all?type=daily_treasury_real_yield_curve&field_tdr_date_value=2022&page&_format=csv
2022-11-08,4.14,1.64,2.50,10Y nominal Treasury par yield - 10Y TIPS par real yield,https://home.treasury.gov/resource-center/data-chart-center/interest-rates/daily-treasury-rates.csv/2022/all?type=daily_treasury_yield_curve&field_tdr_date_value=2022&page&_format=csv,https://home.treasury.gov/resource-center/data-chart-center/interest-rates/daily-treasury-rates.csv/2022/all?type=daily_treasury_real_yield_curve&field_tdr_date_value=2022&page&_format=csv
2022-11-09,4.12,1.70,2.42,10Y nominal Treasury par yield - 10Y TIPS par real yield,https://home.treasury.gov/resource-center/data-chart-center/interest-rates/daily-treasury-rates.csv/2022/all?type=daily_treasury_yield_curve&field_tdr_date_value=2022&page&_format=csv,https://home.treasury.gov/resource-center/data-chart-center/interest-rates/daily-treasury-rates.csv/2022/all?type=daily_treasury_real_yield_curve&field_tdr_date_value=2022&page&_format=csv
2022-11-10,3.82,1.43,2.39,10Y nominal Treasury par yield - 10Y TIPS par real yield,https://home.treasury.gov/resource-center/data-chart-center/interest-rates/daily-treasury-rates.csv/2022/all?type=daily_treasury_yield_curve&field_tdr_date_value=2022&page&_format=csv,https://home.treasury.gov/resource-center/data-chart-center/interest-rates/daily-treasury-rates.csv/2022/all?type=daily_treasury_real_yield_curve&field_tdr_date_value=2022&page&_format=csv
2022-11-14,3.88,1.51,2.37,10Y nominal Treasury par yield - 10Y TIPS par real yield,https://home.treasury.gov/resource-center/data-chart-center/interest-rates/daily-treasury-rates.csv/2022/all?type=daily_treasury_yield_curve&field_tdr_date_value=2022&page&_format=csv,https://home.treasury.gov/resource-center/data-chart-center/interest-rates/daily-treasury-rates.csv/2022/all?type=daily_treasury_real_yield_curve&field_tdr_date_value=2022&page&_format=csv
2022-11-15,3.80,1.45,2.35,10Y nominal Treasury par yield - 10Y TIPS par real yield,https://home.treasury.gov/resource-center/data-chart-center/interest-rates/daily-treasury-rates.csv/2022/all?type=daily_treasury_yield_curve&field_tdr_date_value=2022&page&_format=csv,https://home.treasury.gov/resource-center/data-chart-center/interest-rates/daily-treasury-rates.csv/2022/all?type=daily_treasury_real_yield_curve&field_tdr_date_value=2022&page&_format=csv
2022-11-16,3.67,1.38,2.29,10Y nominal Treasury par yield - 10Y TIPS par real yield,https://home.treasury.gov/resource-center/data-chart-center/interest-rates/daily-treasury-rates.csv/2022/all?type=daily_treasury_yield_curve&field_tdr_date_value=2022&page&_format=csv,https://home.treasury.gov/resource-center/data-chart-center/interest-rates/daily-treasury-rates.csv/2022/all?type=daily_treasury_real_yield_curve&field_tdr_date_value=2022&page&_format=csv
2022-11-17,3.77,1.49,2.28,10Y nominal Treasury par yield - 10Y TIPS par real yield,https://home.treasury.gov/resource-center/data-chart-center/interest-rates/daily-treasury-rates.csv/2022/all?type=daily_treasury_yield_curve&field_tdr_date_value=2022&page&_format=csv,https://home.treasury.gov/resource-center/data-chart-center/interest-rates/daily-treasury-rates.csv/2022/all?type=daily_treasury_real_yield_curve&field_tdr_date_value=2022&page&_format=csv
2022-11-18,3.82,1.57,2.25,10Y nominal Treasury par yield - 10Y TIPS par real yield,https://home.treasury.gov/resource-center/data-chart-center/interest-rates/daily-treasury-rates.csv/2022/all?type=daily_treasury_yield_curve&field_tdr_date_value=2022&page&_format=csv,https://home.treasury.gov/resource-center/data-chart-center/interest-rates/daily-treasury-rates.csv/2022/all?type=daily_treasury_real_yield_curve&field_tdr_date_value=2022&page&_format=csv
2022-11-21,3.83,1.52,2.31,10Y nominal Treasury par yield - 10Y TIPS par real yield,https://home.treasury.gov/resource-center/data-chart-center/interest-rates/daily-treasury-rates.csv/2022/all?type=daily_treasury_yield_curve&field_tdr_date_value=2022&page&_format=csv,https://home.treasury.gov/resource-center/data-chart-center/interest-rates/daily-treasury-rates.csv/2022/all?type=daily_treasury_real_yield_curve&field_tdr_date_value=2022&page&_format=csv
2022-11-22,3.76,1.44,2.32,10Y nominal Treasury par yield - 10Y TIPS par real yield,https://home.treasury.gov/resource-center/data-chart-center/interest-rates/daily-treasury-rates.csv/2022/all?type=daily_treasury_yield_curve&field_tdr_date_value=2022&page&_format=csv,https://home.treasury.gov/resource-center/data-chart-center/interest-rates/daily-treasury-rates.csv/2022/all?type=daily_treasury_real_yield_curve&field_tdr_date_value=2022&page&_format=csv
2022-11-23,3.71,1.39,2.32,10Y nominal Treasury par yield - 10Y TIPS par real yield,https://home.treasury.gov/resource-center/data-chart-center/interest-rates/daily-treasury-rates.csv/2022/all?type=daily_treasury_yield_curve&field_tdr_date_value=2022&page&_format=csv,https://home.treasury.gov/resource-center/data-chart-center/interest-rates/daily-treasury-rates.csv/2022/all?type=daily_treasury_real_yield_curve&field_tdr_date_value=2022&page&_format=csv
2022-11-25,3.68,1.36,2.32,10Y nominal Treasury par yield - 10Y TIPS par real yield,https://home.treasury.gov/resource-center/data-chart-center/interest-rates/daily-treasury-rates.csv/2022/all?type=daily_treasury_yield_curve&field_tdr_date_value=2022&page&_format=csv,https://home.treasury.gov/resource-center/data-chart-center/interest-rates/daily-treasury-rates.csv/2022/all?type=daily_treasury_real_yield_curve&field_tdr_date_value=2022&page&_format=csv
2022-11-28,3.69,1.43,2.26,10Y nominal Treasury par yield - 10Y TIPS par real yield,https://home.treasury.gov/resource-center/data-chart-center/interest-rates/daily-treasury-rates.csv/2022/all?type=daily_treasury_yield_curve&field_tdr_date_value=2022&page&_format=csv,https://home.treasury.gov/resource-center/data-chart-center/interest-rates/daily-treasury-rates.csv/2022/all?type=daily_treasury_real_yield_curve&field_tdr_date_value=2022&page&_format=csv
2022-11-29,3.75,1.50,2.25,10Y nominal Treasury par yield - 10Y TIPS par real yield,https://home.treasury.gov/resource-center/data-chart-center/interest-rates/daily-treasury-rates.csv/2022/all?type=daily_treasury_yield_curve&field_tdr_date_value=2022&page&_format=csv,https://home.treasury.gov/resource-center/data-chart-center/interest-rates/daily-treasury-rates.csv/2022/all?type=daily_treasury_real_yield_curve&field_tdr_date_value=2022&page&_format=csv
2022-11-30,3.68,1.34,2.34,10Y nominal Treasury par yield - 10Y TIPS par real yield,https://home.treasury.gov/resource-center/data-chart-center/interest-rates/daily-treasury-rates.csv/2022/all?type=daily_treasury_yield_curve&field_tdr_date_value=2022&page&_format=csv,https://home.treasury.gov/resource-center/data-chart-center/interest-rates/daily-treasury-rates.csv/2022/all?type=daily_treasury_real_yield_curve&field_tdr_date_value=2022&page&_format=csv
2022-12-01,3.53,1.17,2.36,10Y nominal Treasury par yield - 10Y TIPS par real yield,https://home.treasury.gov/resource-center/data-chart-center/interest-rates/daily-treasury-rates.csv/2022/all?type=daily_treasury_yield_curve&field_tdr_date_value=2022&page&_format=csv,https://home.treasury.gov/resource-center/data-chart-center/interest-rates/daily-treasury-rates.csv/2022/all?type=daily_treasury_real_yield_curve&field_tdr_date_value=2022&page&_format=csv
2022-12-02,3.51,1.08,2.43,10Y nominal Treasury par yield - 10Y TIPS par real yield,https://home.treasury.gov/resource-center/data-chart-center/interest-rates/daily-treasury-rates.csv/2022/all?type=daily_treasury_yield_curve&field_tdr_date_value=2022&page&_format=csv,https://home.treasury.gov/resource-center/data-chart-center/interest-rates/daily-treasury-rates.csv/2022/all?type=daily_treasury_real_yield_curve&field_tdr_date_value=2022&page&_format=csv
2022-12-05,3.60,1.21,2.39,10Y nominal Treasury par yield - 10Y TIPS par real yield,https://home.treasury.gov/resource-center/data-chart-center/interest-rates/daily-treasury-rates.csv/2022/all?type=daily_treasury_yield_curve&field_tdr_date_value=2022&page&_format=csv,https://home.treasury.gov/resource-center/data-chart-center/interest-rates/daily-treasury-rates.csv/2022/all?type=daily_treasury_real_yield_curve&field_tdr_date_value=2022&page&_format=csv
2022-12-06,3.51,1.20,2.31,10Y nominal Treasury par yield - 10Y TIPS par real yield,https://home.treasury.gov/resource-center/data-chart-center/interest-rates/daily-treasury-rates.csv/2022/all?type=daily_treasury_yield_curve&field_tdr_date_value=2022&page&_format=csv,https://home.treasury.gov/resource-center/data-chart-center/interest-rates/daily-treasury-rates.csv/2022/all?type=daily_treasury_real_yield_curve&field_tdr_date_value=2022&page&_format=csv
2022-12-07,3.42,1.16,2.26,10Y nominal Treasury par yield - 10Y TIPS par real yield,https://home.treasury.gov/resource-center/data-chart-center/interest-rates/daily-treasury-rates.csv/2022/all?type=daily_treasury_yield_curve&field_tdr_date_value=2022&page&_format=csv,https://home.treasury.gov/resource-center/data-chart-center/interest-rates/daily-treasury-rates.csv/2022/all?type=daily_treasury_real_yield_curve&field_tdr_date_value=2022&page&_format=csv
2022-12-08,3.48,1.20,2.28,10Y nominal Treasury par yield - 10Y TIPS par real yield,https://home.treasury.gov/resource-center/data-chart-center/interest-rates/daily-treasury-rates.csv/2022/all?type=daily_treasury_yield_curve&field_tdr_date_value=2022&page&_format=csv,https://home.treasury.gov/resource-center/data-chart-center/interest-rates/daily-treasury-rates.csv/2022/all?type=daily_treasury_real_yield_curve&field_tdr_date_value=2022&page&_format=csv
2022-12-09,3.57,1.31,2.26,10Y nominal Treasury par yield - 10Y TIPS par real yield,https://home.treasury.gov/resource-center/data-chart-center/interest-rates/daily-treasury-rates.csv/2022/all?type=daily_treasury_yield_curve&field_tdr_date_value=2022&page&_format=csv,https://home.treasury.gov/resource-center/data-chart-center/interest-rates/daily-treasury-rates.csv/2022/all?type=daily_treasury_real_yield_curve&field_tdr_date_value=2022&page&_format=csv
2022-12-12,3.61,1.33,2.28,10Y nominal Treasury par yield - 10Y TIPS par real yield,https://home.treasury.gov/resource-center/data-chart-center/interest-rates/daily-treasury-rates.csv/2022/all?type=daily_treasury_yield_curve&field_tdr_date_value=2022&page&_format=csv,https://home.treasury.gov/resource-center/data-chart-center/interest-rates/daily-treasury-rates.csv/2022/all?type=daily_treasury_real_yield_curve&field_tdr_date_value=2022&page&_format=csv
2022-12-13,3.51,1.27,2.24,10Y nominal Treasury par yield - 10Y TIPS par real yield,https://home.treasury.gov/resource-center/data-chart-center/interest-rates/daily-treasury-rates.csv/2022/all?type=daily_treasury_yield_curve&field_tdr_date_value=2022&page&_format=csv,https://home.treasury.gov/resource-center/data-chart-center/interest-rates/daily-treasury-rates.csv/2022/all?type=daily_treasury_real_yield_curve&field_tdr_date_value=2022&page&_format=csv
2022-12-14,3.49,1.30,2.19,10Y nominal Treasury par yield - 10Y TIPS par real yield,https://home.treasury.gov/resource-center/data-chart-center/interest-rates/daily-treasury-rates.csv/2022/all?type=daily_treasury_yield_curve&field_tdr_date_value=2022&page&_format=csv,https://home.treasury.gov/resource-center/data-chart-center/interest-rates/daily-treasury-rates.csv/2022/all?type=daily_treasury_real_yield_curve&field_tdr_date_value=2022&page&_format=csv
2022-12-15,3.44,1.28,2.16,10Y nominal Treasury par yield - 10Y TIPS par real yield,https://home.treasury.gov/resource-center/data-chart-center/interest-rates/daily-treasury-rates.csv/2022/all?type=daily_treasury_yield_curve&field_tdr_date_value=2022&page&_format=csv,https://home.treasury.gov/resource-center/data-chart-center/interest-rates/daily-treasury-rates.csv/2022/all?type=daily_treasury_real_yield_curve&field_tdr_date_value=2022&page&_format=csv
2022-12-16,3.48,1.35,2.13,10Y nominal Treasury par yield - 10Y TIPS par real yield,https://home.treasury.gov/resource-center/data-chart-center/interest-rates/daily-treasury-rates.csv/2022/all?type=daily_treasury_yield_curve&field_tdr_date_value=2022&page&_format=csv,https://home.treasury.gov/resource-center/data-chart-center/interest-rates/daily-treasury-rates.csv/2022/all?type=daily_treasury_real_yield_curve&field_tdr_date_value=2022&page&_format=csv
2022-12-19,3.57,1.42,2.15,10Y nominal Treasury par yield - 10Y TIPS par real yield,https://home.treasury.gov/resource-center/data-chart-center/interest-rates/daily-treasury-rates.csv/2022/all?type=daily_treasury_yield_curve&field_tdr_date_value=2022&page&_format=csv,https://home.treasury.gov/resource-center/data-chart-center/interest-rates/daily-treasury-rates.csv/2022/all?type=daily_treasury_real_yield_curve&field_tdr_date_value=2022&page&_format=csv
2022-12-20,3.69,1.45,2.24,10Y nominal Treasury par yield - 10Y TIPS par real yield,https://home.treasury.gov/resource-center/data-chart-center/interest-rates/daily-treasury-rates.csv/2022/all?type=daily_treasury_yield_curve&field_tdr_date_value=2022&page&_format=csv,https://home.treasury.gov/resource-center/data-chart-center/interest-rates/daily-treasury-rates.csv/2022/all?type=daily_treasury_real_yield_curve&field_tdr_date_value=2022&page&_format=csv
2022-12-21,3.68,1.41,2.27,10Y nominal Treasury par yield - 10Y TIPS par real yield,https://home.treasury.gov/resource-center/data-chart-center/interest-rates/daily-treasury-rates.csv/2022/all?type=daily_treasury_yield_curve&field_tdr_date_value=2022&page&_format=csv,https://home.treasury.gov/resource-center/data-chart-center/interest-rates/daily-treasury-rates.csv/2022/all?type=daily_treasury_real_yield_curve&field_tdr_date_value=2022&page&_format=csv
2022-12-22,3.67,1.48,2.19,10Y nominal Treasury par yield - 10Y TIPS par real yield,https://home.treasury.gov/resource-center/data-chart-center/interest-rates/daily-treasury-rates.csv/2022/all?type=daily_treasury_yield_curve&field_tdr_date_value=2022&page&_format=csv,https://home.treasury.gov/resource-center/data-chart-center/interest-rates/daily-treasury-rates.csv/2022/all?type=daily_treasury_real_yield_curve&field_tdr_date_value=2022&page&_format=csv
2022-12-23,3.75,1.55,2.20,10Y nominal Treasury par yield - 10Y TIPS par real yield,https://home.treasury.gov/resource-center/data-chart-center/interest-rates/daily-treasury-rates.csv/2022/all?type=daily_treasury_yield_curve&field_tdr_date_value=2022&page&_format=csv,https://home.treasury.gov/resource-center/data-chart-center/interest-rates/daily-treasury-rates.csv/2022/all?type=daily_treasury_real_yield_curve&field_tdr_date_value=2022&page&_format=csv
2022-12-27,3.84,1.58,2.26,10Y nominal Treasury par yield - 10Y TIPS par real yield,https://home.treasury.gov/resource-center/data-chart-center/interest-rates/daily-treasury-rates.csv/2022/all?type=daily_treasury_yield_curve&field_tdr_date_value=2022&page&_format=csv,https://home.treasury.gov/resource-center/data-chart-center/interest-rates/daily-treasury-rates.csv/2022/all?type=daily_treasury_real_yield_curve&field_tdr_date_value=2022&page&_format=csv
2022-12-28,3.88,1.60,2.28,10Y nominal Treasury par yield - 10Y TIPS par real yield,https://home.treasury.gov/resource-center/data-chart-center/interest-rates/daily-treasury-rates.csv/2022/all?type=daily_treasury_yield_curve&field_tdr_date_value=2022&page&_format=csv,https://home.treasury.gov/resource-center/data-chart-center/interest-rates/daily-treasury-rates.csv/2022/all?type=daily_treasury_real_yield_curve&field_tdr_date_value=2022&page&_format=csv
2022-12-29,3.83,1.56,2.27,10Y nominal Treasury par yield - 10Y TIPS par real yield,https://home.treasury.gov/resource-center/data-chart-center/interest-rates/daily-treasury-rates.csv/2022/all?type=daily_treasury_yield_curve&field_tdr_date_value=2022&page&_format=csv,https://home.treasury.gov/resource-center/data-chart-center/interest-rates/daily-treasury-rates.csv/2022/all?type=daily_treasury_real_yield_curve&field_tdr_date_value=2022&page&_format=csv
2022-12-30,3.88,1.58,2.30,10Y nominal Treasury par yield - 10Y TIPS par real yield,https://home.treasury.gov/resource-center/data-chart-center/interest-rates/daily-treasury-rates.csv/2022/all?type=daily_treasury_yield_curve&field_tdr_date_value=2022&page&_format=csv,https://home.treasury.gov/resource-center/data-chart-center/interest-rates/daily-treasury-rates.csv/2022/all?type=daily_treasury_real_yield_curve&field_tdr_date_value=2022&page&_format=csv
2023-01-03,3.79,1.53,2.26,10Y nominal Treasury par yield - 10Y TIPS par real yield,https://home.treasury.gov/resource-center/data-chart-center/interest-rates/daily-treasury-rates.csv/2023/all?type=daily_treasury_yield_curve&field_tdr_date_value=2023&page&_format=csv,https://home.treasury.gov/resource-center/data-chart-center/interest-rates/daily-treasury-rates.csv/2023/all?type=daily_treasury_real_yield_curve&field_tdr_date_value=2023&page&_format=csv
2023-01-04,3.69,1.47,2.22,10Y nominal Treasury par yield - 10Y TIPS par real yield,https://home.treasury.gov/resource-center/data-chart-center/interest-rates/daily-treasury-rates.csv/2023/all?type=daily_treasury_yield_curve&field_tdr_date_value=2023&page&_format=csv,https://home.treasury.gov/resource-center/data-chart-center/interest-rates/daily-treasury-rates.csv/2023/all?type=daily_treasury_real_yield_curve&field_tdr_date_value=2023&page&_format=csv
2023-01-05,3.71,1.49,2.22,10Y nominal Treasury par yield - 10Y TIPS par real yield,https://home.treasury.gov/resource-center/data-chart-center/interest-rates/daily-treasury-rates.csv/2023/all?type=daily_treasury_yield_curve&field_tdr_date_value=2023&page&_format=csv,https://home.treasury.gov/resource-center/data-chart-center/interest-rates/daily-treasury-rates.csv/2023/all?type=daily_treasury_real_yield_curve&field_tdr_date_value=2023&page&_format=csv
2023-01-06,3.55,1.34,2.21,10Y nominal Treasury par yield - 10Y TIPS par real yield,https://home.treasury.gov/resource-center/data-chart-center/interest-rates/daily-treasury-rates.csv/2023/all?type=daily_treasury_yield_curve&field_tdr_date_value=2023&page&_format=csv,https://home.treasury.gov/resource-center/data-chart-center/interest-rates/daily-treasury-rates.csv/2023/all?type=daily_treasury_real_yield_curve&field_tdr_date_value=2023&page&_format=csv
2023-01-09,3.53,1.31,2.22,10Y nominal Treasury par yield - 10Y TIPS par real yield,https://home.treasury.gov/resource-center/data-chart-center/interest-rates/daily-treasury-rates.csv/2023/all?type=daily_treasury_yield_curve&field_tdr_date_value=2023&page&_format=csv,https://home.treasury.gov/resource-center/data-chart-center/interest-rates/daily-treasury-rates.csv/2023/all?type=daily_treasury_real_yield_curve&field_tdr_date_value=2023&page&_format=csv
2023-01-10,3.61,1.37,2.24,10Y nominal Treasury par yield - 10Y TIPS par real yield,https://home.treasury.gov/resource-center/data-chart-center/interest-rates/daily-treasury-rates.csv/2023/all?type=daily_treasury_yield_curve&field_tdr_date_value=2023&page&_format=csv,https://home.treasury.gov/resource-center/data-chart-center/interest-rates/daily-treasury-rates.csv/2023/all?type=daily_treasury_real_yield_curve&field_tdr_date_value=2023&page&_format=csv
2023-01-11,3.54,1.31,2.23,10Y nominal Treasury par yield - 10Y TIPS par real yield,https://home.treasury.gov/resource-center/data-chart-center/interest-rates/daily-treasury-rates.csv/2023/all?type=daily_treasury_yield_curve&field_tdr_date_value=2023&page&_format=csv,https://home.treasury.gov/resource-center/data-chart-center/interest-rates/daily-treasury-rates.csv/2023/all?type=daily_treasury_real_yield_curve&field_tdr_date_value=2023&page&_format=csv
2023-01-12,3.43,1.22,2.21,10Y nominal Treasury par yield - 10Y TIPS par real yield,https://home.treasury.gov/resource-center/data-chart-center/interest-rates/daily-treasury-rates.csv/2023/all?type=daily_treasury_yield_curve&field_tdr_date_value=2023&page&_format=csv,https://home.treasury.gov/resource-center/data-chart-center/interest-rates/daily-treasury-rates.csv/2023/all?type=daily_treasury_real_yield_curve&field_tdr_date_value=2023&page&_format=csv
2023-01-13,3.49,1.31,2.18,10Y nominal Treasury par yield - 10Y TIPS par real yield,https://home.treasury.gov/resource-center/data-chart-center/interest-rates/daily-treasury-rates.csv/2023/all?type=daily_treasury_yield_curve&field_tdr_date_value=2023&page&_format=csv,https://home.treasury.gov/resource-center/data-chart-center/interest-rates/daily-treasury-rates.csv/2023/all?type=daily_treasury_real_yield_curve&field_tdr_date_value=2023&page&_format=csv
2023-01-17,3.53,1.36,2.17,10Y nominal Treasury par yield - 10Y TIPS par real yield,https://home.treasury.gov/resource-center/data-chart-center/interest-rates/daily-treasury-rates.csv/2023/all?type=daily_treasury_yield_curve&field_tdr_date_value=2023&page&_format=csv,https://home.treasury.gov/resource-center/data-chart-center/interest-rates/daily-treasury-rates.csv/2023/all?type=daily_treasury_real_yield_curve&field_tdr_date_value=2023&page&_format=csv
2023-01-18,3.37,1.25,2.12,10Y nominal Treasury par yield - 10Y TIPS par real yield,https://home.treasury.gov/resource-center/data-chart-center/interest-rates/daily-treasury-rates.csv/2023/all?type=daily_treasury_yield_curve&field_tdr_date_value=2023&page&_format=csv,https://home.treasury.gov/resource-center/data-chart-center/interest-rates/daily-treasury-rates.csv/2023/all?type=daily_treasury_real_yield_curve&field_tdr_date_value=2023&page&_format=csv
2023-01-19,3.39,1.19,2.20,10Y nominal Treasury par yield - 10Y TIPS par real yield,https://home.treasury.gov/resource-center/data-chart-center/interest-rates/daily-treasury-rates.csv/2023/all?type=daily_treasury_yield_curve&field_tdr_date_value=2023&page&_format=csv,https://home.treasury.gov/resource-center/data-chart-center/interest-rates/daily-treasury-rates.csv/2023/all?type=daily_treasury_real_yield_curve&field_tdr_date_value=2023&page&_format=csv
2023-01-20,3.48,1.25,2.23,10Y nominal Treasury par yield - 10Y TIPS par real yield,https://home.treasury.gov/resource-center/data-chart-center/interest-rates/daily-treasury-rates.csv/2023/all?type=daily_treasury_yield_curve&field_tdr_date_value=2023&page&_format=csv,https://home.treasury.gov/resource-center/data-chart-center/interest-rates/daily-treasury-rates.csv/2023/all?type=daily_treasury_real_yield_curve&field_tdr_date_value=2023&page&_format=csv
2023-01-23,3.52,1.24,2.28,10Y nominal Treasury par yield - 10Y TIPS par real yield,https://home.treasury.gov/resource-center/data-chart-center/interest-rates/daily-treasury-rates.csv/2023/all?type=daily_treasury_yield_curve&field_tdr_date_value=2023&page&_format=csv,https://home.treasury.gov/resource-center/data-chart-center/interest-rates/daily-treasury-rates.csv/2023/all?type=daily_treasury_real_yield_curve&field_tdr_date_value=2023&page&_format=csv
2023-01-24,3.46,1.19,2.27,10Y nominal Treasury par yield - 10Y TIPS par real yield,https://home.treasury.gov/resource-center/data-chart-center/interest-rates/daily-treasury-rates.csv/2023/all?type=daily_treasury_yield_curve&field_tdr_date_value=2023&page&_format=csv,https://home.treasury.gov/resource-center/data-chart-center/interest-rates/daily-treasury-rates.csv/2023/all?type=daily_treasury_real_yield_curve&field_tdr_date_value=2023&page&_format=csv
2023-01-25,3.46,1.17,2.29,10Y nominal Treasury par yield - 10Y TIPS par real yield,https://home.treasury.gov/resource-center/data-chart-center/interest-rates/daily-treasury-rates.csv/2023/all?type=daily_treasury_yield_curve&field_tdr_date_value=2023&page&_format=csv,https://home.treasury.gov/resource-center/data-chart-center/interest-rates/daily-treasury-rates.csv/2023/all?type=daily_treasury_real_yield_curve&field_tdr_date_value=2023&page&_format=csv
2023-01-26,3.49,1.16,2.33,10Y nominal Treasury par yield - 10Y TIPS par real yield,https://home.treasury.gov/resource-center/data-chart-center/interest-rates/daily-treasury-rates.csv/2023/all?type=daily_treasury_yield_curve&field_tdr_date_value=2023&page&_format=csv,https://home.treasury.gov/resource-center/data-chart-center/interest-rates/daily-treasury-rates.csv/2023/all?type=daily_treasury_real_yield_curve&field_tdr_date_value=2023&page&_format=csv
2023-01-27,3.52,1.19,2.33,10Y nominal Treasury par yield - 10Y TIPS par real yield,https://home.treasury.gov/resource-center/data-chart-center/interest-rates/daily-treasury-rates.csv/2023/all?type=daily_treasury_yield_curve&field_tdr_date_value=2023&page&_format=csv,https://home.treasury.gov/resource-center/data-chart-center/interest-rates/daily-treasury-rates.csv/2023/all?type=daily_treasury_real_yield_curve&field_tdr_date_value=2023&page&_format=csv
2023-01-30,3.55,1.26,2.29,10Y nominal Treasury par yield - 10Y TIPS par real yield,https://home.treasury.gov/resource-center/data-chart-center/interest-rates/daily-treasury-rates.csv/2023/all?type=daily_treasury_yield_curve&field_tdr_date_value=2023&page&_format=csv,https://home.treasury.gov/resource-center/data-chart-center/interest-rates/daily-treasury-rates.csv/2023/all?type=daily_treasury_real_yield_curve&field_tdr_date_value=2023&page&_format=csv
2023-01-31,3.52,1.28,2.24,10Y nominal Treasury par yield - 10Y TIPS par real yield,https://home.treasury.gov/resource-center/data-chart-center/interest-rates/daily-treasury-rates.csv/2023/all?type=daily_treasury_yield_curve&field_tdr_date_value=2023&page&_format=csv,https://home.treasury.gov/resource-center/data-chart-center/interest-rates/daily-treasury-rates.csv/2023/all?type=daily_treasury_real_yield_curve&field_tdr_date_value=2023&page&_format=csv
2023-02-01,3.39,1.14,2.25,10Y nominal Treasury par yield - 10Y TIPS par real yield,https://home.treasury.gov/resource-center/data-chart-center/interest-rates/daily-treasury-rates.csv/2023/all?type=daily_treasury_yield_curve&field_tdr_date_value=2023&page&_format=csv,https://home.treasury.gov/resource-center/data-chart-center/interest-rates/daily-treasury-rates.csv/2023/all?type=daily_treasury_real_yield_curve&field_tdr_date_value=2023&page&_format=csv
2023-02-02,3.40,1.18,2.22,10Y nominal Treasury par yield - 10Y TIPS par real yield,https://home.treasury.gov/resource-center/data-chart-center/interest-rates/daily-treasury-rates.csv/2023/all?type=daily_treasury_yield_curve&field_tdr_date_value=2023&page&_format=csv,https://home.treasury.gov/resource-center/data-chart-center/interest-rates/daily-treasury-rates.csv/2023/all?type=daily_treasury_real_yield_curve&field_tdr_date_value=2023&page&_format=csv
2023-02-03,3.53,1.31,2.22,10Y nominal Treasury par yield - 10Y TIPS par real yield,https://home.treasury.gov/resource-center/data-chart-center/interest-rates/daily-treasury-rates.csv/2023/all?type=daily_treasury_yield_curve&field_tdr_date_value=2023&page&_format=csv,https://home.treasury.gov/resource-center/data-chart-center/interest-rates/daily-treasury-rates.csv/2023/all?type=daily_treasury_real_yield_curve&field_tdr_date_value=2023&page&_format=csv
2023-02-06,3.63,1.38,2.25,10Y nominal Treasury par yield - 10Y TIPS par real yield,https://home.treasury.gov/resource-center/data-chart-center/interest-rates/daily-treasury-rates.csv/2023/all?type=daily_treasury_yield_curve&field_tdr_date_value=2023&page&_format=csv,https://home.treasury.gov/resource-center/data-chart-center/interest-rates/daily-treasury-rates.csv/2023/all?type=daily_treasury_real_yield_curve&field_tdr_date_value=2023&page&_format=csv
2023-02-07,3.67,1.36,2.31,10Y nominal Treasury par yield - 10Y TIPS par real yield,https://home.treasury.gov/resource-center/data-chart-center/interest-rates/daily-treasury-rates.csv/2023/all?type=daily_treasury_yield_curve&field_tdr_date_value=2023&page&_format=csv,https://home.treasury.gov/resource-center/data-chart-center/interest-rates/daily-treasury-rates.csv/2023/all?type=daily_treasury_real_yield_curve&field_tdr_date_value=2023&page&_format=csv
2023-02-08,3.63,1.29,2.34,10Y nominal Treasury par yield - 10Y TIPS par real yield,https://home.treasury.gov/resource-center/data-chart-center/interest-rates/daily-treasury-rates.csv/2023/all?type=daily_treasury_yield_curve&field_tdr_date_value=2023&page&_format=csv,https://home.treasury.gov/resource-center/data-chart-center/interest-rates/daily-treasury-rates.csv/2023/all?type=daily_treasury_real_yield_curve&field_tdr_date_value=2023&page&_format=csv
2023-02-09,3.67,1.34,2.33,10Y nominal Treasury par yield - 10Y TIPS par real yield,https://home.treasury.gov/resource-center/data-chart-center/interest-rates/daily-treasury-rates.csv/2023/all?type=daily_treasury_yield_curve&field_tdr_date_value=2023&page&_format=csv,https://home.treasury.gov/resource-center/data-chart-center/interest-rates/daily-treasury-rates.csv/2023/all?type=daily_treasury_real_yield_curve&field_tdr_date_value=2023&page&_format=csv
2023-02-10,3.74,1.41,2.33,10Y nominal Treasury par yield - 10Y TIPS par real yield,https://home.treasury.gov/resource-center/data-chart-center/interest-rates/daily-treasury-rates.csv/2023/all?type=daily_treasury_yield_curve&field_tdr_date_value=2023&page&_format=csv,https://home.treasury.gov/resource-center/data-chart-center/interest-rates/daily-treasury-rates.csv/2023/all?type=daily_treasury_real_yield_curve&field_tdr_date_value=2023&page&_format=csv
2023-02-13,3.72,1.41,2.31,10Y nominal Treasury par yield - 10Y TIPS par real yield,https://home.treasury.gov/resource-center/data-chart-center/interest-rates/daily-treasury-rates.csv/2023/all?type=daily_treasury_yield_curve&field_tdr_date_value=2023&page&_format=csv,https://home.treasury.gov/resource-center/data-chart-center/interest-rates/daily-treasury-rates.csv/2023/all?type=daily_treasury_real_yield_curve&field_tdr_date_value=2023&page&_format=csv
2023-02-14,3.77,1.46,2.31,10Y nominal Treasury par yield - 10Y TIPS par real yield,https://home.treasury.gov/resource-center/data-chart-center/interest-rates/daily-treasury-rates.csv/2023/all?type=daily_treasury_yield_curve&field_tdr_date_value=2023&page&_format=csv,https://home.treasury.gov/resource-center/data-chart-center/interest-rates/daily-treasury-rates.csv/2023/all?type=daily_treasury_real_yield_curve&field_tdr_date_value=2023&page&_format=csv
2023-02-15,3.81,1.46,2.35,10Y nominal Treasury par yield - 10Y TIPS par real yield,https://home.treasury.gov/resource-center/data-chart-center/interest-rates/daily-treasury-rates.csv/2023/all?type=daily_treasury_yield_curve&field_tdr_date_value=2023&page&_format=csv,https://home.treasury.gov/resource-center/data-chart-center/interest-rates/daily-treasury-rates.csv/2023/all?type=daily_treasury_real_yield_curve&field_tdr_date_value=2023&page&_format=csv
2023-02-16,3.86,1.49,2.37,10Y nominal Treasury par yield - 10Y TIPS par real yield,https://home.treasury.gov/resource-center/data-chart-center/interest-rates/daily-treasury-rates.csv/2023/all?type=daily_treasury_yield_curve&field_tdr_date_value=2023&page&_format=csv,https://home.treasury.gov/resource-center/data-chart-center/interest-rates/daily-treasury-rates.csv/2023/all?type=daily_treasury_real_yield_curve&field_tdr_date_value=2023&page&_format=csv
2023-02-17,3.82,1.46,2.36,10Y nominal Treasury par yield - 10Y TIPS par real yield,https://home.treasury.gov/resource-center/data-chart-center/interest-rates/daily-treasury-rates.csv/2023/all?type=daily_treasury_yield_curve&field_tdr_date_value=2023&page&_format=csv,https://home.treasury.gov/resource-center/data-chart-center/interest-rates/daily-treasury-rates.csv/2023/all?type=daily_treasury_real_yield_curve&field_tdr_date_value=2023&page&_format=csv
2023-02-21,3.95,1.53,2.42,10Y nominal Treasury par yield - 10Y TIPS par real yield,https://home.treasury.gov/resource-center/data-chart-center/interest-rates/daily-treasury-rates.csv/2023/all?type=daily_treasury_yield_curve&field_tdr_date_value=2023&page&_format=csv,https://home.treasury.gov/resource-center/data-chart-center/interest-rates/daily-treasury-rates.csv/2023/all?type=daily_treasury_real_yield_curve&field_tdr_date_value=2023&page&_format=csv
2023-02-22,3.93,1.52,2.41,10Y nominal Treasury par yield - 10Y TIPS par real yield,https://home.treasury.gov/resource-center/data-chart-center/interest-rates/daily-treasury-rates.csv/2023/all?type=daily_treasury_yield_curve&field_tdr_date_value=2023&page&_format=csv,https://home.treasury.gov/resource-center/data-chart-center/interest-rates/daily-treasury-rates.csv/2023/all?type=daily_treasury_real_yield_curve&field_tdr_date_value=2023&page&_format=csv
2023-02-23,3.88,1.49,2.39,10Y nominal Treasury par yield - 10Y TIPS par real yield,https://home.treasury.gov/resource-center/data-chart-center/interest-rates/daily-treasury-rates.csv/2023/all?type=daily_treasury_yield_curve&field_tdr_date_value=2023&page&_format=csv,https://home.treasury.gov/resource-center/data-chart-center/interest-rates/daily-treasury-rates.csv/2023/all?type=daily_treasury_real_yield_curve&field_tdr_date_value=2023&page&_format=csv
2023-02-24,3.95,1.57,2.38,10Y nominal Treasury par yield - 10Y TIPS par real yield,https://home.treasury.gov/resource-center/data-chart-center/interest-rates/daily-treasury-rates.csv/2023/all?type=daily_treasury_yield_curve&field_tdr_date_value=2023&page&_format=csv,https://home.treasury.gov/resource-center/data-chart-center/interest-rates/daily-treasury-rates.csv/2023/all?type=daily_treasury_real_yield_curve&field_tdr_date_value=2023&page&_format=csv
2023-02-27,3.92,1.56,2.36,10Y nominal Treasury par yield - 10Y TIPS par real yield,https://home.treasury.gov/resource-center/data-chart-center/interest-rates/daily-treasury-rates.csv/2023/all?type=daily_treasury_yield_curve&field_tdr_date_value=2023&page&_format=csv,https://home.treasury.gov/resource-center/data-chart-center/interest-rates/daily-treasury-rates.csv/2023/all?type=daily_treasury_real_yield_curve&field_tdr_date_value=2023&page&_format=csv
2023-02-28,3.92,1.49,2.43,10Y nominal Treasury par yield - 10Y TIPS par real yield,https://home.treasury.gov/resource-center/data-chart-center/interest-rates/daily-treasury-rates.csv/2023/all?type=daily_treasury_yield_curve&field_tdr_date_value=2023&page&_format=csv,https://home.treasury.gov/resource-center/data-chart-center/interest-rates/daily-treasury-rates.csv/2023/all?type=daily_treasury_real_yield_curve&field_tdr_date_value=2023&page&_format=csv
2023-03-01,4.01,1.57,2.44,10Y nominal Treasury par yield - 10Y TIPS par real yield,https://home.treasury.gov/resource-center/data-chart-center/interest-rates/daily-treasury-rates.csv/2023/all?type=daily_treasury_yield_curve&field_tdr_date_value=2023&page&_format=csv,https://home.treasury.gov/resource-center/data-chart-center/interest-rates/daily-treasury-rates.csv/2023/all?type=daily_treasury_real_yield_curve&field_tdr_date_value=2023&page&_format=csv
2023-03-02,4.08,1.60,2.48,10Y nominal Treasury par yield - 10Y TIPS par real yield,https://home.treasury.gov/resource-center/data-chart-center/interest-rates/daily-treasury-rates.csv/2023/all?type=daily_treasury_yield_curve&field_tdr_date_value=2023&page&_format=csv,https://home.treasury.gov/resource-center/data-chart-center/interest-rates/daily-treasury-rates.csv/2023/all?type=daily_treasury_real_yield_curve&field_tdr_date_value=2023&page&_format=csv
2023-03-03,3.97,1.45,2.52,10Y nominal Treasury par yield - 10Y TIPS par real yield,https://home.treasury.gov/resource-center/data-chart-center/interest-rates/daily-treasury-rates.csv/2023/all?type=daily_treasury_yield_curve&field_tdr_date_value=2023&page&_format=csv,https://home.treasury.gov/resource-center/data-chart-center/interest-rates/daily-treasury-rates.csv/2023/all?type=daily_treasury_real_yield_curve&field_tdr_date_value=2023&page&_format=csv
2023-03-06,3.98,1.49,2.49,10Y nominal Treasury par yield - 10Y TIPS par real yield,https://home.treasury.gov/resource-center/data-chart-center/interest-rates/daily-treasury-rates.csv/2023/all?type=daily_treasury_yield_curve&field_tdr_date_value=2023&page&_format=csv,https://home.treasury.gov/resource-center/data-chart-center/interest-rates/daily-treasury-rates.csv/2023/all?type=daily_treasury_real_yield_curve&field_tdr_date_value=2023&page&_format=csv
2023-03-07,3.97,1.59,2.38,10Y nominal Treasury par yield - 10Y TIPS par real yield,https://home.treasury.gov/resource-center/data-chart-center/interest-rates/daily-treasury-rates.csv/2023/all?type=daily_treasury_yield_curve&field_tdr_date_value=2023&page&_format=csv,https://home.treasury.gov/resource-center/data-chart-center/interest-rates/daily-treasury-rates.csv/2023/all?type=daily_treasury_real_yield_curve&field_tdr_date_value=2023&page&_format=csv
2023-03-08,3.98,1.66,2.32,10Y nominal Treasury par yield - 10Y TIPS par real yield,https://home.treasury.gov/resource-center/data-chart-center/interest-rates/daily-treasury-rates.csv/2023/all?type=daily_treasury_yield_curve&field_tdr_date_value=2023&page&_format=csv,https://home.treasury.gov/resource-center/data-chart-center/interest-rates/daily-treasury-rates.csv/2023/all?type=daily_treasury_real_yield_curve&field_tdr_date_value=2023&page&_format=csv
2023-03-09,3.93,1.63,2.30,10Y nominal Treasury par yield - 10Y TIPS par real yield,https://home.treasury.gov/resource-center/data-chart-center/interest-rates/daily-treasury-rates.csv/2023/all?type=daily_treasury_yield_curve&field_tdr_date_value=2023&page&_format=csv,https://home.treasury.gov/resource-center/data-chart-center/interest-rates/daily-treasury-rates.csv/2023/all?type=daily_treasury_real_yield_curve&field_tdr_date_value=2023&page&_format=csv
2023-03-10,3.70,1.44,2.26,10Y nominal Treasury par yield - 10Y TIPS par real yield,https://home.treasury.gov/resource-center/data-chart-center/interest-rates/daily-treasury-rates.csv/2023/all?type=daily_treasury_yield_curve&field_tdr_date_value=2023&page&_format=csv,https://home.treasury.gov/resource-center/data-chart-center/interest-rates/daily-treasury-rates.csv/2023/all?type=daily_treasury_real_yield_curve&field_tdr_date_value=2023&page&_format=csv
2023-03-13,3.55,1.31,2.24,10Y nominal Treasury par yield - 10Y TIPS par real yield,https://home.treasury.gov/resource-center/data-chart-center/interest-rates/daily-treasury-rates.csv/2023/all?type=daily_treasury_yield_curve&field_tdr_date_value=2023&page&_format=csv,https://home.treasury.gov/resource-center/data-chart-center/interest-rates/daily-treasury-rates.csv/2023/all?type=daily_treasury_real_yield_curve&field_tdr_date_value=2023&page&_format=csv
2023-03-14,3.64,1.33,2.31,10Y nominal Treasury par yield - 10Y TIPS par real yield,https://home.treasury.gov/resource-center/data-chart-center/interest-rates/daily-treasury-rates.csv/2023/all?type=daily_treasury_yield_curve&field_tdr_date_value=2023&page&_format=csv,https://home.treasury.gov/resource-center/data-chart-center/interest-rates/daily-treasury-rates.csv/2023/all?type=daily_treasury_real_yield_curve&field_tdr_date_value=2023&page&_format=csv
2023-03-15,3.51,1.22,2.29,10Y nominal Treasury par yield - 10Y TIPS par real yield,https://home.treasury.gov/resource-center/data-chart-center/interest-rates/daily-treasury-rates.csv/2023/all?type=daily_treasury_yield_curve&field_tdr_date_value=2023&page&_format=csv,https://home.treasury.gov/resource-center/data-chart-center/interest-rates/daily-treasury-rates.csv/2023/all?type=daily_treasury_real_yield_curve&field_tdr_date_value=2023&page&_format=csv
2023-03-16,3.56,1.34,2.22,10Y nominal Treasury par yield - 10Y TIPS par real yield,https://home.treasury.gov/resource-center/data-chart-center/interest-rates/daily-treasury-rates.csv/2023/all?type=daily_treasury_yield_curve&field_tdr_date_value=2023&page&_format=csv,https://home.treasury.gov/resource-center/data-chart-center/interest-rates/daily-treasury-rates.csv/2023/all?type=daily_treasury_real_yield_curve&field_tdr_date_value=2023&page&_format=csv
2023-03-17,3.39,1.29,2.10,10Y nominal Treasury par yield - 10Y TIPS par real yield,https://home.treasury.gov/resource-center/data-chart-center/interest-rates/daily-treasury-rates.csv/2023/all?type=daily_treasury_yield_curve&field_tdr_date_value=2023&page&_format=csv,https://home.treasury.gov/resource-center/data-chart-center/interest-rates/daily-treasury-rates.csv/2023/all?type=daily_treasury_real_yield_curve&field_tdr_date_value=2023&page&_format=csv
2023-03-20,3.47,1.33,2.14,10Y nominal Treasury par yield - 10Y TIPS par real yield,https://home.treasury.gov/resource-center/data-chart-center/interest-rates/daily-treasury-rates.csv/2023/all?type=daily_treasury_yield_curve&field_tdr_date_value=2023&page&_format=csv,https://home.treasury.gov/resource-center/data-chart-center/interest-rates/daily-treasury-rates.csv/2023/all?type=daily_treasury_real_yield_curve&field_tdr_date_value=2023&page&_format=csv
2023-03-21,3.59,1.36,2.23,10Y nominal Treasury par yield - 10Y TIPS par real yield,https://home.treasury.gov/resource-center/data-chart-center/interest-rates/daily-treasury-rates.csv/2023/all?type=daily_treasury_yield_curve&field_tdr_date_value=2023&page&_format=csv,https://home.treasury.gov/resource-center/data-chart-center/interest-rates/daily-treasury-rates.csv/2023/all?type=daily_treasury_real_yield_curve&field_tdr_date_value=2023&page&_format=csv
2023-03-22,3.48,1.20,2.28,10Y nominal Treasury par yield - 10Y TIPS par real yield,https://home.treasury.gov/resource-center/data-chart-center/interest-rates/daily-treasury-rates.csv/2023/all?type=daily_treasury_yield_curve&field_tdr_date_value=2023&page&_format=csv,https://home.treasury.gov/resource-center/data-chart-center/interest-rates/daily-treasury-rates.csv/2023/all?type=daily_treasury_real_yield_curve&field_tdr_date_value=2023&page&_format=csv
2023-03-23,3.38,1.19,2.19,10Y nominal Treasury par yield - 10Y TIPS par real yield,https://home.treasury.gov/resource-center/data-chart-center/interest-rates/daily-treasury-rates.csv/2023/all?type=daily_treasury_yield_curve&field_tdr_date_value=2023&page&_format=csv,https://home.treasury.gov/resource-center/data-chart-center/interest-rates/daily-treasury-rates.csv/2023/all?type=daily_treasury_real_yield_curve&field_tdr_date_value=2023&page&_format=csv
2023-03-24,3.38,1.16,2.22,10Y nominal Treasury par yield - 10Y TIPS par real yield,https://home.treasury.gov/resource-center/data-chart-center/interest-rates/daily-treasury-rates.csv/2023/all?type=daily_treasury_yield_curve&field_tdr_date_value=2023&page&_format=csv,https://home.treasury.gov/resource-center/data-chart-center/interest-rates/daily-treasury-rates.csv/2023/all?type=daily_treasury_real_yield_curve&field_tdr_date_value=2023&page&_format=csv
2023-03-27,3.53,1.29,2.24,10Y nominal Treasury par yield - 10Y TIPS par real yield,https://home.treasury.gov/resource-center/data-chart-center/interest-rates/daily-treasury-rates.csv/2023/all?type=daily_treasury_yield_curve&field_tdr_date_value=2023&page&_format=csv,https://home.treasury.gov/resource-center/data-chart-center/interest-rates/daily-treasury-rates.csv/2023/all?type=daily_treasury_real_yield_curve&field_tdr_date_value=2023&page&_format=csv
2023-03-28,3.55,1.24,2.31,10Y nominal Treasury par yield - 10Y TIPS par real yield,https://home.treasury.gov/resource-center/data-chart-center/interest-rates/daily-treasury-rates.csv/2023/all?type=daily_treasury_yield_curve&field_tdr_date_value=2023&page&_format=csv,https://home.treasury.gov/resource-center/data-chart-center/interest-rates/daily-treasury-rates.csv/2023/all?type=daily_treasury_real_yield_curve&field_tdr_date_value=2023&page&_format=csv
2023-03-29,3.57,1.24,2.33,10Y nominal Treasury par yield - 10Y TIPS par real yield,https://home.treasury.gov/resource-center/data-chart-center/interest-rates/daily-treasury-rates.csv/2023/all?type=daily_treasury_yield_curve&field_tdr_date_value=2023&page&_format=csv,https://home.treasury.gov/resource-center/data-chart-center/interest-rates/daily-treasury-rates.csv/2023/all?type=daily_treasury_real_yield_curve&field_tdr_date_value=2023&page&_format=csv
2023-03-30,3.55,1.21,2.34,10Y nominal Treasury par yield - 10Y TIPS par real yield,https://home.treasury.gov/resource-center/data-chart-center/interest-rates/daily-treasury-rates.csv/2023/all?type=daily_treasury_yield_curve&field_tdr_date_value=2023&page&_format=csv,https://home.treasury.gov/resource-center/data-chart-center/interest-rates/daily-treasury-rates.csv/2023/all?type=daily_treasury_real_yield_curve&field_tdr_date_value=2023&page&_format=csv
2023-03-31,3.48,1.16,2.32,10Y nominal Treasury par yield - 10Y TIPS par real yield,https://home.treasury.gov/resource-center/data-chart-center/interest-rates/daily-treasury-rates.csv/2023/all?type=daily_treasury_yield_curve&field_tdr_date_value=2023&page&_format=csv,https://home.treasury.gov/resource-center/data-chart-center/interest-rates/daily-treasury-rates.csv/2023/all?type=daily_treasury_real_yield_curve&field_tdr_date_value=2023&page&_format=csv
2023-04-03,3.43,1.14,2.29,10Y nominal Treasury par yield - 10Y TIPS par real yield,https://home.treasury.gov/resource-center/data-chart-center/interest-rates/daily-treasury-rates.csv/2023/all?type=daily_treasury_yield_curve&field_tdr_date_value=2023&page&_format=csv,https://home.treasury.gov/resource-center/data-chart-center/interest-rates/daily-treasury-rates.csv/2023/all?type=daily_treasury_real_yield_curve&field_tdr_date_value=2023&page&_format=csv
2023-04-04,3.35,1.10,2.25,10Y nominal Treasury par yield - 10Y TIPS par real yield,https://home.treasury.gov/resource-center/data-chart-center/interest-rates/daily-treasury-rates.csv/2023/all?type=daily_treasury_yield_curve&field_tdr_date_value=2023&page&_format=csv,https://home.treasury.gov/resource-center/data-chart-center/interest-rates/daily-treasury-rates.csv/2023/all?type=daily_treasury_real_yield_curve&field_tdr_date_value=2023&page&_format=csv
2023-04-05,3.30,1.07,2.23,10Y nominal Treasury par yield - 10Y TIPS par real yield,https://home.treasury.gov/resource-center/data-chart-center/interest-rates/daily-treasury-rates.csv/2023/all?type=daily_treasury_yield_curve&field_tdr_date_value=2023&page&_format=csv,https://home.treasury.gov/resource-center/data-chart-center/interest-rates/daily-treasury-rates.csv/2023/all?type=daily_treasury_real_yield_curve&field_tdr_date_value=2023&page&_format=csv
2023-04-06,3.30,1.06,2.24,10Y nominal Treasury par yield - 10Y TIPS par real yield,https://home.treasury.gov/resource-center/data-chart-center/interest-rates/daily-treasury-rates.csv/2023/all?type=daily_treasury_yield_curve&field_tdr_date_value=2023&page&_format=csv,https://home.treasury.gov/resource-center/data-chart-center/interest-rates/daily-treasury-rates.csv/2023/all?type=daily_treasury_real_yield_curve&field_tdr_date_value=2023&page&_format=csv
2023-04-07,3.39,1.14,2.25,10Y nominal Treasury par yield - 10Y TIPS par real yield,https://home.treasury.gov/resource-center/data-chart-center/interest-rates/daily-treasury-rates.csv/2023/all?type=daily_treasury_yield_curve&field_tdr_date_value=2023&page&_format=csv,https://home.treasury.gov/resource-center/data-chart-center/interest-rates/daily-treasury-rates.csv/2023/all?type=daily_treasury_real_yield_curve&field_tdr_date_value=2023&page&_format=csv
2023-04-10,3.41,1.14,2.27,10Y nominal Treasury par yield - 10Y TIPS par real yield,https://home.treasury.gov/resource-center/data-chart-center/interest-rates/daily-treasury-rates.csv/2023/all?type=daily_treasury_yield_curve&field_tdr_date_value=2023&page&_format=csv,https://home.treasury.gov/resource-center/data-chart-center/interest-rates/daily-treasury-rates.csv/2023/all?type=daily_treasury_real_yield_curve&field_tdr_date_value=2023&page&_format=csv
2023-04-11,3.43,1.14,2.29,10Y nominal Treasury par yield - 10Y TIPS par real yield,https://home.treasury.gov/resource-center/data-chart-center/interest-rates/daily-treasury-rates.csv/2023/all?type=daily_treasury_yield_curve&field_tdr_date_value=2023&page&_format=csv,https://home.treasury.gov/resource-center/data-chart-center/interest-rates/daily-treasury-rates.csv/2023/all?type=daily_treasury_real_yield_curve&field_tdr_date_value=2023&page&_format=csv
2023-04-12,3.41,1.14,2.27,10Y nominal Treasury par yield - 10Y TIPS par real yield,https://home.treasury.gov/resource-center/data-chart-center/interest-rates/daily-treasury-rates.csv/2023/all?type=daily_treasury_yield_curve&field_tdr_date_value=2023&page&_format=csv,https://home.treasury.gov/resource-center/data-chart-center/interest-rates/daily-treasury-rates.csv/2023/all?type=daily_treasury_real_yield_curve&field_tdr_date_value=2023&page&_format=csv
2023-04-13,3.45,1.16,2.29,10Y nominal Treasury par yield - 10Y TIPS par real yield,https://home.treasury.gov/resource-center/data-chart-center/interest-rates/daily-treasury-rates.csv/2023/all?type=daily_treasury_yield_curve&field_tdr_date_value=2023&page&_format=csv,https://home.treasury.gov/resource-center/data-chart-center/interest-rates/daily-treasury-rates.csv/2023/all?type=daily_treasury_real_yield_curve&field_tdr_date_value=2023&page&_format=csv
2023-04-14,3.52,1.22,2.30,10Y nominal Treasury par yield - 10Y TIPS par real yield,https://home.treasury.gov/resource-center/data-chart-center/interest-rates/daily-treasury-rates.csv/2023/all?type=daily_treasury_yield_curve&field_tdr_date_value=2023&page&_format=csv,https://home.treasury.gov/resource-center/data-chart-center/interest-rates/daily-treasury-rates.csv/2023/all?type=daily_treasury_real_yield_curve&field_tdr_date_value=2023&page&_format=csv
2023-04-17,3.60,1.28,2.32,10Y nominal Treasury par yield - 10Y TIPS par real yield,https://home.treasury.gov/resource-center/data-chart-center/interest-rates/daily-treasury-rates.csv/2023/all?type=daily_treasury_yield_curve&field_tdr_date_value=2023&page&_format=csv,https://home.treasury.gov/resource-center/data-chart-center/interest-rates/daily-treasury-rates.csv/2023/all?type=daily_treasury_real_yield_curve&field_tdr_date_value=2023&page&_format=csv
2023-04-18,3.58,1.30,2.28,10Y nominal Treasury par yield - 10Y TIPS par real yield,https://home.treasury.gov/resource-center/data-chart-center/interest-rates/daily-treasury-rates.csv/2023/all?type=daily_treasury_yield_curve&field_tdr_date_value=2023&page&_format=csv,https://home.treasury.gov/resource-center/data-chart-center/interest-rates/daily-treasury-rates.csv/2023/all?type=daily_treasury_real_yield_curve&field_tdr_date_value=2023&page&_format=csv
2023-04-19,3.60,1.32,2.28,10Y nominal Treasury par yield - 10Y TIPS par real yield,https://home.treasury.gov/resource-center/data-chart-center/interest-rates/daily-treasury-rates.csv/2023/all?type=daily_treasury_yield_curve&field_tdr_date_value=2023&page&_format=csv,https://home.treasury.gov/resource-center/data-chart-center/interest-rates/daily-treasury-rates.csv/2023/all?type=daily_treasury_real_yield_curve&field_tdr_date_value=2023&page&_format=csv
2023-04-20,3.54,1.28,2.26,10Y nominal Treasury par yield - 10Y TIPS par real yield,https://home.treasury.gov/resource-center/data-chart-center/interest-rates/daily-treasury-rates.csv/2023/all?type=daily_treasury_yield_curve&field_tdr_date_value=2023&page&_format=csv,https://home.treasury.gov/resource-center/data-chart-center/interest-rates/daily-treasury-rates.csv/2023/all?type=daily_treasury_real_yield_curve&field_tdr_date_value=2023&page&_format=csv
2023-04-21,3.57,1.29,2.28,10Y nominal Treasury par yield - 10Y TIPS par real yield,https://home.treasury.gov/resource-center/data-chart-center/interest-rates/daily-treasury-rates.csv/2023/all?type=daily_treasury_yield_curve&field_tdr_date_value=2023&page&_format=csv,https://home.treasury.gov/resource-center/data-chart-center/interest-rates/daily-treasury-rates.csv/2023/all?type=daily_treasury_real_yield_curve&field_tdr_date_value=2023&page&_format=csv
2023-04-24,3.52,1.24,2.28,10Y nominal Treasury par yield - 10Y TIPS par real yield,https://home.treasury.gov/resource-center/data-chart-center/interest-rates/daily-treasury-rates.csv/2023/all?type=daily_treasury_yield_curve&field_tdr_date_value=2023&page&_format=csv,https://home.treasury.gov/resource-center/data-chart-center/interest-rates/daily-treasury-rates.csv/2023/all?type=daily_treasury_real_yield_curve&field_tdr_date_value=2023&page&_format=csv
2023-04-25,3.40,1.15,2.25,10Y nominal Treasury par yield - 10Y TIPS par real yield,https://home.treasury.gov/resource-center/data-chart-center/interest-rates/daily-treasury-rates.csv/2023/all?type=daily_treasury_yield_curve&field_tdr_date_value=2023&page&_format=csv,https://home.treasury.gov/resource-center/data-chart-center/interest-rates/daily-treasury-rates.csv/2023/all?type=daily_treasury_real_yield_curve&field_tdr_date_value=2023&page&_format=csv
2023-04-26,3.43,1.18,2.25,10Y nominal Treasury par yield - 10Y TIPS par real yield,https://home.treasury.gov/resource-center/data-chart-center/interest-rates/daily-treasury-rates.csv/2023/all?type=daily_treasury_yield_curve&field_tdr_date_value=2023&page&_format=csv,https://home.treasury.gov/resource-center/data-chart-center/interest-rates/daily-treasury-rates.csv/2023/all?type=daily_treasury_real_yield_curve&field_tdr_date_value=2023&page&_format=csv
2023-04-27,3.53,1.26,2.27,10Y nominal Treasury par yield - 10Y TIPS par real yield,https://home.treasury.gov/resource-center/data-chart-center/interest-rates/daily-treasury-rates.csv/2023/all?type=daily_treasury_yield_curve&field_tdr_date_value=2023&page&_format=csv,https://home.treasury.gov/resource-center/data-chart-center/interest-rates/daily-treasury-rates.csv/2023/all?type=daily_treasury_real_yield_curve&field_tdr_date_value=2023&page&_format=csv
2023-04-28,3.44,1.26,2.18,10Y nominal Treasury par yield - 10Y TIPS par real yield,https://home.treasury.gov/resource-center/data-chart-center/interest-rates/daily-treasury-rates.csv/2023/all?type=daily_treasury_yield_curve&field_tdr_date_value=2023&page&_format=csv,https://home.treasury.gov/resource-center/data-chart-center/interest-rates/daily-treasury-rates.csv/2023/all?type=daily_treasury_real_yield_curve&field_tdr_date_value=2023&page&_format=csv
2023-05-01,3.59,1.36,2.23,10Y nominal Treasury par yield - 10Y TIPS par real yield,https://home.treasury.gov/resource-center/data-chart-center/interest-rates/daily-treasury-rates.csv/2023/all?type=daily_treasury_yield_curve&field_tdr_date_value=2023&page&_format=csv,https://home.treasury.gov/resource-center/data-chart-center/interest-rates/daily-treasury-rates.csv/2023/all?type=daily_treasury_real_yield_curve&field_tdr_date_value=2023&page&_format=csv
2023-05-02,3.44,1.24,2.20,10Y nominal Treasury par yield - 10Y TIPS par real yield,https://home.treasury.gov/resource-center/data-chart-center/interest-rates/daily-treasury-rates.csv/2023/all?type=daily_treasury_yield_curve&field_tdr_date_value=2023&page&_format=csv,https://home.treasury.gov/resource-center/data-chart-center/interest-rates/daily-treasury-rates.csv/2023/all?type=daily_treasury_real_yield_curve&field_tdr_date_value=2023&page&_format=csv
2023-05-03,3.38,1.18,2.20,10Y nominal Treasury par yield - 10Y TIPS par real yield,https://home.treasury.gov/resource-center/data-chart-center/interest-rates/daily-treasury-rates.csv/2023/all?type=daily_treasury_yield_curve&field_tdr_date_value=2023&page&_format=csv,https://home.treasury.gov/resource-center/data-chart-center/interest-rates/daily-treasury-rates.csv/2023/all?type=daily_treasury_real_yield_curve&field_tdr_date_value=2023&page&_format=csv
2023-05-04,3.37,1.18,2.19,10Y nominal Treasury par yield - 10Y TIPS par real yield,https://home.treasury.gov/resource-center/data-chart-center/interest-rates/daily-treasury-rates.csv/2023/all?type=daily_treasury_yield_curve&field_tdr_date_value=2023&page&_format=csv,https://home.treasury.gov/resource-center/data-chart-center/interest-rates/daily-treasury-rates.csv/2023/all?type=daily_treasury_real_yield_curve&field_tdr_date_value=2023&page&_format=csv
2023-05-05,3.44,1.23,2.21,10Y nominal Treasury par yield - 10Y TIPS par real yield,https://home.treasury.gov/resource-center/data-chart-center/interest-rates/daily-treasury-rates.csv/2023/all?type=daily_treasury_yield_curve&field_tdr_date_value=2023&page&_format=csv,https://home.treasury.gov/resource-center/data-chart-center/interest-rates/daily-treasury-rates.csv/2023/all?type=daily_treasury_real_yield_curve&field_tdr_date_value=2023&page&_format=csv
2023-05-08,3.52,1.29,2.23,10Y nominal Treasury par yield - 10Y TIPS par real yield,https://home.treasury.gov/resource-center/data-chart-center/interest-rates/daily-treasury-rates.csv/2023/all?type=daily_treasury_yield_curve&field_tdr_date_value=2023&page&_format=csv,https://home.treasury.gov/resource-center/data-chart-center/interest-rates/daily-treasury-rates.csv/2023/all?type=daily_treasury_real_yield_curve&field_tdr_date_value=2023&page&_format=csv
2023-05-09,3.53,1.30,2.23,10Y nominal Treasury par yield - 10Y TIPS par real yield,https://home.treasury.gov/resource-center/data-chart-center/interest-rates/daily-treasury-rates.csv/2023/all?type=daily_treasury_yield_curve&field_tdr_date_value=2023&page&_format=csv,https://home.treasury.gov/resource-center/data-chart-center/interest-rates/daily-treasury-rates.csv/2023/all?type=daily_treasury_real_yield_curve&field_tdr_date_value=2023&page&_format=csv
2023-05-10,3.43,1.26,2.17,10Y nominal Treasury par yield - 10Y TIPS par real yield,https://home.treasury.gov/resource-center/data-chart-center/interest-rates/daily-treasury-rates.csv/2023/all?type=daily_treasury_yield_curve&field_tdr_date_value=2023&page&_format=csv,https://home.treasury.gov/resource-center/data-chart-center/interest-rates/daily-treasury-rates.csv/2023/all?type=daily_treasury_real_yield_curve&field_tdr_date_value=2023&page&_format=csv
2023-05-11,3.39,1.23,2.16,10Y nominal Treasury par yield - 10Y TIPS par real yield,https://home.treasury.gov/resource-center/data-chart-center/interest-rates/daily-treasury-rates.csv/2023/all?type=daily_treasury_yield_curve&field_tdr_date_value=2023&page&_format=csv,https://home.treasury.gov/resource-center/data-chart-center/interest-rates/daily-treasury-rates.csv/2023/all?type=daily_treasury_real_yield_curve&field_tdr_date_value=2023&page&_format=csv
2023-05-12,3.46,1.28,2.18,10Y nominal Treasury par yield - 10Y TIPS par real yield,https://home.treasury.gov/resource-center/data-chart-center/interest-rates/daily-treasury-rates.csv/2023/all?type=daily_treasury_yield_curve&field_tdr_date_value=2023&page&_format=csv,https://home.treasury.gov/resource-center/data-chart-center/interest-rates/daily-treasury-rates.csv/2023/all?type=daily_treasury_real_yield_curve&field_tdr_date_value=2023&page&_format=csv
2023-05-15,3.50,1.31,2.19,10Y nominal Treasury par yield - 10Y TIPS par real yield,https://home.treasury.gov/resource-center/data-chart-center/interest-rates/daily-treasury-rates.csv/2023/all?type=daily_treasury_yield_curve&field_tdr_date_value=2023&page&_format=csv,https://home.treasury.gov/resource-center/data-chart-center/interest-rates/daily-treasury-rates.csv/2023/all?type=daily_treasury_real_yield_curve&field_tdr_date_value=2023&page&_format=csv
2023-05-16,3.54,1.35,2.19,10Y nominal Treasury par yield - 10Y TIPS par real yield,https://home.treasury.gov/resource-center/data-chart-center/interest-rates/daily-treasury-rates.csv/2023/all?type=daily_treasury_yield_curve&field_tdr_date_value=2023&page&_format=csv,https://home.treasury.gov/resource-center/data-chart-center/interest-rates/daily-treasury-rates.csv/2023/all?type=daily_treasury_real_yield_curve&field_tdr_date_value=2023&page&_format=csv
2023-05-17,3.57,1.35,2.22,10Y nominal Treasury par yield - 10Y TIPS par real yield,https://home.treasury.gov/resource-center/data-chart-center/interest-rates/daily-treasury-rates.csv/2023/all?type=daily_treasury_yield_curve&field_tdr_date_value=2023&page&_format=csv,https://home.treasury.gov/resource-center/data-chart-center/interest-rates/daily-treasury-rates.csv/2023/all?type=daily_treasury_real_yield_curve&field_tdr_date_value=2023&page&_format=csv
2023-05-18,3.65,1.42,2.23,10Y nominal Treasury par yield - 10Y TIPS par real yield,https://home.treasury.gov/resource-center/data-chart-center/interest-rates/daily-treasury-rates.csv/2023/all?type=daily_treasury_yield_curve&field_tdr_date_value=2023&page&_format=csv,https://home.treasury.gov/resource-center/data-chart-center/interest-rates/daily-treasury-rates.csv/2023/all?type=daily_treasury_real_yield_curve&field_tdr_date_value=2023&page&_format=csv
2023-05-19,3.70,1.46,2.24,10Y nominal Treasury par yield - 10Y TIPS par real yield,https://home.treasury.gov/resource-center/data-chart-center/interest-rates/daily-treasury-rates.csv/2023/all?type=daily_treasury_yield_curve&field_tdr_date_value=2023&page&_format=csv,https://home.treasury.gov/resource-center/data-chart-center/interest-rates/daily-treasury-rates.csv/2023/all?type=daily_treasury_real_yield_curve&field_tdr_date_value=2023&page&_format=csv
2023-05-22,3.72,1.48,2.24,10Y nominal Treasury par yield - 10Y TIPS par real yield,https://home.treasury.gov/resource-center/data-chart-center/interest-rates/daily-treasury-rates.csv/2023/all?type=daily_treasury_yield_curve&field_tdr_date_value=2023&page&_format=csv,https://home.treasury.gov/resource-center/data-chart-center/interest-rates/daily-treasury-rates.csv/2023/all?type=daily_treasury_real_yield_curve&field_tdr_date_value=2023&page&_format=csv
2023-05-23,3.70,1.44,2.26,10Y nominal Treasury par yield - 10Y TIPS par real yield,https://home.treasury.gov/resource-center/data-chart-center/interest-rates/daily-treasury-rates.csv/2023/all?type=daily_treasury_yield_curve&field_tdr_date_value=2023&page&_format=csv,https://home.treasury.gov/resource-center/data-chart-center/interest-rates/daily-treasury-rates.csv/2023/all?type=daily_treasury_real_yield_curve&field_tdr_date_value=2023&page&_format=csv
2023-05-24,3.73,1.48,2.25,10Y nominal Treasury par yield - 10Y TIPS par real yield,https://home.treasury.gov/resource-center/data-chart-center/interest-rates/daily-treasury-rates.csv/2023/all?type=daily_treasury_yield_curve&field_tdr_date_value=2023&page&_format=csv,https://home.treasury.gov/resource-center/data-chart-center/interest-rates/daily-treasury-rates.csv/2023/all?type=daily_treasury_real_yield_curve&field_tdr_date_value=2023&page&_format=csv
2023-05-25,3.83,1.58,2.25,10Y nominal Treasury par yield - 10Y TIPS par real yield,https://home.treasury.gov/resource-center/data-chart-center/interest-rates/daily-treasury-rates.csv/2023/all?type=daily_treasury_yield_curve&field_tdr_date_value=2023&page&_format=csv,https://home.treasury.gov/resource-center/data-chart-center/interest-rates/daily-treasury-rates.csv/2023/all?type=daily_treasury_real_yield_curve&field_tdr_date_value=2023&page&_format=csv
2023-05-26,3.80,1.57,2.23,10Y nominal Treasury par yield - 10Y TIPS par real yield,https://home.treasury.gov/resource-center/data-chart-center/interest-rates/daily-treasury-rates.csv/2023/all?type=daily_treasury_yield_curve&field_tdr_date_value=2023&page&_format=csv,https://home.treasury.gov/resource-center/data-chart-center/interest-rates/daily-treasury-rates.csv/2023/all?type=daily_treasury_real_yield_curve&field_tdr_date_value=2023&page&_format=csv
2023-05-30,3.69,1.47,2.22,10Y nominal Treasury par yield - 10Y TIPS par real yield,https://home.treasury.gov/resource-center/data-chart-center/interest-rates/daily-treasury-rates.csv/2023/all?type=daily_treasury_yield_curve&field_tdr_date_value=2023&page&_format=csv,https://home.treasury.gov/resource-center/data-chart-center/interest-rates/daily-treasury-rates.csv/2023/all?type=daily_treasury_real_yield_curve&field_tdr_date_value=2023&page&_format=csv
2023-05-31,3.64,1.46,2.18,10Y nominal Treasury par yield - 10Y TIPS par real yield,https://home.treasury.gov/resource-center/data-chart-center/interest-rates/daily-treasury-rates.csv/2023/all?type=daily_treasury_yield_curve&field_tdr_date_value=2023&page&_format=csv,https://home.treasury.gov/resource-center/data-chart-center/interest-rates/daily-treasury-rates.csv/2023/all?type=daily_treasury_real_yield_curve&field_tdr_date_value=2023&page&_format=csv
2023-06-01,3.61,1.45,2.16,10Y nominal Treasury par yield - 10Y TIPS par real yield,https://home.treasury.gov/resource-center/data-chart-center/interest-rates/daily-treasury-rates.csv/2023/all?type=daily_treasury_yield_curve&field_tdr_date_value=2023&page&_format=csv,https://home.treasury.gov/resource-center/data-chart-center/interest-rates/daily-treasury-rates.csv/2023/all?type=daily_treasury_real_yield_curve&field_tdr_date_value=2023&page&_format=csv
2023-06-02,3.69,1.51,2.18,10Y nominal Treasury par yield - 10Y TIPS par real yield,https://home.treasury.gov/resource-center/data-chart-center/interest-rates/daily-treasury-rates.csv/2023/all?type=daily_treasury_yield_curve&field_tdr_date_value=2023&page&_format=csv,https://home.treasury.gov/resource-center/data-chart-center/interest-rates/daily-treasury-rates.csv/2023/all?type=daily_treasury_real_yield_curve&field_tdr_date_value=2023&page&_format=csv
2023-06-05,3.69,1.50,2.19,10Y nominal Treasury par yield - 10Y TIPS par real yield,https://home.treasury.gov/resource-center/data-chart-center/interest-rates/daily-treasury-rates.csv/2023/all?type=daily_treasury_yield_curve&field_tdr_date_value=2023&page&_format=csv,https://home.treasury.gov/resource-center/data-chart-center/interest-rates/daily-treasury-rates.csv/2023/all?type=daily_treasury_real_yield_curve&field_tdr_date_value=2023&page&_format=csv
2023-06-06,3.70,1.50,2.20,10Y nominal Treasury par yield - 10Y TIPS par real yield,https://home.treasury.gov/resource-center/data-chart-center/interest-rates/daily-treasury-rates.csv/2023/all?type=daily_treasury_yield_curve&field_tdr_date_value=2023&page&_format=csv,https://home.treasury.gov/resource-center/data-chart-center/interest-rates/daily-treasury-rates.csv/2023/all?type=daily_treasury_real_yield_curve&field_tdr_date_value=2023&page&_format=csv
2023-06-07,3.79,1.58,2.21,10Y nominal Treasury par yield - 10Y TIPS par real yield,https://home.treasury.gov/resource-center/data-chart-center/interest-rates/daily-treasury-rates.csv/2023/all?type=daily_treasury_yield_curve&field_tdr_date_value=2023&page&_format=csv,https://home.treasury.gov/resource-center/data-chart-center/interest-rates/daily-treasury-rates.csv/2023/all?type=daily_treasury_real_yield_curve&field_tdr_date_value=2023&page&_format=csv
2023-06-08,3.73,1.53,2.20,10Y nominal Treasury par yield - 10Y TIPS par real yield,https://home.treasury.gov/resource-center/data-chart-center/interest-rates/daily-treasury-rates.csv/2023/all?type=daily_treasury_yield_curve&field_tdr_date_value=2023&page&_format=csv,https://home.treasury.gov/resource-center/data-chart-center/interest-rates/daily-treasury-rates.csv/2023/all?type=daily_treasury_real_yield_curve&field_tdr_date_value=2023&page&_format=csv
2023-06-09,3.75,1.55,2.20,10Y nominal Treasury par yield - 10Y TIPS par real yield,https://home.treasury.gov/resource-center/data-chart-center/interest-rates/daily-treasury-rates.csv/2023/all?type=daily_treasury_yield_curve&field_tdr_date_value=2023&page&_format=csv,https://home.treasury.gov/resource-center/data-chart-center/interest-rates/daily-treasury-rates.csv/2023/all?type=daily_treasury_real_yield_curve&field_tdr_date_value=2023&page&_format=csv
2023-06-12,3.73,1.56,2.17,10Y nominal Treasury par yield - 10Y TIPS par real yield,https://home.treasury.gov/resource-center/data-chart-center/interest-rates/daily-treasury-rates.csv/2023/all?type=daily_treasury_yield_curve&field_tdr_date_value=2023&page&_format=csv,https://home.treasury.gov/resource-center/data-chart-center/interest-rates/daily-treasury-rates.csv/2023/all?type=daily_treasury_real_yield_curve&field_tdr_date_value=2023&page&_format=csv
2023-06-13,3.84,1.64,2.20,10Y nominal Treasury par yield - 10Y TIPS par real yield,https://home.treasury.gov/resource-center/data-chart-center/interest-rates/daily-treasury-rates.csv/2023/all?type=daily_treasury_yield_curve&field_tdr_date_value=2023&page&_format=csv,https://home.treasury.gov/resource-center/data-chart-center/interest-rates/daily-treasury-rates.csv/2023/all?type=daily_treasury_real_yield_curve&field_tdr_date_value=2023&page&_format=csv
2023-06-14,3.83,1.62,2.21,10Y nominal Treasury par yield - 10Y TIPS par real yield,https://home.treasury.gov/resource-center/data-chart-center/interest-rates/daily-treasury-rates.csv/2023/all?type=daily_treasury_yield_curve&field_tdr_date_value=2023&page&_format=csv,https://home.treasury.gov/resource-center/data-chart-center/interest-rates/daily-treasury-rates.csv/2023/all?type=daily_treasury_real_yield_curve&field_tdr_date_value=2023&page&_format=csv
2023-06-15,3.72,1.51,2.21,10Y nominal Treasury par yield - 10Y TIPS par real yield,https://home.treasury.gov/resource-center/data-chart-center/interest-rates/daily-treasury-rates.csv/2023/all?type=daily_treasury_yield_curve&field_tdr_date_value=2023&page&_format=csv,https://home.treasury.gov/resource-center/data-chart-center/interest-rates/daily-treasury-rates.csv/2023/all?type=daily_treasury_real_yield_curve&field_tdr_date_value=2023&page&_format=csv
2023-06-16,3.77,1.55,2.22,10Y nominal Treasury par yield - 10Y TIPS par real yield,https://home.treasury.gov/resource-center/data-chart-center/interest-rates/daily-treasury-rates.csv/2023/all?type=daily_treasury_yield_curve&field_tdr_date_value=2023&page&_format=csv,https://home.treasury.gov/resource-center/data-chart-center/interest-rates/daily-treasury-rates.csv/2023/all?type=daily_treasury_real_yield_curve&field_tdr_date_value=2023&page&_format=csv
2023-06-20,3.74,1.52,2.22,10Y nominal Treasury par yield - 10Y TIPS par real yield,https://home.treasury.gov/resource-center/data-chart-center/interest-rates/daily-treasury-rates.csv/2023/all?type=daily_treasury_yield_curve&field_tdr_date_value=2023&page&_format=csv,https://home.treasury.gov/resource-center/data-chart-center/interest-rates/daily-treasury-rates.csv/2023/all?type=daily_treasury_real_yield_curve&field_tdr_date_value=2023&page&_format=csv
2023-06-21,3.72,1.51,2.21,10Y nominal Treasury par yield - 10Y TIPS par real yield,https://home.treasury.gov/resource-center/data-chart-center/interest-rates/daily-treasury-rates.csv/2023/all?type=daily_treasury_yield_curve&field_tdr_date_value=2023&page&_format=csv,https://home.treasury.gov/resource-center/data-chart-center/interest-rates/daily-treasury-rates.csv/2023/all?type=daily_treasury_real_yield_curve&field_tdr_date_value=2023&page&_format=csv
2023-06-22,3.80,1.56,2.24,10Y nominal Treasury par yield - 10Y TIPS par real yield,https://home.treasury.gov/resource-center/data-chart-center/interest-rates/daily-treasury-rates.csv/2023/all?type=daily_treasury_yield_curve&field_tdr_date_value=2023&page&_format=csv,https://home.treasury.gov/resource-center/data-chart-center/interest-rates/daily-treasury-rates.csv/2023/all?type=daily_treasury_real_yield_curve&field_tdr_date_value=2023&page&_format=csv
2023-06-23,3.74,1.53,2.21,10Y nominal Treasury par yield - 10Y TIPS par real yield,https://home.treasury.gov/resource-center/data-chart-center/interest-rates/daily-treasury-rates.csv/2023/all?type=daily_treasury_yield_curve&field_tdr_date_value=2023&page&_format=csv,https://home.treasury.gov/resource-center/data-chart-center/interest-rates/daily-treasury-rates.csv/2023/all?type=daily_treasury_real_yield_curve&field_tdr_date_value=2023&page&_format=csv
2023-06-26,3.72,1.54,2.18,10Y nominal Treasury par yield - 10Y TIPS par real yield,https://home.treasury.gov/resource-center/data-chart-center/interest-rates/daily-treasury-rates.csv/2023/all?type=daily_treasury_yield_curve&field_tdr_date_value=2023&page&_format=csv,https://home.treasury.gov/resource-center/data-chart-center/interest-rates/daily-treasury-rates.csv/2023/all?type=daily_treasury_real_yield_curve&field_tdr_date_value=2023&page&_format=csv
2023-06-27,3.77,1.57,2.20,10Y nominal Treasury par yield - 10Y TIPS par real yield,https://home.treasury.gov/resource-center/data-chart-center/interest-rates/daily-treasury-rates.csv/2023/all?type=daily_treasury_yield_curve&field_tdr_date_value=2023&page&_format=csv,https://home.treasury.gov/resource-center/data-chart-center/interest-rates/daily-treasury-rates.csv/2023/all?type=daily_treasury_real_yield_curve&field_tdr_date_value=2023&page&_format=csv
2023-06-28,3.71,1.53,2.18,10Y nominal Treasury par yield - 10Y TIPS par real yield,https://home.treasury.gov/resource-center/data-chart-center/interest-rates/daily-treasury-rates.csv/2023/all?type=daily_treasury_yield_curve&field_tdr_date_value=2023&page&_format=csv,https://home.treasury.gov/resource-center/data-chart-center/interest-rates/daily-treasury-rates.csv/2023/all?type=daily_treasury_real_yield_curve&field_tdr_date_value=2023&page&_format=csv
2023-06-29,3.85,1.65,2.20,10Y nominal Treasury par yield - 10Y TIPS par real yield,https://home.treasury.gov/resource-center/data-chart-center/interest-rates/daily-treasury-rates.csv/2023/all?type=daily_treasury_yield_curve&field_tdr_date_value=2023&page&_format=csv,https://home.treasury.gov/resource-center/data-chart-center/interest-rates/daily-treasury-rates.csv/2023/all?type=daily_treasury_real_yield_curve&field_tdr_date_value=2023&page&_format=csv
2023-06-30,3.81,1.59,2.22,10Y nominal Treasury par yield - 10Y TIPS par real yield,https://home.treasury.gov/resource-center/data-chart-center/interest-rates/daily-treasury-rates.csv/2023/all?type=daily_treasury_yield_curve&field_tdr_date_value=2023&page&_format=csv,https://home.treasury.gov/resource-center/data-chart-center/interest-rates/daily-treasury-rates.csv/2023/all?type=daily_treasury_real_yield_curve&field_tdr_date_value=2023&page&_format=csv
2023-07-03,3.86,1.61,2.25,10Y nominal Treasury par yield - 10Y TIPS par real yield,https://home.treasury.gov/resource-center/data-chart-center/interest-rates/daily-treasury-rates.csv/2023/all?type=daily_treasury_yield_curve&field_tdr_date_value=2023&page&_format=csv,https://home.treasury.gov/resource-center/data-chart-center/interest-rates/daily-treasury-rates.csv/2023/all?type=daily_treasury_real_yield_curve&field_tdr_date_value=2023&page&_format=csv
2023-07-05,3.95,1.69,2.26,10Y nominal Treasury par yield - 10Y TIPS par real yield,https://home.treasury.gov/resource-center/data-chart-center/interest-rates/daily-treasury-rates.csv/2023/all?type=daily_treasury_yield_curve&field_tdr_date_value=2023&page&_format=csv,https://home.treasury.gov/resource-center/data-chart-center/interest-rates/daily-treasury-rates.csv/2023/all?type=daily_treasury_real_yield_curve&field_tdr_date_value=2023&page&_format=csv
2023-07-06,4.05,1.78,2.27,10Y nominal Treasury par yield - 10Y TIPS par real yield,https://home.treasury.gov/resource-center/data-chart-center/interest-rates/daily-treasury-rates.csv/2023/all?type=daily_treasury_yield_curve&field_tdr_date_value=2023&page&_format=csv,https://home.treasury.gov/resource-center/data-chart-center/interest-rates/daily-treasury-rates.csv/2023/all?type=daily_treasury_real_yield_curve&field_tdr_date_value=2023&page&_format=csv
2023-07-07,4.06,1.79,2.27,10Y nominal Treasury par yield - 10Y TIPS par real yield,https://home.treasury.gov/resource-center/data-chart-center/interest-rates/daily-treasury-rates.csv/2023/all?type=daily_treasury_yield_curve&field_tdr_date_value=2023&page&_format=csv,https://home.treasury.gov/resource-center/data-chart-center/interest-rates/daily-treasury-rates.csv/2023/all?type=daily_treasury_real_yield_curve&field_tdr_date_value=2023&page&_format=csv
2023-07-10,4.01,1.76,2.25,10Y nominal Treasury par yield - 10Y TIPS par real yield,https://home.treasury.gov/resource-center/data-chart-center/interest-rates/daily-treasury-rates.csv/2023/all?type=daily_treasury_yield_curve&field_tdr_date_value=2023&page&_format=csv,https://home.treasury.gov/resource-center/data-chart-center/interest-rates/daily-treasury-rates.csv/2023/all?type=daily_treasury_real_yield_curve&field_tdr_date_value=2023&page&_format=csv
2023-07-11,3.99,1.75,2.24,10Y nominal Treasury par yield - 10Y TIPS par real yield,https://home.treasury.gov/resource-center/data-chart-center/interest-rates/daily-treasury-rates.csv/2023/all?type=daily_treasury_yield_curve&field_tdr_date_value=2023&page&_format=csv,https://home.treasury.gov/resource-center/data-chart-center/interest-rates/daily-treasury-rates.csv/2023/all?type=daily_treasury_real_yield_curve&field_tdr_date_value=2023&page&_format=csv
2023-07-12,3.86,1.60,2.26,10Y nominal Treasury par yield - 10Y TIPS par real yield,https://home.treasury.gov/resource-center/data-chart-center/interest-rates/daily-treasury-rates.csv/2023/all?type=daily_treasury_yield_curve&field_tdr_date_value=2023&page&_format=csv,https://home.treasury.gov/resource-center/data-chart-center/interest-rates/daily-treasury-rates.csv/2023/all?type=daily_treasury_real_yield_curve&field_tdr_date_value=2023&page&_format=csv
2023-07-13,3.76,1.52,2.24,10Y nominal Treasury par yield - 10Y TIPS par real yield,https://home.treasury.gov/resource-center/data-chart-center/interest-rates/daily-treasury-rates.csv/2023/all?type=daily_treasury_yield_curve&field_tdr_date_value=2023&page&_format=csv,https://home.treasury.gov/resource-center/data-chart-center/interest-rates/daily-treasury-rates.csv/2023/all?type=daily_treasury_real_yield_curve&field_tdr_date_value=2023&page&_format=csv
2023-07-14,3.83,1.59,2.24,10Y nominal Treasury par yield - 10Y TIPS par real yield,https://home.treasury.gov/resource-center/data-chart-center/interest-rates/daily-treasury-rates.csv/2023/all?type=daily_treasury_yield_curve&field_tdr_date_value=2023&page&_format=csv,https://home.treasury.gov/resource-center/data-chart-center/interest-rates/daily-treasury-rates.csv/2023/all?type=daily_treasury_real_yield_curve&field_tdr_date_value=2023&page&_format=csv
2023-07-17,3.81,1.56,2.25,10Y nominal Treasury par yield - 10Y TIPS par real yield,https://home.treasury.gov/resource-center/data-chart-center/interest-rates/daily-treasury-rates.csv/2023/all?type=daily_treasury_yield_curve&field_tdr_date_value=2023&page&_format=csv,https://home.treasury.gov/resource-center/data-chart-center/interest-rates/daily-treasury-rates.csv/2023/all?type=daily_treasury_real_yield_curve&field_tdr_date_value=2023&page&_format=csv
2023-07-18,3.80,1.57,2.23,10Y nominal Treasury par yield - 10Y TIPS par real yield,https://home.treasury.gov/resource-center/data-chart-center/interest-rates/daily-treasury-rates.csv/2023/all?type=daily_treasury_yield_curve&field_tdr_date_value=2023&page&_format=csv,https://home.treasury.gov/resource-center/data-chart-center/interest-rates/daily-treasury-rates.csv/2023/all?type=daily_treasury_real_yield_curve&field_tdr_date_value=2023&page&_format=csv
2023-07-19,3.75,1.53,2.22,10Y nominal Treasury par yield - 10Y TIPS par real yield,https://home.treasury.gov/resource-center/data-chart-center/interest-rates/daily-treasury-rates.csv/2023/all?type=daily_treasury_yield_curve&field_tdr_date_value=2023&page&_format=csv,https://home.treasury.gov/resource-center/data-chart-center/interest-rates/daily-treasury-rates.csv/2023/all?type=daily_treasury_real_yield_curve&field_tdr_date_value=2023&page&_format=csv
2023-07-20,3.85,1.50,2.35,10Y nominal Treasury par yield - 10Y TIPS par real yield,https://home.treasury.gov/resource-center/data-chart-center/interest-rates/daily-treasury-rates.csv/2023/all?type=daily_treasury_yield_curve&field_tdr_date_value=2023&page&_format=csv,https://home.treasury.gov/resource-center/data-chart-center/interest-rates/daily-treasury-rates.csv/2023/all?type=daily_treasury_real_yield_curve&field_tdr_date_value=2023&page&_format=csv
2023-07-21,3.84,1.49,2.35,10Y nominal Treasury par yield - 10Y TIPS par real yield,https://home.treasury.gov/resource-center/data-chart-center/interest-rates/daily-treasury-rates.csv/2023/all?type=daily_treasury_yield_curve&field_tdr_date_value=2023&page&_format=csv,https://home.treasury.gov/resource-center/data-chart-center/interest-rates/daily-treasury-rates.csv/2023/all?type=daily_treasury_real_yield_curve&field_tdr_date_value=2023&page&_format=csv
2023-07-24,3.86,1.48,2.38,10Y nominal Treasury par yield - 10Y TIPS par real yield,https://home.treasury.gov/resource-center/data-chart-center/interest-rates/daily-treasury-rates.csv/2023/all?type=daily_treasury_yield_curve&field_tdr_date_value=2023&page&_format=csv,https://home.treasury.gov/resource-center/data-chart-center/interest-rates/daily-treasury-rates.csv/2023/all?type=daily_treasury_real_yield_curve&field_tdr_date_value=2023&page&_format=csv
2023-07-25,3.91,1.52,2.39,10Y nominal Treasury par yield - 10Y TIPS par real yield,https://home.treasury.gov/resource-center/data-chart-center/interest-rates/daily-treasury-rates.csv/2023/all?type=daily_treasury_yield_curve&field_tdr_date_value=2023&page&_format=csv,https://home.treasury.gov/resource-center/data-chart-center/interest-rates/daily-treasury-rates.csv/2023/all?type=daily_treasury_real_yield_curve&field_tdr_date_value=2023&page&_format=csv
2023-07-26,3.86,1.50,2.36,10Y nominal Treasury par yield - 10Y TIPS par real yield,https://home.treasury.gov/resource-center/data-chart-center/interest-rates/daily-treasury-rates.csv/2023/all?type=daily_treasury_yield_curve&field_tdr_date_value=2023&page&_format=csv,https://home.treasury.gov/resource-center/data-chart-center/interest-rates/daily-treasury-rates.csv/2023/all?type=daily_treasury_real_yield_curve&field_tdr_date_value=2023&page&_format=csv
2023-07-27,4.01,1.64,2.37,10Y nominal Treasury par yield - 10Y TIPS par real yield,https://home.treasury.gov/resource-center/data-chart-center/interest-rates/daily-treasury-rates.csv/2023/all?type=daily_treasury_yield_curve&field_tdr_date_value=2023&page&_format=csv,https://home.treasury.gov/resource-center/data-chart-center/interest-rates/daily-treasury-rates.csv/2023/all?type=daily_treasury_real_yield_curve&field_tdr_date_value=2023&page&_format=csv
2023-07-28,3.96,1.58,2.38,10Y nominal Treasury par yield - 10Y TIPS par real yield,https://home.treasury.gov/resource-center/data-chart-center/interest-rates/daily-treasury-rates.csv/2023/all?type=daily_treasury_yield_curve&field_tdr_date_value=2023&page&_format=csv,https://home.treasury.gov/resource-center/data-chart-center/interest-rates/daily-treasury-rates.csv/2023/all?type=daily_treasury_real_yield_curve&field_tdr_date_value=2023&page&_format=csv
2023-07-31,3.97,1.60,2.37,10Y nominal Treasury par yield - 10Y TIPS par real yield,https://home.treasury.gov/resource-center/data-chart-center/interest-rates/daily-treasury-rates.csv/2023/all?type=daily_treasury_yield_curve&field_tdr_date_value=2023&page&_format=csv,https://home.treasury.gov/resource-center/data-chart-center/interest-rates/daily-treasury-rates.csv/2023/all?type=daily_treasury_real_yield_curve&field_tdr_date_value=2023&page&_format=csv
2023-08-01,4.05,1.68,2.37,10Y nominal Treasury par yield - 10Y TIPS par real yield,https://home.treasury.gov/resource-center/data-chart-center/interest-rates/daily-treasury-rates.csv/2023/all?type=daily_treasury_yield_curve&field_tdr_date_value=2023&page&_format=csv,https://home.treasury.gov/resource-center/data-chart-center/interest-rates/daily-treasury-rates.csv/2023/all?type=daily_treasury_real_yield_curve&field_tdr_date_value=2023&page&_format=csv
2023-08-02,4.08,1.72,2.36,10Y nominal Treasury par yield - 10Y TIPS par real yield,https://home.treasury.gov/resource-center/data-chart-center/interest-rates/daily-treasury-rates.csv/2023/all?type=daily_treasury_yield_curve&field_tdr_date_value=2023&page&_format=csv,https://home.treasury.gov/resource-center/data-chart-center/interest-rates/daily-treasury-rates.csv/2023/all?type=daily_treasury_real_yield_curve&field_tdr_date_value=2023&page&_format=csv
2023-08-03,4.20,1.83,2.37,10Y nominal Treasury par yield - 10Y TIPS par real yield,https://home.treasury.gov/resource-center/data-chart-center/interest-rates/daily-treasury-rates.csv/2023/all?type=daily_treasury_yield_curve&field_tdr_date_value=2023&page&_format=csv,https://home.treasury.gov/resource-center/data-chart-center/interest-rates/daily-treasury-rates.csv/2023/all?type=daily_treasury_real_yield_curve&field_tdr_date_value=2023&page&_format=csv
2023-08-04,4.05,1.67,2.38,10Y nominal Treasury par yield - 10Y TIPS par real yield,https://home.treasury.gov/resource-center/data-chart-center/interest-rates/daily-treasury-rates.csv/2023/all?type=daily_treasury_yield_curve&field_tdr_date_value=2023&page&_format=csv,https://home.treasury.gov/resource-center/data-chart-center/interest-rates/daily-treasury-rates.csv/2023/all?type=daily_treasury_real_yield_curve&field_tdr_date_value=2023&page&_format=csv
2023-08-07,4.09,1.68,2.41,10Y nominal Treasury par yield - 10Y TIPS par real yield,https://home.treasury.gov/resource-center/data-chart-center/interest-rates/daily-treasury-rates.csv/2023/all?type=daily_treasury_yield_curve&field_tdr_date_value=2023&page&_format=csv,https://home.treasury.gov/resource-center/data-chart-center/interest-rates/daily-treasury-rates.csv/2023/all?type=daily_treasury_real_yield_curve&field_tdr_date_value=2023&page&_format=csv
2023-08-08,4.02,1.66,2.36,10Y nominal Treasury par yield - 10Y TIPS par real yield,https://home.treasury.gov/resource-center/data-chart-center/interest-rates/daily-treasury-rates.csv/2023/all?type=daily_treasury_yield_curve&field_tdr_date_value=2023&page&_format=csv,https://home.treasury.gov/resource-center/data-chart-center/interest-rates/daily-treasury-rates.csv/2023/all?type=daily_treasury_real_yield_curve&field_tdr_date_value=2023&page&_format=csv
2023-08-09,4.00,1.66,2.34,10Y nominal Treasury par yield - 10Y TIPS par real yield,https://home.treasury.gov/resource-center/data-chart-center/interest-rates/daily-treasury-rates.csv/2023/all?type=daily_treasury_yield_curve&field_tdr_date_value=2023&page&_format=csv,https://home.treasury.gov/resource-center/data-chart-center/interest-rates/daily-treasury-rates.csv/2023/all?type=daily_treasury_real_yield_curve&field_tdr_date_value=2023&page&_format=csv
2023-08-10,4.09,1.76,2.33,10Y nominal Treasury par yield - 10Y TIPS par real yield,https://home.treasury.gov/resource-center/data-chart-center/interest-rates/daily-treasury-rates.csv/2023/all?type=daily_treasury_yield_curve&field_tdr_date_value=2023&page&_format=csv,https://home.treasury.gov/resource-center/data-chart-center/interest-rates/daily-treasury-rates.csv/2023/all?type=daily_treasury_real_yield_curve&field_tdr_date_value=2023&page&_format=csv
2023-08-11,4.16,1.80,2.36,10Y nominal Treasury par yield - 10Y TIPS par real yield,https://home.treasury.gov/resource-center/data-chart-center/interest-rates/daily-treasury-rates.csv/2023/all?type=daily_treasury_yield_curve&field_tdr_date_value=2023&page&_format=csv,https://home.treasury.gov/resource-center/data-chart-center/interest-rates/daily-treasury-rates.csv/2023/all?type=daily_treasury_real_yield_curve&field_tdr_date_value=2023&page&_format=csv
2023-08-14,4.19,1.83,2.36,10Y nominal Treasury par yield - 10Y TIPS par real yield,https://home.treasury.gov/resource-center/data-chart-center/interest-rates/daily-treasury-rates.csv/2023/all?type=daily_treasury_yield_curve&field_tdr_date_value=2023&page&_format=csv,https://home.treasury.gov/resource-center/data-chart-center/interest-rates/daily-treasury-rates.csv/2023/all?type=daily_treasury_real_yield_curve&field_tdr_date_value=2023&page&_format=csv
2023-08-15,4.21,1.89,2.32,10Y nominal Treasury par yield - 10Y TIPS par real yield,https://home.treasury.gov/resource-center/data-chart-center/interest-rates/daily-treasury-rates.csv/2023/all?type=daily_treasury_yield_curve&field_tdr_date_value=2023&page&_format=csv,https://home.treasury.gov/resource-center/data-chart-center/interest-rates/daily-treasury-rates.csv/2023/all?type=daily_treasury_real_yield_curve&field_tdr_date_value=2023&page&_format=csv
2023-08-16,4.28,1.96,2.32,10Y nominal Treasury par yield - 10Y TIPS par real yield,https://home.treasury.gov/resource-center/data-chart-center/interest-rates/daily-treasury-rates.csv/2023/all?type=daily_treasury_yield_curve&field_tdr_date_value=2023&page&_format=csv,https://home.treasury.gov/resource-center/data-chart-center/interest-rates/daily-treasury-rates.csv/2023/all?type=daily_treasury_real_yield_curve&field_tdr_date_value=2023&page&_format=csv
2023-08-17,4.30,1.97,2.33,10Y nominal Treasury par yield - 10Y TIPS par real yield,https://home.treasury.gov/resource-center/data-chart-center/interest-rates/daily-treasury-rates.csv/2023/all?type=daily_treasury_yield_curve&field_tdr_date_value=2023&page&_format=csv,https://home.treasury.gov/resource-center/data-chart-center/interest-rates/daily-treasury-rates.csv/2023/all?type=daily_treasury_real_yield_curve&field_tdr_date_value=2023&page&_format=csv
2023-08-18,4.26,1.94,2.32,10Y nominal Treasury par yield - 10Y TIPS par real yield,https://home.treasury.gov/resource-center/data-chart-center/interest-rates/daily-treasury-rates.csv/2023/all?type=daily_treasury_yield_curve&field_tdr_date_value=2023&page&_format=csv,https://home.treasury.gov/resource-center/data-chart-center/interest-rates/daily-treasury-rates.csv/2023/all?type=daily_treasury_real_yield_curve&field_tdr_date_value=2023&page&_format=csv
2023-08-21,4.34,2.00,2.34,10Y nominal Treasury par yield - 10Y TIPS par real yield,https://home.treasury.gov/resource-center/data-chart-center/interest-rates/daily-treasury-rates.csv/2023/all?type=daily_treasury_yield_curve&field_tdr_date_value=2023&page&_format=csv,https://home.treasury.gov/resource-center/data-chart-center/interest-rates/daily-treasury-rates.csv/2023/all?type=daily_treasury_real_yield_curve&field_tdr_date_value=2023&page&_format=csv
2023-08-22,4.34,1.99,2.35,10Y nominal Treasury par yield - 10Y TIPS par real yield,https://home.treasury.gov/resource-center/data-chart-center/interest-rates/daily-treasury-rates.csv/2023/all?type=daily_treasury_yield_curve&field_tdr_date_value=2023&page&_format=csv,https://home.treasury.gov/resource-center/data-chart-center/interest-rates/daily-treasury-rates.csv/2023/all?type=daily_treasury_real_yield_curve&field_tdr_date_value=2023&page&_format=csv
2023-08-23,4.19,1.84,2.35,10Y nominal Treasury par yield - 10Y TIPS par real yield,https://home.treasury.gov/resource-center/data-chart-center/interest-rates/daily-treasury-rates.csv/2023/all?type=daily_treasury_yield_curve&field_tdr_date_value=2023&page&_format=csv,https://home.treasury.gov/resource-center/data-chart-center/interest-rates/daily-treasury-rates.csv/2023/all?type=daily_treasury_real_yield_curve&field_tdr_date_value=2023&page&_format=csv
2023-08-24,4.23,1.91,2.32,10Y nominal Treasury par yield - 10Y TIPS par real yield,https://home.treasury.gov/resource-center/data-chart-center/interest-rates/daily-treasury-rates.csv/2023/all?type=daily_treasury_yield_curve&field_tdr_date_value=2023&page&_format=csv,https://home.treasury.gov/resource-center/data-chart-center/interest-rates/daily-treasury-rates.csv/2023/all?type=daily_treasury_real_yield_curve&field_tdr_date_value=2023&page&_format=csv
2023-08-25,4.25,1.92,2.33,10Y nominal Treasury par yield - 10Y TIPS par real yield,https://home.treasury.gov/resource-center/data-chart-center/interest-rates/daily-treasury-rates.csv/2023/all?type=daily_treasury_yield_curve&field_tdr_date_value=2023&page&_format=csv,https://home.treasury.gov/resource-center/data-chart-center/interest-rates/daily-treasury-rates.csv/2023/all?type=daily_treasury_real_yield_curve&field_tdr_date_value=2023&page&_format=csv
2023-08-28,4.20,1.90,2.30,10Y nominal Treasury par yield - 10Y TIPS par real yield,https://home.treasury.gov/resource-center/data-chart-center/interest-rates/daily-treasury-rates.csv/2023/all?type=daily_treasury_yield_curve&field_tdr_date_value=2023&page&_format=csv,https://home.treasury.gov/resource-center/data-chart-center/interest-rates/daily-treasury-rates.csv/2023/all?type=daily_treasury_real_yield_curve&field_tdr_date_value=2023&page&_format=csv
2023-08-29,4.12,1.83,2.29,10Y nominal Treasury par yield - 10Y TIPS par real yield,https://home.treasury.gov/resource-center/data-chart-center/interest-rates/daily-treasury-rates.csv/2023/all?type=daily_treasury_yield_curve&field_tdr_date_value=2023&page&_format=csv,https://home.treasury.gov/resource-center/data-chart-center/interest-rates/daily-treasury-rates.csv/2023/all?type=daily_treasury_real_yield_curve&field_tdr_date_value=2023&page&_format=csv
2023-08-30,4.12,1.86,2.26,10Y nominal Treasury par yield - 10Y TIPS par real yield,https://home.treasury.gov/resource-center/data-chart-center/interest-rates/daily-treasury-rates.csv/2023/all?type=daily_treasury_yield_curve&field_tdr_date_value=2023&page&_format=csv,https://home.treasury.gov/resource-center/data-chart-center/interest-rates/daily-treasury-rates.csv/2023/all?type=daily_treasury_real_yield_curve&field_tdr_date_value=2023&page&_format=csv
2023-08-31,4.09,1.85,2.24,10Y nominal Treasury par yield - 10Y TIPS par real yield,https://home.treasury.gov/resource-center/data-chart-center/interest-rates/daily-treasury-rates.csv/2023/all?type=daily_treasury_yield_curve&field_tdr_date_value=2023&page&_format=csv,https://home.treasury.gov/resource-center/data-chart-center/interest-rates/daily-treasury-rates.csv/2023/all?type=daily_treasury_real_yield_curve&field_tdr_date_value=2023&page&_format=csv
2023-09-01,4.18,1.92,2.26,10Y nominal Treasury par yield - 10Y TIPS par real yield,https://home.treasury.gov/resource-center/data-chart-center/interest-rates/daily-treasury-rates.csv/2023/all?type=daily_treasury_yield_curve&field_tdr_date_value=2023&page&_format=csv,https://home.treasury.gov/resource-center/data-chart-center/interest-rates/daily-treasury-rates.csv/2023/all?type=daily_treasury_real_yield_curve&field_tdr_date_value=2023&page&_format=csv
2023-09-05,4.27,1.98,2.29,10Y nominal Treasury par yield - 10Y TIPS par real yield,https://home.treasury.gov/resource-center/data-chart-center/interest-rates/daily-treasury-rates.csv/2023/all?type=daily_treasury_yield_curve&field_tdr_date_value=2023&page&_format=csv,https://home.treasury.gov/resource-center/data-chart-center/interest-rates/daily-treasury-rates.csv/2023/all?type=daily_treasury_real_yield_curve&field_tdr_date_value=2023&page&_format=csv
2023-09-06,4.30,2.00,2.30,10Y nominal Treasury par yield - 10Y TIPS par real yield,https://home.treasury.gov/resource-center/data-chart-center/interest-rates/daily-treasury-rates.csv/2023/all?type=daily_treasury_yield_curve&field_tdr_date_value=2023&page&_format=csv,https://home.treasury.gov/resource-center/data-chart-center/interest-rates/daily-treasury-rates.csv/2023/all?type=daily_treasury_real_yield_curve&field_tdr_date_value=2023&page&_format=csv
2023-09-07,4.27,1.95,2.32,10Y nominal Treasury par yield - 10Y TIPS par real yield,https://home.treasury.gov/resource-center/data-chart-center/interest-rates/daily-treasury-rates.csv/2023/all?type=daily_treasury_yield_curve&field_tdr_date_value=2023&page&_format=csv,https://home.treasury.gov/resource-center/data-chart-center/interest-rates/daily-treasury-rates.csv/2023/all?type=daily_treasury_real_yield_curve&field_tdr_date_value=2023&page&_format=csv
2023-09-08,4.26,1.93,2.33,10Y nominal Treasury par yield - 10Y TIPS par real yield,https://home.treasury.gov/resource-center/data-chart-center/interest-rates/daily-treasury-rates.csv/2023/all?type=daily_treasury_yield_curve&field_tdr_date_value=2023&page&_format=csv,https://home.treasury.gov/resource-center/data-chart-center/interest-rates/daily-treasury-rates.csv/2023/all?type=daily_treasury_real_yield_curve&field_tdr_date_value=2023&page&_format=csv
2023-09-11,4.29,1.94,2.35,10Y nominal Treasury par yield - 10Y TIPS par real yield,https://home.treasury.gov/resource-center/data-chart-center/interest-rates/daily-treasury-rates.csv/2023/all?type=daily_treasury_yield_curve&field_tdr_date_value=2023&page&_format=csv,https://home.treasury.gov/resource-center/data-chart-center/interest-rates/daily-treasury-rates.csv/2023/all?type=daily_treasury_real_yield_curve&field_tdr_date_value=2023&page&_format=csv
2023-09-12,4.27,1.93,2.34,10Y nominal Treasury par yield - 10Y TIPS par real yield,https://home.treasury.gov/resource-center/data-chart-center/interest-rates/daily-treasury-rates.csv/2023/all?type=daily_treasury_yield_curve&field_tdr_date_value=2023&page&_format=csv,https://home.treasury.gov/resource-center/data-chart-center/interest-rates/daily-treasury-rates.csv/2023/all?type=daily_treasury_real_yield_curve&field_tdr_date_value=2023&page&_format=csv
2023-09-13,4.25,1.90,2.35,10Y nominal Treasury par yield - 10Y TIPS par real yield,https://home.treasury.gov/resource-center/data-chart-center/interest-rates/daily-treasury-rates.csv/2023/all?type=daily_treasury_yield_curve&field_tdr_date_value=2023&page&_format=csv,https://home.treasury.gov/resource-center/data-chart-center/interest-rates/daily-treasury-rates.csv/2023/all?type=daily_treasury_real_yield_curve&field_tdr_date_value=2023&page&_format=csv
2023-09-14,4.29,1.95,2.34,10Y nominal Treasury par yield - 10Y TIPS par real yield,https://home.treasury.gov/resource-center/data-chart-center/interest-rates/daily-treasury-rates.csv/2023/all?type=daily_treasury_yield_curve&field_tdr_date_value=2023&page&_format=csv,https://home.treasury.gov/resource-center/data-chart-center/interest-rates/daily-treasury-rates.csv/2023/all?type=daily_treasury_real_yield_curve&field_tdr_date_value=2023&page&_format=csv
2023-09-15,4.33,1.98,2.35,10Y nominal Treasury par yield - 10Y TIPS par real yield,https://home.treasury.gov/resource-center/data-chart-center/interest-rates/daily-treasury-rates.csv/2023/all?type=daily_treasury_yield_curve&field_tdr_date_value=2023&page&_format=csv,https://home.treasury.gov/resource-center/data-chart-center/interest-rates/daily-treasury-rates.csv/2023/all?type=daily_treasury_real_yield_curve&field_tdr_date_value=2023&page&_format=csv
2023-09-18,4.32,1.96,2.36,10Y nominal Treasury par yield - 10Y TIPS par real yield,https://home.treasury.gov/resource-center/data-chart-center/interest-rates/daily-treasury-rates.csv/2023/all?type=daily_treasury_yield_curve&field_tdr_date_value=2023&page&_format=csv,https://home.treasury.gov/resource-center/data-chart-center/interest-rates/daily-treasury-rates.csv/2023/all?type=daily_treasury_real_yield_curve&field_tdr_date_value=2023&page&_format=csv
2023-09-19,4.37,2.00,2.37,10Y nominal Treasury par yield - 10Y TIPS par real yield,https://home.treasury.gov/resource-center/data-chart-center/interest-rates/daily-treasury-rates.csv/2023/all?type=daily_treasury_yield_curve&field_tdr_date_value=2023&page&_format=csv,https://home.treasury.gov/resource-center/data-chart-center/interest-rates/daily-treasury-rates.csv/2023/all?type=daily_treasury_real_yield_curve&field_tdr_date_value=2023&page&_format=csv
2023-09-20,4.35,2.00,2.35,10Y nominal Treasury par yield - 10Y TIPS par real yield,https://home.treasury.gov/resource-center/data-chart-center/interest-rates/daily-treasury-rates.csv/2023/all?type=daily_treasury_yield_curve&field_tdr_date_value=2023&page&_format=csv,https://home.treasury.gov/resource-center/data-chart-center/interest-rates/daily-treasury-rates.csv/2023/all?type=daily_treasury_real_yield_curve&field_tdr_date_value=2023&page&_format=csv
2023-09-21,4.49,2.11,2.38,10Y nominal Treasury par yield - 10Y TIPS par real yield,https://home.treasury.gov/resource-center/data-chart-center/interest-rates/daily-treasury-rates.csv/2023/all?type=daily_treasury_yield_curve&field_tdr_date_value=2023&page&_format=csv,https://home.treasury.gov/resource-center/data-chart-center/interest-rates/daily-treasury-rates.csv/2023/all?type=daily_treasury_real_yield_curve&field_tdr_date_value=2023&page&_format=csv
2023-09-22,4.44,2.07,2.37,10Y nominal Treasury par yield - 10Y TIPS par real yield,https://home.treasury.gov/resource-center/data-chart-center/interest-rates/daily-treasury-rates.csv/2023/all?type=daily_treasury_yield_curve&field_tdr_date_value=2023&page&_format=csv,https://home.treasury.gov/resource-center/data-chart-center/interest-rates/daily-treasury-rates.csv/2023/all?type=daily_treasury_real_yield_curve&field_tdr_date_value=2023&page&_format=csv
2023-09-25,4.55,2.18,2.37,10Y nominal Treasury par yield - 10Y TIPS par real yield,https://home.treasury.gov/resource-center/data-chart-center/interest-rates/daily-treasury-rates.csv/2023/all?type=daily_treasury_yield_curve&field_tdr_date_value=2023&page&_format=csv,https://home.treasury.gov/resource-center/data-chart-center/interest-rates/daily-treasury-rates.csv/2023/all?type=daily_treasury_real_yield_curve&field_tdr_date_value=2023&page&_format=csv
2023-09-26,4.56,2.23,2.33,10Y nominal Treasury par yield - 10Y TIPS par real yield,https://home.treasury.gov/resource-center/data-chart-center/interest-rates/daily-treasury-rates.csv/2023/all?type=daily_treasury_yield_curve&field_tdr_date_value=2023&page&_format=csv,https://home.treasury.gov/resource-center/data-chart-center/interest-rates/daily-treasury-rates.csv/2023/all?type=daily_treasury_real_yield_curve&field_tdr_date_value=2023&page&_format=csv
2023-09-27,4.61,2.27,2.34,10Y nominal Treasury par yield - 10Y TIPS par real yield,https://home.treasury.gov/resource-center/data-chart-center/interest-rates/daily-treasury-rates.csv/2023/all?type=daily_treasury_yield_curve&field_tdr_date_value=2023&page&_format=csv,https://home.treasury.gov/resource-center/data-chart-center/interest-rates/daily-treasury-rates.csv/2023/all?type=daily_treasury_real_yield_curve&field_tdr_date_value=2023&page&_format=csv
2023-09-28,4.59,2.20,2.39,10Y nominal Treasury par yield - 10Y TIPS par real yield,https://home.treasury.gov/resource-center/data-chart-center/interest-rates/daily-treasury-rates.csv/2023/all?type=daily_treasury_yield_curve&field_tdr_date_value=2023&page&_format=csv,https://home.treasury.gov/resource-center/data-chart-center/interest-rates/daily-treasury-rates.csv/2023/all?type=daily_treasury_real_yield_curve&field_tdr_date_value=2023&page&_format=csv
2023-09-29,4.59,2.24,2.35,10Y nominal Treasury par yield - 10Y TIPS par real yield,https://home.treasury.gov/resource-center/data-chart-center/interest-rates/daily-treasury-rates.csv/2023/all?type=daily_treasury_yield_curve&field_tdr_date_value=2023&page&_format=csv,https://home.treasury.gov/resource-center/data-chart-center/interest-rates/daily-treasury-rates.csv/2023/all?type=daily_treasury_real_yield_curve&field_tdr_date_value=2023&page&_format=csv
2023-10-02,4.69,2.34,2.35,10Y nominal Treasury par yield - 10Y TIPS par real yield,https://home.treasury.gov/resource-center/data-chart-center/interest-rates/daily-treasury-rates.csv/2023/all?type=daily_treasury_yield_curve&field_tdr_date_value=2023&page&_format=csv,https://home.treasury.gov/resource-center/data-chart-center/interest-rates/daily-treasury-rates.csv/2023/all?type=daily_treasury_real_yield_curve&field_tdr_date_value=2023&page&_format=csv
2023-10-03,4.81,2.45,2.36,10Y nominal Treasury par yield - 10Y TIPS par real yield,https://home.treasury.gov/resource-center/data-chart-center/interest-rates/daily-treasury-rates.csv/2023/all?type=daily_treasury_yield_curve&field_tdr_date_value=2023&page&_format=csv,https://home.treasury.gov/resource-center/data-chart-center/interest-rates/daily-treasury-rates.csv/2023/all?type=daily_treasury_real_yield_curve&field_tdr_date_value=2023&page&_format=csv
2023-10-04,4.73,2.40,2.33,10Y nominal Treasury par yield - 10Y TIPS par real yield,https://home.treasury.gov/resource-center/data-chart-center/interest-rates/daily-treasury-rates.csv/2023/all?type=daily_treasury_yield_curve&field_tdr_date_value=2023&page&_format=csv,https://home.treasury.gov/resource-center/data-chart-center/interest-rates/daily-treasury-rates.csv/2023/all?type=daily_treasury_real_yield_curve&field_tdr_date_value=2023&page&_format=csv
2023-10-05,4.72,2.41,2.31,10Y nominal Treasury par yield - 10Y TIPS par real yield,https://home.treasury.gov/resource-center/data-chart-center/interest-rates/daily-treasury-rates.csv/2023/all?type=daily_treasury_yield_curve&field_tdr_date_value=2023&page&_format=csv,https://home.treasury.gov/resource-center/data-chart-center/interest-rates/daily-treasury-rates.csv/2023/all?type=daily_treasury_real_yield_curve&field_tdr_date_value=2023&page&_format=csv
2023-10-06,4.78,2.47,2.31,10Y nominal Treasury par yield - 10Y TIPS par real yield,https://home.treasury.gov/resource-center/data-chart-center/interest-rates/daily-treasury-rates.csv/2023/all?type=daily_treasury_yield_curve&field_tdr_date_value=2023&page&_format=csv,https://home.treasury.gov/resource-center/data-chart-center/interest-rates/daily-treasury-rates.csv/2023/all?type=daily_treasury_real_yield_curve&field_tdr_date_value=2023&page&_format=csv
2023-10-10,4.66,2.34,2.32,10Y nominal Treasury par yield - 10Y TIPS par real yield,https://home.treasury.gov/resource-center/data-chart-center/interest-rates/daily-treasury-rates.csv/2023/all?type=daily_treasury_yield_curve&field_tdr_date_value=2023&page&_format=csv,https://home.treasury.gov/resource-center/data-chart-center/interest-rates/daily-treasury-rates.csv/2023/all?type=daily_treasury_real_yield_curve&field_tdr_date_value=2023&page&_format=csv
2023-10-11,4.58,2.26,2.32,10Y nominal Treasury par yield - 10Y TIPS par real yield,https://home.treasury.gov/resource-center/data-chart-center/interest-rates/daily-treasury-rates.csv/2023/all?type=daily_treasury_yield_curve&field_tdr_date_value=2023&page&_format=csv,https://home.treasury.gov/resource-center/data-chart-center/interest-rates/daily-treasury-rates.csv/2023/all?type=daily_treasury_real_yield_curve&field_tdr_date_value=2023&page&_format=csv
2023-10-12,4.70,2.36,2.34,10Y nominal Treasury par yield - 10Y TIPS par real yield,https://home.treasury.gov/resource-center/data-chart-center/interest-rates/daily-treasury-rates.csv/2023/all?type=daily_treasury_yield_curve&field_tdr_date_value=2023&page&_format=csv,https://home.treasury.gov/resource-center/data-chart-center/interest-rates/daily-treasury-rates.csv/2023/all?type=daily_treasury_real_yield_curve&field_tdr_date_value=2023&page&_format=csv
2023-10-13,4.63,2.29,2.34,10Y nominal Treasury par yield - 10Y TIPS par real yield,https://home.treasury.gov/resource-center/data-chart-center/interest-rates/daily-treasury-rates.csv/2023/all?type=daily_treasury_yield_curve&field_tdr_date_value=2023&page&_format=csv,https://home.treasury.gov/resource-center/data-chart-center/interest-rates/daily-treasury-rates.csv/2023/all?type=daily_treasury_real_yield_curve&field_tdr_date_value=2023&page&_format=csv
2023-10-16,4.71,2.33,2.38,10Y nominal Treasury par yield - 10Y TIPS par real yield,https://home.treasury.gov/resource-center/data-chart-center/interest-rates/daily-treasury-rates.csv/2023/all?type=daily_treasury_yield_curve&field_tdr_date_value=2023&page&_format=csv,https://home.treasury.gov/resource-center/data-chart-center/interest-rates/daily-treasury-rates.csv/2023/all?type=daily_treasury_real_yield_curve&field_tdr_date_value=2023&page&_format=csv
2023-10-17,4.83,2.42,2.41,10Y nominal Treasury par yield - 10Y TIPS par real yield,https://home.treasury.gov/resource-center/data-chart-center/interest-rates/daily-treasury-rates.csv/2023/all?type=daily_treasury_yield_curve&field_tdr_date_value=2023&page&_format=csv,https://home.treasury.gov/resource-center/data-chart-center/interest-rates/daily-treasury-rates.csv/2023/all?type=daily_treasury_real_yield_curve&field_tdr_date_value=2023&page&_format=csv
2023-10-18,4.91,2.47,2.44,10Y nominal Treasury par yield - 10Y TIPS par real yield,https://home.treasury.gov/resource-center/data-chart-center/interest-rates/daily-treasury-rates.csv/2023/all?type=daily_treasury_yield_curve&field_tdr_date_value=2023&page&_format=csv,https://home.treasury.gov/resource-center/data-chart-center/interest-rates/daily-treasury-rates.csv/2023/all?type=daily_treasury_real_yield_curve&field_tdr_date_value=2023&page&_format=csv
2023-10-19,4.98,2.49,2.49,10Y nominal Treasury par yield - 10Y TIPS par real yield,https://home.treasury.gov/resource-center/data-chart-center/interest-rates/daily-treasury-rates.csv/2023/all?type=daily_treasury_yield_curve&field_tdr_date_value=2023&page&_format=csv,https://home.treasury.gov/resource-center/data-chart-center/interest-rates/daily-treasury-rates.csv/2023/all?type=daily_treasury_real_yield_curve&field_tdr_date_value=2023&page&_format=csv
2023-10-20,4.93,2.46,2.47,10Y nominal Treasury par yield - 10Y TIPS par real yield,https://home.treasury.gov/resource-center/data-chart-center/interest-rates/daily-treasury-rates.csv/2023/all?type=daily_treasury_yield_curve&field_tdr_date_value=2023&page&_format=csv,https://home.treasury.gov/resource-center/data-chart-center/interest-rates/daily-treasury-rates.csv/2023/all?type=daily_treasury_real_yield_curve&field_tdr_date_value=2023&page&_format=csv
2023-10-23,4.86,2.45,2.41,10Y nominal Treasury par yield - 10Y TIPS par real yield,https://home.treasury.gov/resource-center/data-chart-center/interest-rates/daily-treasury-rates.csv/2023/all?type=daily_treasury_yield_curve&field_tdr_date_value=2023&page&_format=csv,https://home.treasury.gov/resource-center/data-chart-center/interest-rates/daily-treasury-rates.csv/2023/all?type=daily_treasury_real_yield_curve&field_tdr_date_value=2023&page&_format=csv
2023-10-24,4.83,2.43,2.40,10Y nominal Treasury par yield - 10Y TIPS par real yield,https://home.treasury.gov/resource-center/data-chart-center/interest-rates/daily-treasury-rates.csv/2023/all?type=daily_treasury_yield_curve&field_tdr_date_value=2023&page&_format=csv,https://home.treasury.gov/resource-center/data-chart-center/interest-rates/daily-treasury-rates.csv/2023/all?type=daily_treasury_real_yield_curve&field_tdr_date_value=2023&page&_format=csv
2023-10-25,4.95,2.52,2.43,10Y nominal Treasury par yield - 10Y TIPS par real yield,https://home.treasury.gov/resource-center/data-chart-center/interest-rates/daily-treasury-rates.csv/2023/all?type=daily_treasury_yield_curve&field_tdr_date_value=2023&page&_format=csv,https://home.treasury.gov/resource-center/data-chart-center/interest-rates/daily-treasury-rates.csv/2023/all?type=daily_treasury_real_yield_curve&field_tdr_date_value=2023&page&_format=csv
2023-10-26,4.86,2.44,2.42,10Y nominal Treasury par yield - 10Y TIPS par real yield,https://home.treasury.gov/resource-center/data-chart-center/interest-rates/daily-treasury-rates.csv/2023/all?type=daily_treasury_yield_curve&field_tdr_date_value=2023&page&_format=csv,https://home.treasury.gov/resource-center/data-chart-center/interest-rates/daily-treasury-rates.csv/2023/all?type=daily_treasury_real_yield_curve&field_tdr_date_value=2023&page&_format=csv
2023-10-27,4.84,2.42,2.42,10Y nominal Treasury par yield - 10Y TIPS par real yield,https://home.treasury.gov/resource-center/data-chart-center/interest-rates/daily-treasury-rates.csv/2023/all?type=daily_treasury_yield_curve&field_tdr_date_value=2023&page&_format=csv,https://home.treasury.gov/resource-center/data-chart-center/interest-rates/daily-treasury-rates.csv/2023/all?type=daily_treasury_real_yield_curve&field_tdr_date_value=2023&page&_format=csv
2023-10-30,4.88,2.44,2.44,10Y nominal Treasury par yield - 10Y TIPS par real yield,https://home.treasury.gov/resource-center/data-chart-center/interest-rates/daily-treasury-rates.csv/2023/all?type=daily_treasury_yield_curve&field_tdr_date_value=2023&page&_format=csv,https://home.treasury.gov/resource-center/data-chart-center/interest-rates/daily-treasury-rates.csv/2023/all?type=daily_treasury_real_yield_curve&field_tdr_date_value=2023&page&_format=csv
2023-10-31,4.88,2.46,2.42,10Y nominal Treasury par yield - 10Y TIPS par real yield,https://home.treasury.gov/resource-center/data-chart-center/interest-rates/daily-treasury-rates.csv/2023/all?type=daily_treasury_yield_curve&field_tdr_date_value=2023&page&_format=csv,https://home.treasury.gov/resource-center/data-chart-center/interest-rates/daily-treasury-rates.csv/2023/all?type=daily_treasury_real_yield_curve&field_tdr_date_value=2023&page&_format=csv
2023-11-01,4.77,2.36,2.41,10Y nominal Treasury par yield - 10Y TIPS par real yield,https://home.treasury.gov/resource-center/data-chart-center/interest-rates/daily-treasury-rates.csv/2023/all?type=daily_treasury_yield_curve&field_tdr_date_value=2023&page&_format=csv,https://home.treasury.gov/resource-center/data-chart-center/interest-rates/daily-treasury-rates.csv/2023/all?type=daily_treasury_real_yield_curve&field_tdr_date_value=2023&page&_format=csv
2023-11-02,4.67,2.27,2.40,10Y nominal Treasury par yield - 10Y TIPS par real yield,https://home.treasury.gov/resource-center/data-chart-center/interest-rates/daily-treasury-rates.csv/2023/all?type=daily_treasury_yield_curve&field_tdr_date_value=2023&page&_format=csv,https://home.treasury.gov/resource-center/data-chart-center/interest-rates/daily-treasury-rates.csv/2023/all?type=daily_treasury_real_yield_curve&field_tdr_date_value=2023&page&_format=csv
2023-11-03,4.57,2.18,2.39,10Y nominal Treasury par yield - 10Y TIPS par real yield,https://home.treasury.gov/resource-center/data-chart-center/interest-rates/daily-treasury-rates.csv/2023/all?type=daily_treasury_yield_curve&field_tdr_date_value=2023&page&_format=csv,https://home.treasury.gov/resource-center/data-chart-center/interest-rates/daily-treasury-rates.csv/2023/all?type=daily_treasury_real_yield_curve&field_tdr_date_value=2023&page&_format=csv
2023-11-06,4.67,2.25,2.42,10Y nominal Treasury par yield - 10Y TIPS par real yield,https://home.treasury.gov/resource-center/data-chart-center/interest-rates/daily-treasury-rates.csv/2023/all?type=daily_treasury_yield_curve&field_tdr_date_value=2023&page&_format=csv,https://home.treasury.gov/resource-center/data-chart-center/interest-rates/daily-treasury-rates.csv/2023/all?type=daily_treasury_real_yield_curve&field_tdr_date_value=2023&page&_format=csv
2023-11-07,4.58,2.19,2.39,10Y nominal Treasury par yield - 10Y TIPS par real yield,https://home.treasury.gov/resource-center/data-chart-center/interest-rates/daily-treasury-rates.csv/2023/all?type=daily_treasury_yield_curve&field_tdr_date_value=2023&page&_format=csv,https://home.treasury.gov/resource-center/data-chart-center/interest-rates/daily-treasury-rates.csv/2023/all?type=daily_treasury_real_yield_curve&field_tdr_date_value=2023&page&_format=csv
2023-11-08,4.49,2.15,2.34,10Y nominal Treasury par yield - 10Y TIPS par real yield,https://home.treasury.gov/resource-center/data-chart-center/interest-rates/daily-treasury-rates.csv/2023/all?type=daily_treasury_yield_curve&field_tdr_date_value=2023&page&_format=csv,https://home.treasury.gov/resource-center/data-chart-center/interest-rates/daily-treasury-rates.csv/2023/all?type=daily_treasury_real_yield_curve&field_tdr_date_value=2023&page&_format=csv
2023-11-09,4.62,2.29,2.33,10Y nominal Treasury par yield - 10Y TIPS par real yield,https://home.treasury.gov/resource-center/data-chart-center/interest-rates/daily-treasury-rates.csv/2023/all?type=daily_treasury_yield_curve&field_tdr_date_value=2023&page&_format=csv,https://home.treasury.gov/resource-center/data-chart-center/interest-rates/daily-treasury-rates.csv/2023/all?type=daily_treasury_real_yield_curve&field_tdr_date_value=2023&page&_format=csv
2023-11-10,4.61,2.29,2.32,10Y nominal Treasury par yield - 10Y TIPS par real yield,https://home.treasury.gov/resource-center/data-chart-center/interest-rates/daily-treasury-rates.csv/2023/all?type=daily_treasury_yield_curve&field_tdr_date_value=2023&page&_format=csv,https://home.treasury.gov/resource-center/data-chart-center/interest-rates/daily-treasury-rates.csv/2023/all?type=daily_treasury_real_yield_curve&field_tdr_date_value=2023&page&_format=csv
2023-11-13,4.63,2.32,2.31,10Y nominal Treasury par yield - 10Y TIPS par real yield,https://home.treasury.gov/resource-center/data-chart-center/interest-rates/daily-treasury-rates.csv/2023/all?type=daily_treasury_yield_curve&field_tdr_date_value=2023&page&_format=csv,https://home.treasury.gov/resource-center/data-chart-center/interest-rates/daily-treasury-rates.csv/2023/all?type=daily_treasury_real_yield_curve&field_tdr_date_value=2023&page&_format=csv
2023-11-14,4.44,2.16,2.28,10Y nominal Treasury par yield - 10Y TIPS par real yield,https://home.treasury.gov/resource-center/data-chart-center/interest-rates/daily-treasury-rates.csv/2023/all?type=daily_treasury_yield_curve&field_tdr_date_value=2023&page&_format=csv,https://home.treasury.gov/resource-center/data-chart-center/interest-rates/daily-treasury-rates.csv/2023/all?type=daily_treasury_real_yield_curve&field_tdr_date_value=2023&page&_format=csv
2023-11-15,4.53,2.22,2.31,10Y nominal Treasury par yield - 10Y TIPS par real yield,https://home.treasury.gov/resource-center/data-chart-center/interest-rates/daily-treasury-rates.csv/2023/all?type=daily_treasury_yield_curve&field_tdr_date_value=2023&page&_format=csv,https://home.treasury.gov/resource-center/data-chart-center/interest-rates/daily-treasury-rates.csv/2023/all?type=daily_treasury_real_yield_curve&field_tdr_date_value=2023&page&_format=csv
2023-11-16,4.45,2.18,2.27,10Y nominal Treasury par yield - 10Y TIPS par real yield,https://home.treasury.gov/resource-center/data-chart-center/interest-rates/daily-treasury-rates.csv/2023/all?type=daily_treasury_yield_curve&field_tdr_date_value=2023&page&_format=csv,https://home.treasury.gov/resource-center/data-chart-center/interest-rates/daily-treasury-rates.csv/2023/all?type=daily_treasury_real_yield_curve&field_tdr_date_value=2023&page&_format=csv
2023-11-17,4.44,2.16,2.28,10Y nominal Treasury par yield - 10Y TIPS par real yield,https://home.treasury.gov/resource-center/data-chart-center/interest-rates/daily-treasury-rates.csv/2023/all?type=daily_treasury_yield_curve&field_tdr_date_value=2023&page&_format=csv,https://home.treasury.gov/resource-center/data-chart-center/interest-rates/daily-treasury-rates.csv/2023/all?type=daily_treasury_real_yield_curve&field_tdr_date_value=2023&page&_format=csv
2023-11-20,4.42,2.12,2.30,10Y nominal Treasury par yield - 10Y TIPS par real yield,https://home.treasury.gov/resource-center/data-chart-center/interest-rates/daily-treasury-rates.csv/2023/all?type=daily_treasury_yield_curve&field_tdr_date_value=2023&page&_format=csv,https://home.treasury.gov/resource-center/data-chart-center/interest-rates/daily-treasury-rates.csv/2023/all?type=daily_treasury_real_yield_curve&field_tdr_date_value=2023&page&_format=csv
2023-11-21,4.41,2.16,2.25,10Y nominal Treasury par yield - 10Y TIPS par real yield,https://home.treasury.gov/resource-center/data-chart-center/interest-rates/daily-treasury-rates.csv/2023/all?type=daily_treasury_yield_curve&field_tdr_date_value=2023&page&_format=csv,https://home.treasury.gov/resource-center/data-chart-center/interest-rates/daily-treasury-rates.csv/2023/all?type=daily_treasury_real_yield_curve&field_tdr_date_value=2023&page&_format=csv
2023-11-22,4.42,2.16,2.26,10Y nominal Treasury par yield - 10Y TIPS par real yield,https://home.treasury.gov/resource-center/data-chart-center/interest-rates/daily-treasury-rates.csv/2023/all?type=daily_treasury_yield_curve&field_tdr_date_value=2023&page&_format=csv,https://home.treasury.gov/resource-center/data-chart-center/interest-rates/daily-treasury-rates.csv/2023/all?type=daily_treasury_real_yield_curve&field_tdr_date_value=2023&page&_format=csv
2023-11-24,4.47,2.21,2.26,10Y nominal Treasury par yield - 10Y TIPS par real yield,https://home.treasury.gov/resource-center/data-chart-center/interest-rates/daily-treasury-rates.csv/2023/all?type=daily_treasury_yield_curve&field_tdr_date_value=2023&page&_format=csv,https://home.treasury.gov/resource-center/data-chart-center/interest-rates/daily-treasury-rates.csv/2023/all?type=daily_treasury_real_yield_curve&field_tdr_date_value=2023&page&_format=csv
2023-11-27,4.39,2.18,2.21,10Y nominal Treasury par yield - 10Y TIPS par real yield,https://home.treasury.gov/resource-center/data-chart-center/interest-rates/daily-treasury-rates.csv/2023/all?type=daily_treasury_yield_curve&field_tdr_date_value=2023&page&_format=csv,https://home.treasury.gov/resource-center/data-chart-center/interest-rates/daily-treasury-rates.csv/2023/all?type=daily_treasury_real_yield_curve&field_tdr_date_value=2023&page&_format=csv
2023-11-28,4.34,2.12,2.22,10Y nominal Treasury par yield - 10Y TIPS par real yield,https://home.treasury.gov/resource-center/data-chart-center/interest-rates/daily-treasury-rates.csv/2023/all?type=daily_treasury_yield_curve&field_tdr_date_value=2023&page&_format=csv,https://home.treasury.gov/resource-center/data-chart-center/interest-rates/daily-treasury-rates.csv/2023/all?type=daily_treasury_real_yield_curve&field_tdr_date_value=2023&page&_format=csv
2023-11-29,4.27,2.06,2.21,10Y nominal Treasury par yield - 10Y TIPS par real yield,https://home.treasury.gov/resource-center/data-chart-center/interest-rates/daily-treasury-rates.csv/2023/all?type=daily_treasury_yield_curve&field_tdr_date_value=2023&page&_format=csv,https://home.treasury.gov/resource-center/data-chart-center/interest-rates/daily-treasury-rates.csv/2023/all?type=daily_treasury_real_yield_curve&field_tdr_date_value=2023&page&_format=csv
2023-11-30,4.37,2.14,2.23,10Y nominal Treasury par yield - 10Y TIPS par real yield,https://home.treasury.gov/resource-center/data-chart-center/interest-rates/daily-treasury-rates.csv/2023/all?type=daily_treasury_yield_curve&field_tdr_date_value=2023&page&_format=csv,https://home.treasury.gov/resource-center/data-chart-center/interest-rates/daily-treasury-rates.csv/2023/all?type=daily_treasury_real_yield_curve&field_tdr_date_value=2023&page&_format=csv
2023-12-01,4.22,2.00,2.22,10Y nominal Treasury par yield - 10Y TIPS par real yield,https://home.treasury.gov/resource-center/data-chart-center/interest-rates/daily-treasury-rates.csv/2023/all?type=daily_treasury_yield_curve&field_tdr_date_value=2023&page&_format=csv,https://home.treasury.gov/resource-center/data-chart-center/interest-rates/daily-treasury-rates.csv/2023/all?type=daily_treasury_real_yield_curve&field_tdr_date_value=2023&page&_format=csv
2023-12-04,4.28,2.07,2.21,10Y nominal Treasury par yield - 10Y TIPS par real yield,https://home.treasury.gov/resource-center/data-chart-center/interest-rates/daily-treasury-rates.csv/2023/all?type=daily_treasury_yield_curve&field_tdr_date_value=2023&page&_format=csv,https://home.treasury.gov/resource-center/data-chart-center/interest-rates/daily-treasury-rates.csv/2023/all?type=daily_treasury_real_yield_curve&field_tdr_date_value=2023&page&_format=csv
2023-12-05,4.18,2.01,2.17,10Y nominal Treasury par yield - 10Y TIPS par real yield,https://home.treasury.gov/resource-center/data-chart-center/interest-rates/daily-treasury-rates.csv/2023/all?type=daily_treasury_yield_curve&field_tdr_date_value=2023&page&_format=csv,https://home.treasury.gov/resource-center/data-chart-center/interest-rates/daily-treasury-rates.csv/2023/all?type=daily_treasury_real_yield_curve&field_tdr_date_value=2023&page&_format=csv
2023-12-06,4.12,1.98,2.14,10Y nominal Treasury par yield - 10Y TIPS par real yield,https://home.treasury.gov/resource-center/data-chart-center/interest-rates/daily-treasury-rates.csv/2023/all?type=daily_treasury_yield_curve&field_tdr_date_value=2023&page&_format=csv,https://home.treasury.gov/resource-center/data-chart-center/interest-rates/daily-treasury-rates.csv/2023/all?type=daily_treasury_real_yield_curve&field_tdr_date_value=2023&page&_format=csv
2023-12-07,4.14,1.97,2.17,10Y nominal Treasury par yield - 10Y TIPS par real yield,https://home.treasury.gov/resource-center/data-chart-center/interest-rates/daily-treasury-rates.csv/2023/all?type=daily_treasury_yield_curve&field_tdr_date_value=2023&page&_format=csv,https://home.treasury.gov/resource-center/data-chart-center/interest-rates/daily-treasury-rates.csv/2023/all?type=daily_treasury_real_yield_curve&field_tdr_date_value=2023&page&_format=csv
2023-12-08,4.23,2.02,2.21,10Y nominal Treasury par yield - 10Y TIPS par real yield,https://home.treasury.gov/resource-center/data-chart-center/interest-rates/daily-treasury-rates.csv/2023/all?type=daily_treasury_yield_curve&field_tdr_date_value=2023&page&_format=csv,https://home.treasury.gov/resource-center/data-chart-center/interest-rates/daily-treasury-rates.csv/2023/all?type=daily_treasury_real_yield_curve&field_tdr_date_value=2023&page&_format=csv
2023-12-11,4.23,2.04,2.19,10Y nominal Treasury par yield - 10Y TIPS par real yield,https://home.treasury.gov/resource-center/data-chart-center/interest-rates/daily-treasury-rates.csv/2023/all?type=daily_treasury_yield_curve&field_tdr_date_value=2023&page&_format=csv,https://home.treasury.gov/resource-center/data-chart-center/interest-rates/daily-treasury-rates.csv/2023/all?type=daily_treasury_real_yield_curve&field_tdr_date_value=2023&page&_format=csv
2023-12-12,4.20,2.04,2.16,10Y nominal Treasury par yield - 10Y TIPS par real yield,https://home.treasury.gov/resource-center/data-chart-center/interest-rates/daily-treasury-rates.csv/2023/all?type=daily_treasury_yield_curve&field_tdr_date_value=2023&page&_format=csv,https://home.treasury.gov/resource-center/data-chart-center/interest-rates/daily-treasury-rates.csv/2023/all?type=daily_treasury_real_yield_curve&field_tdr_date_value=2023&page&_format=csv
2023-12-13,4.04,1.88,2.16,10Y nominal Treasury par yield - 10Y TIPS par real yield,https://home.treasury.gov/resource-center/data-chart-center/interest-rates/daily-treasury-rates.csv/2023/all?type=daily_treasury_yield_curve&field_tdr_date_value=2023&page&_format=csv,https://home.treasury.gov/resource-center/data-chart-center/interest-rates/daily-treasury-rates.csv/2023/all?type=daily_treasury_real_yield_curve&field_tdr_date_value=2023&page&_format=csv
2023-12-14,3.92,1.70,2.22,10Y nominal Treasury par yield - 10Y TIPS par real yield,https://home.treasury.gov/resource-center/data-chart-center/interest-rates/daily-treasury-rates.csv/2023/all?type=daily_treasury_yield_curve&field_tdr_date_value=2023&page&_format=csv,https://home.treasury.gov/resource-center/data-chart-center/interest-rates/daily-treasury-rates.csv/2023/all?type=daily_treasury_real_yield_curve&field_tdr_date_value=2023&page&_format=csv
2023-12-15,3.91,1.69,2.22,10Y nominal Treasury par yield - 10Y TIPS par real yield,https://home.treasury.gov/resource-center/data-chart-center/interest-rates/daily-treasury-rates.csv/2023/all?type=daily_treasury_yield_curve&field_tdr_date_value=2023&page&_format=csv,https://home.treasury.gov/resource-center/data-chart-center/interest-rates/daily-treasury-rates.csv/2023/all?type=daily_treasury_real_yield_curve&field_tdr_date_value=2023&page&_format=csv
2023-12-18,3.95,1.74,2.21,10Y nominal Treasury par yield - 10Y TIPS par real yield,https://home.treasury.gov/resource-center/data-chart-center/interest-rates/daily-treasury-rates.csv/2023/all?type=daily_treasury_yield_curve&field_tdr_date_value=2023&page&_format=csv,https://home.treasury.gov/resource-center/data-chart-center/interest-rates/daily-treasury-rates.csv/2023/all?type=daily_treasury_real_yield_curve&field_tdr_date_value=2023&page&_format=csv
2023-12-19,3.93,1.74,2.19,10Y nominal Treasury par yield - 10Y TIPS par real yield,https://home.treasury.gov/resource-center/data-chart-center/interest-rates/daily-treasury-rates.csv/2023/all?type=daily_treasury_yield_curve&field_tdr_date_value=2023&page&_format=csv,https://home.treasury.gov/resource-center/data-chart-center/interest-rates/daily-treasury-rates.csv/2023/all?type=daily_treasury_real_yield_curve&field_tdr_date_value=2023&page&_format=csv
2023-12-20,3.86,1.67,2.19,10Y nominal Treasury par yield - 10Y TIPS par real yield,https://home.treasury.gov/resource-center/data-chart-center/interest-rates/daily-treasury-rates.csv/2023/all?type=daily_treasury_yield_curve&field_tdr_date_value=2023&page&_format=csv,https://home.treasury.gov/resource-center/data-chart-center/interest-rates/daily-treasury-rates.csv/2023/all?type=daily_treasury_real_yield_curve&field_tdr_date_value=2023&page&_format=csv
2023-12-21,3.89,1.70,2.19,10Y nominal Treasury par yield - 10Y TIPS par real yield,https://home.treasury.gov/resource-center/data-chart-center/interest-rates/daily-treasury-rates.csv/2023/all?type=daily_treasury_yield_curve&field_tdr_date_value=2023&page&_format=csv,https://home.treasury.gov/resource-center/data-chart-center/interest-rates/daily-treasury-rates.csv/2023/all?type=daily_treasury_real_yield_curve&field_tdr_date_value=2023&page&_format=csv
2023-12-22,3.90,1.71,2.19,10Y nominal Treasury par yield - 10Y TIPS par real yield,https://home.treasury.gov/resource-center/data-chart-center/interest-rates/daily-treasury-rates.csv/2023/all?type=daily_treasury_yield_curve&field_tdr_date_value=2023&page&_format=csv,https://home.treasury.gov/resource-center/data-chart-center/interest-rates/daily-treasury-rates.csv/2023/all?type=daily_treasury_real_yield_curve&field_tdr_date_value=2023&page&_format=csv
2023-12-26,3.89,1.71,2.18,10Y nominal Treasury par yield - 10Y TIPS par real yield,https://home.treasury.gov/resource-center/data-chart-center/interest-rates/daily-treasury-rates.csv/2023/all?type=daily_treasury_yield_curve&field_tdr_date_value=2023&page&_format=csv,https://home.treasury.gov/resource-center/data-chart-center/interest-rates/daily-treasury-rates.csv/2023/all?type=daily_treasury_real_yield_curve&field_tdr_date_value=2023&page&_format=csv
2023-12-27,3.79,1.64,2.15,10Y nominal Treasury par yield - 10Y TIPS par real yield,https://home.treasury.gov/resource-center/data-chart-center/interest-rates/daily-treasury-rates.csv/2023/all?type=daily_treasury_yield_curve&field_tdr_date_value=2023&page&_format=csv,https://home.treasury.gov/resource-center/data-chart-center/interest-rates/daily-treasury-rates.csv/2023/all?type=daily_treasury_real_yield_curve&field_tdr_date_value=2023&page&_format=csv
2023-12-28,3.84,1.68,2.16,10Y nominal Treasury par yield - 10Y TIPS par real yield,https://home.treasury.gov/resource-center/data-chart-center/interest-rates/daily-treasury-rates.csv/2023/all?type=daily_treasury_yield_curve&field_tdr_date_value=2023&page&_format=csv,https://home.treasury.gov/resource-center/data-chart-center/interest-rates/daily-treasury-rates.csv/2023/all?type=daily_treasury_real_yield_curve&field_tdr_date_value=2023&page&_format=csv
2023-12-29,3.88,1.72,2.16,10Y nominal Treasury par yield - 10Y TIPS par real yield,https://home.treasury.gov/resource-center/data-chart-center/interest-rates/daily-treasury-rates.csv/2023/all?type=daily_treasury_yield_curve&field_tdr_date_value=2023&page&_format=csv,https://home.treasury.gov/resource-center/data-chart-center/interest-rates/daily-treasury-rates.csv/2023/all?type=daily_treasury_real_yield_curve&field_tdr_date_value=2023&page&_format=csv
2024-01-02,3.95,1.74,2.21,10Y nominal Treasury par yield - 10Y TIPS par real yield,https://home.treasury.gov/resource-center/data-chart-center/interest-rates/daily-treasury-rates.csv/2024/all?type=daily_treasury_yield_curve&field_tdr_date_value=2024&page&_format=csv,https://home.treasury.gov/resource-center/data-chart-center/interest-rates/daily-treasury-rates.csv/2024/all?type=daily_treasury_real_yield_curve&field_tdr_date_value=2024&page&_format=csv
2024-01-03,3.91,1.71,2.20,10Y nominal Treasury par yield - 10Y TIPS par real yield,https://home.treasury.gov/resource-center/data-chart-center/interest-rates/daily-treasury-rates.csv/2024/all?type=daily_treasury_yield_curve&field_tdr_date_value=2024&page&_format=csv,https://home.treasury.gov/resource-center/data-chart-center/interest-rates/daily-treasury-rates.csv/2024/all?type=daily_treasury_real_yield_curve&field_tdr_date_value=2024&page&_format=csv
2024-01-04,3.99,1.77,2.22,10Y nominal Treasury par yield - 10Y TIPS par real yield,https://home.treasury.gov/resource-center/data-chart-center/interest-rates/daily-treasury-rates.csv/2024/all?type=daily_treasury_yield_curve&field_tdr_date_value=2024&page&_format=csv,https://home.treasury.gov/resource-center/data-chart-center/interest-rates/daily-treasury-rates.csv/2024/all?type=daily_treasury_real_yield_curve&field_tdr_date_value=2024&page&_format=csv
2024-01-05,4.05,1.83,2.22,10Y nominal Treasury par yield - 10Y TIPS par real yield,https://home.treasury.gov/resource-center/data-chart-center/interest-rates/daily-treasury-rates.csv/2024/all?type=daily_treasury_yield_curve&field_tdr_date_value=2024&page&_format=csv,https://home.treasury.gov/resource-center/data-chart-center/interest-rates/daily-treasury-rates.csv/2024/all?type=daily_treasury_real_yield_curve&field_tdr_date_value=2024&page&_format=csv
2024-01-08,4.01,1.79,2.22,10Y nominal Treasury par yield - 10Y TIPS par real yield,https://home.treasury.gov/resource-center/data-chart-center/interest-rates/daily-treasury-rates.csv/2024/all?type=daily_treasury_yield_curve&field_tdr_date_value=2024&page&_format=csv,https://home.treasury.gov/resource-center/data-chart-center/interest-rates/daily-treasury-rates.csv/2024/all?type=daily_treasury_real_yield_curve&field_tdr_date_value=2024&page&_format=csv
2024-01-09,4.02,1.80,2.22,10Y nominal Treasury par yield - 10Y TIPS par real yield,https://home.treasury.gov/resource-center/data-chart-center/interest-rates/daily-treasury-rates.csv/2024/all?type=daily_treasury_yield_curve&field_tdr_date_value=2024&page&_format=csv,https://home.treasury.gov/resource-center/data-chart-center/interest-rates/daily-treasury-rates.csv/2024/all?type=daily_treasury_real_yield_curve&field_tdr_date_value=2024&page&_format=csv
2024-01-10,4.04,1.82,2.22,10Y nominal Treasury par yield - 10Y TIPS par real yield,https://home.treasury.gov/resource-center/data-chart-center/interest-rates/daily-treasury-rates.csv/2024/all?type=daily_treasury_yield_curve&field_tdr_date_value=2024&page&_format=csv,https://home.treasury.gov/resource-center/data-chart-center/interest-rates/daily-treasury-rates.csv/2024/all?type=daily_treasury_real_yield_curve&field_tdr_date_value=2024&page&_format=csv
2024-01-11,3.98,1.76,2.22,10Y nominal Treasury par yield - 10Y TIPS par real yield,https://home.treasury.gov/resource-center/data-chart-center/interest-rates/daily-treasury-rates.csv/2024/all?type=daily_treasury_yield_curve&field_tdr_date_value=2024&page&_format=csv,https://home.treasury.gov/resource-center/data-chart-center/interest-rates/daily-treasury-rates.csv/2024/all?type=daily_treasury_real_yield_curve&field_tdr_date_value=2024&page&_format=csv
2024-01-12,3.96,1.69,2.27,10Y nominal Treasury par yield - 10Y TIPS par real yield,https://home.treasury.gov/resource-center/data-chart-center/interest-rates/daily-treasury-rates.csv/2024/all?type=daily_treasury_yield_curve&field_tdr_date_value=2024&page&_format=csv,https://home.treasury.gov/resource-center/data-chart-center/interest-rates/daily-treasury-rates.csv/2024/all?type=daily_treasury_real_yield_curve&field_tdr_date_value=2024&page&_format=csv
2024-01-16,4.07,1.77,2.30,10Y nominal Treasury par yield - 10Y TIPS par real yield,https://home.treasury.gov/resource-center/data-chart-center/interest-rates/daily-treasury-rates.csv/2024/all?type=daily_treasury_yield_curve&field_tdr_date_value=2024&page&_format=csv,https://home.treasury.gov/resource-center/data-chart-center/interest-rates/daily-treasury-rates.csv/2024/all?type=daily_treasury_real_yield_curve&field_tdr_date_value=2024&page&_format=csv
2024-01-17,4.10,1.80,2.30,10Y nominal Treasury par yield - 10Y TIPS par real yield,https://home.treasury.gov/resource-center/data-chart-center/interest-rates/daily-treasury-rates.csv/2024/all?type=daily_treasury_yield_curve&field_tdr_date_value=2024&page&_format=csv,https://home.treasury.gov/resource-center/data-chart-center/interest-rates/daily-treasury-rates.csv/2024/all?type=daily_treasury_real_yield_curve&field_tdr_date_value=2024&page&_format=csv
2024-01-18,4.14,1.80,2.34,10Y nominal Treasury par yield - 10Y TIPS par real yield,https://home.treasury.gov/resource-center/data-chart-center/interest-rates/daily-treasury-rates.csv/2024/all?type=daily_treasury_yield_curve&field_tdr_date_value=2024&page&_format=csv,https://home.treasury.gov/resource-center/data-chart-center/interest-rates/daily-treasury-rates.csv/2024/all?type=daily_treasury_real_yield_curve&field_tdr_date_value=2024&page&_format=csv
2024-01-19,4.15,1.81,2.34,10Y nominal Treasury par yield - 10Y TIPS par real yield,https://home.treasury.gov/resource-center/data-chart-center/interest-rates/daily-treasury-rates.csv/2024/all?type=daily_treasury_yield_curve&field_tdr_date_value=2024&page&_format=csv,https://home.treasury.gov/resource-center/data-chart-center/interest-rates/daily-treasury-rates.csv/2024/all?type=daily_treasury_real_yield_curve&field_tdr_date_value=2024&page&_format=csv
2024-01-22,4.11,1.80,2.31,10Y nominal Treasury par yield - 10Y TIPS par real yield,https://home.treasury.gov/resource-center/data-chart-center/interest-rates/daily-treasury-rates.csv/2024/all?type=daily_treasury_yield_curve&field_tdr_date_value=2024&page&_format=csv,https://home.treasury.gov/resource-center/data-chart-center/interest-rates/daily-treasury-rates.csv/2024/all?type=daily_treasury_real_yield_curve&field_tdr_date_value=2024&page&_format=csv
2024-01-23,4.14,1.85,2.29,10Y nominal Treasury par yield - 10Y TIPS par real yield,https://home.treasury.gov/resource-center/data-chart-center/interest-rates/daily-treasury-rates.csv/2024/all?type=daily_treasury_yield_curve&field_tdr_date_value=2024&page&_format=csv,https://home.treasury.gov/resource-center/data-chart-center/interest-rates/daily-treasury-rates.csv/2024/all?type=daily_treasury_real_yield_curve&field_tdr_date_value=2024&page&_format=csv
2024-01-24,4.18,1.88,2.30,10Y nominal Treasury par yield - 10Y TIPS par real yield,https://home.treasury.gov/resource-center/data-chart-center/interest-rates/daily-treasury-rates.csv/2024/all?type=daily_treasury_yield_curve&field_tdr_date_value=2024&page&_format=csv,https://home.treasury.gov/resource-center/data-chart-center/interest-rates/daily-treasury-rates.csv/2024/all?type=daily_treasury_real_yield_curve&field_tdr_date_value=2024&page&_format=csv
2024-01-25,4.14,1.85,2.29,10Y nominal Treasury par yield - 10Y TIPS par real yield,https://home.treasury.gov/resource-center/data-chart-center/interest-rates/daily-treasury-rates.csv/2024/all?type=daily_treasury_yield_curve&field_tdr_date_value=2024&page&_format=csv,https://home.treasury.gov/resource-center/data-chart-center/interest-rates/daily-treasury-rates.csv/2024/all?type=daily_treasury_real_yield_curve&field_tdr_date_value=2024&page&_format=csv
2024-01-26,4.15,1.85,2.30,10Y nominal Treasury par yield - 10Y TIPS par real yield,https://home.treasury.gov/resource-center/data-chart-center/interest-rates/daily-treasury-rates.csv/2024/all?type=daily_treasury_yield_curve&field_tdr_date_value=2024&page&_format=csv,https://home.treasury.gov/resource-center/data-chart-center/interest-rates/daily-treasury-rates.csv/2024/all?type=daily_treasury_real_yield_curve&field_tdr_date_value=2024&page&_format=csv
2024-01-29,4.08,1.78,2.30,10Y nominal Treasury par yield - 10Y TIPS par real yield,https://home.treasury.gov/resource-center/data-chart-center/interest-rates/daily-treasury-rates.csv/2024/all?type=daily_treasury_yield_curve&field_tdr_date_value=2024&page&_format=csv,https://home.treasury.gov/resource-center/data-chart-center/interest-rates/daily-treasury-rates.csv/2024/all?type=daily_treasury_real_yield_curve&field_tdr_date_value=2024&page&_format=csv
2024-01-30,4.06,1.80,2.26,10Y nominal Treasury par yield - 10Y TIPS par real yield,https://home.treasury.gov/resource-center/data-chart-center/interest-rates/daily-treasury-rates.csv/2024/all?type=daily_treasury_yield_curve&field_tdr_date_value=2024&page&_format=csv,https://home.treasury.gov/resource-center/data-chart-center/interest-rates/daily-treasury-rates.csv/2024/all?type=daily_treasury_real_yield_curve&field_tdr_date_value=2024&page&_format=csv
2024-01-31,3.99,1.73,2.26,10Y nominal Treasury par yield - 10Y TIPS par real yield,https://home.treasury.gov/resource-center/data-chart-center/interest-rates/daily-treasury-rates.csv/2024/all?type=daily_treasury_yield_curve&field_tdr_date_value=2024&page&_format=csv,https://home.treasury.gov/resource-center/data-chart-center/interest-rates/daily-treasury-rates.csv/2024/all?type=daily_treasury_real_yield_curve&field_tdr_date_value=2024&page&_format=csv
2024-02-01,3.87,1.68,2.19,10Y nominal Treasury par yield - 10Y TIPS par real yield,https://home.treasury.gov/resource-center/data-chart-center/interest-rates/daily-treasury-rates.csv/2024/all?type=daily_treasury_yield_curve&field_tdr_date_value=2024&page&_format=csv,https://home.treasury.gov/resource-center/data-chart-center/interest-rates/daily-treasury-rates.csv/2024/all?type=daily_treasury_real_yield_curve&field_tdr_date_value=2024&page&_format=csv
2024-02-02,4.03,1.82,2.21,10Y nominal Treasury par yield - 10Y TIPS par real yield,https://home.treasury.gov/resource-center/data-chart-center/interest-rates/daily-treasury-rates.csv/2024/all?type=daily_treasury_yield_curve&field_tdr_date_value=2024&page&_format=csv,https://home.treasury.gov/resource-center/data-chart-center/interest-rates/daily-treasury-rates.csv/2024/all?type=daily_treasury_real_yield_curve&field_tdr_date_value=2024&page&_format=csv
2024-02-05,4.17,1.90,2.27,10Y nominal Treasury par yield - 10Y TIPS par real yield,https://home.treasury.gov/resource-center/data-chart-center/interest-rates/daily-treasury-rates.csv/2024/all?type=daily_treasury_yield_curve&field_tdr_date_value=2024&page&_format=csv,https://home.treasury.gov/resource-center/data-chart-center/interest-rates/daily-treasury-rates.csv/2024/all?type=daily_treasury_real_yield_curve&field_tdr_date_value=2024&page&_format=csv
2024-02-06,4.09,1.85,2.24,10Y nominal Treasury par yield - 10Y TIPS par real yield,https://home.treasury.gov/resource-center/data-chart-center/interest-rates/daily-treasury-rates.csv/2024/all?type=daily_treasury_yield_curve&field_tdr_date_value=2024&page&_format=csv,https://home.treasury.gov/resource-center/data-chart-center/interest-rates/daily-treasury-rates.csv/2024/all?type=daily_treasury_real_yield_curve&field_tdr_date_value=2024&page&_format=csv
2024-02-07,4.09,1.86,2.23,10Y nominal Treasury par yield - 10Y TIPS par real yield,https://home.treasury.gov/resource-center/data-chart-center/interest-rates/daily-treasury-rates.csv/2024/all?type=daily_treasury_yield_curve&field_tdr_date_value=2024&page&_format=csv,https://home.treasury.gov/resource-center/data-chart-center/interest-rates/daily-treasury-rates.csv/2024/all?type=daily_treasury_real_yield_curve&field_tdr_date_value=2024&page&_format=csv
2024-02-08,4.15,1.91,2.24,10Y nominal Treasury par yield - 10Y TIPS par real yield,https://home.treasury.gov/resource-center/data-chart-center/interest-rates/daily-treasury-rates.csv/2024/all?type=daily_treasury_yield_curve&field_tdr_date_value=2024&page&_format=csv,https://home.treasury.gov/resource-center/data-chart-center/interest-rates/daily-treasury-rates.csv/2024/all?type=daily_treasury_real_yield_curve&field_tdr_date_value=2024&page&_format=csv
2024-02-09,4.17,1.92,2.25,10Y nominal Treasury par yield - 10Y TIPS par real yield,https://home.treasury.gov/resource-center/data-chart-center/interest-rates/daily-treasury-rates.csv/2024/all?type=daily_treasury_yield_curve&field_tdr_date_value=2024&page&_format=csv,https://home.treasury.gov/resource-center/data-chart-center/interest-rates/daily-treasury-rates.csv/2024/all?type=daily_treasury_real_yield_curve&field_tdr_date_value=2024&page&_format=csv
2024-02-12,4.17,1.93,2.24,10Y nominal Treasury par yield - 10Y TIPS par real yield,https://home.treasury.gov/resource-center/data-chart-center/interest-rates/daily-treasury-rates.csv/2024/all?type=daily_treasury_yield_curve&field_tdr_date_value=2024&page&_format=csv,https://home.treasury.gov/resource-center/data-chart-center/interest-rates/daily-treasury-rates.csv/2024/all?type=daily_treasury_real_yield_curve&field_tdr_date_value=2024&page&_format=csv
2024-02-13,4.31,2.02,2.29,10Y nominal Treasury par yield - 10Y TIPS par real yield,https://home.treasury.gov/resource-center/data-chart-center/interest-rates/daily-treasury-rates.csv/2024/all?type=daily_treasury_yield_curve&field_tdr_date_value=2024&page&_format=csv,https://home.treasury.gov/resource-center/data-chart-center/interest-rates/daily-treasury-rates.csv/2024/all?type=daily_treasury_real_yield_curve&field_tdr_date_value=2024&page&_format=csv
2024-02-14,4.27,1.97,2.30,10Y nominal Treasury par yield - 10Y TIPS par real yield,https://home.treasury.gov/resource-center/data-chart-center/interest-rates/daily-treasury-rates.csv/2024/all?type=daily_treasury_yield_curve&field_tdr_date_value=2024&page&_format=csv,https://home.treasury.gov/resource-center/data-chart-center/interest-rates/daily-treasury-rates.csv/2024/all?type=daily_treasury_real_yield_curve&field_tdr_date_value=2024&page&_format=csv
2024-02-15,4.24,1.94,2.30,10Y nominal Treasury par yield - 10Y TIPS par real yield,https://home.treasury.gov/resource-center/data-chart-center/interest-rates/daily-treasury-rates.csv/2024/all?type=daily_treasury_yield_curve&field_tdr_date_value=2024&page&_format=csv,https://home.treasury.gov/resource-center/data-chart-center/interest-rates/daily-treasury-rates.csv/2024/all?type=daily_treasury_real_yield_curve&field_tdr_date_value=2024&page&_format=csv
2024-02-16,4.30,1.97,2.33,10Y nominal Treasury par yield - 10Y TIPS par real yield,https://home.treasury.gov/resource-center/data-chart-center/interest-rates/daily-treasury-rates.csv/2024/all?type=daily_treasury_yield_curve&field_tdr_date_value=2024&page&_format=csv,https://home.treasury.gov/resource-center/data-chart-center/interest-rates/daily-treasury-rates.csv/2024/all?type=daily_treasury_real_yield_curve&field_tdr_date_value=2024&page&_format=csv
2024-02-20,4.27,1.95,2.32,10Y nominal Treasury par yield - 10Y TIPS par real yield,https://home.treasury.gov/resource-center/data-chart-center/interest-rates/daily-treasury-rates.csv/2024/all?type=daily_treasury_yield_curve&field_tdr_date_value=2024&page&_format=csv,https://home.treasury.gov/resource-center/data-chart-center/interest-rates/daily-treasury-rates.csv/2024/all?type=daily_treasury_real_yield_curve&field_tdr_date_value=2024&page&_format=csv
2024-02-21,4.32,1.98,2.34,10Y nominal Treasury par yield - 10Y TIPS par real yield,https://home.treasury.gov/resource-center/data-chart-center/interest-rates/daily-treasury-rates.csv/2024/all?type=daily_treasury_yield_curve&field_tdr_date_value=2024&page&_format=csv,https://home.treasury.gov/resource-center/data-chart-center/interest-rates/daily-treasury-rates.csv/2024/all?type=daily_treasury_real_yield_curve&field_tdr_date_value=2024&page&_format=csv
2024-02-22,4.33,2.02,2.31,10Y nominal Treasury par yield - 10Y TIPS par real yield,https://home.treasury.gov/resource-center/data-chart-center/interest-rates/daily-treasury-rates.csv/2024/all?type=daily_treasury_yield_curve&field_tdr_date_value=2024&page&_format=csv,https://home.treasury.gov/resource-center/data-chart-center/interest-rates/daily-treasury-rates.csv/2024/all?type=daily_treasury_real_yield_curve&field_tdr_date_value=2024&page&_format=csv
2024-02-23,4.26,1.96,2.30,10Y nominal Treasury par yield - 10Y TIPS par real yield,https://home.treasury.gov/resource-center/data-chart-center/interest-rates/daily-treasury-rates.csv/2024/all?type=daily_treasury_yield_curve&field_tdr_date_value=2024&page&_format=csv,https://home.treasury.gov/resource-center/data-chart-center/interest-rates/daily-treasury-rates.csv/2024/all?type=daily_treasury_real_yield_curve&field_tdr_date_value=2024&page&_format=csv
2024-02-26,4.28,1.97,2.31,10Y nominal Treasury par yield - 10Y TIPS par real yield,https://home.treasury.gov/resource-center/data-chart-center/interest-rates/daily-treasury-rates.csv/2024/all?type=daily_treasury_yield_curve&field_tdr_date_value=2024&page&_format=csv,https://home.treasury.gov/resource-center/data-chart-center/interest-rates/daily-treasury-rates.csv/2024/all?type=daily_treasury_real_yield_curve&field_tdr_date_value=2024&page&_format=csv
2024-02-27,4.31,1.99,2.32,10Y nominal Treasury par yield - 10Y TIPS par real yield,https://home.treasury.gov/resource-center/data-chart-center/interest-rates/daily-treasury-rates.csv/2024/all?type=daily_treasury_yield_curve&field_tdr_date_value=2024&page&_format=csv,https://home.treasury.gov/resource-center/data-chart-center/interest-rates/daily-treasury-rates.csv/2024/all?type=daily_treasury_real_yield_curve&field_tdr_date_value=2024&page&_format=csv
2024-02-28,4.27,1.94,2.33,10Y nominal Treasury par yield - 10Y TIPS par real yield,https://home.treasury.gov/resource-center/data-chart-center/interest-rates/daily-treasury-rates.csv/2024/all?type=daily_treasury_yield_curve&field_tdr_date_value=2024&page&_format=csv,https://home.treasury.gov/resource-center/data-chart-center/interest-rates/daily-treasury-rates.csv/2024/all?type=daily_treasury_real_yield_curve&field_tdr_date_value=2024&page&_format=csv
2024-02-29,4.25,1.92,2.33,10Y nominal Treasury par yield - 10Y TIPS par real yield,https://home.treasury.gov/resource-center/data-chart-center/interest-rates/daily-treasury-rates.csv/2024/all?type=daily_treasury_yield_curve&field_tdr_date_value=2024&page&_format=csv,https://home.treasury.gov/resource-center/data-chart-center/interest-rates/daily-treasury-rates.csv/2024/all?type=daily_treasury_real_yield_curve&field_tdr_date_value=2024&page&_format=csv
2024-03-01,4.19,1.87,2.32,10Y nominal Treasury par yield - 10Y TIPS par real yield,https://home.treasury.gov/resource-center/data-chart-center/interest-rates/daily-treasury-rates.csv/2024/all?type=daily_treasury_yield_curve&field_tdr_date_value=2024&page&_format=csv,https://home.treasury.gov/resource-center/data-chart-center/interest-rates/daily-treasury-rates.csv/2024/all?type=daily_treasury_real_yield_curve&field_tdr_date_value=2024&page&_format=csv
2024-03-04,4.22,1.88,2.34,10Y nominal Treasury par yield - 10Y TIPS par real yield,https://home.treasury.gov/resource-center/data-chart-center/interest-rates/daily-treasury-rates.csv/2024/all?type=daily_treasury_yield_curve&field_tdr_date_value=2024&page&_format=csv,https://home.treasury.gov/resource-center/data-chart-center/interest-rates/daily-treasury-rates.csv/2024/all?type=daily_treasury_real_yield_curve&field_tdr_date_value=2024&page&_format=csv
2024-03-05,4.13,1.81,2.32,10Y nominal Treasury par yield - 10Y TIPS par real yield,https://home.treasury.gov/resource-center/data-chart-center/interest-rates/daily-treasury-rates.csv/2024/all?type=daily_treasury_yield_curve&field_tdr_date_value=2024&page&_format=csv,https://home.treasury.gov/resource-center/data-chart-center/interest-rates/daily-treasury-rates.csv/2024/all?type=daily_treasury_real_yield_curve&field_tdr_date_value=2024&page&_format=csv
2024-03-06,4.11,1.81,2.30,10Y nominal Treasury par yield - 10Y TIPS par real yield,https://home.treasury.gov/resource-center/data-chart-center/interest-rates/daily-treasury-rates.csv/2024/all?type=daily_treasury_yield_curve&field_tdr_date_value=2024&page&_format=csv,https://home.treasury.gov/resource-center/data-chart-center/interest-rates/daily-treasury-rates.csv/2024/all?type=daily_treasury_real_yield_curve&field_tdr_date_value=2024&page&_format=csv
2024-03-07,4.09,1.81,2.28,10Y nominal Treasury par yield - 10Y TIPS par real yield,https://home.treasury.gov/resource-center/data-chart-center/interest-rates/daily-treasury-rates.csv/2024/all?type=daily_treasury_yield_curve&field_tdr_date_value=2024&page&_format=csv,https://home.treasury.gov/resource-center/data-chart-center/interest-rates/daily-treasury-rates.csv/2024/all?type=daily_treasury_real_yield_curve&field_tdr_date_value=2024&page&_format=csv
2024-03-08,4.09,1.81,2.28,10Y nominal Treasury par yield - 10Y TIPS par real yield,https://home.treasury.gov/resource-center/data-chart-center/interest-rates/daily-treasury-rates.csv/2024/all?type=daily_treasury_yield_curve&field_tdr_date_value=2024&page&_format=csv,https://home.treasury.gov/resource-center/data-chart-center/interest-rates/daily-treasury-rates.csv/2024/all?type=daily_treasury_real_yield_curve&field_tdr_date_value=2024&page&_format=csv
2024-03-11,4.10,1.83,2.27,10Y nominal Treasury par yield - 10Y TIPS par real yield,https://home.treasury.gov/resource-center/data-chart-center/interest-rates/daily-treasury-rates.csv/2024/all?type=daily_treasury_yield_curve&field_tdr_date_value=2024&page&_format=csv,https://home.treasury.gov/resource-center/data-chart-center/interest-rates/daily-treasury-rates.csv/2024/all?type=daily_treasury_real_yield_curve&field_tdr_date_value=2024&page&_format=csv
2024-03-12,4.16,1.86,2.30,10Y nominal Treasury par yield - 10Y TIPS par real yield,https://home.treasury.gov/resource-center/data-chart-center/interest-rates/daily-treasury-rates.csv/2024/all?type=daily_treasury_yield_curve&field_tdr_date_value=2024&page&_format=csv,https://home.treasury.gov/resource-center/data-chart-center/interest-rates/daily-treasury-rates.csv/2024/all?type=daily_treasury_real_yield_curve&field_tdr_date_value=2024&page&_format=csv
2024-03-13,4.19,1.89,2.30,10Y nominal Treasury par yield - 10Y TIPS par real yield,https://home.treasury.gov/resource-center/data-chart-center/interest-rates/daily-treasury-rates.csv/2024/all?type=daily_treasury_yield_curve&field_tdr_date_value=2024&page&_format=csv,https://home.treasury.gov/resource-center/data-chart-center/interest-rates/daily-treasury-rates.csv/2024/all?type=daily_treasury_real_yield_curve&field_tdr_date_value=2024&page&_format=csv
2024-03-14,4.29,1.99,2.30,10Y nominal Treasury par yield - 10Y TIPS par real yield,https://home.treasury.gov/resource-center/data-chart-center/interest-rates/daily-treasury-rates.csv/2024/all?type=daily_treasury_yield_curve&field_tdr_date_value=2024&page&_format=csv,https://home.treasury.gov/resource-center/data-chart-center/interest-rates/daily-treasury-rates.csv/2024/all?type=daily_treasury_real_yield_curve&field_tdr_date_value=2024&page&_format=csv
2024-03-15,4.31,1.99,2.32,10Y nominal Treasury par yield - 10Y TIPS par real yield,https://home.treasury.gov/resource-center/data-chart-center/interest-rates/daily-treasury-rates.csv/2024/all?type=daily_treasury_yield_curve&field_tdr_date_value=2024&page&_format=csv,https://home.treasury.gov/resource-center/data-chart-center/interest-rates/daily-treasury-rates.csv/2024/all?type=daily_treasury_real_yield_curve&field_tdr_date_value=2024&page&_format=csv
2024-03-18,4.34,2.03,2.31,10Y nominal Treasury par yield - 10Y TIPS par real yield,https://home.treasury.gov/resource-center/data-chart-center/interest-rates/daily-treasury-rates.csv/2024/all?type=daily_treasury_yield_curve&field_tdr_date_value=2024&page&_format=csv,https://home.treasury.gov/resource-center/data-chart-center/interest-rates/daily-treasury-rates.csv/2024/all?type=daily_treasury_real_yield_curve&field_tdr_date_value=2024&page&_format=csv
2024-03-19,4.30,2.00,2.30,10Y nominal Treasury par yield - 10Y TIPS par real yield,https://home.treasury.gov/resource-center/data-chart-center/interest-rates/daily-treasury-rates.csv/2024/all?type=daily_treasury_yield_curve&field_tdr_date_value=2024&page&_format=csv,https://home.treasury.gov/resource-center/data-chart-center/interest-rates/daily-treasury-rates.csv/2024/all?type=daily_treasury_real_yield_curve&field_tdr_date_value=2024&page&_format=csv
2024-03-20,4.27,1.96,2.31,10Y nominal Treasury par yield - 10Y TIPS par real yield,https://home.treasury.gov/resource-center/data-chart-center/interest-rates/daily-treasury-rates.csv/2024/all?type=daily_treasury_yield_curve&field_tdr_date_value=2024&page&_format=csv,https://home.treasury.gov/resource-center/data-chart-center/interest-rates/daily-treasury-rates.csv/2024/all?type=daily_treasury_real_yield_curve&field_tdr_date_value=2024&page&_format=csv
2024-03-21,4.27,1.93,2.34,10Y nominal Treasury par yield - 10Y TIPS par real yield,https://home.treasury.gov/resource-center/data-chart-center/interest-rates/daily-treasury-rates.csv/2024/all?type=daily_treasury_yield_curve&field_tdr_date_value=2024&page&_format=csv,https://home.treasury.gov/resource-center/data-chart-center/interest-rates/daily-treasury-rates.csv/2024/all?type=daily_treasury_real_yield_curve&field_tdr_date_value=2024&page&_format=csv
2024-03-22,4.22,1.87,2.35,10Y nominal Treasury par yield - 10Y TIPS par real yield,https://home.treasury.gov/resource-center/data-chart-center/interest-rates/daily-treasury-rates.csv/2024/all?type=daily_treasury_yield_curve&field_tdr_date_value=2024&page&_format=csv,https://home.treasury.gov/resource-center/data-chart-center/interest-rates/daily-treasury-rates.csv/2024/all?type=daily_treasury_real_yield_curve&field_tdr_date_value=2024&page&_format=csv
2024-03-25,4.25,1.92,2.33,10Y nominal Treasury par yield - 10Y TIPS par real yield,https://home.treasury.gov/resource-center/data-chart-center/interest-rates/daily-treasury-rates.csv/2024/all?type=daily_treasury_yield_curve&field_tdr_date_value=2024&page&_format=csv,https://home.treasury.gov/resource-center/data-chart-center/interest-rates/daily-treasury-rates.csv/2024/all?type=daily_treasury_real_yield_curve&field_tdr_date_value=2024&page&_format=csv
2024-03-26,4.24,1.92,2.32,10Y nominal Treasury par yield - 10Y TIPS par real yield,https://home.treasury.gov/resource-center/data-chart-center/interest-rates/daily-treasury-rates.csv/2024/all?type=daily_treasury_yield_curve&field_tdr_date_value=2024&page&_format=csv,https://home.treasury.gov/resource-center/data-chart-center/interest-rates/daily-treasury-rates.csv/2024/all?type=daily_treasury_real_yield_curve&field_tdr_date_value=2024&page&_format=csv
2024-03-27,4.20,1.88,2.32,10Y nominal Treasury par yield - 10Y TIPS par real yield,https://home.treasury.gov/resource-center/data-chart-center/interest-rates/daily-treasury-rates.csv/2024/all?type=daily_treasury_yield_curve&field_tdr_date_value=2024&page&_format=csv,https://home.treasury.gov/resource-center/data-chart-center/interest-rates/daily-treasury-rates.csv/2024/all?type=daily_treasury_real_yield_curve&field_tdr_date_value=2024&page&_format=csv
2024-03-28,4.20,1.88,2.32,10Y nominal Treasury par yield - 10Y TIPS par real yield,https://home.treasury.gov/resource-center/data-chart-center/interest-rates/daily-treasury-rates.csv/2024/all?type=daily_treasury_yield_curve&field_tdr_date_value=2024&page&_format=csv,https://home.treasury.gov/resource-center/data-chart-center/interest-rates/daily-treasury-rates.csv/2024/all?type=daily_treasury_real_yield_curve&field_tdr_date_value=2024&page&_format=csv
2024-04-01,4.33,1.98,2.35,10Y nominal Treasury par yield - 10Y TIPS par real yield,https://home.treasury.gov/resource-center/data-chart-center/interest-rates/daily-treasury-rates.csv/2024/all?type=daily_treasury_yield_curve&field_tdr_date_value=2024&page&_format=csv,https://home.treasury.gov/resource-center/data-chart-center/interest-rates/daily-treasury-rates.csv/2024/all?type=daily_treasury_real_yield_curve&field_tdr_date_value=2024&page&_format=csv
2024-04-02,4.36,2.00,2.36,10Y nominal Treasury par yield - 10Y TIPS par real yield,https://home.treasury.gov/resource-center/data-chart-center/interest-rates/daily-treasury-rates.csv/2024/all?type=daily_treasury_yield_curve&field_tdr_date_value=2024&page&_format=csv,https://home.treasury.gov/resource-center/data-chart-center/interest-rates/daily-treasury-rates.csv/2024/all?type=daily_treasury_real_yield_curve&field_tdr_date_value=2024&page&_format=csv
2024-04-03,4.36,2.00,2.36,10Y nominal Treasury par yield - 10Y TIPS par real yield,https://home.treasury.gov/resource-center/data-chart-center/interest-rates/daily-treasury-rates.csv/2024/all?type=daily_treasury_yield_curve&field_tdr_date_value=2024&page&_format=csv,https://home.treasury.gov/resource-center/data-chart-center/interest-rates/daily-treasury-rates.csv/2024/all?type=daily_treasury_real_yield_curve&field_tdr_date_value=2024&page&_format=csv
2024-04-04,4.31,1.97,2.34,10Y nominal Treasury par yield - 10Y TIPS par real yield,https://home.treasury.gov/resource-center/data-chart-center/interest-rates/daily-treasury-rates.csv/2024/all?type=daily_treasury_yield_curve&field_tdr_date_value=2024&page&_format=csv,https://home.treasury.gov/resource-center/data-chart-center/interest-rates/daily-treasury-rates.csv/2024/all?type=daily_treasury_real_yield_curve&field_tdr_date_value=2024&page&_format=csv
2024-04-05,4.39,2.02,2.37,10Y nominal Treasury par yield - 10Y TIPS par real yield,https://home.treasury.gov/resource-center/data-chart-center/interest-rates/daily-treasury-rates.csv/2024/all?type=daily_treasury_yield_curve&field_tdr_date_value=2024&page&_format=csv,https://home.treasury.gov/resource-center/data-chart-center/interest-rates/daily-treasury-rates.csv/2024/all?type=daily_treasury_real_yield_curve&field_tdr_date_value=2024&page&_format=csv
2024-04-08,4.42,2.04,2.38,10Y nominal Treasury par yield - 10Y TIPS par real yield,https://home.treasury.gov/resource-center/data-chart-center/interest-rates/daily-treasury-rates.csv/2024/all?type=daily_treasury_yield_curve&field_tdr_date_value=2024&page&_format=csv,https://home.treasury.gov/resource-center/data-chart-center/interest-rates/daily-treasury-rates.csv/2024/all?type=daily_treasury_real_yield_curve&field_tdr_date_value=2024&page&_format=csv
2024-04-09,4.36,2.00,2.36,10Y nominal Treasury par yield - 10Y TIPS par real yield,https://home.treasury.gov/resource-center/data-chart-center/interest-rates/daily-treasury-rates.csv/2024/all?type=daily_treasury_yield_curve&field_tdr_date_value=2024&page&_format=csv,https://home.treasury.gov/resource-center/data-chart-center/interest-rates/daily-treasury-rates.csv/2024/all?type=daily_treasury_real_yield_curve&field_tdr_date_value=2024&page&_format=csv
2024-04-10,4.55,2.15,2.40,10Y nominal Treasury par yield - 10Y TIPS par real yield,https://home.treasury.gov/resource-center/data-chart-center/interest-rates/daily-treasury-rates.csv/2024/all?type=daily_treasury_yield_curve&field_tdr_date_value=2024&page&_format=csv,https://home.treasury.gov/resource-center/data-chart-center/interest-rates/daily-treasury-rates.csv/2024/all?type=daily_treasury_real_yield_curve&field_tdr_date_value=2024&page&_format=csv
2024-04-11,4.56,2.16,2.40,10Y nominal Treasury par yield - 10Y TIPS par real yield,https://home.treasury.gov/resource-center/data-chart-center/interest-rates/daily-treasury-rates.csv/2024/all?type=daily_treasury_yield_curve&field_tdr_date_value=2024&page&_format=csv,https://home.treasury.gov/resource-center/data-chart-center/interest-rates/daily-treasury-rates.csv/2024/all?type=daily_treasury_real_yield_curve&field_tdr_date_value=2024&page&_format=csv
2024-04-12,4.50,2.11,2.39,10Y nominal Treasury par yield - 10Y TIPS par real yield,https://home.treasury.gov/resource-center/data-chart-center/interest-rates/daily-treasury-rates.csv/2024/all?type=daily_treasury_yield_curve&field_tdr_date_value=2024&page&_format=csv,https://home.treasury.gov/resource-center/data-chart-center/interest-rates/daily-treasury-rates.csv/2024/all?type=daily_treasury_real_yield_curve&field_tdr_date_value=2024&page&_format=csv
2024-04-15,4.63,2.20,2.43,10Y nominal Treasury par yield - 10Y TIPS par real yield,https://home.treasury.gov/resource-center/data-chart-center/interest-rates/daily-treasury-rates.csv/2024/all?type=daily_treasury_yield_curve&field_tdr_date_value=2024&page&_format=csv,https://home.treasury.gov/resource-center/data-chart-center/interest-rates/daily-treasury-rates.csv/2024/all?type=daily_treasury_real_yield_curve&field_tdr_date_value=2024&page&_format=csv
2024-04-16,4.67,2.24,2.43,10Y nominal Treasury par yield - 10Y TIPS par real yield,https://home.treasury.gov/resource-center/data-chart-center/interest-rates/daily-treasury-rates.csv/2024/all?type=daily_treasury_yield_curve&field_tdr_date_value=2024&page&_format=csv,https://home.treasury.gov/resource-center/data-chart-center/interest-rates/daily-treasury-rates.csv/2024/all?type=daily_treasury_real_yield_curve&field_tdr_date_value=2024&page&_format=csv
2024-04-17,4.59,2.20,2.39,10Y nominal Treasury par yield - 10Y TIPS par real yield,https://home.treasury.gov/resource-center/data-chart-center/interest-rates/daily-treasury-rates.csv/2024/all?type=daily_treasury_yield_curve&field_tdr_date_value=2024&page&_format=csv,https://home.treasury.gov/resource-center/data-chart-center/interest-rates/daily-treasury-rates.csv/2024/all?type=daily_treasury_real_yield_curve&field_tdr_date_value=2024&page&_format=csv
2024-04-18,4.64,2.24,2.40,10Y nominal Treasury par yield - 10Y TIPS par real yield,https://home.treasury.gov/resource-center/data-chart-center/interest-rates/daily-treasury-rates.csv/2024/all?type=daily_treasury_yield_curve&field_tdr_date_value=2024&page&_format=csv,https://home.treasury.gov/resource-center/data-chart-center/interest-rates/daily-treasury-rates.csv/2024/all?type=daily_treasury_real_yield_curve&field_tdr_date_value=2024&page&_format=csv
2024-04-19,4.62,2.21,2.41,10Y nominal Treasury par yield - 10Y TIPS par real yield,https://home.treasury.gov/resource-center/data-chart-center/interest-rates/daily-treasury-rates.csv/2024/all?type=daily_treasury_yield_curve&field_tdr_date_value=2024&page&_format=csv,https://home.treasury.gov/resource-center/data-chart-center/interest-rates/daily-treasury-rates.csv/2024/all?type=daily_treasury_real_yield_curve&field_tdr_date_value=2024&page&_format=csv
2024-04-22,4.62,2.21,2.41,10Y nominal Treasury par yield - 10Y TIPS par real yield,https://home.treasury.gov/resource-center/data-chart-center/interest-rates/daily-treasury-rates.csv/2024/all?type=daily_treasury_yield_curve&field_tdr_date_value=2024&page&_format=csv,https://home.treasury.gov/resource-center/data-chart-center/interest-rates/daily-treasury-rates.csv/2024/all?type=daily_treasury_real_yield_curve&field_tdr_date_value=2024&page&_format=csv
2024-04-23,4.61,2.20,2.41,10Y nominal Treasury par yield - 10Y TIPS par real yield,https://home.treasury.gov/resource-center/data-chart-center/interest-rates/daily-treasury-rates.csv/2024/all?type=daily_treasury_yield_curve&field_tdr_date_value=2024&page&_format=csv,https://home.treasury.gov/resource-center/data-chart-center/interest-rates/daily-treasury-rates.csv/2024/all?type=daily_treasury_real_yield_curve&field_tdr_date_value=2024&page&_format=csv
2024-04-24,4.65,2.24,2.41,10Y nominal Treasury par yield - 10Y TIPS par real yield,https://home.treasury.gov/resource-center/data-chart-center/interest-rates/daily-treasury-rates.csv/2024/all?type=daily_treasury_yield_curve&field_tdr_date_value=2024&page&_format=csv,https://home.treasury.gov/resource-center/data-chart-center/interest-rates/daily-treasury-rates.csv/2024/all?type=daily_treasury_real_yield_curve&field_tdr_date_value=2024&page&_format=csv
2024-04-25,4.70,2.28,2.42,10Y nominal Treasury par yield - 10Y TIPS par real yield,https://home.treasury.gov/resource-center/data-chart-center/interest-rates/daily-treasury-rates.csv/2024/all?type=daily_treasury_yield_curve&field_tdr_date_value=2024&page&_format=csv,https://home.treasury.gov/resource-center/data-chart-center/interest-rates/daily-treasury-rates.csv/2024/all?type=daily_treasury_real_yield_curve&field_tdr_date_value=2024&page&_format=csv
2024-04-26,4.67,2.24,2.43,10Y nominal Treasury par yield - 10Y TIPS par real yield,https://home.treasury.gov/resource-center/data-chart-center/interest-rates/daily-treasury-rates.csv/2024/all?type=daily_treasury_yield_curve&field_tdr_date_value=2024&page&_format=csv,https://home.treasury.gov/resource-center/data-chart-center/interest-rates/daily-treasury-rates.csv/2024/all?type=daily_treasury_real_yield_curve&field_tdr_date_value=2024&page&_format=csv
2024-04-29,4.63,2.22,2.41,10Y nominal Treasury par yield - 10Y TIPS par real yield,https://home.treasury.gov/resource-center/data-chart-center/interest-rates/daily-treasury-rates.csv/2024/all?type=daily_treasury_yield_curve&field_tdr_date_value=2024&page&_format=csv,https://home.treasury.gov/resource-center/data-chart-center/interest-rates/daily-treasury-rates.csv/2024/all?type=daily_treasury_real_yield_curve&field_tdr_date_value=2024&page&_format=csv
2024-04-30,4.69,2.28,2.41,10Y nominal Treasury par yield - 10Y TIPS par real yield,https://home.treasury.gov/resource-center/data-chart-center/interest-rates/daily-treasury-rates.csv/2024/all?type=daily_treasury_yield_curve&field_tdr_date_value=2024&page&_format=csv,https://home.treasury.gov/resource-center/data-chart-center/interest-rates/daily-treasury-rates.csv/2024/all?type=daily_treasury_real_yield_curve&field_tdr_date_value=2024&page&_format=csv
2024-05-01,4.63,2.25,2.38,10Y nominal Treasury par yield - 10Y TIPS par real yield,https://home.treasury.gov/resource-center/data-chart-center/interest-rates/daily-treasury-rates.csv/2024/all?type=daily_treasury_yield_curve&field_tdr_date_value=2024&page&_format=csv,https://home.treasury.gov/resource-center/data-chart-center/interest-rates/daily-treasury-rates.csv/2024/all?type=daily_treasury_real_yield_curve&field_tdr_date_value=2024&page&_format=csv
2024-05-02,4.58,2.21,2.37,10Y nominal Treasury par yield - 10Y TIPS par real yield,https://home.treasury.gov/resource-center/data-chart-center/interest-rates/daily-treasury-rates.csv/2024/all?type=daily_treasury_yield_curve&field_tdr_date_value=2024&page&_format=csv,https://home.treasury.gov/resource-center/data-chart-center/interest-rates/daily-treasury-rates.csv/2024/all?type=daily_treasury_real_yield_curve&field_tdr_date_value=2024&page&_format=csv
2024-05-03,4.50,2.15,2.35,10Y nominal Treasury par yield - 10Y TIPS par real yield,https://home.treasury.gov/resource-center/data-chart-center/interest-rates/daily-treasury-rates.csv/2024/all?type=daily_treasury_yield_curve&field_tdr_date_value=2024&page&_format=csv,https://home.treasury.gov/resource-center/data-chart-center/interest-rates/daily-treasury-rates.csv/2024/all?type=daily_treasury_real_yield_curve&field_tdr_date_value=2024&page&_format=csv
2024-05-06,4.49,2.14,2.35,10Y nominal Treasury par yield - 10Y TIPS par real yield,https://home.treasury.gov/resource-center/data-chart-center/interest-rates/daily-treasury-rates.csv/2024/all?type=daily_treasury_yield_curve&field_tdr_date_value=2024&page&_format=csv,https://home.treasury.gov/resource-center/data-chart-center/interest-rates/daily-treasury-rates.csv/2024/all?type=daily_treasury_real_yield_curve&field_tdr_date_value=2024&page&_format=csv
2024-05-07,4.47,2.15,2.32,10Y nominal Treasury par yield - 10Y TIPS par real yield,https://home.treasury.gov/resource-center/data-chart-center/interest-rates/daily-treasury-rates.csv/2024/all?type=daily_treasury_yield_curve&field_tdr_date_value=2024&page&_format=csv,https://home.treasury.gov/resource-center/data-chart-center/interest-rates/daily-treasury-rates.csv/2024/all?type=daily_treasury_real_yield_curve&field_tdr_date_value=2024&page&_format=csv
2024-05-08,4.48,2.17,2.31,10Y nominal Treasury par yield - 10Y TIPS par real yield,https://home.treasury.gov/resource-center/data-chart-center/interest-rates/daily-treasury-rates.csv/2024/all?type=daily_treasury_yield_curve&field_tdr_date_value=2024&page&_format=csv,https://home.treasury.gov/resource-center/data-chart-center/interest-rates/daily-treasury-rates.csv/2024/all?type=daily_treasury_real_yield_curve&field_tdr_date_value=2024&page&_format=csv
2024-05-09,4.45,2.13,2.32,10Y nominal Treasury par yield - 10Y TIPS par real yield,https://home.treasury.gov/resource-center/data-chart-center/interest-rates/daily-treasury-rates.csv/2024/all?type=daily_treasury_yield_curve&field_tdr_date_value=2024&page&_format=csv,https://home.treasury.gov/resource-center/data-chart-center/interest-rates/daily-treasury-rates.csv/2024/all?type=daily_treasury_real_yield_curve&field_tdr_date_value=2024&page&_format=csv
2024-05-10,4.50,2.16,2.34,10Y nominal Treasury par yield - 10Y TIPS par real yield,https://home.treasury.gov/resource-center/data-chart-center/interest-rates/daily-treasury-rates.csv/2024/all?type=daily_treasury_yield_curve&field_tdr_date_value=2024&page&_format=csv,https://home.treasury.gov/resource-center/data-chart-center/interest-rates/daily-treasury-rates.csv/2024/all?type=daily_treasury_real_yield_curve&field_tdr_date_value=2024&page&_format=csv
2024-05-13,4.48,2.15,2.33,10Y nominal Treasury par yield - 10Y TIPS par real yield,https://home.treasury.gov/resource-center/data-chart-center/interest-rates/daily-treasury-rates.csv/2024/all?type=daily_treasury_yield_curve&field_tdr_date_value=2024&page&_format=csv,https://home.treasury.gov/resource-center/data-chart-center/interest-rates/daily-treasury-rates.csv/2024/all?type=daily_treasury_real_yield_curve&field_tdr_date_value=2024&page&_format=csv
2024-05-14,4.45,2.12,2.33,10Y nominal Treasury par yield - 10Y TIPS par real yield,https://home.treasury.gov/resource-center/data-chart-center/interest-rates/daily-treasury-rates.csv/2024/all?type=daily_treasury_yield_curve&field_tdr_date_value=2024&page&_format=csv,https://home.treasury.gov/resource-center/data-chart-center/interest-rates/daily-treasury-rates.csv/2024/all?type=daily_treasury_real_yield_curve&field_tdr_date_value=2024&page&_format=csv
2024-05-15,4.36,2.05,2.31,10Y nominal Treasury par yield - 10Y TIPS par real yield,https://home.treasury.gov/resource-center/data-chart-center/interest-rates/daily-treasury-rates.csv/2024/all?type=daily_treasury_yield_curve&field_tdr_date_value=2024&page&_format=csv,https://home.treasury.gov/resource-center/data-chart-center/interest-rates/daily-treasury-rates.csv/2024/all?type=daily_treasury_real_yield_curve&field_tdr_date_value=2024&page&_format=csv
2024-05-16,4.38,2.07,2.31,10Y nominal Treasury par yield - 10Y TIPS par real yield,https://home.treasury.gov/resource-center/data-chart-center/interest-rates/daily-treasury-rates.csv/2024/all?type=daily_treasury_yield_curve&field_tdr_date_value=2024&page&_format=csv,https://home.treasury.gov/resource-center/data-chart-center/interest-rates/daily-treasury-rates.csv/2024/all?type=daily_treasury_real_yield_curve&field_tdr_date_value=2024&page&_format=csv
2024-05-17,4.42,2.10,2.32,10Y nominal Treasury par yield - 10Y TIPS par real yield,https://home.treasury.gov/resource-center/data-chart-center/interest-rates/daily-treasury-rates.csv/2024/all?type=daily_treasury_yield_curve&field_tdr_date_value=2024&page&_format=csv,https://home.treasury.gov/resource-center/data-chart-center/interest-rates/daily-treasury-rates.csv/2024/all?type=daily_treasury_real_yield_curve&field_tdr_date_value=2024&page&_format=csv
2024-05-20,4.44,2.11,2.33,10Y nominal Treasury par yield - 10Y TIPS par real yield,https://home.treasury.gov/resource-center/data-chart-center/interest-rates/daily-treasury-rates.csv/2024/all?type=daily_treasury_yield_curve&field_tdr_date_value=2024&page&_format=csv,https://home.treasury.gov/resource-center/data-chart-center/interest-rates/daily-treasury-rates.csv/2024/all?type=daily_treasury_real_yield_curve&field_tdr_date_value=2024&page&_format=csv
2024-05-21,4.41,2.09,2.32,10Y nominal Treasury par yield - 10Y TIPS par real yield,https://home.treasury.gov/resource-center/data-chart-center/interest-rates/daily-treasury-rates.csv/2024/all?type=daily_treasury_yield_curve&field_tdr_date_value=2024&page&_format=csv,https://home.treasury.gov/resource-center/data-chart-center/interest-rates/daily-treasury-rates.csv/2024/all?type=daily_treasury_real_yield_curve&field_tdr_date_value=2024&page&_format=csv
2024-05-22,4.43,2.10,2.33,10Y nominal Treasury par yield - 10Y TIPS par real yield,https://home.treasury.gov/resource-center/data-chart-center/interest-rates/daily-treasury-rates.csv/2024/all?type=daily_treasury_yield_curve&field_tdr_date_value=2024&page&_format=csv,https://home.treasury.gov/resource-center/data-chart-center/interest-rates/daily-treasury-rates.csv/2024/all?type=daily_treasury_real_yield_curve&field_tdr_date_value=2024&page&_format=csv
2024-05-23,4.47,2.17,2.30,10Y nominal Treasury par yield - 10Y TIPS par real yield,https://home.treasury.gov/resource-center/data-chart-center/interest-rates/daily-treasury-rates.csv/2024/all?type=daily_treasury_yield_curve&field_tdr_date_value=2024&page&_format=csv,https://home.treasury.gov/resource-center/data-chart-center/interest-rates/daily-treasury-rates.csv/2024/all?type=daily_treasury_real_yield_curve&field_tdr_date_value=2024&page&_format=csv
2024-05-24,4.46,2.14,2.32,10Y nominal Treasury par yield - 10Y TIPS par real yield,https://home.treasury.gov/resource-center/data-chart-center/interest-rates/daily-treasury-rates.csv/2024/all?type=daily_treasury_yield_curve&field_tdr_date_value=2024&page&_format=csv,https://home.treasury.gov/resource-center/data-chart-center/interest-rates/daily-treasury-rates.csv/2024/all?type=daily_treasury_real_yield_curve&field_tdr_date_value=2024&page&_format=csv
2024-05-28,4.54,2.20,2.34,10Y nominal Treasury par yield - 10Y TIPS par real yield,https://home.treasury.gov/resource-center/data-chart-center/interest-rates/daily-treasury-rates.csv/2024/all?type=daily_treasury_yield_curve&field_tdr_date_value=2024&page&_format=csv,https://home.treasury.gov/resource-center/data-chart-center/interest-rates/daily-treasury-rates.csv/2024/all?type=daily_treasury_real_yield_curve&field_tdr_date_value=2024&page&_format=csv
2024-05-29,4.61,2.25,2.36,10Y nominal Treasury par yield - 10Y TIPS par real yield,https://home.treasury.gov/resource-center/data-chart-center/interest-rates/daily-treasury-rates.csv/2024/all?type=daily_treasury_yield_curve&field_tdr_date_value=2024&page&_format=csv,https://home.treasury.gov/resource-center/data-chart-center/interest-rates/daily-treasury-rates.csv/2024/all?type=daily_treasury_real_yield_curve&field_tdr_date_value=2024&page&_format=csv
2024-05-30,4.55,2.19,2.36,10Y nominal Treasury par yield - 10Y TIPS par real yield,https://home.treasury.gov/resource-center/data-chart-center/interest-rates/daily-treasury-rates.csv/2024/all?type=daily_treasury_yield_curve&field_tdr_date_value=2024&page&_format=csv,https://home.treasury.gov/resource-center/data-chart-center/interest-rates/daily-treasury-rates.csv/2024/all?type=daily_treasury_real_yield_curve&field_tdr_date_value=2024&page&_format=csv
2024-05-31,4.51,2.16,2.35,10Y nominal Treasury par yield - 10Y TIPS par real yield,https://home.treasury.gov/resource-center/data-chart-center/interest-rates/daily-treasury-rates.csv/2024/all?type=daily_treasury_yield_curve&field_tdr_date_value=2024&page&_format=csv,https://home.treasury.gov/resource-center/data-chart-center/interest-rates/daily-treasury-rates.csv/2024/all?type=daily_treasury_real_yield_curve&field_tdr_date_value=2024&page&_format=csv
2024-06-03,4.41,2.08,2.33,10Y nominal Treasury par yield - 10Y TIPS par real yield,https://home.treasury.gov/resource-center/data-chart-center/interest-rates/daily-treasury-rates.csv/2024/all?type=daily_treasury_yield_curve&field_tdr_date_value=2024&page&_format=csv,https://home.treasury.gov/resource-center/data-chart-center/interest-rates/daily-treasury-rates.csv/2024/all?type=daily_treasury_real_yield_curve&field_tdr_date_value=2024&page&_format=csv
2024-06-04,4.33,2.02,2.31,10Y nominal Treasury par yield - 10Y TIPS par real yield,https://home.treasury.gov/resource-center/data-chart-center/interest-rates/daily-treasury-rates.csv/2024/all?type=daily_treasury_yield_curve&field_tdr_date_value=2024&page&_format=csv,https://home.treasury.gov/resource-center/data-chart-center/interest-rates/daily-treasury-rates.csv/2024/all?type=daily_treasury_real_yield_curve&field_tdr_date_value=2024&page&_format=csv
2024-06-05,4.29,1.99,2.30,10Y nominal Treasury par yield - 10Y TIPS par real yield,https://home.treasury.gov/resource-center/data-chart-center/interest-rates/daily-treasury-rates.csv/2024/all?type=daily_treasury_yield_curve&field_tdr_date_value=2024&page&_format=csv,https://home.treasury.gov/resource-center/data-chart-center/interest-rates/daily-treasury-rates.csv/2024/all?type=daily_treasury_real_yield_curve&field_tdr_date_value=2024&page&_format=csv
2024-06-06,4.28,2.00,2.28,10Y nominal Treasury par yield - 10Y TIPS par real yield,https://home.treasury.gov/resource-center/data-chart-center/interest-rates/daily-treasury-rates.csv/2024/all?type=daily_treasury_yield_curve&field_tdr_date_value=2024&page&_format=csv,https://home.treasury.gov/resource-center/data-chart-center/interest-rates/daily-treasury-rates.csv/2024/all?type=daily_treasury_real_yield_curve&field_tdr_date_value=2024&page&_format=csv
2024-06-07,4.43,2.13,2.30,10Y nominal Treasury par yield - 10Y TIPS par real yield,https://home.treasury.gov/resource-center/data-chart-center/interest-rates/daily-treasury-rates.csv/2024/all?type=daily_treasury_yield_curve&field_tdr_date_value=2024&page&_format=csv,https://home.treasury.gov/resource-center/data-chart-center/interest-rates/daily-treasury-rates.csv/2024/all?type=daily_treasury_real_yield_curve&field_tdr_date_value=2024&page&_format=csv
2024-06-10,4.47,2.16,2.31,10Y nominal Treasury par yield - 10Y TIPS par real yield,https://home.treasury.gov/resource-center/data-chart-center/interest-rates/daily-treasury-rates.csv/2024/all?type=daily_treasury_yield_curve&field_tdr_date_value=2024&page&_format=csv,https://home.treasury.gov/resource-center/data-chart-center/interest-rates/daily-treasury-rates.csv/2024/all?type=daily_treasury_real_yield_curve&field_tdr_date_value=2024&page&_format=csv
2024-06-11,4.39,2.12,2.27,10Y nominal Treasury par yield - 10Y TIPS par real yield,https://home.treasury.gov/resource-center/data-chart-center/interest-rates/daily-treasury-rates.csv/2024/all?type=daily_treasury_yield_curve&field_tdr_date_value=2024&page&_format=csv,https://home.treasury.gov/resource-center/data-chart-center/interest-rates/daily-treasury-rates.csv/2024/all?type=daily_treasury_real_yield_curve&field_tdr_date_value=2024&page&_format=csv
2024-06-12,4.31,2.09,2.22,10Y nominal Treasury par yield - 10Y TIPS par real yield,https://home.treasury.gov/resource-center/data-chart-center/interest-rates/daily-treasury-rates.csv/2024/all?type=daily_treasury_yield_curve&field_tdr_date_value=2024&page&_format=csv,https://home.treasury.gov/resource-center/data-chart-center/interest-rates/daily-treasury-rates.csv/2024/all?type=daily_treasury_real_yield_curve&field_tdr_date_value=2024&page&_format=csv
2024-06-13,4.24,2.03,2.21,10Y nominal Treasury par yield - 10Y TIPS par real yield,https://home.treasury.gov/resource-center/data-chart-center/interest-rates/daily-treasury-rates.csv/2024/all?type=daily_treasury_yield_curve&field_tdr_date_value=2024&page&_format=csv,https://home.treasury.gov/resource-center/data-chart-center/interest-rates/daily-treasury-rates.csv/2024/all?type=daily_treasury_real_yield_curve&field_tdr_date_value=2024&page&_format=csv
2024-06-14,4.20,2.03,2.17,10Y nominal Treasury par yield - 10Y TIPS par real yield,https://home.treasury.gov/resource-center/data-chart-center/interest-rates/daily-treasury-rates.csv/2024/all?type=daily_treasury_yield_curve&field_tdr_date_value=2024&page&_format=csv,https://home.treasury.gov/resource-center/data-chart-center/interest-rates/daily-treasury-rates.csv/2024/all?type=daily_treasury_real_yield_curve&field_tdr_date_value=2024&page&_format=csv
2024-06-17,4.28,2.06,2.22,10Y nominal Treasury par yield - 10Y TIPS par real yield,https://home.treasury.gov/resource-center/data-chart-center/interest-rates/daily-treasury-rates.csv/2024/all?type=daily_treasury_yield_curve&field_tdr_date_value=2024&page&_format=csv,https://home.treasury.gov/resource-center/data-chart-center/interest-rates/daily-treasury-rates.csv/2024/all?type=daily_treasury_real_yield_curve&field_tdr_date_value=2024&page&_format=csv
2024-06-18,4.22,2.01,2.21,10Y nominal Treasury par yield - 10Y TIPS par real yield,https://home.treasury.gov/resource-center/data-chart-center/interest-rates/daily-treasury-rates.csv/2024/all?type=daily_treasury_yield_curve&field_tdr_date_value=2024&page&_format=csv,https://home.treasury.gov/resource-center/data-chart-center/interest-rates/daily-treasury-rates.csv/2024/all?type=daily_treasury_real_yield_curve&field_tdr_date_value=2024&page&_format=csv
2024-06-20,4.25,2.00,2.25,10Y nominal Treasury par yield - 10Y TIPS par real yield,https://home.treasury.gov/resource-center/data-chart-center/interest-rates/daily-treasury-rates.csv/2024/all?type=daily_treasury_yield_curve&field_tdr_date_value=2024&page&_format=csv,https://home.treasury.gov/resource-center/data-chart-center/interest-rates/daily-treasury-rates.csv/2024/all?type=daily_treasury_real_yield_curve&field_tdr_date_value=2024&page&_format=csv
2024-06-21,4.25,2.02,2.23,10Y nominal Treasury par yield - 10Y TIPS par real yield,https://home.treasury.gov/resource-center/data-chart-center/interest-rates/daily-treasury-rates.csv/2024/all?type=daily_treasury_yield_curve&field_tdr_date_value=2024&page&_format=csv,https://home.treasury.gov/resource-center/data-chart-center/interest-rates/daily-treasury-rates.csv/2024/all?type=daily_treasury_real_yield_curve&field_tdr_date_value=2024&page&_format=csv
2024-06-24,4.25,2.03,2.22,10Y nominal Treasury par yield - 10Y TIPS par real yield,https://home.treasury.gov/resource-center/data-chart-center/interest-rates/daily-treasury-rates.csv/2024/all?type=daily_treasury_yield_curve&field_tdr_date_value=2024&page&_format=csv,https://home.treasury.gov/resource-center/data-chart-center/interest-rates/daily-treasury-rates.csv/2024/all?type=daily_treasury_real_yield_curve&field_tdr_date_value=2024&page&_format=csv
2024-06-25,4.23,2.01,2.22,10Y nominal Treasury par yield - 10Y TIPS par real yield,https://home.treasury.gov/resource-center/data-chart-center/interest-rates/daily-treasury-rates.csv/2024/all?type=daily_treasury_yield_curve&field_tdr_date_value=2024&page&_format=csv,https://home.treasury.gov/resource-center/data-chart-center/interest-rates/daily-treasury-rates.csv/2024/all?type=daily_treasury_real_yield_curve&field_tdr_date_value=2024&page&_format=csv
2024-06-26,4.32,2.06,2.26,10Y nominal Treasury par yield - 10Y TIPS par real yield,https://home.treasury.gov/resource-center/data-chart-center/interest-rates/daily-treasury-rates.csv/2024/all?type=daily_treasury_yield_curve&field_tdr_date_value=2024&page&_format=csv,https://home.treasury.gov/resource-center/data-chart-center/interest-rates/daily-treasury-rates.csv/2024/all?type=daily_treasury_real_yield_curve&field_tdr_date_value=2024&page&_format=csv
2024-06-27,4.29,2.03,2.26,10Y nominal Treasury par yield - 10Y TIPS par real yield,https://home.treasury.gov/resource-center/data-chart-center/interest-rates/daily-treasury-rates.csv/2024/all?type=daily_treasury_yield_curve&field_tdr_date_value=2024&page&_format=csv,https://home.treasury.gov/resource-center/data-chart-center/interest-rates/daily-treasury-rates.csv/2024/all?type=daily_treasury_real_yield_curve&field_tdr_date_value=2024&page&_format=csv
2024-06-28,4.36,2.08,2.28,10Y nominal Treasury par yield - 10Y TIPS par real yield,https://home.treasury.gov/resource-center/data-chart-center/interest-rates/daily-treasury-rates.csv/2024/all?type=daily_treasury_yield_curve&field_tdr_date_value=2024&page&_format=csv,https://home.treasury.gov/resource-center/data-chart-center/interest-rates/daily-treasury-rates.csv/2024/all?type=daily_treasury_real_yield_curve&field_tdr_date_value=2024&page&_format=csv
2024-07-01,4.48,2.16,2.32,10Y nominal Treasury par yield - 10Y TIPS par real yield,https://home.treasury.gov/resource-center/data-chart-center/interest-rates/daily-treasury-rates.csv/2024/all?type=daily_treasury_yield_curve&field_tdr_date_value=2024&page&_format=csv,https://home.treasury.gov/resource-center/data-chart-center/interest-rates/daily-treasury-rates.csv/2024/all?type=daily_treasury_real_yield_curve&field_tdr_date_value=2024&page&_format=csv
2024-07-02,4.43,2.13,2.30,10Y nominal Treasury par yield - 10Y TIPS par real yield,https://home.treasury.gov/resource-center/data-chart-center/interest-rates/daily-treasury-rates.csv/2024/all?type=daily_treasury_yield_curve&field_tdr_date_value=2024&page&_format=csv,https://home.treasury.gov/resource-center/data-chart-center/interest-rates/daily-treasury-rates.csv/2024/all?type=daily_treasury_real_yield_curve&field_tdr_date_value=2024&page&_format=csv
2024-07-03,4.36,2.09,2.27,10Y nominal Treasury par yield - 10Y TIPS par real yield,https://home.treasury.gov/resource-center/data-chart-center/interest-rates/daily-treasury-rates.csv/2024/all?type=daily_treasury_yield_curve&field_tdr_date_value=2024&page&_format=csv,https://home.treasury.gov/resource-center/data-chart-center/interest-rates/daily-treasury-rates.csv/2024/all?type=daily_treasury_real_yield_curve&field_tdr_date_value=2024&page&_format=csv
2024-07-05,4.28,2.00,2.28,10Y nominal Treasury par yield - 10Y TIPS par real yield,https://home.treasury.gov/resource-center/data-chart-center/interest-rates/daily-treasury-rates.csv/2024/all?type=daily_treasury_yield_curve&field_tdr_date_value=2024&page&_format=csv,https://home.treasury.gov/resource-center/data-chart-center/interest-rates/daily-treasury-rates.csv/2024/all?type=daily_treasury_real_yield_curve&field_tdr_date_value=2024&page&_format=csv
2024-07-08,4.28,2.01,2.27,10Y nominal Treasury par yield - 10Y TIPS par real yield,https://home.treasury.gov/resource-center/data-chart-center/interest-rates/daily-treasury-rates.csv/2024/all?type=daily_treasury_yield_curve&field_tdr_date_value=2024&page&_format=csv,https://home.treasury.gov/resource-center/data-chart-center/interest-rates/daily-treasury-rates.csv/2024/all?type=daily_treasury_real_yield_curve&field_tdr_date_value=2024&page&_format=csv
2024-07-09,4.30,2.04,2.26,10Y nominal Treasury par yield - 10Y TIPS par real yield,https://home.treasury.gov/resource-center/data-chart-center/interest-rates/daily-treasury-rates.csv/2024/all?type=daily_treasury_yield_curve&field_tdr_date_value=2024&page&_format=csv,https://home.treasury.gov/resource-center/data-chart-center/interest-rates/daily-treasury-rates.csv/2024/all?type=daily_treasury_real_yield_curve&field_tdr_date_value=2024&page&_format=csv
2024-07-10,4.28,2.01,2.27,10Y nominal Treasury par yield - 10Y TIPS par real yield,https://home.treasury.gov/resource-center/data-chart-center/interest-rates/daily-treasury-rates.csv/2024/all?type=daily_treasury_yield_curve&field_tdr_date_value=2024&page&_format=csv,https://home.treasury.gov/resource-center/data-chart-center/interest-rates/daily-treasury-rates.csv/2024/all?type=daily_treasury_real_yield_curve&field_tdr_date_value=2024&page&_format=csv
2024-07-11,4.20,1.95,2.25,10Y nominal Treasury par yield - 10Y TIPS par real yield,https://home.treasury.gov/resource-center/data-chart-center/interest-rates/daily-treasury-rates.csv/2024/all?type=daily_treasury_yield_curve&field_tdr_date_value=2024&page&_format=csv,https://home.treasury.gov/resource-center/data-chart-center/interest-rates/daily-treasury-rates.csv/2024/all?type=daily_treasury_real_yield_curve&field_tdr_date_value=2024&page&_format=csv
2024-07-12,4.18,1.94,2.24,10Y nominal Treasury par yield - 10Y TIPS par real yield,https://home.treasury.gov/resource-center/data-chart-center/interest-rates/daily-treasury-rates.csv/2024/all?type=daily_treasury_yield_curve&field_tdr_date_value=2024&page&_format=csv,https://home.treasury.gov/resource-center/data-chart-center/interest-rates/daily-treasury-rates.csv/2024/all?type=daily_treasury_real_yield_curve&field_tdr_date_value=2024&page&_format=csv
2024-07-15,4.23,1.96,2.27,10Y nominal Treasury par yield - 10Y TIPS par real yield,https://home.treasury.gov/resource-center/data-chart-center/interest-rates/daily-treasury-rates.csv/2024/all?type=daily_treasury_yield_curve&field_tdr_date_value=2024&page&_format=csv,https://home.treasury.gov/resource-center/data-chart-center/interest-rates/daily-treasury-rates.csv/2024/all?type=daily_treasury_real_yield_curve&field_tdr_date_value=2024&page&_format=csv
2024-07-16,4.17,1.91,2.26,10Y nominal Treasury par yield - 10Y TIPS par real yield,https://home.treasury.gov/resource-center/data-chart-center/interest-rates/daily-treasury-rates.csv/2024/all?type=daily_treasury_yield_curve&field_tdr_date_value=2024&page&_format=csv,https://home.treasury.gov/resource-center/data-chart-center/interest-rates/daily-treasury-rates.csv/2024/all?type=daily_treasury_real_yield_curve&field_tdr_date_value=2024&page&_format=csv
2024-07-17,4.16,1.90,2.26,10Y nominal Treasury par yield - 10Y TIPS par real yield,https://home.treasury.gov/resource-center/data-chart-center/interest-rates/daily-treasury-rates.csv/2024/all?type=daily_treasury_yield_curve&field_tdr_date_value=2024&page&_format=csv,https://home.treasury.gov/resource-center/data-chart-center/interest-rates/daily-treasury-rates.csv/2024/all?type=daily_treasury_real_yield_curve&field_tdr_date_value=2024&page&_format=csv
2024-07-18,4.20,1.89,2.31,10Y nominal Treasury par yield - 10Y TIPS par real yield,https://home.treasury.gov/resource-center/data-chart-center/interest-rates/daily-treasury-rates.csv/2024/all?type=daily_treasury_yield_curve&field_tdr_date_value=2024&page&_format=csv,https://home.treasury.gov/resource-center/data-chart-center/interest-rates/daily-treasury-rates.csv/2024/all?type=daily_treasury_real_yield_curve&field_tdr_date_value=2024&page&_format=csv
2024-07-19,4.25,1.93,2.32,10Y nominal Treasury par yield - 10Y TIPS par real yield,https://home.treasury.gov/resource-center/data-chart-center/interest-rates/daily-treasury-rates.csv/2024/all?type=daily_treasury_yield_curve&field_tdr_date_value=2024&page&_format=csv,https://home.treasury.gov/resource-center/data-chart-center/interest-rates/daily-treasury-rates.csv/2024/all?type=daily_treasury_real_yield_curve&field_tdr_date_value=2024&page&_format=csv
2024-07-22,4.26,1.96,2.30,10Y nominal Treasury par yield - 10Y TIPS par real yield,https://home.treasury.gov/resource-center/data-chart-center/interest-rates/daily-treasury-rates.csv/2024/all?type=daily_treasury_yield_curve&field_tdr_date_value=2024&page&_format=csv,https://home.treasury.gov/resource-center/data-chart-center/interest-rates/daily-treasury-rates.csv/2024/all?type=daily_treasury_real_yield_curve&field_tdr_date_value=2024&page&_format=csv
2024-07-23,4.25,1.96,2.29,10Y nominal Treasury par yield - 10Y TIPS par real yield,https://home.treasury.gov/resource-center/data-chart-center/interest-rates/daily-treasury-rates.csv/2024/all?type=daily_treasury_yield_curve&field_tdr_date_value=2024&page&_format=csv,https://home.treasury.gov/resource-center/data-chart-center/interest-rates/daily-treasury-rates.csv/2024/all?type=daily_treasury_real_yield_curve&field_tdr_date_value=2024&page&_format=csv
2024-07-24,4.28,2.00,2.28,10Y nominal Treasury par yield - 10Y TIPS par real yield,https://home.treasury.gov/resource-center/data-chart-center/interest-rates/daily-treasury-rates.csv/2024/all?type=daily_treasury_yield_curve&field_tdr_date_value=2024&page&_format=csv,https://home.treasury.gov/resource-center/data-chart-center/interest-rates/daily-treasury-rates.csv/2024/all?type=daily_treasury_real_yield_curve&field_tdr_date_value=2024&page&_format=csv
2024-07-25,4.27,1.99,2.28,10Y nominal Treasury par yield - 10Y TIPS par real yield,https://home.treasury.gov/resource-center/data-chart-center/interest-rates/daily-treasury-rates.csv/2024/all?type=daily_treasury_yield_curve&field_tdr_date_value=2024&page&_format=csv,https://home.treasury.gov/resource-center/data-chart-center/interest-rates/daily-treasury-rates.csv/2024/all?type=daily_treasury_real_yield_curve&field_tdr_date_value=2024&page&_format=csv
2024-07-26,4.20,1.93,2.27,10Y nominal Treasury par yield - 10Y TIPS par real yield,https://home.treasury.gov/resource-center/data-chart-center/interest-rates/daily-treasury-rates.csv/2024/all?type=daily_treasury_yield_curve&field_tdr_date_value=2024&page&_format=csv,https://home.treasury.gov/resource-center/data-chart-center/interest-rates/daily-treasury-rates.csv/2024/all?type=daily_treasury_real_yield_curve&field_tdr_date_value=2024&page&_format=csv
2024-07-29,4.17,1.92,2.25,10Y nominal Treasury par yield - 10Y TIPS par real yield,https://home.treasury.gov/resource-center/data-chart-center/interest-rates/daily-treasury-rates.csv/2024/all?type=daily_treasury_yield_curve&field_tdr_date_value=2024&page&_format=csv,https://home.treasury.gov/resource-center/data-chart-center/interest-rates/daily-treasury-rates.csv/2024/all?type=daily_treasury_real_yield_curve&field_tdr_date_value=2024&page&_format=csv
2024-07-30,4.15,1.90,2.25,10Y nominal Treasury par yield - 10Y TIPS par real yield,https://home.treasury.gov/resource-center/data-chart-center/interest-rates/daily-treasury-rates.csv/2024/all?type=daily_treasury_yield_curve&field_tdr_date_value=2024&page&_format=csv,https://home.treasury.gov/resource-center/data-chart-center/interest-rates/daily-treasury-rates.csv/2024/all?type=daily_treasury_real_yield_curve&field_tdr_date_value=2024&page&_format=csv
2024-07-31,4.09,1.85,2.24,10Y nominal Treasury par yield - 10Y TIPS par real yield,https://home.treasury.gov/resource-center/data-chart-center/interest-rates/daily-treasury-rates.csv/2024/all?type=daily_treasury_yield_curve&field_tdr_date_value=2024&page&_format=csv,https://home.treasury.gov/resource-center/data-chart-center/interest-rates/daily-treasury-rates.csv/2024/all?type=daily_treasury_real_yield_curve&field_tdr_date_value=2024&page&_format=csv
2024-08-01,3.99,1.79,2.20,10Y nominal Treasury par yield - 10Y TIPS par real yield,https://home.treasury.gov/resource-center/data-chart-center/interest-rates/daily-treasury-rates.csv/2024/all?type=daily_treasury_yield_curve&field_tdr_date_value=2024&page&_format=csv,https://home.treasury.gov/resource-center/data-chart-center/interest-rates/daily-treasury-rates.csv/2024/all?type=daily_treasury_real_yield_curve&field_tdr_date_value=2024&page&_format=csv
2024-08-02,3.80,1.76,2.04,10Y nominal Treasury par yield - 10Y TIPS par real yield,https://home.treasury.gov/resource-center/data-chart-center/interest-rates/daily-treasury-rates.csv/2024/all?type=daily_treasury_yield_curve&field_tdr_date_value=2024&page&_format=csv,https://home.treasury.gov/resource-center/data-chart-center/interest-rates/daily-treasury-rates.csv/2024/all?type=daily_treasury_real_yield_curve&field_tdr_date_value=2024&page&_format=csv
2024-08-05,3.78,1.71,2.07,10Y nominal Treasury par yield - 10Y TIPS par real yield,https://home.treasury.gov/resource-center/data-chart-center/interest-rates/daily-treasury-rates.csv/2024/all?type=daily_treasury_yield_curve&field_tdr_date_value=2024&page&_format=csv,https://home.treasury.gov/resource-center/data-chart-center/interest-rates/daily-treasury-rates.csv/2024/all?type=daily_treasury_real_yield_curve&field_tdr_date_value=2024&page&_format=csv
2024-08-06,3.90,1.78,2.12,10Y nominal Treasury par yield - 10Y TIPS par real yield,https://home.treasury.gov/resource-center/data-chart-center/interest-rates/daily-treasury-rates.csv/2024/all?type=daily_treasury_yield_curve&field_tdr_date_value=2024&page&_format=csv,https://home.treasury.gov/resource-center/data-chart-center/interest-rates/daily-treasury-rates.csv/2024/all?type=daily_treasury_real_yield_curve&field_tdr_date_value=2024&page&_format=csv
2024-08-07,3.96,1.85,2.11,10Y nominal Treasury par yield - 10Y TIPS par real yield,https://home.treasury.gov/resource-center/data-chart-center/interest-rates/daily-treasury-rates.csv/2024/all?type=daily_treasury_yield_curve&field_tdr_date_value=2024&page&_format=csv,https://home.treasury.gov/resource-center/data-chart-center/interest-rates/daily-treasury-rates.csv/2024/all?type=daily_treasury_real_yield_curve&field_tdr_date_value=2024&page&_format=csv
2024-08-08,3.99,1.87,2.12,10Y nominal Treasury par yield - 10Y TIPS par real yield,https://home.treasury.gov/resource-center/data-chart-center/interest-rates/daily-treasury-rates.csv/2024/all?type=daily_treasury_yield_curve&field_tdr_date_value=2024&page&_format=csv,https://home.treasury.gov/resource-center/data-chart-center/interest-rates/daily-treasury-rates.csv/2024/all?type=daily_treasury_real_yield_curve&field_tdr_date_value=2024&page&_format=csv
2024-08-09,3.94,1.84,2.10,10Y nominal Treasury par yield - 10Y TIPS par real yield,https://home.treasury.gov/resource-center/data-chart-center/interest-rates/daily-treasury-rates.csv/2024/all?type=daily_treasury_yield_curve&field_tdr_date_value=2024&page&_format=csv,https://home.treasury.gov/resource-center/data-chart-center/interest-rates/daily-treasury-rates.csv/2024/all?type=daily_treasury_real_yield_curve&field_tdr_date_value=2024&page&_format=csv
2024-08-12,3.90,1.79,2.11,10Y nominal Treasury par yield - 10Y TIPS par real yield,https://home.treasury.gov/resource-center/data-chart-center/interest-rates/daily-treasury-rates.csv/2024/all?type=daily_treasury_yield_curve&field_tdr_date_value=2024&page&_format=csv,https://home.treasury.gov/resource-center/data-chart-center/interest-rates/daily-treasury-rates.csv/2024/all?type=daily_treasury_real_yield_curve&field_tdr_date_value=2024&page&_format=csv
2024-08-13,3.85,1.76,2.09,10Y nominal Treasury par yield - 10Y TIPS par real yield,https://home.treasury.gov/resource-center/data-chart-center/interest-rates/daily-treasury-rates.csv/2024/all?type=daily_treasury_yield_curve&field_tdr_date_value=2024&page&_format=csv,https://home.treasury.gov/resource-center/data-chart-center/interest-rates/daily-treasury-rates.csv/2024/all?type=daily_treasury_real_yield_curve&field_tdr_date_value=2024&page&_format=csv
2024-08-14,3.83,1.77,2.06,10Y nominal Treasury par yield - 10Y TIPS par real yield,https://home.treasury.gov/resource-center/data-chart-center/interest-rates/daily-treasury-rates.csv/2024/all?type=daily_treasury_yield_curve&field_tdr_date_value=2024&page&_format=csv,https://home.treasury.gov/resource-center/data-chart-center/interest-rates/daily-treasury-rates.csv/2024/all?type=daily_treasury_real_yield_curve&field_tdr_date_value=2024&page&_format=csv
2024-08-15,3.92,1.80,2.12,10Y nominal Treasury par yield - 10Y TIPS par real yield,https://home.treasury.gov/resource-center/data-chart-center/interest-rates/daily-treasury-rates.csv/2024/all?type=daily_treasury_yield_curve&field_tdr_date_value=2024&page&_format=csv,https://home.treasury.gov/resource-center/data-chart-center/interest-rates/daily-treasury-rates.csv/2024/all?type=daily_treasury_real_yield_curve&field_tdr_date_value=2024&page&_format=csv
2024-08-16,3.89,1.81,2.08,10Y nominal Treasury par yield - 10Y TIPS par real yield,https://home.treasury.gov/resource-center/data-chart-center/interest-rates/daily-treasury-rates.csv/2024/all?type=daily_treasury_yield_curve&field_tdr_date_value=2024&page&_format=csv,https://home.treasury.gov/resource-center/data-chart-center/interest-rates/daily-treasury-rates.csv/2024/all?type=daily_treasury_real_yield_curve&field_tdr_date_value=2024&page&_format=csv
2024-08-19,3.86,1.79,2.07,10Y nominal Treasury par yield - 10Y TIPS par real yield,https://home.treasury.gov/resource-center/data-chart-center/interest-rates/daily-treasury-rates.csv/2024/all?type=daily_treasury_yield_curve&field_tdr_date_value=2024&page&_format=csv,https://home.treasury.gov/resource-center/data-chart-center/interest-rates/daily-treasury-rates.csv/2024/all?type=daily_treasury_real_yield_curve&field_tdr_date_value=2024&page&_format=csv
2024-08-20,3.82,1.75,2.07,10Y nominal Treasury par yield - 10Y TIPS par real yield,https://home.treasury.gov/resource-center/data-chart-center/interest-rates/daily-treasury-rates.csv/2024/all?type=daily_treasury_yield_curve&field_tdr_date_value=2024&page&_format=csv,https://home.treasury.gov/resource-center/data-chart-center/interest-rates/daily-treasury-rates.csv/2024/all?type=daily_treasury_real_yield_curve&field_tdr_date_value=2024&page&_format=csv
2024-08-21,3.79,1.72,2.07,10Y nominal Treasury par yield - 10Y TIPS par real yield,https://home.treasury.gov/resource-center/data-chart-center/interest-rates/daily-treasury-rates.csv/2024/all?type=daily_treasury_yield_curve&field_tdr_date_value=2024&page&_format=csv,https://home.treasury.gov/resource-center/data-chart-center/interest-rates/daily-treasury-rates.csv/2024/all?type=daily_treasury_real_yield_curve&field_tdr_date_value=2024&page&_format=csv
2024-08-22,3.86,1.76,2.10,10Y nominal Treasury par yield - 10Y TIPS par real yield,https://home.treasury.gov/resource-center/data-chart-center/interest-rates/daily-treasury-rates.csv/2024/all?type=daily_treasury_yield_curve&field_tdr_date_value=2024&page&_format=csv,https://home.treasury.gov/resource-center/data-chart-center/interest-rates/daily-treasury-rates.csv/2024/all?type=daily_treasury_real_yield_curve&field_tdr_date_value=2024&page&_format=csv
2024-08-23,3.81,1.68,2.13,10Y nominal Treasury par yield - 10Y TIPS par real yield,https://home.treasury.gov/resource-center/data-chart-center/interest-rates/daily-treasury-rates.csv/2024/all?type=daily_treasury_yield_curve&field_tdr_date_value=2024&page&_format=csv,https://home.treasury.gov/resource-center/data-chart-center/interest-rates/daily-treasury-rates.csv/2024/all?type=daily_treasury_real_yield_curve&field_tdr_date_value=2024&page&_format=csv
2024-08-26,3.82,1.67,2.15,10Y nominal Treasury par yield - 10Y TIPS par real yield,https://home.treasury.gov/resource-center/data-chart-center/interest-rates/daily-treasury-rates.csv/2024/all?type=daily_treasury_yield_curve&field_tdr_date_value=2024&page&_format=csv,https://home.treasury.gov/resource-center/data-chart-center/interest-rates/daily-treasury-rates.csv/2024/all?type=daily_treasury_real_yield_curve&field_tdr_date_value=2024&page&_format=csv
2024-08-27,3.83,1.68,2.15,10Y nominal Treasury par yield - 10Y TIPS par real yield,https://home.treasury.gov/resource-center/data-chart-center/interest-rates/daily-treasury-rates.csv/2024/all?type=daily_treasury_yield_curve&field_tdr_date_value=2024&page&_format=csv,https://home.treasury.gov/resource-center/data-chart-center/interest-rates/daily-treasury-rates.csv/2024/all?type=daily_treasury_real_yield_curve&field_tdr_date_value=2024&page&_format=csv
2024-08-28,3.84,1.69,2.15,10Y nominal Treasury par yield - 10Y TIPS par real yield,https://home.treasury.gov/resource-center/data-chart-center/interest-rates/daily-treasury-rates.csv/2024/all?type=daily_treasury_yield_curve&field_tdr_date_value=2024&page&_format=csv,https://home.treasury.gov/resource-center/data-chart-center/interest-rates/daily-treasury-rates.csv/2024/all?type=daily_treasury_real_yield_curve&field_tdr_date_value=2024&page&_format=csv
2024-08-29,3.87,1.71,2.16,10Y nominal Treasury par yield - 10Y TIPS par real yield,https://home.treasury.gov/resource-center/data-chart-center/interest-rates/daily-treasury-rates.csv/2024/all?type=daily_treasury_yield_curve&field_tdr_date_value=2024&page&_format=csv,https://home.treasury.gov/resource-center/data-chart-center/interest-rates/daily-treasury-rates.csv/2024/all?type=daily_treasury_real_yield_curve&field_tdr_date_value=2024&page&_format=csv
2024-08-30,3.91,1.76,2.15,10Y nominal Treasury par yield - 10Y TIPS par real yield,https://home.treasury.gov/resource-center/data-chart-center/interest-rates/daily-treasury-rates.csv/2024/all?type=daily_treasury_yield_curve&field_tdr_date_value=2024&page&_format=csv,https://home.treasury.gov/resource-center/data-chart-center/interest-rates/daily-treasury-rates.csv/2024/all?type=daily_treasury_real_yield_curve&field_tdr_date_value=2024&page&_format=csv
2024-09-03,3.84,1.73,2.11,10Y nominal Treasury par yield - 10Y TIPS par real yield,https://home.treasury.gov/resource-center/data-chart-center/interest-rates/daily-treasury-rates.csv/2024/all?type=daily_treasury_yield_curve&field_tdr_date_value=2024&page&_format=csv,https://home.treasury.gov/resource-center/data-chart-center/interest-rates/daily-treasury-rates.csv/2024/all?type=daily_treasury_real_yield_curve&field_tdr_date_value=2024&page&_format=csv
2024-09-04,3.77,1.70,2.07,10Y nominal Treasury par yield - 10Y TIPS par real yield,https://home.treasury.gov/resource-center/data-chart-center/interest-rates/daily-treasury-rates.csv/2024/all?type=daily_treasury_yield_curve&field_tdr_date_value=2024&page&_format=csv,https://home.treasury.gov/resource-center/data-chart-center/interest-rates/daily-treasury-rates.csv/2024/all?type=daily_treasury_real_yield_curve&field_tdr_date_value=2024&page&_format=csv
2024-09-05,3.73,1.70,2.03,10Y nominal Treasury par yield - 10Y TIPS par real yield,https://home.treasury.gov/resource-center/data-chart-center/interest-rates/daily-treasury-rates.csv/2024/all?type=daily_treasury_yield_curve&field_tdr_date_value=2024&page&_format=csv,https://home.treasury.gov/resource-center/data-chart-center/interest-rates/daily-treasury-rates.csv/2024/all?type=daily_treasury_real_yield_curve&field_tdr_date_value=2024&page&_format=csv
2024-09-06,3.72,1.69,2.03,10Y nominal Treasury par yield - 10Y TIPS par real yield,https://home.treasury.gov/resource-center/data-chart-center/interest-rates/daily-treasury-rates.csv/2024/all?type=daily_treasury_yield_curve&field_tdr_date_value=2024&page&_format=csv,https://home.treasury.gov/resource-center/data-chart-center/interest-rates/daily-treasury-rates.csv/2024/all?type=daily_treasury_real_yield_curve&field_tdr_date_value=2024&page&_format=csv
2024-09-09,3.70,1.66,2.04,10Y nominal Treasury par yield - 10Y TIPS par real yield,https://home.treasury.gov/resource-center/data-chart-center/interest-rates/daily-treasury-rates.csv/2024/all?type=daily_treasury_yield_curve&field_tdr_date_value=2024&page&_format=csv,https://home.treasury.gov/resource-center/data-chart-center/interest-rates/daily-treasury-rates.csv/2024/all?type=daily_treasury_real_yield_curve&field_tdr_date_value=2024&page&_format=csv
2024-09-10,3.65,1.63,2.02,10Y nominal Treasury par yield - 10Y TIPS par real yield,https://home.treasury.gov/resource-center/data-chart-center/interest-rates/daily-treasury-rates.csv/2024/all?type=daily_treasury_yield_curve&field_tdr_date_value=2024&page&_format=csv,https://home.treasury.gov/resource-center/data-chart-center/interest-rates/daily-treasury-rates.csv/2024/all?type=daily_treasury_real_yield_curve&field_tdr_date_value=2024&page&_format=csv
2024-09-11,3.65,1.61,2.04,10Y nominal Treasury par yield - 10Y TIPS par real yield,https://home.treasury.gov/resource-center/data-chart-center/interest-rates/daily-treasury-rates.csv/2024/all?type=daily_treasury_yield_curve&field_tdr_date_value=2024&page&_format=csv,https://home.treasury.gov/resource-center/data-chart-center/interest-rates/daily-treasury-rates.csv/2024/all?type=daily_treasury_real_yield_curve&field_tdr_date_value=2024&page&_format=csv
2024-09-12,3.68,1.63,2.05,10Y nominal Treasury par yield - 10Y TIPS par real yield,https://home.treasury.gov/resource-center/data-chart-center/interest-rates/daily-treasury-rates.csv/2024/all?type=daily_treasury_yield_curve&field_tdr_date_value=2024&page&_format=csv,https://home.treasury.gov/resource-center/data-chart-center/interest-rates/daily-treasury-rates.csv/2024/all?type=daily_treasury_real_yield_curve&field_tdr_date_value=2024&page&_format=csv
2024-09-13,3.66,1.58,2.08,10Y nominal Treasury par yield - 10Y TIPS par real yield,https://home.treasury.gov/resource-center/data-chart-center/interest-rates/daily-treasury-rates.csv/2024/all?type=daily_treasury_yield_curve&field_tdr_date_value=2024&page&_format=csv,https://home.treasury.gov/resource-center/data-chart-center/interest-rates/daily-treasury-rates.csv/2024/all?type=daily_treasury_real_yield_curve&field_tdr_date_value=2024&page&_format=csv
2024-09-16,3.63,1.54,2.09,10Y nominal Treasury par yield - 10Y TIPS par real yield,https://home.treasury.gov/resource-center/data-chart-center/interest-rates/daily-treasury-rates.csv/2024/all?type=daily_treasury_yield_curve&field_tdr_date_value=2024&page&_format=csv,https://home.treasury.gov/resource-center/data-chart-center/interest-rates/daily-treasury-rates.csv/2024/all?type=daily_treasury_real_yield_curve&field_tdr_date_value=2024&page&_format=csv
2024-09-17,3.65,1.53,2.12,10Y nominal Treasury par yield - 10Y TIPS par real yield,https://home.treasury.gov/resource-center/data-chart-center/interest-rates/daily-treasury-rates.csv/2024/all?type=daily_treasury_yield_curve&field_tdr_date_value=2024&page&_format=csv,https://home.treasury.gov/resource-center/data-chart-center/interest-rates/daily-treasury-rates.csv/2024/all?type=daily_treasury_real_yield_curve&field_tdr_date_value=2024&page&_format=csv
2024-09-18,3.70,1.58,2.12,10Y nominal Treasury par yield - 10Y TIPS par real yield,https://home.treasury.gov/resource-center/data-chart-center/interest-rates/daily-treasury-rates.csv/2024/all?type=daily_treasury_yield_curve&field_tdr_date_value=2024&page&_format=csv,https://home.treasury.gov/resource-center/data-chart-center/interest-rates/daily-treasury-rates.csv/2024/all?type=daily_treasury_real_yield_curve&field_tdr_date_value=2024&page&_format=csv
2024-09-19,3.73,1.56,2.17,10Y nominal Treasury par yield - 10Y TIPS par real yield,https://home.treasury.gov/resource-center/data-chart-center/interest-rates/daily-treasury-rates.csv/2024/all?type=daily_treasury_yield_curve&field_tdr_date_value=2024&page&_format=csv,https://home.treasury.gov/resource-center/data-chart-center/interest-rates/daily-treasury-rates.csv/2024/all?type=daily_treasury_real_yield_curve&field_tdr_date_value=2024&page&_format=csv
2024-09-20,3.73,1.58,2.15,10Y nominal Treasury par yield - 10Y TIPS par real yield,https://home.treasury.gov/resource-center/data-chart-center/interest-rates/daily-treasury-rates.csv/2024/all?type=daily_treasury_yield_curve&field_tdr_date_value=2024&page&_format=csv,https://home.treasury.gov/resource-center/data-chart-center/interest-rates/daily-treasury-rates.csv/2024/all?type=daily_treasury_real_yield_curve&field_tdr_date_value=2024&page&_format=csv
2024-09-23,3.75,1.58,2.17,10Y nominal Treasury par yield - 10Y TIPS par real yield,https://home.treasury.gov/resource-center/data-chart-center/interest-rates/daily-treasury-rates.csv/2024/all?type=daily_treasury_yield_curve&field_tdr_date_value=2024&page&_format=csv,https://home.treasury.gov/resource-center/data-chart-center/interest-rates/daily-treasury-rates.csv/2024/all?type=daily_treasury_real_yield_curve&field_tdr_date_value=2024&page&_format=csv
2024-09-24,3.74,1.55,2.19,10Y nominal Treasury par yield - 10Y TIPS par real yield,https://home.treasury.gov/resource-center/data-chart-center/interest-rates/daily-treasury-rates.csv/2024/all?type=daily_treasury_yield_curve&field_tdr_date_value=2024&page&_format=csv,https://home.treasury.gov/resource-center/data-chart-center/interest-rates/daily-treasury-rates.csv/2024/all?type=daily_treasury_real_yield_curve&field_tdr_date_value=2024&page&_format=csv
2024-09-25,3.79,1.61,2.18,10Y nominal Treasury par yield - 10Y TIPS par real yield,https://home.treasury.gov/resource-center/data-chart-center/interest-rates/daily-treasury-rates.csv/2024/all?type=daily_treasury_yield_curve&field_tdr_date_value=2024&page&_format=csv,https://home.treasury.gov/resource-center/data-chart-center/interest-rates/daily-treasury-rates.csv/2024/all?type=daily_treasury_real_yield_curve&field_tdr_date_value=2024&page&_format=csv
2024-09-26,3.79,1.63,2.16,10Y nominal Treasury par yield - 10Y TIPS par real yield,https://home.treasury.gov/resource-center/data-chart-center/interest-rates/daily-treasury-rates.csv/2024/all?type=daily_treasury_yield_curve&field_tdr_date_value=2024&page&_format=csv,https://home.treasury.gov/resource-center/data-chart-center/interest-rates/daily-treasury-rates.csv/2024/all?type=daily_treasury_real_yield_curve&field_tdr_date_value=2024&page&_format=csv
2024-09-27,3.75,1.60,2.15,10Y nominal Treasury par yield - 10Y TIPS par real yield,https://home.treasury.gov/resource-center/data-chart-center/interest-rates/daily-treasury-rates.csv/2024/all?type=daily_treasury_yield_curve&field_tdr_date_value=2024&page&_format=csv,https://home.treasury.gov/resource-center/data-chart-center/interest-rates/daily-treasury-rates.csv/2024/all?type=daily_treasury_real_yield_curve&field_tdr_date_value=2024&page&_format=csv
2024-09-30,3.81,1.63,2.18,10Y nominal Treasury par yield - 10Y TIPS par real yield,https://home.treasury.gov/resource-center/data-chart-center/interest-rates/daily-treasury-rates.csv/2024/all?type=daily_treasury_yield_curve&field_tdr_date_value=2024&page&_format=csv,https://home.treasury.gov/resource-center/data-chart-center/interest-rates/daily-treasury-rates.csv/2024/all?type=daily_treasury_real_yield_curve&field_tdr_date_value=2024&page&_format=csv
2024-10-01,3.74,1.55,2.19,10Y nominal Treasury par yield - 10Y TIPS par real yield,https://home.treasury.gov/resource-center/data-chart-center/interest-rates/daily-treasury-rates.csv/2024/all?type=daily_treasury_yield_curve&field_tdr_date_value=2024&page&_format=csv,https://home.treasury.gov/resource-center/data-chart-center/interest-rates/daily-treasury-rates.csv/2024/all?type=daily_treasury_real_yield_curve&field_tdr_date_value=2024&page&_format=csv
2024-10-02,3.79,1.58,2.21,10Y nominal Treasury par yield - 10Y TIPS par real yield,https://home.treasury.gov/resource-center/data-chart-center/interest-rates/daily-treasury-rates.csv/2024/all?type=daily_treasury_yield_curve&field_tdr_date_value=2024&page&_format=csv,https://home.treasury.gov/resource-center/data-chart-center/interest-rates/daily-treasury-rates.csv/2024/all?type=daily_treasury_real_yield_curve&field_tdr_date_value=2024&page&_format=csv
2024-10-03,3.85,1.64,2.21,10Y nominal Treasury par yield - 10Y TIPS par real yield,https://home.treasury.gov/resource-center/data-chart-center/interest-rates/daily-treasury-rates.csv/2024/all?type=daily_treasury_yield_curve&field_tdr_date_value=2024&page&_format=csv,https://home.treasury.gov/resource-center/data-chart-center/interest-rates/daily-treasury-rates.csv/2024/all?type=daily_treasury_real_yield_curve&field_tdr_date_value=2024&page&_format=csv
2024-10-04,3.98,1.75,2.23,10Y nominal Treasury par yield - 10Y TIPS par real yield,https://home.treasury.gov/resource-center/data-chart-center/interest-rates/daily-treasury-rates.csv/2024/all?type=daily_treasury_yield_curve&field_tdr_date_value=2024&page&_format=csv,https://home.treasury.gov/resource-center/data-chart-center/interest-rates/daily-treasury-rates.csv/2024/all?type=daily_treasury_real_yield_curve&field_tdr_date_value=2024&page&_format=csv
2024-10-07,4.03,1.76,2.27,10Y nominal Treasury par yield - 10Y TIPS par real yield,https://home.treasury.gov/resource-center/data-chart-center/interest-rates/daily-treasury-rates.csv/2024/all?type=daily_treasury_yield_curve&field_tdr_date_value=2024&page&_format=csv,https://home.treasury.gov/resource-center/data-chart-center/interest-rates/daily-treasury-rates.csv/2024/all?type=daily_treasury_real_yield_curve&field_tdr_date_value=2024&page&_format=csv
2024-10-08,4.04,1.77,2.27,10Y nominal Treasury par yield - 10Y TIPS par real yield,https://home.treasury.gov/resource-center/data-chart-center/interest-rates/daily-treasury-rates.csv/2024/all?type=daily_treasury_yield_curve&field_tdr_date_value=2024&page&_format=csv,https://home.treasury.gov/resource-center/data-chart-center/interest-rates/daily-treasury-rates.csv/2024/all?type=daily_treasury_real_yield_curve&field_tdr_date_value=2024&page&_format=csv
2024-10-09,4.06,1.77,2.29,10Y nominal Treasury par yield - 10Y TIPS par real yield,https://home.treasury.gov/resource-center/data-chart-center/interest-rates/daily-treasury-rates.csv/2024/all?type=daily_treasury_yield_curve&field_tdr_date_value=2024&page&_format=csv,https://home.treasury.gov/resource-center/data-chart-center/interest-rates/daily-treasury-rates.csv/2024/all?type=daily_treasury_real_yield_curve&field_tdr_date_value=2024&page&_format=csv
2024-10-10,4.09,1.76,2.33,10Y nominal Treasury par yield - 10Y TIPS par real yield,https://home.treasury.gov/resource-center/data-chart-center/interest-rates/daily-treasury-rates.csv/2024/all?type=daily_treasury_yield_curve&field_tdr_date_value=2024&page&_format=csv,https://home.treasury.gov/resource-center/data-chart-center/interest-rates/daily-treasury-rates.csv/2024/all?type=daily_treasury_real_yield_curve&field_tdr_date_value=2024&page&_format=csv
2024-10-11,4.08,1.75,2.33,10Y nominal Treasury par yield - 10Y TIPS par real yield,https://home.treasury.gov/resource-center/data-chart-center/interest-rates/daily-treasury-rates.csv/2024/all?type=daily_treasury_yield_curve&field_tdr_date_value=2024&page&_format=csv,https://home.treasury.gov/resource-center/data-chart-center/interest-rates/daily-treasury-rates.csv/2024/all?type=daily_treasury_real_yield_curve&field_tdr_date_value=2024&page&_format=csv
2024-10-15,4.03,1.75,2.28,10Y nominal Treasury par yield - 10Y TIPS par real yield,https://home.treasury.gov/resource-center/data-chart-center/interest-rates/daily-treasury-rates.csv/2024/all?type=daily_treasury_yield_curve&field_tdr_date_value=2024&page&_format=csv,https://home.treasury.gov/resource-center/data-chart-center/interest-rates/daily-treasury-rates.csv/2024/all?type=daily_treasury_real_yield_curve&field_tdr_date_value=2024&page&_format=csv
2024-10-16,4.02,1.75,2.27,10Y nominal Treasury par yield - 10Y TIPS par real yield,https://home.treasury.gov/resource-center/data-chart-center/interest-rates/daily-treasury-rates.csv/2024/all?type=daily_treasury_yield_curve&field_tdr_date_value=2024&page&_format=csv,https://home.treasury.gov/resource-center/data-chart-center/interest-rates/daily-treasury-rates.csv/2024/all?type=daily_treasury_real_yield_curve&field_tdr_date_value=2024&page&_format=csv
2024-10-17,4.09,1.79,2.30,10Y nominal Treasury par yield - 10Y TIPS par real yield,https://home.treasury.gov/resource-center/data-chart-center/interest-rates/daily-treasury-rates.csv/2024/all?type=daily_treasury_yield_curve&field_tdr_date_value=2024&page&_format=csv,https://home.treasury.gov/resource-center/data-chart-center/interest-rates/daily-treasury-rates.csv/2024/all?type=daily_treasury_real_yield_curve&field_tdr_date_value=2024&page&_format=csv
2024-10-18,4.08,1.77,2.31,10Y nominal Treasury par yield - 10Y TIPS par real yield,https://home.treasury.gov/resource-center/data-chart-center/interest-rates/daily-treasury-rates.csv/2024/all?type=daily_treasury_yield_curve&field_tdr_date_value=2024&page&_format=csv,https://home.treasury.gov/resource-center/data-chart-center/interest-rates/daily-treasury-rates.csv/2024/all?type=daily_treasury_real_yield_curve&field_tdr_date_value=2024&page&_format=csv
2024-10-21,4.19,1.88,2.31,10Y nominal Treasury par yield - 10Y TIPS par real yield,https://home.treasury.gov/resource-center/data-chart-center/interest-rates/daily-treasury-rates.csv/2024/all?type=daily_treasury_yield_curve&field_tdr_date_value=2024&page&_format=csv,https://home.treasury.gov/resource-center/data-chart-center/interest-rates/daily-treasury-rates.csv/2024/all?type=daily_treasury_real_yield_curve&field_tdr_date_value=2024&page&_format=csv
2024-10-22,4.20,1.87,2.33,10Y nominal Treasury par yield - 10Y TIPS par real yield,https://home.treasury.gov/resource-center/data-chart-center/interest-rates/daily-treasury-rates.csv/2024/all?type=daily_treasury_yield_curve&field_tdr_date_value=2024&page&_format=csv,https://home.treasury.gov/resource-center/data-chart-center/interest-rates/daily-treasury-rates.csv/2024/all?type=daily_treasury_real_yield_curve&field_tdr_date_value=2024&page&_format=csv
2024-10-23,4.24,1.93,2.31,10Y nominal Treasury par yield - 10Y TIPS par real yield,https://home.treasury.gov/resource-center/data-chart-center/interest-rates/daily-treasury-rates.csv/2024/all?type=daily_treasury_yield_curve&field_tdr_date_value=2024&page&_format=csv,https://home.treasury.gov/resource-center/data-chart-center/interest-rates/daily-treasury-rates.csv/2024/all?type=daily_treasury_real_yield_curve&field_tdr_date_value=2024&page&_format=csv
2024-10-24,4.21,1.91,2.30,10Y nominal Treasury par yield - 10Y TIPS par real yield,https://home.treasury.gov/resource-center/data-chart-center/interest-rates/daily-treasury-rates.csv/2024/all?type=daily_treasury_yield_curve&field_tdr_date_value=2024&page&_format=csv,https://home.treasury.gov/resource-center/data-chart-center/interest-rates/daily-treasury-rates.csv/2024/all?type=daily_treasury_real_yield_curve&field_tdr_date_value=2024&page&_format=csv
2024-10-25,4.25,1.96,2.29,10Y nominal Treasury par yield - 10Y TIPS par real yield,https://home.treasury.gov/resource-center/data-chart-center/interest-rates/daily-treasury-rates.csv/2024/all?type=daily_treasury_yield_curve&field_tdr_date_value=2024&page&_format=csv,https://home.treasury.gov/resource-center/data-chart-center/interest-rates/daily-treasury-rates.csv/2024/all?type=daily_treasury_real_yield_curve&field_tdr_date_value=2024&page&_format=csv
2024-10-28,4.28,1.99,2.29,10Y nominal Treasury par yield - 10Y TIPS par real yield,https://home.treasury.gov/resource-center/data-chart-center/interest-rates/daily-treasury-rates.csv/2024/all?type=daily_treasury_yield_curve&field_tdr_date_value=2024&page&_format=csv,https://home.treasury.gov/resource-center/data-chart-center/interest-rates/daily-treasury-rates.csv/2024/all?type=daily_treasury_real_yield_curve&field_tdr_date_value=2024&page&_format=csv
2024-10-29,4.28,1.98,2.30,10Y nominal Treasury par yield - 10Y TIPS par real yield,https://home.treasury.gov/resource-center/data-chart-center/interest-rates/daily-treasury-rates.csv/2024/all?type=daily_treasury_yield_curve&field_tdr_date_value=2024&page&_format=csv,https://home.treasury.gov/resource-center/data-chart-center/interest-rates/daily-treasury-rates.csv/2024/all?type=daily_treasury_real_yield_curve&field_tdr_date_value=2024&page&_format=csv
2024-10-30,4.29,1.95,2.34,10Y nominal Treasury par yield - 10Y TIPS par real yield,https://home.treasury.gov/resource-center/data-chart-center/interest-rates/daily-treasury-rates.csv/2024/all?type=daily_treasury_yield_curve&field_tdr_date_value=2024&page&_format=csv,https://home.treasury.gov/resource-center/data-chart-center/interest-rates/daily-treasury-rates.csv/2024/all?type=daily_treasury_real_yield_curve&field_tdr_date_value=2024&page&_format=csv
2024-10-31,4.28,1.95,2.33,10Y nominal Treasury par yield - 10Y TIPS par real yield,https://home.treasury.gov/resource-center/data-chart-center/interest-rates/daily-treasury-rates.csv/2024/all?type=daily_treasury_yield_curve&field_tdr_date_value=2024&page&_format=csv,https://home.treasury.gov/resource-center/data-chart-center/interest-rates/daily-treasury-rates.csv/2024/all?type=daily_treasury_real_yield_curve&field_tdr_date_value=2024&page&_format=csv
2024-11-01,4.37,2.04,2.33,10Y nominal Treasury par yield - 10Y TIPS par real yield,https://home.treasury.gov/resource-center/data-chart-center/interest-rates/daily-treasury-rates.csv/2024/all?type=daily_treasury_yield_curve&field_tdr_date_value=2024&page&_format=csv,https://home.treasury.gov/resource-center/data-chart-center/interest-rates/daily-treasury-rates.csv/2024/all?type=daily_treasury_real_yield_curve&field_tdr_date_value=2024&page&_format=csv
2024-11-04,4.31,2.03,2.28,10Y nominal Treasury par yield - 10Y TIPS par real yield,https://home.treasury.gov/resource-center/data-chart-center/interest-rates/daily-treasury-rates.csv/2024/all?type=daily_treasury_yield_curve&field_tdr_date_value=2024&page&_format=csv,https://home.treasury.gov/resource-center/data-chart-center/interest-rates/daily-treasury-rates.csv/2024/all?type=daily_treasury_real_yield_curve&field_tdr_date_value=2024&page&_format=csv
2024-11-05,4.26,1.99,2.27,10Y nominal Treasury par yield - 10Y TIPS par real yield,https://home.treasury.gov/resource-center/data-chart-center/interest-rates/daily-treasury-rates.csv/2024/all?type=daily_treasury_yield_curve&field_tdr_date_value=2024&page&_format=csv,https://home.treasury.gov/resource-center/data-chart-center/interest-rates/daily-treasury-rates.csv/2024/all?type=daily_treasury_real_yield_curve&field_tdr_date_value=2024&page&_format=csv
2024-11-06,4.42,2.04,2.38,10Y nominal Treasury par yield - 10Y TIPS par real yield,https://home.treasury.gov/resource-center/data-chart-center/interest-rates/daily-treasury-rates.csv/2024/all?type=daily_treasury_yield_curve&field_tdr_date_value=2024&page&_format=csv,https://home.treasury.gov/resource-center/data-chart-center/interest-rates/daily-treasury-rates.csv/2024/all?type=daily_treasury_real_yield_curve&field_tdr_date_value=2024&page&_format=csv
2024-11-07,4.31,1.98,2.33,10Y nominal Treasury par yield - 10Y TIPS par real yield,https://home.treasury.gov/resource-center/data-chart-center/interest-rates/daily-treasury-rates.csv/2024/all?type=daily_treasury_yield_curve&field_tdr_date_value=2024&page&_format=csv,https://home.treasury.gov/resource-center/data-chart-center/interest-rates/daily-treasury-rates.csv/2024/all?type=daily_treasury_real_yield_curve&field_tdr_date_value=2024&page&_format=csv
2024-11-08,4.30,1.95,2.35,10Y nominal Treasury par yield - 10Y TIPS par real yield,https://home.treasury.gov/resource-center/data-chart-center/interest-rates/daily-treasury-rates.csv/2024/all?type=daily_treasury_yield_curve&field_tdr_date_value=2024&page&_format=csv,https://home.treasury.gov/resource-center/data-chart-center/interest-rates/daily-treasury-rates.csv/2024/all?type=daily_treasury_real_yield_curve&field_tdr_date_value=2024&page&_format=csv
2024-11-12,4.43,2.08,2.35,10Y nominal Treasury par yield - 10Y TIPS par real yield,https://home.treasury.gov/resource-center/data-chart-center/interest-rates/daily-treasury-rates.csv/2024/all?type=daily_treasury_yield_curve&field_tdr_date_value=2024&page&_format=csv,https://home.treasury.gov/resource-center/data-chart-center/interest-rates/daily-treasury-rates.csv/2024/all?type=daily_treasury_real_yield_curve&field_tdr_date_value=2024&page&_format=csv
2024-11-13,4.44,2.09,2.35,10Y nominal Treasury par yield - 10Y TIPS par real yield,https://home.treasury.gov/resource-center/data-chart-center/interest-rates/daily-treasury-rates.csv/2024/all?type=daily_treasury_yield_curve&field_tdr_date_value=2024&page&_format=csv,https://home.treasury.gov/resource-center/data-chart-center/interest-rates/daily-treasury-rates.csv/2024/all?type=daily_treasury_real_yield_curve&field_tdr_date_value=2024&page&_format=csv
2024-11-14,4.43,2.10,2.33,10Y nominal Treasury par yield - 10Y TIPS par real yield,https://home.treasury.gov/resource-center/data-chart-center/interest-rates/daily-treasury-rates.csv/2024/all?type=daily_treasury_yield_curve&field_tdr_date_value=2024&page&_format=csv,https://home.treasury.gov/resource-center/data-chart-center/interest-rates/daily-treasury-rates.csv/2024/all?type=daily_treasury_real_yield_curve&field_tdr_date_value=2024&page&_format=csv
2024-11-15,4.43,2.10,2.33,10Y nominal Treasury par yield - 10Y TIPS par real yield,https://home.treasury.gov/resource-center/data-chart-center/interest-rates/daily-treasury-rates.csv/2024/all?type=daily_treasury_yield_curve&field_tdr_date_value=2024&page&_format=csv,https://home.treasury.gov/resource-center/data-chart-center/interest-rates/daily-treasury-rates.csv/2024/all?type=daily_treasury_real_yield_curve&field_tdr_date_value=2024&page&_format=csv
2024-11-18,4.42,2.08,2.34,10Y nominal Treasury par yield - 10Y TIPS par real yield,https://home.treasury.gov/resource-center/data-chart-center/interest-rates/daily-treasury-rates.csv/2024/all?type=daily_treasury_yield_curve&field_tdr_date_value=2024&page&_format=csv,https://home.treasury.gov/resource-center/data-chart-center/interest-rates/daily-treasury-rates.csv/2024/all?type=daily_treasury_real_yield_curve&field_tdr_date_value=2024&page&_format=csv
2024-11-19,4.39,2.05,2.34,10Y nominal Treasury par yield - 10Y TIPS par real yield,https://home.treasury.gov/resource-center/data-chart-center/interest-rates/daily-treasury-rates.csv/2024/all?type=daily_treasury_yield_curve&field_tdr_date_value=2024&page&_format=csv,https://home.treasury.gov/resource-center/data-chart-center/interest-rates/daily-treasury-rates.csv/2024/all?type=daily_treasury_real_yield_curve&field_tdr_date_value=2024&page&_format=csv
2024-11-20,4.41,2.06,2.35,10Y nominal Treasury par yield - 10Y TIPS par real yield,https://home.treasury.gov/resource-center/data-chart-center/interest-rates/daily-treasury-rates.csv/2024/all?type=daily_treasury_yield_curve&field_tdr_date_value=2024&page&_format=csv,https://home.treasury.gov/resource-center/data-chart-center/interest-rates/daily-treasury-rates.csv/2024/all?type=daily_treasury_real_yield_curve&field_tdr_date_value=2024&page&_format=csv
2024-11-21,4.43,2.09,2.34,10Y nominal Treasury par yield - 10Y TIPS par real yield,https://home.treasury.gov/resource-center/data-chart-center/interest-rates/daily-treasury-rates.csv/2024/all?type=daily_treasury_yield_curve&field_tdr_date_value=2024&page&_format=csv,https://home.treasury.gov/resource-center/data-chart-center/interest-rates/daily-treasury-rates.csv/2024/all?type=daily_treasury_real_yield_curve&field_tdr_date_value=2024&page&_format=csv
2024-11-22,4.41,2.07,2.34,10Y nominal Treasury par yield - 10Y TIPS par real yield,https://home.treasury.gov/resource-center/data-chart-center/interest-rates/daily-treasury-rates.csv/2024/all?type=daily_treasury_yield_curve&field_tdr_date_value=2024&page&_format=csv,https://home.treasury.gov/resource-center/data-chart-center/interest-rates/daily-treasury-rates.csv/2024/all?type=daily_treasury_real_yield_curve&field_tdr_date_value=2024&page&_format=csv
2024-11-25,4.27,1.98,2.29,10Y nominal Treasury par yield - 10Y TIPS par real yield,https://home.treasury.gov/resource-center/data-chart-center/interest-rates/daily-treasury-rates.csv/2024/all?type=daily_treasury_yield_curve&field_tdr_date_value=2024&page&_format=csv,https://home.treasury.gov/resource-center/data-chart-center/interest-rates/daily-treasury-rates.csv/2024/all?type=daily_treasury_real_yield_curve&field_tdr_date_value=2024&page&_format=csv
2024-11-26,4.30,2.02,2.28,10Y nominal Treasury par yield - 10Y TIPS par real yield,https://home.treasury.gov/resource-center/data-chart-center/interest-rates/daily-treasury-rates.csv/2024/all?type=daily_treasury_yield_curve&field_tdr_date_value=2024&page&_format=csv,https://home.treasury.gov/resource-center/data-chart-center/interest-rates/daily-treasury-rates.csv/2024/all?type=daily_treasury_real_yield_curve&field_tdr_date_value=2024&page&_format=csv
2024-11-27,4.25,1.99,2.26,10Y nominal Treasury par yield - 10Y TIPS par real yield,https://home.treasury.gov/resource-center/data-chart-center/interest-rates/daily-treasury-rates.csv/2024/all?type=daily_treasury_yield_curve&field_tdr_date_value=2024&page&_format=csv,https://home.treasury.gov/resource-center/data-chart-center/interest-rates/daily-treasury-rates.csv/2024/all?type=daily_treasury_real_yield_curve&field_tdr_date_value=2024&page&_format=csv
2024-11-29,4.18,1.92,2.26,10Y nominal Treasury par yield - 10Y TIPS par real yield,https://home.treasury.gov/resource-center/data-chart-center/interest-rates/daily-treasury-rates.csv/2024/all?type=daily_treasury_yield_curve&field_tdr_date_value=2024&page&_format=csv,https://home.treasury.gov/resource-center/data-chart-center/interest-rates/daily-treasury-rates.csv/2024/all?type=daily_treasury_real_yield_curve&field_tdr_date_value=2024&page&_format=csv
2024-12-02,4.19,1.93,2.26,10Y nominal Treasury par yield - 10Y TIPS par real yield,https://home.treasury.gov/resource-center/data-chart-center/interest-rates/daily-treasury-rates.csv/2024/all?type=daily_treasury_yield_curve&field_tdr_date_value=2024&page&_format=csv,https://home.treasury.gov/resource-center/data-chart-center/interest-rates/daily-treasury-rates.csv/2024/all?type=daily_treasury_real_yield_curve&field_tdr_date_value=2024&page&_format=csv
2024-12-03,4.23,1.95,2.28,10Y nominal Treasury par yield - 10Y TIPS par real yield,https://home.treasury.gov/resource-center/data-chart-center/interest-rates/daily-treasury-rates.csv/2024/all?type=daily_treasury_yield_curve&field_tdr_date_value=2024&page&_format=csv,https://home.treasury.gov/resource-center/data-chart-center/interest-rates/daily-treasury-rates.csv/2024/all?type=daily_treasury_real_yield_curve&field_tdr_date_value=2024&page&_format=csv
2024-12-04,4.19,1.90,2.29,10Y nominal Treasury par yield - 10Y TIPS par real yield,https://home.treasury.gov/resource-center/data-chart-center/interest-rates/daily-treasury-rates.csv/2024/all?type=daily_treasury_yield_curve&field_tdr_date_value=2024&page&_format=csv,https://home.treasury.gov/resource-center/data-chart-center/interest-rates/daily-treasury-rates.csv/2024/all?type=daily_treasury_real_yield_curve&field_tdr_date_value=2024&page&_format=csv
2024-12-05,4.17,1.92,2.25,10Y nominal Treasury par yield - 10Y TIPS par real yield,https://home.treasury.gov/resource-center/data-chart-center/interest-rates/daily-treasury-rates.csv/2024/all?type=daily_treasury_yield_curve&field_tdr_date_value=2024&page&_format=csv,https://home.treasury.gov/resource-center/data-chart-center/interest-rates/daily-treasury-rates.csv/2024/all?type=daily_treasury_real_yield_curve&field_tdr_date_value=2024&page&_format=csv
2024-12-06,4.15,1.91,2.24,10Y nominal Treasury par yield - 10Y TIPS par real yield,https://home.treasury.gov/resource-center/data-chart-center/interest-rates/daily-treasury-rates.csv/2024/all?type=daily_treasury_yield_curve&field_tdr_date_value=2024&page&_format=csv,https://home.treasury.gov/resource-center/data-chart-center/interest-rates/daily-treasury-rates.csv/2024/all?type=daily_treasury_real_yield_curve&field_tdr_date_value=2024&page&_format=csv
2024-12-09,4.20,1.93,2.27,10Y nominal Treasury par yield - 10Y TIPS par real yield,https://home.treasury.gov/resource-center/data-chart-center/interest-rates/daily-treasury-rates.csv/2024/all?type=daily_treasury_yield_curve&field_tdr_date_value=2024&page&_format=csv,https://home.treasury.gov/resource-center/data-chart-center/interest-rates/daily-treasury-rates.csv/2024/all?type=daily_treasury_real_yield_curve&field_tdr_date_value=2024&page&_format=csv
2024-12-10,4.22,1.93,2.29,10Y nominal Treasury par yield - 10Y TIPS par real yield,https://home.treasury.gov/resource-center/data-chart-center/interest-rates/daily-treasury-rates.csv/2024/all?type=daily_treasury_yield_curve&field_tdr_date_value=2024&page&_format=csv,https://home.treasury.gov/resource-center/data-chart-center/interest-rates/daily-treasury-rates.csv/2024/all?type=daily_treasury_real_yield_curve&field_tdr_date_value=2024&page&_format=csv
2024-12-11,4.26,1.96,2.30,10Y nominal Treasury par yield - 10Y TIPS par real yield,https://home.treasury.gov/resource-center/data-chart-center/interest-rates/daily-treasury-rates.csv/2024/all?type=daily_treasury_yield_curve&field_tdr_date_value=2024&page&_format=csv,https://home.treasury.gov/resource-center/data-chart-center/interest-rates/daily-treasury-rates.csv/2024/all?type=daily_treasury_real_yield_curve&field_tdr_date_value=2024&page&_format=csv
2024-12-12,4.32,2.00,2.32,10Y nominal Treasury par yield - 10Y TIPS par real yield,https://home.treasury.gov/resource-center/data-chart-center/interest-rates/daily-treasury-rates.csv/2024/all?type=daily_treasury_yield_curve&field_tdr_date_value=2024&page&_format=csv,https://home.treasury.gov/resource-center/data-chart-center/interest-rates/daily-treasury-rates.csv/2024/all?type=daily_treasury_real_yield_curve&field_tdr_date_value=2024&page&_format=csv
2024-12-13,4.40,2.07,2.33,10Y nominal Treasury par yield - 10Y TIPS par real yield,https://home.treasury.gov/resource-center/data-chart-center/interest-rates/daily-treasury-rates.csv/2024/all?type=daily_treasury_yield_curve&field_tdr_date_value=2024&page&_format=csv,https://home.treasury.gov/resource-center/data-chart-center/interest-rates/daily-treasury-rates.csv/2024/all?type=daily_treasury_real_yield_curve&field_tdr_date_value=2024&page&_format=csv
2024-12-16,4.39,2.07,2.32,10Y nominal Treasury par yield - 10Y TIPS par real yield,https://home.treasury.gov/resource-center/data-chart-center/interest-rates/daily-treasury-rates.csv/2024/all?type=daily_treasury_yield_curve&field_tdr_date_value=2024&page&_format=csv,https://home.treasury.gov/resource-center/data-chart-center/interest-rates/daily-treasury-rates.csv/2024/all?type=daily_treasury_real_yield_curve&field_tdr_date_value=2024&page&_format=csv
2024-12-17,4.40,2.09,2.31,10Y nominal Treasury par yield - 10Y TIPS par real yield,https://home.treasury.gov/resource-center/data-chart-center/interest-rates/daily-treasury-rates.csv/2024/all?type=daily_treasury_yield_curve&field_tdr_date_value=2024&page&_format=csv,https://home.treasury.gov/resource-center/data-chart-center/interest-rates/daily-treasury-rates.csv/2024/all?type=daily_treasury_real_yield_curve&field_tdr_date_value=2024&page&_format=csv
2024-12-18,4.50,2.18,2.32,10Y nominal Treasury par yield - 10Y TIPS par real yield,https://home.treasury.gov/resource-center/data-chart-center/interest-rates/daily-treasury-rates.csv/2024/all?type=daily_treasury_yield_curve&field_tdr_date_value=2024&page&_format=csv,https://home.treasury.gov/resource-center/data-chart-center/interest-rates/daily-treasury-rates.csv/2024/all?type=daily_treasury_real_yield_curve&field_tdr_date_value=2024&page&_format=csv
2024-12-19,4.57,2.28,2.29,10Y nominal Treasury par yield - 10Y TIPS par real yield,https://home.treasury.gov/resource-center/data-chart-center/interest-rates/daily-treasury-rates.csv/2024/all?type=daily_treasury_yield_curve&field_tdr_date_value=2024&page&_format=csv,https://home.treasury.gov/resource-center/data-chart-center/interest-rates/daily-treasury-rates.csv/2024/all?type=daily_treasury_real_yield_curve&field_tdr_date_value=2024&page&_format=csv
2024-12-20,4.52,2.23,2.29,10Y nominal Treasury par yield - 10Y TIPS par real yield,https://home.treasury.gov/resource-center/data-chart-center/interest-rates/daily-treasury-rates.csv/2024/all?type=daily_treasury_yield_curve&field_tdr_date_value=2024&page&_format=csv,https://home.treasury.gov/resource-center/data-chart-center/interest-rates/daily-treasury-rates.csv/2024/all?type=daily_treasury_real_yield_curve&field_tdr_date_value=2024&page&_format=csv
2024-12-23,4.59,2.27,2.32,10Y nominal Treasury par yield - 10Y TIPS par real yield,https://home.treasury.gov/resource-center/data-chart-center/interest-rates/daily-treasury-rates.csv/2024/all?type=daily_treasury_yield_curve&field_tdr_date_value=2024&page&_format=csv,https://home.treasury.gov/resource-center/data-chart-center/interest-rates/daily-treasury-rates.csv/2024/all?type=daily_treasury_real_yield_curve&field_tdr_date_value=2024&page&_format=csv
2024-12-24,4.59,2.24,2.35,10Y nominal Treasury par yield - 10Y TIPS par real yield,https://home.treasury.gov/resource-center/data-chart-center/interest-rates/daily-treasury-rates.csv/2024/all?type=daily_treasury_yield_curve&field_tdr_date_value=2024&page&_format=csv,https://home.treasury.gov/resource-center/data-chart-center/interest-rates/daily-treasury-rates.csv/2024/all?type=daily_treasury_real_yield_curve&field_tdr_date_value=2024&page&_format=csv
2024-12-26,4.58,2.23,2.35,10Y nominal Treasury par yield - 10Y TIPS par real yield,https://home.treasury.gov/resource-center/data-chart-center/interest-rates/daily-treasury-rates.csv/2024/all?type=daily_treasury_yield_curve&field_tdr_date_value=2024&page&_format=csv,https://home.treasury.gov/resource-center/data-chart-center/interest-rates/daily-treasury-rates.csv/2024/all?type=daily_treasury_real_yield_curve&field_tdr_date_value=2024&page&_format=csv
2024-12-27,4.62,2.28,2.34,10Y nominal Treasury par yield - 10Y TIPS par real yield,https://home.treasury.gov/resource-center/data-chart-center/interest-rates/daily-treasury-rates.csv/2024/all?type=daily_treasury_yield_curve&field_tdr_date_value=2024&page&_format=csv,https://home.treasury.gov/resource-center/data-chart-center/interest-rates/daily-treasury-rates.csv/2024/all?type=daily_treasury_real_yield_curve&field_tdr_date_value=2024&page&_format=csv
2024-12-30,4.55,2.24,2.31,10Y nominal Treasury par yield - 10Y TIPS par real yield,https://home.treasury.gov/resource-center/data-chart-center/interest-rates/daily-treasury-rates.csv/2024/all?type=daily_treasury_yield_curve&field_tdr_date_value=2024&page&_format=csv,https://home.treasury.gov/resource-center/data-chart-center/interest-rates/daily-treasury-rates.csv/2024/all?type=daily_treasury_real_yield_curve&field_tdr_date_value=2024&page&_format=csv
2024-12-31,4.58,2.24,2.34,10Y nominal Treasury par yield - 10Y TIPS par real yield,https://home.treasury.gov/resource-center/data-chart-center/interest-rates/daily-treasury-rates.csv/2024/all?type=daily_treasury_yield_curve&field_tdr_date_value=2024&page&_format=csv,https://home.treasury.gov/resource-center/data-chart-center/interest-rates/daily-treasury-rates.csv/2024/all?type=daily_treasury_real_yield_curve&field_tdr_date_value=2024&page&_format=csv
2025-01-02,4.57,2.23,2.34,10Y nominal Treasury par yield - 10Y TIPS par real yield,https://home.treasury.gov/resource-center/data-chart-center/interest-rates/daily-treasury-rates.csv/2025/all?type=daily_treasury_yield_curve&field_tdr_date_value=2025&page&_format=csv,https://home.treasury.gov/resource-center/data-chart-center/interest-rates/daily-treasury-rates.csv/2025/all?type=daily_treasury_real_yield_curve&field_tdr_date_value=2025&page&_format=csv
2025-01-03,4.60,2.26,2.34,10Y nominal Treasury par yield - 10Y TIPS par real yield,https://home.treasury.gov/resource-center/data-chart-center/interest-rates/daily-treasury-rates.csv/2025/all?type=daily_treasury_yield_curve&field_tdr_date_value=2025&page&_format=csv,https://home.treasury.gov/resource-center/data-chart-center/interest-rates/daily-treasury-rates.csv/2025/all?type=daily_treasury_real_yield_curve&field_tdr_date_value=2025&page&_format=csv
2025-01-06,4.62,2.28,2.34,10Y nominal Treasury par yield - 10Y TIPS par real yield,https://home.treasury.gov/resource-center/data-chart-center/interest-rates/daily-treasury-rates.csv/2025/all?type=daily_treasury_yield_curve&field_tdr_date_value=2025&page&_format=csv,https://home.treasury.gov/resource-center/data-chart-center/interest-rates/daily-treasury-rates.csv/2025/all?type=daily_treasury_real_yield_curve&field_tdr_date_value=2025&page&_format=csv
2025-01-07,4.67,2.29,2.38,10Y nominal Treasury par yield - 10Y TIPS par real yield,https://home.treasury.gov/resource-center/data-chart-center/interest-rates/daily-treasury-rates.csv/2025/all?type=daily_treasury_yield_curve&field_tdr_date_value=2025&page&_format=csv,https://home.treasury.gov/resource-center/data-chart-center/interest-rates/daily-treasury-rates.csv/2025/all?type=daily_treasury_real_yield_curve&field_tdr_date_value=2025&page&_format=csv
2025-01-08,4.67,2.27,2.40,10Y nominal Treasury par yield - 10Y TIPS par real yield,https://home.treasury.gov/resource-center/data-chart-center/interest-rates/daily-treasury-rates.csv/2025/all?type=daily_treasury_yield_curve&field_tdr_date_value=2025&page&_format=csv,https://home.treasury.gov/resource-center/data-chart-center/interest-rates/daily-treasury-rates.csv/2025/all?type=daily_treasury_real_yield_curve&field_tdr_date_value=2025&page&_format=csv
2025-01-09,4.68,2.29,2.39,10Y nominal Treasury par yield - 10Y TIPS par real yield,https://home.treasury.gov/resource-center/data-chart-center/interest-rates/daily-treasury-rates.csv/2025/all?type=daily_treasury_yield_curve&field_tdr_date_value=2025&page&_format=csv,https://home.treasury.gov/resource-center/data-chart-center/interest-rates/daily-treasury-rates.csv/2025/all?type=daily_treasury_real_yield_curve&field_tdr_date_value=2025&page&_format=csv
2025-01-10,4.77,2.34,2.43,10Y nominal Treasury par yield - 10Y TIPS par real yield,https://home.treasury.gov/resource-center/data-chart-center/interest-rates/daily-treasury-rates.csv/2025/all?type=daily_treasury_yield_curve&field_tdr_date_value=2025&page&_format=csv,https://home.treasury.gov/resource-center/data-chart-center/interest-rates/daily-treasury-rates.csv/2025/all?type=daily_treasury_real_yield_curve&field_tdr_date_value=2025&page&_format=csv
2025-01-13,4.79,2.34,2.45,10Y nominal Treasury par yield - 10Y TIPS par real yield,https://home.treasury.gov/resource-center/data-chart-center/interest-rates/daily-treasury-rates.csv/2025/all?type=daily_treasury_yield_curve&field_tdr_date_value=2025&page&_format=csv,https://home.treasury.gov/resource-center/data-chart-center/interest-rates/daily-treasury-rates.csv/2025/all?type=daily_treasury_real_yield_curve&field_tdr_date_value=2025&page&_format=csv
2025-01-14,4.78,2.34,2.44,10Y nominal Treasury par yield - 10Y TIPS par real yield,https://home.treasury.gov/resource-center/data-chart-center/interest-rates/daily-treasury-rates.csv/2025/all?type=daily_treasury_yield_curve&field_tdr_date_value=2025&page&_format=csv,https://home.treasury.gov/resource-center/data-chart-center/interest-rates/daily-treasury-rates.csv/2025/all?type=daily_treasury_real_yield_curve&field_tdr_date_value=2025&page&_format=csv
2025-01-15,4.66,2.24,2.42,10Y nominal Treasury par yield - 10Y TIPS par real yield,https://home.treasury.gov/resource-center/data-chart-center/interest-rates/daily-treasury-rates.csv/2025/all?type=daily_treasury_yield_curve&field_tdr_date_value=2025&page&_format=csv,https://home.treasury.gov/resource-center/data-chart-center/interest-rates/daily-treasury-rates.csv/2025/all?type=daily_treasury_real_yield_curve&field_tdr_date_value=2025&page&_format=csv
2025-01-16,4.61,2.19,2.42,10Y nominal Treasury par yield - 10Y TIPS par real yield,https://home.treasury.gov/resource-center/data-chart-center/interest-rates/daily-treasury-rates.csv/2025/all?type=daily_treasury_yield_curve&field_tdr_date_value=2025&page&_format=csv,https://home.treasury.gov/resource-center/data-chart-center/interest-rates/daily-treasury-rates.csv/2025/all?type=daily_treasury_real_yield_curve&field_tdr_date_value=2025&page&_format=csv
2025-01-17,4.61,2.20,2.41,10Y nominal Treasury par yield - 10Y TIPS par real yield,https://home.treasury.gov/resource-center/data-chart-center/interest-rates/daily-treasury-rates.csv/2025/all?type=daily_treasury_yield_curve&field_tdr_date_value=2025&page&_format=csv,https://home.treasury.gov/resource-center/data-chart-center/interest-rates/daily-treasury-rates.csv/2025/all?type=daily_treasury_real_yield_curve&field_tdr_date_value=2025&page&_format=csv
2025-01-21,4.57,2.19,2.38,10Y nominal Treasury par yield - 10Y TIPS par real yield,https://home.treasury.gov/resource-center/data-chart-center/interest-rates/daily-treasury-rates.csv/2025/all?type=daily_treasury_yield_curve&field_tdr_date_value=2025&page&_format=csv,https://home.treasury.gov/resource-center/data-chart-center/interest-rates/daily-treasury-rates.csv/2025/all?type=daily_treasury_real_yield_curve&field_tdr_date_value=2025&page&_format=csv
2025-01-22,4.60,2.20,2.40,10Y nominal Treasury par yield - 10Y TIPS par real yield,https://home.treasury.gov/resource-center/data-chart-center/interest-rates/daily-treasury-rates.csv/2025/all?type=daily_treasury_yield_curve&field_tdr_date_value=2025&page&_format=csv,https://home.treasury.gov/resource-center/data-chart-center/interest-rates/daily-treasury-rates.csv/2025/all?type=daily_treasury_real_yield_curve&field_tdr_date_value=2025&page&_format=csv
2025-01-23,4.65,2.23,2.42,10Y nominal Treasury par yield - 10Y TIPS par real yield,https://home.treasury.gov/resource-center/data-chart-center/interest-rates/daily-treasury-rates.csv/2025/all?type=daily_treasury_yield_curve&field_tdr_date_value=2025&page&_format=csv,https://home.treasury.gov/resource-center/data-chart-center/interest-rates/daily-treasury-rates.csv/2025/all?type=daily_treasury_real_yield_curve&field_tdr_date_value=2025&page&_format=csv
2025-01-24,4.63,2.20,2.43,10Y nominal Treasury par yield - 10Y TIPS par real yield,https://home.treasury.gov/resource-center/data-chart-center/interest-rates/daily-treasury-rates.csv/2025/all?type=daily_treasury_yield_curve&field_tdr_date_value=2025&page&_format=csv,https://home.treasury.gov/resource-center/data-chart-center/interest-rates/daily-treasury-rates.csv/2025/all?type=daily_treasury_real_yield_curve&field_tdr_date_value=2025&page&_format=csv
2025-01-27,4.53,2.13,2.40,10Y nominal Treasury par yield - 10Y TIPS par real yield,https://home.treasury.gov/resource-center/data-chart-center/interest-rates/daily-treasury-rates.csv/2025/all?type=daily_treasury_yield_curve&field_tdr_date_value=2025&page&_format=csv,https://home.treasury.gov/resource-center/data-chart-center/interest-rates/daily-treasury-rates.csv/2025/all?type=daily_treasury_real_yield_curve&field_tdr_date_value=2025&page&_format=csv
2025-01-28,4.55,2.13,2.42,10Y nominal Treasury par yield - 10Y TIPS par real yield,https://home.treasury.gov/resource-center/data-chart-center/interest-rates/daily-treasury-rates.csv/2025/all?type=daily_treasury_yield_curve&field_tdr_date_value=2025&page&_format=csv,https://home.treasury.gov/resource-center/data-chart-center/interest-rates/daily-treasury-rates.csv/2025/all?type=daily_treasury_real_yield_curve&field_tdr_date_value=2025&page&_format=csv
2025-01-29,4.55,2.15,2.40,10Y nominal Treasury par yield - 10Y TIPS par real yield,https://home.treasury.gov/resource-center/data-chart-center/interest-rates/daily-treasury-rates.csv/2025/all?type=daily_treasury_yield_curve&field_tdr_date_value=2025&page&_format=csv,https://home.treasury.gov/resource-center/data-chart-center/interest-rates/daily-treasury-rates.csv/2025/all?type=daily_treasury_real_yield_curve&field_tdr_date_value=2025&page&_format=csv
2025-01-30,4.52,2.14,2.38,10Y nominal Treasury par yield - 10Y TIPS par real yield,https://home.treasury.gov/resource-center/data-chart-center/interest-rates/daily-treasury-rates.csv/2025/all?type=daily_treasury_yield_curve&field_tdr_date_value=2025&page&_format=csv,https://home.treasury.gov/resource-center/data-chart-center/interest-rates/daily-treasury-rates.csv/2025/all?type=daily_treasury_real_yield_curve&field_tdr_date_value=2025&page&_format=csv
2025-01-31,4.58,2.16,2.42,10Y nominal Treasury par yield - 10Y TIPS par real yield,https://home.treasury.gov/resource-center/data-chart-center/interest-rates/daily-treasury-rates.csv/2025/all?type=daily_treasury_yield_curve&field_tdr_date_value=2025&page&_format=csv,https://home.treasury.gov/resource-center/data-chart-center/interest-rates/daily-treasury-rates.csv/2025/all?type=daily_treasury_real_yield_curve&field_tdr_date_value=2025&page&_format=csv
2025-02-03,4.54,2.09,2.45,10Y nominal Treasury par yield - 10Y TIPS par real yield,https://home.treasury.gov/resource-center/data-chart-center/interest-rates/daily-treasury-rates.csv/2025/all?type=daily_treasury_yield_curve&field_tdr_date_value=2025&page&_format=csv,https://home.treasury.gov/resource-center/data-chart-center/interest-rates/daily-treasury-rates.csv/2025/all?type=daily_treasury_real_yield_curve&field_tdr_date_value=2025&page&_format=csv
2025-02-04,4.52,2.08,2.44,10Y nominal Treasury par yield - 10Y TIPS par real yield,https://home.treasury.gov/resource-center/data-chart-center/interest-rates/daily-treasury-rates.csv/2025/all?type=daily_treasury_yield_curve&field_tdr_date_value=2025&page&_format=csv,https://home.treasury.gov/resource-center/data-chart-center/interest-rates/daily-treasury-rates.csv/2025/all?type=daily_treasury_real_yield_curve&field_tdr_date_value=2025&page&_format=csv
2025-02-05,4.43,2.01,2.42,10Y nominal Treasury par yield - 10Y TIPS par real yield,https://home.treasury.gov/resource-center/data-chart-center/interest-rates/daily-treasury-rates.csv/2025/all?type=daily_treasury_yield_curve&field_tdr_date_value=2025&page&_format=csv,https://home.treasury.gov/resource-center/data-chart-center/interest-rates/daily-treasury-rates.csv/2025/all?type=daily_treasury_real_yield_curve&field_tdr_date_value=2025&page&_format=csv
2025-02-06,4.45,2.03,2.42,10Y nominal Treasury par yield - 10Y TIPS par real yield,https://home.treasury.gov/resource-center/data-chart-center/interest-rates/daily-treasury-rates.csv/2025/all?type=daily_treasury_yield_curve&field_tdr_date_value=2025&page&_format=csv,https://home.treasury.gov/resource-center/data-chart-center/interest-rates/daily-treasury-rates.csv/2025/all?type=daily_treasury_real_yield_curve&field_tdr_date_value=2025&page&_format=csv
2025-02-07,4.49,2.07,2.42,10Y nominal Treasury par yield - 10Y TIPS par real yield,https://home.treasury.gov/resource-center/data-chart-center/interest-rates/daily-treasury-rates.csv/2025/all?type=daily_treasury_yield_curve&field_tdr_date_value=2025&page&_format=csv,https://home.treasury.gov/resource-center/data-chart-center/interest-rates/daily-treasury-rates.csv/2025/all?type=daily_treasury_real_yield_curve&field_tdr_date_value=2025&page&_format=csv
2025-02-10,4.51,2.07,2.44,10Y nominal Treasury par yield - 10Y TIPS par real yield,https://home.treasury.gov/resource-center/data-chart-center/interest-rates/daily-treasury-rates.csv/2025/all?type=daily_treasury_yield_curve&field_tdr_date_value=2025&page&_format=csv,https://home.treasury.gov/resource-center/data-chart-center/interest-rates/daily-treasury-rates.csv/2025/all?type=daily_treasury_real_yield_curve&field_tdr_date_value=2025&page&_format=csv
2025-02-11,4.54,2.08,2.46,10Y nominal Treasury par yield - 10Y TIPS par real yield,https://home.treasury.gov/resource-center/data-chart-center/interest-rates/daily-treasury-rates.csv/2025/all?type=daily_treasury_yield_curve&field_tdr_date_value=2025&page&_format=csv,https://home.treasury.gov/resource-center/data-chart-center/interest-rates/daily-treasury-rates.csv/2025/all?type=daily_treasury_real_yield_curve&field_tdr_date_value=2025&page&_format=csv
2025-02-12,4.62,2.16,2.46,10Y nominal Treasury par yield - 10Y TIPS par real yield,https://home.treasury.gov/resource-center/data-chart-center/interest-rates/daily-treasury-rates.csv/2025/all?type=daily_treasury_yield_curve&field_tdr_date_value=2025&page&_format=csv,https://home.treasury.gov/resource-center/data-chart-center/interest-rates/daily-treasury-rates.csv/2025/all?type=daily_treasury_real_yield_curve&field_tdr_date_value=2025&page&_format=csv
2025-02-13,4.52,2.08,2.44,10Y nominal Treasury par yield - 10Y TIPS par real yield,https://home.treasury.gov/resource-center/data-chart-center/interest-rates/daily-treasury-rates.csv/2025/all?type=daily_treasury_yield_curve&field_tdr_date_value=2025&page&_format=csv,https://home.treasury.gov/resource-center/data-chart-center/interest-rates/daily-treasury-rates.csv/2025/all?type=daily_treasury_real_yield_curve&field_tdr_date_value=2025&page&_format=csv
2025-02-14,4.47,2.04,2.43,10Y nominal Treasury par yield - 10Y TIPS par real yield,https://home.treasury.gov/resource-center/data-chart-center/interest-rates/daily-treasury-rates.csv/2025/all?type=daily_treasury_yield_curve&field_tdr_date_value=2025&page&_format=csv,https://home.treasury.gov/resource-center/data-chart-center/interest-rates/daily-treasury-rates.csv/2025/all?type=daily_treasury_real_yield_curve&field_tdr_date_value=2025&page&_format=csv
2025-02-18,4.55,2.10,2.45,10Y nominal Treasury par yield - 10Y TIPS par real yield,https://home.treasury.gov/resource-center/data-chart-center/interest-rates/daily-treasury-rates.csv/2025/all?type=daily_treasury_yield_curve&field_tdr_date_value=2025&page&_format=csv,https://home.treasury.gov/resource-center/data-chart-center/interest-rates/daily-treasury-rates.csv/2025/all?type=daily_treasury_real_yield_curve&field_tdr_date_value=2025&page&_format=csv
2025-02-19,4.53,2.08,2.45,10Y nominal Treasury par yield - 10Y TIPS par real yield,https://home.treasury.gov/resource-center/data-chart-center/interest-rates/daily-treasury-rates.csv/2025/all?type=daily_treasury_yield_curve&field_tdr_date_value=2025&page&_format=csv,https://home.treasury.gov/resource-center/data-chart-center/interest-rates/daily-treasury-rates.csv/2025/all?type=daily_treasury_real_yield_curve&field_tdr_date_value=2025&page&_format=csv
2025-02-20,4.50,2.05,2.45,10Y nominal Treasury par yield - 10Y TIPS par real yield,https://home.treasury.gov/resource-center/data-chart-center/interest-rates/daily-treasury-rates.csv/2025/all?type=daily_treasury_yield_curve&field_tdr_date_value=2025&page&_format=csv,https://home.treasury.gov/resource-center/data-chart-center/interest-rates/daily-treasury-rates.csv/2025/all?type=daily_treasury_real_yield_curve&field_tdr_date_value=2025&page&_format=csv
2025-02-21,4.42,2.00,2.42,10Y nominal Treasury par yield - 10Y TIPS par real yield,https://home.treasury.gov/resource-center/data-chart-center/interest-rates/daily-treasury-rates.csv/2025/all?type=daily_treasury_yield_curve&field_tdr_date_value=2025&page&_format=csv,https://home.treasury.gov/resource-center/data-chart-center/interest-rates/daily-treasury-rates.csv/2025/all?type=daily_treasury_real_yield_curve&field_tdr_date_value=2025&page&_format=csv
2025-02-24,4.40,1.98,2.42,10Y nominal Treasury par yield - 10Y TIPS par real yield,https://home.treasury.gov/resource-center/data-chart-center/interest-rates/daily-treasury-rates.csv/2025/all?type=daily_treasury_yield_curve&field_tdr_date_value=2025&page&_format=csv,https://home.treasury.gov/resource-center/data-chart-center/interest-rates/daily-treasury-rates.csv/2025/all?type=daily_treasury_real_yield_curve&field_tdr_date_value=2025&page&_format=csv
2025-02-25,4.30,1.92,2.38,10Y nominal Treasury par yield - 10Y TIPS par real yield,https://home.treasury.gov/resource-center/data-chart-center/interest-rates/daily-treasury-rates.csv/2025/all?type=daily_treasury_yield_curve&field_tdr_date_value=2025&page&_format=csv,https://home.treasury.gov/resource-center/data-chart-center/interest-rates/daily-treasury-rates.csv/2025/all?type=daily_treasury_real_yield_curve&field_tdr_date_value=2025&page&_format=csv
2025-02-26,4.25,1.89,2.36,10Y nominal Treasury par yield - 10Y TIPS par real yield,https://home.treasury.gov/resource-center/data-chart-center/interest-rates/daily-treasury-rates.csv/2025/all?type=daily_treasury_yield_curve&field_tdr_date_value=2025&page&_format=csv,https://home.treasury.gov/resource-center/data-chart-center/interest-rates/daily-treasury-rates.csv/2025/all?type=daily_treasury_real_yield_curve&field_tdr_date_value=2025&page&_format=csv
2025-02-27,4.29,1.92,2.37,10Y nominal Treasury par yield - 10Y TIPS par real yield,https://home.treasury.gov/resource-center/data-chart-center/interest-rates/daily-treasury-rates.csv/2025/all?type=daily_treasury_yield_curve&field_tdr_date_value=2025&page&_format=csv,https://home.treasury.gov/resource-center/data-chart-center/interest-rates/daily-treasury-rates.csv/2025/all?type=daily_treasury_real_yield_curve&field_tdr_date_value=2025&page&_format=csv
2025-02-28,4.24,1.86,2.38,10Y nominal Treasury par yield - 10Y TIPS par real yield,https://home.treasury.gov/resource-center/data-chart-center/interest-rates/daily-treasury-rates.csv/2025/all?type=daily_treasury_yield_curve&field_tdr_date_value=2025&page&_format=csv,https://home.treasury.gov/resource-center/data-chart-center/interest-rates/daily-treasury-rates.csv/2025/all?type=daily_treasury_real_yield_curve&field_tdr_date_value=2025&page&_format=csv
2025-03-03,4.16,1.80,2.36,10Y nominal Treasury par yield - 10Y TIPS par real yield,https://home.treasury.gov/resource-center/data-chart-center/interest-rates/daily-treasury-rates.csv/2025/all?type=daily_treasury_yield_curve&field_tdr_date_value=2025&page&_format=csv,https://home.treasury.gov/resource-center/data-chart-center/interest-rates/daily-treasury-rates.csv/2025/all?type=daily_treasury_real_yield_curve&field_tdr_date_value=2025&page&_format=csv
2025-03-04,4.22,1.87,2.35,10Y nominal Treasury par yield - 10Y TIPS par real yield,https://home.treasury.gov/resource-center/data-chart-center/interest-rates/daily-treasury-rates.csv/2025/all?type=daily_treasury_yield_curve&field_tdr_date_value=2025&page&_format=csv,https://home.treasury.gov/resource-center/data-chart-center/interest-rates/daily-treasury-rates.csv/2025/all?type=daily_treasury_real_yield_curve&field_tdr_date_value=2025&page&_format=csv
2025-03-05,4.28,1.94,2.34,10Y nominal Treasury par yield - 10Y TIPS par real yield,https://home.treasury.gov/resource-center/data-chart-center/interest-rates/daily-treasury-rates.csv/2025/all?type=daily_treasury_yield_curve&field_tdr_date_value=2025&page&_format=csv,https://home.treasury.gov/resource-center/data-chart-center/interest-rates/daily-treasury-rates.csv/2025/all?type=daily_treasury_real_yield_curve&field_tdr_date_value=2025&page&_format=csv
2025-03-06,4.29,1.95,2.34,10Y nominal Treasury par yield - 10Y TIPS par real yield,https://home.treasury.gov/resource-center/data-chart-center/interest-rates/daily-treasury-rates.csv/2025/all?type=daily_treasury_yield_curve&field_tdr_date_value=2025&page&_format=csv,https://home.treasury.gov/resource-center/data-chart-center/interest-rates/daily-treasury-rates.csv/2025/all?type=daily_treasury_real_yield_curve&field_tdr_date_value=2025&page&_format=csv
2025-03-07,4.32,1.99,2.33,10Y nominal Treasury par yield - 10Y TIPS par real yield,https://home.treasury.gov/resource-center/data-chart-center/interest-rates/daily-treasury-rates.csv/2025/all?type=daily_treasury_yield_curve&field_tdr_date_value=2025&page&_format=csv,https://home.treasury.gov/resource-center/data-chart-center/interest-rates/daily-treasury-rates.csv/2025/all?type=daily_treasury_real_yield_curve&field_tdr_date_value=2025&page&_format=csv
2025-03-10,4.22,1.91,2.31,10Y nominal Treasury par yield - 10Y TIPS par real yield,https://home.treasury.gov/resource-center/data-chart-center/interest-rates/daily-treasury-rates.csv/2025/all?type=daily_treasury_yield_curve&field_tdr_date_value=2025&page&_format=csv,https://home.treasury.gov/resource-center/data-chart-center/interest-rates/daily-treasury-rates.csv/2025/all?type=daily_treasury_real_yield_curve&field_tdr_date_value=2025&page&_format=csv
2025-03-11,4.28,1.97,2.31,10Y nominal Treasury par yield - 10Y TIPS par real yield,https://home.treasury.gov/resource-center/data-chart-center/interest-rates/daily-treasury-rates.csv/2025/all?type=daily_treasury_yield_curve&field_tdr_date_value=2025&page&_format=csv,https://home.treasury.gov/resource-center/data-chart-center/interest-rates/daily-treasury-rates.csv/2025/all?type=daily_treasury_real_yield_curve&field_tdr_date_value=2025&page&_format=csv
2025-03-12,4.32,1.99,2.33,10Y nominal Treasury par yield - 10Y TIPS par real yield,https://home.treasury.gov/resource-center/data-chart-center/interest-rates/daily-treasury-rates.csv/2025/all?type=daily_treasury_yield_curve&field_tdr_date_value=2025&page&_format=csv,https://home.treasury.gov/resource-center/data-chart-center/interest-rates/daily-treasury-rates.csv/2025/all?type=daily_treasury_real_yield_curve&field_tdr_date_value=2025&page&_format=csv
2025-03-13,4.27,1.98,2.29,10Y nominal Treasury par yield - 10Y TIPS par real yield,https://home.treasury.gov/resource-center/data-chart-center/interest-rates/daily-treasury-rates.csv/2025/all?type=daily_treasury_yield_curve&field_tdr_date_value=2025&page&_format=csv,https://home.treasury.gov/resource-center/data-chart-center/interest-rates/daily-treasury-rates.csv/2025/all?type=daily_treasury_real_yield_curve&field_tdr_date_value=2025&page&_format=csv
2025-03-14,4.31,2.01,2.30,10Y nominal Treasury par yield - 10Y TIPS par real yield,https://home.treasury.gov/resource-center/data-chart-center/interest-rates/daily-treasury-rates.csv/2025/all?type=daily_treasury_yield_curve&field_tdr_date_value=2025&page&_format=csv,https://home.treasury.gov/resource-center/data-chart-center/interest-rates/daily-treasury-rates.csv/2025/all?type=daily_treasury_real_yield_curve&field_tdr_date_value=2025&page&_format=csv
2025-03-17,4.31,2.02,2.29,10Y nominal Treasury par yield - 10Y TIPS par real yield,https://home.treasury.gov/resource-center/data-chart-center/interest-rates/daily-treasury-rates.csv/2025/all?type=daily_treasury_yield_curve&field_tdr_date_value=2025&page&_format=csv,https://home.treasury.gov/resource-center/data-chart-center/interest-rates/daily-treasury-rates.csv/2025/all?type=daily_treasury_real_yield_curve&field_tdr_date_value=2025&page&_format=csv
2025-03-18,4.29,1.99,2.30,10Y nominal Treasury par yield - 10Y TIPS par real yield,https://home.treasury.gov/resource-center/data-chart-center/interest-rates/daily-treasury-rates.csv/2025/all?type=daily_treasury_yield_curve&field_tdr_date_value=2025&page&_format=csv,https://home.treasury.gov/resource-center/data-chart-center/interest-rates/daily-treasury-rates.csv/2025/all?type=daily_treasury_real_yield_curve&field_tdr_date_value=2025&page&_format=csv
2025-03-19,4.25,1.94,2.31,10Y nominal Treasury par yield - 10Y TIPS par real yield,https://home.treasury.gov/resource-center/data-chart-center/interest-rates/daily-treasury-rates.csv/2025/all?type=daily_treasury_yield_curve&field_tdr_date_value=2025&page&_format=csv,https://home.treasury.gov/resource-center/data-chart-center/interest-rates/daily-treasury-rates.csv/2025/all?type=daily_treasury_real_yield_curve&field_tdr_date_value=2025&page&_format=csv
2025-03-20,4.24,1.93,2.31,10Y nominal Treasury par yield - 10Y TIPS par real yield,https://home.treasury.gov/resource-center/data-chart-center/interest-rates/daily-treasury-rates.csv/2025/all?type=daily_treasury_yield_curve&field_tdr_date_value=2025&page&_format=csv,https://home.treasury.gov/resource-center/data-chart-center/interest-rates/daily-treasury-rates.csv/2025/all?type=daily_treasury_real_yield_curve&field_tdr_date_value=2025&page&_format=csv
2025-03-21,4.25,1.92,2.33,10Y nominal Treasury par yield - 10Y TIPS par real yield,https://home.treasury.gov/resource-center/data-chart-center/interest-rates/daily-treasury-rates.csv/2025/all?type=daily_treasury_yield_curve&field_tdr_date_value=2025&page&_format=csv,https://home.treasury.gov/resource-center/data-chart-center/interest-rates/daily-treasury-rates.csv/2025/all?type=daily_treasury_real_yield_curve&field_tdr_date_value=2025&page&_format=csv
2025-03-24,4.34,1.98,2.36,10Y nominal Treasury par yield - 10Y TIPS par real yield,https://home.treasury.gov/resource-center/data-chart-center/interest-rates/daily-treasury-rates.csv/2025/all?type=daily_treasury_yield_curve&field_tdr_date_value=2025&page&_format=csv,https://home.treasury.gov/resource-center/data-chart-center/interest-rates/daily-treasury-rates.csv/2025/all?type=daily_treasury_real_yield_curve&field_tdr_date_value=2025&page&_format=csv
2025-03-25,4.31,1.96,2.35,10Y nominal Treasury par yield - 10Y TIPS par real yield,https://home.treasury.gov/resource-center/data-chart-center/interest-rates/daily-treasury-rates.csv/2025/all?type=daily_treasury_yield_curve&field_tdr_date_value=2025&page&_format=csv,https://home.treasury.gov/resource-center/data-chart-center/interest-rates/daily-treasury-rates.csv/2025/all?type=daily_treasury_real_yield_curve&field_tdr_date_value=2025&page&_format=csv
2025-03-26,4.35,1.98,2.37,10Y nominal Treasury par yield - 10Y TIPS par real yield,https://home.treasury.gov/resource-center/data-chart-center/interest-rates/daily-treasury-rates.csv/2025/all?type=daily_treasury_yield_curve&field_tdr_date_value=2025&page&_format=csv,https://home.treasury.gov/resource-center/data-chart-center/interest-rates/daily-treasury-rates.csv/2025/all?type=daily_treasury_real_yield_curve&field_tdr_date_value=2025&page&_format=csv
2025-03-27,4.38,1.99,2.39,10Y nominal Treasury par yield - 10Y TIPS par real yield,https://home.treasury.gov/resource-center/data-chart-center/interest-rates/daily-treasury-rates.csv/2025/all?type=daily_treasury_yield_curve&field_tdr_date_value=2025&page&_format=csv,https://home.treasury.gov/resource-center/data-chart-center/interest-rates/daily-treasury-rates.csv/2025/all?type=daily_treasury_real_yield_curve&field_tdr_date_value=2025&page&_format=csv
2025-03-28,4.27,1.90,2.37,10Y nominal Treasury par yield - 10Y TIPS par real yield,https://home.treasury.gov/resource-center/data-chart-center/interest-rates/daily-treasury-rates.csv/2025/all?type=daily_treasury_yield_curve&field_tdr_date_value=2025&page&_format=csv,https://home.treasury.gov/resource-center/data-chart-center/interest-rates/daily-treasury-rates.csv/2025/all?type=daily_treasury_real_yield_curve&field_tdr_date_value=2025&page&_format=csv
2025-03-31,4.23,1.85,2.38,10Y nominal Treasury par yield - 10Y TIPS par real yield,https://home.treasury.gov/resource-center/data-chart-center/interest-rates/daily-treasury-rates.csv/2025/all?type=daily_treasury_yield_curve&field_tdr_date_value=2025&page&_format=csv,https://home.treasury.gov/resource-center/data-chart-center/interest-rates/daily-treasury-rates.csv/2025/all?type=daily_treasury_real_yield_curve&field_tdr_date_value=2025&page&_format=csv
2025-04-01,4.17,1.84,2.33,10Y nominal Treasury par yield - 10Y TIPS par real yield,https://home.treasury.gov/resource-center/data-chart-center/interest-rates/daily-treasury-rates.csv/2025/all?type=daily_treasury_yield_curve&field_tdr_date_value=2025&page&_format=csv,https://home.treasury.gov/resource-center/data-chart-center/interest-rates/daily-treasury-rates.csv/2025/all?type=daily_treasury_real_yield_curve&field_tdr_date_value=2025&page&_format=csv
2025-04-02,4.20,1.88,2.32,10Y nominal Treasury par yield - 10Y TIPS par real yield,https://home.treasury.gov/resource-center/data-chart-center/interest-rates/daily-treasury-rates.csv/2025/all?type=daily_treasury_yield_curve&field_tdr_date_value=2025&page&_format=csv,https://home.treasury.gov/resource-center/data-chart-center/interest-rates/daily-treasury-rates.csv/2025/all?type=daily_treasury_real_yield_curve&field_tdr_date_value=2025&page&_format=csv
2025-04-03,4.06,1.78,2.28,10Y nominal Treasury par yield - 10Y TIPS par real yield,https://home.treasury.gov/resource-center/data-chart-center/interest-rates/daily-treasury-rates.csv/2025/all?type=daily_treasury_yield_curve&field_tdr_date_value=2025&page&_format=csv,https://home.treasury.gov/resource-center/data-chart-center/interest-rates/daily-treasury-rates.csv/2025/all?type=daily_treasury_real_yield_curve&field_tdr_date_value=2025&page&_format=csv
2025-04-04,4.01,1.83,2.18,10Y nominal Treasury par yield - 10Y TIPS par real yield,https://home.treasury.gov/resource-center/data-chart-center/interest-rates/daily-treasury-rates.csv/2025/all?type=daily_treasury_yield_curve&field_tdr_date_value=2025&page&_format=csv,https://home.treasury.gov/resource-center/data-chart-center/interest-rates/daily-treasury-rates.csv/2025/all?type=daily_treasury_real_yield_curve&field_tdr_date_value=2025&page&_format=csv
2025-04-07,4.15,1.96,2.19,10Y nominal Treasury par yield - 10Y TIPS par real yield,https://home.treasury.gov/resource-center/data-chart-center/interest-rates/daily-treasury-rates.csv/2025/all?type=daily_treasury_yield_curve&field_tdr_date_value=2025&page&_format=csv,https://home.treasury.gov/resource-center/data-chart-center/interest-rates/daily-treasury-rates.csv/2025/all?type=daily_treasury_real_yield_curve&field_tdr_date_value=2025&page&_format=csv
2025-04-08,4.26,2.04,2.22,10Y nominal Treasury par yield - 10Y TIPS par real yield,https://home.treasury.gov/resource-center/data-chart-center/interest-rates/daily-treasury-rates.csv/2025/all?type=daily_treasury_yield_curve&field_tdr_date_value=2025&page&_format=csv,https://home.treasury.gov/resource-center/data-chart-center/interest-rates/daily-treasury-rates.csv/2025/all?type=daily_treasury_real_yield_curve&field_tdr_date_value=2025&page&_format=csv
2025-04-09,4.34,2.07,2.27,10Y nominal Treasury par yield - 10Y TIPS par real yield,https://home.treasury.gov/resource-center/data-chart-center/interest-rates/daily-treasury-rates.csv/2025/all?type=daily_treasury_yield_curve&field_tdr_date_value=2025&page&_format=csv,https://home.treasury.gov/resource-center/data-chart-center/interest-rates/daily-treasury-rates.csv/2025/all?type=daily_treasury_real_yield_curve&field_tdr_date_value=2025&page&_format=csv
2025-04-10,4.40,2.21,2.19,10Y nominal Treasury par yield - 10Y TIPS par real yield,https://home.treasury.gov/resource-center/data-chart-center/interest-rates/daily-treasury-rates.csv/2025/all?type=daily_treasury_yield_curve&field_tdr_date_value=2025&page&_format=csv,https://home.treasury.gov/resource-center/data-chart-center/interest-rates/daily-treasury-rates.csv/2025/all?type=daily_treasury_real_yield_curve&field_tdr_date_value=2025&page&_format=csv
2025-04-11,4.48,2.28,2.20,10Y nominal Treasury par yield - 10Y TIPS par real yield,https://home.treasury.gov/resource-center/data-chart-center/interest-rates/daily-treasury-rates.csv/2025/all?type=daily_treasury_yield_curve&field_tdr_date_value=2025&page&_format=csv,https://home.treasury.gov/resource-center/data-chart-center/interest-rates/daily-treasury-rates.csv/2025/all?type=daily_treasury_real_yield_curve&field_tdr_date_value=2025&page&_format=csv
2025-04-14,4.38,2.15,2.23,10Y nominal Treasury par yield - 10Y TIPS par real yield,https://home.treasury.gov/resource-center/data-chart-center/interest-rates/daily-treasury-rates.csv/2025/all?type=daily_treasury_yield_curve&field_tdr_date_value=2025&page&_format=csv,https://home.treasury.gov/resource-center/data-chart-center/interest-rates/daily-treasury-rates.csv/2025/all?type=daily_treasury_real_yield_curve&field_tdr_date_value=2025&page&_format=csv
2025-04-15,4.35,2.16,2.19,10Y nominal Treasury par yield - 10Y TIPS par real yield,https://home.treasury.gov/resource-center/data-chart-center/interest-rates/daily-treasury-rates.csv/2025/all?type=daily_treasury_yield_curve&field_tdr_date_value=2025&page&_format=csv,https://home.treasury.gov/resource-center/data-chart-center/interest-rates/daily-treasury-rates.csv/2025/all?type=daily_treasury_real_yield_curve&field_tdr_date_value=2025&page&_format=csv
2025-04-16,4.29,2.12,2.17,10Y nominal Treasury par yield - 10Y TIPS par real yield,https://home.treasury.gov/resource-center/data-chart-center/interest-rates/daily-treasury-rates.csv/2025/all?type=daily_treasury_yield_curve&field_tdr_date_value=2025&page&_format=csv,https://home.treasury.gov/resource-center/data-chart-center/interest-rates/daily-treasury-rates.csv/2025/all?type=daily_treasury_real_yield_curve&field_tdr_date_value=2025&page&_format=csv
2025-04-17,4.34,2.11,2.23,10Y nominal Treasury par yield - 10Y TIPS par real yield,https://home.treasury.gov/resource-center/data-chart-center/interest-rates/daily-treasury-rates.csv/2025/all?type=daily_treasury_yield_curve&field_tdr_date_value=2025&page&_format=csv,https://home.treasury.gov/resource-center/data-chart-center/interest-rates/daily-treasury-rates.csv/2025/all?type=daily_treasury_real_yield_curve&field_tdr_date_value=2025&page&_format=csv
2025-04-21,4.42,2.20,2.22,10Y nominal Treasury par yield - 10Y TIPS par real yield,https://home.treasury.gov/resource-center/data-chart-center/interest-rates/daily-treasury-rates.csv/2025/all?type=daily_treasury_yield_curve&field_tdr_date_value=2025&page&_format=csv,https://home.treasury.gov/resource-center/data-chart-center/interest-rates/daily-treasury-rates.csv/2025/all?type=daily_treasury_real_yield_curve&field_tdr_date_value=2025&page&_format=csv
2025-04-22,4.41,2.14,2.27,10Y nominal Treasury par yield - 10Y TIPS par real yield,https://home.treasury.gov/resource-center/data-chart-center/interest-rates/daily-treasury-rates.csv/2025/all?type=daily_treasury_yield_curve&field_tdr_date_value=2025&page&_format=csv,https://home.treasury.gov/resource-center/data-chart-center/interest-rates/daily-treasury-rates.csv/2025/all?type=daily_treasury_real_yield_curve&field_tdr_date_value=2025&page&_format=csv
2025-04-23,4.40,2.11,2.29,10Y nominal Treasury par yield - 10Y TIPS par real yield,https://home.treasury.gov/resource-center/data-chart-center/interest-rates/daily-treasury-rates.csv/2025/all?type=daily_treasury_yield_curve&field_tdr_date_value=2025&page&_format=csv,https://home.treasury.gov/resource-center/data-chart-center/interest-rates/daily-treasury-rates.csv/2025/all?type=daily_treasury_real_yield_curve&field_tdr_date_value=2025&page&_format=csv
2025-04-24,4.32,2.02,2.30,10Y nominal Treasury par yield - 10Y TIPS par real yield,https://home.treasury.gov/resource-center/data-chart-center/interest-rates/daily-treasury-rates.csv/2025/all?type=daily_treasury_yield_curve&field_tdr_date_value=2025&page&_format=csv,https://home.treasury.gov/resource-center/data-chart-center/interest-rates/daily-treasury-rates.csv/2025/all?type=daily_treasury_real_yield_curve&field_tdr_date_value=2025&page&_format=csv
2025-04-25,4.29,2.02,2.27,10Y nominal Treasury par yield - 10Y TIPS par real yield,https://home.treasury.gov/resource-center/data-chart-center/interest-rates/daily-treasury-rates.csv/2025/all?type=daily_treasury_yield_curve&field_tdr_date_value=2025&page&_format=csv,https://home.treasury.gov/resource-center/data-chart-center/interest-rates/daily-treasury-rates.csv/2025/all?type=daily_treasury_real_yield_curve&field_tdr_date_value=2025&page&_format=csv
2025-04-28,4.23,1.98,2.25,10Y nominal Treasury par yield - 10Y TIPS par real yield,https://home.treasury.gov/resource-center/data-chart-center/interest-rates/daily-treasury-rates.csv/2025/all?type=daily_treasury_yield_curve&field_tdr_date_value=2025&page&_format=csv,https://home.treasury.gov/resource-center/data-chart-center/interest-rates/daily-treasury-rates.csv/2025/all?type=daily_treasury_real_yield_curve&field_tdr_date_value=2025&page&_format=csv
2025-04-29,4.19,1.96,2.23,10Y nominal Treasury par yield - 10Y TIPS par real yield,https://home.treasury.gov/resource-center/data-chart-center/interest-rates/daily-treasury-rates.csv/2025/all?type=daily_treasury_yield_curve&field_tdr_date_value=2025&page&_format=csv,https://home.treasury.gov/resource-center/data-chart-center/interest-rates/daily-treasury-rates.csv/2025/all?type=daily_treasury_real_yield_curve&field_tdr_date_value=2025&page&_format=csv
2025-04-30,4.17,1.94,2.23,10Y nominal Treasury par yield - 10Y TIPS par real yield,https://home.treasury.gov/resource-center/data-chart-center/interest-rates/daily-treasury-rates.csv/2025/all?type=daily_treasury_yield_curve&field_tdr_date_value=2025&page&_format=csv,https://home.treasury.gov/resource-center/data-chart-center/interest-rates/daily-treasury-rates.csv/2025/all?type=daily_treasury_real_yield_curve&field_tdr_date_value=2025&page&_format=csv
2025-05-01,4.25,2.00,2.25,10Y nominal Treasury par yield - 10Y TIPS par real yield,https://home.treasury.gov/resource-center/data-chart-center/interest-rates/daily-treasury-rates.csv/2025/all?type=daily_treasury_yield_curve&field_tdr_date_value=2025&page&_format=csv,https://home.treasury.gov/resource-center/data-chart-center/interest-rates/daily-treasury-rates.csv/2025/all?type=daily_treasury_real_yield_curve&field_tdr_date_value=2025&page&_format=csv
2025-05-02,4.33,2.06,2.27,10Y nominal Treasury par yield - 10Y TIPS par real yield,https://home.treasury.gov/resource-center/data-chart-center/interest-rates/daily-treasury-rates.csv/2025/all?type=daily_treasury_yield_curve&field_tdr_date_value=2025&page&_format=csv,https://home.treasury.gov/resource-center/data-chart-center/interest-rates/daily-treasury-rates.csv/2025/all?type=daily_treasury_real_yield_curve&field_tdr_date_value=2025&page&_format=csv
2025-05-05,4.36,2.08,2.28,10Y nominal Treasury par yield - 10Y TIPS par real yield,https://home.treasury.gov/resource-center/data-chart-center/interest-rates/daily-treasury-rates.csv/2025/all?type=daily_treasury_yield_curve&field_tdr_date_value=2025&page&_format=csv,https://home.treasury.gov/resource-center/data-chart-center/interest-rates/daily-treasury-rates.csv/2025/all?type=daily_treasury_real_yield_curve&field_tdr_date_value=2025&page&_format=csv
2025-05-06,4.30,2.04,2.26,10Y nominal Treasury par yield - 10Y TIPS par real yield,https://home.treasury.gov/resource-center/data-chart-center/interest-rates/daily-treasury-rates.csv/2025/all?type=daily_treasury_yield_curve&field_tdr_date_value=2025&page&_format=csv,https://home.treasury.gov/resource-center/data-chart-center/interest-rates/daily-treasury-rates.csv/2025/all?type=daily_treasury_real_yield_curve&field_tdr_date_value=2025&page&_format=csv
2025-05-07,4.26,2.01,2.25,10Y nominal Treasury par yield - 10Y TIPS par real yield,https://home.treasury.gov/resource-center/data-chart-center/interest-rates/daily-treasury-rates.csv/2025/all?type=daily_treasury_yield_curve&field_tdr_date_value=2025&page&_format=csv,https://home.treasury.gov/resource-center/data-chart-center/interest-rates/daily-treasury-rates.csv/2025/all?type=daily_treasury_real_yield_curve&field_tdr_date_value=2025&page&_format=csv
2025-05-08,4.37,2.08,2.29,10Y nominal Treasury par yield - 10Y TIPS par real yield,https://home.treasury.gov/resource-center/data-chart-center/interest-rates/daily-treasury-rates.csv/2025/all?type=daily_treasury_yield_curve&field_tdr_date_value=2025&page&_format=csv,https://home.treasury.gov/resource-center/data-chart-center/interest-rates/daily-treasury-rates.csv/2025/all?type=daily_treasury_real_yield_curve&field_tdr_date_value=2025&page&_format=csv
2025-05-09,4.37,2.08,2.29,10Y nominal Treasury par yield - 10Y TIPS par real yield,https://home.treasury.gov/resource-center/data-chart-center/interest-rates/daily-treasury-rates.csv/2025/all?type=daily_treasury_yield_curve&field_tdr_date_value=2025&page&_format=csv,https://home.treasury.gov/resource-center/data-chart-center/interest-rates/daily-treasury-rates.csv/2025/all?type=daily_treasury_real_yield_curve&field_tdr_date_value=2025&page&_format=csv
2025-05-12,4.45,2.16,2.29,10Y nominal Treasury par yield - 10Y TIPS par real yield,https://home.treasury.gov/resource-center/data-chart-center/interest-rates/daily-treasury-rates.csv/2025/all?type=daily_treasury_yield_curve&field_tdr_date_value=2025&page&_format=csv,https://home.treasury.gov/resource-center/data-chart-center/interest-rates/daily-treasury-rates.csv/2025/all?type=daily_treasury_real_yield_curve&field_tdr_date_value=2025&page&_format=csv
2025-05-13,4.49,2.17,2.32,10Y nominal Treasury par yield - 10Y TIPS par real yield,https://home.treasury.gov/resource-center/data-chart-center/interest-rates/daily-treasury-rates.csv/2025/all?type=daily_treasury_yield_curve&field_tdr_date_value=2025&page&_format=csv,https://home.treasury.gov/resource-center/data-chart-center/interest-rates/daily-treasury-rates.csv/2025/all?type=daily_treasury_real_yield_curve&field_tdr_date_value=2025&page&_format=csv
2025-05-14,4.53,2.16,2.37,10Y nominal Treasury par yield - 10Y TIPS par real yield,https://home.treasury.gov/resource-center/data-chart-center/interest-rates/daily-treasury-rates.csv/2025/all?type=daily_treasury_yield_curve&field_tdr_date_value=2025&page&_format=csv,https://home.treasury.gov/resource-center/data-chart-center/interest-rates/daily-treasury-rates.csv/2025/all?type=daily_treasury_real_yield_curve&field_tdr_date_value=2025&page&_format=csv
2025-05-15,4.45,2.11,2.34,10Y nominal Treasury par yield - 10Y TIPS par real yield,https://home.treasury.gov/resource-center/data-chart-center/interest-rates/daily-treasury-rates.csv/2025/all?type=daily_treasury_yield_curve&field_tdr_date_value=2025&page&_format=csv,https://home.treasury.gov/resource-center/data-chart-center/interest-rates/daily-treasury-rates.csv/2025/all?type=daily_treasury_real_yield_curve&field_tdr_date_value=2025&page&_format=csv
2025-05-16,4.43,2.09,2.34,10Y nominal Treasury par yield - 10Y TIPS par real yield,https://home.treasury.gov/resource-center/data-chart-center/interest-rates/daily-treasury-rates.csv/2025/all?type=daily_treasury_yield_curve&field_tdr_date_value=2025&page&_format=csv,https://home.treasury.gov/resource-center/data-chart-center/interest-rates/daily-treasury-rates.csv/2025/all?type=daily_treasury_real_yield_curve&field_tdr_date_value=2025&page&_format=csv
2025-05-19,4.46,2.10,2.36,10Y nominal Treasury par yield - 10Y TIPS par real yield,https://home.treasury.gov/resource-center/data-chart-center/interest-rates/daily-treasury-rates.csv/2025/all?type=daily_treasury_yield_curve&field_tdr_date_value=2025&page&_format=csv,https://home.treasury.gov/resource-center/data-chart-center/interest-rates/daily-treasury-rates.csv/2025/all?type=daily_treasury_real_yield_curve&field_tdr_date_value=2025&page&_format=csv
2025-05-20,4.48,2.13,2.35,10Y nominal Treasury par yield - 10Y TIPS par real yield,https://home.treasury.gov/resource-center/data-chart-center/interest-rates/daily-treasury-rates.csv/2025/all?type=daily_treasury_yield_curve&field_tdr_date_value=2025&page&_format=csv,https://home.treasury.gov/resource-center/data-chart-center/interest-rates/daily-treasury-rates.csv/2025/all?type=daily_treasury_real_yield_curve&field_tdr_date_value=2025&page&_format=csv
2025-05-21,4.58,2.23,2.35,10Y nominal Treasury par yield - 10Y TIPS par real yield,https://home.treasury.gov/resource-center/data-chart-center/interest-rates/daily-treasury-rates.csv/2025/all?type=daily_treasury_yield_curve&field_tdr_date_value=2025&page&_format=csv,https://home.treasury.gov/resource-center/data-chart-center/interest-rates/daily-treasury-rates.csv/2025/all?type=daily_treasury_real_yield_curve&field_tdr_date_value=2025&page&_format=csv
2025-05-22,4.54,2.20,2.34,10Y nominal Treasury par yield - 10Y TIPS par real yield,https://home.treasury.gov/resource-center/data-chart-center/interest-rates/daily-treasury-rates.csv/2025/all?type=daily_treasury_yield_curve&field_tdr_date_value=2025&page&_format=csv,https://home.treasury.gov/resource-center/data-chart-center/interest-rates/daily-treasury-rates.csv/2025/all?type=daily_treasury_real_yield_curve&field_tdr_date_value=2025&page&_format=csv
2025-05-23,4.51,2.18,2.33,10Y nominal Treasury par yield - 10Y TIPS par real yield,https://home.treasury.gov/resource-center/data-chart-center/interest-rates/daily-treasury-rates.csv/2025/all?type=daily_treasury_yield_curve&field_tdr_date_value=2025&page&_format=csv,https://home.treasury.gov/resource-center/data-chart-center/interest-rates/daily-treasury-rates.csv/2025/all?type=daily_treasury_real_yield_curve&field_tdr_date_value=2025&page&_format=csv
2025-05-27,4.43,2.11,2.32,10Y nominal Treasury par yield - 10Y TIPS par real yield,https://home.treasury.gov/resource-center/data-chart-center/interest-rates/daily-treasury-rates.csv/2025/all?type=daily_treasury_yield_curve&field_tdr_date_value=2025&page&_format=csv,https://home.treasury.gov/resource-center/data-chart-center/interest-rates/daily-treasury-rates.csv/2025/all?type=daily_treasury_real_yield_curve&field_tdr_date_value=2025&page&_format=csv
2025-05-28,4.47,2.15,2.32,10Y nominal Treasury par yield - 10Y TIPS par real yield,https://home.treasury.gov/resource-center/data-chart-center/interest-rates/daily-treasury-rates.csv/2025/all?type=daily_treasury_yield_curve&field_tdr_date_value=2025&page&_format=csv,https://home.treasury.gov/resource-center/data-chart-center/interest-rates/daily-treasury-rates.csv/2025/all?type=daily_treasury_real_yield_curve&field_tdr_date_value=2025&page&_format=csv
2025-05-29,4.43,2.11,2.32,10Y nominal Treasury par yield - 10Y TIPS par real yield,https://home.treasury.gov/resource-center/data-chart-center/interest-rates/daily-treasury-rates.csv/2025/all?type=daily_treasury_yield_curve&field_tdr_date_value=2025&page&_format=csv,https://home.treasury.gov/resource-center/data-chart-center/interest-rates/daily-treasury-rates.csv/2025/all?type=daily_treasury_real_yield_curve&field_tdr_date_value=2025&page&_format=csv
2025-05-30,4.41,2.07,2.34,10Y nominal Treasury par yield - 10Y TIPS par real yield,https://home.treasury.gov/resource-center/data-chart-center/interest-rates/daily-treasury-rates.csv/2025/all?type=daily_treasury_yield_curve&field_tdr_date_value=2025&page&_format=csv,https://home.treasury.gov/resource-center/data-chart-center/interest-rates/daily-treasury-rates.csv/2025/all?type=daily_treasury_real_yield_curve&field_tdr_date_value=2025&page&_format=csv
2025-06-02,4.46,2.13,2.33,10Y nominal Treasury par yield - 10Y TIPS par real yield,https://home.treasury.gov/resource-center/data-chart-center/interest-rates/daily-treasury-rates.csv/2025/all?type=daily_treasury_yield_curve&field_tdr_date_value=2025&page&_format=csv,https://home.treasury.gov/resource-center/data-chart-center/interest-rates/daily-treasury-rates.csv/2025/all?type=daily_treasury_real_yield_curve&field_tdr_date_value=2025&page&_format=csv
2025-06-03,4.46,2.14,2.32,10Y nominal Treasury par yield - 10Y TIPS par real yield,https://home.treasury.gov/resource-center/data-chart-center/interest-rates/daily-treasury-rates.csv/2025/all?type=daily_treasury_yield_curve&field_tdr_date_value=2025&page&_format=csv,https://home.treasury.gov/resource-center/data-chart-center/interest-rates/daily-treasury-rates.csv/2025/all?type=daily_treasury_real_yield_curve&field_tdr_date_value=2025&page&_format=csv
2025-06-04,4.37,2.06,2.31,10Y nominal Treasury par yield - 10Y TIPS par real yield,https://home.treasury.gov/resource-center/data-chart-center/interest-rates/daily-treasury-rates.csv/2025/all?type=daily_treasury_yield_curve&field_tdr_date_value=2025&page&_format=csv,https://home.treasury.gov/resource-center/data-chart-center/interest-rates/daily-treasury-rates.csv/2025/all?type=daily_treasury_real_yield_curve&field_tdr_date_value=2025&page&_format=csv
2025-06-05,4.40,2.11,2.29,10Y nominal Treasury par yield - 10Y TIPS par real yield,https://home.treasury.gov/resource-center/data-chart-center/interest-rates/daily-treasury-rates.csv/2025/all?type=daily_treasury_yield_curve&field_tdr_date_value=2025&page&_format=csv,https://home.treasury.gov/resource-center/data-chart-center/interest-rates/daily-treasury-rates.csv/2025/all?type=daily_treasury_real_yield_curve&field_tdr_date_value=2025&page&_format=csv
2025-06-06,4.51,2.20,2.31,10Y nominal Treasury par yield - 10Y TIPS par real yield,https://home.treasury.gov/resource-center/data-chart-center/interest-rates/daily-treasury-rates.csv/2025/all?type=daily_treasury_yield_curve&field_tdr_date_value=2025&page&_format=csv,https://home.treasury.gov/resource-center/data-chart-center/interest-rates/daily-treasury-rates.csv/2025/all?type=daily_treasury_real_yield_curve&field_tdr_date_value=2025&page&_format=csv
2025-06-09,4.49,2.18,2.31,10Y nominal Treasury par yield - 10Y TIPS par real yield,https://home.treasury.gov/resource-center/data-chart-center/interest-rates/daily-treasury-rates.csv/2025/all?type=daily_treasury_yield_curve&field_tdr_date_value=2025&page&_format=csv,https://home.treasury.gov/resource-center/data-chart-center/interest-rates/daily-treasury-rates.csv/2025/all?type=daily_treasury_real_yield_curve&field_tdr_date_value=2025&page&_format=csv
2025-06-10,4.47,2.18,2.29,10Y nominal Treasury par yield - 10Y TIPS par real yield,https://home.treasury.gov/resource-center/data-chart-center/interest-rates/daily-treasury-rates.csv/2025/all?type=daily_treasury_yield_curve&field_tdr_date_value=2025&page&_format=csv,https://home.treasury.gov/resource-center/data-chart-center/interest-rates/daily-treasury-rates.csv/2025/all?type=daily_treasury_real_yield_curve&field_tdr_date_value=2025&page&_format=csv
2025-06-11,4.41,2.14,2.27,10Y nominal Treasury par yield - 10Y TIPS par real yield,https://home.treasury.gov/resource-center/data-chart-center/interest-rates/daily-treasury-rates.csv/2025/all?type=daily_treasury_yield_curve&field_tdr_date_value=2025&page&_format=csv,https://home.treasury.gov/resource-center/data-chart-center/interest-rates/daily-treasury-rates.csv/2025/all?type=daily_treasury_real_yield_curve&field_tdr_date_value=2025&page&_format=csv
2025-06-12,4.36,2.11,2.25,10Y nominal Treasury par yield - 10Y TIPS par real yield,https://home.treasury.gov/resource-center/data-chart-center/interest-rates/daily-treasury-rates.csv/2025/all?type=daily_treasury_yield_curve&field_tdr_date_value=2025&page&_format=csv,https://home.treasury.gov/resource-center/data-chart-center/interest-rates/daily-treasury-rates.csv/2025/all?type=daily_treasury_real_yield_curve&field_tdr_date_value=2025&page&_format=csv
2025-06-13,4.41,2.13,2.28,10Y nominal Treasury par yield - 10Y TIPS par real yield,https://home.treasury.gov/resource-center/data-chart-center/interest-rates/daily-treasury-rates.csv/2025/all?type=daily_treasury_yield_curve&field_tdr_date_value=2025&page&_format=csv,https://home.treasury.gov/resource-center/data-chart-center/interest-rates/daily-treasury-rates.csv/2025/all?type=daily_treasury_real_yield_curve&field_tdr_date_value=2025&page&_format=csv
2025-06-16,4.46,2.16,2.30,10Y nominal Treasury par yield - 10Y TIPS par real yield,https://home.treasury.gov/resource-center/data-chart-center/interest-rates/daily-treasury-rates.csv/2025/all?type=daily_treasury_yield_curve&field_tdr_date_value=2025&page&_format=csv,https://home.treasury.gov/resource-center/data-chart-center/interest-rates/daily-treasury-rates.csv/2025/all?type=daily_treasury_real_yield_curve&field_tdr_date_value=2025&page&_format=csv
2025-06-17,4.39,2.08,2.31,10Y nominal Treasury par yield - 10Y TIPS par real yield,https://home.treasury.gov/resource-center/data-chart-center/interest-rates/daily-treasury-rates.csv/2025/all?type=daily_treasury_yield_curve&field_tdr_date_value=2025&page&_format=csv,https://home.treasury.gov/resource-center/data-chart-center/interest-rates/daily-treasury-rates.csv/2025/all?type=daily_treasury_real_yield_curve&field_tdr_date_value=2025&page&_format=csv
2025-06-18,4.38,2.07,2.31,10Y nominal Treasury par yield - 10Y TIPS par real yield,https://home.treasury.gov/resource-center/data-chart-center/interest-rates/daily-treasury-rates.csv/2025/all?type=daily_treasury_yield_curve&field_tdr_date_value=2025&page&_format=csv,https://home.treasury.gov/resource-center/data-chart-center/interest-rates/daily-treasury-rates.csv/2025/all?type=daily_treasury_real_yield_curve&field_tdr_date_value=2025&page&_format=csv
2025-06-20,4.38,2.05,2.33,10Y nominal Treasury par yield - 10Y TIPS par real yield,https://home.treasury.gov/resource-center/data-chart-center/interest-rates/daily-treasury-rates.csv/2025/all?type=daily_treasury_yield_curve&field_tdr_date_value=2025&page&_format=csv,https://home.treasury.gov/resource-center/data-chart-center/interest-rates/daily-treasury-rates.csv/2025/all?type=daily_treasury_real_yield_curve&field_tdr_date_value=2025&page&_format=csv
2025-06-23,4.34,2.04,2.30,10Y nominal Treasury par yield - 10Y TIPS par real yield,https://home.treasury.gov/resource-center/data-chart-center/interest-rates/daily-treasury-rates.csv/2025/all?type=daily_treasury_yield_curve&field_tdr_date_value=2025&page&_format=csv,https://home.treasury.gov/resource-center/data-chart-center/interest-rates/daily-treasury-rates.csv/2025/all?type=daily_treasury_real_yield_curve&field_tdr_date_value=2025&page&_format=csv
2025-06-24,4.30,2.01,2.29,10Y nominal Treasury par yield - 10Y TIPS par real yield,https://home.treasury.gov/resource-center/data-chart-center/interest-rates/daily-treasury-rates.csv/2025/all?type=daily_treasury_yield_curve&field_tdr_date_value=2025&page&_format=csv,https://home.treasury.gov/resource-center/data-chart-center/interest-rates/daily-treasury-rates.csv/2025/all?type=daily_treasury_real_yield_curve&field_tdr_date_value=2025&page&_format=csv
2025-06-25,4.29,2.01,2.28,10Y nominal Treasury par yield - 10Y TIPS par real yield,https://home.treasury.gov/resource-center/data-chart-center/interest-rates/daily-treasury-rates.csv/2025/all?type=daily_treasury_yield_curve&field_tdr_date_value=2025&page&_format=csv,https://home.treasury.gov/resource-center/data-chart-center/interest-rates/daily-treasury-rates.csv/2025/all?type=daily_treasury_real_yield_curve&field_tdr_date_value=2025&page&_format=csv
2025-06-26,4.26,1.98,2.28,10Y nominal Treasury par yield - 10Y TIPS par real yield,https://home.treasury.gov/resource-center/data-chart-center/interest-rates/daily-treasury-rates.csv/2025/all?type=daily_treasury_yield_curve&field_tdr_date_value=2025&page&_format=csv,https://home.treasury.gov/resource-center/data-chart-center/interest-rates/daily-treasury-rates.csv/2025/all?type=daily_treasury_real_yield_curve&field_tdr_date_value=2025&page&_format=csv
2025-06-27,4.29,2.00,2.29,10Y nominal Treasury par yield - 10Y TIPS par real yield,https://home.treasury.gov/resource-center/data-chart-center/interest-rates/daily-treasury-rates.csv/2025/all?type=daily_treasury_yield_curve&field_tdr_date_value=2025&page&_format=csv,https://home.treasury.gov/resource-center/data-chart-center/interest-rates/daily-treasury-rates.csv/2025/all?type=daily_treasury_real_yield_curve&field_tdr_date_value=2025&page&_format=csv
2025-06-30,4.24,1.95,2.29,10Y nominal Treasury par yield - 10Y TIPS par real yield,https://home.treasury.gov/resource-center/data-chart-center/interest-rates/daily-treasury-rates.csv/2025/all?type=daily_treasury_yield_curve&field_tdr_date_value=2025&page&_format=csv,https://home.treasury.gov/resource-center/data-chart-center/interest-rates/daily-treasury-rates.csv/2025/all?type=daily_treasury_real_yield_curve&field_tdr_date_value=2025&page&_format=csv
2025-07-01,4.26,1.97,2.29,10Y nominal Treasury par yield - 10Y TIPS par real yield,https://home.treasury.gov/resource-center/data-chart-center/interest-rates/daily-treasury-rates.csv/2025/all?type=daily_treasury_yield_curve&field_tdr_date_value=2025&page&_format=csv,https://home.treasury.gov/resource-center/data-chart-center/interest-rates/daily-treasury-rates.csv/2025/all?type=daily_treasury_real_yield_curve&field_tdr_date_value=2025&page&_format=csv
2025-07-02,4.30,2.00,2.30,10Y nominal Treasury par yield - 10Y TIPS par real yield,https://home.treasury.gov/resource-center/data-chart-center/interest-rates/daily-treasury-rates.csv/2025/all?type=daily_treasury_yield_curve&field_tdr_date_value=2025&page&_format=csv,https://home.treasury.gov/resource-center/data-chart-center/interest-rates/daily-treasury-rates.csv/2025/all?type=daily_treasury_real_yield_curve&field_tdr_date_value=2025&page&_format=csv
2025-07-03,4.35,2.02,2.33,10Y nominal Treasury par yield - 10Y TIPS par real yield,https://home.treasury.gov/resource-center/data-chart-center/interest-rates/daily-treasury-rates.csv/2025/all?type=daily_treasury_yield_curve&field_tdr_date_value=2025&page&_format=csv,https://home.treasury.gov/resource-center/data-chart-center/interest-rates/daily-treasury-rates.csv/2025/all?type=daily_treasury_real_yield_curve&field_tdr_date_value=2025&page&_format=csv
2025-07-07,4.40,2.05,2.35,10Y nominal Treasury par yield - 10Y TIPS par real yield,https://home.treasury.gov/resource-center/data-chart-center/interest-rates/daily-treasury-rates.csv/2025/all?type=daily_treasury_yield_curve&field_tdr_date_value=2025&page&_format=csv,https://home.treasury.gov/resource-center/data-chart-center/interest-rates/daily-treasury-rates.csv/2025/all?type=daily_treasury_real_yield_curve&field_tdr_date_value=2025&page&_format=csv
2025-07-08,4.42,2.07,2.35,10Y nominal Treasury par yield - 10Y TIPS par real yield,https://home.treasury.gov/resource-center/data-chart-center/interest-rates/daily-treasury-rates.csv/2025/all?type=daily_treasury_yield_curve&field_tdr_date_value=2025&page&_format=csv,https://home.treasury.gov/resource-center/data-chart-center/interest-rates/daily-treasury-rates.csv/2025/all?type=daily_treasury_real_yield_curve&field_tdr_date_value=2025&page&_format=csv
2025-07-09,4.34,2.01,2.33,10Y nominal Treasury par yield - 10Y TIPS par real yield,https://home.treasury.gov/resource-center/data-chart-center/interest-rates/daily-treasury-rates.csv/2025/all?type=daily_treasury_yield_curve&field_tdr_date_value=2025&page&_format=csv,https://home.treasury.gov/resource-center/data-chart-center/interest-rates/daily-treasury-rates.csv/2025/all?type=daily_treasury_real_yield_curve&field_tdr_date_value=2025&page&_format=csv
2025-07-10,4.35,2.01,2.34,10Y nominal Treasury par yield - 10Y TIPS par real yield,https://home.treasury.gov/resource-center/data-chart-center/interest-rates/daily-treasury-rates.csv/2025/all?type=daily_treasury_yield_curve&field_tdr_date_value=2025&page&_format=csv,https://home.treasury.gov/resource-center/data-chart-center/interest-rates/daily-treasury-rates.csv/2025/all?type=daily_treasury_real_yield_curve&field_tdr_date_value=2025&page&_format=csv
2025-07-11,4.43,2.06,2.37,10Y nominal Treasury par yield - 10Y TIPS par real yield,https://home.treasury.gov/resource-center/data-chart-center/interest-rates/daily-treasury-rates.csv/2025/all?type=daily_treasury_yield_curve&field_tdr_date_value=2025&page&_format=csv,https://home.treasury.gov/resource-center/data-chart-center/interest-rates/daily-treasury-rates.csv/2025/all?type=daily_treasury_real_yield_curve&field_tdr_date_value=2025&page&_format=csv
2025-07-14,4.43,2.04,2.39,10Y nominal Treasury par yield - 10Y TIPS par real yield,https://home.treasury.gov/resource-center/data-chart-center/interest-rates/daily-treasury-rates.csv/2025/all?type=daily_treasury_yield_curve&field_tdr_date_value=2025&page&_format=csv,https://home.treasury.gov/resource-center/data-chart-center/interest-rates/daily-treasury-rates.csv/2025/all?type=daily_treasury_real_yield_curve&field_tdr_date_value=2025&page&_format=csv
2025-07-15,4.50,2.09,2.41,10Y nominal Treasury par yield - 10Y TIPS par real yield,https://home.treasury.gov/resource-center/data-chart-center/interest-rates/daily-treasury-rates.csv/2025/all?type=daily_treasury_yield_curve&field_tdr_date_value=2025&page&_format=csv,https://home.treasury.gov/resource-center/data-chart-center/interest-rates/daily-treasury-rates.csv/2025/all?type=daily_treasury_real_yield_curve&field_tdr_date_value=2025&page&_format=csv
2025-07-16,4.46,2.05,2.41,10Y nominal Treasury par yield - 10Y TIPS par real yield,https://home.treasury.gov/resource-center/data-chart-center/interest-rates/daily-treasury-rates.csv/2025/all?type=daily_treasury_yield_curve&field_tdr_date_value=2025&page&_format=csv,https://home.treasury.gov/resource-center/data-chart-center/interest-rates/daily-treasury-rates.csv/2025/all?type=daily_treasury_real_yield_curve&field_tdr_date_value=2025&page&_format=csv
2025-07-17,4.47,2.04,2.43,10Y nominal Treasury par yield - 10Y TIPS par real yield,https://home.treasury.gov/resource-center/data-chart-center/interest-rates/daily-treasury-rates.csv/2025/all?type=daily_treasury_yield_curve&field_tdr_date_value=2025&page&_format=csv,https://home.treasury.gov/resource-center/data-chart-center/interest-rates/daily-treasury-rates.csv/2025/all?type=daily_treasury_real_yield_curve&field_tdr_date_value=2025&page&_format=csv
2025-07-18,4.44,2.03,2.41,10Y nominal Treasury par yield - 10Y TIPS par real yield,https://home.treasury.gov/resource-center/data-chart-center/interest-rates/daily-treasury-rates.csv/2025/all?type=daily_treasury_yield_curve&field_tdr_date_value=2025&page&_format=csv,https://home.treasury.gov/resource-center/data-chart-center/interest-rates/daily-treasury-rates.csv/2025/all?type=daily_treasury_real_yield_curve&field_tdr_date_value=2025&page&_format=csv
2025-07-21,4.38,1.98,2.40,10Y nominal Treasury par yield - 10Y TIPS par real yield,https://home.treasury.gov/resource-center/data-chart-center/interest-rates/daily-treasury-rates.csv/2025/all?type=daily_treasury_yield_curve&field_tdr_date_value=2025&page&_format=csv,https://home.treasury.gov/resource-center/data-chart-center/interest-rates/daily-treasury-rates.csv/2025/all?type=daily_treasury_real_yield_curve&field_tdr_date_value=2025&page&_format=csv
2025-07-22,4.35,1.96,2.39,10Y nominal Treasury par yield - 10Y TIPS par real yield,https://home.treasury.gov/resource-center/data-chart-center/interest-rates/daily-treasury-rates.csv/2025/all?type=daily_treasury_yield_curve&field_tdr_date_value=2025&page&_format=csv,https://home.treasury.gov/resource-center/data-chart-center/interest-rates/daily-treasury-rates.csv/2025/all?type=daily_treasury_real_yield_curve&field_tdr_date_value=2025&page&_format=csv
2025-07-23,4.40,2.03,2.37,10Y nominal Treasury par yield - 10Y TIPS par real yield,https://home.treasury.gov/resource-center/data-chart-center/interest-rates/daily-treasury-rates.csv/2025/all?type=daily_treasury_yield_curve&field_tdr_date_value=2025&page&_format=csv,https://home.treasury.gov/resource-center/data-chart-center/interest-rates/daily-treasury-rates.csv/2025/all?type=daily_treasury_real_yield_curve&field_tdr_date_value=2025&page&_format=csv
2025-07-24,4.43,1.98,2.45,10Y nominal Treasury par yield - 10Y TIPS par real yield,https://home.treasury.gov/resource-center/data-chart-center/interest-rates/daily-treasury-rates.csv/2025/all?type=daily_treasury_yield_curve&field_tdr_date_value=2025&page&_format=csv,https://home.treasury.gov/resource-center/data-chart-center/interest-rates/daily-treasury-rates.csv/2025/all?type=daily_treasury_real_yield_curve&field_tdr_date_value=2025&page&_format=csv
2025-07-25,4.40,1.96,2.44,10Y nominal Treasury par yield - 10Y TIPS par real yield,https://home.treasury.gov/resource-center/data-chart-center/interest-rates/daily-treasury-rates.csv/2025/all?type=daily_treasury_yield_curve&field_tdr_date_value=2025&page&_format=csv,https://home.treasury.gov/resource-center/data-chart-center/interest-rates/daily-treasury-rates.csv/2025/all?type=daily_treasury_real_yield_curve&field_tdr_date_value=2025&page&_format=csv
2025-07-28,4.42,1.98,2.44,10Y nominal Treasury par yield - 10Y TIPS par real yield,https://home.treasury.gov/resource-center/data-chart-center/interest-rates/daily-treasury-rates.csv/2025/all?type=daily_treasury_yield_curve&field_tdr_date_value=2025&page&_format=csv,https://home.treasury.gov/resource-center/data-chart-center/interest-rates/daily-treasury-rates.csv/2025/all?type=daily_treasury_real_yield_curve&field_tdr_date_value=2025&page&_format=csv
2025-07-29,4.34,1.91,2.43,10Y nominal Treasury par yield - 10Y TIPS par real yield,https://home.treasury.gov/resource-center/data-chart-center/interest-rates/daily-treasury-rates.csv/2025/all?type=daily_treasury_yield_curve&field_tdr_date_value=2025&page&_format=csv,https://home.treasury.gov/resource-center/data-chart-center/interest-rates/daily-treasury-rates.csv/2025/all?type=daily_treasury_real_yield_curve&field_tdr_date_value=2025&page&_format=csv
2025-07-30,4.38,1.96,2.42,10Y nominal Treasury par yield - 10Y TIPS par real yield,https://home.treasury.gov/resource-center/data-chart-center/interest-rates/daily-treasury-rates.csv/2025/all?type=daily_treasury_yield_curve&field_tdr_date_value=2025&page&_format=csv,https://home.treasury.gov/resource-center/data-chart-center/interest-rates/daily-treasury-rates.csv/2025/all?type=daily_treasury_real_yield_curve&field_tdr_date_value=2025&page&_format=csv
2025-07-31,4.37,1.98,2.39,10Y nominal Treasury par yield - 10Y TIPS par real yield,https://home.treasury.gov/resource-center/data-chart-center/interest-rates/daily-treasury-rates.csv/2025/all?type=daily_treasury_yield_curve&field_tdr_date_value=2025&page&_format=csv,https://home.treasury.gov/resource-center/data-chart-center/interest-rates/daily-treasury-rates.csv/2025/all?type=daily_treasury_real_yield_curve&field_tdr_date_value=2025&page&_format=csv
2025-08-01,4.23,1.90,2.33,10Y nominal Treasury par yield - 10Y TIPS par real yield,https://home.treasury.gov/resource-center/data-chart-center/interest-rates/daily-treasury-rates.csv/2025/all?type=daily_treasury_yield_curve&field_tdr_date_value=2025&page&_format=csv,https://home.treasury.gov/resource-center/data-chart-center/interest-rates/daily-treasury-rates.csv/2025/all?type=daily_treasury_real_yield_curve&field_tdr_date_value=2025&page&_format=csv
2025-08-04,4.22,1.85,2.37,10Y nominal Treasury par yield - 10Y TIPS par real yield,https://home.treasury.gov/resource-center/data-chart-center/interest-rates/daily-treasury-rates.csv/2025/all?type=daily_treasury_yield_curve&field_tdr_date_value=2025&page&_format=csv,https://home.treasury.gov/resource-center/data-chart-center/interest-rates/daily-treasury-rates.csv/2025/all?type=daily_treasury_real_yield_curve&field_tdr_date_value=2025&page&_format=csv
2025-08-05,4.22,1.86,2.36,10Y nominal Treasury par yield - 10Y TIPS par real yield,https://home.treasury.gov/resource-center/data-chart-center/interest-rates/daily-treasury-rates.csv/2025/all?type=daily_treasury_yield_curve&field_tdr_date_value=2025&page&_format=csv,https://home.treasury.gov/resource-center/data-chart-center/interest-rates/daily-treasury-rates.csv/2025/all?type=daily_treasury_real_yield_curve&field_tdr_date_value=2025&page&_format=csv
2025-08-06,4.22,1.88,2.34,10Y nominal Treasury par yield - 10Y TIPS par real yield,https://home.treasury.gov/resource-center/data-chart-center/interest-rates/daily-treasury-rates.csv/2025/all?type=daily_treasury_yield_curve&field_tdr_date_value=2025&page&_format=csv,https://home.treasury.gov/resource-center/data-chart-center/interest-rates/daily-treasury-rates.csv/2025/all?type=daily_treasury_real_yield_curve&field_tdr_date_value=2025&page&_format=csv
2025-08-07,4.23,1.88,2.35,10Y nominal Treasury par yield - 10Y TIPS par real yield,https://home.treasury.gov/resource-center/data-chart-center/interest-rates/daily-treasury-rates.csv/2025/all?type=daily_treasury_yield_curve&field_tdr_date_value=2025&page&_format=csv,https://home.treasury.gov/resource-center/data-chart-center/interest-rates/daily-treasury-rates.csv/2025/all?type=daily_treasury_real_yield_curve&field_tdr_date_value=2025&page&_format=csv
2025-08-08,4.27,1.88,2.39,10Y nominal Treasury par yield - 10Y TIPS par real yield,https://home.treasury.gov/resource-center/data-chart-center/interest-rates/daily-treasury-rates.csv/2025/all?type=daily_treasury_yield_curve&field_tdr_date_value=2025&page&_format=csv,https://home.treasury.gov/resource-center/data-chart-center/interest-rates/daily-treasury-rates.csv/2025/all?type=daily_treasury_real_yield_curve&field_tdr_date_value=2025&page&_format=csv
2025-08-11,4.27,1.87,2.40,10Y nominal Treasury par yield - 10Y TIPS par real yield,https://home.treasury.gov/resource-center/data-chart-center/interest-rates/daily-treasury-rates.csv/2025/all?type=daily_treasury_yield_curve&field_tdr_date_value=2025&page&_format=csv,https://home.treasury.gov/resource-center/data-chart-center/interest-rates/daily-treasury-rates.csv/2025/all?type=daily_treasury_real_yield_curve&field_tdr_date_value=2025&page&_format=csv
2025-08-12,4.29,1.91,2.38,10Y nominal Treasury par yield - 10Y TIPS par real yield,https://home.treasury.gov/resource-center/data-chart-center/interest-rates/daily-treasury-rates.csv/2025/all?type=daily_treasury_yield_curve&field_tdr_date_value=2025&page&_format=csv,https://home.treasury.gov/resource-center/data-chart-center/interest-rates/daily-treasury-rates.csv/2025/all?type=daily_treasury_real_yield_curve&field_tdr_date_value=2025&page&_format=csv
2025-08-13,4.24,1.87,2.37,10Y nominal Treasury par yield - 10Y TIPS par real yield,https://home.treasury.gov/resource-center/data-chart-center/interest-rates/daily-treasury-rates.csv/2025/all?type=daily_treasury_yield_curve&field_tdr_date_value=2025&page&_format=csv,https://home.treasury.gov/resource-center/data-chart-center/interest-rates/daily-treasury-rates.csv/2025/all?type=daily_treasury_real_yield_curve&field_tdr_date_value=2025&page&_format=csv
2025-08-14,4.29,1.90,2.39,10Y nominal Treasury par yield - 10Y TIPS par real yield,https://home.treasury.gov/resource-center/data-chart-center/interest-rates/daily-treasury-rates.csv/2025/all?type=daily_treasury_yield_curve&field_tdr_date_value=2025&page&_format=csv,https://home.treasury.gov/resource-center/data-chart-center/interest-rates/daily-treasury-rates.csv/2025/all?type=daily_treasury_real_yield_curve&field_tdr_date_value=2025&page&_format=csv
2025-08-15,4.33,1.95,2.38,10Y nominal Treasury par yield - 10Y TIPS par real yield,https://home.treasury.gov/resource-center/data-chart-center/interest-rates/daily-treasury-rates.csv/2025/all?type=daily_treasury_yield_curve&field_tdr_date_value=2025&page&_format=csv,https://home.treasury.gov/resource-center/data-chart-center/interest-rates/daily-treasury-rates.csv/2025/all?type=daily_treasury_real_yield_curve&field_tdr_date_value=2025&page&_format=csv
2025-08-18,4.34,1.96,2.38,10Y nominal Treasury par yield - 10Y TIPS par real yield,https://home.treasury.gov/resource-center/data-chart-center/interest-rates/daily-treasury-rates.csv/2025/all?type=daily_treasury_yield_curve&field_tdr_date_value=2025&page&_format=csv,https://home.treasury.gov/resource-center/data-chart-center/interest-rates/daily-treasury-rates.csv/2025/all?type=daily_treasury_real_yield_curve&field_tdr_date_value=2025&page&_format=csv
2025-08-19,4.30,1.95,2.35,10Y nominal Treasury par yield - 10Y TIPS par real yield,https://home.treasury.gov/resource-center/data-chart-center/interest-rates/daily-treasury-rates.csv/2025/all?type=daily_treasury_yield_curve&field_tdr_date_value=2025&page&_format=csv,https://home.treasury.gov/resource-center/data-chart-center/interest-rates/daily-treasury-rates.csv/2025/all?type=daily_treasury_real_yield_curve&field_tdr_date_value=2025&page&_format=csv
2025-08-20,4.29,1.94,2.35,10Y nominal Treasury par yield - 10Y TIPS par real yield,https://home.treasury.gov/resource-center/data-chart-center/interest-rates/daily-treasury-rates.csv/2025/all?type=daily_treasury_yield_curve&field_tdr_date_value=2025&page&_format=csv,https://home.treasury.gov/resource-center/data-chart-center/interest-rates/daily-treasury-rates.csv/2025/all?type=daily_treasury_real_yield_curve&field_tdr_date_value=2025&page&_format=csv
2025-08-21,4.33,1.94,2.39,10Y nominal Treasury par yield - 10Y TIPS par real yield,https://home.treasury.gov/resource-center/data-chart-center/interest-rates/daily-treasury-rates.csv/2025/all?type=daily_treasury_yield_curve&field_tdr_date_value=2025&page&_format=csv,https://home.treasury.gov/resource-center/data-chart-center/interest-rates/daily-treasury-rates.csv/2025/all?type=daily_treasury_real_yield_curve&field_tdr_date_value=2025&page&_format=csv
2025-08-22,4.26,1.85,2.41,10Y nominal Treasury par yield - 10Y TIPS par real yield,https://home.treasury.gov/resource-center/data-chart-center/interest-rates/daily-treasury-rates.csv/2025/all?type=daily_treasury_yield_curve&field_tdr_date_value=2025&page&_format=csv,https://home.treasury.gov/resource-center/data-chart-center/interest-rates/daily-treasury-rates.csv/2025/all?type=daily_treasury_real_yield_curve&field_tdr_date_value=2025&page&_format=csv
2025-08-25,4.28,1.87,2.41,10Y nominal Treasury par yield - 10Y TIPS par real yield,https://home.treasury.gov/resource-center/data-chart-center/interest-rates/daily-treasury-rates.csv/2025/all?type=daily_treasury_yield_curve&field_tdr_date_value=2025&page&_format=csv,https://home.treasury.gov/resource-center/data-chart-center/interest-rates/daily-treasury-rates.csv/2025/all?type=daily_treasury_real_yield_curve&field_tdr_date_value=2025&page&_format=csv
2025-08-26,4.26,1.84,2.42,10Y nominal Treasury par yield - 10Y TIPS par real yield,https://home.treasury.gov/resource-center/data-chart-center/interest-rates/daily-treasury-rates.csv/2025/all?type=daily_treasury_yield_curve&field_tdr_date_value=2025&page&_format=csv,https://home.treasury.gov/resource-center/data-chart-center/interest-rates/daily-treasury-rates.csv/2025/all?type=daily_treasury_real_yield_curve&field_tdr_date_value=2025&page&_format=csv
2025-08-27,4.24,1.81,2.43,10Y nominal Treasury par yield - 10Y TIPS par real yield,https://home.treasury.gov/resource-center/data-chart-center/interest-rates/daily-treasury-rates.csv/2025/all?type=daily_treasury_yield_curve&field_tdr_date_value=2025&page&_format=csv,https://home.treasury.gov/resource-center/data-chart-center/interest-rates/daily-treasury-rates.csv/2025/all?type=daily_treasury_real_yield_curve&field_tdr_date_value=2025&page&_format=csv
2025-08-28,4.22,1.81,2.41,10Y nominal Treasury par yield - 10Y TIPS par real yield,https://home.treasury.gov/resource-center/data-chart-center/interest-rates/daily-treasury-rates.csv/2025/all?type=daily_treasury_yield_curve&field_tdr_date_value=2025&page&_format=csv,https://home.treasury.gov/resource-center/data-chart-center/interest-rates/daily-treasury-rates.csv/2025/all?type=daily_treasury_real_yield_curve&field_tdr_date_value=2025&page&_format=csv
2025-08-29,4.23,1.82,2.41,10Y nominal Treasury par yield - 10Y TIPS par real yield,https://home.treasury.gov/resource-center/data-chart-center/interest-rates/daily-treasury-rates.csv/2025/all?type=daily_treasury_yield_curve&field_tdr_date_value=2025&page&_format=csv,https://home.treasury.gov/resource-center/data-chart-center/interest-rates/daily-treasury-rates.csv/2025/all?type=daily_treasury_real_yield_curve&field_tdr_date_value=2025&page&_format=csv
2025-09-02,4.28,1.87,2.41,10Y nominal Treasury par yield - 10Y TIPS par real yield,https://home.treasury.gov/resource-center/data-chart-center/interest-rates/daily-treasury-rates.csv/2025/all?type=daily_treasury_yield_curve&field_tdr_date_value=2025&page&_format=csv,https://home.treasury.gov/resource-center/data-chart-center/interest-rates/daily-treasury-rates.csv/2025/all?type=daily_treasury_real_yield_curve&field_tdr_date_value=2025&page&_format=csv
2025-09-03,4.22,1.82,2.40,10Y nominal Treasury par yield - 10Y TIPS par real yield,https://home.treasury.gov/resource-center/data-chart-center/interest-rates/daily-treasury-rates.csv/2025/all?type=daily_treasury_yield_curve&field_tdr_date_value=2025&page&_format=csv,https://home.treasury.gov/resource-center/data-chart-center/interest-rates/daily-treasury-rates.csv/2025/all?type=daily_treasury_real_yield_curve&field_tdr_date_value=2025&page&_format=csv
2025-09-04,4.17,1.79,2.38,10Y nominal Treasury par yield - 10Y TIPS par real yield,https://home.treasury.gov/resource-center/data-chart-center/interest-rates/daily-treasury-rates.csv/2025/all?type=daily_treasury_yield_curve&field_tdr_date_value=2025&page&_format=csv,https://home.treasury.gov/resource-center/data-chart-center/interest-rates/daily-treasury-rates.csv/2025/all?type=daily_treasury_real_yield_curve&field_tdr_date_value=2025&page&_format=csv
2025-09-05,4.10,1.73,2.37,10Y nominal Treasury par yield - 10Y TIPS par real yield,https://home.treasury.gov/resource-center/data-chart-center/interest-rates/daily-treasury-rates.csv/2025/all?type=daily_treasury_yield_curve&field_tdr_date_value=2025&page&_format=csv,https://home.treasury.gov/resource-center/data-chart-center/interest-rates/daily-treasury-rates.csv/2025/all?type=daily_treasury_real_yield_curve&field_tdr_date_value=2025&page&_format=csv
2025-09-08,4.05,1.70,2.35,10Y nominal Treasury par yield - 10Y TIPS par real yield,https://home.treasury.gov/resource-center/data-chart-center/interest-rates/daily-treasury-rates.csv/2025/all?type=daily_treasury_yield_curve&field_tdr_date_value=2025&page&_format=csv,https://home.treasury.gov/resource-center/data-chart-center/interest-rates/daily-treasury-rates.csv/2025/all?type=daily_treasury_real_yield_curve&field_tdr_date_value=2025&page&_format=csv
2025-09-09,4.08,1.72,2.36,10Y nominal Treasury par yield - 10Y TIPS par real yield,https://home.treasury.gov/resource-center/data-chart-center/interest-rates/daily-treasury-rates.csv/2025/all?type=daily_treasury_yield_curve&field_tdr_date_value=2025&page&_format=csv,https://home.treasury.gov/resource-center/data-chart-center/interest-rates/daily-treasury-rates.csv/2025/all?type=daily_treasury_real_yield_curve&field_tdr_date_value=2025&page&_format=csv
2025-09-10,4.04,1.69,2.35,10Y nominal Treasury par yield - 10Y TIPS par real yield,https://home.treasury.gov/resource-center/data-chart-center/interest-rates/daily-treasury-rates.csv/2025/all?type=daily_treasury_yield_curve&field_tdr_date_value=2025&page&_format=csv,https://home.treasury.gov/resource-center/data-chart-center/interest-rates/daily-treasury-rates.csv/2025/all?type=daily_treasury_real_yield_curve&field_tdr_date_value=2025&page&_format=csv
2025-09-11,4.01,1.67,2.34,10Y nominal Treasury par yield - 10Y TIPS par real yield,https://home.treasury.gov/resource-center/data-chart-center/interest-rates/daily-treasury-rates.csv/2025/all?type=daily_treasury_yield_curve&field_tdr_date_value=2025&page&_format=csv,https://home.treasury.gov/resource-center/data-chart-center/interest-rates/daily-treasury-rates.csv/2025/all?type=daily_treasury_real_yield_curve&field_tdr_date_value=2025&page&_format=csv
2025-09-12,4.06,1.70,2.36,10Y nominal Treasury par yield - 10Y TIPS par real yield,https://home.treasury.gov/resource-center/data-chart-center/interest-rates/daily-treasury-rates.csv/2025/all?type=daily_treasury_yield_curve&field_tdr_date_value=2025&page&_format=csv,https://home.treasury.gov/resource-center/data-chart-center/interest-rates/daily-treasury-rates.csv/2025/all?type=daily_treasury_real_yield_curve&field_tdr_date_value=2025&page&_format=csv
2025-09-15,4.05,1.68,2.37,10Y nominal Treasury par yield - 10Y TIPS par real yield,https://home.treasury.gov/resource-center/data-chart-center/interest-rates/daily-treasury-rates.csv/2025/all?type=daily_treasury_yield_curve&field_tdr_date_value=2025&page&_format=csv,https://home.treasury.gov/resource-center/data-chart-center/interest-rates/daily-treasury-rates.csv/2025/all?type=daily_treasury_real_yield_curve&field_tdr_date_value=2025&page&_format=csv
2025-09-16,4.04,1.67,2.37,10Y nominal Treasury par yield - 10Y TIPS par real yield,https://home.treasury.gov/resource-center/data-chart-center/interest-rates/daily-treasury-rates.csv/2025/all?type=daily_treasury_yield_curve&field_tdr_date_value=2025&page&_format=csv,https://home.treasury.gov/resource-center/data-chart-center/interest-rates/daily-treasury-rates.csv/2025/all?type=daily_treasury_real_yield_curve&field_tdr_date_value=2025&page&_format=csv
2025-09-17,4.06,1.68,2.38,10Y nominal Treasury par yield - 10Y TIPS par real yield,https://home.treasury.gov/resource-center/data-chart-center/interest-rates/daily-treasury-rates.csv/2025/all?type=daily_treasury_yield_curve&field_tdr_date_value=2025&page&_format=csv,https://home.treasury.gov/resource-center/data-chart-center/interest-rates/daily-treasury-rates.csv/2025/all?type=daily_treasury_real_yield_curve&field_tdr_date_value=2025&page&_format=csv
2025-09-18,4.11,1.73,2.38,10Y nominal Treasury par yield - 10Y TIPS par real yield,https://home.treasury.gov/resource-center/data-chart-center/interest-rates/daily-treasury-rates.csv/2025/all?type=daily_treasury_yield_curve&field_tdr_date_value=2025&page&_format=csv,https://home.treasury.gov/resource-center/data-chart-center/interest-rates/daily-treasury-rates.csv/2025/all?type=daily_treasury_real_yield_curve&field_tdr_date_value=2025&page&_format=csv
2025-09-19,4.14,1.75,2.39,10Y nominal Treasury par yield - 10Y TIPS par real yield,https://home.treasury.gov/resource-center/data-chart-center/interest-rates/daily-treasury-rates.csv/2025/all?type=daily_treasury_yield_curve&field_tdr_date_value=2025&page&_format=csv,https://home.treasury.gov/resource-center/data-chart-center/interest-rates/daily-treasury-rates.csv/2025/all?type=daily_treasury_real_yield_curve&field_tdr_date_value=2025&page&_format=csv
2025-09-22,4.15,1.78,2.37,10Y nominal Treasury par yield - 10Y TIPS par real yield,https://home.treasury.gov/resource-center/data-chart-center/interest-rates/daily-treasury-rates.csv/2025/all?type=daily_treasury_yield_curve&field_tdr_date_value=2025&page&_format=csv,https://home.treasury.gov/resource-center/data-chart-center/interest-rates/daily-treasury-rates.csv/2025/all?type=daily_treasury_real_yield_curve&field_tdr_date_value=2025&page&_format=csv
2025-09-23,4.12,1.75,2.37,10Y nominal Treasury par yield - 10Y TIPS par real yield,https://home.treasury.gov/resource-center/data-chart-center/interest-rates/daily-treasury-rates.csv/2025/all?type=daily_treasury_yield_curve&field_tdr_date_value=2025&page&_format=csv,https://home.treasury.gov/resource-center/data-chart-center/interest-rates/daily-treasury-rates.csv/2025/all?type=daily_treasury_real_yield_curve&field_tdr_date_value=2025&page&_format=csv
2025-09-24,4.16,1.78,2.38,10Y nominal Treasury par yield - 10Y TIPS par real yield,https://home.treasury.gov/resource-center/data-chart-center/interest-rates/daily-treasury-rates.csv/2025/all?type=daily_treasury_yield_curve&field_tdr_date_value=2025&page&_format=csv,https://home.treasury.gov/resource-center/data-chart-center/interest-rates/daily-treasury-rates.csv/2025/all?type=daily_treasury_real_yield_curve&field_tdr_date_value=2025&page&_format=csv
2025-09-25,4.18,1.80,2.38,10Y nominal Treasury par yield - 10Y TIPS par real yield,https://home.treasury.gov/resource-center/data-chart-center/interest-rates/daily-treasury-rates.csv/2025/all?type=daily_treasury_yield_curve&field_tdr_date_value=2025&page&_format=csv,https://home.treasury.gov/resource-center/data-chart-center/interest-rates/daily-treasury-rates.csv/2025/all?type=daily_treasury_real_yield_curve&field_tdr_date_value=2025&page&_format=csv
2025-09-26,4.20,1.82,2.38,10Y nominal Treasury par yield - 10Y TIPS par real yield,https://home.treasury.gov/resource-center/data-chart-center/interest-rates/daily-treasury-rates.csv/2025/all?type=daily_treasury_yield_curve&field_tdr_date_value=2025&page&_format=csv,https://home.treasury.gov/resource-center/data-chart-center/interest-rates/daily-treasury-rates.csv/2025/all?type=daily_treasury_real_yield_curve&field_tdr_date_value=2025&page&_format=csv
2025-09-29,4.15,1.80,2.35,10Y nominal Treasury par yield - 10Y TIPS par real yield,https://home.treasury.gov/resource-center/data-chart-center/interest-rates/daily-treasury-rates.csv/2025/all?type=daily_treasury_yield_curve&field_tdr_date_value=2025&page&_format=csv,https://home.treasury.gov/resource-center/data-chart-center/interest-rates/daily-treasury-rates.csv/2025/all?type=daily_treasury_real_yield_curve&field_tdr_date_value=2025&page&_format=csv
2025-09-30,4.16,1.80,2.36,10Y nominal Treasury par yield - 10Y TIPS par real yield,https://home.treasury.gov/resource-center/data-chart-center/interest-rates/daily-treasury-rates.csv/2025/all?type=daily_treasury_yield_curve&field_tdr_date_value=2025&page&_format=csv,https://home.treasury.gov/resource-center/data-chart-center/interest-rates/daily-treasury-rates.csv/2025/all?type=daily_treasury_real_yield_curve&field_tdr_date_value=2025&page&_format=csv
2025-10-01,4.12,1.77,2.35,10Y nominal Treasury par yield - 10Y TIPS par real yield,https://home.treasury.gov/resource-center/data-chart-center/interest-rates/daily-treasury-rates.csv/2025/all?type=daily_treasury_yield_curve&field_tdr_date_value=2025&page&_format=csv,https://home.treasury.gov/resource-center/data-chart-center/interest-rates/daily-treasury-rates.csv/2025/all?type=daily_treasury_real_yield_curve&field_tdr_date_value=2025&page&_format=csv
2025-10-02,4.10,1.76,2.34,10Y nominal Treasury par yield - 10Y TIPS par real yield,https://home.treasury.gov/resource-center/data-chart-center/interest-rates/daily-treasury-rates.csv/2025/all?type=daily_treasury_yield_curve&field_tdr_date_value=2025&page&_format=csv,https://home.treasury.gov/resource-center/data-chart-center/interest-rates/daily-treasury-rates.csv/2025/all?type=daily_treasury_real_yield_curve&field_tdr_date_value=2025&page&_format=csv
2025-10-03,4.13,1.80,2.33,10Y nominal Treasury par yield - 10Y TIPS par real yield,https://home.treasury.gov/resource-center/data-chart-center/interest-rates/daily-treasury-rates.csv/2025/all?type=daily_treasury_yield_curve&field_tdr_date_value=2025&page&_format=csv,https://home.treasury.gov/resource-center/data-chart-center/interest-rates/daily-treasury-rates.csv/2025/all?type=daily_treasury_real_yield_curve&field_tdr_date_value=2025&page&_format=csv
2025-10-06,4.18,1.84,2.34,10Y nominal Treasury par yield - 10Y TIPS par real yield,https://home.treasury.gov/resource-center/data-chart-center/interest-rates/daily-treasury-rates.csv/2025/all?type=daily_treasury_yield_curve&field_tdr_date_value=2025&page&_format=csv,https://home.treasury.gov/resource-center/data-chart-center/interest-rates/daily-treasury-rates.csv/2025/all?type=daily_treasury_real_yield_curve&field_tdr_date_value=2025&page&_format=csv
2025-10-07,4.14,1.79,2.35,10Y nominal Treasury par yield - 10Y TIPS par real yield,https://home.treasury.gov/resource-center/data-chart-center/interest-rates/daily-treasury-rates.csv/2025/all?type=daily_treasury_yield_curve&field_tdr_date_value=2025&page&_format=csv,https://home.treasury.gov/resource-center/data-chart-center/interest-rates/daily-treasury-rates.csv/2025/all?type=daily_treasury_real_yield_curve&field_tdr_date_value=2025&page&_format=csv
2025-10-08,4.13,1.78,2.35,10Y nominal Treasury par yield - 10Y TIPS par real yield,https://home.treasury.gov/resource-center/data-chart-center/interest-rates/daily-treasury-rates.csv/2025/all?type=daily_treasury_yield_curve&field_tdr_date_value=2025&page&_format=csv,https://home.treasury.gov/resource-center/data-chart-center/interest-rates/daily-treasury-rates.csv/2025/all?type=daily_treasury_real_yield_curve&field_tdr_date_value=2025&page&_format=csv
2025-10-09,4.14,1.80,2.34,10Y nominal Treasury par yield - 10Y TIPS par real yield,https://home.treasury.gov/resource-center/data-chart-center/interest-rates/daily-treasury-rates.csv/2025/all?type=daily_treasury_yield_curve&field_tdr_date_value=2025&page&_format=csv,https://home.treasury.gov/resource-center/data-chart-center/interest-rates/daily-treasury-rates.csv/2025/all?type=daily_treasury_real_yield_curve&field_tdr_date_value=2025&page&_format=csv
2025-10-10,4.05,1.75,2.30,10Y nominal Treasury par yield - 10Y TIPS par real yield,https://home.treasury.gov/resource-center/data-chart-center/interest-rates/daily-treasury-rates.csv/2025/all?type=daily_treasury_yield_curve&field_tdr_date_value=2025&page&_format=csv,https://home.treasury.gov/resource-center/data-chart-center/interest-rates/daily-treasury-rates.csv/2025/all?type=daily_treasury_real_yield_curve&field_tdr_date_value=2025&page&_format=csv
2025-10-14,4.03,1.73,2.30,10Y nominal Treasury par yield - 10Y TIPS par real yield,https://home.treasury.gov/resource-center/data-chart-center/interest-rates/daily-treasury-rates.csv/2025/all?type=daily_treasury_yield_curve&field_tdr_date_value=2025&page&_format=csv,https://home.treasury.gov/resource-center/data-chart-center/interest-rates/daily-treasury-rates.csv/2025/all?type=daily_treasury_real_yield_curve&field_tdr_date_value=2025&page&_format=csv
2025-10-15,4.05,1.76,2.29,10Y nominal Treasury par yield - 10Y TIPS par real yield,https://home.treasury.gov/resource-center/data-chart-center/interest-rates/daily-treasury-rates.csv/2025/all?type=daily_treasury_yield_curve&field_tdr_date_value=2025&page&_format=csv,https://home.treasury.gov/resource-center/data-chart-center/interest-rates/daily-treasury-rates.csv/2025/all?type=daily_treasury_real_yield_curve&field_tdr_date_value=2025&page&_format=csv
2025-10-16,3.99,1.71,2.28,10Y nominal Treasury par yield - 10Y TIPS par real yield,https://home.treasury.gov/resource-center/data-chart-center/interest-rates/daily-treasury-rates.csv/2025/all?type=daily_treasury_yield_curve&field_tdr_date_value=2025&page&_format=csv,https://home.treasury.gov/resource-center/data-chart-center/interest-rates/daily-treasury-rates.csv/2025/all?type=daily_treasury_real_yield_curve&field_tdr_date_value=2025&page&_format=csv
2025-10-17,4.02,1.75,2.27,10Y nominal Treasury par yield - 10Y TIPS par real yield,https://home.treasury.gov/resource-center/data-chart-center/interest-rates/daily-treasury-rates.csv/2025/all?type=daily_treasury_yield_curve&field_tdr_date_value=2025&page&_format=csv,https://home.treasury.gov/resource-center/data-chart-center/interest-rates/daily-treasury-rates.csv/2025/all?type=daily_treasury_real_yield_curve&field_tdr_date_value=2025&page&_format=csv
2025-10-20,4.00,1.74,2.26,10Y nominal Treasury par yield - 10Y TIPS par real yield,https://home.treasury.gov/resource-center/data-chart-center/interest-rates/daily-treasury-rates.csv/2025/all?type=daily_treasury_yield_curve&field_tdr_date_value=2025&page&_format=csv,https://home.treasury.gov/resource-center/data-chart-center/interest-rates/daily-treasury-rates.csv/2025/all?type=daily_treasury_real_yield_curve&field_tdr_date_value=2025&page&_format=csv
2025-10-21,3.98,1.70,2.28,10Y nominal Treasury par yield - 10Y TIPS par real yield,https://home.treasury.gov/resource-center/data-chart-center/interest-rates/daily-treasury-rates.csv/2025/all?type=daily_treasury_yield_curve&field_tdr_date_value=2025&page&_format=csv,https://home.treasury.gov/resource-center/data-chart-center/interest-rates/daily-treasury-rates.csv/2025/all?type=daily_treasury_real_yield_curve&field_tdr_date_value=2025&page&_format=csv
2025-10-22,3.97,1.68,2.29,10Y nominal Treasury par yield - 10Y TIPS par real yield,https://home.treasury.gov/resource-center/data-chart-center/interest-rates/daily-treasury-rates.csv/2025/all?type=daily_treasury_yield_curve&field_tdr_date_value=2025&page&_format=csv,https://home.treasury.gov/resource-center/data-chart-center/interest-rates/daily-treasury-rates.csv/2025/all?type=daily_treasury_real_yield_curve&field_tdr_date_value=2025&page&_format=csv
2025-10-23,4.01,1.71,2.30,10Y nominal Treasury par yield - 10Y TIPS par real yield,https://home.treasury.gov/resource-center/data-chart-center/interest-rates/daily-treasury-rates.csv/2025/all?type=daily_treasury_yield_curve&field_tdr_date_value=2025&page&_format=csv,https://home.treasury.gov/resource-center/data-chart-center/interest-rates/daily-treasury-rates.csv/2025/all?type=daily_treasury_real_yield_curve&field_tdr_date_value=2025&page&_format=csv
2025-10-24,4.02,1.73,2.29,10Y nominal Treasury par yield - 10Y TIPS par real yield,https://home.treasury.gov/resource-center/data-chart-center/interest-rates/daily-treasury-rates.csv/2025/all?type=daily_treasury_yield_curve&field_tdr_date_value=2025&page&_format=csv,https://home.treasury.gov/resource-center/data-chart-center/interest-rates/daily-treasury-rates.csv/2025/all?type=daily_treasury_real_yield_curve&field_tdr_date_value=2025&page&_format=csv
2025-10-27,4.01,1.73,2.28,10Y nominal Treasury par yield - 10Y TIPS par real yield,https://home.treasury.gov/resource-center/data-chart-center/interest-rates/daily-treasury-rates.csv/2025/all?type=daily_treasury_yield_curve&field_tdr_date_value=2025&page&_format=csv,https://home.treasury.gov/resource-center/data-chart-center/interest-rates/daily-treasury-rates.csv/2025/all?type=daily_treasury_real_yield_curve&field_tdr_date_value=2025&page&_format=csv
2025-10-28,3.99,1.71,2.28,10Y nominal Treasury par yield - 10Y TIPS par real yield,https://home.treasury.gov/resource-center/data-chart-center/interest-rates/daily-treasury-rates.csv/2025/all?type=daily_treasury_yield_curve&field_tdr_date_value=2025&page&_format=csv,https://home.treasury.gov/resource-center/data-chart-center/interest-rates/daily-treasury-rates.csv/2025/all?type=daily_treasury_real_yield_curve&field_tdr_date_value=2025&page&_format=csv
2025-10-29,4.08,1.78,2.30,10Y nominal Treasury par yield - 10Y TIPS par real yield,https://home.treasury.gov/resource-center/data-chart-center/interest-rates/daily-treasury-rates.csv/2025/all?type=daily_treasury_yield_curve&field_tdr_date_value=2025&page&_format=csv,https://home.treasury.gov/resource-center/data-chart-center/interest-rates/daily-treasury-rates.csv/2025/all?type=daily_treasury_real_yield_curve&field_tdr_date_value=2025&page&_format=csv
2025-10-30,4.11,1.82,2.29,10Y nominal Treasury par yield - 10Y TIPS par real yield,https://home.treasury.gov/resource-center/data-chart-center/interest-rates/daily-treasury-rates.csv/2025/all?type=daily_treasury_yield_curve&field_tdr_date_value=2025&page&_format=csv,https://home.treasury.gov/resource-center/data-chart-center/interest-rates/daily-treasury-rates.csv/2025/all?type=daily_treasury_real_yield_curve&field_tdr_date_value=2025&page&_format=csv
2025-10-31,4.11,1.81,2.30,10Y nominal Treasury par yield - 10Y TIPS par real yield,https://home.treasury.gov/resource-center/data-chart-center/interest-rates/daily-treasury-rates.csv/2025/all?type=daily_treasury_yield_curve&field_tdr_date_value=2025&page&_format=csv,https://home.treasury.gov/resource-center/data-chart-center/interest-rates/daily-treasury-rates.csv/2025/all?type=daily_treasury_real_yield_curve&field_tdr_date_value=2025&page&_format=csv
2025-11-03,4.13,1.82,2.31,10Y nominal Treasury par yield - 10Y TIPS par real yield,https://home.treasury.gov/resource-center/data-chart-center/interest-rates/daily-treasury-rates.csv/2025/all?type=daily_treasury_yield_curve&field_tdr_date_value=2025&page&_format=csv,https://home.treasury.gov/resource-center/data-chart-center/interest-rates/daily-treasury-rates.csv/2025/all?type=daily_treasury_real_yield_curve&field_tdr_date_value=2025&page&_format=csv
2025-11-04,4.10,1.81,2.29,10Y nominal Treasury par yield - 10Y TIPS par real yield,https://home.treasury.gov/resource-center/data-chart-center/interest-rates/daily-treasury-rates.csv/2025/all?type=daily_treasury_yield_curve&field_tdr_date_value=2025&page&_format=csv,https://home.treasury.gov/resource-center/data-chart-center/interest-rates/daily-treasury-rates.csv/2025/all?type=daily_treasury_real_yield_curve&field_tdr_date_value=2025&page&_format=csv
2025-11-05,4.17,1.87,2.30,10Y nominal Treasury par yield - 10Y TIPS par real yield,https://home.treasury.gov/resource-center/data-chart-center/interest-rates/daily-treasury-rates.csv/2025/all?type=daily_treasury_yield_curve&field_tdr_date_value=2025&page&_format=csv,https://home.treasury.gov/resource-center/data-chart-center/interest-rates/daily-treasury-rates.csv/2025/all?type=daily_treasury_real_yield_curve&field_tdr_date_value=2025&page&_format=csv
2025-11-06,4.11,1.83,2.28,10Y nominal Treasury par yield - 10Y TIPS par real yield,https://home.treasury.gov/resource-center/data-chart-center/interest-rates/daily-treasury-rates.csv/2025/all?type=daily_treasury_yield_curve&field_tdr_date_value=2025&page&_format=csv,https://home.treasury.gov/resource-center/data-chart-center/interest-rates/daily-treasury-rates.csv/2025/all?type=daily_treasury_real_yield_curve&field_tdr_date_value=2025&page&_format=csv
2025-11-07,4.11,1.83,2.28,10Y nominal Treasury par yield - 10Y TIPS par real yield,https://home.treasury.gov/resource-center/data-chart-center/interest-rates/daily-treasury-rates.csv/2025/all?type=daily_treasury_yield_curve&field_tdr_date_value=2025&page&_format=csv,https://home.treasury.gov/resource-center/data-chart-center/interest-rates/daily-treasury-rates.csv/2025/all?type=daily_treasury_real_yield_curve&field_tdr_date_value=2025&page&_format=csv
2025-11-10,4.13,1.84,2.29,10Y nominal Treasury par yield - 10Y TIPS par real yield,https://home.treasury.gov/resource-center/data-chart-center/interest-rates/daily-treasury-rates.csv/2025/all?type=daily_treasury_yield_curve&field_tdr_date_value=2025&page&_format=csv,https://home.treasury.gov/resource-center/data-chart-center/interest-rates/daily-treasury-rates.csv/2025/all?type=daily_treasury_real_yield_curve&field_tdr_date_value=2025&page&_format=csv
2025-11-12,4.08,1.81,2.27,10Y nominal Treasury par yield - 10Y TIPS par real yield,https://home.treasury.gov/resource-center/data-chart-center/interest-rates/daily-treasury-rates.csv/2025/all?type=daily_treasury_yield_curve&field_tdr_date_value=2025&page&_format=csv,https://home.treasury.gov/resource-center/data-chart-center/interest-rates/daily-treasury-rates.csv/2025/all?type=daily_treasury_real_yield_curve&field_tdr_date_value=2025&page&_format=csv
2025-11-13,4.11,1.83,2.28,10Y nominal Treasury par yield - 10Y TIPS par real yield,https://home.treasury.gov/resource-center/data-chart-center/interest-rates/daily-treasury-rates.csv/2025/all?type=daily_treasury_yield_curve&field_tdr_date_value=2025&page&_format=csv,https://home.treasury.gov/resource-center/data-chart-center/interest-rates/daily-treasury-rates.csv/2025/all?type=daily_treasury_real_yield_curve&field_tdr_date_value=2025&page&_format=csv
2025-11-14,4.14,1.86,2.28,10Y nominal Treasury par yield - 10Y TIPS par real yield,https://home.treasury.gov/resource-center/data-chart-center/interest-rates/daily-treasury-rates.csv/2025/all?type=daily_treasury_yield_curve&field_tdr_date_value=2025&page&_format=csv,https://home.treasury.gov/resource-center/data-chart-center/interest-rates/daily-treasury-rates.csv/2025/all?type=daily_treasury_real_yield_curve&field_tdr_date_value=2025&page&_format=csv
2025-11-17,4.13,1.85,2.28,10Y nominal Treasury par yield - 10Y TIPS par real yield,https://home.treasury.gov/resource-center/data-chart-center/interest-rates/daily-treasury-rates.csv/2025/all?type=daily_treasury_yield_curve&field_tdr_date_value=2025&page&_format=csv,https://home.treasury.gov/resource-center/data-chart-center/interest-rates/daily-treasury-rates.csv/2025/all?type=daily_treasury_real_yield_curve&field_tdr_date_value=2025&page&_format=csv
2025-11-18,4.12,1.85,2.27,10Y nominal Treasury par yield - 10Y TIPS par real yield,https://home.treasury.gov/resource-center/data-chart-center/interest-rates/daily-treasury-rates.csv/2025/all?type=daily_treasury_yield_curve&field_tdr_date_value=2025&page&_format=csv,https://home.treasury.gov/resource-center/data-chart-center/interest-rates/daily-treasury-rates.csv/2025/all?type=daily_treasury_real_yield_curve&field_tdr_date_value=2025&page&_format=csv
2025-11-19,4.13,1.86,2.27,10Y nominal Treasury par yield - 10Y TIPS par real yield,https://home.treasury.gov/resource-center/data-chart-center/interest-rates/daily-treasury-rates.csv/2025/all?type=daily_treasury_yield_curve&field_tdr_date_value=2025&page&_format=csv,https://home.treasury.gov/resource-center/data-chart-center/interest-rates/daily-treasury-rates.csv/2025/all?type=daily_treasury_real_yield_curve&field_tdr_date_value=2025&page&_format=csv
2025-11-20,4.10,1.86,2.24,10Y nominal Treasury par yield - 10Y TIPS par real yield,https://home.treasury.gov/resource-center/data-chart-center/interest-rates/daily-treasury-rates.csv/2025/all?type=daily_treasury_yield_curve&field_tdr_date_value=2025&page&_format=csv,https://home.treasury.gov/resource-center/data-chart-center/interest-rates/daily-treasury-rates.csv/2025/all?type=daily_treasury_real_yield_curve&field_tdr_date_value=2025&page&_format=csv
2025-11-21,4.06,1.82,2.24,10Y nominal Treasury par yield - 10Y TIPS par real yield,https://home.treasury.gov/resource-center/data-chart-center/interest-rates/daily-treasury-rates.csv/2025/all?type=daily_treasury_yield_curve&field_tdr_date_value=2025&page&_format=csv,https://home.treasury.gov/resource-center/data-chart-center/interest-rates/daily-treasury-rates.csv/2025/all?type=daily_treasury_real_yield_curve&field_tdr_date_value=2025&page&_format=csv
2025-11-24,4.04,1.81,2.23,10Y nominal Treasury par yield - 10Y TIPS par real yield,https://home.treasury.gov/resource-center/data-chart-center/interest-rates/daily-treasury-rates.csv/2025/all?type=daily_treasury_yield_curve&field_tdr_date_value=2025&page&_format=csv,https://home.treasury.gov/resource-center/data-chart-center/interest-rates/daily-treasury-rates.csv/2025/all?type=daily_treasury_real_yield_curve&field_tdr_date_value=2025&page&_format=csv
2025-11-25,4.01,1.79,2.22,10Y nominal Treasury par yield - 10Y TIPS par real yield,https://home.treasury.gov/resource-center/data-chart-center/interest-rates/daily-treasury-rates.csv/2025/all?type=daily_treasury_yield_curve&field_tdr_date_value=2025&page&_format=csv,https://home.treasury.gov/resource-center/data-chart-center/interest-rates/daily-treasury-rates.csv/2025/all?type=daily_treasury_real_yield_curve&field_tdr_date_value=2025&page&_format=csv
2025-11-26,4.00,1.77,2.23,10Y nominal Treasury par yield - 10Y TIPS par real yield,https://home.treasury.gov/resource-center/data-chart-center/interest-rates/daily-treasury-rates.csv/2025/all?type=daily_treasury_yield_curve&field_tdr_date_value=2025&page&_format=csv,https://home.treasury.gov/resource-center/data-chart-center/interest-rates/daily-treasury-rates.csv/2025/all?type=daily_treasury_real_yield_curve&field_tdr_date_value=2025&page&_format=csv
2025-11-28,4.02,1.79,2.23,10Y nominal Treasury par yield - 10Y TIPS par real yield,https://home.treasury.gov/resource-center/data-chart-center/interest-rates/daily-treasury-rates.csv/2025/all?type=daily_treasury_yield_curve&field_tdr_date_value=2025&page&_format=csv,https://home.treasury.gov/resource-center/data-chart-center/interest-rates/daily-treasury-rates.csv/2025/all?type=daily_treasury_real_yield_curve&field_tdr_date_value=2025&page&_format=csv
2025-12-01,4.09,1.85,2.24,10Y nominal Treasury par yield - 10Y TIPS par real yield,https://home.treasury.gov/resource-center/data-chart-center/interest-rates/daily-treasury-rates.csv/2025/all?type=daily_treasury_yield_curve&field_tdr_date_value=2025&page&_format=csv,https://home.treasury.gov/resource-center/data-chart-center/interest-rates/daily-treasury-rates.csv/2025/all?type=daily_treasury_real_yield_curve&field_tdr_date_value=2025&page&_format=csv
2025-12-02,4.09,1.85,2.24,10Y nominal Treasury par yield - 10Y TIPS par real yield,https://home.treasury.gov/resource-center/data-chart-center/interest-rates/daily-treasury-rates.csv/2025/all?type=daily_treasury_yield_curve&field_tdr_date_value=2025&page&_format=csv,https://home.treasury.gov/resource-center/data-chart-center/interest-rates/daily-treasury-rates.csv/2025/all?type=daily_treasury_real_yield_curve&field_tdr_date_value=2025&page&_format=csv
2025-12-03,4.06,1.82,2.24,10Y nominal Treasury par yield - 10Y TIPS par real yield,https://home.treasury.gov/resource-center/data-chart-center/interest-rates/daily-treasury-rates.csv/2025/all?type=daily_treasury_yield_curve&field_tdr_date_value=2025&page&_format=csv,https://home.treasury.gov/resource-center/data-chart-center/interest-rates/daily-treasury-rates.csv/2025/all?type=daily_treasury_real_yield_curve&field_tdr_date_value=2025&page&_format=csv
2025-12-04,4.11,1.85,2.26,10Y nominal Treasury par yield - 10Y TIPS par real yield,https://home.treasury.gov/resource-center/data-chart-center/interest-rates/daily-treasury-rates.csv/2025/all?type=daily_treasury_yield_curve&field_tdr_date_value=2025&page&_format=csv,https://home.treasury.gov/resource-center/data-chart-center/interest-rates/daily-treasury-rates.csv/2025/all?type=daily_treasury_real_yield_curve&field_tdr_date_value=2025&page&_format=csv
2025-12-05,4.14,1.88,2.26,10Y nominal Treasury par yield - 10Y TIPS par real yield,https://home.treasury.gov/resource-center/data-chart-center/interest-rates/daily-treasury-rates.csv/2025/all?type=daily_treasury_yield_curve&field_tdr_date_value=2025&page&_format=csv,https://home.treasury.gov/resource-center/data-chart-center/interest-rates/daily-treasury-rates.csv/2025/all?type=daily_treasury_real_yield_curve&field_tdr_date_value=2025&page&_format=csv
2025-12-08,4.17,1.91,2.26,10Y nominal Treasury par yield - 10Y TIPS par real yield,https://home.treasury.gov/resource-center/data-chart-center/interest-rates/daily-treasury-rates.csv/2025/all?type=daily_treasury_yield_curve&field_tdr_date_value=2025&page&_format=csv,https://home.treasury.gov/resource-center/data-chart-center/interest-rates/daily-treasury-rates.csv/2025/all?type=daily_treasury_real_yield_curve&field_tdr_date_value=2025&page&_format=csv
2025-12-09,4.18,1.92,2.26,10Y nominal Treasury par yield - 10Y TIPS par real yield,https://home.treasury.gov/resource-center/data-chart-center/interest-rates/daily-treasury-rates.csv/2025/all?type=daily_treasury_yield_curve&field_tdr_date_value=2025&page&_format=csv,https://home.treasury.gov/resource-center/data-chart-center/interest-rates/daily-treasury-rates.csv/2025/all?type=daily_treasury_real_yield_curve&field_tdr_date_value=2025&page&_format=csv
2025-12-10,4.13,1.88,2.25,10Y nominal Treasury par yield - 10Y TIPS par real yield,https://home.treasury.gov/resource-center/data-chart-center/interest-rates/daily-treasury-rates.csv/2025/all?type=daily_treasury_yield_curve&field_tdr_date_value=2025&page&_format=csv,https://home.treasury.gov/resource-center/data-chart-center/interest-rates/daily-treasury-rates.csv/2025/all?type=daily_treasury_real_yield_curve&field_tdr_date_value=2025&page&_format=csv
2025-12-11,4.14,1.89,2.25,10Y nominal Treasury par yield - 10Y TIPS par real yield,https://home.treasury.gov/resource-center/data-chart-center/interest-rates/daily-treasury-rates.csv/2025/all?type=daily_treasury_yield_curve&field_tdr_date_value=2025&page&_format=csv,https://home.treasury.gov/resource-center/data-chart-center/interest-rates/daily-treasury-rates.csv/2025/all?type=daily_treasury_real_yield_curve&field_tdr_date_value=2025&page&_format=csv
2025-12-12,4.19,1.93,2.26,10Y nominal Treasury par yield - 10Y TIPS par real yield,https://home.treasury.gov/resource-center/data-chart-center/interest-rates/daily-treasury-rates.csv/2025/all?type=daily_treasury_yield_curve&field_tdr_date_value=2025&page&_format=csv,https://home.treasury.gov/resource-center/data-chart-center/interest-rates/daily-treasury-rates.csv/2025/all?type=daily_treasury_real_yield_curve&field_tdr_date_value=2025&page&_format=csv
2025-12-15,4.18,1.93,2.25,10Y nominal Treasury par yield - 10Y TIPS par real yield,https://home.treasury.gov/resource-center/data-chart-center/interest-rates/daily-treasury-rates.csv/2025/all?type=daily_treasury_yield_curve&field_tdr_date_value=2025&page&_format=csv,https://home.treasury.gov/resource-center/data-chart-center/interest-rates/daily-treasury-rates.csv/2025/all?type=daily_treasury_real_yield_curve&field_tdr_date_value=2025&page&_format=csv
2025-12-16,4.15,1.92,2.23,10Y nominal Treasury par yield - 10Y TIPS par real yield,https://home.treasury.gov/resource-center/data-chart-center/interest-rates/daily-treasury-rates.csv/2025/all?type=daily_treasury_yield_curve&field_tdr_date_value=2025&page&_format=csv,https://home.treasury.gov/resource-center/data-chart-center/interest-rates/daily-treasury-rates.csv/2025/all?type=daily_treasury_real_yield_curve&field_tdr_date_value=2025&page&_format=csv
2025-12-17,4.16,1.92,2.24,10Y nominal Treasury par yield - 10Y TIPS par real yield,https://home.treasury.gov/resource-center/data-chart-center/interest-rates/daily-treasury-rates.csv/2025/all?type=daily_treasury_yield_curve&field_tdr_date_value=2025&page&_format=csv,https://home.treasury.gov/resource-center/data-chart-center/interest-rates/daily-treasury-rates.csv/2025/all?type=daily_treasury_real_yield_curve&field_tdr_date_value=2025&page&_format=csv
2025-12-18,4.12,1.88,2.24,10Y nominal Treasury par yield - 10Y TIPS par real yield,https://home.treasury.gov/resource-center/data-chart-center/interest-rates/daily-treasury-rates.csv/2025/all?type=daily_treasury_yield_curve&field_tdr_date_value=2025&page&_format=csv,https://home.treasury.gov/resource-center/data-chart-center/interest-rates/daily-treasury-rates.csv/2025/all?type=daily_treasury_real_yield_curve&field_tdr_date_value=2025&page&_format=csv
2025-12-19,4.16,1.92,2.24,10Y nominal Treasury par yield - 10Y TIPS par real yield,https://home.treasury.gov/resource-center/data-chart-center/interest-rates/daily-treasury-rates.csv/2025/all?type=daily_treasury_yield_curve&field_tdr_date_value=2025&page&_format=csv,https://home.treasury.gov/resource-center/data-chart-center/interest-rates/daily-treasury-rates.csv/2025/all?type=daily_treasury_real_yield_curve&field_tdr_date_value=2025&page&_format=csv
2025-12-22,4.17,1.94,2.23,10Y nominal Treasury par yield - 10Y TIPS par real yield,https://home.treasury.gov/resource-center/data-chart-center/interest-rates/daily-treasury-rates.csv/2025/all?type=daily_treasury_yield_curve&field_tdr_date_value=2025&page&_format=csv,https://home.treasury.gov/resource-center/data-chart-center/interest-rates/daily-treasury-rates.csv/2025/all?type=daily_treasury_real_yield_curve&field_tdr_date_value=2025&page&_format=csv
2025-12-23,4.18,1.94,2.24,10Y nominal Treasury par yield - 10Y TIPS par real yield,https://home.treasury.gov/resource-center/data-chart-center/interest-rates/daily-treasury-rates.csv/2025/all?type=daily_treasury_yield_curve&field_tdr_date_value=2025&page&_format=csv,https://home.treasury.gov/resource-center/data-chart-center/interest-rates/daily-treasury-rates.csv/2025/all?type=daily_treasury_real_yield_curve&field_tdr_date_value=2025&page&_format=csv
2025-12-24,4.15,1.91,2.24,10Y nominal Treasury par yield - 10Y TIPS par real yield,https://home.treasury.gov/resource-center/data-chart-center/interest-rates/daily-treasury-rates.csv/2025/all?type=daily_treasury_yield_curve&field_tdr_date_value=2025&page&_format=csv,https://home.treasury.gov/resource-center/data-chart-center/interest-rates/daily-treasury-rates.csv/2025/all?type=daily_treasury_real_yield_curve&field_tdr_date_value=2025&page&_format=csv
2025-12-26,4.14,1.91,2.23,10Y nominal Treasury par yield - 10Y TIPS par real yield,https://home.treasury.gov/resource-center/data-chart-center/interest-rates/daily-treasury-rates.csv/2025/all?type=daily_treasury_yield_curve&field_tdr_date_value=2025&page&_format=csv,https://home.treasury.gov/resource-center/data-chart-center/interest-rates/daily-treasury-rates.csv/2025/all?type=daily_treasury_real_yield_curve&field_tdr_date_value=2025&page&_format=csv
2025-12-29,4.12,1.90,2.22,10Y nominal Treasury par yield - 10Y TIPS par real yield,https://home.treasury.gov/resource-center/data-chart-center/interest-rates/daily-treasury-rates.csv/2025/all?type=daily_treasury_yield_curve&field_tdr_date_value=2025&page&_format=csv,https://home.treasury.gov/resource-center/data-chart-center/interest-rates/daily-treasury-rates.csv/2025/all?type=daily_treasury_real_yield_curve&field_tdr_date_value=2025&page&_format=csv
2025-12-30,4.14,1.90,2.24,10Y nominal Treasury par yield - 10Y TIPS par real yield,https://home.treasury.gov/resource-center/data-chart-center/interest-rates/daily-treasury-rates.csv/2025/all?type=daily_treasury_yield_curve&field_tdr_date_value=2025&page&_format=csv,https://home.treasury.gov/resource-center/data-chart-center/interest-rates/daily-treasury-rates.csv/2025/all?type=daily_treasury_real_yield_curve&field_tdr_date_value=2025&page&_format=csv
2025-12-31,4.18,1.93,2.25,10Y nominal Treasury par yield - 10Y TIPS par real yield,https://home.treasury.gov/resource-center/data-chart-center/interest-rates/daily-treasury-rates.csv/2025/all?type=daily_treasury_yield_curve&field_tdr_date_value=2025&page&_format=csv,https://home.treasury.gov/resource-center/data-chart-center/interest-rates/daily-treasury-rates.csv/2025/all?type=daily_treasury_real_yield_curve&field_tdr_date_value=2025&page&_format=csv
2026-01-02,4.19,1.94,2.25,10Y nominal Treasury par yield - 10Y TIPS par real yield,https://home.treasury.gov/resource-center/data-chart-center/interest-rates/daily-treasury-rates.csv/2026/all?type=daily_treasury_yield_curve&field_tdr_date_value=2026&page&_format=csv,https://home.treasury.gov/resource-center/data-chart-center/interest-rates/daily-treasury-rates.csv/2026/all?type=daily_treasury_real_yield_curve&field_tdr_date_value=2026&page&_format=csv
2026-01-05,4.17,1.91,2.26,10Y nominal Treasury par yield - 10Y TIPS par real yield,https://home.treasury.gov/resource-center/data-chart-center/interest-rates/daily-treasury-rates.csv/2026/all?type=daily_treasury_yield_curve&field_tdr_date_value=2026&page&_format=csv,https://home.treasury.gov/resource-center/data-chart-center/interest-rates/daily-treasury-rates.csv/2026/all?type=daily_treasury_real_yield_curve&field_tdr_date_value=2026&page&_format=csv
2026-01-06,4.18,1.91,2.27,10Y nominal Treasury par yield - 10Y TIPS par real yield,https://home.treasury.gov/resource-center/data-chart-center/interest-rates/daily-treasury-rates.csv/2026/all?type=daily_treasury_yield_curve&field_tdr_date_value=2026&page&_format=csv,https://home.treasury.gov/resource-center/data-chart-center/interest-rates/daily-treasury-rates.csv/2026/all?type=daily_treasury_real_yield_curve&field_tdr_date_value=2026&page&_format=csv
2026-01-07,4.15,1.88,2.27,10Y nominal Treasury par yield - 10Y TIPS par real yield,https://home.treasury.gov/resource-center/data-chart-center/interest-rates/daily-treasury-rates.csv/2026/all?type=daily_treasury_yield_curve&field_tdr_date_value=2026&page&_format=csv,https://home.treasury.gov/resource-center/data-chart-center/interest-rates/daily-treasury-rates.csv/2026/all?type=daily_treasury_real_yield_curve&field_tdr_date_value=2026&page&_format=csv
2026-01-08,4.19,1.92,2.27,10Y nominal Treasury par yield - 10Y TIPS par real yield,https://home.treasury.gov/resource-center/data-chart-center/interest-rates/daily-treasury-rates.csv/2026/all?type=daily_treasury_yield_curve&field_tdr_date_value=2026&page&_format=csv,https://home.treasury.gov/resource-center/data-chart-center/interest-rates/daily-treasury-rates.csv/2026/all?type=daily_treasury_real_yield_curve&field_tdr_date_value=2026&page&_format=csv
2026-01-09,4.18,1.90,2.28,10Y nominal Treasury par yield - 10Y TIPS par real yield,https://home.treasury.gov/resource-center/data-chart-center/interest-rates/daily-treasury-rates.csv/2026/all?type=daily_treasury_yield_curve&field_tdr_date_value=2026&page&_format=csv,https://home.treasury.gov/resource-center/data-chart-center/interest-rates/daily-treasury-rates.csv/2026/all?type=daily_treasury_real_yield_curve&field_tdr_date_value=2026&page&_format=csv
2026-01-12,4.19,1.90,2.29,10Y nominal Treasury par yield - 10Y TIPS par real yield,https://home.treasury.gov/resource-center/data-chart-center/interest-rates/daily-treasury-rates.csv/2026/all?type=daily_treasury_yield_curve&field_tdr_date_value=2026&page&_format=csv,https://home.treasury.gov/resource-center/data-chart-center/interest-rates/daily-treasury-rates.csv/2026/all?type=daily_treasury_real_yield_curve&field_tdr_date_value=2026&page&_format=csv
2026-01-13,4.18,1.88,2.30,10Y nominal Treasury par yield - 10Y TIPS par real yield,https://home.treasury.gov/resource-center/data-chart-center/interest-rates/daily-treasury-rates.csv/2026/all?type=daily_treasury_yield_curve&field_tdr_date_value=2026&page&_format=csv,https://home.treasury.gov/resource-center/data-chart-center/interest-rates/daily-treasury-rates.csv/2026/all?type=daily_treasury_real_yield_curve&field_tdr_date_value=2026&page&_format=csv
2026-01-14,4.15,1.86,2.29,10Y nominal Treasury par yield - 10Y TIPS par real yield,https://home.treasury.gov/resource-center/data-chart-center/interest-rates/daily-treasury-rates.csv/2026/all?type=daily_treasury_yield_curve&field_tdr_date_value=2026&page&_format=csv,https://home.treasury.gov/resource-center/data-chart-center/interest-rates/daily-treasury-rates.csv/2026/all?type=daily_treasury_real_yield_curve&field_tdr_date_value=2026&page&_format=csv
2026-01-15,4.17,1.88,2.29,10Y nominal Treasury par yield - 10Y TIPS par real yield,https://home.treasury.gov/resource-center/data-chart-center/interest-rates/daily-treasury-rates.csv/2026/all?type=daily_treasury_yield_curve&field_tdr_date_value=2026&page&_format=csv,https://home.treasury.gov/resource-center/data-chart-center/interest-rates/daily-treasury-rates.csv/2026/all?type=daily_treasury_real_yield_curve&field_tdr_date_value=2026&page&_format=csv
2026-01-16,4.24,1.91,2.33,10Y nominal Treasury par yield - 10Y TIPS par real yield,https://home.treasury.gov/resource-center/data-chart-center/interest-rates/daily-treasury-rates.csv/2026/all?type=daily_treasury_yield_curve&field_tdr_date_value=2026&page&_format=csv,https://home.treasury.gov/resource-center/data-chart-center/interest-rates/daily-treasury-rates.csv/2026/all?type=daily_treasury_real_yield_curve&field_tdr_date_value=2026&page&_format=csv
2026-01-20,4.30,1.97,2.33,10Y nominal Treasury par yield - 10Y TIPS par real yield,https://home.treasury.gov/resource-center/data-chart-center/interest-rates/daily-treasury-rates.csv/2026/all?type=daily_treasury_yield_curve&field_tdr_date_value=2026&page&_format=csv,https://home.treasury.gov/resource-center/data-chart-center/interest-rates/daily-treasury-rates.csv/2026/all?type=daily_treasury_real_yield_curve&field_tdr_date_value=2026&page&_format=csv
2026-01-21,4.26,1.92,2.34,10Y nominal Treasury par yield - 10Y TIPS par real yield,https://home.treasury.gov/resource-center/data-chart-center/interest-rates/daily-treasury-rates.csv/2026/all?type=daily_treasury_yield_curve&field_tdr_date_value=2026&page&_format=csv,https://home.treasury.gov/resource-center/data-chart-center/interest-rates/daily-treasury-rates.csv/2026/all?type=daily_treasury_real_yield_curve&field_tdr_date_value=2026&page&_format=csv
2026-01-22,4.26,1.95,2.31,10Y nominal Treasury par yield - 10Y TIPS par real yield,https://home.treasury.gov/resource-center/data-chart-center/interest-rates/daily-treasury-rates.csv/2026/all?type=daily_treasury_yield_curve&field_tdr_date_value=2026&page&_format=csv,https://home.treasury.gov/resource-center/data-chart-center/interest-rates/daily-treasury-rates.csv/2026/all?type=daily_treasury_real_yield_curve&field_tdr_date_value=2026&page&_format=csv
2026-01-23,4.24,1.92,2.32,10Y nominal Treasury par yield - 10Y TIPS par real yield,https://home.treasury.gov/resource-center/data-chart-center/interest-rates/daily-treasury-rates.csv/2026/all?type=daily_treasury_yield_curve&field_tdr_date_value=2026&page&_format=csv,https://home.treasury.gov/resource-center/data-chart-center/interest-rates/daily-treasury-rates.csv/2026/all?type=daily_treasury_real_yield_curve&field_tdr_date_value=2026&page&_format=csv
2026-01-26,4.22,1.90,2.32,10Y nominal Treasury par yield - 10Y TIPS par real yield,https://home.treasury.gov/resource-center/data-chart-center/interest-rates/daily-treasury-rates.csv/2026/all?type=daily_treasury_yield_curve&field_tdr_date_value=2026&page&_format=csv,https://home.treasury.gov/resource-center/data-chart-center/interest-rates/daily-treasury-rates.csv/2026/all?type=daily_treasury_real_yield_curve&field_tdr_date_value=2026&page&_format=csv
2026-01-27,4.24,1.90,2.34,10Y nominal Treasury par yield - 10Y TIPS par real yield,https://home.treasury.gov/resource-center/data-chart-center/interest-rates/daily-treasury-rates.csv/2026/all?type=daily_treasury_yield_curve&field_tdr_date_value=2026&page&_format=csv,https://home.treasury.gov/resource-center/data-chart-center/interest-rates/daily-treasury-rates.csv/2026/all?type=daily_treasury_real_yield_curve&field_tdr_date_value=2026&page&_format=csv
2026-01-28,4.26,1.90,2.36,10Y nominal Treasury par yield - 10Y TIPS par real yield,https://home.treasury.gov/resource-center/data-chart-center/interest-rates/daily-treasury-rates.csv/2026/all?type=daily_treasury_yield_curve&field_tdr_date_value=2026&page&_format=csv,https://home.treasury.gov/resource-center/data-chart-center/interest-rates/daily-treasury-rates.csv/2026/all?type=daily_treasury_real_yield_curve&field_tdr_date_value=2026&page&_format=csv
2026-01-29,4.24,1.89,2.35,10Y nominal Treasury par yield - 10Y TIPS par real yield,https://home.treasury.gov/resource-center/data-chart-center/interest-rates/daily-treasury-rates.csv/2026/all?type=daily_treasury_yield_curve&field_tdr_date_value=2026&page&_format=csv,https://home.treasury.gov/resource-center/data-chart-center/interest-rates/daily-treasury-rates.csv/2026/all?type=daily_treasury_real_yield_curve&field_tdr_date_value=2026&page&_format=csv
2026-01-30,4.26,1.90,2.36,10Y nominal Treasury par yield - 10Y TIPS par real yield,https://home.treasury.gov/resource-center/data-chart-center/interest-rates/daily-treasury-rates.csv/2026/all?type=daily_treasury_yield_curve&field_tdr_date_value=2026&page&_format=csv,https://home.treasury.gov/resource-center/data-chart-center/interest-rates/daily-treasury-rates.csv/2026/all?type=daily_treasury_real_yield_curve&field_tdr_date_value=2026&page&_format=csv
2026-02-02,4.29,1.94,2.35,10Y nominal Treasury par yield - 10Y TIPS par real yield,https://home.treasury.gov/resource-center/data-chart-center/interest-rates/daily-treasury-rates.csv/2026/all?type=daily_treasury_yield_curve&field_tdr_date_value=2026&page&_format=csv,https://home.treasury.gov/resource-center/data-chart-center/interest-rates/daily-treasury-rates.csv/2026/all?type=daily_treasury_real_yield_curve&field_tdr_date_value=2026&page&_format=csv
2026-02-03,4.28,1.92,2.36,10Y nominal Treasury par yield - 10Y TIPS par real yield,https://home.treasury.gov/resource-center/data-chart-center/interest-rates/daily-treasury-rates.csv/2026/all?type=daily_treasury_yield_curve&field_tdr_date_value=2026&page&_format=csv,https://home.treasury.gov/resource-center/data-chart-center/interest-rates/daily-treasury-rates.csv/2026/all?type=daily_treasury_real_yield_curve&field_tdr_date_value=2026&page&_format=csv
2026-02-04,4.29,1.94,2.35,10Y nominal Treasury par yield - 10Y TIPS par real yield,https://home.treasury.gov/resource-center/data-chart-center/interest-rates/daily-treasury-rates.csv/2026/all?type=daily_treasury_yield_curve&field_tdr_date_value=2026&page&_format=csv,https://home.treasury.gov/resource-center/data-chart-center/interest-rates/daily-treasury-rates.csv/2026/all?type=daily_treasury_real_yield_curve&field_tdr_date_value=2026&page&_format=csv
2026-02-05,4.21,1.89,2.32,10Y nominal Treasury par yield - 10Y TIPS par real yield,https://home.treasury.gov/resource-center/data-chart-center/interest-rates/daily-treasury-rates.csv/2026/all?type=daily_treasury_yield_curve&field_tdr_date_value=2026&page&_format=csv,https://home.treasury.gov/resource-center/data-chart-center/interest-rates/daily-treasury-rates.csv/2026/all?type=daily_treasury_real_yield_curve&field_tdr_date_value=2026&page&_format=csv
2026-02-06,4.22,1.88,2.34,10Y nominal Treasury par yield - 10Y TIPS par real yield,https://home.treasury.gov/resource-center/data-chart-center/interest-rates/daily-treasury-rates.csv/2026/all?type=daily_treasury_yield_curve&field_tdr_date_value=2026&page&_format=csv,https://home.treasury.gov/resource-center/data-chart-center/interest-rates/daily-treasury-rates.csv/2026/all?type=daily_treasury_real_yield_curve&field_tdr_date_value=2026&page&_format=csv
2026-02-09,4.22,1.87,2.35,10Y nominal Treasury par yield - 10Y TIPS par real yield,https://home.treasury.gov/resource-center/data-chart-center/interest-rates/daily-treasury-rates.csv/2026/all?type=daily_treasury_yield_curve&field_tdr_date_value=2026&page&_format=csv,https://home.treasury.gov/resource-center/data-chart-center/interest-rates/daily-treasury-rates.csv/2026/all?type=daily_treasury_real_yield_curve&field_tdr_date_value=2026&page&_format=csv
2026-02-10,4.16,1.84,2.32,10Y nominal Treasury par yield - 10Y TIPS par real yield,https://home.treasury.gov/resource-center/data-chart-center/interest-rates/daily-treasury-rates.csv/2026/all?type=daily_treasury_yield_curve&field_tdr_date_value=2026&page&_format=csv,https://home.treasury.gov/resource-center/data-chart-center/interest-rates/daily-treasury-rates.csv/2026/all?type=daily_treasury_real_yield_curve&field_tdr_date_value=2026&page&_format=csv
2026-02-11,4.18,1.86,2.32,10Y nominal Treasury par yield - 10Y TIPS par real yield,https://home.treasury.gov/resource-center/data-chart-center/interest-rates/daily-treasury-rates.csv/2026/all?type=daily_treasury_yield_curve&field_tdr_date_value=2026&page&_format=csv,https://home.treasury.gov/resource-center/data-chart-center/interest-rates/daily-treasury-rates.csv/2026/all?type=daily_treasury_real_yield_curve&field_tdr_date_value=2026&page&_format=csv
2026-02-12,4.09,1.80,2.29,10Y nominal Treasury par yield - 10Y TIPS par real yield,https://home.treasury.gov/resource-center/data-chart-center/interest-rates/daily-treasury-rates.csv/2026/all?type=daily_treasury_yield_curve&field_tdr_date_value=2026&page&_format=csv,https://home.treasury.gov/resource-center/data-chart-center/interest-rates/daily-treasury-rates.csv/2026/all?type=daily_treasury_real_yield_curve&field_tdr_date_value=2026&page&_format=csv
2026-02-13,4.04,1.77,2.27,10Y nominal Treasury par yield - 10Y TIPS par real yield,https://home.treasury.gov/resource-center/data-chart-center/interest-rates/daily-treasury-rates.csv/2026/all?type=daily_treasury_yield_curve&field_tdr_date_value=2026&page&_format=csv,https://home.treasury.gov/resource-center/data-chart-center/interest-rates/daily-treasury-rates.csv/2026/all?type=daily_treasury_real_yield_curve&field_tdr_date_value=2026&page&_format=csv
2026-02-17,4.05,1.79,2.26,10Y nominal Treasury par yield - 10Y TIPS par real yield,https://home.treasury.gov/resource-center/data-chart-center/interest-rates/daily-treasury-rates.csv/2026/all?type=daily_treasury_yield_curve&field_tdr_date_value=2026&page&_format=csv,https://home.treasury.gov/resource-center/data-chart-center/interest-rates/daily-treasury-rates.csv/2026/all?type=daily_treasury_real_yield_curve&field_tdr_date_value=2026&page&_format=csv
2026-02-18,4.09,1.80,2.29,10Y nominal Treasury par yield - 10Y TIPS par real yield,https://home.treasury.gov/resource-center/data-chart-center/interest-rates/daily-treasury-rates.csv/2026/all?type=daily_treasury_yield_curve&field_tdr_date_value=2026&page&_format=csv,https://home.treasury.gov/resource-center/data-chart-center/interest-rates/daily-treasury-rates.csv/2026/all?type=daily_treasury_real_yield_curve&field_tdr_date_value=2026&page&_format=csv
2026-02-19,4.08,1.79,2.29,10Y nominal Treasury par yield - 10Y TIPS par real yield,https://home.treasury.gov/resource-center/data-chart-center/interest-rates/daily-treasury-rates.csv/2026/all?type=daily_treasury_yield_curve&field_tdr_date_value=2026&page&_format=csv,https://home.treasury.gov/resource-center/data-chart-center/interest-rates/daily-treasury-rates.csv/2026/all?type=daily_treasury_real_yield_curve&field_tdr_date_value=2026&page&_format=csv
2026-02-20,4.08,1.80,2.28,10Y nominal Treasury par yield - 10Y TIPS par real yield,https://home.treasury.gov/resource-center/data-chart-center/interest-rates/daily-treasury-rates.csv/2026/all?type=daily_treasury_yield_curve&field_tdr_date_value=2026&page&_format=csv,https://home.treasury.gov/resource-center/data-chart-center/interest-rates/daily-treasury-rates.csv/2026/all?type=daily_treasury_real_yield_curve&field_tdr_date_value=2026&page&_format=csv
2026-02-23,4.03,1.77,2.26,10Y nominal Treasury par yield - 10Y TIPS par real yield,https://home.treasury.gov/resource-center/data-chart-center/interest-rates/daily-treasury-rates.csv/2026/all?type=daily_treasury_yield_curve&field_tdr_date_value=2026&page&_format=csv,https://home.treasury.gov/resource-center/data-chart-center/interest-rates/daily-treasury-rates.csv/2026/all?type=daily_treasury_real_yield_curve&field_tdr_date_value=2026&page&_format=csv
2026-02-24,4.04,1.78,2.26,10Y nominal Treasury par yield - 10Y TIPS par real yield,https://home.treasury.gov/resource-center/data-chart-center/interest-rates/daily-treasury-rates.csv/2026/all?type=daily_treasury_yield_curve&field_tdr_date_value=2026&page&_format=csv,https://home.treasury.gov/resource-center/data-chart-center/interest-rates/daily-treasury-rates.csv/2026/all?type=daily_treasury_real_yield_curve&field_tdr_date_value=2026&page&_format=csv
2026-02-25,4.05,1.77,2.28,10Y nominal Treasury par yield - 10Y TIPS par real yield,https://home.treasury.gov/resource-center/data-chart-center/interest-rates/daily-treasury-rates.csv/2026/all?type=daily_treasury_yield_curve&field_tdr_date_value=2026&page&_format=csv,https://home.treasury.gov/resource-center/data-chart-center/interest-rates/daily-treasury-rates.csv/2026/all?type=daily_treasury_real_yield_curve&field_tdr_date_value=2026&page&_format=csv
2026-02-26,4.02,1.74,2.28,10Y nominal Treasury par yield - 10Y TIPS par real yield,https://home.treasury.gov/resource-center/data-chart-center/interest-rates/daily-treasury-rates.csv/2026/all?type=daily_treasury_yield_curve&field_tdr_date_value=2026&page&_format=csv,https://home.treasury.gov/resource-center/data-chart-center/interest-rates/daily-treasury-rates.csv/2026/all?type=daily_treasury_real_yield_curve&field_tdr_date_value=2026&page&_format=csv
2026-02-27,3.97,1.72,2.25,10Y nominal Treasury par yield - 10Y TIPS par real yield,https://home.treasury.gov/resource-center/data-chart-center/interest-rates/daily-treasury-rates.csv/2026/all?type=daily_treasury_yield_curve&field_tdr_date_value=2026&page&_format=csv,https://home.treasury.gov/resource-center/data-chart-center/interest-rates/daily-treasury-rates.csv/2026/all?type=daily_treasury_real_yield_curve&field_tdr_date_value=2026&page&_format=csv
2026-03-02,4.05,1.76,2.29,10Y nominal Treasury par yield - 10Y TIPS par real yield,https://home.treasury.gov/resource-center/data-chart-center/interest-rates/daily-treasury-rates.csv/2026/all?type=daily_treasury_yield_curve&field_tdr_date_value=2026&page&_format=csv,https://home.treasury.gov/resource-center/data-chart-center/interest-rates/daily-treasury-rates.csv/2026/all?type=daily_treasury_real_yield_curve&field_tdr_date_value=2026&page&_format=csv
2026-03-03,4.06,1.77,2.29,10Y nominal Treasury par yield - 10Y TIPS par real yield,https://home.treasury.gov/resource-center/data-chart-center/interest-rates/daily-treasury-rates.csv/2026/all?type=daily_treasury_yield_curve&field_tdr_date_value=2026&page&_format=csv,https://home.treasury.gov/resource-center/data-chart-center/interest-rates/daily-treasury-rates.csv/2026/all?type=daily_treasury_real_yield_curve&field_tdr_date_value=2026&page&_format=csv
2026-03-04,4.09,1.80,2.29,10Y nominal Treasury par yield - 10Y TIPS par real yield,https://home.treasury.gov/resource-center/data-chart-center/interest-rates/daily-treasury-rates.csv/2026/all?type=daily_treasury_yield_curve&field_tdr_date_value=2026&page&_format=csv,https://home.treasury.gov/resource-center/data-chart-center/interest-rates/daily-treasury-rates.csv/2026/all?type=daily_treasury_real_yield_curve&field_tdr_date_value=2026&page&_format=csv
2026-03-05,4.13,1.82,2.31,10Y nominal Treasury par yield - 10Y TIPS par real yield,https://home.treasury.gov/resource-center/data-chart-center/interest-rates/daily-treasury-rates.csv/2026/all?type=daily_treasury_yield_curve&field_tdr_date_value=2026&page&_format=csv,https://home.treasury.gov/resource-center/data-chart-center/interest-rates/daily-treasury-rates.csv/2026/all?type=daily_treasury_real_yield_curve&field_tdr_date_value=2026&page&_format=csv
2026-03-06,4.15,1.80,2.35,10Y nominal Treasury par yield - 10Y TIPS par real yield,https://home.treasury.gov/resource-center/data-chart-center/interest-rates/daily-treasury-rates.csv/2026/all?type=daily_treasury_yield_curve&field_tdr_date_value=2026&page&_format=csv,https://home.treasury.gov/resource-center/data-chart-center/interest-rates/daily-treasury-rates.csv/2026/all?type=daily_treasury_real_yield_curve&field_tdr_date_value=2026&page&_format=csv
2026-03-09,4.12,1.78,2.34,10Y nominal Treasury par yield - 10Y TIPS par real yield,https://home.treasury.gov/resource-center/data-chart-center/interest-rates/daily-treasury-rates.csv/2026/all?type=daily_treasury_yield_curve&field_tdr_date_value=2026&page&_format=csv,https://home.treasury.gov/resource-center/data-chart-center/interest-rates/daily-treasury-rates.csv/2026/all?type=daily_treasury_real_yield_curve&field_tdr_date_value=2026&page&_format=csv
2026-03-10,4.15,1.82,2.33,10Y nominal Treasury par yield - 10Y TIPS par real yield,https://home.treasury.gov/resource-center/data-chart-center/interest-rates/daily-treasury-rates.csv/2026/all?type=daily_treasury_yield_curve&field_tdr_date_value=2026&page&_format=csv,https://home.treasury.gov/resource-center/data-chart-center/interest-rates/daily-treasury-rates.csv/2026/all?type=daily_treasury_real_yield_curve&field_tdr_date_value=2026&page&_format=csv
2026-03-11,4.21,1.85,2.36,10Y nominal Treasury par yield - 10Y TIPS par real yield,https://home.treasury.gov/resource-center/data-chart-center/interest-rates/daily-treasury-rates.csv/2026/all?type=daily_treasury_yield_curve&field_tdr_date_value=2026&page&_format=csv,https://home.treasury.gov/resource-center/data-chart-center/interest-rates/daily-treasury-rates.csv/2026/all?type=daily_treasury_real_yield_curve&field_tdr_date_value=2026&page&_format=csv
2026-03-12,4.27,1.89,2.38,10Y nominal Treasury par yield - 10Y TIPS par real yield,https://home.treasury.gov/resource-center/data-chart-center/interest-rates/daily-treasury-rates.csv/2026/all?type=daily_treasury_yield_curve&field_tdr_date_value=2026&page&_format=csv,https://home.treasury.gov/resource-center/data-chart-center/interest-rates/daily-treasury-rates.csv/2026/all?type=daily_treasury_real_yield_curve&field_tdr_date_value=2026&page&_format=csv
2026-03-13,4.28,1.92,2.36,10Y nominal Treasury par yield - 10Y TIPS par real yield,https://home.treasury.gov/resource-center/data-chart-center/interest-rates/daily-treasury-rates.csv/2026/all?type=daily_treasury_yield_curve&field_tdr_date_value=2026&page&_format=csv,https://home.treasury.gov/resource-center/data-chart-center/interest-rates/daily-treasury-rates.csv/2026/all?type=daily_treasury_real_yield_curve&field_tdr_date_value=2026&page&_format=csv
2026-03-16,4.23,1.87,2.36,10Y nominal Treasury par yield - 10Y TIPS par real yield,https://home.treasury.gov/resource-center/data-chart-center/interest-rates/daily-treasury-rates.csv/2026/all?type=daily_treasury_yield_curve&field_tdr_date_value=2026&page&_format=csv,https://home.treasury.gov/resource-center/data-chart-center/interest-rates/daily-treasury-rates.csv/2026/all?type=daily_treasury_real_yield_curve&field_tdr_date_value=2026&page&_format=csv
2026-03-17,4.20,1.83,2.37,10Y nominal Treasury par yield - 10Y TIPS par real yield,https://home.treasury.gov/resource-center/data-chart-center/interest-rates/daily-treasury-rates.csv/2026/all?type=daily_treasury_yield_curve&field_tdr_date_value=2026&page&_format=csv,https://home.treasury.gov/resource-center/data-chart-center/interest-rates/daily-treasury-rates.csv/2026/all?type=daily_treasury_real_yield_curve&field_tdr_date_value=2026&page&_format=csv
2026-03-18,4.26,1.86,2.40,10Y nominal Treasury par yield - 10Y TIPS par real yield,https://home.treasury.gov/resource-center/data-chart-center/interest-rates/daily-treasury-rates.csv/2026/all?type=daily_treasury_yield_curve&field_tdr_date_value=2026&page&_format=csv,https://home.treasury.gov/resource-center/data-chart-center/interest-rates/daily-treasury-rates.csv/2026/all?type=daily_treasury_real_yield_curve&field_tdr_date_value=2026&page&_format=csv
2026-03-19,4.25,1.88,2.37,10Y nominal Treasury par yield - 10Y TIPS par real yield,https://home.treasury.gov/resource-center/data-chart-center/interest-rates/daily-treasury-rates.csv/2026/all?type=daily_treasury_yield_curve&field_tdr_date_value=2026&page&_format=csv,https://home.treasury.gov/resource-center/data-chart-center/interest-rates/daily-treasury-rates.csv/2026/all?type=daily_treasury_real_yield_curve&field_tdr_date_value=2026&page&_format=csv
2026-03-20,4.39,2.01,2.38,10Y nominal Treasury par yield - 10Y TIPS par real yield,https://home.treasury.gov/resource-center/data-chart-center/interest-rates/daily-treasury-rates.csv/2026/all?type=daily_treasury_yield_curve&field_tdr_date_value=2026&page&_format=csv,https://home.treasury.gov/resource-center/data-chart-center/interest-rates/daily-treasury-rates.csv/2026/all?type=daily_treasury_real_yield_curve&field_tdr_date_value=2026&page&_format=csv
2026-03-23,4.34,2.01,2.33,10Y nominal Treasury par yield - 10Y TIPS par real yield,https://home.treasury.gov/resource-center/data-chart-center/interest-rates/daily-treasury-rates.csv/2026/all?type=daily_treasury_yield_curve&field_tdr_date_value=2026&page&_format=csv,https://home.treasury.gov/resource-center/data-chart-center/interest-rates/daily-treasury-rates.csv/2026/all?type=daily_treasury_real_yield_curve&field_tdr_date_value=2026&page&_format=csv
2026-03-24,4.39,2.06,2.33,10Y nominal Treasury par yield - 10Y TIPS par real yield,https://home.treasury.gov/resource-center/data-chart-center/interest-rates/daily-treasury-rates.csv/2026/all?type=daily_treasury_yield_curve&field_tdr_date_value=2026&page&_format=csv,https://home.treasury.gov/resource-center/data-chart-center/interest-rates/daily-treasury-rates.csv/2026/all?type=daily_treasury_real_yield_curve&field_tdr_date_value=2026&page&_format=csv
2026-03-25,4.33,2.02,2.31,10Y nominal Treasury par yield - 10Y TIPS par real yield,https://home.treasury.gov/resource-center/data-chart-center/interest-rates/daily-treasury-rates.csv/2026/all?type=daily_treasury_yield_curve&field_tdr_date_value=2026&page&_format=csv,https://home.treasury.gov/resource-center/data-chart-center/interest-rates/daily-treasury-rates.csv/2026/all?type=daily_treasury_real_yield_curve&field_tdr_date_value=2026&page&_format=csv
2026-03-26,4.42,2.08,2.34,10Y nominal Treasury par yield - 10Y TIPS par real yield,https://home.treasury.gov/resource-center/data-chart-center/interest-rates/daily-treasury-rates.csv/2026/all?type=daily_treasury_yield_curve&field_tdr_date_value=2026&page&_format=csv,https://home.treasury.gov/resource-center/data-chart-center/interest-rates/daily-treasury-rates.csv/2026/all?type=daily_treasury_real_yield_curve&field_tdr_date_value=2026&page&_format=csv
2026-03-27,4.44,2.13,2.31,10Y nominal Treasury par yield - 10Y TIPS par real yield,https://home.treasury.gov/resource-center/data-chart-center/interest-rates/daily-treasury-rates.csv/2026/all?type=daily_treasury_yield_curve&field_tdr_date_value=2026&page&_format=csv,https://home.treasury.gov/resource-center/data-chart-center/interest-rates/daily-treasury-rates.csv/2026/all?type=daily_treasury_real_yield_curve&field_tdr_date_value=2026&page&_format=csv
2026-03-30,4.35,2.04,2.31,10Y nominal Treasury par yield - 10Y TIPS par real yield,https://home.treasury.gov/resource-center/data-chart-center/interest-rates/daily-treasury-rates.csv/2026/all?type=daily_treasury_yield_curve&field_tdr_date_value=2026&page&_format=csv,https://home.treasury.gov/resource-center/data-chart-center/interest-rates/daily-treasury-rates.csv/2026/all?type=daily_treasury_real_yield_curve&field_tdr_date_value=2026&page&_format=csv
2026-03-31,4.30,2.00,2.30,10Y nominal Treasury par yield - 10Y TIPS par real yield,https://home.treasury.gov/resource-center/data-chart-center/interest-rates/daily-treasury-rates.csv/2026/all?type=daily_treasury_yield_curve&field_tdr_date_value=2026&page&_format=csv,https://home.treasury.gov/resource-center/data-chart-center/interest-rates/daily-treasury-rates.csv/2026/all?type=daily_treasury_real_yield_curve&field_tdr_date_value=2026&page&_format=csv
2026-04-01,4.33,2.02,2.31,10Y nominal Treasury par yield - 10Y TIPS par real yield,https://home.treasury.gov/resource-center/data-chart-center/interest-rates/daily-treasury-rates.csv/2026/all?type=daily_treasury_yield_curve&field_tdr_date_value=2026&page&_format=csv,https://home.treasury.gov/resource-center/data-chart-center/interest-rates/daily-treasury-rates.csv/2026/all?type=daily_treasury_real_yield_curve&field_tdr_date_value=2026&page&_format=csv
2026-04-02,4.31,1.97,2.34,10Y nominal Treasury par yield - 10Y TIPS par real yield,https://home.treasury.gov/resource-center/data-chart-center/interest-rates/daily-treasury-rates.csv/2026/all?type=daily_treasury_yield_curve&field_tdr_date_value=2026&page&_format=csv,https://home.treasury.gov/resource-center/data-chart-center/interest-rates/daily-treasury-rates.csv/2026/all?type=daily_treasury_real_yield_curve&field_tdr_date_value=2026&page&_format=csv
2026-04-03,4.35,1.99,2.36,10Y nominal Treasury par yield - 10Y TIPS par real yield,https://home.treasury.gov/resource-center/data-chart-center/interest-rates/daily-treasury-rates.csv/2026/all?type=daily_treasury_yield_curve&field_tdr_date_value=2026&page&_format=csv,https://home.treasury.gov/resource-center/data-chart-center/interest-rates/daily-treasury-rates.csv/2026/all?type=daily_treasury_real_yield_curve&field_tdr_date_value=2026&page&_format=csv
2026-04-06,4.34,1.98,2.36,10Y nominal Treasury par yield - 10Y TIPS par real yield,https://home.treasury.gov/resource-center/data-chart-center/interest-rates/daily-treasury-rates.csv/2026/all?type=daily_treasury_yield_curve&field_tdr_date_value=2026&page&_format=csv,https://home.treasury.gov/resource-center/data-chart-center/interest-rates/daily-treasury-rates.csv/2026/all?type=daily_treasury_real_yield_curve&field_tdr_date_value=2026&page&_format=csv
2026-04-07,4.33,1.96,2.37,10Y nominal Treasury par yield - 10Y TIPS par real yield,https://home.treasury.gov/resource-center/data-chart-center/interest-rates/daily-treasury-rates.csv/2026/all?type=daily_treasury_yield_curve&field_tdr_date_value=2026&page&_format=csv,https://home.treasury.gov/resource-center/data-chart-center/interest-rates/daily-treasury-rates.csv/2026/all?type=daily_treasury_real_yield_curve&field_tdr_date_value=2026&page&_format=csv
2026-04-08,4.29,1.96,2.33,10Y nominal Treasury par yield - 10Y TIPS par real yield,https://home.treasury.gov/resource-center/data-chart-center/interest-rates/daily-treasury-rates.csv/2026/all?type=daily_treasury_yield_curve&field_tdr_date_value=2026&page&_format=csv,https://home.treasury.gov/resource-center/data-chart-center/interest-rates/daily-treasury-rates.csv/2026/all?type=daily_treasury_real_yield_curve&field_tdr_date_value=2026&page&_format=csv
2026-04-09,4.29,1.95,2.34,10Y nominal Treasury par yield - 10Y TIPS par real yield,https://home.treasury.gov/resource-center/data-chart-center/interest-rates/daily-treasury-rates.csv/2026/all?type=daily_treasury_yield_curve&field_tdr_date_value=2026&page&_format=csv,https://home.treasury.gov/resource-center/data-chart-center/interest-rates/daily-treasury-rates.csv/2026/all?type=daily_treasury_real_yield_curve&field_tdr_date_value=2026&page&_format=csv
2026-04-10,4.31,1.95,2.36,10Y nominal Treasury par yield - 10Y TIPS par real yield,https://home.treasury.gov/resource-center/data-chart-center/interest-rates/daily-treasury-rates.csv/2026/all?type=daily_treasury_yield_curve&field_tdr_date_value=2026&page&_format=csv,https://home.treasury.gov/resource-center/data-chart-center/interest-rates/daily-treasury-rates.csv/2026/all?type=daily_treasury_real_yield_curve&field_tdr_date_value=2026&page&_format=csv
2026-04-13,4.30,1.92,2.38,10Y nominal Treasury par yield - 10Y TIPS par real yield,https://home.treasury.gov/resource-center/data-chart-center/interest-rates/daily-treasury-rates.csv/2026/all?type=daily_treasury_yield_curve&field_tdr_date_value=2026&page&_format=csv,https://home.treasury.gov/resource-center/data-chart-center/interest-rates/daily-treasury-rates.csv/2026/all?type=daily_treasury_real_yield_curve&field_tdr_date_value=2026&page&_format=csv
2026-04-14,4.26,1.89,2.37,10Y nominal Treasury par yield - 10Y TIPS par real yield,https://home.treasury.gov/resource-center/data-chart-center/interest-rates/daily-treasury-rates.csv/2026/all?type=daily_treasury_yield_curve&field_tdr_date_value=2026&page&_format=csv,https://home.treasury.gov/resource-center/data-chart-center/interest-rates/daily-treasury-rates.csv/2026/all?type=daily_treasury_real_yield_curve&field_tdr_date_value=2026&page&_format=csv
2026-04-15,4.29,1.90,2.39,10Y nominal Treasury par yield - 10Y TIPS par real yield,https://home.treasury.gov/resource-center/data-chart-center/interest-rates/daily-treasury-rates.csv/2026/all?type=daily_treasury_yield_curve&field_tdr_date_value=2026&page&_format=csv,https://home.treasury.gov/resource-center/data-chart-center/interest-rates/daily-treasury-rates.csv/2026/all?type=daily_treasury_real_yield_curve&field_tdr_date_value=2026&page&_format=csv
2026-04-16,4.32,1.93,2.39,10Y nominal Treasury par yield - 10Y TIPS par real yield,https://home.treasury.gov/resource-center/data-chart-center/interest-rates/daily-treasury-rates.csv/2026/all?type=daily_treasury_yield_curve&field_tdr_date_value=2026&page&_format=csv,https://home.treasury.gov/resource-center/data-chart-center/interest-rates/daily-treasury-rates.csv/2026/all?type=daily_treasury_real_yield_curve&field_tdr_date_value=2026&page&_format=csv
2026-04-17,4.26,1.90,2.36,10Y nominal Treasury par yield - 10Y TIPS par real yield,https://home.treasury.gov/resource-center/data-chart-center/interest-rates/daily-treasury-rates.csv/2026/all?type=daily_treasury_yield_curve&field_tdr_date_value=2026&page&_format=csv,https://home.treasury.gov/resource-center/data-chart-center/interest-rates/daily-treasury-rates.csv/2026/all?type=daily_treasury_real_yield_curve&field_tdr_date_value=2026&page&_format=csv
2026-04-20,4.26,1.91,2.35,10Y nominal Treasury par yield - 10Y TIPS par real yield,https://home.treasury.gov/resource-center/data-chart-center/interest-rates/daily-treasury-rates.csv/2026/all?type=daily_treasury_yield_curve&field_tdr_date_value=2026&page&_format=csv,https://home.treasury.gov/resource-center/data-chart-center/interest-rates/daily-treasury-rates.csv/2026/all?type=daily_treasury_real_yield_curve&field_tdr_date_value=2026&page&_format=csv
2026-04-21,4.30,1.92,2.38,10Y nominal Treasury par yield - 10Y TIPS par real yield,https://home.treasury.gov/resource-center/data-chart-center/interest-rates/daily-treasury-rates.csv/2026/all?type=daily_treasury_yield_curve&field_tdr_date_value=2026&page&_format=csv,https://home.treasury.gov/resource-center/data-chart-center/interest-rates/daily-treasury-rates.csv/2026/all?type=daily_treasury_real_yield_curve&field_tdr_date_value=2026&page&_format=csv
2026-04-22,4.30,1.92,2.38,10Y nominal Treasury par yield - 10Y TIPS par real yield,https://home.treasury.gov/resource-center/data-chart-center/interest-rates/daily-treasury-rates.csv/2026/all?type=daily_treasury_yield_curve&field_tdr_date_value=2026&page&_format=csv,https://home.treasury.gov/resource-center/data-chart-center/interest-rates/daily-treasury-rates.csv/2026/all?type=daily_treasury_real_yield_curve&field_tdr_date_value=2026&page&_format=csv
2026-04-23,4.34,1.92,2.42,10Y nominal Treasury par yield - 10Y TIPS par real yield,https://home.treasury.gov/resource-center/data-chart-center/interest-rates/daily-treasury-rates.csv/2026/all?type=daily_treasury_yield_curve&field_tdr_date_value=2026&page&_format=csv,https://home.treasury.gov/resource-center/data-chart-center/interest-rates/daily-treasury-rates.csv/2026/all?type=daily_treasury_real_yield_curve&field_tdr_date_value=2026&page&_format=csv
2026-04-24,4.31,1.89,2.42,10Y nominal Treasury par yield - 10Y TIPS par real yield,https://home.treasury.gov/resource-center/data-chart-center/interest-rates/daily-treasury-rates.csv/2026/all?type=daily_treasury_yield_curve&field_tdr_date_value=2026&page&_format=csv,https://home.treasury.gov/resource-center/data-chart-center/interest-rates/daily-treasury-rates.csv/2026/all?type=daily_treasury_real_yield_curve&field_tdr_date_value=2026&page&_format=csv
2026-04-27,4.35,1.91,2.44,10Y nominal Treasury par yield - 10Y TIPS par real yield,https://home.treasury.gov/resource-center/data-chart-center/interest-rates/daily-treasury-rates.csv/2026/all?type=daily_treasury_yield_curve&field_tdr_date_value=2026&page&_format=csv,https://home.treasury.gov/resource-center/data-chart-center/interest-rates/daily-treasury-rates.csv/2026/all?type=daily_treasury_real_yield_curve&field_tdr_date_value=2026&page&_format=csv
2026-04-28,4.36,1.92,2.44,10Y nominal Treasury par yield - 10Y TIPS par real yield,https://home.treasury.gov/resource-center/data-chart-center/interest-rates/daily-treasury-rates.csv/2026/all?type=daily_treasury_yield_curve&field_tdr_date_value=2026&page&_format=csv,https://home.treasury.gov/resource-center/data-chart-center/interest-rates/daily-treasury-rates.csv/2026/all?type=daily_treasury_real_yield_curve&field_tdr_date_value=2026&page&_format=csv
2026-04-29,4.42,1.96,2.46,10Y nominal Treasury par yield - 10Y TIPS par real yield,https://home.treasury.gov/resource-center/data-chart-center/interest-rates/daily-treasury-rates.csv/2026/all?type=daily_treasury_yield_curve&field_tdr_date_value=2026&page&_format=csv,https://home.treasury.gov/resource-center/data-chart-center/interest-rates/daily-treasury-rates.csv/2026/all?type=daily_treasury_real_yield_curve&field_tdr_date_value=2026&page&_format=csv
2026-04-30,4.40,1.94,2.46,10Y nominal Treasury par yield - 10Y TIPS par real yield,https://home.treasury.gov/resource-center/data-chart-center/interest-rates/daily-treasury-rates.csv/2026/all?type=daily_treasury_yield_curve&field_tdr_date_value=2026&page&_format=csv,https://home.treasury.gov/resource-center/data-chart-center/interest-rates/daily-treasury-rates.csv/2026/all?type=daily_treasury_real_yield_curve&field_tdr_date_value=2026&page&_format=csv
2026-05-01,4.39,1.91,2.48,10Y nominal Treasury par yield - 10Y TIPS par real yield,https://home.treasury.gov/resource-center/data-chart-center/interest-rates/daily-treasury-rates.csv/2026/all?type=daily_treasury_yield_curve&field_tdr_date_value=2026&page&_format=csv,https://home.treasury.gov/resource-center/data-chart-center/interest-rates/daily-treasury-rates.csv/2026/all?type=daily_treasury_real_yield_curve&field_tdr_date_value=2026&page&_format=csv
2026-05-04,4.45,1.95,2.50,10Y nominal Treasury par yield - 10Y TIPS par real yield,https://home.treasury.gov/resource-center/data-chart-center/interest-rates/daily-treasury-rates.csv/2026/all?type=daily_treasury_yield_curve&field_tdr_date_value=2026&page&_format=csv,https://home.treasury.gov/resource-center/data-chart-center/interest-rates/daily-treasury-rates.csv/2026/all?type=daily_treasury_real_yield_curve&field_tdr_date_value=2026&page&_format=csv
2026-05-05,4.43,1.96,2.47,10Y nominal Treasury par yield - 10Y TIPS par real yield,https://home.treasury.gov/resource-center/data-chart-center/interest-rates/daily-treasury-rates.csv/2026/all?type=daily_treasury_yield_curve&field_tdr_date_value=2026&page&_format=csv,https://home.treasury.gov/resource-center/data-chart-center/interest-rates/daily-treasury-rates.csv/2026/all?type=daily_treasury_real_yield_curve&field_tdr_date_value=2026&page&_format=csv
2026-05-06,4.36,1.94,2.42,10Y nominal Treasury par yield - 10Y TIPS par real yield,https://home.treasury.gov/resource-center/data-chart-center/interest-rates/daily-treasury-rates.csv/2026/all?type=daily_treasury_yield_curve&field_tdr_date_value=2026&page&_format=csv,https://home.treasury.gov/resource-center/data-chart-center/interest-rates/daily-treasury-rates.csv/2026/all?type=daily_treasury_real_yield_curve&field_tdr_date_value=2026&page&_format=csv
2026-05-07,4.41,1.96,2.45,10Y nominal Treasury par yield - 10Y TIPS par real yield,https://home.treasury.gov/resource-center/data-chart-center/interest-rates/daily-treasury-rates.csv/2026/all?type=daily_treasury_yield_curve&field_tdr_date_value=2026&page&_format=csv,https://home.treasury.gov/resource-center/data-chart-center/interest-rates/daily-treasury-rates.csv/2026/all?type=daily_treasury_real_yield_curve&field_tdr_date_value=2026&page&_format=csv
2026-05-08,4.38,1.93,2.45,10Y nominal Treasury par yield - 10Y TIPS par real yield,https://home.treasury.gov/resource-center/data-chart-center/interest-rates/daily-treasury-rates.csv/2026/all?type=daily_treasury_yield_curve&field_tdr_date_value=2026&page&_format=csv,https://home.treasury.gov/resource-center/data-chart-center/interest-rates/daily-treasury-rates.csv/2026/all?type=daily_treasury_real_yield_curve&field_tdr_date_value=2026&page&_format=csv
2026-05-11,4.42,1.95,2.47,10Y nominal Treasury par yield - 10Y TIPS par real yield,https://home.treasury.gov/resource-center/data-chart-center/interest-rates/daily-treasury-rates.csv/2026/all?type=daily_treasury_yield_curve&field_tdr_date_value=2026&page&_format=csv,https://home.treasury.gov/resource-center/data-chart-center/interest-rates/daily-treasury-rates.csv/2026/all?type=daily_treasury_real_yield_curve&field_tdr_date_value=2026&page&_format=csv
2026-05-12,4.46,1.99,2.47,10Y nominal Treasury par yield - 10Y TIPS par real yield,https://home.treasury.gov/resource-center/data-chart-center/interest-rates/daily-treasury-rates.csv/2026/all?type=daily_treasury_yield_curve&field_tdr_date_value=2026&page&_format=csv,https://home.treasury.gov/resource-center/data-chart-center/interest-rates/daily-treasury-rates.csv/2026/all?type=daily_treasury_real_yield_curve&field_tdr_date_value=2026&page&_format=csv
2026-05-13,4.46,1.99,2.47,10Y nominal Treasury par yield - 10Y TIPS par real yield,https://home.treasury.gov/resource-center/data-chart-center/interest-rates/daily-treasury-rates.csv/2026/all?type=daily_treasury_yield_curve&field_tdr_date_value=2026&page&_format=csv,https://home.treasury.gov/resource-center/data-chart-center/interest-rates/daily-treasury-rates.csv/2026/all?type=daily_treasury_real_yield_curve&field_tdr_date_value=2026&page&_format=csv
2026-05-14,4.47,2.00,2.47,10Y nominal Treasury par yield - 10Y TIPS par real yield,https://home.treasury.gov/resource-center/data-chart-center/interest-rates/daily-treasury-rates.csv/2026/all?type=daily_treasury_yield_curve&field_tdr_date_value=2026&page&_format=csv,https://home.treasury.gov/resource-center/data-chart-center/interest-rates/daily-treasury-rates.csv/2026/all?type=daily_treasury_real_yield_curve&field_tdr_date_value=2026&page&_format=csv
2026-05-15,4.59,2.10,2.49,10Y nominal Treasury par yield - 10Y TIPS par real yield,https://home.treasury.gov/resource-center/data-chart-center/interest-rates/daily-treasury-rates.csv/2026/all?type=daily_treasury_yield_curve&field_tdr_date_value=2026&page&_format=csv,https://home.treasury.gov/resource-center/data-chart-center/interest-rates/daily-treasury-rates.csv/2026/all?type=daily_treasury_real_yield_curve&field_tdr_date_value=2026&page&_format=csv
2026-05-18,4.61,2.13,2.48,10Y nominal Treasury par yield - 10Y TIPS par real yield,https://home.treasury.gov/resource-center/data-chart-center/interest-rates/daily-treasury-rates.csv/2026/all?type=daily_treasury_yield_curve&field_tdr_date_value=2026&page&_format=csv,https://home.treasury.gov/resource-center/data-chart-center/interest-rates/daily-treasury-rates.csv/2026/all?type=daily_treasury_real_yield_curve&field_tdr_date_value=2026&page&_format=csv
2026-05-19,4.67,2.18,2.49,10Y nominal Treasury par yield - 10Y TIPS par real yield,https://home.treasury.gov/resource-center/data-chart-center/interest-rates/daily-treasury-rates.csv/2026/all?type=daily_treasury_yield_curve&field_tdr_date_value=2026&page&_format=csv,https://home.treasury.gov/resource-center/data-chart-center/interest-rates/daily-treasury-rates.csv/2026/all?type=daily_treasury_real_yield_curve&field_tdr_date_value=2026&page&_format=csv
2026-05-20,4.57,2.13,2.44,10Y nominal Treasury par yield - 10Y TIPS par real yield,https://home.treasury.gov/resource-center/data-chart-center/interest-rates/daily-treasury-rates.csv/2026/all?type=daily_treasury_yield_curve&field_tdr_date_value=2026&page&_format=csv,https://home.treasury.gov/resource-center/data-chart-center/interest-rates/daily-treasury-rates.csv/2026/all?type=daily_treasury_real_yield_curve&field_tdr_date_value=2026&page&_format=csv
2026-05-21,4.57,2.18,2.39,10Y nominal Treasury par yield - 10Y TIPS par real yield,https://home.treasury.gov/resource-center/data-chart-center/interest-rates/daily-treasury-rates.csv/2026/all?type=daily_treasury_yield_curve&field_tdr_date_value=2026&page&_format=csv,https://home.treasury.gov/resource-center/data-chart-center/interest-rates/daily-treasury-rates.csv/2026/all?type=daily_treasury_real_yield_curve&field_tdr_date_value=2026&page&_format=csv
2026-05-22,4.56,2.16,2.40,10Y nominal Treasury par yield - 10Y TIPS par real yield,https://home.treasury.gov/resource-center/data-chart-center/interest-rates/daily-treasury-rates.csv/2026/all?type=daily_treasury_yield_curve&field_tdr_date_value=2026&page&_format=csv,https://home.treasury.gov/resource-center/data-chart-center/interest-rates/daily-treasury-rates.csv/2026/all?type=daily_treasury_real_yield_curve&field_tdr_date_value=2026&page&_format=csv
2026-05-26,4.50,2.10,2.40,10Y nominal Treasury par yield - 10Y TIPS par real yield,https://home.treasury.gov/resource-center/data-chart-center/interest-rates/daily-treasury-rates.csv/2026/all?type=daily_treasury_yield_curve&field_tdr_date_value=2026&page&_format=csv,https://home.treasury.gov/resource-center/data-chart-center/interest-rates/daily-treasury-rates.csv/2026/all?type=daily_treasury_real_yield_curve&field_tdr_date_value=2026&page&_format=csv
2026-05-27,4.48,2.09,2.39,10Y nominal Treasury par yield - 10Y TIPS par real yield,https://home.treasury.gov/resource-center/data-chart-center/interest-rates/daily-treasury-rates.csv/2026/all?type=daily_treasury_yield_curve&field_tdr_date_value=2026&page&_format=csv,https://home.treasury.gov/resource-center/data-chart-center/interest-rates/daily-treasury-rates.csv/2026/all?type=daily_treasury_real_yield_curve&field_tdr_date_value=2026&page&_format=csv
2026-05-28,4.45,2.06,2.39,10Y nominal Treasury par yield - 10Y TIPS par real yield,https://home.treasury.gov/resource-center/data-chart-center/interest-rates/daily-treasury-rates.csv/2026/all?type=daily_treasury_yield_curve&field_tdr_date_value=2026&page&_format=csv,https://home.treasury.gov/resource-center/data-chart-center/interest-rates/daily-treasury-rates.csv/2026/all?type=daily_treasury_real_yield_curve&field_tdr_date_value=2026&page&_format=csv
2026-05-29,4.45,2.07,2.38,10Y nominal Treasury par yield - 10Y TIPS par real yield,https://home.treasury.gov/resource-center/data-chart-center/interest-rates/daily-treasury-rates.csv/2026/all?type=daily_treasury_yield_curve&field_tdr_date_value=2026&page&_format=csv,https://home.treasury.gov/resource-center/data-chart-center/interest-rates/daily-treasury-rates.csv/2026/all?type=daily_treasury_real_yield_curve&field_tdr_date_value=2026&page&_format=csv
2026-06-01,4.47,2.07,2.40,10Y nominal Treasury par yield - 10Y TIPS par real yield,https://home.treasury.gov/resource-center/data-chart-center/interest-rates/daily-treasury-rates.csv/2026/all?type=daily_treasury_yield_curve&field_tdr_date_value=2026&page&_format=csv,https://home.treasury.gov/resource-center/data-chart-center/interest-rates/daily-treasury-rates.csv/2026/all?type=daily_treasury_real_yield_curve&field_tdr_date_value=2026&page&_format=csv
2026-06-02,4.46,2.07,2.39,10Y nominal Treasury par yield - 10Y TIPS par real yield,https://home.treasury.gov/resource-center/data-chart-center/interest-rates/daily-treasury-rates.csv/2026/all?type=daily_treasury_yield_curve&field_tdr_date_value=2026&page&_format=csv,https://home.treasury.gov/resource-center/data-chart-center/interest-rates/daily-treasury-rates.csv/2026/all?type=daily_treasury_real_yield_curve&field_tdr_date_value=2026&page&_format=csv
2026-06-03,4.49,2.11,2.38,10Y nominal Treasury par yield - 10Y TIPS par real yield,https://home.treasury.gov/resource-center/data-chart-center/interest-rates/daily-treasury-rates.csv/2026/all?type=daily_treasury_yield_curve&field_tdr_date_value=2026&page&_format=csv,https://home.treasury.gov/resource-center/data-chart-center/interest-rates/daily-treasury-rates.csv/2026/all?type=daily_treasury_real_yield_curve&field_tdr_date_value=2026&page&_format=csv
2026-06-04,4.47,2.11,2.36,10Y nominal Treasury par yield - 10Y TIPS par real yield,https://home.treasury.gov/resource-center/data-chart-center/interest-rates/daily-treasury-rates.csv/2026/all?type=daily_treasury_yield_curve&field_tdr_date_value=2026&page&_format=csv,https://home.treasury.gov/resource-center/data-chart-center/interest-rates/daily-treasury-rates.csv/2026/all?type=daily_treasury_real_yield_curve&field_tdr_date_value=2026&page&_format=csv
2026-06-05,4.55,2.19,2.36,10Y nominal Treasury par yield - 10Y TIPS par real yield,https://home.treasury.gov/resource-center/data-chart-center/interest-rates/daily-treasury-rates.csv/2026/all?type=daily_treasury_yield_curve&field_tdr_date_value=2026&page&_format=csv,https://home.treasury.gov/resource-center/data-chart-center/interest-rates/daily-treasury-rates.csv/2026/all?type=daily_treasury_real_yield_curve&field_tdr_date_value=2026&page&_format=csv
2026-06-08,4.56,2.21,2.35,10Y nominal Treasury par yield - 10Y TIPS par real yield,https://home.treasury.gov/resource-center/data-chart-center/interest-rates/daily-treasury-rates.csv/2026/all?type=daily_treasury_yield_curve&field_tdr_date_value=2026&page&_format=csv,https://home.treasury.gov/resource-center/data-chart-center/interest-rates/daily-treasury-rates.csv/2026/all?type=daily_treasury_real_yield_curve&field_tdr_date_value=2026&page&_format=csv
2026-06-09,4.53,2.20,2.33,10Y nominal Treasury par yield - 10Y TIPS par real yield,https://home.treasury.gov/resource-center/data-chart-center/interest-rates/daily-treasury-rates.csv/2026/all?type=daily_treasury_yield_curve&field_tdr_date_value=2026&page&_format=csv,https://home.treasury.gov/resource-center/data-chart-center/interest-rates/daily-treasury-rates.csv/2026/all?type=daily_treasury_real_yield_curve&field_tdr_date_value=2026&page&_format=csv
2026-06-10,4.55,2.21,2.34,10Y nominal Treasury par yield - 10Y TIPS par real yield,https://home.treasury.gov/resource-center/data-chart-center/interest-rates/daily-treasury-rates.csv/2026/all?type=daily_treasury_yield_curve&field_tdr_date_value=2026&page&_format=csv,https://home.treasury.gov/resource-center/data-chart-center/interest-rates/daily-treasury-rates.csv/2026/all?type=daily_treasury_real_yield_curve&field_tdr_date_value=2026&page&_format=csv
2026-06-11,4.45,2.16,2.29,10Y nominal Treasury par yield - 10Y TIPS par real yield,https://home.treasury.gov/resource-center/data-chart-center/interest-rates/daily-treasury-rates.csv/2026/all?type=daily_treasury_yield_curve&field_tdr_date_value=2026&page&_format=csv,https://home.treasury.gov/resource-center/data-chart-center/interest-rates/daily-treasury-rates.csv/2026/all?type=daily_treasury_real_yield_curve&field_tdr_date_value=2026&page&_format=csv
2026-06-12,4.48,2.17,2.31,10Y nominal Treasury par yield - 10Y TIPS par real yield,https://home.treasury.gov/resource-center/data-chart-center/interest-rates/daily-treasury-rates.csv/2026/all?type=daily_treasury_yield_curve&field_tdr_date_value=2026&page&_format=csv,https://home.treasury.gov/resource-center/data-chart-center/interest-rates/daily-treasury-rates.csv/2026/all?type=daily_treasury_real_yield_curve&field_tdr_date_value=2026&page&_format=csv
2026-06-15,4.47,2.15,2.32,10Y nominal Treasury par yield - 10Y TIPS par real yield,https://home.treasury.gov/resource-center/data-chart-center/interest-rates/daily-treasury-rates.csv/2026/all?type=daily_treasury_yield_curve&field_tdr_date_value=2026&page&_format=csv,https://home.treasury.gov/resource-center/data-chart-center/interest-rates/daily-treasury-rates.csv/2026/all?type=daily_treasury_real_yield_curve&field_tdr_date_value=2026&page&_format=csv
2026-06-16,4.43,2.14,2.29,10Y nominal Treasury par yield - 10Y TIPS par real yield,https://home.treasury.gov/resource-center/data-chart-center/interest-rates/daily-treasury-rates.csv/2026/all?type=daily_treasury_yield_curve&field_tdr_date_value=2026&page&_format=csv,https://home.treasury.gov/resource-center/data-chart-center/interest-rates/daily-treasury-rates.csv/2026/all?type=daily_treasury_real_yield_curve&field_tdr_date_value=2026&page&_format=csv
2026-06-17,4.49,2.23,2.26,10Y nominal Treasury par yield - 10Y TIPS par real yield,https://home.treasury.gov/resource-center/data-chart-center/interest-rates/daily-treasury-rates.csv/2026/all?type=daily_treasury_yield_curve&field_tdr_date_value=2026&page&_format=csv,https://home.treasury.gov/resource-center/data-chart-center/interest-rates/daily-treasury-rates.csv/2026/all?type=daily_treasury_real_yield_curve&field_tdr_date_value=2026&page&_format=csv
2026-06-18,4.46,2.21,2.25,10Y nominal Treasury par yield - 10Y TIPS par real yield,https://home.treasury.gov/resource-center/data-chart-center/interest-rates/daily-treasury-rates.csv/2026/all?type=daily_treasury_yield_curve&field_tdr_date_value=2026&page&_format=csv,https://home.treasury.gov/resource-center/data-chart-center/interest-rates/daily-treasury-rates.csv/2026/all?type=daily_treasury_real_yield_curve&field_tdr_date_value=2026&page&_format=csv
2026-06-22,4.51,2.28,2.23,10Y nominal Treasury par yield - 10Y TIPS par real yield,https://home.treasury.gov/resource-center/data-chart-center/interest-rates/daily-treasury-rates.csv/2026/all?type=daily_treasury_yield_curve&field_tdr_date_value=2026&page&_format=csv,https://home.treasury.gov/resource-center/data-chart-center/interest-rates/daily-treasury-rates.csv/2026/all?type=daily_treasury_real_yield_curve&field_tdr_date_value=2026&page&_format=csv
2026-06-23,4.50,2.29,2.21,10Y nominal Treasury par yield - 10Y TIPS par real yield,https://home.treasury.gov/resource-center/data-chart-center/interest-rates/daily-treasury-rates.csv/2026/all?type=daily_treasury_yield_curve&field_tdr_date_value=2026&page&_format=csv,https://home.treasury.gov/resource-center/data-chart-center/interest-rates/daily-treasury-rates.csv/2026/all?type=daily_treasury_real_yield_curve&field_tdr_date_value=2026&page&_format=csv
2026-06-24,4.41,2.23,2.18,10Y nominal Treasury par yield - 10Y TIPS par real yield,https://home.treasury.gov/resource-center/data-chart-center/interest-rates/daily-treasury-rates.csv/2026/all?type=daily_treasury_yield_curve&field_tdr_date_value=2026&page&_format=csv,https://home.treasury.gov/resource-center/data-chart-center/interest-rates/daily-treasury-rates.csv/2026/all?type=daily_treasury_real_yield_curve&field_tdr_date_value=2026&page&_format=csv
2026-06-25,4.40,2.19,2.21,10Y nominal Treasury par yield - 10Y TIPS par real yield,https://home.treasury.gov/resource-center/data-chart-center/interest-rates/daily-treasury-rates.csv/2026/all?type=daily_treasury_yield_curve&field_tdr_date_value=2026&page&_format=csv,https://home.treasury.gov/resource-center/data-chart-center/interest-rates/daily-treasury-rates.csv/2026/all?type=daily_treasury_real_yield_curve&field_tdr_date_value=2026&page&_format=csv
2026-06-26,4.38,2.18,2.20,10Y nominal Treasury par yield - 10Y TIPS par real yield,https://home.treasury.gov/resource-center/data-chart-center/interest-rates/daily-treasury-rates.csv/2026/all?type=daily_treasury_yield_curve&field_tdr_date_value=2026&page&_format=csv,https://home.treasury.gov/resource-center/data-chart-center/interest-rates/daily-treasury-rates.csv/2026/all?type=daily_treasury_real_yield_curve&field_tdr_date_value=2026&page&_format=csv
2026-06-29,4.38,2.16,2.22,10Y nominal Treasury par yield - 10Y TIPS par real yield,https://home.treasury.gov/resource-center/data-chart-center/interest-rates/daily-treasury-rates.csv/2026/all?type=daily_treasury_yield_curve&field_tdr_date_value=2026&page&_format=csv,https://home.treasury.gov/resource-center/data-chart-center/interest-rates/daily-treasury-rates.csv/2026/all?type=daily_treasury_real_yield_curve&field_tdr_date_value=2026&page&_format=csv
2026-06-30,4.44,2.20,2.24,10Y nominal Treasury par yield - 10Y TIPS par real yield,https://home.treasury.gov/resource-center/data-chart-center/interest-rates/daily-treasury-rates.csv/2026/all?type=daily_treasury_yield_curve&field_tdr_date_value=2026&page&_format=csv,https://home.treasury.gov/resource-center/data-chart-center/interest-rates/daily-treasury-rates.csv/2026/all?type=daily_treasury_real_yield_curve&field_tdr_date_value=2026&page&_format=csv
2026-07-01,4.48,2.25,2.23,10Y nominal Treasury par yield - 10Y TIPS par real yield,https://home.treasury.gov/resource-center/data-chart-center/interest-rates/daily-treasury-rates.csv/2026/all?type=daily_treasury_yield_curve&field_tdr_date_value=2026&page&_format=csv,https://home.treasury.gov/resource-center/data-chart-center/interest-rates/daily-treasury-rates.csv/2026/all?type=daily_treasury_real_yield_curve&field_tdr_date_value=2026&page&_format=csv
2026-07-02,4.49,2.26,2.23,10Y nominal Treasury par yield - 10Y TIPS par real yield,https://home.treasury.gov/resource-center/data-chart-center/interest-rates/daily-treasury-rates.csv/2026/all?type=daily_treasury_yield_curve&field_tdr_date_value=2026&page&_format=csv,https://home.treasury.gov/resource-center/data-chart-center/interest-rates/daily-treasury-rates.csv/2026/all?type=daily_treasury_real_yield_curve&field_tdr_date_value=2026&page&_format=csv
2026-07-06,4.48,2.24,2.24,10Y nominal Treasury par yield - 10Y TIPS par real yield,https://home.treasury.gov/resource-center/data-chart-center/interest-rates/daily-treasury-rates.csv/2026/all?type=daily_treasury_yield_curve&field_tdr_date_value=2026&page&_format=csv,https://home.treasury.gov/resource-center/data-chart-center/interest-rates/daily-treasury-rates.csv/2026/all?type=daily_treasury_real_yield_curve&field_tdr_date_value=2026&page&_format=csv
2026-07-07,4.55,2.30,2.25,10Y nominal Treasury par yield - 10Y TIPS par real yield,https://home.treasury.gov/resource-center/data-chart-center/interest-rates/daily-treasury-rates.csv/2026/all?type=daily_treasury_yield_curve&field_tdr_date_value=2026&page&_format=csv,https://home.treasury.gov/resource-center/data-chart-center/interest-rates/daily-treasury-rates.csv/2026/all?type=daily_treasury_real_yield_curve&field_tdr_date_value=2026&page&_format=csv
2026-07-08,4.56,2.31,2.25,10Y nominal Treasury par yield - 10Y TIPS par real yield,https://home.treasury.gov/resource-center/data-chart-center/interest-rates/daily-treasury-rates.csv/2026/all?type=daily_treasury_yield_curve&field_tdr_date_value=2026&page&_format=csv,https://home.treasury.gov/resource-center/data-chart-center/interest-rates/daily-treasury-rates.csv/2026/all?type=daily_treasury_real_yield_curve&field_tdr_date_value=2026&page&_format=csv
2026-07-09,4.54,2.31,2.23,10Y nominal Treasury par yield - 10Y TIPS par real yield,https://home.treasury.gov/resource-center/data-chart-center/interest-rates/daily-treasury-rates.csv/2026/all?type=daily_treasury_yield_curve&field_tdr_date_value=2026&page&_format=csv,https://home.treasury.gov/resource-center/data-chart-center/interest-rates/daily-treasury-rates.csv/2026/all?type=daily_treasury_real_yield_curve&field_tdr_date_value=2026&page&_format=csv
2026-07-10,4.56,2.32,2.24,10Y nominal Treasury par yield - 10Y TIPS par real yield,https://home.treasury.gov/resource-center/data-chart-center/interest-rates/daily-treasury-rates.csv/2026/all?type=daily_treasury_yield_curve&field_tdr_date_value=2026&page&_format=csv,https://home.treasury.gov/resource-center/data-chart-center/interest-rates/daily-treasury-rates.csv/2026/all?type=daily_treasury_real_yield_curve&field_tdr_date_value=2026&page&_format=csv
2026-07-13,4.62,2.36,2.26,10Y nominal Treasury par yield - 10Y TIPS par real yield,https://home.treasury.gov/resource-center/data-chart-center/interest-rates/daily-treasury-rates.csv/2026/all?type=daily_treasury_yield_curve&field_tdr_date_value=2026&page&_format=csv,https://home.treasury.gov/resource-center/data-chart-center/interest-rates/daily-treasury-rates.csv/2026/all?type=daily_treasury_real_yield_curve&field_tdr_date_value=2026&page&_format=csv
2026-07-14,4.58,2.33,2.25,10Y nominal Treasury par yield - 10Y TIPS par real yield,https://home.treasury.gov/resource-center/data-chart-center/interest-rates/daily-treasury-rates.csv/2026/all?type=daily_treasury_yield_curve&field_tdr_date_value=2026&page&_format=csv,https://home.treasury.gov/resource-center/data-chart-center/interest-rates/daily-treasury-rates.csv/2026/all?type=daily_treasury_real_yield_curve&field_tdr_date_value=2026&page&_format=csv
2026-07-15,4.55,2.32,2.23,10Y nominal Treasury par yield - 10Y TIPS par real yield,https://home.treasury.gov/resource-center/data-chart-center/interest-rates/daily-treasury-rates.csv/2026/all?type=daily_treasury_yield_curve&field_tdr_date_value=2026&page&_format=csv,https://home.treasury.gov/resource-center/data-chart-center/interest-rates/daily-treasury-rates.csv/2026/all?type=daily_treasury_real_yield_curve&field_tdr_date_value=2026&page&_format=csv
2026-07-16,4.57,2.35,2.22,10Y nominal Treasury par yield - 10Y TIPS par real yield,https://home.treasury.gov/resource-center/data-chart-center/interest-rates/daily-treasury-rates.csv/2026/all?type=daily_treasury_yield_curve&field_tdr_date_value=2026&page&_format=csv,https://home.treasury.gov/resource-center/data-chart-center/interest-rates/daily-treasury-rates.csv/2026/all?type=daily_treasury_real_yield_curve&field_tdr_date_value=2026&page&_format=csv
2026-07-17,4.55,2.31,2.24,10Y nominal Treasury par yield - 10Y TIPS par real yield,https://home.treasury.gov/resource-center/data-chart-center/interest-rates/daily-treasury-rates.csv/2026/all?type=daily_treasury_yield_curve&field_tdr_date_value=2026&page&_format=csv,https://home.treasury.gov/resource-center/data-chart-center/interest-rates/daily-treasury-rates.csv/2026/all?type=daily_treasury_real_yield_curve&field_tdr_date_value=2026&page&_format=csv
2026-07-20,4.60,2.35,2.25,10Y nominal Treasury par yield - 10Y TIPS par real yield,https://home.treasury.gov/resource-center/data-chart-center/interest-rates/daily-treasury-rates.csv/2026/all?type=daily_treasury_yield_curve&field_tdr_date_value=2026&page&_format=csv,https://home.treasury.gov/resource-center/data-chart-center/interest-rates/daily-treasury-rates.csv/2026/all?type=daily_treasury_real_yield_curve&field_tdr_date_value=2026&page&_format=csv
2026-07-21,4.63,2.37,2.26,10Y nominal Treasury par yield - 10Y TIPS par real yield,https://home.treasury.gov/resource-center/data-chart-center/interest-rates/daily-treasury-rates.csv/2026/all?type=daily_treasury_yield_curve&field_tdr_date_value=2026&page&_format=csv,https://home.treasury.gov/resource-center/data-chart-center/interest-rates/daily-treasury-rates.csv/2026/all?type=daily_treasury_real_yield_curve&field_tdr_date_value=2026&page&_format=csv
2026-07-22,4.67,2.39,2.28,10Y nominal Treasury par yield - 10Y TIPS par real yield,https://home.treasury.gov/resource-center/data-chart-center/interest-rates/daily-treasury-rates.csv/2026/all?type=daily_treasury_yield_curve&field_tdr_date_value=2026&page&_format=csv,https://home.treasury.gov/resource-center/data-chart-center/interest-rates/daily-treasury-rates.csv/2026/all?type=daily_treasury_real_yield_curve&field_tdr_date_value=2026&page&_format=csv
2026-07-23,4.71,2.43,2.28,10Y nominal Treasury par yield - 10Y TIPS par real yield,https://home.treasury.gov/resource-center/data-chart-center/interest-rates/daily-treasury-rates.csv/2026/all?type=daily_treasury_yield_curve&field_tdr_date_value=2026&page&_format=csv,https://home.treasury.gov/resource-center/data-chart-center/interest-rates/daily-treasury-rates.csv/2026/all?type=daily_treasury_real_yield_curve&field_tdr_date_value=2026&page&_format=csv
2026-07-24,4.69,2.43,2.26,10Y nominal Treasury par yield - 10Y TIPS par real yield,https://home.treasury.gov/resource-center/data-chart-center/interest-rates/daily-treasury-rates.csv/2026/all?type=daily_treasury_yield_curve&field_tdr_date_value=2026&page&_format=csv,https://home.treasury.gov/resource-center/data-chart-center/interest-rates/daily-treasury-rates.csv/2026/all?type=daily_treasury_real_yield_curve&field_tdr_date_value=2026&page&_format=csv
2026-07-27,4.65,2.44,2.21,10Y nominal Treasury par yield - 10Y TIPS par real yield,https://home.treasury.gov/resource-center/data-chart-center/interest-rates/daily-treasury-rates.csv/2026/all?type=daily_treasury_yield_curve&field_tdr_date_value=2026&page&_format=csv,https://home.treasury.gov/resource-center/data-chart-center/interest-rates/daily-treasury-rates.csv/2026/all?type=daily_treasury_real_yield_curve&field_tdr_date_value=2026&page&_format=csv
2026-07-28,4.61,2.41,2.20,10Y nominal Treasury par yield - 10Y TIPS par real yield,https://home.treasury.gov/resource-center/data-chart-center/interest-rates/daily-treasury-rates.csv/2026/all?type=daily_treasury_yield_curve&field_tdr_date_value=2026&page&_format=csv,https://home.treasury.gov/resource-center/data-chart-center/interest-rates/daily-treasury-rates.csv/2026/all?type=daily_treasury_real_yield_curve&field_tdr_date_value=2026&page&_format=csv
2026-07-29,4.67,2.41,2.26,10Y nominal Treasury par yield - 10Y TIPS par real yield,https://home.treasury.gov/resource-center/data-chart-center/interest-rates/daily-treasury-rates.csv/2026/all?type=daily_treasury_yield_curve&field_tdr_date_value=2026&page&_format=csv,https://home.treasury.gov/resource-center/data-chart-center/interest-rates/daily-treasury-rates.csv/2026/all?type=daily_treasury_real_yield_curve&field_tdr_date_value=2026&page&_format=csv
2026-07-30,4.68,2.41,2.27,10Y nominal Treasury par yield - 10Y TIPS par real yield,https://home.treasury.gov/resource-center/data-chart-center/interest-rates/daily-treasury-rates.csv/2026/all?type=daily_treasury_yield_curve&field_tdr_date_value=2026&page&_format=csv,https://home.treasury.gov/resource-center/data-chart-center/interest-rates/daily-treasury-rates.csv/2026/all?type=daily_treasury_real_yield_curve&field_tdr_date_value=2026&page&_format=csv
2026-07-31,4.75,2.47,2.28,10Y nominal Treasury par yield - 10Y TIPS par real yield,https://home.treasury.gov/resource-center/data-chart-center/interest-rates/daily-treasury-rates.csv/2026/all?type=daily_treasury_yield_curve&field_tdr_date_value=2026&page&_format=csv,https://home.treasury.gov/resource-center/data-chart-center/interest-rates/daily-treasury-rates.csv/2026/all?type=daily_treasury_real_yield_curve&field_tdr_date_value=2026&page&_format=csv
2026-08-03,4.70,2.43,2.27,10Y nominal Treasury par yield - 10Y TIPS par real yield,https://home.treasury.gov/resource-center/data-chart-center/interest-rates/daily-treasury-rates.csv/2026/all?type=daily_treasury_yield_curve&field_tdr_date_value=2026&page&_format=csv,https://home.treasury.gov/resource-center/data-chart-center/interest-rates/daily-treasury-rates.csv/2026/all?type=daily_treasury_real_yield_curve&field_tdr_date_value=2026&page&_format=csv
2026-08-04,4.63,2.40,2.23,10Y nominal Treasury par yield - 10Y TIPS par real yield,https://home.treasury.gov/resource-center/data-chart-center/interest-rates/daily-treasury-rates.csv/2026/all?type=daily_treasury_yield_curve&field_tdr_date_value=2026&page&_format=csv,https://home.treasury.gov/resource-center/data-chart-center/interest-rates/daily-treasury-rates.csv/2026/all?type=daily_treasury_real_yield_curve&field_tdr_date_value=2026&page&_format=csv
2026-08-05,4.63,2.41,2.22,10Y nominal Treasury par yield - 10Y TIPS par real yield,https://home.treasury.gov/resource-center/data-chart-center/interest-rates/daily-treasury-rates.csv/2026/all?type=daily_treasury_yield_curve&field_tdr_date_value=2026&page&_format=csv,https://home.treasury.gov/resource-center/data-chart-center/interest-rates/daily-treasury-rates.csv/2026/all?type=daily_treasury_real_yield_curve&field_tdr_date_value=2026&page&_format=csv
2026-08-06,4.69,2.43,2.26,10Y nominal Treasury par yield - 10Y TIPS par real yield,https://home.treasury.gov/resource-center/data-chart-center/interest-rates/daily-treasury-rates.csv/2026/all?type=daily_treasury_yield_curve&field_tdr_date_value=2026&page&_format=csv,https://home.treasury.gov/resource-center/data-chart-center/interest-rates/daily-treasury-rates.csv/2026/all?type=daily_treasury_real_yield_curve&field_tdr_date_value=2026&page&_format=csv
2026-08-07,4.65,2.40,2.25,10Y nominal Treasury par yield - 10Y TIPS par real yield,https://home.treasury.gov/resource-center/data-chart-center/interest-rates/daily-treasury-rates.csv/2026/all?type=daily_treasury_yield_curve&field_tdr_date_value=2026&page&_format=csv,https://home.treasury.gov/resource-center/data-chart-center/interest-rates/daily-treasury-rates.csv/2026/all?type=daily_treasury_real_yield_curve&field_tdr_date_value=2026&page&_format=csv
2026-08-10,4.72,2.43,2.29,10Y nominal Treasury par yield - 10Y TIPS par real yield,https://home.treasury.gov/resource-center/data-chart-center/interest-rates/daily-treasury-rates.csv/2026/all?type=daily_treasury_yield_curve&field_tdr_date_value=2026&page&_format=csv,https://home.treasury.gov/resource-center/data-chart-center/interest-rates/daily-treasury-rates.csv/2026/all?type=daily_treasury_real_yield_curve&field_tdr_date_value=2026&page&_format=csv
2026-08-11,4.70,2.43,2.27,10Y nominal Treasury par yield - 10Y TIPS par real yield,https://home.treasury.gov/resource-center/data-chart-center/interest-rates/daily-treasury-rates.csv/2026/all?type=daily_treasury_yield_curve&field_tdr_date_value=2026&page&_format=csv,https://home.treasury.gov/resource-center/data-chart-center/interest-rates/daily-treasury-rates.csv/2026/all?type=daily_treasury_real_yield_curve&field_tdr_date_value=2026&page&_format=csv
2026-08-12,4.68,2.42,2.26,10Y nominal Treasury par yield - 10Y TIPS par real yield,https://home.treasury.gov/resource-center/data-chart-center/interest-rates/daily-treasury-rates.csv/2026/all?type=daily_treasury_yield_curve&field_tdr_date_value=2026&page&_format=csv,https://home.treasury.gov/resource-center/data-chart-center/interest-rates/daily-treasury-rates.csv/2026/all?type=daily_treasury_real_yield_curve&field_tdr_date_value=2026&page&_format=csv
2026-08-13,4.63,2.39,2.24,10Y nominal Treasury par yield - 10Y TIPS par real yield,https://home.treasury.gov/resource-center/data-chart-center/interest-rates/daily-treasury-rates.csv/2026/all?type=daily_treasury_yield_curve&field_tdr_date_value=2026&page&_format=csv,https://home.treasury.gov/resource-center/data-chart-center/interest-rates/daily-treasury-rates.csv/2026/all?type=daily_treasury_real_yield_curve&field_tdr_date_value=2026&page&_format=csv
2026-08-14,4.68,2.41,2.27,10Y nominal Treasury par yield - 10Y TIPS par real yield,https://home.treasury.gov/resource-center/data-chart-center/interest-rates/daily-treasury-rates.csv/2026/all?type=daily_treasury_yield_curve&field_tdr_date_value=2026&page&_format=csv,https://home.treasury.gov/resource-center/data-chart-center/interest-rates/daily-treasury-rates.csv/2026/all?type=daily_treasury_real_yield_curve&field_tdr_date_value=2026&page&_format=csv
2026-08-17,4.72,2.44,2.28,10Y nominal Treasury par yield - 10Y TIPS par real yield,https://home.treasury.gov/resource-center/data-chart-center/interest-rates/daily-treasury-rates.csv/2026/all?type=daily_treasury_yield_curve&field_tdr_date_value=2026&page&_format=csv,https://home.treasury.gov/resource-center/data-chart-center/interest-rates/daily-treasury-rates.csv/2026/all?type=daily_treasury_real_yield_curve&field_tdr_date_value=2026&page&_format=csv
2026-08-18,4.71,2.41,2.30,10Y nominal Treasury par yield - 10Y TIPS par real yield,https://home.treasury.gov/resource-center/data-chart-center/interest-rates/daily-treasury-rates.csv/2026/all?type=daily_treasury_yield_curve&field_tdr_date_value=2026&page&_format=csv,https://home.treasury.gov/resource-center/data-chart-center/interest-rates/daily-treasury-rates.csv/2026/all?type=daily_treasury_real_yield_curve&field_tdr_date_value=2026&page&_format=csv
2026-08-19,4.65,2.35,2.30,10Y nominal Treasury par yield - 10Y TIPS par real yield,https://home.treasury.gov/resource-center/data-chart-center/interest-rates/daily-treasury-rates.csv/2026/all?type=daily_treasury_yield_curve&field_tdr_date_value=2026&page&_format=csv,https://home.treasury.gov/resource-center/data-chart-center/interest-rates/daily-treasury-rates.csv/2026/all?type=daily_treasury_real_yield_curve&field_tdr_date_value=2026&page&_format=csv
2026-08-20,4.69,2.35,2.34,10Y nominal Treasury par yield - 10Y TIPS par real yield,https://home.treasury.gov/resource-center/data-chart-center/interest-rates/daily-treasury-rates.csv/2026/all?type=daily_treasury_yield_curve&field_tdr_date_value=2026&page&_format=csv,https://home.treasury.gov/resource-center/data-chart-center/interest-rates/daily-treasury-rates.csv/2026/all?type=daily_treasury_real_yield_curve&field_tdr_date_value=2026&page&_format=csv
2026-08-21,4.74,2.40,2.34,10Y nominal Treasury par yield - 10Y TIPS par real yield,https://home.treasury.gov/resource-center/data-chart-center/interest-rates/daily-treasury-rates.csv/2026/all?type=daily_treasury_yield_curve&field_tdr_date_value=2026&page&_format=csv,https://home.treasury.gov/resource-center/data-chart-center/interest-rates/daily-treasury-rates.csv/2026/all?type=daily_treasury_real_yield_curve&field_tdr_date_value=2026&page&_format=csv
2026-08-24,4.70,2.38,2.32,10Y nominal Treasury par yield - 10Y TIPS par real yield,https://home.treasury.gov/resource-center/data-chart-center/interest-rates/daily-treasury-rates.csv/2026/all?type=daily_treasury_yield_curve&field_tdr_date_value=2026&page&_format=csv,https://home.treasury.gov/resource-center/data-chart-center/interest-rates/daily-treasury-rates.csv/2026/all?type=daily_treasury_real_yield_curve&field_tdr_date_value=2026&page&_format=csv
2026-08-25,4.64,2.32,2.32,10Y nominal Treasury par yield - 10Y TIPS par real yield,https://home.treasury.gov/resource-center/data-chart-center/interest-rates/daily-treasury-rates.csv/2026/all?type=daily_treasury_yield_curve&field_tdr_date_value=2026&page&_format=csv,https://home.treasury.gov/resource-center/data-chart-center/interest-rates/daily-treasury-rates.csv/2026/all?type=daily_treasury_real_yield_curve&field_tdr_date_value=2026&page&_format=csv
2026-08-26,4.66,2.34,2.32,10Y nominal Treasury par yield - 10Y TIPS par real yield,https://home.treasury.gov/resource-center/data-chart-center/interest-rates/daily-treasury-rates.csv/2026/all?type=daily_treasury_yield_curve&field_tdr_date_value=2026&page&_format=csv,https://home.treasury.gov/resource-center/data-chart-center/interest-rates/daily-treasury-rates.csv/2026/all?type=daily_treasury_real_yield_curve&field_tdr_date_value=2026&page&_format=csv
2026-08-27,4.67,2.34,2.33,10Y nominal Treasury par yield - 10Y TIPS par real yield,https://home.treasury.gov/resource-center/data-chart-center/interest-rates/daily-treasury-rates.csv/2026/all?type=daily_treasury_yield_curve&field_tdr_date_value=2026&page&_format=csv,https://home.treasury.gov/resource-center/data-chart-center/interest-rates/daily-treasury-rates.csv/2026/all?type=daily_treasury_real_yield_curve&field_tdr_date_value=2026&page&_format=csv
2026-08-28,4.73,2.42,2.31,10Y nominal Treasury par yield - 10Y TIPS par real yield,https://home.treasury.gov/resource-center/data-chart-center/interest-rates/daily-treasury-rates.csv/2026/all?type=daily_treasury_yield_curve&field_tdr_date_value=2026&page&_format=csv,https://home.treasury.gov/resource-center/data-chart-center/interest-rates/daily-treasury-rates.csv/2026/all?type=daily_treasury_real_yield_curve&field_tdr_date_value=2026&page&_format=csv
2026-08-31,4.75,2.44,2.31,10Y nominal Treasury par yield - 10Y TIPS par real yield,https://home.treasury.gov/resource-center/data-chart-center/interest-rates/daily-treasury-rates.csv/2026/all?type=daily_treasury_yield_curve&field_tdr_date_value=2026&page&_format=csv,https://home.treasury.gov/resource-center/data-chart-center/interest-rates/daily-treasury-rates.csv/2026/all?type=daily_treasury_real_yield_curve&field_tdr_date_value=2026&page&_format=csv
2026-09-01,4.79,2.44,2.35,10Y nominal Treasury par yield - 10Y TIPS par real yield,https://home.treasury.gov/resource-center/data-chart-center/interest-rates/daily-treasury-rates.csv/2026/all?type=daily_treasury_yield_curve&field_tdr_date_value=2026&page&_format=csv,https://home.treasury.gov/resource-center/data-chart-center/interest-rates/daily-treasury-rates.csv/2026/all?type=daily_treasury_real_yield_curve&field_tdr_date_value=2026&page&_format=csv
2026-09-02,4.79,2.45,2.34,10Y nominal Treasury par yield - 10Y TIPS par real yield,https://home.treasury.gov/resource-center/data-chart-center/interest-rates/daily-treasury-rates.csv/2026/all?type=daily_treasury_yield_curve&field_tdr_date_value=2026&page&_format=csv,https://home.treasury.gov/resource-center/data-chart-center/interest-rates/daily-treasury-rates.csv/2026/all?type=daily_treasury_real_yield_curve&field_tdr_date_value=2026&page&_format=csv
2026-09-03,4.77,2.42,2.35,10Y nominal Treasury par yield - 10Y TIPS par real yield,https://home.treasury.gov/resource-center/data-chart-center/interest-rates/daily-treasury-rates.csv/2026/all?type=daily_treasury_yield_curve&field_tdr_date_value=2026&page&_format=csv,https://home.treasury.gov/resource-center/data-chart-center/interest-rates/daily-treasury-rates.csv/2026/all?type=daily_treasury_real_yield_curve&field_tdr_date_value=2026&page&_format=csv
2026-09-04,4.78,2.43,2.35,10Y nominal Treasury par yield - 10Y TIPS par real yield,https://home.treasury.gov/resource-center/data-chart-center/interest-rates/daily-treasury-rates.csv/2026/all?type=daily_treasury_yield_curve&field_tdr_date_value=2026&page&_format=csv,https://home.treasury.gov/resource-center/data-chart-center/interest-rates/daily-treasury-rates.csv/2026/all?type=daily_treasury_real_yield_curve&field_tdr_date_value=2026&page&_format=csv
2026-09-08,4.80,2.43,2.37,10Y nominal Treasury par yield - 10Y TIPS par real yield,https://home.treasury.gov/resource-center/data-chart-center/interest-rates/daily-treasury-rates.csv/2026/all?type=daily_treasury_yield_curve&field_tdr_date_value=2026&page&_format=csv,https://home.treasury.gov/resource-center/data-chart-center/interest-rates/daily-treasury-rates.csv/2026/all?type=daily_treasury_real_yield_curve&field_tdr_date_value=2026&page&_format=csv
2026-09-09,4.83,2.46,2.37,10Y nominal Treasury par yield - 10Y TIPS par real yield,https://home.treasury.gov/resource-center/data-chart-center/interest-rates/daily-treasury-rates.csv/2026/all?type=daily_treasury_yield_curve&field_tdr_date_value=2026&page&_format=csv,https://home.treasury.gov/resource-center/data-chart-center/interest-rates/daily-treasury-rates.csv/2026/all?type=daily_treasury_real_yield_curve&field_tdr_date_value=2026&page&_format=csv
2026-09-10,4.95,2.55,2.40,10Y nominal Treasury par yield - 10Y TIPS par real yield,https://home.treasury.gov/resource-center/data-chart-center/interest-rates/daily-treasury-rates.csv/2026/all?type=daily_treasury_yield_curve&field_tdr_date_value=2026&page&_format=csv,https://home.treasury.gov/resource-center/data-chart-center/interest-rates/daily-treasury-rates.csv/2026/all?type=daily_treasury_real_yield_curve&field_tdr_date_value=2026&page&_format=csv
2026-09-11,4.96,2.60,2.36,10Y nominal Treasury par yield - 10Y TIPS par real yield,https://home.treasury.gov/resource-center/data-chart-center/interest-rates/daily-treasury-rates.csv/2026/all?type=daily_treasury_yield_curve&field_tdr_date_value=2026&page&_format=csv,https://home.treasury.gov/resource-center/data-chart-center/interest-rates/daily-treasury-rates.csv/2026/all?type=daily_treasury_real_yield_curve&field_tdr_date_value=2026&page&_format=csv
2026-09-14,4.97,2.60,2.37,10Y nominal Treasury par yield - 10Y TIPS par real yield,https://home.treasury.gov/resource-center/data-chart-center/interest-rates/daily-treasury-rates.csv/2026/all?type=daily_treasury_yield_curve&field_tdr_date_value=2026&page&_format=csv,https://home.treasury.gov/resource-center/data-chart-center/interest-rates/daily-treasury-rates.csv/2026/all?type=daily_treasury_real_yield_curve&field_tdr_date_value=2026&page&_format=csv
2026-09-15,5.00,2.62,2.38,10Y nominal Treasury par yield - 10Y TIPS par real yield,https://home.treasury.gov/resource-center/data-chart-center/interest-rates/daily-treasury-rates.csv/2026/all?type=daily_treasury_yield_curve&field_tdr_date_value=2026&page&_format=csv,https://home.treasury.gov/resource-center/data-chart-center/interest-rates/daily-treasury-rates.csv/2026/all?type=daily_treasury_real_yield_curve&field_tdr_date_value=2026&page&_format=csv
2026-09-16,5.01,2.68,2.33,10Y nominal Treasury par yield - 10Y TIPS par real yield,https://home.treasury.gov/resource-center/data-chart-center/interest-rates/daily-treasury-rates.csv/2026/all?type=daily_treasury_yield_curve&field_tdr_date_value=2026&page&_format=csv,https://home.treasury.gov/resource-center/data-chart-center/interest-rates/daily-treasury-rates.csv/2026/all?type=daily_treasury_real_yield_curve&field_tdr_date_value=2026&page&_format=csv
2026-09-17,4.94,2.61,2.33,10Y nominal Treasury par yield - 10Y TIPS par real yield,https://home.treasury.gov/resource-center/data-chart-center/interest-rates/daily-treasury-rates.csv/2026/all?type=daily_treasury_yield_curve&field_tdr_date_value=2026&page&_format=csv,https://home.treasury.gov/resource-center/data-chart-center/interest-rates/daily-treasury-rates.csv/2026/all?type=daily_treasury_real_yield_curve&field_tdr_date_value=2026&page&_format=csv
