code,name,exchange,date,raw_open,raw_high,raw_low,raw_close,adj_open,adj_high,adj_low,adj_close,adj_factor,volume,amount,source,source_timestamp,run_id
159622,创新药ETF东财,SZSE,2023-05-09,0.999,0.999,0.972,0.973,0.9989999999999966,0.9989999999999966,0.9719999999999966,0.9729999999999966,0.9999999999999966,29322200.0,28758599.0,腾讯日K,2026-08-07T17:30:13,20260926T093659
159622,创新药ETF东财,SZSE,2023-05-10,0.971,0.979,0.967,0.977,0.9709999999999966,0.9789999999999967,0.9669999999999966,0.9769999999999966,0.9999999999999966,12540700.0,12226331.0,腾讯日K,2026-08-07T17:30:13,20260926T093659
159622,创新药ETF东财,SZSE,2023-05-11,0.978,0.995,0.976,0.978,0.9779999999999964,0.9949999999999963,0.9759999999999964,0.9779999999999964,0.9999999999999963,9917800.0,9784720.0,腾讯日K,2026-08-07T17:30:13,20260926T093659
159622,创新药ETF东财,SZSE,2023-05-12,0.98,0.987,0.97,0.971,0.9799999999999965,0.9869999999999964,0.9699999999999965,0.9709999999999965,0.9999999999999964,11231300.0,10960724.0,腾讯日K,2026-08-07T17:30:13,20260926T093659
159622,创新药ETF东财,SZSE,2023-05-15,0.973,0.987,0.966,0.985,0.9729999999999968,0.9869999999999967,0.9659999999999968,0.9849999999999967,0.9999999999999967,18195100.0,17720984.0,腾讯日K,2026-08-07T17:30:13,20260926T093659
159622,创新药ETF东财,SZSE,2023-05-16,0.985,1.001,0.984,0.996,0.9849999999999968,1.0009999999999966,0.9839999999999968,0.9959999999999968,0.9999999999999968,36169200.0,36036959.0,腾讯日K,2026-08-07T17:30:13,20260926T093659
159622,创新药ETF东财,SZSE,2023-05-17,0.997,0.999,0.975,0.979,0.9969999999999967,0.9989999999999967,0.9749999999999968,0.9789999999999968,0.9999999999999967,19920300.0,19562882.0,腾讯日K,2026-08-07T17:30:13,20260926T093659
159622,创新药ETF东财,SZSE,2023-05-18,0.979,0.982,0.966,0.97,0.9789999999999969,0.9819999999999969,0.9659999999999969,0.9699999999999969,0.9999999999999968,17231500.0,16763995.0,腾讯日K,2026-08-07T17:30:13,20260926T093659
159622,创新药ETF东财,SZSE,2023-05-19,0.97,0.978,0.964,0.973,0.9699999999999969,0.9779999999999969,0.9639999999999969,0.9729999999999969,0.9999999999999968,12344200.0,12007121.0,腾讯日K,2026-08-07T17:30:13,20260926T093659
159622,创新药ETF东财,SZSE,2023-05-22,0.973,0.992,0.97,0.985,0.972999999999997,0.9919999999999969,0.969999999999997,0.9849999999999969,0.9999999999999969,13447500.0,13230518.0,腾讯日K,2026-08-07T17:30:13,20260926T093659
159622,创新药ETF东财,SZSE,2023-05-23,0.986,1.003,0.985,0.989,0.9859999999999969,1.0029999999999968,0.9849999999999969,0.9889999999999969,0.9999999999999969,22480800.0,22451393.0,腾讯日K,2026-08-07T17:30:13,20260926T093659
159622,创新药ETF东财,SZSE,2023-05-24,0.99,0.992,0.977,0.977,0.9899999999999968,0.9919999999999968,0.9769999999999969,0.9769999999999969,0.9999999999999968,16185600.0,15926089.0,腾讯日K,2026-08-07T17:30:13,20260926T093659
159622,创新药ETF东财,SZSE,2023-05-25,0.977,0.979,0.963,0.97,0.9769999999999969,0.9789999999999969,0.9629999999999969,0.9699999999999969,0.9999999999999968,14184400.0,13775545.0,腾讯日K,2026-08-07T17:30:13,20260926T093659
159622,创新药ETF东财,SZSE,2023-05-26,0.97,0.976,0.965,0.97,0.9699999999999969,0.9759999999999969,0.9649999999999969,0.9699999999999969,0.9999999999999968,11763500.0,11404721.0,腾讯日K,2026-08-07T17:30:13,20260926T093659
159622,创新药ETF东财,SZSE,2023-05-29,0.97,0.977,0.958,0.964,0.9699999999999969,0.9769999999999969,0.9579999999999969,0.9639999999999969,0.9999999999999968,10203000.0,9850987.0,腾讯日K,2026-08-07T17:30:13,20260926T093659
159622,创新药ETF东财,SZSE,2023-05-30,0.965,0.97,0.94,0.954,0.9649999999999969,0.9699999999999969,0.939999999999997,0.9539999999999969,0.9999999999999968,14785700.0,14185773.0,腾讯日K,2026-08-07T17:30:13,20260926T093659
159622,创新药ETF东财,SZSE,2023-05-31,0.954,0.954,0.929,0.933,0.9539999999999969,0.9539999999999969,0.928999999999997,0.932999999999997,0.9999999999999968,10522800.0,9906926.0,腾讯日K,2026-08-07T17:30:13,20260926T093659
159622,创新药ETF东财,SZSE,2023-06-01,0.928,0.954,0.928,0.943,0.9279999999999972,0.953999999999997,0.9279999999999972,0.9429999999999971,0.9999999999999969,13207100.0,12494133.0,腾讯日K,2026-08-07T17:30:13,20260926T093659
159622,创新药ETF东财,SZSE,2023-06-02,0.941,0.958,0.941,0.954,0.9409999999999971,0.957999999999997,0.9409999999999971,0.953999999999997,0.9999999999999969,11755700.0,11176369.0,腾讯日K,2026-08-07T17:30:13,20260926T093659
159622,创新药ETF东财,SZSE,2023-06-05,0.953,0.957,0.94,0.944,0.9529999999999968,0.9569999999999969,0.939999999999997,0.943999999999997,0.9999999999999968,5752000.0,5442567.0,腾讯日K,2026-08-07T17:30:13,20260926T093659
159622,创新药ETF东财,SZSE,2023-06-06,0.944,0.945,0.929,0.93,0.9439999999999971,0.9449999999999971,0.9289999999999972,0.9299999999999972,0.9999999999999969,11329700.0,10651937.0,腾讯日K,2026-08-07T17:30:13,20260926T093659
159622,创新药ETF东财,SZSE,2023-06-07,0.933,0.945,0.924,0.927,0.9329999999999972,0.9449999999999971,0.9239999999999972,0.9269999999999972,0.9999999999999969,11970500.0,11161670.0,腾讯日K,2026-08-07T17:30:13,20260926T093659
159622,创新药ETF东财,SZSE,2023-06-08,0.926,0.926,0.914,0.918,0.9259999999999973,0.9259999999999973,0.9139999999999973,0.9179999999999973,0.999999999999997,12891200.0,11823322.0,腾讯日K,2026-08-07T17:30:13,20260926T093659
159622,创新药ETF东财,SZSE,2023-06-09,0.916,0.933,0.916,0.932,0.9159999999999973,0.9329999999999973,0.9159999999999973,0.9319999999999973,0.999999999999997,17950400.0,16676406.0,腾讯日K,2026-08-07T17:30:13,20260926T093659
159622,创新药ETF东财,SZSE,2023-06-12,0.937,0.937,0.919,0.925,0.9369999999999974,0.9369999999999974,0.9189999999999974,0.9249999999999974,0.9999999999999971,15890500.0,14692326.0,腾讯日K,2026-08-07T17:30:13,20260926T093659
159622,创新药ETF东财,SZSE,2023-06-13,0.925,0.932,0.918,0.923,0.9249999999999974,0.9319999999999974,0.9179999999999974,0.9229999999999974,0.9999999999999971,14220000.0,13120020.0,腾讯日K,2026-08-07T17:30:13,20260926T093659
159622,创新药ETF东财,SZSE,2023-06-14,0.923,0.935,0.918,0.922,0.9229999999999974,0.9349999999999974,0.9179999999999974,0.9219999999999974,0.9999999999999971,15728600.0,14579827.0,腾讯日K,2026-08-07T17:30:13,20260926T093659
159622,创新药ETF东财,SZSE,2023-06-15,0.922,0.935,0.922,0.934,0.9219999999999973,0.9349999999999973,0.9219999999999973,0.9339999999999973,0.999999999999997,14152500.0,13156560.0,腾讯日K,2026-08-07T17:30:13,20260926T093659
159622,创新药ETF东财,SZSE,2023-06-16,0.935,0.958,0.935,0.95,0.9349999999999974,0.9579999999999972,0.9349999999999974,0.9499999999999972,0.9999999999999971,13847500.0,13146009.0,腾讯日K,2026-08-07T17:30:13,20260926T093659
159622,创新药ETF东财,SZSE,2023-06-19,0.952,0.953,0.934,0.938,0.9519999999999971,0.9529999999999971,0.9339999999999973,0.9379999999999972,0.999999999999997,13937800.0,13108815.0,腾讯日K,2026-08-07T17:30:13,20260926T093659
159622,创新药ETF东财,SZSE,2023-06-20,0.938,0.945,0.912,0.912,0.9379999999999973,0.9449999999999972,0.9119999999999974,0.9119999999999974,0.9999999999999971,17834400.0,16610519.0,腾讯日K,2026-08-07T17:30:13,20260926T093659
159622,创新药ETF东财,SZSE,2023-06-21,0.911,0.911,0.881,0.884,0.9109999999999974,0.9109999999999974,0.8809999999999975,0.8839999999999975,0.9999999999999971,23682400.0,21201615.0,腾讯日K,2026-08-07T17:30:13,20260926T093659
159622,创新药ETF东财,SZSE,2023-06-26,0.864,0.888,0.864,0.883,0.8639999999999975,0.8879999999999975,0.8639999999999975,0.8829999999999975,0.9999999999999971,15054200.0,13293357.0,腾讯日K,2026-08-07T17:30:13,20260926T093659
159622,创新药ETF东财,SZSE,2023-06-27,0.883,0.893,0.871,0.884,0.8829999999999975,0.8929999999999975,0.8709999999999974,0.8839999999999975,0.9999999999999971,13262800.0,11737676.0,腾讯日K,2026-08-07T17:30:13,20260926T093659
159622,创新药ETF东财,SZSE,2023-06-28,0.884,0.884,0.871,0.876,0.8839999999999975,0.8839999999999975,0.8709999999999974,0.8759999999999974,0.9999999999999971,16015500.0,14064787.0,腾讯日K,2026-08-07T17:30:13,20260926T093659
159622,创新药ETF东财,SZSE,2023-06-29,0.881,0.883,0.868,0.874,0.8809999999999975,0.8829999999999975,0.8679999999999974,0.8739999999999974,0.9999999999999971,15479500.0,13540820.0,腾讯日K,2026-08-07T17:30:13,20260926T093659
159622,创新药ETF东财,SZSE,2023-06-30,0.874,0.891,0.874,0.885,0.8739999999999973,0.8909999999999973,0.8739999999999973,0.8849999999999973,0.999999999999997,14758100.0,13041218.0,腾讯日K,2026-08-07T17:30:13,20260926T093659
159622,创新药ETF东财,SZSE,2023-07-03,0.891,0.891,0.88,0.891,0.8909999999999975,0.8909999999999975,0.8799999999999975,0.8909999999999975,0.9999999999999971,13131700.0,11636111.0,腾讯日K,2026-08-07T17:30:13,20260926T093659
159622,创新药ETF东财,SZSE,2023-07-04,0.891,0.92,0.883,0.915,0.8909999999999976,0.9199999999999975,0.8829999999999976,0.9149999999999975,0.9999999999999972,19966200.0,17943176.0,腾讯日K,2026-08-07T17:30:13,20260926T093659
159622,创新药ETF东财,SZSE,2023-07-05,0.915,0.915,0.904,0.905,0.9149999999999976,0.9149999999999976,0.9039999999999976,0.9049999999999976,0.9999999999999973,12153300.0,11021127.0,腾讯日K,2026-08-07T17:30:13,20260926T093659
159622,创新药ETF东财,SZSE,2023-07-06,0.91,0.91,0.888,0.888,0.9099999999999975,0.9099999999999975,0.8879999999999976,0.8879999999999976,0.9999999999999972,11367300.0,10155894.0,腾讯日K,2026-08-07T17:30:13,20260926T093659
159622,创新药ETF东财,SZSE,2023-07-07,0.882,0.893,0.882,0.887,0.8819999999999976,0.8929999999999976,0.8819999999999976,0.8869999999999976,0.9999999999999972,12130200.0,10769934.0,腾讯日K,2026-08-07T17:30:13,20260926T093659
159622,创新药ETF东财,SZSE,2023-07-10,0.888,0.9,0.886,0.888,0.8879999999999976,0.8999999999999975,0.8859999999999976,0.8879999999999976,0.9999999999999972,14756100.0,13165317.0,腾讯日K,2026-08-07T17:30:13,20260926T093659
159622,创新药ETF东财,SZSE,2023-07-11,0.892,0.897,0.888,0.893,0.8919999999999976,0.8969999999999976,0.8879999999999976,0.8929999999999976,0.9999999999999972,11758700.0,10497633.0,腾讯日K,2026-08-07T17:30:13,20260926T093659
159622,创新药ETF东财,SZSE,2023-07-12,0.893,0.896,0.884,0.884,0.8929999999999977,0.8959999999999976,0.8839999999999977,0.8839999999999977,0.9999999999999973,12617300.0,11235916.0,腾讯日K,2026-08-07T17:30:13,20260926T093659
159622,创新药ETF东财,SZSE,2023-07-13,0.888,0.915,0.888,0.909,0.8879999999999977,0.9149999999999976,0.8879999999999977,0.9089999999999976,0.9999999999999973,15234800.0,13766109.0,腾讯日K,2026-08-07T17:30:13,20260926T093659
159622,创新药ETF东财,SZSE,2023-07-14,0.912,0.912,0.907,0.91,0.9119999999999976,0.9119999999999976,0.9069999999999976,0.9099999999999976,0.9999999999999973,11276700.0,10247282.0,腾讯日K,2026-08-07T17:30:13,20260926T093659
159622,创新药ETF东财,SZSE,2023-07-17,0.91,0.91,0.893,0.896,0.9099999999999975,0.9099999999999975,0.8929999999999976,0.8959999999999976,0.9999999999999972,11886900.0,10652575.0,腾讯日K,2026-08-07T17:30:13,20260926T093659
159622,创新药ETF东财,SZSE,2023-07-18,0.897,0.899,0.891,0.899,0.8969999999999976,0.8989999999999976,0.8909999999999977,0.8989999999999976,0.9999999999999973,10473800.0,9403253.0,腾讯日K,2026-08-07T17:30:13,20260926T093659
159622,创新药ETF东财,SZSE,2023-07-19,0.898,0.9,0.889,0.892,0.8979999999999975,0.8999999999999975,0.8889999999999975,0.8919999999999975,0.9999999999999971,16178000.0,14454436.0,腾讯日K,2026-08-07T17:30:13,20260926T093659
159622,创新药ETF东财,SZSE,2023-07-20,0.893,0.903,0.888,0.889,0.8929999999999976,0.9029999999999975,0.8879999999999976,0.8889999999999976,0.9999999999999972,10847900.0,9723976.0,腾讯日K,2026-08-07T17:30:13,20260926T093659
159622,创新药ETF东财,SZSE,2023-07-21,0.889,0.912,0.884,0.904,0.8889999999999976,0.9119999999999975,0.8839999999999976,0.9039999999999975,0.9999999999999972,12911900.0,11705514.0,腾讯日K,2026-08-07T17:30:13,20260926T093659
159622,创新药ETF东财,SZSE,2023-07-24,0.9,0.921,0.9,0.908,0.8999999999999975,0.9209999999999974,0.8999999999999975,0.9079999999999974,0.9999999999999971,11849700.0,10819611.0,腾讯日K,2026-08-07T17:30:13,20260926T093659
159622,创新药ETF东财,SZSE,2023-07-25,0.921,0.927,0.91,0.918,0.9209999999999974,0.9269999999999974,0.9099999999999974,0.9179999999999974,0.9999999999999971,41670400.0,38205918.0,腾讯日K,2026-08-07T17:30:13,20260926T093659
159622,创新药ETF东财,SZSE,2023-07-26,0.918,0.934,0.918,0.932,0.9179999999999974,0.9339999999999974,0.9179999999999974,0.9319999999999974,0.9999999999999971,14608100.0,13572373.0,腾讯日K,2026-08-07T17:30:13,20260926T093659
159622,创新药ETF东财,SZSE,2023-07-27,0.937,0.938,0.929,0.933,0.9369999999999975,0.9379999999999974,0.9289999999999975,0.9329999999999975,0.9999999999999972,15532100.0,14478557.0,腾讯日K,2026-08-07T17:30:13,20260926T093659
159622,创新药ETF东财,SZSE,2023-07-28,0.933,0.956,0.928,0.955,0.9329999999999974,0.9559999999999972,0.9279999999999974,0.9549999999999972,0.9999999999999971,17071400.0,16063427.0,腾讯日K,2026-08-07T17:30:13,20260926T093659
159622,创新药ETF东财,SZSE,2023-07-31,0.955,0.967,0.937,0.939,0.9549999999999972,0.9669999999999972,0.9369999999999974,0.9389999999999973,0.9999999999999971,15985100.0,15284841.0,腾讯日K,2026-08-07T17:30:13,20260926T093659
159622,创新药ETF东财,SZSE,2023-08-01,0.939,0.96,0.891,0.937,0.9389999999999973,0.9599999999999972,0.8909999999999975,0.9369999999999974,0.9999999999999971,13319900.0,12638666.0,腾讯日K,2026-08-07T17:30:13,20260926T093659
159622,创新药ETF东财,SZSE,2023-08-02,0.937,0.939,0.915,0.917,0.9369999999999974,0.9389999999999973,0.9149999999999974,0.9169999999999974,0.9999999999999971,10159500.0,9365987.0,腾讯日K,2026-08-07T17:30:13,20260926T093659
159622,创新药ETF东财,SZSE,2023-08-03,0.921,0.933,0.91,0.93,0.9209999999999974,0.9329999999999974,0.9099999999999974,0.9299999999999974,0.9999999999999971,8863800.0,8197889.0,腾讯日K,2026-08-07T17:30:13,20260926T093659
159622,创新药ETF东财,SZSE,2023-08-04,0.932,0.941,0.922,0.927,0.9319999999999975,0.9409999999999973,0.9219999999999975,0.9269999999999975,0.9999999999999972,11577600.0,10742729.0,腾讯日K,2026-08-07T17:30:13,20260926T093659
159622,创新药ETF东财,SZSE,2023-08-07,0.925,0.926,0.881,0.882,0.9249999999999975,0.9259999999999975,0.8809999999999976,0.8819999999999976,0.9999999999999972,20214200.0,18007748.0,腾讯日K,2026-08-07T17:30:13,20260926T093659
159622,创新药ETF东财,SZSE,2023-08-08,0.882,0.889,0.871,0.883,0.8819999999999975,0.8889999999999975,0.8709999999999974,0.8829999999999975,0.9999999999999971,16565400.0,14522855.0,腾讯日K,2026-08-07T17:30:13,20260926T093659
159622,创新药ETF东财,SZSE,2023-08-09,0.879,0.914,0.878,0.903,0.8789999999999976,0.9139999999999975,0.8779999999999976,0.9029999999999975,0.9999999999999972,17173500.0,15454176.0,腾讯日K,2026-08-07T17:30:13,20260926T093659
159622,创新药ETF东财,SZSE,2023-08-10,0.906,0.911,0.9,0.909,0.9059999999999974,0.9109999999999974,0.8999999999999975,0.9089999999999974,0.9999999999999971,11520000.0,10399391.0,腾讯日K,2026-08-07T17:30:13,20260926T093659
159622,创新药ETF东财,SZSE,2023-08-11,0.909,0.91,0.899,0.899,0.9089999999999974,0.9099999999999974,0.8989999999999975,0.8989999999999975,0.9999999999999971,11465600.0,10362609.0,腾讯日K,2026-08-07T17:30:13,20260926T093659
159622,创新药ETF东财,SZSE,2023-08-14,0.897,0.902,0.888,0.9,0.8969999999999974,0.9019999999999974,0.8879999999999973,0.8999999999999974,0.999999999999997,10220500.0,9138929.0,腾讯日K,2026-08-07T17:30:13,20260926T093659
159622,创新药ETF东财,SZSE,2023-08-15,0.899,0.905,0.891,0.903,0.8989999999999976,0.9049999999999975,0.8909999999999976,0.9029999999999975,0.9999999999999972,10388300.0,9332015.0,腾讯日K,2026-08-07T17:30:13,20260926T093659
159622,创新药ETF东财,SZSE,2023-08-16,0.901,0.909,0.897,0.9,0.9009999999999974,0.9089999999999973,0.8969999999999974,0.8999999999999974,0.999999999999997,10423100.0,9400058.0,腾讯日K,2026-08-07T17:30:13,20260926T093659
159622,创新药ETF东财,SZSE,2023-08-17,0.899,0.899,0.887,0.896,0.8989999999999974,0.8989999999999974,0.8869999999999973,0.8959999999999974,0.999999999999997,15931500.0,14240974.0,腾讯日K,2026-08-07T17:30:13,20260926T093659
159622,创新药ETF东财,SZSE,2023-08-18,0.896,0.896,0.879,0.885,0.8959999999999975,0.8959999999999975,0.8789999999999975,0.8849999999999975,0.9999999999999971,20168800.0,17882189.0,腾讯日K,2026-08-07T17:30:13,20260926T093659
159622,创新药ETF东财,SZSE,2023-08-21,0.883,0.885,0.868,0.875,0.8829999999999975,0.8849999999999975,0.8679999999999974,0.8749999999999974,0.9999999999999971,13727900.0,11995909.0,腾讯日K,2026-08-07T17:30:13,20260926T093659
159622,创新药ETF东财,SZSE,2023-08-22,0.875,0.892,0.858,0.874,0.8749999999999976,0.8919999999999976,0.8579999999999977,0.8739999999999976,0.9999999999999972,12189800.0,10569540.0,腾讯日K,2026-08-07T17:30:13,20260926T093659
159622,创新药ETF东财,SZSE,2023-08-23,0.872,0.873,0.86,0.862,0.8719999999999974,0.8729999999999974,0.8599999999999975,0.8619999999999975,0.9999999999999971,4940400.0,4278549.0,腾讯日K,2026-08-07T17:30:13,20260926T093659
159622,创新药ETF东财,SZSE,2023-08-24,0.874,0.899,0.865,0.895,0.8739999999999976,0.8989999999999976,0.8649999999999975,0.8949999999999976,0.9999999999999972,15892200.0,14004789.0,腾讯日K,2026-08-07T17:30:13,20260926T093659
159622,创新药ETF东财,SZSE,2023-08-25,0.895,0.904,0.884,0.886,0.8949999999999976,0.9039999999999975,0.8839999999999976,0.8859999999999976,0.9999999999999972,6874300.0,6133823.0,腾讯日K,2026-08-07T17:30:13,20260926T093659
159622,创新药ETF东财,SZSE,2023-08-28,0.932,0.935,0.896,0.899,0.9319999999999976,0.9349999999999976,0.8959999999999976,0.8989999999999976,0.9999999999999973,12365800.0,11233719.0,腾讯日K,2026-08-07T17:30:13,20260926T093659
159622,创新药ETF东财,SZSE,2023-08-29,0.899,0.924,0.898,0.923,0.8989999999999976,0.9239999999999975,0.8979999999999976,0.9229999999999975,0.9999999999999972,14229400.0,12966047.0,腾讯日K,2026-08-07T17:30:13,20260926T093659
159622,创新药ETF东财,SZSE,2023-08-30,0.928,0.928,0.915,0.926,0.9279999999999975,0.9279999999999975,0.9149999999999975,0.9259999999999975,0.9999999999999972,11212800.0,10346732.0,腾讯日K,2026-08-07T17:30:13,20260926T093659
159622,创新药ETF东财,SZSE,2023-08-31,0.921,0.924,0.908,0.91,0.9209999999999975,0.9239999999999975,0.9079999999999975,0.9099999999999975,0.9999999999999972,8592800.0,7835779.0,腾讯日K,2026-08-07T17:30:13,20260926T093659
159622,创新药ETF东财,SZSE,2023-09-01,0.91,0.911,0.9,0.902,0.9099999999999975,0.9109999999999975,0.8999999999999975,0.9019999999999975,0.9999999999999972,11398900.0,10297123.0,腾讯日K,2026-08-07T17:30:13,20260926T093659
159622,创新药ETF东财,SZSE,2023-09-04,0.902,0.912,0.902,0.908,0.9019999999999975,0.9119999999999974,0.9019999999999975,0.9079999999999974,0.9999999999999971,9115800.0,8258671.0,腾讯日K,2026-08-07T17:30:13,20260926T093659
159622,创新药ETF东财,SZSE,2023-09-05,0.902,0.908,0.902,0.904,0.9019999999999974,0.9079999999999973,0.9019999999999974,0.9039999999999974,0.999999999999997,10347100.0,9373987.0,腾讯日K,2026-08-07T17:30:13,20260926T093659
159622,创新药ETF东财,SZSE,2023-09-06,0.9,0.9,0.885,0.89,0.8999999999999974,0.8999999999999974,0.8849999999999973,0.8899999999999973,0.999999999999997,10732200.0,9552447.0,腾讯日K,2026-08-07T17:30:13,20260926T093659
159622,创新药ETF东财,SZSE,2023-09-07,0.889,0.89,0.877,0.877,0.8889999999999973,0.8899999999999973,0.8769999999999973,0.8769999999999973,0.999999999999997,5256100.0,4622758.0,腾讯日K,2026-08-07T17:30:13,20260926T093659
159622,创新药ETF东财,SZSE,2023-09-08,0.875,0.88,0.875,0.877,0.8749999999999973,0.8799999999999973,0.8749999999999973,0.8769999999999973,0.999999999999997,7733600.0,6787284.0,腾讯日K,2026-08-07T17:30:13,20260926T093659
159622,创新药ETF东财,SZSE,2023-09-11,0.878,0.909,0.877,0.905,0.8779999999999973,0.9089999999999973,0.8769999999999973,0.9049999999999974,0.999999999999997,13954900.0,12580619.0,腾讯日K,2026-08-07T17:30:13,20260926T093659
159622,创新药ETF东财,SZSE,2023-09-12,0.906,0.911,0.9,0.906,0.9059999999999974,0.9109999999999974,0.8999999999999975,0.9059999999999974,0.9999999999999971,7386500.0,6688631.0,腾讯日K,2026-08-07T17:30:13,20260926T093659
159622,创新药ETF东财,SZSE,2023-09-13,0.903,0.903,0.889,0.897,0.9029999999999974,0.9029999999999974,0.8889999999999973,0.8969999999999974,0.999999999999997,3951200.0,3538700.0,腾讯日K,2026-08-07T17:30:13,20260926T093659
159622,创新药ETF东财,SZSE,2023-09-14,0.897,0.9,0.888,0.899,0.8969999999999972,0.8999999999999972,0.8879999999999972,0.8989999999999972,0.9999999999999969,6940000.0,6202023.0,腾讯日K,2026-08-07T17:30:13,20260926T093659
159622,创新药ETF东财,SZSE,2023-09-15,0.898,0.925,0.888,0.919,0.8979999999999974,0.9249999999999973,0.8879999999999973,0.9189999999999973,0.999999999999997,8065300.0,7381270.0,腾讯日K,2026-08-07T17:30:13,20260926T093659
159622,创新药ETF东财,SZSE,2023-09-18,0.918,0.934,0.918,0.932,0.9179999999999973,0.9339999999999973,0.9179999999999973,0.9319999999999973,0.999999999999997,9503900.0,8834115.0,腾讯日K,2026-08-07T17:30:13,20260926T093659
159622,创新药ETF东财,SZSE,2023-09-19,0.935,0.935,0.925,0.928,0.9349999999999974,0.9349999999999974,0.9249999999999974,0.9279999999999974,0.9999999999999971,6106900.0,5675984.0,腾讯日K,2026-08-07T17:30:13,20260926T093659
159622,创新药ETF东财,SZSE,2023-09-20,0.92,0.928,0.915,0.917,0.9199999999999973,0.9279999999999973,0.9149999999999973,0.9169999999999973,0.999999999999997,6405900.0,5879638.0,腾讯日K,2026-08-07T17:30:13,20260926T093659
159622,创新药ETF东财,SZSE,2023-09-21,0.917,0.917,0.899,0.904,0.9169999999999972,0.9169999999999972,0.8989999999999972,0.9039999999999973,0.9999999999999969,6381700.0,5763127.0,腾讯日K,2026-08-07T17:30:13,20260926T093659
159622,创新药ETF东财,SZSE,2023-09-22,0.901,0.915,0.892,0.915,0.9009999999999974,0.9149999999999973,0.8919999999999974,0.9149999999999973,0.999999999999997,9858000.0,8901091.0,腾讯日K,2026-08-07T17:30:13,20260926T093659
159622,创新药ETF东财,SZSE,2023-09-25,0.913,0.935,0.912,0.928,0.9129999999999973,0.9349999999999973,0.9119999999999973,0.9279999999999973,0.999999999999997,12411800.0,11543058.0,腾讯日K,2026-08-07T17:30:13,20260926T093659
159622,创新药ETF东财,SZSE,2023-09-26,0.929,0.93,0.922,0.922,0.9289999999999973,0.9299999999999973,0.9219999999999973,0.9219999999999973,0.999999999999997,8586300.0,7954513.0,腾讯日K,2026-08-07T17:30:13,20260926T093659
159622,创新药ETF东财,SZSE,2023-09-27,0.918,0.954,0.918,0.953,0.9179999999999972,0.953999999999997,0.9179999999999972,0.952999999999997,0.9999999999999969,12902200.0,12225697.0,腾讯日K,2026-08-07T17:30:13,20260926T093659
159622,创新药ETF东财,SZSE,2023-09-28,0.953,0.956,0.941,0.944,0.9529999999999968,0.9559999999999969,0.940999999999997,0.943999999999997,0.9999999999999968,10500100.0,9981327.0,腾讯日K,2026-08-07T17:30:13,20260926T093659
159622,创新药ETF东财,SZSE,2023-10-09,0.942,0.947,0.929,0.946,0.9419999999999972,0.9469999999999971,0.9289999999999973,0.9459999999999971,0.999999999999997,9505100.0,8897891.0,腾讯日K,2026-08-07T17:30:13,20260926T093659
159622,创新药ETF东财,SZSE,2023-10-10,0.946,0.949,0.932,0.933,0.9459999999999971,0.948999999999997,0.9319999999999972,0.9329999999999972,0.9999999999999969,9979200.0,9381231.0,腾讯日K,2026-08-07T17:30:13,20260926T093659
159622,创新药ETF东财,SZSE,2023-10-11,0.93,0.977,0.93,0.965,0.929999999999997,0.9769999999999969,0.929999999999997,0.9649999999999969,0.9999999999999968,12210900.0,11805505.0,腾讯日K,2026-08-07T17:30:13,20260926T093659
159622,创新药ETF东财,SZSE,2023-10-12,0.972,0.984,0.972,0.984,0.9719999999999969,0.9839999999999968,0.9719999999999969,0.9839999999999968,0.9999999999999968,9825200.0,9620718.0,腾讯日K,2026-08-07T17:30:13,20260926T093659
159622,创新药ETF东财,SZSE,2023-10-13,0.975,0.988,0.956,0.981,0.9749999999999969,0.9879999999999968,0.9559999999999969,0.9809999999999969,0.9999999999999968,12532500.0,12288845.0,腾讯日K,2026-08-07T17:30:13,20260926T093659
159622,创新药ETF东财,SZSE,2023-10-16,0.98,0.99,0.961,0.972,0.9799999999999968,0.9899999999999967,0.9609999999999967,0.9719999999999968,0.9999999999999967,11807700.0,11524639.0,腾讯日K,2026-08-07T17:30:13,20260926T093659
159622,创新药ETF东财,SZSE,2023-10-17,0.972,0.973,0.96,0.969,0.9719999999999968,0.9729999999999968,0.9599999999999967,0.9689999999999968,0.9999999999999967,7673600.0,7413320.0,腾讯日K,2026-08-07T17:30:13,20260926T093659
159622,创新药ETF东财,SZSE,2023-10-18,0.969,0.969,0.945,0.947,0.9689999999999969,0.9689999999999969,0.944999999999997,0.946999999999997,0.9999999999999968,4582300.0,4356283.0,腾讯日K,2026-08-07T17:30:13,20260926T093659
159622,创新药ETF东财,SZSE,2023-10-19,0.94,0.947,0.93,0.937,0.939999999999997,0.946999999999997,0.929999999999997,0.9369999999999971,0.9999999999999968,8160600.0,7651861.0,腾讯日K,2026-08-07T17:30:13,20260926T093659
159622,创新药ETF东财,SZSE,2023-10-20,0.92,0.937,0.916,0.917,0.919999999999997,0.9369999999999971,0.915999999999997,0.916999999999997,0.9999999999999968,8981200.0,8254312.0,腾讯日K,2026-08-07T17:30:13,20260926T093659
159622,创新药ETF东财,SZSE,2023-10-23,0.914,0.922,0.906,0.918,0.913999999999997,0.921999999999997,0.9059999999999971,0.917999999999997,0.9999999999999968,6617700.0,6049284.0,腾讯日K,2026-08-07T17:30:13,20260926T093659
159622,创新药ETF东财,SZSE,2023-10-24,0.925,0.934,0.912,0.929,0.924999999999997,0.933999999999997,0.9119999999999971,0.928999999999997,0.9999999999999968,6182400.0,5710223.0,腾讯日K,2026-08-07T17:30:13,20260926T093659
159622,创新药ETF东财,SZSE,2023-10-25,0.942,0.953,0.921,0.922,0.941999999999997,0.9529999999999968,0.920999999999997,0.921999999999997,0.9999999999999968,10597100.0,9945220.0,腾讯日K,2026-08-07T17:30:13,20260926T093659
159622,创新药ETF东财,SZSE,2023-10-26,0.922,0.924,0.91,0.921,0.921999999999997,0.923999999999997,0.9099999999999971,0.920999999999997,0.9999999999999968,9138900.0,8361478.0,腾讯日K,2026-08-07T17:30:13,20260926T093659
159622,创新药ETF东财,SZSE,2023-10-27,0.911,0.984,0.911,0.975,0.9109999999999971,0.9839999999999969,0.9109999999999971,0.974999999999997,0.9999999999999969,12389200.0,11822931.0,腾讯日K,2026-08-07T17:30:13,20260926T093659
159622,创新药ETF东财,SZSE,2023-10-30,0.979,1.012,0.979,0.998,0.978999999999997,1.011999999999997,0.978999999999997,0.9979999999999969,0.9999999999999969,29588600.0,29715697.0,腾讯日K,2026-08-07T17:30:13,20260926T093659
159622,创新药ETF东财,SZSE,2023-10-31,0.998,1.012,0.988,0.999,0.9979999999999969,1.011999999999997,0.9879999999999969,0.9989999999999969,0.9999999999999969,15880600.0,15932637.0,腾讯日K,2026-08-07T17:30:13,20260926T093659
159622,创新药ETF东财,SZSE,2023-11-01,1.0,1.008,0.978,0.997,0.999999999999997,1.007999999999997,0.9779999999999971,0.996999999999997,0.999999999999997,11117000.0,10978671.0,腾讯日K,2026-08-07T17:30:13,20260926T093659
159622,创新药ETF东财,SZSE,2023-11-02,0.994,1.008,0.991,0.991,0.9939999999999971,1.0079999999999971,0.9909999999999971,0.9909999999999971,0.9999999999999971,12117900.0,12095113.0,腾讯日K,2026-08-07T17:30:13,20260926T093659
159622,创新药ETF东财,SZSE,2023-11-03,1.0,1.006,0.991,0.999,0.9999999999999971,1.0059999999999971,0.9909999999999971,0.9989999999999971,0.9999999999999971,11889200.0,11848349.0,腾讯日K,2026-08-07T17:30:13,20260926T093659
159622,创新药ETF东财,SZSE,2023-11-06,1.01,1.04,1.0,1.027,1.009999999999997,1.039999999999997,0.999999999999997,1.0269999999999968,0.999999999999997,31780900.0,32836058.0,腾讯日K,2026-08-07T17:30:13,20260926T093659
159622,创新药ETF东财,SZSE,2023-11-07,1.022,1.038,1.022,1.027,1.021999999999997,1.037999999999997,1.021999999999997,1.0269999999999968,0.999999999999997,16008900.0,16512164.0,腾讯日K,2026-08-07T17:30:13,20260926T093659
159622,创新药ETF东财,SZSE,2023-11-08,1.028,1.051,1.016,1.039,1.027999999999997,1.0509999999999968,1.015999999999997,1.0389999999999968,0.999999999999997,20493100.0,21383359.0,腾讯日K,2026-08-07T17:30:13,20260926T093659
159622,创新药ETF东财,SZSE,2023-11-09,1.033,1.045,1.021,1.024,1.0329999999999968,1.0449999999999968,1.0209999999999968,1.023999999999997,0.999999999999997,16026400.0,16566840.0,腾讯日K,2026-08-07T17:30:13,20260926T093659
159622,创新药ETF东财,SZSE,2023-11-10,1.021,1.026,1.008,1.018,1.020999999999997,1.0259999999999971,1.0079999999999971,1.0179999999999971,0.9999999999999971,11050300.0,11227320.0,腾讯日K,2026-08-07T17:30:13,20260926T093659
159622,创新药ETF东财,SZSE,2023-11-13,1.026,1.028,1.0,1.008,1.0259999999999971,1.0279999999999971,0.9999999999999971,1.0079999999999971,0.9999999999999971,9839200.0,9948949.0,腾讯日K,2026-08-07T17:30:13,20260926T093659
159622,创新药ETF东财,SZSE,2023-11-14,1.011,1.018,1.0,1.006,1.0109999999999972,1.0179999999999974,0.9999999999999973,1.0059999999999973,0.9999999999999973,9678300.0,9743876.0,腾讯日K,2026-08-07T17:30:13,20260926T093659
159622,创新药ETF东财,SZSE,2023-11-15,1.016,1.06,1.013,1.021,1.0159999999999971,1.0599999999999972,1.012999999999997,1.020999999999997,0.9999999999999972,13676700.0,14005710.0,腾讯日K,2026-08-07T17:30:13,20260926T093659
159622,创新药ETF东财,SZSE,2023-11-16,1.022,1.022,0.993,1.0,1.0219999999999971,1.0219999999999971,0.9929999999999972,0.9999999999999972,0.9999999999999972,9957500.0,9982559.0,腾讯日K,2026-08-07T17:30:13,20260926T093659
159622,创新药ETF东财,SZSE,2023-11-17,1.0,1.004,0.991,1.003,0.9999999999999973,1.0039999999999973,0.9909999999999973,1.0029999999999972,0.9999999999999973,8592500.0,8580378.0,腾讯日K,2026-08-07T17:30:13,20260926T093659
159622,创新药ETF东财,SZSE,2023-11-20,1.001,1.015,0.996,1.006,1.0009999999999972,1.0149999999999972,0.9959999999999973,1.0059999999999973,0.9999999999999973,11919000.0,11979108.0,腾讯日K,2026-08-07T17:30:13,20260926T093659
159622,创新药ETF东财,SZSE,2023-11-21,1.007,1.018,1.003,1.009,1.0069999999999972,1.0179999999999974,1.0029999999999972,1.0089999999999972,0.9999999999999973,8255600.0,8350456.0,腾讯日K,2026-08-07T17:30:13,20260926T093659
159622,创新药ETF东财,SZSE,2023-11-22,1.008,1.008,0.981,0.991,1.0079999999999973,1.0079999999999973,0.9809999999999973,0.9909999999999973,0.9999999999999973,11922300.0,11868772.0,腾讯日K,2026-08-07T17:30:13,20260926T093659
159622,创新药ETF东财,SZSE,2023-11-23,0.995,0.997,0.989,0.996,0.9949999999999974,0.9969999999999974,0.9889999999999974,0.9959999999999974,0.9999999999999974,3703200.0,3680168.0,腾讯日K,2026-08-07T17:30:13,20260926T093659
159622,创新药ETF东财,SZSE,2023-11-24,0.999,1.0,0.987,0.989,0.9989999999999974,0.9999999999999974,0.9869999999999974,0.9889999999999974,0.9999999999999974,8966400.0,8890984.0,腾讯日K,2026-08-07T17:30:13,20260926T093659
159622,创新药ETF东财,SZSE,2023-11-27,0.989,0.99,0.978,0.988,0.9889999999999974,0.9899999999999974,0.9779999999999975,0.9879999999999974,0.9999999999999974,11175100.0,10980628.0,腾讯日K,2026-08-07T17:30:13,20260926T093659
159622,创新药ETF东财,SZSE,2023-11-28,0.989,1.006,0.986,1.003,0.9889999999999975,1.0059999999999976,0.9859999999999975,1.0029999999999974,0.9999999999999976,9590600.0,9585219.0,腾讯日K,2026-08-07T17:30:13,20260926T093659
159622,创新药ETF东财,SZSE,2023-11-29,1.004,1.007,0.99,0.994,1.0039999999999976,1.0069999999999975,0.9899999999999975,0.9939999999999976,0.9999999999999976,9345800.0,9362309.0,腾讯日K,2026-08-07T17:30:13,20260926T093659
159622,创新药ETF东财,SZSE,2023-11-30,0.994,1.001,0.986,0.995,0.9939999999999976,1.0009999999999974,0.9859999999999975,0.9949999999999976,0.9999999999999976,7626200.0,7573007.0,腾讯日K,2026-08-07T17:30:13,20260926T093659
159622,创新药ETF东财,SZSE,2023-12-01,0.995,1.0,0.982,0.994,0.9949999999999976,0.9999999999999976,0.9819999999999975,0.9939999999999976,0.9999999999999976,9270800.0,9164449.0,腾讯日K,2026-08-07T17:30:13,20260926T093659
159622,创新药ETF东财,SZSE,2023-12-04,0.993,0.999,0.938,0.941,0.9929999999999976,0.9989999999999976,0.9379999999999976,0.9409999999999976,0.9999999999999976,17978700.0,17085408.0,腾讯日K,2026-08-07T17:30:13,20260926T093659
159622,创新药ETF东财,SZSE,2023-12-05,0.935,0.939,0.91,0.918,0.9349999999999977,0.9389999999999976,0.9099999999999978,0.9179999999999978,0.9999999999999976,19502100.0,18155861.0,腾讯日K,2026-08-07T17:30:13,20260926T093659
159622,创新药ETF东财,SZSE,2023-12-06,0.917,0.936,0.912,0.923,0.9169999999999977,0.9359999999999976,0.9119999999999977,0.9229999999999977,0.9999999999999974,14788900.0,13677414.0,腾讯日K,2026-08-07T17:30:13,20260926T093659
159622,创新药ETF东财,SZSE,2023-12-07,0.923,0.927,0.906,0.912,0.9229999999999978,0.9269999999999978,0.9059999999999978,0.9119999999999978,0.9999999999999976,10138000.0,9231185.0,腾讯日K,2026-08-07T17:30:13,20260926T093659
159622,创新药ETF东财,SZSE,2023-12-08,0.912,0.913,0.903,0.908,0.9119999999999978,0.9129999999999978,0.9029999999999978,0.9079999999999978,0.9999999999999976,11845600.0,10767719.0,腾讯日K,2026-08-07T17:30:13,20260926T093659
159622,创新药ETF东财,SZSE,2023-12-11,0.905,0.917,0.894,0.914,0.9049999999999977,0.9169999999999977,0.8939999999999977,0.9139999999999977,0.9999999999999974,11222800.0,0.0,腾讯日K,2026-08-07T17:30:13,20260926T093659
159622,创新药ETF东财,SZSE,2023-12-12,0.91,0.915,0.905,0.914,0.9099999999999977,0.9149999999999977,0.9049999999999977,0.9139999999999977,0.9999999999999974,10297300.0,0.0,腾讯日K,2026-08-07T17:30:13,20260926T093659
159622,创新药ETF东财,SZSE,2023-12-13,0.915,0.919,0.908,0.908,0.9149999999999977,0.9189999999999977,0.9079999999999977,0.9079999999999977,0.9999999999999974,10121800.0,0.0,腾讯日K,2026-08-07T17:30:13,20260926T093659
159622,创新药ETF东财,SZSE,2023-12-14,0.91,0.932,0.91,0.916,0.9099999999999978,0.9319999999999977,0.9099999999999978,0.9159999999999978,0.9999999999999976,11657400.0,10798668.0,腾讯日K,2026-08-07T17:30:13,20260926T093659
159622,创新药ETF东财,SZSE,2023-12-15,0.923,0.927,0.905,0.909,0.9229999999999977,0.9269999999999977,0.9049999999999977,0.9089999999999977,0.9999999999999974,10901400.0,0.0,腾讯日K,2026-08-07T17:30:13,20260926T093659
159622,创新药ETF东财,SZSE,2023-12-18,0.909,0.912,0.899,0.904,0.9089999999999978,0.9119999999999978,0.8989999999999978,0.9039999999999978,0.9999999999999976,8038100.0,0.0,腾讯日K,2026-08-07T17:30:13,20260926T093659
159622,创新药ETF东财,SZSE,2023-12-19,0.902,0.902,0.885,0.895,0.9019999999999978,0.9019999999999978,0.8849999999999979,0.8949999999999978,0.9999999999999976,9565900.0,0.0,腾讯日K,2026-08-07T17:30:13,20260926T093659
159622,创新药ETF东财,SZSE,2023-12-20,0.896,0.899,0.885,0.887,0.8959999999999977,0.8989999999999977,0.8849999999999978,0.8869999999999978,0.9999999999999974,11244600.0,10074797.0,腾讯日K,2026-08-07T17:30:13,20260926T093659
159622,创新药ETF东财,SZSE,2023-12-21,0.886,0.889,0.875,0.888,0.8859999999999978,0.8889999999999978,0.8749999999999978,0.8879999999999978,0.9999999999999974,11623500.0,10260598.0,腾讯日K,2026-08-07T17:30:13,20260926T093659
159622,创新药ETF东财,SZSE,2023-12-22,0.89,0.892,0.869,0.869,0.8899999999999978,0.8919999999999977,0.8689999999999978,0.8689999999999978,0.9999999999999974,14166600.0,12434162.0,腾讯日K,2026-08-07T17:30:13,20260926T093659
159622,创新药ETF东财,SZSE,2023-12-25,0.869,0.879,0.866,0.875,0.8689999999999977,0.8789999999999977,0.8659999999999977,0.8749999999999977,0.9999999999999973,12075600.0,10558059.0,腾讯日K,2026-08-07T17:30:13,20260926T093659
159622,创新药ETF东财,SZSE,2023-12-26,0.875,0.876,0.867,0.868,0.8749999999999977,0.8759999999999977,0.8669999999999977,0.8679999999999977,0.9999999999999973,10174900.0,8835103.0,腾讯日K,2026-08-07T17:30:13,20260926T093659
159622,创新药ETF东财,SZSE,2023-12-27,0.868,0.885,0.868,0.885,0.8679999999999977,0.8849999999999977,0.8679999999999977,0.8849999999999977,0.9999999999999973,15386000.0,13428104.0,腾讯日K,2026-08-07T17:30:13,20260926T093659
159622,创新药ETF东财,SZSE,2023-12-28,0.885,0.904,0.882,0.9,0.8849999999999977,0.9039999999999976,0.8819999999999977,0.8999999999999976,0.9999999999999973,11364400.0,10171423.0,腾讯日K,2026-08-07T17:30:13,20260926T093659
159622,创新药ETF东财,SZSE,2023-12-29,0.898,0.912,0.896,0.908,0.8979999999999976,0.9119999999999976,0.8959999999999976,0.9079999999999976,0.9999999999999973,10952000.0,9951726.0,腾讯日K,2026-08-07T17:30:13,20260926T093659
159622,创新药ETF东财,SZSE,2024-01-02,0.909,0.91,0.891,0.895,0.9089999999999975,0.9099999999999975,0.8909999999999976,0.8949999999999976,0.9999999999999972,11637600.0,10403633.0,腾讯日K,2026-08-07T17:30:13,20260926T093659
159622,创新药ETF东财,SZSE,2024-01-03,0.895,0.901,0.885,0.891,0.8949999999999976,0.9009999999999975,0.8849999999999976,0.8909999999999976,0.9999999999999972,9850600.0,8805319.0,腾讯日K,2026-08-07T17:30:13,20260926T093659
159622,创新药ETF东财,SZSE,2024-01-04,0.894,0.894,0.878,0.886,0.8939999999999977,0.8939999999999977,0.8779999999999977,0.8859999999999977,0.9999999999999973,2786400.0,2456849.0,腾讯日K,2026-08-07T17:30:13,20260926T093659
159622,创新药ETF东财,SZSE,2024-01-05,0.886,0.886,0.855,0.862,0.8859999999999977,0.8859999999999977,0.8549999999999977,0.8619999999999977,0.9999999999999973,14550700.0,12592028.0,腾讯日K,2026-08-07T17:30:13,20260926T093659
159622,创新药ETF东财,SZSE,2024-01-08,0.86,0.86,0.842,0.844,0.8599999999999977,0.8599999999999977,0.8419999999999978,0.8439999999999978,0.9999999999999973,11069600.0,9405523.0,腾讯日K,2026-08-07T17:30:13,20260926T093659
159622,创新药ETF东财,SZSE,2024-01-09,0.85,0.86,0.846,0.851,0.8499999999999978,0.8599999999999977,0.8459999999999978,0.8509999999999978,0.9999999999999973,10599000.0,9029088.0,腾讯日K,2026-08-07T17:30:13,20260926T093659
159622,创新药ETF东财,SZSE,2024-01-10,0.851,0.863,0.844,0.855,0.8509999999999978,0.8629999999999978,0.8439999999999979,0.8549999999999978,0.9999999999999974,4039700.0,3461175.0,腾讯日K,2026-08-07T17:30:13,20260926T093659
159622,创新药ETF东财,SZSE,2024-01-11,0.86,0.888,0.86,0.866,0.8599999999999977,0.8879999999999977,0.8599999999999977,0.8659999999999977,0.9999999999999973,10925900.0,9486778.0,腾讯日K,2026-08-07T17:30:13,20260926T093659
159622,创新药ETF东财,SZSE,2024-01-12,0.857,0.871,0.851,0.851,0.8569999999999977,0.8709999999999976,0.8509999999999976,0.8509999999999976,0.9999999999999972,6508700.0,5576088.0,腾讯日K,2026-08-07T17:30:13,20260926T093659
159622,创新药ETF东财,SZSE,2024-01-15,0.85,0.864,0.848,0.854,0.8499999999999975,0.8639999999999975,0.8479999999999975,0.8539999999999975,0.9999999999999971,12279700.0,10473468.0,腾讯日K,2026-08-07T17:30:13,20260926T093659
159622,创新药ETF东财,SZSE,2024-01-16,0.854,0.854,0.84,0.85,0.8539999999999975,0.8539999999999975,0.8399999999999975,0.8499999999999975,0.9999999999999971,13279600.0,11268626.0,腾讯日K,2026-08-07T17:30:13,20260926T093659
159622,创新药ETF东财,SZSE,2024-01-17,0.85,0.85,0.823,0.824,0.8499999999999976,0.8499999999999976,0.8229999999999976,0.8239999999999976,0.9999999999999972,10693200.0,8881704.0,腾讯日K,2026-08-07T17:30:13,20260926T093659
159622,创新药ETF东财,SZSE,2024-01-18,0.818,0.832,0.812,0.831,0.8179999999999977,0.8319999999999976,0.8119999999999978,0.8309999999999976,0.9999999999999972,12018500.0,9824039.0,腾讯日K,2026-08-07T17:30:13,20260926T093659
159622,创新药ETF东财,SZSE,2024-01-19,0.832,0.832,0.814,0.817,0.8319999999999977,0.8319999999999977,0.8139999999999977,0.8169999999999977,0.9999999999999973,11603700.0,9556049.0,腾讯日K,2026-08-07T17:30:13,20260926T093659
159622,创新药ETF东财,SZSE,2024-01-22,0.813,0.819,0.783,0.789,0.8129999999999977,0.8189999999999977,0.7829999999999978,0.7889999999999978,0.9999999999999972,10114600.0,8106822.0,腾讯日K,2026-08-07T17:30:13,20260926T093659
159622,创新药ETF东财,SZSE,2024-01-23,0.799,0.805,0.781,0.797,0.7989999999999977,0.8049999999999977,0.7809999999999978,0.7969999999999977,0.9999999999999971,10790000.0,8559844.0,腾讯日K,2026-08-07T17:30:13,20260926T093659
159622,创新药ETF东财,SZSE,2024-01-24,0.804,0.806,0.779,0.8,0.8039999999999978,0.8059999999999978,0.7789999999999979,0.7999999999999978,0.9999999999999972,13616800.0,10733334.0,腾讯日K,2026-08-07T17:30:13,20260926T093659
159622,创新药ETF东财,SZSE,2024-01-25,0.801,0.815,0.793,0.814,0.8009999999999977,0.8149999999999976,0.7929999999999977,0.8139999999999976,0.9999999999999971,11972500.0,9609918.0,腾讯日K,2026-08-07T17:30:13,20260926T093659
159622,创新药ETF东财,SZSE,2024-01-26,0.816,0.824,0.756,0.763,0.8159999999999976,0.8239999999999976,0.7559999999999978,0.7629999999999978,0.9999999999999971,18576400.0,14894451.0,腾讯日K,2026-08-07T17:30:13,20260926T093659
159622,创新药ETF东财,SZSE,2024-01-29,0.773,0.781,0.748,0.749,0.7729999999999979,0.7809999999999978,0.7479999999999979,0.7489999999999979,0.9999999999999972,11165400.0,8537084.0,腾讯日K,2026-08-07T17:30:13,20260926T093659
159622,创新药ETF东财,SZSE,2024-01-30,0.769,0.77,0.734,0.74,0.7689999999999977,0.7699999999999977,0.7339999999999978,0.7399999999999978,0.999999999999997,10893400.0,8060706.0,腾讯日K,2026-08-07T17:30:13,20260926T093659
159622,创新药ETF东财,SZSE,2024-01-31,0.74,0.74,0.706,0.71,0.7399999999999978,0.7399999999999978,0.7059999999999979,0.7099999999999979,0.999999999999997,15555200.0,11134105.0,腾讯日K,2026-08-07T17:30:13,20260926T093659
159622,创新药ETF东财,SZSE,2024-02-01,0.688,0.727,0.688,0.715,0.6879999999999978,0.7269999999999978,0.6879999999999978,0.7149999999999977,0.9999999999999969,13085700.0,9355861.0,腾讯日K,2026-08-07T17:30:13,20260926T093659
159622,创新药ETF东财,SZSE,2024-02-02,0.69,0.725,0.663,0.673,0.6899999999999978,0.7249999999999978,0.6629999999999979,0.6729999999999979,0.9999999999999969,9891600.0,6836165.0,腾讯日K,2026-08-07T17:30:13,20260926T093659
159622,创新药ETF东财,SZSE,2024-02-05,0.665,0.69,0.654,0.678,0.6649999999999979,0.6899999999999978,0.653999999999998,0.6779999999999979,0.9999999999999969,10820400.0,7229945.0,腾讯日K,2026-08-07T17:30:13,20260926T093659
159622,创新药ETF东财,SZSE,2024-02-06,0.678,0.738,0.666,0.736,0.6779999999999978,0.7379999999999977,0.6659999999999979,0.7359999999999977,0.9999999999999968,10998300.0,7813094.0,腾讯日K,2026-08-07T17:30:13,20260926T093659
159622,创新药ETF东财,SZSE,2024-02-07,0.736,0.758,0.728,0.748,0.7359999999999977,0.7579999999999977,0.7279999999999978,0.7479999999999977,0.9999999999999969,9097800.0,6795896.0,腾讯日K,2026-08-07T17:30:13,20260926T093659
159622,创新药ETF东财,SZSE,2024-02-08,0.751,0.756,0.735,0.743,0.7509999999999977,0.7559999999999977,0.7349999999999977,0.7429999999999977,0.9999999999999969,5564700.0,4145238.0,腾讯日K,2026-08-07T17:30:13,20260926T093659
159622,创新药ETF东财,SZSE,2024-02-19,0.759,0.76,0.732,0.741,0.7589999999999977,0.7599999999999977,0.7319999999999978,0.7409999999999977,0.9999999999999969,4957500.0,3673039.0,腾讯日K,2026-08-07T17:30:13,20260926T093659
159622,创新药ETF东财,SZSE,2024-02-20,0.732,0.758,0.732,0.753,0.7319999999999977,0.7579999999999976,0.7319999999999977,0.7529999999999976,0.9999999999999968,10823200.0,8130766.0,腾讯日K,2026-08-07T17:30:13,20260926T093659
159622,创新药ETF东财,SZSE,2024-02-21,0.755,0.772,0.742,0.766,0.7549999999999975,0.7719999999999975,0.7419999999999976,0.7659999999999975,0.9999999999999967,6417100.0,4874956.0,腾讯日K,2026-08-07T17:30:13,20260926T093659
159622,创新药ETF东财,SZSE,2024-02-22,0.761,0.769,0.754,0.767,0.7609999999999975,0.7689999999999975,0.7539999999999975,0.7669999999999975,0.9999999999999967,12816500.0,9751279.0,腾讯日K,2026-08-07T17:30:13,20260926T093659
159622,创新药ETF东财,SZSE,2024-02-23,0.768,0.77,0.751,0.768,0.7679999999999976,0.7699999999999976,0.7509999999999976,0.7679999999999976,0.9999999999999968,4754800.0,3631933.0,腾讯日K,2026-08-07T17:30:13,20260926T093659
159622,创新药ETF东财,SZSE,2024-02-26,0.768,0.781,0.764,0.774,0.7679999999999975,0.7809999999999975,0.7639999999999975,0.7739999999999975,0.9999999999999967,12950900.0,10015111.0,腾讯日K,2026-08-07T17:30:13,20260926T093659
159622,创新药ETF东财,SZSE,2024-02-27,0.774,0.786,0.762,0.786,0.7739999999999976,0.7859999999999975,0.7619999999999976,0.7859999999999975,0.9999999999999968,11965600.0,9277388.0,腾讯日K,2026-08-07T17:30:13,20260926T093659
159622,创新药ETF东财,SZSE,2024-02-28,0.788,0.815,0.773,0.777,0.7879999999999976,0.8149999999999974,0.7729999999999976,0.7769999999999976,0.9999999999999969,15652000.0,12517343.0,腾讯日K,2026-08-07T17:30:13,20260926T093659
159622,创新药ETF东财,SZSE,2024-02-29,0.775,0.797,0.771,0.797,0.7749999999999976,0.7969999999999975,0.7709999999999976,0.7969999999999975,0.9999999999999968,13277600.0,10505107.0,腾讯日K,2026-08-07T17:30:13,20260926T093659
159622,创新药ETF东财,SZSE,2024-03-01,0.795,0.795,0.777,0.786,0.7949999999999975,0.7949999999999975,0.7769999999999975,0.7859999999999975,0.9999999999999968,13626100.0,10673788.0,腾讯日K,2026-08-07T17:30:13,20260926T093659
159622,创新药ETF东财,SZSE,2024-03-04,0.786,0.816,0.777,0.809,0.7859999999999976,0.8159999999999974,0.7769999999999976,0.8089999999999975,0.9999999999999969,14922500.0,12013768.0,腾讯日K,2026-08-07T17:30:13,20260926T093659
159622,创新药ETF东财,SZSE,2024-03-05,0.81,0.81,0.791,0.791,0.8099999999999975,0.8099999999999975,0.7909999999999976,0.7909999999999976,0.9999999999999969,9010700.0,7197251.0,腾讯日K,2026-08-07T17:30:13,20260926T093659
159622,创新药ETF东财,SZSE,2024-03-06,0.791,0.796,0.779,0.789,0.7909999999999976,0.7959999999999976,0.7789999999999976,0.7889999999999976,0.9999999999999969,6733900.0,5294726.0,腾讯日K,2026-08-07T17:30:13,20260926T093659
159622,创新药ETF东财,SZSE,2024-03-07,0.779,0.781,0.753,0.754,0.7789999999999976,0.7809999999999976,0.7529999999999977,0.7539999999999977,0.9999999999999969,16559100.0,12659134.0,腾讯日K,2026-08-07T17:30:13,20260926T093659
159622,创新药ETF东财,SZSE,2024-03-08,0.754,0.762,0.75,0.757,0.7539999999999977,0.7619999999999977,0.7499999999999977,0.7569999999999977,0.9999999999999969,15424800.0,11679422.0,腾讯日K,2026-08-07T17:30:13,20260926T093659
159622,创新药ETF东财,SZSE,2024-03-11,0.757,0.774,0.751,0.774,0.7569999999999977,0.7739999999999976,0.7509999999999977,0.7739999999999976,0.9999999999999969,13844600.0,10635406.0,腾讯日K,2026-08-07T17:30:13,20260926T093659
159622,创新药ETF东财,SZSE,2024-03-12,0.778,0.798,0.77,0.797,0.7779999999999976,0.7979999999999976,0.7699999999999976,0.7969999999999976,0.9999999999999969,11586800.0,9175151.0,腾讯日K,2026-08-07T17:30:13,20260926T093659
159622,创新药ETF东财,SZSE,2024-03-13,0.8,0.8,0.786,0.79,0.7999999999999976,0.7999999999999976,0.7859999999999976,0.7899999999999976,0.9999999999999969,10816200.0,8566682.0,腾讯日K,2026-08-07T17:30:13,20260926T093659
159622,创新药ETF东财,SZSE,2024-03-14,0.859,0.859,0.795,0.799,0.8589999999999973,0.8589999999999973,0.7949999999999976,0.7989999999999976,0.9999999999999969,18529400.0,15150904.0,腾讯日K,2026-08-07T17:30:13,20260926T093659
159622,创新药ETF东财,SZSE,2024-03-15,0.801,0.806,0.784,0.795,0.8009999999999976,0.8059999999999975,0.7839999999999976,0.7949999999999976,0.9999999999999969,13903600.0,11040642.0,腾讯日K,2026-08-07T17:30:13,20260926T093659
159622,创新药ETF东财,SZSE,2024-03-18,0.799,0.805,0.778,0.804,0.7989999999999976,0.8049999999999976,0.7779999999999977,0.8039999999999976,0.999999999999997,11539000.0,9140374.0,腾讯日K,2026-08-07T17:30:13,20260926T093659
159622,创新药ETF东财,SZSE,2024-03-19,0.796,0.798,0.78,0.781,0.7959999999999976,0.7979999999999976,0.7799999999999976,0.7809999999999976,0.9999999999999969,18148500.0,14240849.0,腾讯日K,2026-08-07T17:30:13,20260926T093659
159622,创新药ETF东财,SZSE,2024-03-20,0.781,0.784,0.774,0.778,0.7809999999999976,0.7839999999999976,0.7739999999999976,0.7779999999999976,0.9999999999999969,6885500.0,5357585.0,腾讯日K,2026-08-07T17:30:13,20260926T093659
159622,创新药ETF东财,SZSE,2024-03-21,0.778,0.78,0.771,0.775,0.7779999999999977,0.7799999999999977,0.7709999999999977,0.7749999999999977,0.999999999999997,3366700.0,2609234.0,腾讯日K,2026-08-07T17:30:13,20260926T093659
159622,创新药ETF东财,SZSE,2024-03-22,0.771,0.771,0.746,0.749,0.7709999999999977,0.7709999999999977,0.7459999999999978,0.7489999999999978,0.999999999999997,8152000.0,6143415.0,腾讯日K,2026-08-07T17:30:13,20260926T093659
159622,创新药ETF东财,SZSE,2024-03-25,0.746,0.761,0.746,0.749,0.7459999999999978,0.7609999999999977,0.7459999999999978,0.7489999999999978,0.999999999999997,4745200.0,3581736.0,腾讯日K,2026-08-07T17:30:13,20260926T093659
159622,创新药ETF东财,SZSE,2024-03-26,0.743,0.751,0.741,0.748,0.7429999999999977,0.7509999999999977,0.7409999999999977,0.7479999999999977,0.9999999999999969,11775900.0,8757137.0,腾讯日K,2026-08-07T17:30:13,20260926T093659
159622,创新药ETF东财,SZSE,2024-03-27,0.745,0.751,0.739,0.74,0.7449999999999977,0.7509999999999977,0.7389999999999977,0.7399999999999977,0.9999999999999969,4681000.0,3479669.0,腾讯日K,2026-08-07T17:30:13,20260926T093659
159622,创新药ETF东财,SZSE,2024-03-28,0.739,0.751,0.734,0.741,0.7389999999999978,0.7509999999999978,0.7339999999999978,0.7409999999999978,0.999999999999997,6204500.0,4618927.0,腾讯日K,2026-08-07T17:30:13,20260926T093659
159622,创新药ETF东财,SZSE,2024-03-29,0.74,0.743,0.734,0.741,0.7399999999999978,0.7429999999999978,0.7339999999999978,0.7409999999999978,0.999999999999997,11367000.0,8378207.0,腾讯日K,2026-08-07T17:30:13,20260926T093659
159622,创新药ETF东财,SZSE,2024-04-01,0.743,0.75,0.742,0.75,0.7429999999999977,0.7499999999999977,0.7419999999999977,0.7499999999999977,0.9999999999999969,3433100.0,2561002.0,腾讯日K,2026-08-07T17:30:13,20260926T093659
159622,创新药ETF东财,SZSE,2024-04-02,0.75,0.75,0.738,0.74,0.7499999999999977,0.7499999999999977,0.7379999999999977,0.7399999999999977,0.9999999999999969,12380200.0,9181494.0,腾讯日K,2026-08-07T17:30:13,20260926T093659
159622,创新药ETF东财,SZSE,2024-04-03,0.741,0.741,0.733,0.739,0.7409999999999978,0.7409999999999978,0.7329999999999978,0.7389999999999978,0.999999999999997,7882200.0,5804577.0,腾讯日K,2026-08-07T17:30:13,20260926T093659
159622,创新药ETF东财,SZSE,2024-04-08,0.732,0.732,0.724,0.725,0.7319999999999978,0.7319999999999978,0.7239999999999978,0.7249999999999978,0.9999999999999969,12188400.0,8871996.0,腾讯日K,2026-08-07T17:30:13,20260926T093659
159622,创新药ETF东财,SZSE,2024-04-09,0.725,0.737,0.719,0.736,0.7249999999999978,0.7369999999999978,0.7189999999999979,0.7359999999999978,0.999999999999997,3216300.0,2340325.0,腾讯日K,2026-08-07T17:30:13,20260926T093659
159622,创新药ETF东财,SZSE,2024-04-10,0.734,0.739,0.727,0.729,0.7339999999999978,0.7389999999999978,0.7269999999999978,0.7289999999999978,0.999999999999997,5471700.0,3989304.0,腾讯日K,2026-08-07T17:30:13,20260926T093659
159622,创新药ETF东财,SZSE,2024-04-11,0.725,0.727,0.717,0.721,0.7249999999999978,0.7269999999999978,0.7169999999999978,0.7209999999999978,0.9999999999999969,4361700.0,3148019.0,腾讯日K,2026-08-07T17:30:13,20260926T093659
159622,创新药ETF东财,SZSE,2024-04-12,0.72,0.725,0.712,0.714,0.7199999999999979,0.7249999999999978,0.7119999999999979,0.7139999999999979,0.999999999999997,10947300.0,7827954.0,腾讯日K,2026-08-07T17:30:13,20260926T093659
159622,创新药ETF东财,SZSE,2024-04-15,0.705,0.717,0.703,0.709,0.704999999999998,0.716999999999998,0.702999999999998,0.708999999999998,0.9999999999999972,4296600.0,3045340.0,腾讯日K,2026-08-07T17:30:13,20260926T093659
159622,创新药ETF东财,SZSE,2024-04-16,0.709,0.709,0.692,0.693,0.708999999999998,0.708999999999998,0.691999999999998,0.692999999999998,0.9999999999999971,4955200.0,3454782.0,腾讯日K,2026-08-07T17:30:13,20260926T093659
159622,创新药ETF东财,SZSE,2024-04-17,0.699,0.705,0.691,0.7,0.698999999999998,0.704999999999998,0.690999999999998,0.699999999999998,0.9999999999999971,13800300.0,9624842.0,腾讯日K,2026-08-07T17:30:13,20260926T093659
159622,创新药ETF东财,SZSE,2024-04-18,0.702,0.702,0.69,0.692,0.701999999999998,0.701999999999998,0.689999999999998,0.691999999999998,0.9999999999999971,15129900.0,10579027.0,腾讯日K,2026-08-07T17:30:13,20260926T093659
159622,创新药ETF东财,SZSE,2024-04-19,0.693,0.693,0.673,0.678,0.6929999999999981,0.6929999999999981,0.6729999999999982,0.6779999999999982,0.9999999999999972,5040600.0,3423806.0,腾讯日K,2026-08-07T17:30:13,20260926T093659
159622,创新药ETF东财,SZSE,2024-04-22,0.681,0.693,0.678,0.689,0.680999999999998,0.692999999999998,0.677999999999998,0.688999999999998,0.9999999999999971,11790900.0,8102211.0,腾讯日K,2026-08-07T17:30:13,20260926T093659
159622,创新药ETF东财,SZSE,2024-04-23,0.689,0.701,0.68,0.7,0.688999999999998,0.700999999999998,0.679999999999998,0.699999999999998,0.9999999999999971,4293200.0,2970491.0,腾讯日K,2026-08-07T17:30:13,20260926T093659
159622,创新药ETF东财,SZSE,2024-04-24,0.7,0.705,0.68,0.703,0.699999999999998,0.704999999999998,0.679999999999998,0.702999999999998,0.9999999999999971,10653000.0,7464781.0,腾讯日K,2026-08-07T17:30:13,20260926T093659
159622,创新药ETF东财,SZSE,2024-04-25,0.704,0.722,0.703,0.714,0.703999999999998,0.721999999999998,0.702999999999998,0.713999999999998,0.9999999999999972,10947600.0,7802272.0,腾讯日K,2026-08-07T17:30:13,20260926T093659
159622,创新药ETF东财,SZSE,2024-04-26,0.714,0.73,0.706,0.728,0.7139999999999979,0.7299999999999979,0.705999999999998,0.7279999999999979,0.9999999999999971,14133100.0,10264717.0,腾讯日K,2026-08-07T17:30:13,20260926T093659
159622,创新药ETF东财,SZSE,2024-04-29,0.728,0.751,0.725,0.742,0.7279999999999978,0.7509999999999977,0.7249999999999978,0.7419999999999977,0.9999999999999969,9721500.0,7214994.0,腾讯日K,2026-08-07T17:30:13,20260926T093659
159622,创新药ETF东财,SZSE,2024-04-30,0.749,0.749,0.735,0.736,0.7489999999999976,0.7489999999999976,0.7349999999999977,0.7359999999999977,0.9999999999999968,11211700.0,8275833.0,腾讯日K,2026-08-07T17:30:13,20260926T093659
159622,创新药ETF东财,SZSE,2024-05-06,0.739,0.766,0.739,0.765,0.7389999999999977,0.7659999999999976,0.7389999999999977,0.7649999999999976,0.9999999999999968,5083200.0,3866286.0,腾讯日K,2026-08-07T17:30:13,20260926T093659
159622,创新药ETF东财,SZSE,2024-05-07,0.765,0.769,0.755,0.758,0.7649999999999977,0.7689999999999976,0.7549999999999977,0.7579999999999977,0.9999999999999969,3448700.0,2615665.0,腾讯日K,2026-08-07T17:30:13,20260926T093659
159622,创新药ETF东财,SZSE,2024-05-08,0.758,0.764,0.75,0.751,0.7579999999999978,0.7639999999999977,0.7499999999999978,0.7509999999999978,0.999999999999997,3282700.0,2477554.0,腾讯日K,2026-08-07T17:30:13,20260926T093659
159622,创新药ETF东财,SZSE,2024-05-09,0.753,0.771,0.753,0.767,0.7529999999999976,0.7709999999999976,0.7529999999999976,0.7669999999999976,0.9999999999999968,16041500.0,12280567.0,腾讯日K,2026-08-07T17:30:13,20260926T093659
159622,创新药ETF东财,SZSE,2024-05-10,0.767,0.767,0.758,0.765,0.7669999999999976,0.7669999999999976,0.7579999999999976,0.7649999999999976,0.9999999999999968,3108600.0,2371788.0,腾讯日K,2026-08-07T17:30:13,20260926T093659
159622,创新药ETF东财,SZSE,2024-05-13,0.77,0.776,0.751,0.758,0.7699999999999976,0.7759999999999976,0.7509999999999977,0.7579999999999977,0.9999999999999969,7806100.0,5973996.0,腾讯日K,2026-08-07T17:30:13,20260926T093659
159622,创新药ETF东财,SZSE,2024-05-14,0.757,0.769,0.73,0.761,0.7569999999999977,0.7689999999999976,0.7299999999999978,0.7609999999999977,0.9999999999999969,6834800.0,5212985.0,腾讯日K,2026-08-07T17:30:13,20260926T093659
159622,创新药ETF东财,SZSE,2024-05-15,0.762,0.762,0.749,0.75,0.7619999999999977,0.7619999999999977,0.7489999999999977,0.7499999999999977,0.9999999999999969,4535900.0,3410618.0,腾讯日K,2026-08-07T17:30:13,20260926T093659
159622,创新药ETF东财,SZSE,2024-05-16,0.75,0.757,0.742,0.75,0.7499999999999977,0.7569999999999977,0.7419999999999977,0.7499999999999977,0.9999999999999969,3265700.0,2448821.0,腾讯日K,2026-08-07T17:30:13,20260926T093659
159622,创新药ETF东财,SZSE,2024-05-17,0.75,0.757,0.744,0.75,0.7499999999999977,0.7569999999999977,0.7439999999999977,0.7499999999999977,0.9999999999999969,2410900.0,1803735.0,腾讯日K,2026-08-07T17:30:13,20260926T093659
159622,创新药ETF东财,SZSE,2024-05-20,0.75,0.757,0.748,0.749,0.7499999999999978,0.7569999999999978,0.7479999999999978,0.7489999999999978,0.999999999999997,3844600.0,2890949.0,腾讯日K,2026-08-07T17:30:13,20260926T093659
159622,创新药ETF东财,SZSE,2024-05-21,0.749,0.749,0.732,0.735,0.7489999999999978,0.7489999999999978,0.7319999999999978,0.7349999999999978,0.999999999999997,4507200.0,3325359.0,腾讯日K,2026-08-07T17:30:13,20260926T093659
159622,创新药ETF东财,SZSE,2024-05-22,0.735,0.738,0.73,0.735,0.7349999999999978,0.7379999999999978,0.7299999999999978,0.7349999999999978,0.999999999999997,1790900.0,1313711.0,腾讯日K,2026-08-07T17:30:13,20260926T093659
159622,创新药ETF东财,SZSE,2024-05-23,0.736,0.74,0.718,0.723,0.7359999999999977,0.7399999999999977,0.7179999999999978,0.7229999999999978,0.9999999999999969,4034100.0,2919976.0,腾讯日K,2026-08-07T17:30:13,20260926T093659
159622,创新药ETF东财,SZSE,2024-05-24,0.723,0.723,0.7,0.703,0.7229999999999978,0.7229999999999978,0.6999999999999978,0.7029999999999978,0.999999999999997,4203500.0,2971101.0,腾讯日K,2026-08-07T17:30:13,20260926T093659
159622,创新药ETF东财,SZSE,2024-05-27,0.703,0.713,0.69,0.709,0.7029999999999977,0.7129999999999977,0.6899999999999978,0.7089999999999977,0.9999999999999969,3035300.0,2123586.0,腾讯日K,2026-08-07T17:30:13,20260926T093659
159622,创新药ETF东财,SZSE,2024-05-28,0.71,0.716,0.698,0.706,0.7099999999999977,0.7159999999999977,0.6979999999999977,0.7059999999999977,0.9999999999999969,4676800.0,3313979.0,腾讯日K,2026-08-07T17:30:13,20260926T093659
159622,创新药ETF东财,SZSE,2024-05-29,0.705,0.706,0.697,0.698,0.7049999999999977,0.7059999999999977,0.6969999999999977,0.6979999999999977,0.9999999999999968,1737900.0,1216086.0,腾讯日K,2026-08-07T17:30:13,20260926T093659
159622,创新药ETF东财,SZSE,2024-05-30,0.692,0.703,0.692,0.7,0.6919999999999977,0.7029999999999977,0.6919999999999977,0.6999999999999977,0.9999999999999968,3323000.0,2316020.0,腾讯日K,2026-08-07T17:30:13,20260926T093659
159622,创新药ETF东财,SZSE,2024-05-31,0.703,0.712,0.699,0.701,0.7029999999999977,0.7119999999999976,0.6989999999999977,0.7009999999999977,0.9999999999999968,3001100.0,2116977.0,腾讯日K,2026-08-07T17:30:13,20260926T093659
159622,创新药ETF东财,SZSE,2024-06-03,0.701,0.701,0.69,0.695,0.7009999999999977,0.7009999999999977,0.6899999999999977,0.6949999999999977,0.9999999999999968,3725500.0,2580296.0,腾讯日K,2026-08-07T17:30:13,20260926T093659
159622,创新药ETF东财,SZSE,2024-06-04,0.692,0.712,0.689,0.71,0.6919999999999978,0.7119999999999977,0.6889999999999978,0.7099999999999977,0.9999999999999969,4678400.0,3303142.0,腾讯日K,2026-08-07T17:30:13,20260926T093659
159622,创新药ETF东财,SZSE,2024-06-05,0.71,0.72,0.703,0.712,0.7099999999999977,0.7199999999999978,0.7029999999999977,0.7119999999999977,0.9999999999999969,2233900.0,1597319.0,腾讯日K,2026-08-07T17:30:13,20260926T093659
159622,创新药ETF东财,SZSE,2024-06-06,0.719,0.719,0.7,0.701,0.7189999999999979,0.7189999999999979,0.6999999999999978,0.7009999999999978,0.999999999999997,4801200.0,3381584.0,腾讯日K,2026-08-07T17:30:13,20260926T093659
159622,创新药ETF东财,SZSE,2024-06-07,0.709,0.717,0.699,0.701,0.7089999999999979,0.7169999999999979,0.6989999999999978,0.7009999999999978,0.999999999999997,1916600.0,1346990.0,腾讯日K,2026-08-07T17:30:13,20260926T093659
159622,创新药ETF东财,SZSE,2024-06-11,0.699,0.706,0.689,0.7,0.6989999999999977,0.7059999999999977,0.6889999999999977,0.6999999999999977,0.9999999999999968,3542300.0,2453730.0,腾讯日K,2026-08-07T17:30:13,20260926T093659
159622,创新药ETF东财,SZSE,2024-06-12,0.698,0.714,0.695,0.705,0.6979999999999977,0.7139999999999977,0.6949999999999978,0.7049999999999977,0.9999999999999969,2717600.0,1917332.0,腾讯日K,2026-08-07T17:30:13,20260926T093659
159622,创新药ETF东财,SZSE,2024-06-13,0.712,0.713,0.704,0.71,0.7119999999999976,0.7129999999999976,0.7039999999999976,0.7099999999999976,0.9999999999999967,2969900.0,2107693.0,腾讯日K,2026-08-07T17:30:13,20260926T093659
159622,创新药ETF东财,SZSE,2024-06-14,0.712,0.712,0.697,0.703,0.7119999999999977,0.7119999999999977,0.6969999999999977,0.7029999999999977,0.9999999999999969,2522500.0,1769623.0,腾讯日K,2026-08-07T17:30:13,20260926T093659
159622,创新药ETF东财,SZSE,2024-06-17,0.705,0.705,0.695,0.703,0.7049999999999977,0.7049999999999977,0.6949999999999978,0.7029999999999977,0.9999999999999969,1064400.0,746382.0,腾讯日K,2026-08-07T17:30:13,20260926T093659
159622,创新药ETF东财,SZSE,2024-06-18,0.702,0.702,0.689,0.694,0.7019999999999977,0.7019999999999977,0.6889999999999977,0.6939999999999977,0.9999999999999968,6865000.0,4761626.0,腾讯日K,2026-08-07T17:30:13,20260926T093659
159622,创新药ETF东财,SZSE,2024-06-19,0.691,0.692,0.687,0.687,0.6909999999999978,0.6919999999999978,0.686999999999998,0.686999999999998,0.9999999999999969,2580500.0,1777169.0,腾讯日K,2026-08-07T17:30:13,20260926T093659
159622,创新药ETF东财,SZSE,2024-06-20,0.687,0.694,0.675,0.675,0.686999999999998,0.6939999999999978,0.6749999999999979,0.6749999999999979,0.9999999999999969,2506900.0,1707562.0,腾讯日K,2026-08-07T17:30:13,20260926T093659
159622,创新药ETF东财,SZSE,2024-06-21,0.674,0.678,0.67,0.677,0.673999999999998,0.677999999999998,0.669999999999998,0.676999999999998,0.999999999999997,1671700.0,1126396.0,腾讯日K,2026-08-07T17:30:13,20260926T093659
159622,创新药ETF东财,SZSE,2024-06-24,0.675,0.678,0.666,0.673,0.674999999999998,0.677999999999998,0.665999999999998,0.672999999999998,0.999999999999997,2863600.0,1921887.0,腾讯日K,2026-08-07T17:30:13,20260926T093659
159622,创新药ETF东财,SZSE,2024-06-25,0.678,0.678,0.664,0.667,0.6779999999999982,0.6779999999999982,0.6639999999999981,0.6669999999999981,0.9999999999999972,1477900.0,988931.0,腾讯日K,2026-08-07T17:30:13,20260926T093659
159622,创新药ETF东财,SZSE,2024-06-26,0.665,0.678,0.664,0.678,0.6649999999999981,0.6779999999999982,0.6639999999999981,0.6779999999999982,0.9999999999999972,3486600.0,2336152.0,腾讯日K,2026-08-07T17:30:13,20260926T093659
159622,创新药ETF东财,SZSE,2024-06-27,0.678,0.678,0.662,0.664,0.677999999999998,0.677999999999998,0.6619999999999981,0.6639999999999981,0.9999999999999971,1413800.0,940819.0,腾讯日K,2026-08-07T17:30:13,20260926T093659
159622,创新药ETF东财,SZSE,2024-06-28,0.66,0.669,0.655,0.657,0.6599999999999981,0.6689999999999982,0.6549999999999981,0.6569999999999981,0.9999999999999971,5387400.0,3569805.0,腾讯日K,2026-08-07T17:30:13,20260926T093659
159622,创新药ETF东财,SZSE,2024-07-01,0.657,0.658,0.651,0.658,0.6569999999999981,0.6579999999999981,0.6509999999999981,0.6579999999999981,0.9999999999999971,2245000.0,1468352.0,腾讯日K,2026-08-07T17:30:13,20260926T093659
159622,创新药ETF东财,SZSE,2024-07-02,0.658,0.661,0.65,0.652,0.6579999999999981,0.6609999999999981,0.6499999999999981,0.6519999999999981,0.9999999999999971,3994400.0,2614779.0,腾讯日K,2026-08-07T17:30:13,20260926T093659
159622,创新药ETF东财,SZSE,2024-07-03,0.654,0.657,0.647,0.653,0.6539999999999982,0.6569999999999983,0.6469999999999982,0.6529999999999982,0.9999999999999972,11509300.0,7497364.0,腾讯日K,2026-08-07T17:30:13,20260926T093659
159622,创新药ETF东财,SZSE,2024-07-04,0.654,0.655,0.638,0.641,0.6539999999999982,0.6549999999999983,0.6379999999999982,0.6409999999999982,0.9999999999999972,4747400.0,3062529.0,腾讯日K,2026-08-07T17:30:13,20260926T093659
159622,创新药ETF东财,SZSE,2024-07-05,0.641,0.662,0.635,0.66,0.6409999999999981,0.6619999999999981,0.6349999999999981,0.6599999999999981,0.9999999999999971,4743200.0,3100810.0,腾讯日K,2026-08-07T17:30:13,20260926T093659
159622,创新药ETF东财,SZSE,2024-07-08,0.662,0.662,0.635,0.642,0.6619999999999981,0.6619999999999981,0.6349999999999982,0.6419999999999982,0.9999999999999972,4231400.0,2745580.0,腾讯日K,2026-08-07T17:30:13,20260926T093659
159622,创新药ETF东财,SZSE,2024-07-09,0.642,0.645,0.631,0.641,0.6419999999999981,0.6449999999999981,0.6309999999999981,0.6409999999999981,0.999999999999997,3785500.0,2420395.0,腾讯日K,2026-08-07T17:30:13,20260926T093659
159622,创新药ETF东财,SZSE,2024-07-10,0.641,0.649,0.638,0.641,0.6409999999999981,0.648999999999998,0.6379999999999981,0.6409999999999981,0.999999999999997,1178900.0,758671.0,腾讯日K,2026-08-07T17:30:13,20260926T093659
159622,创新药ETF东财,SZSE,2024-07-11,0.648,0.662,0.644,0.657,0.6479999999999982,0.6619999999999983,0.6439999999999984,0.6569999999999983,0.9999999999999973,3098900.0,2027786.0,腾讯日K,2026-08-07T17:30:13,20260926T093659
159622,创新药ETF东财,SZSE,2024-07-12,0.664,0.673,0.66,0.672,0.6639999999999981,0.6729999999999982,0.6599999999999981,0.6719999999999982,0.9999999999999972,7655600.0,5123477.0,腾讯日K,2026-08-07T17:30:13,20260926T093659
159622,创新药ETF东财,SZSE,2024-07-15,0.673,0.676,0.658,0.663,0.6729999999999982,0.675999999999998,0.6579999999999981,0.6629999999999981,0.9999999999999971,2697600.0,1787615.0,腾讯日K,2026-08-07T17:30:13,20260926T093659
159622,创新药ETF东财,SZSE,2024-07-16,0.663,0.666,0.659,0.664,0.662999999999998,0.665999999999998,0.658999999999998,0.663999999999998,0.999999999999997,1526900.0,1012560.0,腾讯日K,2026-08-07T17:30:13,20260926T093659
159622,创新药ETF东财,SZSE,2024-07-17,0.664,0.682,0.664,0.678,0.663999999999998,0.681999999999998,0.663999999999998,0.677999999999998,0.999999999999997,4743200.0,3210326.0,腾讯日K,2026-08-07T17:30:13,20260926T093659
159622,创新药ETF东财,SZSE,2024-07-18,0.675,0.686,0.674,0.683,0.674999999999998,0.6859999999999981,0.673999999999998,0.682999999999998,0.9999999999999971,3806900.0,2593099.0,腾讯日K,2026-08-07T17:30:13,20260926T093659
159622,创新药ETF东财,SZSE,2024-07-19,0.681,0.685,0.669,0.682,0.680999999999998,0.684999999999998,0.6689999999999982,0.681999999999998,0.9999999999999971,4465100.0,3028750.0,腾讯日K,2026-08-07T17:30:13,20260926T093659
159622,创新药ETF东财,SZSE,2024-07-22,0.683,0.693,0.67,0.692,0.682999999999998,0.6929999999999978,0.669999999999998,0.6919999999999978,0.999999999999997,2718700.0,1869857.0,腾讯日K,2026-08-07T17:30:13,20260926T093659
159622,创新药ETF东财,SZSE,2024-07-23,0.692,0.692,0.672,0.677,0.6919999999999978,0.6919999999999978,0.6719999999999979,0.6769999999999979,0.9999999999999969,2138100.0,1452767.0,腾讯日K,2026-08-07T17:30:13,20260926T093659
159622,创新药ETF东财,SZSE,2024-07-24,0.677,0.678,0.662,0.662,0.676999999999998,0.677999999999998,0.661999999999998,0.661999999999998,0.999999999999997,2025600.0,1354908.0,腾讯日K,2026-08-07T17:30:13,20260926T093659
159622,创新药ETF东财,SZSE,2024-07-25,0.663,0.67,0.662,0.662,0.662999999999998,0.669999999999998,0.661999999999998,0.661999999999998,0.999999999999997,1547000.0,1030263.0,腾讯日K,2026-08-07T17:30:13,20260926T093659
159622,创新药ETF东财,SZSE,2024-07-26,0.661,0.668,0.661,0.663,0.6609999999999981,0.6679999999999982,0.6609999999999981,0.6629999999999981,0.9999999999999971,933500.0,620670.0,腾讯日K,2026-08-07T17:30:13,20260926T093659
159622,创新药ETF东财,SZSE,2024-07-29,0.666,0.668,0.658,0.66,0.6659999999999981,0.6679999999999982,0.6579999999999981,0.6599999999999981,0.9999999999999971,908900.0,600307.0,腾讯日K,2026-08-07T17:30:13,20260926T093659
159622,创新药ETF东财,SZSE,2024-07-30,0.658,0.668,0.655,0.656,0.6579999999999981,0.6679999999999982,0.6549999999999981,0.6559999999999981,0.9999999999999971,1378800.0,907374.0,腾讯日K,2026-08-07T17:30:13,20260926T093659
159622,创新药ETF东财,SZSE,2024-07-31,0.655,0.687,0.65,0.686,0.6549999999999981,0.6869999999999981,0.6499999999999981,0.6859999999999981,0.9999999999999971,15756300.0,10682721.0,腾讯日K,2026-08-07T17:30:13,20260926T093659
159622,创新药ETF东财,SZSE,2024-08-01,0.687,0.697,0.681,0.683,0.686999999999998,0.6969999999999977,0.6809999999999979,0.6829999999999979,0.9999999999999969,3525600.0,2423571.0,腾讯日K,2026-08-07T17:30:13,20260926T093659
159622,创新药ETF东财,SZSE,2024-08-02,0.686,0.701,0.684,0.685,0.685999999999998,0.7009999999999977,0.6839999999999979,0.6849999999999979,0.9999999999999969,4709000.0,3263569.0,腾讯日K,2026-08-07T17:30:13,20260926T093659
159622,创新药ETF东财,SZSE,2024-08-05,0.684,0.701,0.676,0.681,0.6839999999999979,0.7009999999999977,0.6759999999999979,0.6809999999999979,0.9999999999999969,7872900.0,5428612.0,腾讯日K,2026-08-07T17:30:13,20260926T093659
159622,创新药ETF东财,SZSE,2024-08-06,0.694,0.698,0.686,0.698,0.6939999999999977,0.6979999999999977,0.6859999999999978,0.6979999999999977,0.9999999999999968,6382000.0,4420238.0,腾讯日K,2026-08-07T17:30:13,20260926T093659
159622,创新药ETF东财,SZSE,2024-08-07,0.7,0.701,0.691,0.694,0.6999999999999977,0.7009999999999977,0.6909999999999977,0.6939999999999977,0.9999999999999968,4609300.0,3211610.0,腾讯日K,2026-08-07T17:30:13,20260926T093659
159622,创新药ETF东财,SZSE,2024-08-08,0.694,0.704,0.693,0.699,0.6939999999999978,0.7039999999999978,0.6929999999999978,0.6989999999999978,0.999999999999997,5560500.0,3883468.0,腾讯日K,2026-08-07T17:30:13,20260926T093659
159622,创新药ETF东财,SZSE,2024-08-09,0.698,0.708,0.69,0.691,0.6979999999999978,0.7079999999999979,0.6899999999999978,0.6909999999999978,0.999999999999997,2976600.0,2073447.0,腾讯日K,2026-08-07T17:30:13,20260926T093659
159622,创新药ETF东财,SZSE,2024-08-12,0.691,0.705,0.688,0.7,0.6909999999999977,0.7049999999999977,0.6879999999999977,0.6999999999999977,0.9999999999999968,3267300.0,2281515.0,腾讯日K,2026-08-07T17:30:13,20260926T093659
159622,创新药ETF东财,SZSE,2024-08-13,0.694,0.706,0.692,0.696,0.6939999999999977,0.7059999999999977,0.6919999999999977,0.6959999999999977,0.9999999999999968,2328500.0,1622957.0,腾讯日K,2026-08-07T17:30:13,20260926T093659
159622,创新药ETF东财,SZSE,2024-08-14,0.698,0.698,0.682,0.685,0.6979999999999977,0.6979999999999977,0.6819999999999979,0.6849999999999979,0.9999999999999969,1919900.0,1320338.0,腾讯日K,2026-08-07T17:30:13,20260926T093659
159622,创新药ETF东财,SZSE,2024-08-15,0.685,0.695,0.682,0.691,0.684999999999998,0.6949999999999978,0.681999999999998,0.6909999999999978,0.999999999999997,1900100.0,1308755.0,腾讯日K,2026-08-07T17:30:13,20260926T093659
159622,创新药ETF东财,SZSE,2024-08-16,0.689,0.702,0.688,0.7,0.6889999999999977,0.7019999999999977,0.6879999999999977,0.6999999999999977,0.9999999999999968,1701500.0,1187868.0,腾讯日K,2026-08-07T17:30:13,20260926T093659
159622,创新药ETF东财,SZSE,2024-08-19,0.7,0.707,0.693,0.694,0.6999999999999977,0.7069999999999976,0.6929999999999977,0.6939999999999977,0.9999999999999968,3124000.0,2182704.0,腾讯日K,2026-08-07T17:30:13,20260926T093659
159622,创新药ETF东财,SZSE,2024-08-20,0.691,0.695,0.685,0.686,0.6909999999999978,0.6949999999999978,0.6849999999999979,0.685999999999998,0.9999999999999969,1710400.0,1177960.0,腾讯日K,2026-08-07T17:30:13,20260926T093659
159622,创新药ETF东财,SZSE,2024-08-21,0.68,0.691,0.677,0.682,0.6799999999999979,0.6909999999999978,0.6769999999999979,0.6819999999999979,0.9999999999999969,1680900.0,1147896.0,腾讯日K,2026-08-07T17:30:13,20260926T093659
159622,创新药ETF东财,SZSE,2024-08-22,0.689,0.691,0.674,0.674,0.6889999999999978,0.6909999999999978,0.6739999999999979,0.6739999999999979,0.9999999999999969,1947300.0,1319463.0,腾讯日K,2026-08-07T17:30:13,20260926T093659
159622,创新药ETF东财,SZSE,2024-08-23,0.671,0.676,0.666,0.667,0.670999999999998,0.675999999999998,0.665999999999998,0.666999999999998,0.999999999999997,1431900.0,957671.0,腾讯日K,2026-08-07T17:30:13,20260926T093659
159622,创新药ETF东财,SZSE,2024-08-26,0.667,0.677,0.663,0.677,0.6669999999999979,0.6769999999999979,0.6629999999999979,0.6769999999999979,0.9999999999999969,1029600.0,691417.0,腾讯日K,2026-08-07T17:30:13,20260926T093659
159622,创新药ETF东财,SZSE,2024-08-27,0.677,0.683,0.675,0.679,0.6769999999999979,0.6829999999999979,0.6749999999999979,0.6789999999999979,0.9999999999999969,1958500.0,1327357.0,腾讯日K,2026-08-07T17:30:13,20260926T093659
159622,创新药ETF东财,SZSE,2024-08-28,0.68,0.683,0.677,0.678,0.679999999999998,0.682999999999998,0.676999999999998,0.677999999999998,0.999999999999997,1177200.0,799290.0,腾讯日K,2026-08-07T17:30:13,20260926T093659
159622,创新药ETF东财,SZSE,2024-08-29,0.672,0.686,0.672,0.686,0.6719999999999982,0.6859999999999981,0.6719999999999982,0.6859999999999981,0.9999999999999971,2072300.0,1410580.0,腾讯日K,2026-08-07T17:30:13,20260926T093659
159622,创新药ETF东财,SZSE,2024-08-30,0.683,0.692,0.682,0.689,0.682999999999998,0.691999999999998,0.681999999999998,0.688999999999998,0.9999999999999971,4434000.0,3053602.0,腾讯日K,2026-08-07T17:30:13,20260926T093659
159622,创新药ETF东财,SZSE,2024-09-02,0.682,0.691,0.671,0.674,0.6819999999999982,0.6909999999999981,0.6709999999999982,0.6739999999999982,0.9999999999999972,2475000.0,1669035.0,腾讯日K,2026-08-07T17:30:13,20260926T093659
159622,创新药ETF东财,SZSE,2024-09-03,0.676,0.684,0.673,0.679,0.6759999999999982,0.6839999999999982,0.6729999999999982,0.6789999999999982,0.9999999999999972,2881100.0,1960830.0,腾讯日K,2026-08-07T17:30:13,20260926T093659
159622,创新药ETF东财,SZSE,2024-09-04,0.675,0.681,0.673,0.677,0.6749999999999982,0.6809999999999982,0.6729999999999982,0.6769999999999982,0.9999999999999972,832200.0,562945.0,腾讯日K,2026-08-07T17:30:13,20260926T093659
159622,创新药ETF东财,SZSE,2024-09-05,0.683,0.686,0.681,0.683,0.6829999999999982,0.6859999999999982,0.6809999999999982,0.6829999999999982,0.9999999999999972,1340000.0,916345.0,腾讯日K,2026-08-07T17:30:13,20260926T093659
159622,创新药ETF东财,SZSE,2024-09-06,0.68,0.683,0.675,0.676,0.6799999999999983,0.6829999999999983,0.6749999999999983,0.6759999999999983,0.9999999999999973,1603400.0,1087328.0,腾讯日K,2026-08-07T17:30:13,20260926T093659
159622,创新药ETF东财,SZSE,2024-09-09,0.676,0.683,0.672,0.674,0.6759999999999983,0.6829999999999983,0.6719999999999983,0.6739999999999983,0.9999999999999973,1352000.0,914475.0,腾讯日K,2026-08-07T17:30:13,20260926T093659
159622,创新药ETF东财,SZSE,2024-09-10,0.675,0.675,0.664,0.67,0.6749999999999983,0.6749999999999983,0.6639999999999983,0.6699999999999983,0.9999999999999973,2153400.0,1437101.0,腾讯日K,2026-08-07T17:30:13,20260926T093659
159622,创新药ETF东财,SZSE,2024-09-11,0.673,0.686,0.672,0.686,0.6729999999999984,0.6859999999999983,0.6719999999999984,0.6859999999999983,0.9999999999999974,5483700.0,3734060.0,腾讯日K,2026-08-07T17:30:13,20260926T093659
159622,创新药ETF东财,SZSE,2024-09-12,0.694,0.699,0.682,0.683,0.6939999999999981,0.6989999999999981,0.6819999999999982,0.6829999999999982,0.9999999999999972,1998500.0,1379353.0,腾讯日K,2026-08-07T17:30:13,20260926T093659
159622,创新药ETF东财,SZSE,2024-09-13,0.683,0.69,0.683,0.685,0.6829999999999982,0.6899999999999981,0.6829999999999982,0.6849999999999982,0.9999999999999972,3280800.0,2254947.0,腾讯日K,2026-08-07T17:30:13,20260926T093659
159622,创新药ETF东财,SZSE,2024-09-18,0.689,0.698,0.681,0.687,0.6889999999999982,0.6979999999999982,0.6809999999999983,0.6869999999999983,0.9999999999999974,2893100.0,1988466.0,腾讯日K,2026-08-07T17:30:13,20260926T093659
159622,创新药ETF东财,SZSE,2024-09-19,0.686,0.695,0.682,0.69,0.6859999999999983,0.6949999999999982,0.6819999999999983,0.6899999999999982,0.9999999999999974,2062100.0,1419301.0,腾讯日K,2026-08-07T17:30:13,20260926T093659
159622,创新药ETF东财,SZSE,2024-09-20,0.685,0.695,0.68,0.686,0.6849999999999984,0.6949999999999983,0.6799999999999984,0.6859999999999984,0.9999999999999976,2570000.0,1758518.0,腾讯日K,2026-08-07T17:30:13,20260926T093659
159622,创新药ETF东财,SZSE,2024-09-23,0.69,0.705,0.684,0.685,0.6899999999999982,0.7049999999999982,0.6839999999999983,0.6849999999999983,0.9999999999999974,3462900.0,2397691.0,腾讯日K,2026-08-07T17:30:13,20260926T093659
159622,创新药ETF东财,SZSE,2024-09-24,0.69,0.698,0.678,0.698,0.6899999999999981,0.6979999999999981,0.6779999999999983,0.6979999999999981,0.9999999999999973,6565500.0,4542463.0,腾讯日K,2026-08-07T17:30:13,20260926T093659
159622,创新药ETF东财,SZSE,2024-09-25,0.703,0.715,0.701,0.704,0.7029999999999981,0.7149999999999981,0.7009999999999981,0.7039999999999981,0.9999999999999973,9556200.0,6760881.0,腾讯日K,2026-08-07T17:30:13,20260926T093659
159622,创新药ETF东财,SZSE,2024-09-26,0.703,0.728,0.698,0.727,0.7029999999999982,0.7279999999999981,0.6979999999999982,0.7269999999999981,0.9999999999999974,5533600.0,3951911.0,腾讯日K,2026-08-07T17:30:13,20260926T093659
159622,创新药ETF东财,SZSE,2024-09-27,0.738,0.79,0.738,0.782,0.737999999999998,0.7899999999999979,0.737999999999998,0.7819999999999979,0.9999999999999973,14381400.0,11044473.0,腾讯日K,2026-08-07T17:30:13,20260926T093659
159622,创新药ETF东财,SZSE,2024-09-30,0.859,0.86,0.799,0.86,0.8589999999999978,0.8599999999999978,0.798999999999998,0.8599999999999978,0.9999999999999974,22407700.0,18728643.0,腾讯日K,2026-08-07T17:30:13,20260926T093659
159622,创新药ETF东财,SZSE,2024-10-08,0.946,0.946,0.884,0.946,0.9459999999999974,0.9459999999999974,0.8839999999999977,0.9459999999999974,0.9999999999999973,42524600.0,39421516.0,腾讯日K,2026-08-07T17:30:13,20260926T093659
159622,创新药ETF东财,SZSE,2024-10-09,0.94,0.94,0.851,0.872,0.9399999999999974,0.9399999999999974,0.8509999999999978,0.8719999999999977,0.9999999999999973,17851200.0,15832626.0,腾讯日K,2026-08-07T17:30:13,20260926T093659
159622,创新药ETF东财,SZSE,2024-10-10,0.87,0.9,0.86,0.872,0.8699999999999977,0.8999999999999976,0.8599999999999977,0.8719999999999977,0.9999999999999973,11311600.0,9930495.0,腾讯日K,2026-08-07T17:30:13,20260926T093659
159622,创新药ETF东财,SZSE,2024-10-11,0.872,0.872,0.823,0.828,0.8719999999999977,0.8719999999999977,0.8229999999999977,0.8279999999999977,0.9999999999999973,8600700.0,7221577.0,腾讯日K,2026-08-07T17:30:13,20260926T093659
159622,创新药ETF东财,SZSE,2024-10-14,0.83,0.836,0.803,0.831,0.8299999999999977,0.8359999999999977,0.8029999999999979,0.8309999999999977,0.9999999999999973,7140500.0,5869731.0,腾讯日K,2026-08-07T17:30:13,20260926T093659
159622,创新药ETF东财,SZSE,2024-10-15,0.83,0.835,0.808,0.81,0.8299999999999976,0.8349999999999976,0.8079999999999978,0.8099999999999978,0.9999999999999972,5149400.0,4236683.0,腾讯日K,2026-08-07T17:30:13,20260926T093659
159622,创新药ETF东财,SZSE,2024-10-16,0.8,0.805,0.793,0.796,0.7999999999999979,0.8049999999999979,0.7929999999999979,0.7959999999999979,0.9999999999999973,4984100.0,3981462.0,腾讯日K,2026-08-07T17:30:13,20260926T093659
159622,创新药ETF东财,SZSE,2024-10-17,0.796,0.814,0.794,0.794,0.7959999999999979,0.8139999999999977,0.7939999999999979,0.7939999999999979,0.9999999999999973,4592500.0,3692852.0,腾讯日K,2026-08-07T17:30:13,20260926T093659
159622,创新药ETF东财,SZSE,2024-10-18,0.794,0.847,0.789,0.825,0.793999999999998,0.8469999999999979,0.788999999999998,0.8249999999999978,0.9999999999999974,12962900.0,10507042.0,腾讯日K,2026-08-07T17:30:13,20260926T093659
159622,创新药ETF东财,SZSE,2024-10-21,0.828,0.841,0.814,0.828,0.8279999999999978,0.8409999999999979,0.8139999999999978,0.8279999999999978,0.9999999999999974,7944200.0,6543765.0,腾讯日K,2026-08-07T17:30:13,20260926T093659
159622,创新药ETF东财,SZSE,2024-10-22,0.832,0.834,0.816,0.827,0.8319999999999979,0.8339999999999979,0.8159999999999978,0.8269999999999978,0.9999999999999974,6596600.0,5460340.0,腾讯日K,2026-08-07T17:30:13,20260926T093659
159622,创新药ETF东财,SZSE,2024-10-23,0.829,0.839,0.821,0.832,0.8289999999999977,0.8389999999999977,0.8209999999999977,0.8319999999999977,0.9999999999999973,9986800.0,8297177.0,腾讯日K,2026-08-07T17:30:13,20260926T093659
159622,创新药ETF东财,SZSE,2024-10-24,0.832,0.838,0.814,0.815,0.8319999999999979,0.8379999999999979,0.8139999999999978,0.8149999999999978,0.9999999999999974,8718000.0,7166989.0,腾讯日K,2026-08-07T17:30:13,20260926T093659
159622,创新药ETF东财,SZSE,2024-10-25,0.818,0.838,0.81,0.835,0.8179999999999977,0.8379999999999977,0.8099999999999979,0.8349999999999977,0.9999999999999973,13113100.0,10834414.0,腾讯日K,2026-08-07T17:30:13,20260926T093659
159622,创新药ETF东财,SZSE,2024-10-28,0.845,0.845,0.823,0.835,0.8449999999999978,0.8449999999999978,0.8229999999999977,0.8349999999999977,0.9999999999999973,9928100.0,8261012.0,腾讯日K,2026-08-07T17:30:13,20260926T093659
159622,创新药ETF东财,SZSE,2024-10-29,0.833,0.843,0.817,0.821,0.8329999999999979,0.8429999999999979,0.8169999999999978,0.8209999999999978,0.9999999999999974,10562700.0,8730615.0,腾讯日K,2026-08-07T17:30:13,20260926T093659
159622,创新药ETF东财,SZSE,2024-10-30,0.821,0.821,0.793,0.802,0.8209999999999977,0.8209999999999977,0.7929999999999979,0.8019999999999979,0.9999999999999973,8471200.0,6810511.0,腾讯日K,2026-08-07T17:30:13,20260926T093659
159622,创新药ETF东财,SZSE,2024-10-31,0.802,0.804,0.791,0.798,0.8019999999999979,0.8039999999999979,0.7909999999999979,0.7979999999999979,0.9999999999999973,12241500.0,9735142.0,腾讯日K,2026-08-07T17:30:13,20260926T093659
159622,创新药ETF东财,SZSE,2024-11-01,0.798,0.798,0.785,0.79,0.7979999999999979,0.7979999999999979,0.7849999999999979,0.7899999999999979,0.9999999999999973,6976000.0,5521697.0,腾讯日K,2026-08-07T17:30:13,20260926T093659
159622,创新药ETF东财,SZSE,2024-11-04,0.791,0.808,0.791,0.801,0.7909999999999979,0.8079999999999979,0.7909999999999979,0.8009999999999979,0.9999999999999973,7361600.0,5888635.0,腾讯日K,2026-08-07T17:30:13,20260926T093659
159622,创新药ETF东财,SZSE,2024-11-05,0.801,0.819,0.794,0.816,0.8009999999999978,0.8189999999999977,0.7939999999999978,0.8159999999999977,0.9999999999999972,13348200.0,10804753.0,腾讯日K,2026-08-07T17:30:13,20260926T093659
159622,创新药ETF东财,SZSE,2024-11-06,0.816,0.826,0.81,0.814,0.8159999999999977,0.8259999999999976,0.8099999999999978,0.8139999999999977,0.9999999999999972,11562600.0,9448874.0,腾讯日K,2026-08-07T17:30:13,20260926T093659
159622,创新药ETF东财,SZSE,2024-11-07,0.809,0.829,0.805,0.828,0.8089999999999979,0.8289999999999978,0.8049999999999979,0.8279999999999978,0.9999999999999974,11054900.0,9064477.0,腾讯日K,2026-08-07T17:30:13,20260926T093659
159622,创新药ETF东财,SZSE,2024-11-08,0.84,0.844,0.821,0.823,0.8399999999999979,0.8439999999999979,0.8209999999999978,0.8229999999999978,0.9999999999999974,10891900.0,9043183.0,腾讯日K,2026-08-07T17:30:13,20260926T093659
159622,创新药ETF东财,SZSE,2024-11-11,0.81,0.841,0.805,0.832,0.8099999999999979,0.8409999999999977,0.8049999999999979,0.8319999999999977,0.9999999999999973,26489700.0,21924554.0,腾讯日K,2026-08-07T17:30:13,20260926T093659
159622,创新药ETF东财,SZSE,2024-11-12,0.832,0.862,0.829,0.832,0.8319999999999977,0.8619999999999977,0.8289999999999977,0.8319999999999977,0.9999999999999973,29239300.0,24738775.0,腾讯日K,2026-08-07T17:30:13,20260926T093659
159622,创新药ETF东财,SZSE,2024-11-13,0.832,0.832,0.812,0.822,0.8319999999999977,0.8319999999999977,0.811999999999998,0.8219999999999977,0.9999999999999973,10718300.0,8792261.0,腾讯日K,2026-08-07T17:30:13,20260926T093659
159622,创新药ETF东财,SZSE,2024-11-14,0.821,0.821,0.802,0.802,0.8209999999999977,0.8209999999999977,0.8019999999999979,0.8019999999999979,0.9999999999999973,12932100.0,10465411.0,腾讯日K,2026-08-07T17:30:13,20260926T093659
159622,创新药ETF东财,SZSE,2024-11-15,0.802,0.809,0.791,0.792,0.8019999999999979,0.8089999999999979,0.7909999999999979,0.7919999999999979,0.9999999999999973,7721800.0,6163328.0,腾讯日K,2026-08-07T17:30:13,20260926T093659
159622,创新药ETF东财,SZSE,2024-11-18,0.792,0.802,0.775,0.778,0.7919999999999979,0.8019999999999979,0.7749999999999979,0.7779999999999979,0.9999999999999973,8338100.0,6523846.0,腾讯日K,2026-08-07T17:30:13,20260926T093659
159622,创新药ETF东财,SZSE,2024-11-19,0.778,0.782,0.771,0.78,0.7779999999999978,0.7819999999999978,0.7709999999999978,0.7799999999999978,0.9999999999999971,10297600.0,8012143.0,腾讯日K,2026-08-07T17:30:13,20260926T093659
159622,创新药ETF东财,SZSE,2024-11-20,0.78,0.81,0.779,0.806,0.7799999999999979,0.8099999999999979,0.7789999999999979,0.8059999999999979,0.9999999999999973,14763800.0,11822829.0,腾讯日K,2026-08-07T17:30:13,20260926T093659
159622,创新药ETF东财,SZSE,2024-11-21,0.808,0.812,0.799,0.807,0.8079999999999979,0.811999999999998,0.7989999999999979,0.8069999999999979,0.9999999999999973,9782300.0,7897949.0,腾讯日K,2026-08-07T17:30:13,20260926T093659
159622,创新药ETF东财,SZSE,2024-11-22,0.807,0.809,0.776,0.78,0.8069999999999979,0.8089999999999979,0.775999999999998,0.779999999999998,0.9999999999999974,11247100.0,8842013.0,腾讯日K,2026-08-07T17:30:13,20260926T093659
159622,创新药ETF东财,SZSE,2024-11-25,0.78,0.79,0.771,0.779,0.7799999999999981,0.7899999999999981,0.7709999999999981,0.7789999999999981,0.9999999999999976,8225700.0,6395334.0,腾讯日K,2026-08-07T17:30:13,20260926T093659
159622,创新药ETF东财,SZSE,2024-11-26,0.779,0.792,0.778,0.78,0.778999999999998,0.791999999999998,0.777999999999998,0.779999999999998,0.9999999999999974,4737300.0,3713746.0,腾讯日K,2026-08-07T17:30:13,20260926T093659
159622,创新药ETF东财,SZSE,2024-11-27,0.78,0.801,0.78,0.801,0.7799999999999981,0.800999999999998,0.7799999999999981,0.800999999999998,0.9999999999999976,9958000.0,7889393.0,腾讯日K,2026-08-07T17:30:13,20260926T093659
159622,创新药ETF东财,SZSE,2024-11-28,0.801,0.808,0.793,0.794,0.800999999999998,0.8079999999999979,0.792999999999998,0.793999999999998,0.9999999999999974,7885700.0,6298760.0,腾讯日K,2026-08-07T17:30:13,20260926T093659
159622,创新药ETF东财,SZSE,2024-11-29,0.794,0.814,0.794,0.807,0.7939999999999979,0.8139999999999977,0.7939999999999979,0.8069999999999979,0.9999999999999973,10308400.0,8307714.0,腾讯日K,2026-08-07T17:30:13,20260926T093659
159622,创新药ETF东财,SZSE,2024-12-02,0.808,0.816,0.804,0.813,0.8079999999999978,0.8159999999999977,0.8039999999999978,0.8129999999999977,0.9999999999999972,9169500.0,7444788.0,腾讯日K,2026-08-07T17:30:13,20260926T093659
159622,创新药ETF东财,SZSE,2024-12-03,0.812,0.817,0.806,0.814,0.8119999999999977,0.8169999999999976,0.8059999999999977,0.8139999999999976,0.9999999999999971,9052000.0,7356958.0,腾讯日K,2026-08-07T17:30:13,20260926T093659
159622,创新药ETF东财,SZSE,2024-12-04,0.814,0.814,0.802,0.805,0.8139999999999976,0.8139999999999976,0.8019999999999977,0.8049999999999977,0.9999999999999971,7308700.0,5902339.0,腾讯日K,2026-08-07T17:30:13,20260926T093659
159622,创新药ETF东财,SZSE,2024-12-05,0.805,0.805,0.793,0.797,0.8049999999999977,0.8049999999999977,0.7929999999999977,0.7969999999999977,0.9999999999999971,6480800.0,5167515.0,腾讯日K,2026-08-07T17:30:13,20260926T093659
159622,创新药ETF东财,SZSE,2024-12-06,0.797,0.82,0.797,0.817,0.7969999999999979,0.8199999999999977,0.7969999999999979,0.8169999999999977,0.9999999999999973,10988900.0,8958452.0,腾讯日K,2026-08-07T17:30:13,20260926T093659
159622,创新药ETF东财,SZSE,2024-12-09,0.832,0.836,0.824,0.827,0.8319999999999976,0.8359999999999976,0.8239999999999976,0.8269999999999976,0.9999999999999972,13382900.0,11109990.0,腾讯日K,2026-08-07T17:30:13,20260926T093659
159622,创新药ETF东财,SZSE,2024-12-10,0.844,0.85,0.815,0.818,0.8439999999999975,0.8499999999999975,0.8149999999999976,0.8179999999999976,0.9999999999999971,13726700.0,11385784.0,腾讯日K,2026-08-07T17:30:13,20260926T093659
159622,创新药ETF东财,SZSE,2024-12-11,0.818,0.818,0.81,0.813,0.8179999999999976,0.8179999999999976,0.8099999999999977,0.8129999999999976,0.9999999999999971,9730000.0,7903301.0,腾讯日K,2026-08-07T17:30:13,20260926T093659
159622,创新药ETF东财,SZSE,2024-12-12,0.813,0.813,0.803,0.812,0.8129999999999975,0.8129999999999975,0.8029999999999976,0.8119999999999976,0.999999999999997,8278200.0,6692371.0,腾讯日K,2026-08-07T17:30:13,20260926T093659
159622,创新药ETF东财,SZSE,2024-12-13,0.812,0.812,0.798,0.799,0.8119999999999977,0.8119999999999977,0.7979999999999977,0.7989999999999977,0.9999999999999971,6117600.0,4903498.0,腾讯日K,2026-08-07T17:30:13,20260926T093659
159622,创新药ETF东财,SZSE,2024-12-16,0.798,0.799,0.781,0.784,0.7979999999999976,0.7989999999999976,0.7809999999999977,0.7839999999999977,0.999999999999997,10028200.0,7882987.0,腾讯日K,2026-08-07T17:30:13,20260926T093659
159622,创新药ETF东财,SZSE,2024-12-17,0.784,0.788,0.775,0.782,0.7839999999999977,0.7879999999999977,0.7749999999999977,0.7819999999999977,0.999999999999997,7880700.0,6178203.0,腾讯日K,2026-08-07T17:30:13,20260926T093659
159622,创新药ETF东财,SZSE,2024-12-18,0.782,0.788,0.782,0.787,0.7819999999999978,0.7879999999999978,0.7819999999999978,0.7869999999999978,0.9999999999999972,5066700.0,3981963.0,腾讯日K,2026-08-07T17:30:13,20260926T093659
159622,创新药ETF东财,SZSE,2024-12-19,0.787,0.788,0.777,0.784,0.7869999999999977,0.7879999999999977,0.7769999999999977,0.7839999999999977,0.999999999999997,5890100.0,4601181.0,腾讯日K,2026-08-07T17:30:13,20260926T093659
159622,创新药ETF东财,SZSE,2024-12-20,0.784,0.786,0.778,0.78,0.7839999999999977,0.7859999999999977,0.7779999999999977,0.7799999999999977,0.999999999999997,7957400.0,6220511.0,腾讯日K,2026-08-07T17:30:13,20260926T093659
159622,创新药ETF东财,SZSE,2024-12-23,0.781,0.783,0.774,0.777,0.7809999999999978,0.7829999999999978,0.7739999999999978,0.7769999999999978,0.9999999999999971,5783000.0,4492675.0,腾讯日K,2026-08-07T17:30:13,20260926T093659
159622,创新药ETF东财,SZSE,2024-12-24,0.775,0.782,0.775,0.78,0.7749999999999977,0.7819999999999977,0.7749999999999977,0.7799999999999977,0.999999999999997,2267100.0,1765676.0,腾讯日K,2026-08-07T17:30:13,20260926T093659
159622,创新药ETF东财,SZSE,2024-12-25,0.788,0.798,0.784,0.789,0.7879999999999977,0.7979999999999976,0.7839999999999977,0.7889999999999977,0.999999999999997,6353300.0,5022417.0,腾讯日K,2026-08-07T17:30:13,20260926T093659
159622,创新药ETF东财,SZSE,2024-12-26,0.78,0.785,0.775,0.78,0.7799999999999977,0.7849999999999977,0.7749999999999977,0.7799999999999977,0.999999999999997,6061000.0,4720429.0,腾讯日K,2026-08-07T17:30:13,20260926T093659
159622,创新药ETF东财,SZSE,2024-12-27,0.78,0.781,0.774,0.774,0.7799999999999977,0.7809999999999977,0.7739999999999977,0.7739999999999977,0.999999999999997,12029600.0,9339035.0,腾讯日K,2026-08-07T17:30:13,20260926T093659
159622,创新药ETF东财,SZSE,2024-12-30,0.777,0.783,0.775,0.782,0.7769999999999978,0.7829999999999978,0.7749999999999978,0.7819999999999978,0.9999999999999971,11073700.0,8628654.0,腾讯日K,2026-08-07T17:30:13,20260926T093659
159622,创新药ETF东财,SZSE,2024-12-31,0.781,0.781,0.77,0.77,0.7809999999999978,0.7809999999999978,0.7699999999999978,0.7699999999999978,0.9999999999999971,9417900.0,7292893.0,腾讯日K,2026-08-07T17:30:13,20260926T093659
159622,创新药ETF东财,SZSE,2025-01-02,0.771,0.771,0.746,0.75,0.7709999999999979,0.7709999999999979,0.7459999999999979,0.7499999999999979,0.9999999999999972,13162300.0,9974649.0,腾讯日K,2026-08-07T17:30:13,20260926T093659
159622,创新药ETF东财,SZSE,2025-01-03,0.75,0.759,0.743,0.743,0.749999999999998,0.758999999999998,0.742999999999998,0.742999999999998,0.9999999999999973,9828400.0,7367182.0,腾讯日K,2026-08-07T17:30:13,20260926T093659
159622,创新药ETF东财,SZSE,2025-01-06,0.744,0.756,0.742,0.749,0.7439999999999979,0.7559999999999979,0.7419999999999979,0.7489999999999979,0.9999999999999972,13827300.0,10338813.0,腾讯日K,2026-08-07T17:30:13,20260926T093659
159622,创新药ETF东财,SZSE,2025-01-07,0.749,0.75,0.728,0.736,0.7489999999999979,0.7499999999999978,0.7279999999999979,0.7359999999999979,0.9999999999999971,15861700.0,11648252.0,腾讯日K,2026-08-07T17:30:13,20260926T093659
159622,创新药ETF东财,SZSE,2025-01-08,0.737,0.738,0.719,0.728,0.736999999999998,0.737999999999998,0.718999999999998,0.727999999999998,0.9999999999999972,10847000.0,7905533.0,腾讯日K,2026-08-07T17:30:13,20260926T093659
159622,创新药ETF东财,SZSE,2025-01-09,0.729,0.738,0.728,0.732,0.7289999999999979,0.7379999999999979,0.7279999999999979,0.7319999999999979,0.9999999999999971,8607800.0,6325238.0,腾讯日K,2026-08-07T17:30:13,20260926T093659
159622,创新药ETF东财,SZSE,2025-01-10,0.731,0.738,0.725,0.725,0.730999999999998,0.737999999999998,0.724999999999998,0.724999999999998,0.9999999999999972,6620500.0,4844571.0,腾讯日K,2026-08-07T17:30:13,20260926T093659
159622,创新药ETF东财,SZSE,2025-01-13,0.724,0.728,0.721,0.724,0.723999999999998,0.727999999999998,0.720999999999998,0.723999999999998,0.9999999999999972,5834600.0,4222621.0,腾讯日K,2026-08-07T17:30:13,20260926T093659
159622,创新药ETF东财,SZSE,2025-01-14,0.726,0.752,0.726,0.748,0.7259999999999981,0.751999999999998,0.7259999999999981,0.747999999999998,0.9999999999999973,15717600.0,11707510.0,腾讯日K,2026-08-07T17:30:13,20260926T093659
159622,创新药ETF东财,SZSE,2025-01-15,0.746,0.747,0.741,0.744,0.745999999999998,0.746999999999998,0.740999999999998,0.743999999999998,0.9999999999999973,6974100.0,5183448.0,腾讯日K,2026-08-07T17:30:13,20260926T093659
159622,创新药ETF东财,SZSE,2025-01-16,0.745,0.759,0.739,0.743,0.7449999999999981,0.7589999999999981,0.7389999999999981,0.7429999999999981,0.9999999999999974,7791400.0,5832146.0,腾讯日K,2026-08-07T17:30:13,20260926T093659
159622,创新药ETF东财,SZSE,2025-01-17,0.743,0.755,0.74,0.751,0.742999999999998,0.754999999999998,0.739999999999998,0.750999999999998,0.9999999999999973,11214700.0,8403689.0,腾讯日K,2026-08-07T17:30:13,20260926T093659
159622,创新药ETF东财,SZSE,2025-01-20,0.756,0.775,0.756,0.77,0.7559999999999979,0.7749999999999979,0.7559999999999979,0.7699999999999979,0.9999999999999972,15094800.0,11621948.0,腾讯日K,2026-08-07T17:30:13,20260926T093659
159622,创新药ETF东财,SZSE,2025-01-21,0.776,0.776,0.758,0.763,0.7759999999999979,0.7759999999999979,0.7579999999999979,0.7629999999999979,0.9999999999999972,9052000.0,6901062.0,腾讯日K,2026-08-07T17:30:13,20260926T093659
159622,创新药ETF东财,SZSE,2025-01-22,0.759,0.767,0.755,0.76,0.758999999999998,0.766999999999998,0.754999999999998,0.759999999999998,0.9999999999999973,10609200.0,8053605.0,腾讯日K,2026-08-07T17:30:13,20260926T093659
159622,创新药ETF东财,SZSE,2025-01-23,0.762,0.772,0.757,0.757,0.761999999999998,0.7719999999999979,0.756999999999998,0.756999999999998,0.9999999999999973,8106500.0,6188588.0,腾讯日K,2026-08-07T17:30:13,20260926T093659
159622,创新药ETF东财,SZSE,2025-01-24,0.755,0.77,0.755,0.764,0.754999999999998,0.769999999999998,0.754999999999998,0.763999999999998,0.9999999999999973,4606100.0,3516732.0,腾讯日K,2026-08-07T17:30:13,20260926T093659
159622,创新药ETF东财,SZSE,2025-01-27,0.765,0.775,0.765,0.768,0.764999999999998,0.774999999999998,0.764999999999998,0.767999999999998,0.9999999999999974,10506800.0,8085943.0,腾讯日K,2026-08-07T17:30:13,20260926T093659
159622,创新药ETF东财,SZSE,2025-02-05,0.769,0.776,0.766,0.775,0.7689999999999979,0.7759999999999979,0.7659999999999979,0.7749999999999979,0.9999999999999972,6460500.0,4982714.0,腾讯日K,2026-08-07T17:30:13,20260926T093659
159622,创新药ETF东财,SZSE,2025-02-06,0.775,0.792,0.77,0.792,0.7749999999999979,0.7919999999999979,0.769999999999998,0.7919999999999979,0.9999999999999973,12125200.0,9504411.0,腾讯日K,2026-08-07T17:30:13,20260926T093659
159622,创新药ETF东财,SZSE,2025-02-07,0.788,0.802,0.785,0.798,0.7879999999999979,0.8019999999999979,0.7849999999999979,0.7979999999999979,0.9999999999999973,15549200.0,12374452.0,腾讯日K,2026-08-07T17:30:13,20260926T093659
159622,创新药ETF东财,SZSE,2025-02-10,0.797,0.804,0.796,0.803,0.7969999999999979,0.8039999999999979,0.7959999999999979,0.8029999999999979,0.9999999999999973,10455500.0,8361296.0,腾讯日K,2026-08-07T17:30:13,20260926T093659
159622,创新药ETF东财,SZSE,2025-02-11,0.803,0.804,0.789,0.791,0.8029999999999979,0.8039999999999979,0.7889999999999979,0.7909999999999979,0.9999999999999973,8328600.0,6597009.0,腾讯日K,2026-08-07T17:30:13,20260926T093659
159622,创新药ETF东财,SZSE,2025-02-12,0.783,0.791,0.782,0.79,0.7829999999999979,0.7909999999999979,0.7819999999999979,0.7899999999999979,0.9999999999999973,7126400.0,5602427.0,腾讯日K,2026-08-07T17:30:13,20260926T093659
159622,创新药ETF东财,SZSE,2025-02-13,0.791,0.796,0.784,0.786,0.7909999999999979,0.7959999999999979,0.7839999999999979,0.7859999999999979,0.9999999999999973,10495500.0,8273982.0,腾讯日K,2026-08-07T17:30:13,20260926T093659
159622,创新药ETF东财,SZSE,2025-02-14,0.782,0.817,0.782,0.81,0.7819999999999978,0.8169999999999977,0.7819999999999978,0.8099999999999978,0.9999999999999972,24585900.0,19827690.0,腾讯日K,2026-08-07T17:30:13,20260926T093659
159622,创新药ETF东财,SZSE,2025-02-17,0.822,0.839,0.808,0.824,0.8219999999999978,0.8389999999999979,0.8079999999999979,0.8239999999999978,0.9999999999999974,26845600.0,22183477.0,腾讯日K,2026-08-07T17:30:13,20260926T093659
159622,创新药ETF东财,SZSE,2025-02-18,0.819,0.827,0.803,0.816,0.8189999999999978,0.8269999999999978,0.802999999999998,0.8159999999999978,0.9999999999999974,15312500.0,12474829.0,腾讯日K,2026-08-07T17:30:13,20260926T093659
159622,创新药ETF东财,SZSE,2025-02-19,0.808,0.831,0.806,0.824,0.8079999999999979,0.8309999999999979,0.8059999999999979,0.8239999999999978,0.9999999999999974,11553400.0,9476852.0,腾讯日K,2026-08-07T17:30:13,20260926T093659
159622,创新药ETF东财,SZSE,2025-02-20,0.826,0.845,0.825,0.836,0.8259999999999978,0.8449999999999979,0.8249999999999978,0.8359999999999979,0.9999999999999974,18133900.0,15179819.0,腾讯日K,2026-08-07T17:30:13,20260926T093659
159622,创新药ETF东财,SZSE,2025-02-21,0.836,0.871,0.836,0.87,0.8359999999999979,0.8709999999999978,0.8359999999999979,0.8699999999999978,0.9999999999999974,30606000.0,26309365.0,腾讯日K,2026-08-07T17:30:13,20260926T093659
159622,创新药ETF东财,SZSE,2025-02-24,0.889,0.89,0.848,0.853,0.8889999999999978,0.8899999999999978,0.8479999999999979,0.8529999999999979,0.9999999999999976,43339900.0,37494476.0,腾讯日K,2026-08-07T17:30:13,20260926T093659
159622,创新药ETF东财,SZSE,2025-02-25,0.84,0.856,0.83,0.846,0.839999999999998,0.8559999999999979,0.829999999999998,0.8459999999999979,0.9999999999999976,18211200.0,15435292.0,腾讯日K,2026-08-07T17:30:13,20260926T093659
159622,创新药ETF东财,SZSE,2025-02-26,0.848,0.867,0.846,0.866,0.8479999999999979,0.8669999999999979,0.8459999999999979,0.8659999999999979,0.9999999999999976,21223100.0,18204759.0,腾讯日K,2026-08-07T17:30:13,20260926T093659
159622,创新药ETF东财,SZSE,2025-02-27,0.871,0.875,0.856,0.869,0.8709999999999979,0.8749999999999979,0.8559999999999979,0.8689999999999979,0.9999999999999976,20747700.0,17955600.0,腾讯日K,2026-08-07T17:30:13,20260926T093659
159622,创新药ETF东财,SZSE,2025-02-28,0.869,0.88,0.842,0.842,0.8689999999999981,0.879999999999998,0.8419999999999981,0.8419999999999981,0.9999999999999978,25268600.0,21643810.0,腾讯日K,2026-08-07T17:30:13,20260926T093659
159622,创新药ETF东财,SZSE,2025-03-03,0.843,0.856,0.835,0.837,0.8429999999999979,0.8559999999999979,0.834999999999998,0.836999999999998,0.9999999999999976,11787100.0,9963768.0,腾讯日K,2026-08-07T17:30:13,20260926T093659
159622,创新药ETF东财,SZSE,2025-03-04,0.837,0.838,0.822,0.838,0.8369999999999981,0.8379999999999981,0.8219999999999982,0.8379999999999981,0.9999999999999978,13836400.0,11509101.0,腾讯日K,2026-08-07T17:30:13,20260926T093659
159622,创新药ETF东财,SZSE,2025-03-05,0.84,0.843,0.832,0.839,0.839999999999998,0.842999999999998,0.8319999999999981,0.838999999999998,0.9999999999999977,4973000.0,4163800.0,腾讯日K,2026-08-07T17:30:13,20260926T093659
159622,创新药ETF东财,SZSE,2025-03-06,0.851,0.857,0.844,0.849,0.850999999999998,0.856999999999998,0.843999999999998,0.848999999999998,0.9999999999999977,17199200.0,14620672.0,腾讯日K,2026-08-07T17:30:13,20260926T093659
159622,创新药ETF东财,SZSE,2025-03-07,0.85,0.856,0.841,0.846,0.8499999999999979,0.8559999999999979,0.8409999999999979,0.8459999999999979,0.9999999999999976,11701100.0,9918251.0,腾讯日K,2026-08-07T17:30:13,20260926T093659
159622,创新药ETF东财,SZSE,2025-03-10,0.85,0.873,0.828,0.836,0.8499999999999979,0.8729999999999979,0.827999999999998,0.835999999999998,0.9999999999999976,14809800.0,12444011.0,腾讯日K,2026-08-07T17:30:13,20260926T093659
159622,创新药ETF东财,SZSE,2025-03-11,0.832,0.841,0.822,0.835,0.8319999999999979,0.8409999999999979,0.8219999999999978,0.8349999999999979,0.9999999999999974,6026500.0,5021866.0,腾讯日K,2026-08-07T17:30:13,20260926T093659
159622,创新药ETF东财,SZSE,2025-03-12,0.837,0.847,0.832,0.833,0.8369999999999979,0.8469999999999979,0.8319999999999979,0.8329999999999979,0.9999999999999974,11998200.0,10062527.0,腾讯日K,2026-08-07T17:30:13,20260926T093659
159622,创新药ETF东财,SZSE,2025-03-13,0.833,0.841,0.824,0.828,0.8329999999999979,0.8409999999999979,0.8239999999999978,0.8279999999999978,0.9999999999999974,12426500.0,10326254.0,腾讯日K,2026-08-07T17:30:13,20260926T093659
159622,创新药ETF东财,SZSE,2025-03-14,0.833,0.858,0.833,0.857,0.8329999999999979,0.8579999999999978,0.8329999999999979,0.8569999999999978,0.9999999999999974,24237700.0,20588038.0,腾讯日K,2026-08-07T17:30:13,20260926T093659
159622,创新药ETF东财,SZSE,2025-03-17,0.858,0.866,0.852,0.855,0.8579999999999978,0.8659999999999978,0.8519999999999978,0.8549999999999978,0.9999999999999974,9326400.0,8008787.0,腾讯日K,2026-08-07T17:30:13,20260926T093659
159622,创新药ETF东财,SZSE,2025-03-18,0.87,0.889,0.856,0.876,0.8699999999999978,0.8889999999999978,0.8559999999999978,0.8759999999999978,0.9999999999999974,22238700.0,19589464.0,腾讯日K,2026-08-07T17:30:13,20260926T093659
159622,创新药ETF东财,SZSE,2025-03-19,0.876,0.888,0.876,0.884,0.875999999999998,0.8879999999999979,0.875999999999998,0.8839999999999979,0.9999999999999977,15751000.0,13898909.0,腾讯日K,2026-08-07T17:30:13,20260926T093659
159622,创新药ETF东财,SZSE,2025-03-20,0.885,0.889,0.876,0.882,0.8849999999999979,0.8889999999999978,0.8759999999999979,0.8819999999999979,0.9999999999999976,15335600.0,13548811.0,腾讯日K,2026-08-07T17:30:13,20260926T093659
159622,创新药ETF东财,SZSE,2025-03-21,0.874,0.88,0.852,0.856,0.8739999999999979,0.8799999999999979,0.8519999999999979,0.8559999999999979,0.9999999999999976,17826600.0,15382105.0,腾讯日K,2026-08-07T17:30:13,20260926T093659
159622,创新药ETF东财,SZSE,2025-03-24,0.853,0.862,0.845,0.853,0.852999999999998,0.861999999999998,0.844999999999998,0.852999999999998,0.9999999999999977,8681400.0,7414629.0,腾讯日K,2026-08-07T17:30:13,20260926T093659
159622,创新药ETF东财,SZSE,2025-03-25,0.852,0.855,0.846,0.85,0.8519999999999979,0.8549999999999979,0.8459999999999979,0.8499999999999979,0.9999999999999976,6741300.0,5727174.0,腾讯日K,2026-08-07T17:30:13,20260926T093659
159622,创新药ETF东财,SZSE,2025-03-26,0.852,0.854,0.846,0.849,0.8519999999999979,0.8539999999999979,0.8459999999999979,0.8489999999999979,0.9999999999999976,19513000.0,16577262.0,腾讯日K,2026-08-07T17:30:13,20260926T093659
159622,创新药ETF东财,SZSE,2025-03-27,0.85,0.89,0.846,0.89,0.8499999999999979,0.8899999999999978,0.8459999999999979,0.8899999999999978,0.9999999999999976,28200700.0,24676925.0,腾讯日K,2026-08-07T17:30:13,20260926T093659
159622,创新药ETF东财,SZSE,2025-03-28,0.889,0.909,0.887,0.889,0.8889999999999978,0.9089999999999978,0.8869999999999978,0.8889999999999978,0.9999999999999976,32038000.0,28801885.0,腾讯日K,2026-08-07T17:30:13,20260926T093659
159622,创新药ETF东财,SZSE,2025-03-31,0.888,0.906,0.878,0.889,0.8879999999999978,0.9059999999999978,0.8779999999999979,0.8889999999999978,0.9999999999999976,19946400.0,17780590.0,腾讯日K,2026-08-07T17:30:13,20260926T093659
159622,创新药ETF东财,SZSE,2025-04-01,0.892,0.943,0.892,0.93,0.8919999999999977,0.9429999999999974,0.8919999999999977,0.9299999999999976,0.9999999999999973,50606100.0,46790263.0,腾讯日K,2026-08-07T17:30:13,20260926T093659
159622,创新药ETF东财,SZSE,2025-04-02,0.938,0.938,0.911,0.915,0.9379999999999975,0.9379999999999975,0.9109999999999977,0.9149999999999977,0.9999999999999974,22653800.0,20816002.0,腾讯日K,2026-08-07T17:30:13,20260926T093659
159622,创新药ETF东财,SZSE,2025-04-03,0.912,0.925,0.898,0.908,0.9119999999999977,0.9249999999999977,0.8979999999999977,0.9079999999999977,0.9999999999999974,22177400.0,20162336.0,腾讯日K,2026-08-07T17:30:13,20260926T093659
159622,创新药ETF东财,SZSE,2025-04-07,0.869,0.87,0.817,0.817,0.8689999999999979,0.8699999999999979,0.816999999999998,0.816999999999998,0.9999999999999976,31767000.0,26135571.0,腾讯日K,2026-08-07T17:30:13,20260926T093659
159622,创新药ETF东财,SZSE,2025-04-08,0.816,0.816,0.777,0.79,0.815999999999998,0.815999999999998,0.7769999999999981,0.7899999999999981,0.9999999999999976,35123600.0,27777739.0,腾讯日K,2026-08-07T17:30:13,20260926T093659
159622,创新药ETF东财,SZSE,2025-04-09,0.775,0.794,0.74,0.785,0.7749999999999981,0.7939999999999982,0.7399999999999982,0.7849999999999981,0.9999999999999976,36922700.0,28487537.0,腾讯日K,2026-08-07T17:30:13,20260926T093659
159622,创新药ETF东财,SZSE,2025-04-10,0.8,0.827,0.799,0.81,0.799999999999998,0.8269999999999978,0.798999999999998,0.8099999999999979,0.9999999999999974,40143700.0,32708380.0,腾讯日K,2026-08-07T17:30:13,20260926T093659
159622,创新药ETF东财,SZSE,2025-04-11,0.795,0.829,0.795,0.824,0.7949999999999982,0.828999999999998,0.7949999999999982,0.823999999999998,0.9999999999999976,24312900.0,19851063.0,腾讯日K,2026-08-07T17:30:13,20260926T093659
159622,创新药ETF东财,SZSE,2025-04-14,0.829,0.858,0.829,0.852,0.828999999999998,0.8579999999999979,0.828999999999998,0.8519999999999979,0.9999999999999976,27809600.0,23576072.0,腾讯日K,2026-08-07T17:30:13,20260926T093659
159622,创新药ETF东财,SZSE,2025-04-15,0.855,0.855,0.837,0.843,0.854999999999998,0.854999999999998,0.836999999999998,0.842999999999998,0.9999999999999977,16732900.0,14071094.0,腾讯日K,2026-08-07T17:30:13,20260926T093659
159622,创新药ETF东财,SZSE,2025-04-16,0.84,0.84,0.817,0.83,0.839999999999998,0.839999999999998,0.816999999999998,0.829999999999998,0.9999999999999976,11058400.0,9126842.0,腾讯日K,2026-08-07T17:30:13,20260926T093659
159622,创新药ETF东财,SZSE,2025-04-17,0.83,0.836,0.823,0.83,0.829999999999998,0.835999999999998,0.822999999999998,0.829999999999998,0.9999999999999976,8133900.0,6753871.0,腾讯日K,2026-08-07T17:30:13,20260926T093659
159622,创新药ETF东财,SZSE,2025-04-18,0.828,0.835,0.823,0.829,0.8279999999999978,0.8349999999999979,0.8229999999999978,0.8289999999999978,0.9999999999999974,6002900.0,4985623.0,腾讯日K,2026-08-07T17:30:13,20260926T093659
159622,创新药ETF东财,SZSE,2025-04-21,0.828,0.841,0.822,0.841,0.8279999999999978,0.8409999999999979,0.8219999999999978,0.8409999999999979,0.9999999999999974,11355000.0,9475132.0,腾讯日K,2026-08-07T17:30:13,20260926T093659
159622,创新药ETF东财,SZSE,2025-04-22,0.841,0.871,0.838,0.864,0.8409999999999979,0.8709999999999979,0.837999999999998,0.8639999999999979,0.9999999999999976,21711100.0,18608591.0,腾讯日K,2026-08-07T17:30:13,20260926T093659
159622,创新药ETF东财,SZSE,2025-04-23,0.864,0.884,0.864,0.87,0.8639999999999979,0.8839999999999979,0.8639999999999979,0.8699999999999979,0.9999999999999976,18419900.0,16094800.0,腾讯日K,2026-08-07T17:30:13,20260926T093659
159622,创新药ETF东财,SZSE,2025-04-24,0.879,0.89,0.869,0.877,0.8789999999999978,0.8899999999999978,0.8689999999999978,0.8769999999999978,0.9999999999999974,17914900.0,15751553.0,腾讯日K,2026-08-07T17:30:13,20260926T093659
159622,创新药ETF东财,SZSE,2025-04-25,0.882,0.89,0.871,0.875,0.8819999999999978,0.8899999999999978,0.8709999999999978,0.8749999999999978,0.9999999999999974,13418500.0,11820969.0,腾讯日K,2026-08-07T17:30:13,20260926T093659
159622,创新药ETF东财,SZSE,2025-04-28,0.868,0.871,0.85,0.87,0.8679999999999979,0.8709999999999979,0.8499999999999979,0.8699999999999979,0.9999999999999976,16423800.0,14144161.0,腾讯日K,2026-08-07T17:30:13,20260926T093659
159622,创新药ETF东财,SZSE,2025-04-29,0.867,0.882,0.867,0.873,0.8669999999999978,0.8819999999999978,0.8669999999999978,0.8729999999999978,0.9999999999999974,6927800.0,6065976.0,腾讯日K,2026-08-07T17:30:13,20260926T093659
159622,创新药ETF东财,SZSE,2025-04-30,0.876,0.887,0.872,0.885,0.8759999999999978,0.8869999999999978,0.8719999999999978,0.8849999999999978,0.9999999999999974,10248200.0,9029467.0,腾讯日K,2026-08-07T17:30:13,20260926T093659
159622,创新药ETF东财,SZSE,2025-05-06,0.897,0.897,0.883,0.889,0.8969999999999978,0.8969999999999978,0.8829999999999979,0.8889999999999978,0.9999999999999976,17315200.0,15380227.0,腾讯日K,2026-08-07T17:30:13,20260926T093659
159622,创新药ETF东财,SZSE,2025-05-07,0.898,0.898,0.859,0.865,0.8979999999999977,0.8979999999999977,0.8589999999999978,0.8649999999999978,0.9999999999999974,29113600.0,25334813.0,腾讯日K,2026-08-07T17:30:13,20260926T093659
159622,创新药ETF东财,SZSE,2025-05-08,0.866,0.869,0.861,0.865,0.8659999999999978,0.8689999999999978,0.8609999999999978,0.8649999999999978,0.9999999999999974,12433500.0,10749283.0,腾讯日K,2026-08-07T17:30:13,20260926T093659
159622,创新药ETF东财,SZSE,2025-05-09,0.864,0.875,0.864,0.867,0.8639999999999978,0.8749999999999978,0.8639999999999978,0.8669999999999978,0.9999999999999974,11880400.0,10318744.0,腾讯日K,2026-08-07T17:30:13,20260926T093659
159622,创新药ETF东财,SZSE,2025-05-12,0.866,0.866,0.83,0.844,0.8659999999999978,0.8659999999999978,0.8299999999999979,0.8439999999999979,0.9999999999999974,29547000.0,24914936.0,腾讯日K,2026-08-07T17:30:13,20260926T093659
159622,创新药ETF东财,SZSE,2025-05-13,0.853,0.859,0.85,0.851,0.8529999999999979,0.8589999999999979,0.8499999999999979,0.8509999999999979,0.9999999999999976,15166500.0,12950838.0,腾讯日K,2026-08-07T17:30:13,20260926T093659
159622,创新药ETF东财,SZSE,2025-05-14,0.85,0.861,0.849,0.858,0.8499999999999979,0.8609999999999979,0.8489999999999979,0.8579999999999979,0.9999999999999976,9172300.0,7840384.0,腾讯日K,2026-08-07T17:30:13,20260926T093659
159622,创新药ETF东财,SZSE,2025-05-15,0.849,0.866,0.849,0.86,0.8489999999999979,0.8659999999999979,0.8489999999999979,0.8599999999999979,0.9999999999999976,9035700.0,7780457.0,腾讯日K,2026-08-07T17:30:13,20260926T093659
159622,创新药ETF东财,SZSE,2025-05-16,0.86,0.875,0.858,0.87,0.8599999999999979,0.8749999999999979,0.8579999999999979,0.8699999999999979,0.9999999999999976,12405100.0,10756479.0,腾讯日K,2026-08-07T17:30:13,20260926T093659
159622,创新药ETF东财,SZSE,2025-05-19,0.87,0.874,0.865,0.873,0.8699999999999978,0.8739999999999978,0.8649999999999978,0.8729999999999978,0.9999999999999974,9609100.0,8367954.0,腾讯日K,2026-08-07T17:30:13,20260926T093659
159622,创新药ETF东财,SZSE,2025-05-20,0.875,0.897,0.875,0.895,0.874999999999998,0.8969999999999979,0.874999999999998,0.8949999999999979,0.9999999999999977,21783200.0,19437145.0,腾讯日K,2026-08-07T17:30:13,20260926T093659
159622,创新药ETF东财,SZSE,2025-05-21,0.899,0.912,0.888,0.908,0.8989999999999979,0.9119999999999979,0.8879999999999979,0.9079999999999979,0.9999999999999977,18077800.0,16374776.0,腾讯日K,2026-08-07T17:30:13,20260926T093659
159622,创新药ETF东财,SZSE,2025-05-22,0.908,0.909,0.895,0.902,0.9079999999999979,0.9089999999999979,0.8949999999999979,0.9019999999999979,0.9999999999999977,17668600.0,15935082.0,腾讯日K,2026-08-07T17:30:13,20260926T093659
159622,创新药ETF东财,SZSE,2025-05-23,0.906,0.925,0.903,0.907,0.9059999999999979,0.9249999999999979,0.9029999999999979,0.9069999999999979,0.9999999999999977,20049900.0,18371377.0,腾讯日K,2026-08-07T17:30:13,20260926T093659
159622,创新药ETF东财,SZSE,2025-05-26,0.901,0.911,0.889,0.89,0.900999999999998,0.910999999999998,0.888999999999998,0.889999999999998,0.9999999999999978,13121400.0,11759309.0,腾讯日K,2026-08-07T17:30:13,20260926T093659
159622,创新药ETF东财,SZSE,2025-05-27,0.89,0.912,0.89,0.906,0.8899999999999981,0.9119999999999981,0.8899999999999981,0.9059999999999981,0.9999999999999979,10892700.0,9820169.0,腾讯日K,2026-08-07T17:30:13,20260926T093659
159622,创新药ETF东财,SZSE,2025-05-28,0.906,0.909,0.9,0.904,0.9059999999999981,0.9089999999999981,0.8999999999999981,0.9039999999999981,0.9999999999999979,5630000.0,5088887.0,腾讯日K,2026-08-07T17:30:13,20260926T093659
159622,创新药ETF东财,SZSE,2025-05-29,0.905,0.938,0.905,0.937,0.9049999999999983,0.9379999999999981,0.9049999999999983,0.9369999999999982,0.999999999999998,22759500.0,21051953.0,腾讯日K,2026-08-07T17:30:13,20260926T093659
159622,创新药ETF东财,SZSE,2025-05-30,0.938,0.954,0.935,0.941,0.937999999999998,0.953999999999998,0.934999999999998,0.940999999999998,0.9999999999999979,22110900.0,20876826.0,腾讯日K,2026-08-07T17:30:13,20260926T093659
159622,创新药ETF东财,SZSE,2025-06-03,0.934,0.951,0.934,0.949,0.933999999999998,0.950999999999998,0.933999999999998,0.948999999999998,0.9999999999999979,12028200.0,11344610.0,腾讯日K,2026-08-07T17:30:13,20260926T093659
159622,创新药ETF东财,SZSE,2025-06-04,0.955,0.98,0.95,0.975,0.9549999999999982,0.9799999999999981,0.9499999999999982,0.9749999999999981,0.9999999999999981,20007100.0,19431643.0,腾讯日K,2026-08-07T17:30:13,20260926T093659
159622,创新药ETF东财,SZSE,2025-06-05,0.985,0.985,0.95,0.959,0.984999999999998,0.984999999999998,0.9499999999999981,0.9589999999999981,0.999999999999998,22523500.0,21677737.0,腾讯日K,2026-08-07T17:30:13,20260926T093659
159622,创新药ETF东财,SZSE,2025-06-06,0.96,0.963,0.948,0.963,0.9599999999999981,0.9629999999999981,0.9479999999999981,0.9629999999999981,0.999999999999998,11891600.0,11338388.0,腾讯日K,2026-08-07T17:30:13,20260926T093659
159622,创新药ETF东财,SZSE,2025-06-09,0.963,1.003,0.961,0.992,0.9629999999999982,1.002999999999998,0.9609999999999982,0.9919999999999981,0.9999999999999981,23745400.0,23487404.0,腾讯日K,2026-08-07T17:30:13,20260926T093659
159622,创新药ETF东财,SZSE,2025-06-10,1.008,1.015,0.992,1.006,1.0079999999999982,1.0149999999999981,0.9919999999999982,1.0059999999999982,0.9999999999999982,29495900.0,29563434.0,腾讯日K,2026-08-07T17:30:13,20260926T093659
159622,创新药ETF东财,SZSE,2025-06-11,1.006,1.011,0.993,0.998,1.005999999999998,1.010999999999998,0.9929999999999981,0.9979999999999981,0.9999999999999981,19897300.0,19882693.0,腾讯日K,2026-08-07T17:30:13,20260926T093659
159622,创新药ETF东财,SZSE,2025-06-12,0.997,1.035,0.995,1.033,0.9969999999999983,1.0349999999999981,0.9949999999999983,1.0329999999999981,0.9999999999999983,24711200.0,25244183.0,腾讯日K,2026-08-07T17:30:13,20260926T093659
159622,创新药ETF东财,SZSE,2025-06-13,1.033,1.051,1.008,1.016,1.0329999999999981,1.0509999999999982,1.0079999999999982,1.0159999999999982,0.9999999999999982,31385400.0,32133661.0,腾讯日K,2026-08-07T17:30:13,20260926T093659
159622,创新药ETF东财,SZSE,2025-06-16,1.013,1.021,0.997,1.006,1.0129999999999983,1.0209999999999984,0.9969999999999984,1.0059999999999985,0.9999999999999984,17994000.0,18098816.0,腾讯日K,2026-08-07T17:30:13,20260926T093659
159622,创新药ETF东财,SZSE,2025-06-17,1.008,1.017,0.967,0.972,1.0079999999999985,1.0169999999999983,0.9669999999999984,0.9719999999999984,0.9999999999999984,31557100.0,31168308.0,腾讯日K,2026-08-07T17:30:13,20260926T093659
159622,创新药ETF东财,SZSE,2025-06-18,0.965,0.971,0.958,0.965,0.9649999999999985,0.9709999999999985,0.9579999999999986,0.9649999999999985,0.9999999999999986,16199900.0,15611559.0,腾讯日K,2026-08-07T17:30:13,20260926T093659
159622,创新药ETF东财,SZSE,2025-06-19,0.964,0.976,0.941,0.944,0.9639999999999985,0.9759999999999984,0.9409999999999985,0.9439999999999985,0.9999999999999984,17443000.0,16680641.0,腾讯日K,2026-08-07T17:30:13,20260926T093659
159622,创新药ETF东财,SZSE,2025-06-20,0.941,0.952,0.941,0.946,0.9409999999999986,0.9519999999999986,0.9409999999999986,0.9459999999999986,0.9999999999999986,10565800.0,9986618.0,腾讯日K,2026-08-07T17:30:13,20260926T093659
159622,创新药ETF东财,SZSE,2025-06-23,0.941,0.966,0.936,0.966,0.9409999999999986,0.9659999999999985,0.9359999999999987,0.9659999999999985,0.9999999999999986,18289300.0,17394167.0,腾讯日K,2026-08-07T17:30:13,20260926T093659
159622,创新药ETF东财,SZSE,2025-06-24,0.966,0.984,0.962,0.981,0.9659999999999985,0.9839999999999985,0.9619999999999985,0.9809999999999985,0.9999999999999986,26831400.0,26197048.0,腾讯日K,2026-08-07T17:30:13,20260926T093659
159622,创新药ETF东财,SZSE,2025-06-25,0.984,0.991,0.975,0.987,0.9839999999999987,0.9909999999999987,0.9749999999999986,0.9869999999999987,0.9999999999999987,19715400.0,19393449.0,腾讯日K,2026-08-07T17:30:13,20260926T093659
159622,创新药ETF东财,SZSE,2025-06-26,0.987,0.987,0.962,0.967,0.9869999999999988,0.9869999999999988,0.9619999999999987,0.9669999999999987,0.9999999999999988,28607600.0,27701439.0,腾讯日K,2026-08-07T17:30:13,20260926T093659
159622,创新药ETF东财,SZSE,2025-06-27,0.962,0.965,0.952,0.954,0.9619999999999985,0.9649999999999985,0.9519999999999986,0.9539999999999986,0.9999999999999986,18895000.0,18092005.0,腾讯日K,2026-08-07T17:30:13,20260926T093659
159622,创新药ETF东财,SZSE,2025-06-30,0.955,0.971,0.948,0.97,0.9549999999999987,0.9709999999999988,0.9479999999999988,0.9699999999999988,0.9999999999999988,16358500.0,15725071.0,腾讯日K,2026-08-07T17:30:13,20260926T093659
159622,创新药ETF东财,SZSE,2025-07-01,0.969,0.992,0.968,0.992,0.9689999999999986,0.9919999999999987,0.9679999999999986,0.9919999999999987,0.9999999999999987,22347200.0,21907939.0,腾讯日K,2026-08-07T17:30:13,20260926T093659
159622,创新药ETF东财,SZSE,2025-07-02,0.993,0.995,0.969,0.973,0.9929999999999988,0.9949999999999988,0.9689999999999988,0.9729999999999988,0.9999999999999988,26154400.0,25593325.0,腾讯日K,2026-08-07T17:30:13,20260926T093659
159622,创新药ETF东财,SZSE,2025-07-03,0.973,0.999,0.97,0.997,0.9729999999999988,0.9989999999999988,0.9699999999999988,0.9969999999999988,0.9999999999999988,32188200.0,31913336.0,腾讯日K,2026-08-07T17:30:13,20260926T093659
159622,创新药ETF东财,SZSE,2025-07-04,0.998,1.014,0.991,1.006,0.9979999999999989,1.013999999999999,0.9909999999999989,1.005999999999999,0.9999999999999989,18328300.0,18392264.0,腾讯日K,2026-08-07T17:30:13,20260926T093659
159622,创新药ETF东财,SZSE,2025-07-07,1.006,1.009,0.986,0.988,1.0059999999999987,1.0089999999999986,0.9859999999999988,0.9879999999999988,0.9999999999999988,19437500.0,19287974.0,腾讯日K,2026-08-07T17:30:13,20260926T093659
159622,创新药ETF东财,SZSE,2025-07-08,0.988,1.0,0.983,0.99,0.9879999999999989,0.9999999999999989,0.9829999999999989,0.9899999999999989,0.9999999999999989,16548400.0,16373803.0,腾讯日K,2026-08-07T17:30:13,20260926T093659
159622,创新药ETF东财,SZSE,2025-07-09,0.989,1.009,0.98,1.0,0.9889999999999989,1.0089999999999988,0.9799999999999989,0.9999999999999989,0.9999999999999989,22566100.0,22519218.0,腾讯日K,2026-08-07T17:30:13,20260926T093659
159622,创新药ETF东财,SZSE,2025-07-10,1.0,1.015,1.0,1.006,0.9999999999999991,1.014999999999999,0.9999999999999991,1.0059999999999991,0.9999999999999991,13406000.0,13513892.0,腾讯日K,2026-08-07T17:30:13,20260926T093659
159622,创新药ETF东财,SZSE,2025-07-11,1.006,1.03,1.006,1.023,1.0059999999999991,1.0299999999999991,1.0059999999999991,1.022999999999999,0.9999999999999991,21990700.0,22486144.0,腾讯日K,2026-08-07T17:30:13,20260926T093659
159622,创新药ETF东财,SZSE,2025-07-14,1.02,1.031,1.012,1.031,1.0199999999999991,1.030999999999999,1.0119999999999991,1.030999999999999,0.9999999999999991,14758400.0,15059930.0,腾讯日K,2026-08-07T17:30:13,20260926T093659
159622,创新药ETF东财,SZSE,2025-07-15,1.032,1.054,1.028,1.052,1.031999999999999,1.053999999999999,1.027999999999999,1.051999999999999,0.9999999999999989,22133600.0,23066970.0,腾讯日K,2026-08-07T17:30:13,20260926T093659
159622,创新药ETF东财,SZSE,2025-07-16,1.055,1.066,1.052,1.063,1.054999999999999,1.0659999999999992,1.0519999999999992,1.062999999999999,0.9999999999999991,20790100.0,22032468.0,腾讯日K,2026-08-07T17:30:13,20260926T093659
159622,创新药ETF东财,SZSE,2025-07-17,1.063,1.106,1.063,1.103,1.0629999999999988,1.105999999999999,1.0629999999999988,1.1029999999999989,0.999999999999999,27641100.0,30167015.0,腾讯日K,2026-08-07T17:30:13,20260926T093659
159622,创新药ETF东财,SZSE,2025-07-18,1.104,1.113,1.097,1.112,1.103999999999999,1.1129999999999989,1.0969999999999989,1.111999999999999,0.999999999999999,30032400.0,33171565.0,腾讯日K,2026-08-07T17:30:13,20260926T093659
159622,创新药ETF东财,SZSE,2025-07-21,1.113,1.113,1.086,1.103,1.1129999999999989,1.1129999999999989,1.085999999999999,1.1029999999999989,0.999999999999999,30665400.0,33697169.0,腾讯日K,2026-08-07T17:30:13,20260926T093659
159622,创新药ETF东财,SZSE,2025-07-22,1.103,1.131,1.096,1.107,1.1029999999999989,1.130999999999999,1.095999999999999,1.1069999999999989,0.999999999999999,37716400.0,42071453.0,腾讯日K,2026-08-07T17:30:13,20260926T093659
159622,创新药ETF东财,SZSE,2025-07-23,1.106,1.125,1.099,1.107,1.105999999999999,1.124999999999999,1.0989999999999989,1.1069999999999989,0.999999999999999,35653200.0,39564635.0,腾讯日K,2026-08-07T17:30:13,20260926T093659
159622,创新药ETF东财,SZSE,2025-07-24,1.107,1.125,1.102,1.123,1.1069999999999989,1.124999999999999,1.101999999999999,1.1229999999999989,0.999999999999999,28204800.0,31354250.0,腾讯日K,2026-08-07T17:30:13,20260926T093659
159622,创新药ETF东财,SZSE,2025-07-25,1.124,1.144,1.122,1.123,1.123999999999999,1.1439999999999988,1.121999999999999,1.1229999999999989,0.999999999999999,29561400.0,33381175.0,腾讯日K,2026-08-07T17:30:13,20260926T093659
159622,创新药ETF东财,SZSE,2025-07-28,1.124,1.169,1.124,1.169,1.123999999999999,1.168999999999999,1.123999999999999,1.168999999999999,0.999999999999999,36410800.0,41711939.0,腾讯日K,2026-08-07T17:30:13,20260926T093659
159622,创新药ETF东财,SZSE,2025-07-29,1.172,1.216,1.157,1.21,1.1719999999999988,1.2159999999999989,1.156999999999999,1.2099999999999989,0.9999999999999991,65042200.0,77496392.0,腾讯日K,2026-08-07T17:30:13,20260926T093659
159622,创新药ETF东财,SZSE,2025-07-30,1.211,1.238,1.179,1.19,1.210999999999999,1.2379999999999989,1.178999999999999,1.1899999999999988,0.9999999999999991,98878000.0,120019405.0,腾讯日K,2026-08-07T17:30:13,20260926T093659
159622,创新药ETF东财,SZSE,2025-07-31,1.191,1.212,1.174,1.182,1.190999999999999,1.2119999999999989,1.1739999999999988,1.1819999999999988,0.9999999999999991,54191300.0,64547606.0,腾讯日K,2026-08-07T17:30:13,20260926T093659
159622,创新药ETF东财,SZSE,2025-08-01,1.177,1.204,1.159,1.166,1.176999999999999,1.2039999999999988,1.158999999999999,1.1659999999999988,0.999999999999999,49154800.0,57863052.0,腾讯日K,2026-08-07T17:30:13,20260926T093659
159622,创新药ETF东财,SZSE,2025-08-04,1.151,1.167,1.126,1.167,1.150999999999999,1.166999999999999,1.1259999999999988,1.166999999999999,0.999999999999999,51325300.0,58704904.0,腾讯日K,2026-08-07T17:30:13,20260926T093659
159622,创新药ETF东财,SZSE,2025-08-05,1.167,1.184,1.166,1.182,1.166999999999999,1.1839999999999988,1.1659999999999988,1.1819999999999988,0.9999999999999991,30787900.0,36224807.0,腾讯日K,2026-08-07T17:30:13,20260926T093659
159622,创新药ETF东财,SZSE,2025-08-06,1.184,1.197,1.176,1.183,1.1839999999999988,1.196999999999999,1.1759999999999988,1.182999999999999,0.9999999999999991,29746500.0,35218272.0,腾讯日K,2026-08-07T17:30:13,20260926T093659
159622,创新药ETF东财,SZSE,2025-08-07,1.182,1.185,1.147,1.155,1.1819999999999988,1.184999999999999,1.146999999999999,1.154999999999999,0.999999999999999,56113100.0,65308002.0,腾讯日K,2026-08-07T17:30:13,20260926T093659
159622,创新药ETF东财,SZSE,2025-08-08,1.152,1.152,1.128,1.142,1.1519999999999988,1.1519999999999988,1.1279999999999988,1.1419999999999988,0.999999999999999,31077500.0,35374861.0,腾讯日K,2026-08-07T17:30:13,20260926T093659
159622,创新药ETF东财,SZSE,2025-08-11,1.15,1.153,1.133,1.149,1.1499999999999988,1.152999999999999,1.132999999999999,1.148999999999999,0.999999999999999,32744700.0,37477342.0,腾讯日K,2026-08-07T17:30:13,20260926T093659
159622,创新药ETF东财,SZSE,2025-08-12,1.151,1.155,1.134,1.147,1.1509999999999987,1.1549999999999987,1.1339999999999986,1.1469999999999987,0.9999999999999989,28120700.0,32178880.0,腾讯日K,2026-08-07T17:30:13,20260926T093659
159622,创新药ETF东财,SZSE,2025-08-13,1.148,1.191,1.148,1.191,1.1479999999999986,1.1909999999999987,1.1479999999999986,1.1909999999999987,0.9999999999999989,57918500.0,68063705.0,腾讯日K,2026-08-07T17:30:13,20260926T093659
159622,创新药ETF东财,SZSE,2025-08-14,1.2,1.212,1.186,1.19,1.1999999999999986,1.2119999999999986,1.1859999999999986,1.1899999999999986,0.9999999999999989,46650200.0,55836753.0,腾讯日K,2026-08-07T17:30:13,20260926T093659
159622,创新药ETF东财,SZSE,2025-08-15,1.19,1.21,1.185,1.209,1.1899999999999986,1.2099999999999986,1.1849999999999987,1.2089999999999987,0.9999999999999989,34348300.0,41254793.0,腾讯日K,2026-08-07T17:30:13,20260926T093659
159622,创新药ETF东财,SZSE,2025-08-18,1.209,1.23,1.209,1.23,1.2089999999999987,1.2299999999999986,1.2089999999999987,1.2299999999999986,0.9999999999999989,46457100.0,56535839.0,腾讯日K,2026-08-07T17:30:13,20260926T093659
159622,创新药ETF东财,SZSE,2025-08-19,1.23,1.242,1.192,1.196,1.2299999999999986,1.2419999999999987,1.1919999999999986,1.1959999999999986,0.9999999999999989,64070700.0,77772605.0,腾讯日K,2026-08-07T17:30:13,20260926T093659
159622,创新药ETF东财,SZSE,2025-08-20,1.193,1.196,1.17,1.196,1.1929999999999987,1.1959999999999986,1.1699999999999986,1.1959999999999986,0.9999999999999989,44262900.0,52355741.0,腾讯日K,2026-08-07T17:30:13,20260926T093659
159622,创新药ETF东财,SZSE,2025-08-21,1.196,1.21,1.187,1.196,1.1959999999999986,1.2099999999999986,1.1869999999999987,1.1959999999999986,0.9999999999999989,30281700.0,36268738.0,腾讯日K,2026-08-07T17:30:13,20260926T093659
159622,创新药ETF东财,SZSE,2025-08-22,1.205,1.215,1.2,1.215,1.2049999999999987,1.2149999999999987,1.1999999999999986,1.2149999999999987,0.9999999999999989,36645500.0,44251228.0,腾讯日K,2026-08-07T17:30:13,20260926T093659
159622,创新药ETF东财,SZSE,2025-08-25,1.216,1.243,1.215,1.243,1.2159999999999984,1.2429999999999986,1.2149999999999985,1.2429999999999986,0.9999999999999988,50300900.0,61863511.0,腾讯日K,2026-08-07T17:30:13,20260926T093659
159622,创新药ETF东财,SZSE,2025-08-26,1.241,1.243,1.217,1.22,1.2409999999999985,1.2429999999999986,1.2169999999999985,1.2199999999999984,0.9999999999999988,55238400.0,67764939.0,腾讯日K,2026-08-07T17:30:13,20260926T093659
159622,创新药ETF东财,SZSE,2025-08-27,1.22,1.235,1.183,1.184,1.2199999999999984,1.2349999999999985,1.1829999999999985,1.1839999999999984,0.9999999999999987,56624300.0,68380439.0,腾讯日K,2026-08-07T17:30:13,20260926T093659
159622,创新药ETF东财,SZSE,2025-08-28,1.184,1.188,1.142,1.18,1.1839999999999984,1.1879999999999984,1.1419999999999983,1.1799999999999984,0.9999999999999987,62124800.0,72474753.0,腾讯日K,2026-08-07T17:30:13,20260926T093659
159622,创新药ETF东财,SZSE,2025-08-29,1.18,1.23,1.173,1.226,1.1799999999999982,1.2299999999999982,1.1729999999999983,1.2259999999999982,0.9999999999999986,65106700.0,78436845.0,腾讯日K,2026-08-07T17:30:13,20260926T093659
159622,创新药ETF东财,SZSE,2025-09-01,1.228,1.29,1.223,1.286,1.2279999999999984,1.2899999999999983,1.2229999999999985,1.2859999999999983,0.9999999999999987,105779100.0,133723811.0,腾讯日K,2026-08-07T17:30:13,20260926T093659
159622,创新药ETF东财,SZSE,2025-09-02,1.288,1.332,1.274,1.289,1.2879999999999983,1.3319999999999983,1.2739999999999982,1.2889999999999981,0.9999999999999987,158768300.0,206959296.0,腾讯日K,2026-08-07T17:30:13,20260926T093659
159622,创新药ETF东财,SZSE,2025-09-03,1.291,1.318,1.285,1.299,1.2909999999999984,1.3179999999999985,1.2849999999999984,1.2989999999999984,0.9999999999999988,82050600.0,106776827.0,腾讯日K,2026-08-07T17:30:13,20260926T093659
159622,创新药ETF东财,SZSE,2025-09-04,1.301,1.316,1.227,1.249,1.3009999999999984,1.3159999999999985,1.2269999999999985,1.2489999999999986,0.9999999999999988,89689900.0,113241059.0,腾讯日K,2026-08-07T17:30:13,20260926T093659
159622,创新药ETF东财,SZSE,2025-09-05,1.25,1.305,1.234,1.301,1.2499999999999982,1.3049999999999982,1.2339999999999984,1.3009999999999982,0.9999999999999987,74732000.0,94735120.0,腾讯日K,2026-08-07T17:30:13,20260926T093659
159622,创新药ETF东财,SZSE,2025-09-08,1.303,1.327,1.289,1.308,1.3029999999999982,1.3269999999999982,1.2889999999999981,1.3079999999999983,0.9999999999999987,74546800.0,97503650.0,腾讯日K,2026-08-07T17:30:13,20260926T093659
159622,创新药ETF东财,SZSE,2025-09-09,1.305,1.328,1.281,1.293,1.3049999999999982,1.3279999999999983,1.2809999999999981,1.2929999999999982,0.9999999999999987,55802900.0,72600937.0,腾讯日K,2026-08-07T17:30:13,20260926T093659
159622,创新药ETF东财,SZSE,2025-09-10,1.293,1.306,1.273,1.283,1.2929999999999982,1.3059999999999983,1.2729999999999981,1.2829999999999981,0.9999999999999987,44293500.0,56994176.0,腾讯日K,2026-08-07T17:30:13,20260926T093659
159622,创新药ETF东财,SZSE,2025-09-11,1.23,1.259,1.183,1.258,1.229999999999998,1.258999999999998,1.1829999999999983,1.257999999999998,0.9999999999999984,199075000.0,244677978.0,腾讯日K,2026-08-07T17:30:13,20260926T093659
159622,创新药ETF东财,SZSE,2025-09-12,1.264,1.278,1.247,1.265,1.2639999999999982,1.2779999999999982,1.2469999999999983,1.2649999999999981,0.9999999999999986,99873200.0,126001307.0,腾讯日K,2026-08-07T17:30:13,20260926T093659
159622,创新药ETF东财,SZSE,2025-09-15,1.264,1.28,1.252,1.269,1.263999999999998,1.279999999999998,1.251999999999998,1.268999999999998,0.9999999999999984,91830400.0,116517708.0,腾讯日K,2026-08-07T17:30:13,20260926T093659
159622,创新药ETF东财,SZSE,2025-09-16,1.27,1.272,1.246,1.259,1.269999999999998,1.271999999999998,1.245999999999998,1.258999999999998,0.9999999999999984,60654200.0,76239216.0,腾讯日K,2026-08-07T17:30:13,20260926T093659
159622,创新药ETF东财,SZSE,2025-09-17,1.259,1.261,1.241,1.258,1.258999999999998,1.260999999999998,1.240999999999998,1.257999999999998,0.9999999999999984,68138900.0,85307876.0,腾讯日K,2026-08-07T17:30:13,20260926T093659
159622,创新药ETF东财,SZSE,2025-09-18,1.259,1.285,1.246,1.261,1.2589999999999981,1.2849999999999981,1.2459999999999982,1.2609999999999981,0.9999999999999986,125744400.0,159419889.0,腾讯日K,2026-08-07T17:30:13,20260926T093659
159622,创新药ETF东财,SZSE,2025-09-19,1.263,1.278,1.236,1.242,1.2629999999999981,1.2779999999999982,1.2359999999999982,1.2419999999999982,0.9999999999999986,62115300.0,77842150.0,腾讯日K,2026-08-07T17:30:13,20260926T093659
159622,创新药ETF东财,SZSE,2025-09-22,1.253,1.275,1.248,1.262,1.252999999999998,1.274999999999998,1.247999999999998,1.261999999999998,0.9999999999999984,55356100.0,69710415.0,腾讯日K,2026-08-07T17:30:13,20260926T093659
159622,创新药ETF东财,SZSE,2025-09-23,1.262,1.265,1.217,1.237,1.2619999999999982,1.2649999999999981,1.2169999999999983,1.2369999999999983,0.9999999999999986,64606000.0,79864020.0,腾讯日K,2026-08-07T17:30:13,20260926T093659
159622,创新药ETF东财,SZSE,2025-09-24,1.238,1.253,1.23,1.248,1.2379999999999982,1.2529999999999981,1.2299999999999982,1.2479999999999982,0.9999999999999986,46878300.0,58372249.0,腾讯日K,2026-08-07T17:30:13,20260926T093659
159622,创新药ETF东财,SZSE,2025-09-25,1.249,1.273,1.249,1.263,1.2489999999999981,1.272999999999998,1.2489999999999981,1.262999999999998,0.9999999999999984,60684000.0,76768428.0,腾讯日K,2026-08-07T17:30:13,20260926T093659
159622,创新药ETF东财,SZSE,2025-09-26,1.243,1.246,1.226,1.237,1.2429999999999983,1.2459999999999982,1.2259999999999982,1.2369999999999983,0.9999999999999986,51394700.0,63495557.0,腾讯日K,2026-08-07T17:30:13,20260926T093659
159622,创新药ETF东财,SZSE,2025-09-29,1.23,1.242,1.212,1.242,1.2299999999999982,1.2419999999999982,1.2119999999999982,1.2419999999999982,0.9999999999999986,59976900.0,73647162.0,腾讯日K,2026-08-07T17:30:13,20260926T093659
159622,创新药ETF东财,SZSE,2025-09-30,1.241,1.277,1.237,1.275,1.240999999999998,1.276999999999998,1.236999999999998,1.274999999999998,0.9999999999999984,74474700.0,93830402.0,腾讯日K,2026-08-07T17:30:13,20260926T093659
159622,创新药ETF东财,SZSE,2025-10-09,1.296,1.297,1.257,1.273,1.2959999999999978,1.2969999999999977,1.2569999999999977,1.2729999999999977,0.9999999999999982,56451300.0,71826029.0,腾讯日K,2026-08-07T17:30:13,20260926T093659
159622,创新药ETF东财,SZSE,2025-10-10,1.265,1.267,1.228,1.235,1.2649999999999977,1.2669999999999977,1.2279999999999978,1.2349999999999979,0.9999999999999982,53217100.0,66222549.0,腾讯日K,2026-08-07T17:30:13,20260926T093659
159622,创新药ETF东财,SZSE,2025-10-13,1.19,1.214,1.177,1.195,1.189999999999998,1.213999999999998,1.176999999999998,1.194999999999998,0.9999999999999983,57375200.0,68531290.0,腾讯日K,2026-08-07T17:30:13,20260926T093659
159622,创新药ETF东财,SZSE,2025-10-14,1.202,1.213,1.148,1.155,1.2019999999999977,1.2129999999999979,1.147999999999998,1.154999999999998,0.9999999999999982,56080700.0,65918613.0,腾讯日K,2026-08-07T17:30:13,20260926T093659
159622,创新药ETF东财,SZSE,2025-10-15,1.158,1.185,1.141,1.185,1.1579999999999981,1.1849999999999983,1.1409999999999982,1.1849999999999983,0.9999999999999984,35626800.0,41579052.0,腾讯日K,2026-08-07T17:30:13,20260926T093659
159622,创新药ETF东财,SZSE,2025-10-16,1.184,1.213,1.175,1.195,1.183999999999998,1.212999999999998,1.174999999999998,1.194999999999998,0.9999999999999983,34715500.0,41642003.0,腾讯日K,2026-08-07T17:30:13,20260926T093659
159622,创新药ETF东财,SZSE,2025-10-17,1.206,1.207,1.161,1.164,1.205999999999998,1.206999999999998,1.160999999999998,1.163999999999998,0.9999999999999983,29181300.0,34348714.0,腾讯日K,2026-08-07T17:30:13,20260926T093659
159622,创新药ETF东财,SZSE,2025-10-20,1.179,1.183,1.163,1.171,1.178999999999998,1.182999999999998,1.162999999999998,1.170999999999998,0.9999999999999983,22206900.0,26057041.0,腾讯日K,2026-08-07T17:30:13,20260926T093659
159622,创新药ETF东财,SZSE,2025-10-21,1.171,1.19,1.169,1.186,1.170999999999998,1.189999999999998,1.168999999999998,1.185999999999998,0.9999999999999983,23732300.0,28026250.0,腾讯日K,2026-08-07T17:30:13,20260926T093659
159622,创新药ETF东财,SZSE,2025-10-22,1.197,1.197,1.165,1.17,1.1969999999999983,1.1969999999999983,1.1649999999999983,1.1699999999999982,0.9999999999999984,36812900.0,43305183.0,腾讯日K,2026-08-07T17:30:13,20260926T093659
159622,创新药ETF东财,SZSE,2025-10-23,1.168,1.168,1.14,1.158,1.1679999999999982,1.1679999999999982,1.1399999999999981,1.1579999999999981,0.9999999999999984,34149500.0,39219211.0,腾讯日K,2026-08-07T17:30:13,20260926T093659
159622,创新药ETF东财,SZSE,2025-10-24,1.158,1.175,1.158,1.163,1.157999999999998,1.174999999999998,1.157999999999998,1.162999999999998,0.9999999999999983,30571300.0,35594712.0,腾讯日K,2026-08-07T17:30:13,20260926T093659
159622,创新药ETF东财,SZSE,2025-10-27,1.184,1.193,1.175,1.181,1.1839999999999982,1.1929999999999983,1.1749999999999983,1.1809999999999983,0.9999999999999984,46363000.0,54928449.0,腾讯日K,2026-08-07T17:30:13,20260926T093659
159622,创新药ETF东财,SZSE,2025-10-28,1.182,1.187,1.158,1.162,1.1819999999999982,1.1869999999999983,1.1579999999999981,1.1619999999999981,0.9999999999999984,46474200.0,54285651.0,腾讯日K,2026-08-07T17:30:13,20260926T093659
159622,创新药ETF东财,SZSE,2025-10-29,1.163,1.175,1.155,1.175,1.162999999999998,1.174999999999998,1.154999999999998,1.174999999999998,0.9999999999999983,35216500.0,41002271.0,腾讯日K,2026-08-07T17:30:13,20260926T093659
159622,创新药ETF东财,SZSE,2025-10-30,1.172,1.172,1.133,1.135,1.1719999999999982,1.1719999999999982,1.1329999999999982,1.1349999999999982,0.9999999999999984,128761200.0,146823558.0,腾讯日K,2026-08-07T17:30:13,20260926T093659
159622,创新药ETF东财,SZSE,2025-10-31,1.135,1.174,1.135,1.171,1.1349999999999982,1.1739999999999982,1.1349999999999982,1.1709999999999983,0.9999999999999984,102833900.0,119492750.0,腾讯日K,2026-08-07T17:30:13,20260926T093659
159622,创新药ETF东财,SZSE,2025-11-03,1.174,1.177,1.148,1.164,1.1739999999999982,1.1769999999999983,1.1479999999999981,1.1639999999999981,0.9999999999999984,63508100.0,73919739.0,腾讯日K,2026-08-07T17:30:13,20260926T093659
159622,创新药ETF东财,SZSE,2025-11-04,1.156,1.159,1.133,1.14,1.1559999999999981,1.1589999999999983,1.1329999999999982,1.1399999999999981,0.9999999999999984,53293200.0,60921794.0,腾讯日K,2026-08-07T17:30:13,20260926T093659
159622,创新药ETF东财,SZSE,2025-11-05,1.128,1.148,1.121,1.139,1.1279999999999983,1.1479999999999984,1.1209999999999984,1.1389999999999985,0.9999999999999987,34355100.0,39057110.0,腾讯日K,2026-08-07T17:30:13,20260926T093659
159622,创新药ETF东财,SZSE,2025-11-06,1.137,1.145,1.132,1.145,1.1369999999999985,1.1449999999999985,1.1319999999999983,1.1449999999999985,0.9999999999999987,36729000.0,41843277.0,腾讯日K,2026-08-07T17:30:13,20260926T093659
159622,创新药ETF东财,SZSE,2025-11-07,1.143,1.143,1.128,1.131,1.1429999999999987,1.1429999999999987,1.1279999999999986,1.1309999999999987,0.9999999999999988,43339800.0,49140375.0,腾讯日K,2026-08-07T17:30:13,20260926T093659
159622,创新药ETF东财,SZSE,2025-11-10,1.132,1.141,1.123,1.141,1.1319999999999983,1.1409999999999985,1.1229999999999984,1.1409999999999985,0.9999999999999987,33775100.0,38248631.0,腾讯日K,2026-08-07T17:30:13,20260926T093659
159622,创新药ETF东财,SZSE,2025-11-11,1.141,1.145,1.129,1.134,1.1409999999999985,1.1449999999999985,1.1289999999999984,1.1339999999999983,0.9999999999999987,20348100.0,23064204.0,腾讯日K,2026-08-07T17:30:13,20260926T093659
159622,创新药ETF东财,SZSE,2025-11-12,1.136,1.164,1.136,1.153,1.1359999999999983,1.1639999999999984,1.1359999999999983,1.1529999999999985,0.9999999999999987,57408900.0,66217490.0,腾讯日K,2026-08-07T17:30:13,20260926T093659
159622,创新药ETF东财,SZSE,2025-11-13,1.155,1.193,1.154,1.192,1.1549999999999985,1.1929999999999985,1.1539999999999984,1.1919999999999984,0.9999999999999987,100541500.0,118569388.0,腾讯日K,2026-08-07T17:30:13,20260926T093659
159622,创新药ETF东财,SZSE,2025-11-14,1.188,1.196,1.17,1.179,1.1879999999999984,1.1959999999999984,1.1699999999999984,1.1789999999999985,0.9999999999999987,46853600.0,55417423.0,腾讯日K,2026-08-07T17:30:13,20260926T093659
159622,创新药ETF东财,SZSE,2025-11-17,1.18,1.183,1.149,1.154,1.1799999999999984,1.1829999999999985,1.1489999999999985,1.1539999999999984,0.9999999999999987,51077500.0,59111572.0,腾讯日K,2026-08-07T17:30:13,20260926T093659
159622,创新药ETF东财,SZSE,2025-11-18,1.155,1.169,1.14,1.144,1.1549999999999983,1.1689999999999983,1.1399999999999981,1.1439999999999981,0.9999999999999984,33593400.0,38773582.0,腾讯日K,2026-08-07T17:30:13,20260926T093659
159622,创新药ETF东财,SZSE,2025-11-19,1.142,1.147,1.133,1.139,1.1419999999999983,1.1469999999999985,1.1329999999999985,1.1389999999999985,0.9999999999999987,24091300.0,27427712.0,腾讯日K,2026-08-07T17:30:13,20260926T093659
159622,创新药ETF东财,SZSE,2025-11-20,1.148,1.151,1.136,1.139,1.1479999999999984,1.1509999999999985,1.1359999999999983,1.1389999999999985,0.9999999999999987,19771900.0,22585544.0,腾讯日K,2026-08-07T17:30:13,20260926T093659
159622,创新药ETF东财,SZSE,2025-11-21,1.131,1.136,1.096,1.107,1.1309999999999985,1.1359999999999983,1.0959999999999985,1.1069999999999984,0.9999999999999986,45703900.0,50813388.0,腾讯日K,2026-08-07T17:30:13,20260926T093659
159622,创新药ETF东财,SZSE,2025-11-24,1.109,1.131,1.109,1.126,1.1089999999999984,1.1309999999999985,1.1089999999999984,1.1259999999999983,0.9999999999999987,28332500.0,31794222.0,腾讯日K,2026-08-07T17:30:13,20260926T093659
159622,创新药ETF东财,SZSE,2025-11-25,1.126,1.149,1.126,1.135,1.1259999999999983,1.1489999999999985,1.1259999999999983,1.1349999999999985,0.9999999999999987,37741400.0,43023143.0,腾讯日K,2026-08-07T17:30:13,20260926T093659
159622,创新药ETF东财,SZSE,2025-11-26,1.136,1.165,1.136,1.148,1.1359999999999981,1.1649999999999983,1.1359999999999981,1.1479999999999981,0.9999999999999984,41610700.0,47988880.0,腾讯日K,2026-08-07T17:30:13,20260926T093659
159622,创新药ETF东财,SZSE,2025-11-27,1.145,1.15,1.134,1.14,1.1449999999999982,1.1499999999999981,1.1339999999999981,1.1399999999999981,0.9999999999999984,22462900.0,25652883.0,腾讯日K,2026-08-07T17:30:13,20260926T093659
159622,创新药ETF东财,SZSE,2025-11-28,1.141,1.147,1.13,1.135,1.1409999999999985,1.1469999999999985,1.1299999999999983,1.1349999999999985,0.9999999999999987,19290600.0,21891374.0,腾讯日K,2026-08-07T17:30:13,20260926T093659
159622,创新药ETF东财,SZSE,2025-12-01,1.136,1.138,1.128,1.137,1.1359999999999981,1.1379999999999981,1.1279999999999981,1.1369999999999982,0.9999999999999984,20686500.0,23428212.0,腾讯日K,2026-08-07T17:30:13,20260926T093659
159622,创新药ETF东财,SZSE,2025-12-02,1.136,1.136,1.119,1.121,1.1359999999999981,1.1359999999999981,1.1189999999999982,1.1209999999999982,0.9999999999999984,27264100.0,30628169.0,腾讯日K,2026-08-07T17:30:13,20260926T093659
159622,创新药ETF东财,SZSE,2025-12-03,1.121,1.125,1.103,1.108,1.1209999999999984,1.1249999999999984,1.1029999999999984,1.1079999999999985,0.9999999999999986,27828100.0,30920530.0,腾讯日K,2026-08-07T17:30:13,20260926T093659
159622,创新药ETF东财,SZSE,2025-12-04,1.112,1.125,1.111,1.124,1.1119999999999985,1.1249999999999984,1.1109999999999984,1.1239999999999986,0.9999999999999987,25528500.0,28547886.0,腾讯日K,2026-08-07T17:30:13,20260926T093659
159622,创新药ETF东财,SZSE,2025-12-05,1.126,1.128,1.115,1.126,1.1259999999999983,1.1279999999999983,1.1149999999999984,1.1259999999999983,0.9999999999999987,19482700.0,21865048.0,腾讯日K,2026-08-07T17:30:13,20260926T093659
159622,创新药ETF东财,SZSE,2025-12-08,1.131,1.137,1.117,1.123,1.1309999999999985,1.1369999999999985,1.1169999999999984,1.1229999999999984,0.9999999999999987,33536200.0,37682804.0,腾讯日K,2026-08-07T17:30:13,20260926T093659
159622,创新药ETF东财,SZSE,2025-12-09,1.121,1.135,1.114,1.117,1.1209999999999984,1.1349999999999985,1.1139999999999985,1.1169999999999984,0.9999999999999986,30197600.0,33980513.0,腾讯日K,2026-08-07T17:30:13,20260926T093659
159622,创新药ETF东财,SZSE,2025-12-10,1.118,1.119,1.103,1.116,1.1179999999999988,1.1189999999999987,1.1029999999999986,1.1159999999999988,0.9999999999999988,17309000.0,19216611.0,腾讯日K,2026-08-07T17:30:13,20260926T093659
159622,创新药ETF东财,SZSE,2025-12-11,1.115,1.129,1.113,1.114,1.1149999999999987,1.1289999999999987,1.1129999999999987,1.1139999999999988,0.9999999999999988,20030100.0,22460150.0,腾讯日K,2026-08-07T17:30:13,20260926T093659
159622,创新药ETF东财,SZSE,2025-12-12,1.112,1.12,1.106,1.117,1.1119999999999988,1.1199999999999988,1.1059999999999988,1.1169999999999987,0.9999999999999988,15775400.0,17561851.0,腾讯日K,2026-08-07T17:30:13,20260926T093659
159622,创新药ETF东财,SZSE,2025-12-15,1.108,1.112,1.083,1.084,1.1079999999999988,1.1119999999999988,1.0829999999999986,1.0839999999999987,0.9999999999999988,57210000.0,62572091.0,腾讯日K,2026-08-07T17:30:13,20260926T093659
159622,创新药ETF东财,SZSE,2025-12-16,1.085,1.087,1.058,1.064,1.0849999999999986,1.0869999999999986,1.0579999999999987,1.0639999999999987,0.9999999999999988,31496700.0,33584990.0,腾讯日K,2026-08-07T17:30:13,20260926T093659
159622,创新药ETF东财,SZSE,2025-12-17,1.067,1.08,1.06,1.075,1.0669999999999986,1.0799999999999987,1.0599999999999987,1.0749999999999986,0.9999999999999988,24899700.0,26684063.0,腾讯日K,2026-08-07T17:30:13,20260926T093659
159622,创新药ETF东财,SZSE,2025-12-18,1.07,1.084,1.067,1.076,1.069999999999999,1.083999999999999,1.0669999999999988,1.075999999999999,0.999999999999999,22097900.0,23787528.0,腾讯日K,2026-08-07T17:30:13,20260926T093659
159622,创新药ETF东财,SZSE,2025-12-19,1.076,1.104,1.075,1.095,1.075999999999999,1.103999999999999,1.0749999999999988,1.0949999999999989,0.999999999999999,36642600.0,40086968.0,腾讯日K,2026-08-07T17:30:13,20260926T093659
159622,创新药ETF东财,SZSE,2025-12-22,1.094,1.097,1.086,1.088,1.093999999999999,1.0969999999999989,1.085999999999999,1.087999999999999,0.999999999999999,23419900.0,25527714.0,腾讯日K,2026-08-07T17:30:13,20260926T093659
159622,创新药ETF东财,SZSE,2025-12-23,1.089,1.099,1.083,1.085,1.0889999999999989,1.0989999999999989,1.0829999999999989,1.0849999999999989,0.999999999999999,20937900.0,22832938.0,腾讯日K,2026-08-07T17:30:13,20260926T093659
159622,创新药ETF东财,SZSE,2025-12-24,1.084,1.088,1.079,1.082,1.083999999999999,1.087999999999999,1.0789999999999988,1.081999999999999,0.999999999999999,18846900.0,20382240.0,腾讯日K,2026-08-07T17:30:13,20260926T093659
159622,创新药ETF东财,SZSE,2025-12-25,1.081,1.084,1.078,1.083,1.0809999999999986,1.0839999999999987,1.0779999999999987,1.0829999999999986,0.9999999999999988,14723100.0,15919271.0,腾讯日K,2026-08-07T17:30:13,20260926T093659
159622,创新药ETF东财,SZSE,2025-12-26,1.082,1.086,1.079,1.084,1.081999999999999,1.085999999999999,1.0789999999999988,1.083999999999999,0.999999999999999,18513700.0,20064075.0,腾讯日K,2026-08-07T17:30:13,20260926T093659
159622,创新药ETF东财,SZSE,2025-12-29,1.084,1.085,1.069,1.072,1.083999999999999,1.0849999999999989,1.0689999999999988,1.071999999999999,0.999999999999999,28725800.0,30867867.0,腾讯日K,2026-08-07T17:30:13,20260926T093659
159622,创新药ETF东财,SZSE,2025-12-30,1.07,1.071,1.054,1.064,1.069999999999999,1.0709999999999988,1.053999999999999,1.063999999999999,0.999999999999999,36467100.0,38655028.0,腾讯日K,2026-08-07T17:30:13,20260926T093659
159622,创新药ETF东财,SZSE,2025-12-31,1.064,1.066,1.051,1.053,1.063999999999999,1.065999999999999,1.0509999999999988,1.0529999999999988,0.999999999999999,22405200.0,23666790.0,腾讯日K,2026-08-07T17:30:13,20260926T093659
159622,创新药ETF东财,SZSE,2026-01-05,1.054,1.11,1.054,1.11,1.0539999999999987,1.1099999999999988,1.0539999999999987,1.1099999999999988,0.9999999999999988,92987600.0,101798375.0,腾讯日K,2026-08-07T17:30:13,20260926T093659
159622,创新药ETF东财,SZSE,2026-01-06,1.11,1.116,1.1,1.116,1.1099999999999988,1.1159999999999988,1.0999999999999988,1.1159999999999988,0.9999999999999988,48934400.0,54266811.0,腾讯日K,2026-08-07T17:30:13,20260926T093659
159622,创新药ETF东财,SZSE,2026-01-07,1.115,1.147,1.113,1.144,1.1149999999999987,1.1469999999999987,1.1129999999999987,1.1439999999999986,0.9999999999999989,59536100.0,67736409.0,腾讯日K,2026-08-07T17:30:13,20260926T093659
159622,创新药ETF东财,SZSE,2026-01-08,1.148,1.164,1.144,1.149,1.1479999999999986,1.1639999999999986,1.1439999999999986,1.1489999999999987,0.9999999999999989,44605700.0,51439195.0,腾讯日K,2026-08-07T17:30:13,20260926T093659
159622,创新药ETF东财,SZSE,2026-01-09,1.149,1.162,1.136,1.162,1.148999999999999,1.1619999999999988,1.1359999999999988,1.1619999999999988,0.999999999999999,48311300.0,55654333.0,腾讯日K,2026-08-07T17:30:13,20260926T093659
159622,创新药ETF东财,SZSE,2026-01-12,1.163,1.174,1.152,1.163,1.1629999999999987,1.1739999999999986,1.1519999999999986,1.1629999999999987,0.9999999999999989,56544000.0,65578158.0,腾讯日K,2026-08-07T17:30:13,20260926T093659
159622,创新药ETF东财,SZSE,2026-01-13,1.168,1.207,1.168,1.19,1.1679999999999986,1.2069999999999987,1.1679999999999986,1.1899999999999986,0.9999999999999989,100647100.0,120136640.0,腾讯日K,2026-08-07T17:30:13,20260926T093659
159622,创新药ETF东财,SZSE,2026-01-14,1.2,1.209,1.168,1.184,1.1999999999999988,1.208999999999999,1.1679999999999988,1.1839999999999988,0.9999999999999991,81828200.0,97312587.0,腾讯日K,2026-08-07T17:30:13,20260926T093659
159622,创新药ETF东财,SZSE,2026-01-15,1.178,1.193,1.167,1.171,1.1779999999999988,1.192999999999999,1.166999999999999,1.170999999999999,0.999999999999999,42079900.0,49482233.0,腾讯日K,2026-08-07T17:30:13,20260926T093659
159622,创新药ETF东财,SZSE,2026-01-16,1.165,1.178,1.157,1.161,1.164999999999999,1.1779999999999988,1.156999999999999,1.160999999999999,0.999999999999999,37513900.0,43654951.0,腾讯日K,2026-08-07T17:30:13,20260926T093659
159622,创新药ETF东财,SZSE,2026-01-19,1.158,1.158,1.133,1.14,1.1579999999999988,1.1579999999999988,1.132999999999999,1.1399999999999988,0.999999999999999,45132600.0,51507044.0,腾讯日K,2026-08-07T17:30:13,20260926T093659
159622,创新药ETF东财,SZSE,2026-01-20,1.139,1.144,1.122,1.126,1.138999999999999,1.1439999999999988,1.121999999999999,1.1259999999999988,0.999999999999999,34909500.0,39396414.0,腾讯日K,2026-08-07T17:30:13,20260926T093659
159622,创新药ETF东财,SZSE,2026-01-21,1.126,1.138,1.12,1.125,1.1259999999999988,1.1379999999999988,1.119999999999999,1.124999999999999,0.999999999999999,34058700.0,38455546.0,腾讯日K,2026-08-07T17:30:13,20260926T093659
159622,创新药ETF东财,SZSE,2026-01-22,1.128,1.136,1.113,1.116,1.127999999999999,1.135999999999999,1.112999999999999,1.1159999999999992,0.9999999999999992,45573300.0,51062547.0,腾讯日K,2026-08-07T17:30:13,20260926T093659
159622,创新药ETF东财,SZSE,2026-01-23,1.125,1.135,1.119,1.131,1.1249999999999991,1.1349999999999991,1.118999999999999,1.1309999999999991,0.9999999999999992,45640800.0,51524633.0,腾讯日K,2026-08-07T17:30:13,20260926T093659
159622,创新药ETF东财,SZSE,2026-01-26,1.137,1.14,1.109,1.119,1.1369999999999991,1.139999999999999,1.108999999999999,1.118999999999999,0.9999999999999992,59011800.0,65941007.0,腾讯日K,2026-08-07T17:30:13,20260926T093659
159622,创新药ETF东财,SZSE,2026-01-27,1.119,1.122,1.098,1.11,1.118999999999999,1.1219999999999992,1.0979999999999992,1.1099999999999992,0.9999999999999992,37378000.0,41396860.0,腾讯日K,2026-08-07T17:30:13,20260926T093659
159622,创新药ETF东财,SZSE,2026-01-28,1.12,1.122,1.106,1.113,1.1199999999999992,1.1219999999999992,1.1059999999999992,1.112999999999999,0.9999999999999992,27083800.0,30109060.0,腾讯日K,2026-08-07T17:30:13,20260926T093659
159622,创新药ETF东财,SZSE,2026-01-29,1.113,1.119,1.104,1.116,1.1129999999999993,1.1189999999999993,1.1039999999999994,1.1159999999999994,0.9999999999999994,35100700.0,39069146.0,腾讯日K,2026-08-07T17:30:13,20260926T093659
159622,创新药ETF东财,SZSE,2026-01-30,1.118,1.124,1.094,1.095,1.1179999999999994,1.1239999999999994,1.0939999999999994,1.0949999999999993,0.9999999999999994,43361700.0,47995451.0,腾讯日K,2026-08-07T17:30:13,20260926T093659
159622,创新药ETF东财,SZSE,2026-02-02,1.087,1.089,1.057,1.059,1.0869999999999995,1.0889999999999995,1.0569999999999995,1.0589999999999995,0.9999999999999996,38177700.0,40941548.0,腾讯日K,2026-08-07T17:30:13,20260926T093659
159622,创新药ETF东财,SZSE,2026-02-03,1.061,1.079,1.057,1.079,1.0609999999999993,1.0789999999999993,1.0569999999999993,1.0789999999999993,0.9999999999999993,28242700.0,30252457.0,腾讯日K,2026-08-07T17:30:13,20260926T093659
159622,创新药ETF东财,SZSE,2026-02-04,1.073,1.092,1.063,1.092,1.0729999999999995,1.0919999999999996,1.0629999999999995,1.0919999999999996,0.9999999999999996,25506000.0,27477672.0,腾讯日K,2026-08-07T17:30:13,20260926T093659
159622,创新药ETF东财,SZSE,2026-02-05,1.087,1.098,1.08,1.088,1.0869999999999995,1.0979999999999996,1.0799999999999996,1.0879999999999996,0.9999999999999996,21691600.0,23564869.0,腾讯日K,2026-08-07T17:30:13,20260926T093659
159622,创新药ETF东财,SZSE,2026-02-06,1.085,1.098,1.075,1.09,1.0849999999999995,1.0979999999999996,1.0749999999999995,1.0899999999999996,0.9999999999999996,18671100.0,20355672.0,腾讯日K,2026-08-07T17:30:13,20260926T093659
159622,创新药ETF东财,SZSE,2026-02-09,1.093,1.108,1.093,1.102,1.0929999999999997,1.1079999999999999,1.0929999999999997,1.1019999999999999,0.9999999999999998,20642800.0,22727991.0,腾讯日K,2026-08-07T17:30:13,20260926T093659
159622,创新药ETF东财,SZSE,2026-02-10,1.103,1.14,1.102,1.129,1.1029999999999998,1.1399999999999997,1.1019999999999999,1.1289999999999998,0.9999999999999998,54614300.0,61466630.0,腾讯日K,2026-08-07T17:30:13,20260926T093659
159622,创新药ETF东财,SZSE,2026-02-11,1.136,1.14,1.128,1.13,1.1359999999999997,1.1399999999999997,1.1279999999999997,1.1299999999999997,0.9999999999999998,22118900.0,25050444.0,腾讯日K,2026-08-07T17:30:13,20260926T093659
159622,创新药ETF东财,SZSE,2026-02-12,1.13,1.142,1.125,1.125,1.1299999999999997,1.1419999999999997,1.1249999999999998,1.1249999999999998,0.9999999999999998,30668400.0,34675061.0,腾讯日K,2026-08-07T17:30:13,20260926T093659
159622,创新药ETF东财,SZSE,2026-02-13,1.121,1.125,1.109,1.11,1.1209999999999998,1.1249999999999998,1.1089999999999998,1.1099999999999999,0.9999999999999998,22835700.0,25475108.0,腾讯日K,2026-08-07T17:30:13,20260926T093659
159622,创新药ETF东财,SZSE,2026-02-24,1.125,1.13,1.101,1.107,1.1249999999999998,1.1299999999999997,1.1009999999999998,1.1069999999999998,0.9999999999999998,20702800.0,23034955.0,腾讯日K,2026-08-07T17:30:13,20260926T093659
159622,创新药ETF东财,SZSE,2026-02-25,1.108,1.112,1.101,1.109,1.1079999999999999,1.1119999999999999,1.1009999999999998,1.1089999999999998,0.9999999999999998,17576200.0,19437357.0,腾讯日K,2026-08-07T17:30:13,20260926T093659
159622,创新药ETF东财,SZSE,2026-02-26,1.107,1.107,1.074,1.08,1.107,1.107,1.074,1.08,1.0,36301300.0,39405634.0,腾讯日K,2026-08-07T17:30:13,20260926T093659
159622,创新药ETF东财,SZSE,2026-02-27,1.077,1.08,1.065,1.076,1.077,1.08,1.065,1.076,1.0,32806500.0,35215815.0,腾讯日K,2026-08-07T17:30:13,20260926T093659
159622,创新药ETF东财,SZSE,2026-03-02,1.065,1.065,1.037,1.043,1.065,1.065,1.037,1.043,1.0,46401600.0,48663305.0,腾讯日K,2026-08-07T17:30:13,20260926T093659
159622,创新药ETF东财,SZSE,2026-03-03,1.043,1.049,1.011,1.014,1.043,1.049,1.011,1.014,1.0,38923900.0,39873699.0,腾讯日K,2026-08-07T17:30:13,20260926T093659
159622,创新药ETF东财,SZSE,2026-03-04,1.01,1.017,0.989,0.993,1.0100000000000002,1.0170000000000001,0.9890000000000002,0.9930000000000001,1.0000000000000002,35309300.0,35299144.0,腾讯日K,2026-08-07T17:30:13,20260926T093659
159622,创新药ETF东财,SZSE,2026-03-05,1.006,1.024,1.001,1.009,1.006,1.024,1.001,1.009,1.0,32851100.0,33231963.0,腾讯日K,2026-08-07T17:30:13,20260926T093659
159622,创新药ETF东财,SZSE,2026-03-06,1.009,1.044,1.004,1.043,1.009,1.044,1.004,1.043,1.0,42558000.0,44041021.0,腾讯日K,2026-08-07T17:30:13,20260926T093659
159622,创新药ETF东财,SZSE,2026-03-09,1.012,1.023,0.999,1.018,1.0119999999999998,1.0229999999999997,0.9989999999999998,1.0179999999999998,0.9999999999999998,57086900.0,57572838.0,腾讯日K,2026-08-07T17:30:13,20260926T093659
159622,创新药ETF东财,SZSE,2026-03-10,1.026,1.056,1.026,1.056,1.0259999999999998,1.0559999999999998,1.0259999999999998,1.0559999999999998,0.9999999999999998,56609400.0,59401009.0,腾讯日K,2026-08-07T17:30:13,20260926T093659
159622,创新药ETF东财,SZSE,2026-03-11,1.056,1.058,1.036,1.043,1.056,1.058,1.036,1.043,1.0,32455400.0,33853932.0,腾讯日K,2026-08-07T17:30:13,20260926T093659
159622,创新药ETF东财,SZSE,2026-03-12,1.043,1.048,1.016,1.023,1.043,1.048,1.016,1.023,1.0,34340100.0,35300805.0,腾讯日K,2026-08-07T17:30:13,20260926T093659
159622,创新药ETF东财,SZSE,2026-03-13,1.018,1.025,1.008,1.012,1.018,1.025,1.008,1.012,1.0,21403500.0,21706983.0,腾讯日K,2026-08-07T17:30:13,20260926T093659
159622,创新药ETF东财,SZSE,2026-03-16,1.007,1.03,1.003,1.028,1.007,1.03,1.003,1.028,1.0,25513600.0,26071378.0,腾讯日K,2026-08-07T17:30:13,20260926T093659
159622,创新药ETF东财,SZSE,2026-03-17,1.028,1.061,1.027,1.04,1.0279999999999998,1.0609999999999997,1.0269999999999997,1.0399999999999998,0.9999999999999998,44089600.0,46207969.0,腾讯日K,2026-08-07T17:30:13,20260926T093659
159622,创新药ETF东财,SZSE,2026-03-18,1.038,1.049,1.035,1.048,1.0379999999999998,1.0489999999999997,1.0349999999999997,1.0479999999999998,0.9999999999999998,19518800.0,20339316.0,腾讯日K,2026-08-07T17:30:13,20260926T093659
159622,创新药ETF东财,SZSE,2026-03-19,1.031,1.039,1.021,1.025,1.0309999999999997,1.0389999999999997,1.0209999999999997,1.0249999999999997,0.9999999999999998,23037700.0,23707855.0,腾讯日K,2026-08-07T17:30:13,20260926T093659
159622,创新药ETF东财,SZSE,2026-03-20,1.022,1.042,1.011,1.013,1.022,1.042,1.011,1.013,1.0,21730000.0,22256394.0,腾讯日K,2026-08-07T17:30:13,20260926T093659
159622,创新药ETF东财,SZSE,2026-03-23,1.005,1.005,0.962,0.966,1.005,1.005,0.962,0.966,1.0,57826400.0,56729959.0,腾讯日K,2026-08-07T17:30:13,20260926T093659
159622,创新药ETF东财,SZSE,2026-03-24,0.978,1.006,0.978,1.006,0.9779999999999998,1.0059999999999998,0.9779999999999998,1.0059999999999998,0.9999999999999998,41723100.0,41446492.0,腾讯日K,2026-08-07T17:30:13,20260926T093659
159622,创新药ETF东财,SZSE,2026-03-25,1.009,1.019,1.005,1.013,1.009,1.019,1.005,1.013,1.0,27149500.0,27498419.0,腾讯日K,2026-08-07T17:30:13,20260926T093659
159622,创新药ETF东财,SZSE,2026-03-26,1.015,1.027,0.996,1.001,1.015,1.027,0.996,1.001,1.0,22263900.0,22497975.0,腾讯日K,2026-08-07T17:30:13,20260926T093659
159622,创新药ETF东财,SZSE,2026-03-27,0.99,1.051,0.975,1.051,0.99,1.051,0.975,1.051,1.0,66506000.0,68777032.0,腾讯日K,2026-08-07T17:30:13,20260926T093659
159622,创新药ETF东财,SZSE,2026-03-30,1.045,1.06,1.035,1.055,1.045,1.06,1.035,1.055,1.0,54302900.0,57033963.0,腾讯日K,2026-08-07T17:30:13,20260926T093659
159622,创新药ETF东财,SZSE,2026-03-31,1.056,1.076,1.049,1.055,1.056,1.076,1.049,1.055,1.0,46425700.0,49309816.0,腾讯日K,2026-08-07T17:30:13,20260926T093659
159622,创新药ETF东财,SZSE,2026-04-01,1.078,1.12,1.064,1.12,1.0779999999999998,1.1199999999999999,1.0639999999999998,1.1199999999999999,0.9999999999999998,112988400.0,123881191.0,腾讯日K,2026-08-07T17:30:13,20260926T093659
159622,创新药ETF东财,SZSE,2026-04-02,1.12,1.133,1.101,1.118,1.12,1.133,1.101,1.118,1.0,82587700.0,92210909.0,腾讯日K,2026-08-07T17:30:13,20260926T093659
159622,创新药ETF东财,SZSE,2026-04-03,1.091,1.106,1.088,1.093,1.0910000000000002,1.1060000000000003,1.0880000000000003,1.0930000000000002,1.0000000000000002,58093900.0,63674755.0,腾讯日K,2026-08-07T17:30:13,20260926T093659
159622,创新药ETF东财,SZSE,2026-04-07,1.091,1.111,1.082,1.093,1.0910000000000002,1.1110000000000002,1.0820000000000003,1.0930000000000002,1.0000000000000002,44396700.0,48652365.0,腾讯日K,2026-08-07T17:30:13,20260926T093659
159622,创新药ETF东财,SZSE,2026-04-08,1.113,1.12,1.09,1.11,1.1130000000000002,1.1200000000000003,1.0900000000000003,1.1100000000000003,1.0000000000000002,61100100.0,67537311.0,腾讯日K,2026-08-07T17:30:13,20260926T093659
159622,创新药ETF东财,SZSE,2026-04-09,1.1,1.12,1.096,1.1,1.1000000000000003,1.1200000000000003,1.0960000000000003,1.1000000000000003,1.0000000000000002,41098300.0,45504973.0,腾讯日K,2026-08-07T17:30:13,20260926T093659
159622,创新药ETF东财,SZSE,2026-04-10,1.1,1.113,1.095,1.103,1.1000000000000003,1.1130000000000002,1.0950000000000002,1.1030000000000002,1.0000000000000002,40982100.0,45249445.0,腾讯日K,2026-08-07T17:30:13,20260926T093659
159622,创新药ETF东财,SZSE,2026-04-13,1.1,1.1,1.087,1.091,1.1000000000000003,1.1000000000000003,1.0870000000000002,1.0910000000000002,1.0000000000000002,30264600.0,33037042.0,腾讯日K,2026-08-07T17:30:13,20260926T093659
159622,创新药ETF东财,SZSE,2026-04-14,1.093,1.102,1.081,1.102,1.0930000000000002,1.1020000000000003,1.0810000000000002,1.1020000000000003,1.0000000000000002,50245000.0,54828255.0,腾讯日K,2026-08-07T17:30:13,20260926T093659
159622,创新药ETF东财,SZSE,2026-04-15,1.121,1.135,1.11,1.133,1.1210000000000002,1.1350000000000002,1.1100000000000003,1.1330000000000002,1.0000000000000002,83488100.0,93830339.0,腾讯日K,2026-08-07T17:30:13,20260926T093659
159622,创新药ETF东财,SZSE,2026-04-16,1.136,1.139,1.122,1.134,1.1360000000000001,1.1390000000000002,1.1220000000000003,1.1340000000000001,1.0000000000000002,55197100.0,62417243.0,腾讯日K,2026-08-07T17:30:13,20260926T093659
159622,创新药ETF东财,SZSE,2026-04-17,1.134,1.135,1.1,1.108,1.1340000000000001,1.1350000000000002,1.1000000000000003,1.1080000000000003,1.0000000000000002,68057700.0,75683868.0,腾讯日K,2026-08-07T17:30:13,20260926T093659
159622,创新药ETF东财,SZSE,2026-04-20,1.108,1.112,1.1,1.104,1.1080000000000003,1.1120000000000003,1.1000000000000003,1.1040000000000003,1.0000000000000002,43521900.0,48056675.0,腾讯日K,2026-08-07T17:30:13,20260926T093659
159622,创新药ETF东财,SZSE,2026-04-21,1.106,1.108,1.086,1.092,1.1060000000000003,1.1080000000000003,1.0860000000000003,1.0920000000000003,1.0000000000000002,37469200.0,40997376.0,腾讯日K,2026-08-07T17:30:13,20260926T093659
159622,创新药ETF东财,SZSE,2026-04-22,1.084,1.095,1.084,1.09,1.0840000000000003,1.0950000000000002,1.0840000000000003,1.0900000000000003,1.0000000000000002,35633700.0,38758759.0,腾讯日K,2026-08-07T17:30:13,20260926T093659
159622,创新药ETF东财,SZSE,2026-04-23,1.089,1.091,1.063,1.067,1.0890000000000002,1.0910000000000002,1.0630000000000002,1.0670000000000002,1.0000000000000002,54630900.0,58669426.0,腾讯日K,2026-08-07T17:30:13,20260926T093659
159622,创新药ETF东财,SZSE,2026-04-24,1.065,1.076,1.044,1.068,1.0650000000000002,1.0760000000000003,1.0440000000000003,1.0680000000000003,1.0000000000000002,40596100.0,43031657.0,腾讯日K,2026-08-07T17:30:13,20260926T093659
159622,创新药ETF东财,SZSE,2026-04-27,1.061,1.069,1.05,1.064,1.0610000000000002,1.0690000000000002,1.0500000000000003,1.0640000000000003,1.0000000000000002,29561100.0,31373007.0,腾讯日K,2026-08-07T17:30:13,20260926T093659
159622,创新药ETF东财,SZSE,2026-04-28,1.075,1.104,1.075,1.077,1.0750000000000002,1.1040000000000003,1.0750000000000002,1.0770000000000002,1.0000000000000002,60746500.0,66215558.0,腾讯日K,2026-08-07T17:30:13,20260926T093659
159622,创新药ETF东财,SZSE,2026-04-29,1.078,1.086,1.071,1.08,1.0780000000000003,1.0860000000000003,1.0710000000000002,1.0800000000000003,1.0000000000000002,40015100.0,43101663.0,腾讯日K,2026-08-07T17:30:13,20260926T093659
159622,创新药ETF东财,SZSE,2026-04-30,1.075,1.089,1.067,1.077,1.0750000000000002,1.0890000000000002,1.0670000000000002,1.0770000000000002,1.0000000000000002,38299900.0,41231381.0,腾讯日K,2026-08-07T17:30:13,20260926T093659
159622,创新药ETF东财,SZSE,2026-05-06,1.077,1.08,1.067,1.078,1.077,1.08,1.067,1.078,1.0,56692000.0,60836193.0,腾讯日K,2026-08-07T17:30:13,20260926T093659
159622,创新药ETF东财,SZSE,2026-05-07,1.082,1.097,1.081,1.091,1.082,1.097,1.081,1.091,1.0,54329200.0,59139906.0,腾讯日K,2026-08-07T17:30:13,20260926T093659
159622,创新药ETF东财,SZSE,2026-05-08,1.09,1.09,1.065,1.069,1.09,1.09,1.065,1.069,1.0,65006500.0,69684702.0,腾讯日K,2026-08-07T17:30:13,20260926T093659
159622,创新药ETF东财,SZSE,2026-05-11,1.069,1.086,1.051,1.081,1.069,1.086,1.051,1.081,1.0,90075500.0,96338856.0,腾讯日K,2026-08-07T17:30:13,20260926T093659
159622,创新药ETF东财,SZSE,2026-05-12,1.082,1.105,1.07,1.087,1.0819999999999999,1.1049999999999998,1.0699999999999998,1.0869999999999997,0.9999999999999998,93041100.0,100912429.0,腾讯日K,2026-08-07T17:30:13,20260926T093659
159622,创新药ETF东财,SZSE,2026-05-13,1.087,1.087,1.063,1.067,1.0869999999999997,1.0869999999999997,1.0629999999999997,1.0669999999999997,0.9999999999999998,83685800.0,89384510.0,腾讯日K,2026-08-07T17:30:13,20260926T093659
159622,创新药ETF东财,SZSE,2026-05-14,1.066,1.082,1.034,1.034,1.066,1.082,1.034,1.034,1.0,98861500.0,103973369.0,腾讯日K,2026-08-07T17:30:13,20260926T093659
159622,创新药ETF东财,SZSE,2026-05-15,1.034,1.041,1.016,1.022,1.034,1.041,1.016,1.022,1.0,53797900.0,55259006.0,腾讯日K,2026-08-07T17:30:13,20260926T093659
159622,创新药ETF东财,SZSE,2026-05-18,1.02,1.02,0.999,1.005,1.0200000000000002,1.0200000000000002,0.9990000000000002,1.0050000000000001,1.0000000000000002,58189300.0,58503123.0,腾讯日K,2026-08-07T17:30:13,20260926T093659
159622,创新药ETF东财,SZSE,2026-05-19,1.0,1.021,0.998,1.006,1.0000000000000002,1.0210000000000001,0.9980000000000002,1.0060000000000002,1.0000000000000002,59355800.0,59747714.0,腾讯日K,2026-08-07T17:30:13,20260926T093659
159622,创新药ETF东财,SZSE,2026-05-20,1.005,1.011,0.995,1.005,1.0050000000000003,1.0110000000000003,0.9950000000000004,1.0050000000000003,1.0000000000000004,37812400.0,37894217.0,腾讯日K,2026-08-07T17:30:13,20260926T093659
159622,创新药ETF东财,SZSE,2026-05-21,1.008,1.033,1.007,1.017,1.0080000000000002,1.0330000000000001,1.0070000000000001,1.0170000000000001,1.0000000000000002,76757200.0,78645386.0,腾讯日K,2026-08-07T17:30:13,20260926T093659
159622,创新药ETF东财,SZSE,2026-05-22,1.021,1.028,1.005,1.012,1.0210000000000004,1.0280000000000005,1.0050000000000003,1.0120000000000005,1.0000000000000004,45080700.0,45588940.0,腾讯日K,2026-08-07T17:30:13,20260926T093659
159622,创新药ETF东财,SZSE,2026-05-25,1.01,1.01,0.998,1.002,1.0100000000000002,1.0100000000000002,0.9980000000000002,1.0020000000000002,1.0000000000000002,37759800.0,37805484.0,腾讯日K,2026-08-07T17:30:13,20260926T093659
159622,创新药ETF东财,SZSE,2026-05-26,0.998,1.008,0.987,1.003,0.9980000000000002,1.0080000000000002,0.9870000000000002,1.0030000000000001,1.0000000000000002,49885700.0,49703675.0,腾讯日K,2026-08-07T17:30:13,20260926T093659
159622,创新药ETF东财,SZSE,2026-05-27,1.001,1.002,0.981,0.995,1.0010000000000001,1.0020000000000002,0.9810000000000002,0.9950000000000002,1.0000000000000002,61793800.0,61317382.0,腾讯日K,2026-08-07T17:30:13,20260926T093659
159622,创新药ETF东财,SZSE,2026-05-28,0.995,0.998,0.962,0.968,0.9950000000000002,0.9980000000000002,0.9620000000000002,0.9680000000000002,1.0000000000000002,61670700.0,60086087.0,腾讯日K,2026-08-07T17:30:13,20260926T093659
159622,创新药ETF东财,SZSE,2026-05-29,0.97,1.005,0.963,0.998,0.9700000000000002,1.0050000000000001,0.9630000000000002,0.9980000000000001,1.0000000000000002,88107200.0,86963255.0,腾讯日K,2026-08-07T17:30:13,20260926T093659
159622,创新药ETF东财,SZSE,2026-06-01,1.001,1.018,0.976,0.984,1.001,1.018,0.976,0.984,1.0,74529800.0,74155941.0,腾讯日K,2026-08-07T17:30:13,20260926T093659
159622,创新药ETF东财,SZSE,2026-06-02,0.978,0.978,0.95,0.968,0.9780000000000002,0.9780000000000002,0.9500000000000002,0.9680000000000001,1.0000000000000002,65014800.0,62586210.0,腾讯日K,2026-08-07T17:30:13,20260926T093659
159622,创新药ETF东财,SZSE,2026-06-03,0.965,0.965,0.94,0.945,0.9650000000000002,0.9650000000000002,0.9400000000000002,0.9450000000000001,1.0000000000000002,87500600.0,82831218.0,腾讯日K,2026-08-07T17:30:13,20260926T093659
159622,创新药ETF东财,SZSE,2026-06-04,0.94,0.952,0.928,0.933,0.9400000000000002,0.9520000000000002,0.9280000000000003,0.9330000000000002,1.0000000000000002,50670000.0,47442046.0,腾讯日K,2026-08-07T17:30:13,20260926T093659
159622,创新药ETF东财,SZSE,2026-06-05,0.942,0.955,0.928,0.932,0.9420000000000002,0.9550000000000002,0.9280000000000003,0.9320000000000003,1.0000000000000002,68311000.0,64402296.0,腾讯日K,2026-08-07T17:30:13,20260926T093659
159622,创新药ETF东财,SZSE,2026-06-08,0.928,0.929,0.897,0.905,0.9280000000000003,0.9290000000000003,0.8970000000000002,0.9050000000000002,1.0000000000000002,61276300.0,55810749.0,腾讯日K,2026-08-07T17:30:13,20260926T093659
159622,创新药ETF东财,SZSE,2026-06-09,0.902,0.905,0.884,0.901,0.9020000000000002,0.9050000000000002,0.8840000000000002,0.9010000000000002,1.0000000000000002,52102200.0,46506938.0,腾讯日K,2026-08-07T17:30:13,20260926T093659
159622,创新药ETF东财,SZSE,2026-06-10,0.892,0.917,0.891,0.916,0.8920000000000002,0.9170000000000003,0.8910000000000002,0.9160000000000003,1.0000000000000002,45065300.0,40808084.0,腾讯日K,2026-08-07T17:30:13,20260926T093659
159622,创新药ETF东财,SZSE,2026-06-11,0.909,0.914,0.895,0.904,0.9090000000000003,0.9140000000000003,0.8950000000000002,0.9040000000000001,1.0000000000000002,35833700.0,32351512.0,腾讯日K,2026-08-07T17:30:13,20260926T093659
159622,创新药ETF东财,SZSE,2026-06-12,0.907,0.932,0.9,0.929,0.9070000000000003,0.9320000000000003,0.9000000000000002,0.9290000000000003,1.0000000000000002,56015600.0,51542221.0,腾讯日K,2026-08-07T17:30:13,20260926T093659
159622,创新药ETF东财,SZSE,2026-06-15,0.934,0.937,0.926,0.932,0.9340000000000005,0.9370000000000005,0.9260000000000005,0.9320000000000004,1.0000000000000004,44943200.0,41846709.0,腾讯日K,2026-08-07T17:30:13,20260926T093659
159622,创新药ETF东财,SZSE,2026-06-16,0.93,0.932,0.91,0.913,0.9300000000000005,0.9320000000000005,0.9100000000000005,0.9130000000000004,1.0000000000000004,57126400.0,52316309.0,腾讯日K,2026-08-07T17:30:13,20260926T093659
159622,创新药ETF东财,SZSE,2026-06-17,0.913,0.917,0.903,0.907,0.9130000000000005,0.9170000000000005,0.9030000000000005,0.9070000000000004,1.0000000000000004,33284800.0,30272604.0,腾讯日K,2026-08-07T17:30:13,20260926T093659
159622,创新药ETF东财,SZSE,2026-06-18,0.904,0.94,0.9,0.929,0.9040000000000005,0.9400000000000004,0.9000000000000005,0.9290000000000004,1.0000000000000004,86363100.0,80111866.0,腾讯日K,2026-08-07T17:30:13,20260926T093659
159622,创新药ETF东财,SZSE,2026-06-22,0.927,0.938,0.9,0.938,0.9270000000000005,0.9380000000000004,0.9000000000000005,0.9380000000000003,1.0000000000000004,78965500.0,72335186.0,腾讯日K,2026-08-07T17:30:13,20260926T093659
159622,创新药ETF东财,SZSE,2026-06-23,0.938,0.966,0.93,0.941,0.9380000000000004,0.9660000000000004,0.9300000000000005,0.9410000000000003,1.0000000000000004,143404200.0,136247726.0,腾讯日K,2026-08-07T17:30:13,20260926T093659
159622,创新药ETF东财,SZSE,2026-06-24,0.945,0.989,0.944,0.974,0.9450000000000004,0.9890000000000004,0.9440000000000004,0.9740000000000004,1.0000000000000004,196634400.0,191628237.0,腾讯日K,2026-08-07T17:30:13,20260926T093659
159622,创新药ETF东财,SZSE,2026-06-25,0.97,0.988,0.948,0.978,0.9700000000000004,0.9880000000000004,0.9480000000000004,0.9780000000000003,1.0000000000000004,140746500.0,136010337.0,腾讯日K,2026-08-07T17:30:13,20260926T093659
159622,创新药ETF东财,SZSE,2026-06-26,0.977,0.989,0.957,0.957,0.9770000000000004,0.9890000000000004,0.9570000000000004,0.9570000000000003,1.0000000000000004,94951100.0,92066565.0,腾讯日K,2026-08-07T17:30:13,20260926T093659
159622,创新药ETF东财,SZSE,2026-06-29,0.961,1.044,0.955,1.039,0.9610000000000004,1.0440000000000005,0.9550000000000004,1.0390000000000004,1.0000000000000004,267310400.0,271771892.0,腾讯日K,2026-08-07T17:30:13,20260926T093659
159622,创新药ETF东财,SZSE,2026-06-30,1.035,1.035,1.009,1.012,1.0350000000000004,1.0350000000000004,1.0090000000000003,1.0120000000000005,1.0000000000000004,214813200.0,218832234.0,腾讯日K,2026-08-07T17:30:13,20260926T093659
159622,创新药ETF东财,SZSE,2026-07-01,1.004,1.068,0.982,1.068,1.0040000000000004,1.0680000000000005,0.9820000000000004,1.0680000000000005,1.0000000000000004,254890900.0,261563210.0,腾讯日K,2026-08-07T17:30:13,20260926T093659
159622,创新药ETF东财,SZSE,2026-07-02,1.06,1.083,1.047,1.053,1.0600000000000005,1.0830000000000004,1.0470000000000004,1.0530000000000004,1.0000000000000004,304196400.0,323477258.0,腾讯日K,2026-08-07T17:30:13,20260926T093659
159622,创新药ETF东财,SZSE,2026-07-03,1.063,1.098,1.057,1.093,1.0630000000000002,1.0980000000000003,1.0570000000000002,1.0930000000000002,1.0000000000000002,249310100.0,268388627.0,腾讯日K,2026-08-07T17:30:13,20260926T093659
159622,创新药ETF东财,SZSE,2026-07-06,1.09,1.152,1.079,1.112,1.0900000000000003,1.1520000000000001,1.0790000000000002,1.1120000000000003,1.0000000000000002,355649400.0,399445285.0,腾讯日K,2026-08-07T17:30:13,20260926T093659
159622,创新药ETF东财,SZSE,2026-07-07,1.097,1.104,1.06,1.066,1.0970000000000004,1.1040000000000005,1.0600000000000005,1.0660000000000005,1.0000000000000004,269867900.0,291936057.0,腾讯日K,2026-08-07T17:30:13,20260926T093659
159622,创新药ETF东财,SZSE,2026-07-08,1.07,1.09,1.042,1.043,1.0700000000000005,1.0900000000000005,1.0420000000000005,1.0430000000000004,1.0000000000000004,202785500.0,215691192.0,腾讯日K,2026-08-07T17:30:13,20260926T093659
159622,创新药ETF东财,SZSE,2026-07-09,1.029,1.082,1.029,1.06,1.0290000000000001,1.0820000000000003,1.0290000000000001,1.0600000000000003,1.0000000000000002,186215900.0,196788404.0,腾讯日K,2026-08-07T17:30:13,20260926T093659
159622,创新药ETF东财,SZSE,2026-07-10,1.051,1.11,1.048,1.1,1.0510000000000002,1.1100000000000003,1.0480000000000003,1.1000000000000003,1.0000000000000002,249626500.0,270925308.0,腾讯日K,2026-08-07T17:30:13,20260926T093659
159622,创新药ETF东财,SZSE,2026-07-13,1.09,1.1,1.07,1.08,1.0900000000000003,1.1000000000000003,1.0700000000000003,1.0800000000000003,1.0000000000000002,208935000.0,226624664.0,腾讯日K,2026-08-07T17:30:13,20260926T093659
159622,创新药ETF东财,SZSE,2026-07-14,1.076,1.109,1.061,1.107,1.0760000000000003,1.1090000000000002,1.0610000000000002,1.1070000000000002,1.0000000000000002,189087900.0,206058105.0,腾讯日K,2026-08-07T17:30:13,20260926T093659
159622,创新药ETF东财,SZSE,2026-07-15,1.105,1.177,1.101,1.151,1.1050000000000002,1.1770000000000003,1.1010000000000002,1.1510000000000002,1.0000000000000002,329301500.0,378404843.0,腾讯日K,2026-08-07T17:30:13,20260926T093659
159622,创新药ETF东财,SZSE,2026-07-16,1.137,1.165,1.115,1.137,1.1370000000000002,1.1650000000000003,1.1150000000000002,1.1370000000000002,1.0000000000000002,252228200.0,287555781.0,腾讯日K,2026-08-07T17:30:13,20260926T093659
159622,创新药ETF东财,SZSE,2026-07-17,1.137,1.137,1.056,1.063,1.1370000000000002,1.1370000000000002,1.0560000000000003,1.0630000000000002,1.0000000000000002,255107600.0,276679039.0,腾讯日K,2026-08-07T17:30:13,20260926T093659
159622,创新药ETF东财,SZSE,2026-07-20,1.063,1.112,1.057,1.104,1.0630000000000004,1.1120000000000005,1.0570000000000004,1.1040000000000005,1.0000000000000004,188133300.0,205770211.0,腾讯日K,2026-08-07T17:30:13,20260926T093659
159622,创新药ETF东财,SZSE,2026-07-21,1.104,1.114,1.076,1.114,1.1040000000000003,1.1140000000000003,1.0760000000000003,1.1140000000000003,1.0000000000000002,168582800.0,184523526.0,腾讯日K,2026-08-07T17:30:13,20260926T093659
159622,创新药ETF东财,SZSE,2026-07-22,1.1,1.148,1.098,1.118,1.1000000000000003,1.1480000000000001,1.0980000000000003,1.1180000000000003,1.0000000000000002,170310000.0,191951151.0,腾讯日K,2026-08-07T17:30:13,20260926T093659
159622,创新药ETF东财,SZSE,2026-07-23,1.111,1.129,1.104,1.117,1.1110000000000002,1.1290000000000002,1.1040000000000003,1.1170000000000002,1.0000000000000002,130288100.0,145388720.0,腾讯日K,2026-08-07T17:30:13,20260926T093659
159622,创新药ETF东财,SZSE,2026-07-24,1.115,1.126,1.088,1.089,1.1150000000000004,1.1260000000000003,1.0880000000000005,1.0890000000000004,1.0000000000000004,118942000.0,131451413.0,腾讯日K,2026-08-07T17:30:13,20260926T093659
159622,创新药ETF东财,SZSE,2026-07-27,1.09,1.12,1.09,1.106,1.0900000000000005,1.1200000000000006,1.0900000000000005,1.1060000000000005,1.0000000000000004,117027800.0,129349232.0,腾讯日K,2026-08-07T17:30:13,20260926T093659
159622,创新药ETF东财,SZSE,2026-07-28,1.1,1.107,1.082,1.085,1.1000000000000005,1.1070000000000004,1.0820000000000005,1.0850000000000004,1.0000000000000004,99227100.0,108265970.0,腾讯日K,2026-08-07T17:30:13,20260926T093659
159622,创新药ETF东财,SZSE,2026-07-29,1.094,1.11,1.086,1.104,1.0940000000000005,1.1100000000000005,1.0860000000000005,1.1040000000000005,1.0000000000000004,97953900.0,107963526.0,腾讯日K,2026-08-07T17:30:13,20260926T093659
159622,创新药ETF东财,SZSE,2026-07-30,1.1,1.108,1.066,1.084,1.1000000000000005,1.1080000000000005,1.0660000000000005,1.0840000000000005,1.0000000000000004,111899500.0,121408761.0,腾讯日K,2026-08-07T17:30:13,20260926T093659
159622,创新药ETF东财,SZSE,2026-07-31,1.08,1.1,1.07,1.091,1.0800000000000005,1.1000000000000005,1.0700000000000005,1.0910000000000004,1.0000000000000004,100661300.0,109742431.0,腾讯日K,2026-08-07T17:30:13,20260926T093659
159622,创新药ETF东财,SZSE,2026-08-03,1.086,1.099,1.07,1.075,1.0860000000000005,1.0990000000000004,1.0700000000000005,1.0750000000000004,1.0000000000000004,78370300.0,84417301.0,腾讯日K,2026-08-07T17:30:13,20260926T093659
159622,创新药ETF东财,SZSE,2026-08-04,1.097,1.122,1.094,1.111,1.0970000000000004,1.1220000000000006,1.0940000000000005,1.1110000000000004,1.0000000000000004,157118600.0,174469952.0,腾讯日K,2026-08-07T17:30:13,20260926T093659
159622,创新药ETF东财,SZSE,2026-08-05,1.111,1.136,1.111,1.132,1.1110000000000002,1.1360000000000001,1.1110000000000002,1.1320000000000001,1.0000000000000002,134697600.0,151349912.0,腾讯日K,2026-08-07T17:30:13,20260926T093659
159622,创新药ETF东财,SZSE,2026-08-06,1.141,1.145,1.114,1.123,1.1410000000000002,1.1450000000000002,1.1140000000000003,1.1230000000000002,1.0000000000000002,100350700.0,112874963.0,腾讯日K,2026-08-07T17:30:13,20260926T093659
159622,创新药ETF东财,SZSE,2026-08-07,1.123,1.191,1.12,1.19,1.123,1.191,1.12,1.19,1.0,227045900.0,264460000.0,腾讯日K,2026-08-07T17:30:13,20260926T093659
159622,创新药ETF东财,SZSE,2026-08-10,1.212,1.243,1.196,1.211,1.212,1.243,1.196,1.211,1.0,264207600.0,321497928.611,腾讯日K/前复权日K,2026-08-12T15:11:07+08:00,20260926T093659
159622,创新药ETF东财,SZSE,2026-08-11,1.2,1.244,1.2,1.213,1.2,1.244,1.2,1.213,1.0,185986100.0,228044781.425,腾讯日K/前复权日K,2026-08-12T15:11:07+08:00,20260926T093659
159622,创新药ETF东财,SZSE,2026-08-12,1.204,1.227,1.196,1.206,1.204,1.227,1.196,1.206,1.0,115052600.0,138869565.89,腾讯日K/前复权日K,2026-08-16T10:57:23+08:00,20260926T093659
159622,创新药ETF东财,SZSE,2026-08-13,1.203,1.24,1.19,1.217,1.203,1.24,1.19,1.217,1.0,149440900.0,182029407.935,腾讯日K/前复权日K,2026-08-16T10:57:23+08:00,20260926T093659
159622,创新药ETF东财,SZSE,2026-08-14,1.214,1.219,1.184,1.197,1.214,1.219,1.184,1.197,1.0,129854200.0,155672862.302,腾讯日K/前复权日K,2026-08-16T10:57:23+08:00,20260926T093659
159622,创新药ETF东财,SZSE,2026-08-17,1.19,1.224,1.18,1.212,1.19,1.224,1.18,1.212,1.0,118822200.0,143263344.075,腾讯日K/前复权日K,2026-08-24T09:33:57+08:00,20260926T093659
159622,创新药ETF东财,SZSE,2026-08-18,1.203,1.223,1.196,1.217,1.203,1.223,1.196,1.217,1.0,82454300.0,99908902.995,腾讯日K/前复权日K,2026-08-24T09:33:57+08:00,20260926T093659
159622,创新药ETF东财,SZSE,2026-08-19,1.214,1.234,1.196,1.205,1.214,1.234,1.196,1.205,1.0,133567300.0,161922489.5,腾讯日K/前复权日K,2026-08-24T09:33:57+08:00,20260926T093659
159622,创新药ETF东财,SZSE,2026-08-20,1.248,1.277,1.231,1.25,1.248,1.277,1.231,1.25,1.0,195057400.0,245051378.976,腾讯日K/前复权日K,2026-08-24T09:33:57+08:00,20260926T093659
159622,创新药ETF东财,SZSE,2026-08-21,1.21,1.234,1.206,1.221,1.21,1.234,1.206,1.221,1.0,127512000.0,155246897.0,腾讯日K/前复权日K,2026-08-24T09:33:57+08:00,20260926T093659
159622,创新药ETF东财,SZSE,2026-08-24,1.21,1.226,1.168,1.174,1.21,1.226,1.168,1.174,1.0,133112100.0,157537236.5,腾讯日K/前复权日K,2026-08-28T08:35:12+08:00,20260926T093659
159622,创新药ETF东财,SZSE,2026-08-25,1.162,1.204,1.162,1.201,1.162,1.204,1.162,1.201,1.0,94408200.0,112160765.7,腾讯日K/前复权日K,2026-08-28T08:35:12+08:00,20260926T093659
159622,创新药ETF东财,SZSE,2026-08-26,1.212,1.235,1.208,1.217,1.212,1.235,1.208,1.217,1.0,105907000.0,129430365.7,腾讯日K/前复权日K,2026-08-28T08:35:12+08:00,20260926T093659
159622,创新药ETF东财,SZSE,2026-08-27,1.22,1.223,1.189,1.223,1.22,1.223,1.189,1.223,1.0,87597600.0,105824616.977,腾讯日K/前复权日K,2026-08-28T08:35:12+08:00,20260926T093659
159622,创新药ETF东财,SZSE,2026-08-28,1.224,1.224,1.203,1.207,1.224,1.224,1.203,1.207,1.0,58845800.0,71240109.442,腾讯日K/前复权日K,2026-08-28T20:24:50+08:00,20260926T093659
159622,创新药ETF东财,SZSE,2026-08-31,1.195,1.195,1.162,1.177,1.195,1.195,1.162,1.177,1.0,101988400.0,119623762.35,腾讯日K/前复权日K,2026-09-05T10:35:53+08:00,20260926T093659
159622,创新药ETF东财,SZSE,2026-09-01,1.176,1.179,1.161,1.175,1.176,1.179,1.161,1.175,1.0,56266200.0,65854758.5,腾讯日K/前复权日K,2026-09-05T10:35:53+08:00,20260926T093659
159622,创新药ETF东财,SZSE,2026-09-02,1.176,1.182,1.157,1.172,1.176,1.182,1.157,1.172,1.0,49548200.0,58038392.8,腾讯日K/前复权日K,2026-09-05T10:35:53+08:00,20260926T093659
159622,创新药ETF东财,SZSE,2026-09-03,1.18,1.192,1.172,1.192,1.18,1.192,1.172,1.192,1.0,72783900.0,86104633.128,腾讯日K/前复权日K,2026-09-05T10:35:53+08:00,20260926T093659
159622,创新药ETF东财,SZSE,2026-09-04,1.193,1.199,1.178,1.185,1.193,1.199,1.178,1.185,1.0,56591700.0,67165572.3,腾讯日K/前复权日K,2026-09-05T10:35:53+08:00,20260926T093659
159622,创新药ETF东财,SZSE,2026-09-07,1.18,1.184,1.17,1.175,1.18,1.184,1.17,1.175,1.0,53819400.0,63226969.0,腾讯日K/前复权日K,2026-09-12T10:09:37+08:00,20260926T093659
159622,创新药ETF东财,SZSE,2026-09-08,1.17,1.185,1.159,1.18,1.17,1.185,1.159,1.18,1.0,66429300.0,77760368.0,腾讯日K/前复权日K,2026-09-12T10:09:37+08:00,20260926T093659
159622,创新药ETF东财,SZSE,2026-09-09,1.174,1.178,1.156,1.159,1.174,1.178,1.156,1.159,1.0,52230700.0,60779126.034,腾讯日K/前复权日K,2026-09-12T10:09:37+08:00,20260926T093659
159622,创新药ETF东财,SZSE,2026-09-10,1.152,1.158,1.135,1.138,1.152,1.158,1.135,1.138,1.0,68945300.0,78620810.0,腾讯日K/前复权日K,2026-09-12T10:09:37+08:00,20260926T093659
159622,创新药ETF东财,SZSE,2026-09-11,1.13,1.13,1.107,1.116,1.13,1.13,1.107,1.116,1.0,67629100.0,75372989.0,腾讯日K/前复权日K,2026-09-12T10:09:37+08:00,20260926T093659
159622,创新药ETF东财,SZSE,2026-09-14,1.111,1.159,1.109,1.159,1.111,1.159,1.109,1.159,1.0,87478800.0,99868708.151,腾讯日K/前复权日K,2026-09-18T18:31:56+08:00,20260926T093659
159622,创新药ETF东财,SZSE,2026-09-15,1.158,1.163,1.146,1.149,1.158,1.163,1.146,1.149,1.0,42966700.0,49510219.4,腾讯日K/前复权日K,2026-09-18T18:31:56+08:00,20260926T093659
159622,创新药ETF东财,SZSE,2026-09-16,1.144,1.163,1.143,1.151,1.144,1.163,1.143,1.151,1.0,42460500.0,48845466.641,腾讯日K/前复权日K,2026-09-18T18:31:56+08:00,20260926T093659
159622,创新药ETF东财,SZSE,2026-09-17,1.141,1.17,1.14,1.163,1.141,1.17,1.14,1.163,1.0,55698100.0,64728530.7,腾讯日K/前复权日K,2026-09-18T18:31:56+08:00,20260926T093659
159622,创新药ETF东财,SZSE,2026-09-18,1.165,1.191,1.165,1.172,1.165,1.191,1.165,1.172,1.0,62708000.0,73707528.346,腾讯日K/前复权日K,2026-09-18T18:31:56+08:00,20260926T093659
159622,创新药ETF东财,SZSE,2026-09-21,1.182,1.225,1.182,1.225,1.182,1.225,1.182,1.225,1.0,111933000.0,135814616.118,腾讯日K/前复权日K,2026-09-26T09:36:59+08:00,20260926T093659
159622,创新药ETF东财,SZSE,2026-09-22,1.227,1.24,1.21,1.219,1.227,1.24,1.21,1.219,1.0,77815800.0,95050472.844,腾讯日K/前复权日K,2026-09-26T09:36:59+08:00,20260926T093659
159622,创新药ETF东财,SZSE,2026-09-23,1.219,1.233,1.215,1.222,1.219,1.233,1.215,1.222,1.0,47375400.0,57996429.9,腾讯日K/前复权日K,2026-09-26T09:36:59+08:00,20260926T093659
159622,创新药ETF东财,SZSE,2026-09-24,1.211,1.218,1.185,1.186,1.211,1.218,1.185,1.186,1.0,56053200.0,67051445.492,腾讯日K/前复权日K,2026-09-26T09:36:59+08:00,20260926T093659
