code,name,exchange,date,raw_open,raw_high,raw_low,raw_close,adj_open,adj_high,adj_low,adj_close,adj_factor,volume,amount,source,source_timestamp,run_id
159611,电力ETF广发,SZSE,2022-01-07,0.966,0.971,0.947,0.948,0.966,0.971,0.947,0.948,1.0,101544200.0,97445827.0,腾讯日K/前复权日K,2026-09-19T10:42:50+08:00,20260926T093659
159611,电力ETF广发,SZSE,2022-01-10,0.94,0.944,0.933,0.939,0.94,0.944,0.933,0.939,1.0,59772700.0,56112170.0,腾讯日K/前复权日K,2026-09-19T10:42:50+08:00,20260926T093659
159611,电力ETF广发,SZSE,2022-01-11,0.939,0.959,0.938,0.944,0.939,0.959,0.938,0.944,1.0,85592200.0,81177992.0,腾讯日K/前复权日K,2026-09-19T10:42:50+08:00,20260926T093659
159611,电力ETF广发,SZSE,2022-01-12,0.943,0.95,0.935,0.946,0.943,0.95,0.935,0.946,1.0,59528200.0,56024964.0,腾讯日K/前复权日K,2026-09-19T10:42:50+08:00,20260926T093659
159611,电力ETF广发,SZSE,2022-01-13,0.947,0.947,0.931,0.936,0.947,0.947,0.931,0.936,1.0,59685400.0,55849940.0,腾讯日K/前复权日K,2026-09-19T10:42:50+08:00,20260926T093659
159611,电力ETF广发,SZSE,2022-01-14,0.927,0.941,0.923,0.928,0.927,0.941,0.923,0.928,1.0,46823100.0,43641540.0,腾讯日K/前复权日K,2026-09-19T10:42:50+08:00,20260926T093659
159611,电力ETF广发,SZSE,2022-01-17,0.929,0.936,0.923,0.932,0.929,0.936,0.923,0.932,1.0,32483900.0,30276005.0,腾讯日K/前复权日K,2026-09-19T10:42:50+08:00,20260926T093659
159611,电力ETF广发,SZSE,2022-01-18,0.931,0.96,0.924,0.954,0.931,0.96,0.924,0.954,1.0,98503900.0,93323190.0,腾讯日K/前复权日K,2026-09-19T10:42:50+08:00,20260926T093659
159611,电力ETF广发,SZSE,2022-01-19,0.954,0.954,0.938,0.944,0.954,0.954,0.938,0.944,1.0,72136400.0,68077142.0,腾讯日K/前复权日K,2026-09-19T10:42:50+08:00,20260926T093659
159611,电力ETF广发,SZSE,2022-01-20,0.944,0.956,0.931,0.944,0.944,0.956,0.931,0.944,1.0,92091700.0,86988753.0,腾讯日K/前复权日K,2026-09-19T10:42:50+08:00,20260926T093659
159611,电力ETF广发,SZSE,2022-01-21,0.939,0.957,0.932,0.932,0.939,0.957,0.932,0.932,1.0,89724800.0,84756948.0,腾讯日K/前复权日K,2026-09-19T10:42:50+08:00,20260926T093659
159611,电力ETF广发,SZSE,2022-01-24,0.928,0.936,0.921,0.932,0.928,0.936,0.921,0.932,1.0,48875800.0,45376791.0,腾讯日K/前复权日K,2026-09-19T10:42:50+08:00,20260926T093659
159611,电力ETF广发,SZSE,2022-01-25,0.93,0.93,0.89,0.89,0.93,0.93,0.89,0.89,1.0,96118300.0,87333046.0,腾讯日K/前复权日K,2026-09-19T10:42:50+08:00,20260926T093659
159611,电力ETF广发,SZSE,2022-01-26,0.896,0.913,0.893,0.904,0.896,0.913,0.893,0.904,1.0,60905800.0,55109908.0,腾讯日K/前复权日K,2026-09-19T10:42:50+08:00,20260926T093659
159611,电力ETF广发,SZSE,2022-01-27,0.906,0.906,0.888,0.889,0.906,0.906,0.888,0.889,1.0,48800300.0,43719224.0,腾讯日K/前复权日K,2026-09-19T10:42:50+08:00,20260926T093659
159611,电力ETF广发,SZSE,2022-01-28,0.894,0.897,0.872,0.883,0.894,0.897,0.872,0.883,1.0,61393000.0,54324126.0,腾讯日K/前复权日K,2026-09-19T10:42:50+08:00,20260926T093659
159611,电力ETF广发,SZSE,2022-02-07,0.891,0.907,0.89,0.907,0.891,0.907,0.89,0.907,1.0,57898700.0,52162966.0,腾讯日K/前复权日K,2026-09-19T10:42:50+08:00,20260926T093659
159611,电力ETF广发,SZSE,2022-02-08,0.907,0.93,0.899,0.929,0.907,0.93,0.899,0.929,1.0,76635200.0,70149644.0,腾讯日K/前复权日K,2026-09-19T10:42:50+08:00,20260926T093659
159611,电力ETF广发,SZSE,2022-02-09,0.93,0.952,0.923,0.946,0.93,0.952,0.923,0.946,1.0,103950300.0,97840247.0,腾讯日K/前复权日K,2026-09-19T10:42:50+08:00,20260926T093659
159611,电力ETF广发,SZSE,2022-02-10,0.948,0.957,0.942,0.952,0.948,0.957,0.942,0.952,1.0,87570300.0,83146976.0,腾讯日K/前复权日K,2026-09-19T10:42:50+08:00,20260926T093659
159611,电力ETF广发,SZSE,2022-02-11,0.95,0.956,0.937,0.94,0.95,0.956,0.937,0.94,1.0,56144200.0,53103661.0,腾讯日K/前复权日K,2026-09-19T10:42:50+08:00,20260926T093659
159611,电力ETF广发,SZSE,2022-02-14,0.935,0.935,0.91,0.915,0.935,0.935,0.91,0.915,1.0,72510700.0,66692174.0,腾讯日K/前复权日K,2026-09-19T10:42:50+08:00,20260926T093659
159611,电力ETF广发,SZSE,2022-02-15,0.919,0.919,0.907,0.915,0.919,0.919,0.907,0.915,1.0,56461900.0,51497628.0,腾讯日K/前复权日K,2026-09-19T10:42:50+08:00,20260926T093659
159611,电力ETF广发,SZSE,2022-02-16,0.919,0.925,0.911,0.914,0.919,0.925,0.911,0.914,1.0,60992200.0,56028120.0,腾讯日K/前复权日K,2026-09-19T10:42:50+08:00,20260926T093659
159611,电力ETF广发,SZSE,2022-02-17,0.912,0.921,0.907,0.918,0.912,0.921,0.907,0.918,1.0,60338800.0,55203907.0,腾讯日K/前复权日K,2026-09-19T10:42:50+08:00,20260926T093659
159611,电力ETF广发,SZSE,2022-02-18,0.908,0.925,0.907,0.918,0.908,0.925,0.907,0.918,1.0,56764500.0,51957500.0,腾讯日K/前复权日K,2026-09-19T10:42:50+08:00,20260926T093659
159611,电力ETF广发,SZSE,2022-02-21,0.922,0.922,0.91,0.918,0.922,0.922,0.91,0.918,1.0,58463600.0,53483509.0,腾讯日K/前复权日K,2026-09-19T10:42:50+08:00,20260926T093659
159611,电力ETF广发,SZSE,2022-02-22,0.908,0.913,0.899,0.905,0.908,0.913,0.899,0.905,1.0,71801100.0,64957186.0,腾讯日K/前复权日K,2026-09-19T10:42:50+08:00,20260926T093659
159611,电力ETF广发,SZSE,2022-02-23,0.905,0.912,0.905,0.912,0.905,0.912,0.905,0.912,1.0,53151000.0,48293883.0,腾讯日K/前复权日K,2026-09-19T10:42:50+08:00,20260926T093659
159611,电力ETF广发,SZSE,2022-02-24,0.907,0.931,0.894,0.905,0.907,0.931,0.894,0.905,1.0,142952200.0,130876006.0,腾讯日K/前复权日K,2026-09-19T10:42:50+08:00,20260926T093659
159611,电力ETF广发,SZSE,2022-02-25,0.908,0.938,0.908,0.938,0.908,0.938,0.908,0.938,1.0,139693400.0,128990577.0,腾讯日K/前复权日K,2026-09-19T10:42:50+08:00,20260926T093659
159611,电力ETF广发,SZSE,2022-02-28,0.93,0.949,0.926,0.941,0.93,0.949,0.926,0.941,1.0,106320600.0,99558591.0,腾讯日K/前复权日K,2026-09-19T10:42:50+08:00,20260926T093659
159611,电力ETF广发,SZSE,2022-03-01,0.944,0.951,0.937,0.942,0.944,0.951,0.937,0.942,1.0,77994800.0,73557041.0,腾讯日K/前复权日K,2026-09-19T10:42:50+08:00,20260926T093659
159611,电力ETF广发,SZSE,2022-03-02,0.932,0.944,0.931,0.939,0.932,0.944,0.931,0.939,1.0,61982700.0,58071896.0,腾讯日K/前复权日K,2026-09-19T10:42:50+08:00,20260926T093659
159611,电力ETF广发,SZSE,2022-03-03,0.944,0.957,0.942,0.952,0.944,0.957,0.942,0.952,1.0,95595000.0,90969146.0,腾讯日K/前复权日K,2026-09-19T10:42:50+08:00,20260926T093659
159611,电力ETF广发,SZSE,2022-03-04,0.942,0.959,0.934,0.949,0.942,0.959,0.934,0.949,1.0,117880000.0,111534249.0,腾讯日K/前复权日K,2026-09-19T10:42:50+08:00,20260926T093659
159611,电力ETF广发,SZSE,2022-03-07,0.943,0.963,0.934,0.938,0.943,0.963,0.934,0.938,1.0,95911800.0,90965730.0,腾讯日K/前复权日K,2026-09-19T10:42:50+08:00,20260926T093659
159611,电力ETF广发,SZSE,2022-03-08,0.933,0.937,0.9,0.905,0.933,0.937,0.9,0.905,1.0,110898600.0,101898508.0,腾讯日K/前复权日K,2026-09-19T10:42:50+08:00,20260926T093659
159611,电力ETF广发,SZSE,2022-03-09,0.91,0.932,0.883,0.919,0.91,0.932,0.883,0.919,1.0,124687300.0,113724441.0,腾讯日K/前复权日K,2026-09-19T10:42:50+08:00,20260926T093659
159611,电力ETF广发,SZSE,2022-03-10,0.932,0.948,0.915,0.94,0.932,0.948,0.915,0.94,1.0,141193500.0,131843515.0,腾讯日K/前复权日K,2026-09-19T10:42:50+08:00,20260926T093659
159611,电力ETF广发,SZSE,2022-03-11,0.921,0.925,0.897,0.92,0.921,0.925,0.897,0.92,1.0,116540800.0,106315564.0,腾讯日K/前复权日K,2026-09-19T10:42:50+08:00,20260926T093659
159611,电力ETF广发,SZSE,2022-03-14,0.907,0.911,0.888,0.889,0.907,0.911,0.888,0.889,1.0,73694900.0,66337636.0,腾讯日K/前复权日K,2026-09-19T10:42:50+08:00,20260926T093659
159611,电力ETF广发,SZSE,2022-03-15,0.889,0.889,0.82,0.826,0.889,0.889,0.82,0.826,1.0,137759400.0,117370689.0,腾讯日K/前复权日K,2026-09-19T10:42:50+08:00,20260926T093659
159611,电力ETF广发,SZSE,2022-03-16,0.837,0.863,0.816,0.861,0.837,0.863,0.816,0.861,1.0,140063800.0,117902999.0,腾讯日K/前复权日K,2026-09-19T10:42:50+08:00,20260926T093659
159611,电力ETF广发,SZSE,2022-03-17,0.867,0.875,0.858,0.86,0.867,0.875,0.858,0.86,1.0,110176300.0,95479722.0,腾讯日K/前复权日K,2026-09-19T10:42:50+08:00,20260926T093659
159611,电力ETF广发,SZSE,2022-03-18,0.861,0.883,0.852,0.88,0.861,0.883,0.852,0.88,1.0,107385900.0,93914892.0,腾讯日K/前复权日K,2026-09-19T10:42:50+08:00,20260926T093659
159611,电力ETF广发,SZSE,2022-03-21,0.876,0.88,0.864,0.875,0.876,0.88,0.864,0.875,1.0,91392400.0,79791899.0,腾讯日K/前复权日K,2026-09-19T10:42:50+08:00,20260926T093659
159611,电力ETF广发,SZSE,2022-03-22,0.873,0.88,0.865,0.877,0.873,0.88,0.865,0.877,1.0,55330200.0,48187960.0,腾讯日K/前复权日K,2026-09-19T10:42:50+08:00,20260926T093659
159611,电力ETF广发,SZSE,2022-03-23,0.885,0.89,0.873,0.875,0.885,0.89,0.873,0.875,1.0,60606000.0,53327916.0,腾讯日K/前复权日K,2026-09-19T10:42:50+08:00,20260926T093659
159611,电力ETF广发,SZSE,2022-03-24,0.865,0.871,0.857,0.858,0.865,0.871,0.857,0.858,1.0,57705600.0,49721122.0,腾讯日K/前复权日K,2026-09-19T10:42:50+08:00,20260926T093659
159611,电力ETF广发,SZSE,2022-03-25,0.857,0.858,0.841,0.844,0.857,0.858,0.841,0.844,1.0,57635300.0,48992160.0,腾讯日K/前复权日K,2026-09-19T10:42:50+08:00,20260926T093659
159611,电力ETF广发,SZSE,2022-03-28,0.842,0.853,0.83,0.853,0.842,0.853,0.83,0.853,1.0,51550300.0,43360525.0,腾讯日K/前复权日K,2026-09-19T10:42:50+08:00,20260926T093659
159611,电力ETF广发,SZSE,2022-03-29,0.853,0.863,0.85,0.851,0.853,0.863,0.85,0.851,1.0,79283100.0,67800727.0,腾讯日K/前复权日K,2026-09-19T10:42:50+08:00,20260926T093659
159611,电力ETF广发,SZSE,2022-03-30,0.855,0.863,0.854,0.863,0.855,0.863,0.854,0.863,1.0,60865200.0,52298195.0,腾讯日K/前复权日K,2026-09-19T10:42:50+08:00,20260926T093659
159611,电力ETF广发,SZSE,2022-03-31,0.863,0.864,0.852,0.853,0.863,0.864,0.852,0.853,1.0,64993300.0,55603091.0,腾讯日K/前复权日K,2026-09-19T10:42:50+08:00,20260926T093659
159611,电力ETF广发,SZSE,2022-04-01,0.84,0.86,0.837,0.858,0.84,0.86,0.837,0.858,1.0,57812700.0,49234978.0,腾讯日K/前复权日K,2026-09-19T10:42:50+08:00,20260926T093659
159611,电力ETF广发,SZSE,2022-04-06,0.851,0.865,0.85,0.865,0.851,0.865,0.85,0.865,1.0,48782100.0,41826188.0,腾讯日K/前复权日K,2026-09-19T10:42:50+08:00,20260926T093659
159611,电力ETF广发,SZSE,2022-04-07,0.863,0.864,0.85,0.851,0.863,0.864,0.85,0.851,1.0,48546400.0,41687505.0,腾讯日K/前复权日K,2026-09-19T10:42:50+08:00,20260926T093659
159611,电力ETF广发,SZSE,2022-04-08,0.849,0.856,0.842,0.85,0.849,0.856,0.842,0.85,1.0,54992000.0,46723481.0,腾讯日K/前复权日K,2026-09-19T10:42:50+08:00,20260926T093659
159611,电力ETF广发,SZSE,2022-04-11,0.851,0.853,0.821,0.83,0.851,0.853,0.821,0.83,1.0,66622800.0,55802009.0,腾讯日K/前复权日K,2026-09-19T10:42:50+08:00,20260926T093659
159611,电力ETF广发,SZSE,2022-04-12,0.825,0.834,0.813,0.834,0.825,0.834,0.813,0.834,1.0,74980800.0,61651848.0,腾讯日K/前复权日K,2026-09-19T10:42:50+08:00,20260926T093659
159611,电力ETF广发,SZSE,2022-04-13,0.829,0.831,0.818,0.822,0.829,0.831,0.818,0.822,1.0,42309500.0,34849209.0,腾讯日K/前复权日K,2026-09-19T10:42:50+08:00,20260926T093659
159611,电力ETF广发,SZSE,2022-04-14,0.823,0.826,0.815,0.816,0.823,0.826,0.815,0.816,1.0,56952600.0,46715340.0,腾讯日K/前复权日K,2026-09-19T10:42:50+08:00,20260926T093659
159611,电力ETF广发,SZSE,2022-04-15,0.813,0.83,0.807,0.825,0.813,0.83,0.807,0.825,1.0,75781300.0,62141544.0,腾讯日K/前复权日K,2026-09-19T10:42:50+08:00,20260926T093659
159611,电力ETF广发,SZSE,2022-04-18,0.823,0.832,0.811,0.828,0.823,0.832,0.811,0.828,1.0,50435800.0,41364308.0,腾讯日K/前复权日K,2026-09-19T10:42:50+08:00,20260926T093659
159611,电力ETF广发,SZSE,2022-04-19,0.823,0.843,0.823,0.839,0.823,0.843,0.823,0.839,1.0,62894900.0,52653544.0,腾讯日K/前复权日K,2026-09-19T10:42:50+08:00,20260926T093659
159611,电力ETF广发,SZSE,2022-04-20,0.839,0.843,0.824,0.827,0.839,0.843,0.824,0.827,1.0,53658200.0,44828771.0,腾讯日K/前复权日K,2026-09-19T10:42:50+08:00,20260926T093659
159611,电力ETF广发,SZSE,2022-04-21,0.83,0.83,0.802,0.804,0.83,0.83,0.802,0.804,1.0,62947500.0,51364216.0,腾讯日K/前复权日K,2026-09-19T10:42:50+08:00,20260926T093659
159611,电力ETF广发,SZSE,2022-04-22,0.795,0.833,0.792,0.829,0.795,0.833,0.792,0.829,1.0,86913600.0,70811939.0,腾讯日K/前复权日K,2026-09-19T10:42:50+08:00,20260926T093659
159611,电力ETF广发,SZSE,2022-04-25,0.812,0.828,0.795,0.796,0.812,0.828,0.795,0.796,1.0,90075800.0,73355019.0,腾讯日K/前复权日K,2026-09-19T10:42:50+08:00,20260926T093659
159611,电力ETF广发,SZSE,2022-04-26,0.793,0.801,0.774,0.775,0.793,0.801,0.774,0.775,1.0,92128900.0,72571624.0,腾讯日K/前复权日K,2026-09-19T10:42:50+08:00,20260926T093659
159611,电力ETF广发,SZSE,2022-04-27,0.761,0.8,0.761,0.8,0.761,0.8,0.761,0.8,1.0,80492700.0,62863201.0,腾讯日K/前复权日K,2026-09-19T10:42:50+08:00,20260926T093659
159611,电力ETF广发,SZSE,2022-04-28,0.794,0.814,0.794,0.805,0.794,0.814,0.794,0.805,1.0,78881200.0,63391229.0,腾讯日K/前复权日K,2026-09-19T10:42:50+08:00,20260926T093659
159611,电力ETF广发,SZSE,2022-04-29,0.826,0.826,0.801,0.821,0.826,0.826,0.801,0.821,1.0,87403500.0,71018575.0,腾讯日K/前复权日K,2026-09-19T10:42:50+08:00,20260926T093659
159611,电力ETF广发,SZSE,2022-05-05,0.82,0.831,0.814,0.826,0.82,0.831,0.814,0.826,1.0,72132900.0,59405533.0,腾讯日K/前复权日K,2026-09-19T10:42:50+08:00,20260926T093659
159611,电力ETF广发,SZSE,2022-05-06,0.807,0.814,0.8,0.801,0.807,0.814,0.8,0.801,1.0,66267200.0,53471644.0,腾讯日K/前复权日K,2026-09-19T10:42:50+08:00,20260926T093659
159611,电力ETF广发,SZSE,2022-05-09,0.801,0.815,0.797,0.812,0.801,0.815,0.797,0.812,1.0,53918900.0,43734753.0,腾讯日K/前复权日K,2026-09-19T10:42:50+08:00,20260926T093659
159611,电力ETF广发,SZSE,2022-05-10,0.801,0.836,0.798,0.834,0.801,0.836,0.798,0.834,1.0,86067500.0,70902027.0,腾讯日K/前复权日K,2026-09-19T10:42:50+08:00,20260926T093659
159611,电力ETF广发,SZSE,2022-05-11,0.834,0.845,0.83,0.832,0.834,0.845,0.83,0.832,1.0,69547200.0,58276205.0,腾讯日K/前复权日K,2026-09-19T10:42:50+08:00,20260926T093659
159611,电力ETF广发,SZSE,2022-05-12,0.839,0.852,0.826,0.835,0.839,0.852,0.826,0.835,1.0,89690500.0,75430066.0,腾讯日K/前复权日K,2026-09-19T10:42:50+08:00,20260926T093659
159611,电力ETF广发,SZSE,2022-05-13,0.835,0.848,0.833,0.846,0.835,0.848,0.833,0.846,1.0,61596400.0,51850345.0,腾讯日K/前复权日K,2026-09-19T10:42:50+08:00,20260926T093659
159611,电力ETF广发,SZSE,2022-05-16,0.84,0.848,0.835,0.84,0.84,0.848,0.835,0.84,1.0,52379000.0,43961752.0,腾讯日K/前复权日K,2026-09-19T10:42:50+08:00,20260926T093659
159611,电力ETF广发,SZSE,2022-05-17,0.835,0.841,0.828,0.836,0.835,0.841,0.828,0.836,1.0,45143300.0,37568782.0,腾讯日K/前复权日K,2026-09-19T10:42:50+08:00,20260926T093659
159611,电力ETF广发,SZSE,2022-05-18,0.83,0.848,0.83,0.841,0.83,0.848,0.83,0.841,1.0,50573000.0,42443315.0,腾讯日K/前复权日K,2026-09-19T10:42:50+08:00,20260926T093659
159611,电力ETF广发,SZSE,2022-05-19,0.828,0.853,0.827,0.851,0.828,0.853,0.827,0.851,1.0,56608800.0,47657231.0,腾讯日K/前复权日K,2026-09-19T10:42:50+08:00,20260926T093659
159611,电力ETF广发,SZSE,2022-05-20,0.853,0.868,0.852,0.863,0.853,0.868,0.852,0.863,1.0,68218200.0,58761305.0,腾讯日K/前复权日K,2026-09-19T10:42:50+08:00,20260926T093659
159611,电力ETF广发,SZSE,2022-05-23,0.865,0.865,0.849,0.856,0.865,0.865,0.849,0.856,1.0,34326900.0,29331285.0,腾讯日K/前复权日K,2026-09-19T10:42:50+08:00,20260926T093659
159611,电力ETF广发,SZSE,2022-05-24,0.858,0.861,0.832,0.836,0.858,0.861,0.832,0.836,1.0,49082300.0,41681326.0,腾讯日K/前复权日K,2026-09-19T10:42:50+08:00,20260926T093659
159611,电力ETF广发,SZSE,2022-05-25,0.831,0.862,0.83,0.862,0.831,0.862,0.83,0.862,1.0,76085500.0,64524616.0,腾讯日K/前复权日K,2026-09-19T10:42:50+08:00,20260926T093659
159611,电力ETF广发,SZSE,2022-05-26,0.864,0.87,0.854,0.865,0.864,0.87,0.854,0.865,1.0,74149300.0,64064888.0,腾讯日K/前复权日K,2026-09-19T10:42:50+08:00,20260926T093659
159611,电力ETF广发,SZSE,2022-05-27,0.859,0.869,0.855,0.862,0.859,0.869,0.855,0.862,1.0,59136800.0,50958734.0,腾讯日K/前复权日K,2026-09-19T10:42:50+08:00,20260926T093659
159611,电力ETF广发,SZSE,2022-05-30,0.86,0.867,0.858,0.867,0.86,0.867,0.858,0.867,1.0,41488900.0,35788548.0,腾讯日K/前复权日K,2026-09-19T10:42:50+08:00,20260926T093659
159611,电力ETF广发,SZSE,2022-05-31,0.869,0.88,0.863,0.878,0.869,0.88,0.863,0.878,1.0,71730800.0,62726094.0,腾讯日K/前复权日K,2026-09-19T10:42:50+08:00,20260926T093659
159611,电力ETF广发,SZSE,2022-06-01,0.875,0.879,0.864,0.876,0.875,0.879,0.864,0.876,1.0,58327100.0,50916224.0,腾讯日K/前复权日K,2026-09-19T10:42:50+08:00,20260926T093659
159611,电力ETF广发,SZSE,2022-06-02,0.876,0.877,0.866,0.875,0.876,0.877,0.866,0.875,1.0,61921900.0,53980583.0,腾讯日K/前复权日K,2026-09-19T10:42:50+08:00,20260926T093659
159611,电力ETF广发,SZSE,2022-06-06,0.875,0.879,0.864,0.878,0.875,0.879,0.864,0.878,1.0,70645300.0,61499326.0,腾讯日K/前复权日K,2026-09-19T10:42:50+08:00,20260926T093659
159611,电力ETF广发,SZSE,2022-06-07,0.878,0.883,0.869,0.873,0.878,0.883,0.869,0.873,1.0,56526500.0,49507155.0,腾讯日K/前复权日K,2026-09-19T10:42:50+08:00,20260926T093659
159611,电力ETF广发,SZSE,2022-06-08,0.873,0.887,0.87,0.886,0.873,0.887,0.87,0.886,1.0,73224100.0,64458730.0,腾讯日K/前复权日K,2026-09-19T10:42:50+08:00,20260926T093659
159611,电力ETF广发,SZSE,2022-06-09,0.886,0.893,0.871,0.873,0.886,0.893,0.871,0.873,1.0,79862700.0,70553573.0,腾讯日K/前复权日K,2026-09-19T10:42:50+08:00,20260926T093659
159611,电力ETF广发,SZSE,2022-06-10,0.862,0.892,0.862,0.892,0.862,0.892,0.862,0.892,1.0,76629500.0,67737387.0,腾讯日K/前复权日K,2026-09-19T10:42:50+08:00,20260926T093659
159611,电力ETF广发,SZSE,2022-06-13,0.885,0.885,0.863,0.873,0.885,0.885,0.863,0.873,1.0,77952500.0,68024039.0,腾讯日K/前复权日K,2026-09-19T10:42:50+08:00,20260926T093659
159611,电力ETF广发,SZSE,2022-06-14,0.867,0.88,0.855,0.879,0.867,0.88,0.855,0.879,1.0,76801200.0,66651741.0,腾讯日K/前复权日K,2026-09-19T10:42:50+08:00,20260926T093659
159611,电力ETF广发,SZSE,2022-06-15,0.878,0.888,0.871,0.876,0.878,0.888,0.871,0.876,1.0,81701300.0,71767775.0,腾讯日K/前复权日K,2026-09-19T10:42:50+08:00,20260926T093659
159611,电力ETF广发,SZSE,2022-06-16,0.872,0.879,0.868,0.871,0.872,0.879,0.868,0.871,1.0,48955700.0,42748321.0,腾讯日K/前复权日K,2026-09-19T10:42:50+08:00,20260926T093659
159611,电力ETF广发,SZSE,2022-06-17,0.864,0.877,0.864,0.876,0.864,0.877,0.864,0.876,1.0,60705500.0,52873437.0,腾讯日K/前复权日K,2026-09-19T10:42:50+08:00,20260926T093659
159611,电力ETF广发,SZSE,2022-06-20,0.876,0.897,0.872,0.893,0.876,0.897,0.872,0.893,1.0,71451500.0,63332452.0,腾讯日K/前复权日K,2026-09-19T10:42:50+08:00,20260926T093659
159611,电力ETF广发,SZSE,2022-06-21,0.9,0.904,0.888,0.898,0.9,0.904,0.888,0.898,1.0,88137000.0,79028124.0,腾讯日K/前复权日K,2026-09-19T10:42:50+08:00,20260926T093659
159611,电力ETF广发,SZSE,2022-06-22,0.9,0.9,0.88,0.882,0.9,0.9,0.88,0.882,1.0,56603400.0,50338558.0,腾讯日K/前复权日K,2026-09-19T10:42:50+08:00,20260926T093659
159611,电力ETF广发,SZSE,2022-06-23,0.883,0.885,0.87,0.885,0.883,0.885,0.87,0.885,1.0,67028400.0,58776344.0,腾讯日K/前复权日K,2026-09-19T10:42:50+08:00,20260926T093659
159611,电力ETF广发,SZSE,2022-06-24,0.884,0.887,0.875,0.883,0.884,0.887,0.875,0.883,1.0,75640100.0,66634115.0,腾讯日K/前复权日K,2026-09-19T10:42:50+08:00,20260926T093659
159611,电力ETF广发,SZSE,2022-06-27,0.886,0.887,0.876,0.882,0.886,0.887,0.876,0.882,1.0,74540800.0,65706422.0,腾讯日K/前复权日K,2026-09-19T10:42:50+08:00,20260926T093659
159611,电力ETF广发,SZSE,2022-06-28,0.883,0.894,0.881,0.894,0.883,0.894,0.881,0.894,1.0,84835600.0,75371167.0,腾讯日K/前复权日K,2026-09-19T10:42:50+08:00,20260926T093659
159611,电力ETF广发,SZSE,2022-06-29,0.89,0.893,0.882,0.884,0.89,0.893,0.882,0.884,1.0,83312200.0,73917077.0,腾讯日K/前复权日K,2026-09-19T10:42:50+08:00,20260926T093659
159611,电力ETF广发,SZSE,2022-06-30,0.884,0.894,0.882,0.889,0.884,0.894,0.882,0.889,1.0,79687300.0,70731367.0,腾讯日K/前复权日K,2026-09-19T10:42:50+08:00,20260926T093659
159611,电力ETF广发,SZSE,2022-07-01,0.887,0.908,0.887,0.901,0.887,0.908,0.887,0.901,1.0,147218700.0,132457933.0,腾讯日K/前复权日K,2026-09-19T10:42:50+08:00,20260926T093659
159611,电力ETF广发,SZSE,2022-07-04,0.903,0.927,0.893,0.924,0.903,0.927,0.893,0.924,1.0,170385400.0,156468308.0,腾讯日K/前复权日K,2026-09-19T10:42:50+08:00,20260926T093659
159611,电力ETF广发,SZSE,2022-07-05,0.924,0.938,0.921,0.931,0.924,0.938,0.921,0.931,1.0,113472000.0,105545091.0,腾讯日K/前复权日K,2026-09-19T10:42:50+08:00,20260926T093659
159611,电力ETF广发,SZSE,2022-07-06,0.93,0.946,0.917,0.925,0.93,0.946,0.917,0.925,1.0,87811800.0,81521258.0,腾讯日K/前复权日K,2026-09-19T10:42:50+08:00,20260926T093659
159611,电力ETF广发,SZSE,2022-07-07,0.925,0.948,0.925,0.941,0.925,0.948,0.925,0.941,1.0,101512600.0,95175884.0,腾讯日K/前复权日K,2026-09-19T10:42:50+08:00,20260926T093659
159611,电力ETF广发,SZSE,2022-07-08,0.944,0.947,0.933,0.945,0.944,0.947,0.933,0.945,1.0,71187800.0,66874461.0,腾讯日K/前复权日K,2026-09-19T10:42:50+08:00,20260926T093659
159611,电力ETF广发,SZSE,2022-07-11,0.945,0.959,0.943,0.952,0.945,0.959,0.943,0.952,1.0,94480700.0,89826892.0,腾讯日K/前复权日K,2026-09-19T10:42:50+08:00,20260926T093659
159611,电力ETF广发,SZSE,2022-07-12,0.945,0.97,0.941,0.958,0.945,0.97,0.941,0.958,1.0,113249000.0,108393850.376,腾讯日K/前复权日K,2026-09-19T10:42:50+08:00,20260926T093659
159611,电力ETF广发,SZSE,2022-07-13,0.953,0.969,0.943,0.969,0.953,0.969,0.943,0.969,1.0,81474400.0,78089041.718,腾讯日K/前复权日K,2026-09-19T10:42:50+08:00,20260926T093659
159611,电力ETF广发,SZSE,2022-07-14,0.969,0.97,0.937,0.943,0.969,0.97,0.937,0.943,1.0,113396900.0,107306944.179,腾讯日K/前复权日K,2026-09-19T10:42:50+08:00,20260926T093659
159611,电力ETF广发,SZSE,2022-07-15,0.942,0.945,0.93,0.931,0.942,0.945,0.93,0.931,1.0,69748000.0,65332732.193,腾讯日K/前复权日K,2026-09-19T10:42:50+08:00,20260926T093659
159611,电力ETF广发,SZSE,2022-07-18,0.931,0.96,0.931,0.96,0.931,0.96,0.931,0.96,1.0,85620000.0,81333137.88,腾讯日K/前复权日K,2026-09-19T10:42:50+08:00,20260926T093659
159611,电力ETF广发,SZSE,2022-07-19,0.958,0.958,0.939,0.945,0.958,0.958,0.939,0.945,1.0,66053100.0,62486300.604,腾讯日K/前复权日K,2026-09-19T10:42:50+08:00,20260926T093659
159611,电力ETF广发,SZSE,2022-07-20,0.945,0.947,0.933,0.945,0.945,0.947,0.933,0.945,1.0,79845700.0,74975872.713,腾讯日K/前复权日K,2026-09-19T10:42:50+08:00,20260926T093659
159611,电力ETF广发,SZSE,2022-07-21,0.941,0.942,0.922,0.923,0.941,0.942,0.922,0.923,1.0,87299100.0,81175617.793,腾讯日K/前复权日K,2026-09-19T10:42:50+08:00,20260926T093659
159611,电力ETF广发,SZSE,2022-07-22,0.92,0.932,0.912,0.921,0.92,0.932,0.912,0.921,1.0,77677500.0,71570490.326,腾讯日K/前复权日K,2026-09-19T10:42:50+08:00,20260926T093659
159611,电力ETF广发,SZSE,2022-07-25,0.92,0.921,0.9,0.903,0.92,0.921,0.9,0.903,1.0,71143100.0,64476576.25,腾讯日K/前复权日K,2026-09-19T10:42:50+08:00,20260926T093659
159611,电力ETF广发,SZSE,2022-07-26,0.9,0.906,0.895,0.905,0.9,0.906,0.895,0.905,1.0,60294000.0,54372136.712,腾讯日K/前复权日K,2026-09-19T10:42:50+08:00,20260926T093659
159611,电力ETF广发,SZSE,2022-07-27,0.902,0.906,0.898,0.904,0.902,0.906,0.898,0.904,1.0,65151600.0,58759015.006,腾讯日K/前复权日K,2026-09-19T10:42:50+08:00,20260926T093659
159611,电力ETF广发,SZSE,2022-07-28,0.906,0.913,0.904,0.905,0.906,0.913,0.904,0.905,1.0,75876100.0,68930255.227,腾讯日K/前复权日K,2026-09-19T10:42:50+08:00,20260926T093659
159611,电力ETF广发,SZSE,2022-07-29,0.905,0.924,0.905,0.911,0.905,0.924,0.905,0.911,1.0,109695800.0,100486330.453,腾讯日K/前复权日K,2026-09-19T10:42:50+08:00,20260926T093659
159611,电力ETF广发,SZSE,2022-08-01,0.905,0.906,0.891,0.903,0.905,0.906,0.891,0.903,1.0,89303700.0,80115021.412,腾讯日K/前复权日K,2026-09-19T10:42:50+08:00,20260926T093659
159611,电力ETF广发,SZSE,2022-08-02,0.9,0.9,0.858,0.87,0.9,0.9,0.858,0.87,1.0,130847000.0,114089317.958,腾讯日K/前复权日K,2026-09-19T10:42:50+08:00,20260926T093659
159611,电力ETF广发,SZSE,2022-08-03,0.863,0.879,0.855,0.857,0.863,0.879,0.855,0.857,1.0,97706700.0,84910998.553,腾讯日K/前复权日K,2026-09-19T10:42:50+08:00,20260926T093659
159611,电力ETF广发,SZSE,2022-08-04,0.858,0.875,0.858,0.875,0.858,0.875,0.858,0.875,1.0,102999700.0,89224322.018,腾讯日K/前复权日K,2026-09-19T10:42:50+08:00,20260926T093659
159611,电力ETF广发,SZSE,2022-08-05,0.875,0.878,0.863,0.876,0.875,0.878,0.863,0.876,1.0,98215900.0,85325016.774,腾讯日K/前复权日K,2026-09-19T10:42:50+08:00,20260926T093659
159611,电力ETF广发,SZSE,2022-08-08,0.876,0.889,0.869,0.888,0.876,0.889,0.869,0.888,1.0,85183400.0,75143275.033,腾讯日K/前复权日K,2026-09-19T10:42:50+08:00,20260926T093659
159611,电力ETF广发,SZSE,2022-08-09,0.881,0.889,0.879,0.885,0.881,0.889,0.879,0.885,1.0,65956400.0,58343197.981,腾讯日K/前复权日K,2026-09-19T10:42:50+08:00,20260926T093659
159611,电力ETF广发,SZSE,2022-08-10,0.885,0.885,0.871,0.875,0.885,0.885,0.871,0.875,1.0,60524200.0,53022959.174,腾讯日K/前复权日K,2026-09-19T10:42:50+08:00,20260926T093659
159611,电力ETF广发,SZSE,2022-08-11,0.875,0.89,0.875,0.89,0.875,0.89,0.875,0.89,1.0,83209700.0,73729425.974,腾讯日K/前复权日K,2026-09-19T10:42:50+08:00,20260926T093659
159611,电力ETF广发,SZSE,2022-08-12,0.889,0.904,0.887,0.899,0.889,0.904,0.887,0.899,1.0,89240900.0,80243678.909,腾讯日K/前复权日K,2026-09-19T10:42:50+08:00,20260926T093659
159611,电力ETF广发,SZSE,2022-08-15,0.898,0.914,0.895,0.912,0.898,0.914,0.895,0.912,1.0,92387000.0,83734741.646,腾讯日K/前复权日K,2026-09-19T10:42:50+08:00,20260926T093659
159611,电力ETF广发,SZSE,2022-08-16,0.915,0.93,0.913,0.923,0.915,0.93,0.913,0.923,1.0,132758000.0,122223186.354,腾讯日K/前复权日K,2026-09-19T10:42:50+08:00,20260926T093659
159611,电力ETF广发,SZSE,2022-08-17,0.923,0.941,0.923,0.937,0.923,0.941,0.923,0.937,1.0,110285700.0,102751659.497,腾讯日K/前复权日K,2026-09-19T10:42:50+08:00,20260926T093659
159611,电力ETF广发,SZSE,2022-08-18,0.937,0.938,0.914,0.917,0.937,0.938,0.914,0.917,1.0,111923100.0,103571260.679,腾讯日K/前复权日K,2026-09-19T10:42:50+08:00,20260926T093659
159611,电力ETF广发,SZSE,2022-08-19,0.92,0.959,0.905,0.955,0.92,0.959,0.905,0.955,1.0,198624400.0,186479349.698,腾讯日K/前复权日K,2026-09-19T10:42:50+08:00,20260926T093659
159611,电力ETF广发,SZSE,2022-08-22,0.96,0.967,0.943,0.948,0.96,0.967,0.943,0.948,1.0,145409600.0,138805272.285,腾讯日K/前复权日K,2026-09-19T10:42:50+08:00,20260926T093659
159611,电力ETF广发,SZSE,2022-08-23,0.941,0.964,0.938,0.959,0.941,0.964,0.938,0.959,1.0,116085800.0,110848961.757,腾讯日K/前复权日K,2026-09-19T10:42:50+08:00,20260926T093659
159611,电力ETF广发,SZSE,2022-08-24,0.96,0.96,0.934,0.938,0.96,0.96,0.934,0.938,1.0,108407300.0,102555722.717,腾讯日K/前复权日K,2026-09-19T10:42:50+08:00,20260926T093659
159611,电力ETF广发,SZSE,2022-08-25,0.94,0.955,0.934,0.949,0.94,0.955,0.934,0.949,1.0,99883600.0,94397967.025,腾讯日K/前复权日K,2026-09-19T10:42:50+08:00,20260926T093659
159611,电力ETF广发,SZSE,2022-08-26,0.945,0.964,0.941,0.95,0.945,0.964,0.941,0.95,1.0,114198800.0,108689496.204,腾讯日K/前复权日K,2026-09-19T10:42:50+08:00,20260926T093659
159611,电力ETF广发,SZSE,2022-08-29,0.935,0.948,0.931,0.946,0.935,0.948,0.931,0.946,1.0,120136200.0,112828715.858,腾讯日K/前复权日K,2026-09-19T10:42:50+08:00,20260926T093659
159611,电力ETF广发,SZSE,2022-08-30,0.943,0.953,0.925,0.93,0.943,0.953,0.925,0.93,1.0,98522700.0,92011455.122,腾讯日K/前复权日K,2026-09-19T10:42:50+08:00,20260926T093659
159611,电力ETF广发,SZSE,2022-08-31,0.929,0.935,0.913,0.917,0.929,0.935,0.913,0.917,1.0,147259800.0,135841047.962,腾讯日K/前复权日K,2026-09-19T10:42:50+08:00,20260926T093659
159611,电力ETF广发,SZSE,2022-09-01,0.914,0.922,0.906,0.906,0.914,0.922,0.906,0.906,1.0,130960200.0,120015465.782,腾讯日K/前复权日K,2026-09-19T10:42:50+08:00,20260926T093659
159611,电力ETF广发,SZSE,2022-09-02,0.907,0.934,0.907,0.915,0.907,0.934,0.907,0.915,1.0,164219000.0,151622151.95,腾讯日K/前复权日K,2026-09-19T10:42:50+08:00,20260926T093659
159611,电力ETF广发,SZSE,2022-09-05,0.915,0.936,0.913,0.935,0.915,0.936,0.913,0.935,1.0,103356000.0,96118952.107,腾讯日K/前复权日K,2026-09-19T10:42:50+08:00,20260926T093659
159611,电力ETF广发,SZSE,2022-09-06,0.932,0.96,0.929,0.96,0.932,0.96,0.929,0.96,1.0,106270500.0,100591100.407,腾讯日K/前复权日K,2026-09-19T10:42:50+08:00,20260926T093659
159611,电力ETF广发,SZSE,2022-09-07,0.955,0.976,0.942,0.973,0.955,0.976,0.942,0.973,1.0,113172700.0,108656983.974,腾讯日K/前复权日K,2026-09-19T10:42:50+08:00,20260926T093659
159611,电力ETF广发,SZSE,2022-09-08,0.973,0.994,0.968,0.977,0.973,0.994,0.968,0.977,1.0,116288800.0,114071928.935,腾讯日K/前复权日K,2026-09-19T10:42:50+08:00,20260926T093659
159611,电力ETF广发,SZSE,2022-09-09,0.972,0.982,0.964,0.974,0.972,0.982,0.964,0.974,1.0,85154600.0,82825813.888,腾讯日K/前复权日K,2026-09-19T10:42:50+08:00,20260926T093659
159611,电力ETF广发,SZSE,2022-09-13,0.97,0.975,0.952,0.953,0.97,0.975,0.952,0.953,1.0,98071300.0,93973205.291,腾讯日K/前复权日K,2026-09-19T10:42:50+08:00,20260926T093659
159611,电力ETF广发,SZSE,2022-09-14,0.946,0.949,0.934,0.941,0.946,0.949,0.934,0.941,1.0,87256700.0,82055597.188,腾讯日K/前复权日K,2026-09-19T10:42:50+08:00,20260926T093659
159611,电力ETF广发,SZSE,2022-09-15,0.945,0.947,0.912,0.927,0.945,0.947,0.912,0.927,1.0,86837300.0,80520099.684,腾讯日K/前复权日K,2026-09-19T10:42:50+08:00,20260926T093659
159611,电力ETF广发,SZSE,2022-09-16,0.921,0.923,0.89,0.893,0.921,0.923,0.89,0.893,1.0,169747300.0,153601227.2,腾讯日K/前复权日K,2026-09-19T10:42:50+08:00,20260926T093659
159611,电力ETF广发,SZSE,2022-09-19,0.887,0.893,0.87,0.883,0.887,0.893,0.87,0.883,1.0,94694300.0,83285622.324,腾讯日K/前复权日K,2026-09-19T10:42:50+08:00,20260926T093659
159611,电力ETF广发,SZSE,2022-09-20,0.885,0.891,0.882,0.886,0.885,0.891,0.882,0.886,1.0,102860700.0,91160856.411,腾讯日K/前复权日K,2026-09-19T10:42:50+08:00,20260926T093659
159611,电力ETF广发,SZSE,2022-09-21,0.88,0.904,0.875,0.901,0.88,0.904,0.875,0.901,1.0,162163400.0,145136798.846,腾讯日K/前复权日K,2026-09-19T10:42:50+08:00,20260926T093659
159611,电力ETF广发,SZSE,2022-09-22,0.894,0.901,0.887,0.896,0.894,0.901,0.887,0.896,1.0,206499900.0,185133353.378,腾讯日K/前复权日K,2026-09-19T10:42:50+08:00,20260926T093659
159611,电力ETF广发,SZSE,2022-09-23,0.896,0.907,0.877,0.881,0.896,0.907,0.877,0.881,1.0,88885900.0,79186479.558,腾讯日K/前复权日K,2026-09-19T10:42:50+08:00,20260926T093659
159611,电力ETF广发,SZSE,2022-09-26,0.878,0.883,0.863,0.866,0.878,0.883,0.863,0.866,1.0,83335000.0,72849324.99,腾讯日K/前复权日K,2026-09-19T10:42:50+08:00,20260926T093659
159611,电力ETF广发,SZSE,2022-09-27,0.866,0.874,0.859,0.873,0.866,0.874,0.859,0.873,1.0,76566700.0,66398503.882,腾讯日K/前复权日K,2026-09-19T10:42:50+08:00,20260926T093659
159611,电力ETF广发,SZSE,2022-09-28,0.872,0.877,0.849,0.85,0.872,0.877,0.849,0.85,1.0,106880800.0,91632686.362,腾讯日K/前复权日K,2026-09-19T10:42:50+08:00,20260926T093659
159611,电力ETF广发,SZSE,2022-09-29,0.856,0.859,0.84,0.845,0.856,0.859,0.84,0.845,1.0,70823900.0,60141067.196,腾讯日K/前复权日K,2026-09-19T10:42:50+08:00,20260926T093659
159611,电力ETF广发,SZSE,2022-09-30,0.845,0.852,0.843,0.844,0.845,0.852,0.843,0.844,1.0,66179100.0,56095481.123,腾讯日K/前复权日K,2026-09-19T10:42:50+08:00,20260926T093659
159611,电力ETF广发,SZSE,2022-10-10,0.843,0.858,0.843,0.848,0.843,0.858,0.843,0.848,1.0,132048900.0,112420886.492,腾讯日K/前复权日K,2026-09-19T10:42:50+08:00,20260926T093659
159611,电力ETF广发,SZSE,2022-10-11,0.848,0.878,0.845,0.878,0.848,0.878,0.845,0.878,1.0,101277200.0,87741345.171,腾讯日K/前复权日K,2026-09-19T10:42:50+08:00,20260926T093659
159611,电力ETF广发,SZSE,2022-10-12,0.875,0.887,0.861,0.887,0.875,0.887,0.861,0.887,1.0,122298100.0,106715650.8,腾讯日K/前复权日K,2026-09-19T10:42:50+08:00,20260926T093659
159611,电力ETF广发,SZSE,2022-10-13,0.879,0.904,0.879,0.901,0.879,0.904,0.879,0.901,1.0,95657400.0,85453192.37,腾讯日K/前复权日K,2026-09-19T10:42:50+08:00,20260926T093659
159611,电力ETF广发,SZSE,2022-10-14,0.904,0.91,0.896,0.91,0.904,0.91,0.896,0.91,1.0,85179600.0,77083391.058,腾讯日K/前复权日K,2026-09-19T10:42:50+08:00,20260926T093659
159611,电力ETF广发,SZSE,2022-10-17,0.909,0.909,0.884,0.901,0.909,0.909,0.884,0.901,1.0,76575000.0,68625800.598,腾讯日K/前复权日K,2026-09-19T10:42:50+08:00,20260926T093659
159611,电力ETF广发,SZSE,2022-10-18,0.898,0.91,0.898,0.9,0.898,0.91,0.898,0.9,1.0,273119000.0,246560709.248,腾讯日K/前复权日K,2026-09-19T10:42:50+08:00,20260926T093659
159611,电力ETF广发,SZSE,2022-10-19,0.896,0.903,0.88,0.888,0.896,0.903,0.88,0.888,1.0,129871800.0,116110738.595,腾讯日K/前复权日K,2026-09-19T10:42:50+08:00,20260926T093659
159611,电力ETF广发,SZSE,2022-10-20,0.888,0.89,0.875,0.876,0.888,0.89,0.875,0.876,1.0,84122500.0,74217299.7,腾讯日K/前复权日K,2026-09-19T10:42:50+08:00,20260926T093659
159611,电力ETF广发,SZSE,2022-10-21,0.875,0.902,0.875,0.895,0.875,0.902,0.875,0.895,1.0,91187700.0,81580059.394,腾讯日K/前复权日K,2026-09-19T10:42:50+08:00,20260926T093659
159611,电力ETF广发,SZSE,2022-10-24,0.896,0.898,0.871,0.877,0.896,0.898,0.871,0.877,1.0,151830300.0,134204083.995,腾讯日K/前复权日K,2026-09-19T10:42:50+08:00,20260926T093659
159611,电力ETF广发,SZSE,2022-10-25,0.877,0.887,0.872,0.88,0.877,0.887,0.872,0.88,1.0,139944400.0,123294616.048,腾讯日K/前复权日K,2026-09-19T10:42:50+08:00,20260926T093659
159611,电力ETF广发,SZSE,2022-10-26,0.88,0.893,0.877,0.887,0.88,0.893,0.877,0.887,1.0,73436100.0,65145273.646,腾讯日K/前复权日K,2026-09-19T10:42:50+08:00,20260926T093659
159611,电力ETF广发,SZSE,2022-10-27,0.887,0.888,0.861,0.864,0.887,0.888,0.861,0.864,1.0,190735600.0,165615737.413,腾讯日K/前复权日K,2026-09-19T10:42:50+08:00,20260926T093659
159611,电力ETF广发,SZSE,2022-10-28,0.855,0.869,0.828,0.833,0.855,0.869,0.828,0.833,1.0,108520800.0,91628117.645,腾讯日K/前复权日K,2026-09-19T10:42:50+08:00,20260926T093659
159611,电力ETF广发,SZSE,2022-10-31,0.83,0.836,0.821,0.829,0.83,0.836,0.821,0.829,1.0,59776300.0,49622626.883,腾讯日K/前复权日K,2026-09-19T10:42:50+08:00,20260926T093659
159611,电力ETF广发,SZSE,2022-11-01,0.831,0.841,0.825,0.841,0.831,0.841,0.825,0.841,1.0,74190000.0,61752607.633,腾讯日K/前复权日K,2026-09-19T10:42:50+08:00,20260926T093659
159611,电力ETF广发,SZSE,2022-11-02,0.835,0.84,0.828,0.84,0.835,0.84,0.828,0.84,1.0,158361300.0,131897064.14,腾讯日K/前复权日K,2026-09-19T10:42:50+08:00,20260926T093659
159611,电力ETF广发,SZSE,2022-11-03,0.833,0.84,0.831,0.835,0.833,0.84,0.831,0.835,1.0,70265900.0,58662180.428,腾讯日K/前复权日K,2026-09-19T10:42:50+08:00,20260926T093659
159611,电力ETF广发,SZSE,2022-11-04,0.834,0.857,0.834,0.854,0.834,0.857,0.834,0.854,1.0,149795300.0,127116124.644,腾讯日K/前复权日K,2026-09-19T10:42:50+08:00,20260926T093659
159611,电力ETF广发,SZSE,2022-11-07,0.853,0.857,0.846,0.857,0.853,0.857,0.846,0.857,1.0,90186300.0,76854123.306,腾讯日K/前复权日K,2026-09-19T10:42:50+08:00,20260926T093659
159611,电力ETF广发,SZSE,2022-11-08,0.857,0.857,0.845,0.849,0.857,0.857,0.845,0.849,1.0,107191600.0,91091298.451,腾讯日K/前复权日K,2026-09-19T10:42:50+08:00,20260926T093659
159611,电力ETF广发,SZSE,2022-11-09,0.848,0.854,0.846,0.849,0.848,0.854,0.846,0.849,1.0,78557200.0,66812688.698,腾讯日K/前复权日K,2026-09-19T10:42:50+08:00,20260926T093659
159611,电力ETF广发,SZSE,2022-11-10,0.846,0.856,0.845,0.848,0.846,0.856,0.845,0.848,1.0,60432400.0,51353715.848,腾讯日K/前复权日K,2026-09-19T10:42:50+08:00,20260926T093659
159611,电力ETF广发,SZSE,2022-11-11,0.857,0.863,0.85,0.857,0.857,0.863,0.85,0.857,1.0,124697000.0,106669896.956,腾讯日K/前复权日K,2026-09-19T10:42:50+08:00,20260926T093659
159611,电力ETF广发,SZSE,2022-11-14,0.858,0.86,0.845,0.847,0.858,0.86,0.845,0.847,1.0,142069300.0,121056848.562,腾讯日K/前复权日K,2026-09-19T10:42:50+08:00,20260926T093659
159611,电力ETF广发,SZSE,2022-11-15,0.846,0.861,0.845,0.861,0.846,0.861,0.845,0.861,1.0,102654100.0,87529729.099,腾讯日K/前复权日K,2026-09-19T10:42:50+08:00,20260926T093659
159611,电力ETF广发,SZSE,2022-11-16,0.862,0.883,0.862,0.868,0.862,0.883,0.862,0.868,1.0,146394900.0,127623591.997,腾讯日K/前复权日K,2026-09-19T10:42:50+08:00,20260926T093659
159611,电力ETF广发,SZSE,2022-11-17,0.865,0.865,0.853,0.862,0.865,0.865,0.853,0.862,1.0,88112700.0,75560350.224,腾讯日K/前复权日K,2026-09-19T10:42:50+08:00,20260926T093659
159611,电力ETF广发,SZSE,2022-11-18,0.863,0.868,0.856,0.865,0.863,0.868,0.856,0.865,1.0,124242200.0,107205163.251,腾讯日K/前复权日K,2026-09-19T10:42:50+08:00,20260926T093659
159611,电力ETF广发,SZSE,2022-11-21,0.86,0.872,0.855,0.871,0.86,0.872,0.855,0.871,1.0,73445600.0,63631100.954,腾讯日K/前复权日K,2026-09-19T10:42:50+08:00,20260926T093659
159611,电力ETF广发,SZSE,2022-11-22,0.871,0.881,0.863,0.87,0.871,0.881,0.863,0.87,1.0,92564700.0,80532254.74,腾讯日K/前复权日K,2026-09-19T10:42:50+08:00,20260926T093659
159611,电力ETF广发,SZSE,2022-11-23,0.87,0.887,0.869,0.886,0.87,0.887,0.869,0.886,1.0,158309800.0,139486420.143,腾讯日K/前复权日K,2026-09-19T10:42:50+08:00,20260926T093659
159611,电力ETF广发,SZSE,2022-11-24,0.888,0.894,0.884,0.884,0.888,0.894,0.884,0.884,1.0,88222300.0,78388490.063,腾讯日K/前复权日K,2026-09-19T10:42:50+08:00,20260926T093659
159611,电力ETF广发,SZSE,2022-11-25,0.883,0.893,0.882,0.891,0.883,0.893,0.882,0.891,1.0,98705000.0,87746015.546,腾讯日K/前复权日K,2026-09-19T10:42:50+08:00,20260926T093659
159611,电力ETF广发,SZSE,2022-11-28,0.885,0.902,0.874,0.902,0.885,0.902,0.874,0.902,1.0,96191400.0,85747795.146,腾讯日K/前复权日K,2026-09-19T10:42:50+08:00,20260926T093659
159611,电力ETF广发,SZSE,2022-11-29,0.902,0.903,0.891,0.895,0.902,0.903,0.891,0.895,1.0,122261300.0,109328543.205,腾讯日K/前复权日K,2026-09-19T10:42:50+08:00,20260926T093659
159611,电力ETF广发,SZSE,2022-11-30,0.894,0.901,0.888,0.892,0.894,0.901,0.888,0.892,1.0,77119600.0,68933936.28,腾讯日K/前复权日K,2026-09-19T10:42:50+08:00,20260926T093659
159611,电力ETF广发,SZSE,2022-12-01,0.899,0.899,0.888,0.891,0.899,0.899,0.888,0.891,1.0,71264700.0,63506240.98,腾讯日K/前复权日K,2026-09-19T10:42:50+08:00,20260926T093659
159611,电力ETF广发,SZSE,2022-12-02,0.886,0.893,0.884,0.89,0.886,0.893,0.884,0.89,1.0,68531300.0,60903970.617,腾讯日K/前复权日K,2026-09-19T10:42:50+08:00,20260926T093659
159611,电力ETF广发,SZSE,2022-12-05,0.892,0.903,0.889,0.9,0.892,0.903,0.889,0.9,1.0,147165700.0,131969995.829,腾讯日K/前复权日K,2026-09-19T10:42:50+08:00,20260926T093659
159611,电力ETF广发,SZSE,2022-12-06,0.897,0.9,0.885,0.889,0.897,0.9,0.885,0.889,1.0,105047200.0,93597272.616,腾讯日K/前复权日K,2026-09-19T10:42:50+08:00,20260926T093659
159611,电力ETF广发,SZSE,2022-12-07,0.885,0.888,0.877,0.88,0.885,0.888,0.877,0.88,1.0,75182500.0,66224063.73,腾讯日K/前复权日K,2026-09-19T10:42:50+08:00,20260926T093659
159611,电力ETF广发,SZSE,2022-12-08,0.878,0.88,0.869,0.873,0.878,0.88,0.869,0.873,1.0,86772600.0,75852293.158,腾讯日K/前复权日K,2026-09-19T10:42:50+08:00,20260926T093659
159611,电力ETF广发,SZSE,2022-12-09,0.871,0.875,0.863,0.865,0.871,0.875,0.863,0.865,1.0,73639600.0,63786384.552,腾讯日K/前复权日K,2026-09-19T10:42:50+08:00,20260926T093659
159611,电力ETF广发,SZSE,2022-12-12,0.867,0.867,0.849,0.853,0.867,0.867,0.849,0.853,1.0,96861200.0,82774793.98,腾讯日K/前复权日K,2026-09-19T10:42:50+08:00,20260926T093659
159611,电力ETF广发,SZSE,2022-12-13,0.85,0.856,0.849,0.853,0.85,0.856,0.849,0.853,1.0,99403600.0,84779590.241,腾讯日K/前复权日K,2026-09-19T10:42:50+08:00,20260926T093659
159611,电力ETF广发,SZSE,2022-12-14,0.853,0.854,0.845,0.847,0.853,0.854,0.845,0.847,1.0,89487400.0,76023973.101,腾讯日K/前复权日K,2026-09-19T10:42:50+08:00,20260926T093659
159611,电力ETF广发,SZSE,2022-12-15,0.847,0.852,0.843,0.852,0.847,0.852,0.843,0.852,1.0,70396200.0,59645043.365,腾讯日K/前复权日K,2026-09-19T10:42:50+08:00,20260926T093659
159611,电力ETF广发,SZSE,2022-12-16,0.85,0.858,0.847,0.852,0.85,0.858,0.847,0.852,1.0,97879400.0,83400831.649,腾讯日K/前复权日K,2026-09-19T10:42:50+08:00,20260926T093659
159611,电力ETF广发,SZSE,2022-12-19,0.852,0.854,0.831,0.833,0.852,0.854,0.831,0.833,1.0,96418900.0,81064560.684,腾讯日K/前复权日K,2026-09-19T10:42:50+08:00,20260926T093659
159611,电力ETF广发,SZSE,2022-12-20,0.833,0.838,0.828,0.837,0.833,0.838,0.828,0.837,1.0,64711300.0,53989628.501,腾讯日K/前复权日K,2026-09-19T10:42:50+08:00,20260926T093659
159611,电力ETF广发,SZSE,2022-12-21,0.837,0.84,0.827,0.829,0.837,0.84,0.827,0.829,1.0,79212600.0,65810119.86,腾讯日K/前复权日K,2026-09-19T10:42:50+08:00,20260926T093659
159611,电力ETF广发,SZSE,2022-12-22,0.833,0.834,0.815,0.816,0.833,0.834,0.815,0.816,1.0,71274500.0,58736422.5,腾讯日K/前复权日K,2026-09-19T10:42:50+08:00,20260926T093659
159611,电力ETF广发,SZSE,2022-12-23,0.813,0.822,0.813,0.818,0.813,0.822,0.813,0.818,1.0,80266600.0,65632251.708,腾讯日K/前复权日K,2026-09-19T10:42:50+08:00,20260926T093659
159611,电力ETF广发,SZSE,2022-12-26,0.82,0.836,0.817,0.834,0.82,0.836,0.817,0.834,1.0,112964400.0,93485557.4,腾讯日K/前复权日K,2026-09-19T10:42:50+08:00,20260926T093659
159611,电力ETF广发,SZSE,2022-12-27,0.836,0.837,0.83,0.835,0.836,0.837,0.83,0.835,1.0,128304700.0,106824490.867,腾讯日K/前复权日K,2026-09-19T10:42:50+08:00,20260926T093659
159611,电力ETF广发,SZSE,2022-12-28,0.832,0.861,0.831,0.859,0.832,0.861,0.831,0.859,1.0,170090100.0,144919211.368,腾讯日K/前复权日K,2026-09-19T10:42:50+08:00,20260926T093659
159611,电力ETF广发,SZSE,2022-12-29,0.852,0.856,0.849,0.854,0.852,0.856,0.849,0.854,1.0,87264300.0,74402073.656,腾讯日K/前复权日K,2026-09-19T10:42:50+08:00,20260926T093659
159611,电力ETF广发,SZSE,2022-12-30,0.854,0.868,0.853,0.863,0.854,0.868,0.853,0.863,1.0,87123000.0,74987781.323,腾讯日K/前复权日K,2026-09-19T10:42:50+08:00,20260926T093659
159611,电力ETF广发,SZSE,2023-01-03,0.863,0.886,0.861,0.884,0.863,0.886,0.861,0.884,1.0,143448800.0,125745363.758,腾讯日K/前复权日K,2026-09-19T10:42:50+08:00,20260926T093659
159611,电力ETF广发,SZSE,2023-01-04,0.88,0.886,0.876,0.882,0.88,0.886,0.876,0.882,1.0,90762700.0,79887078.124,腾讯日K/前复权日K,2026-09-19T10:42:50+08:00,20260926T093659
159611,电力ETF广发,SZSE,2023-01-05,0.883,0.89,0.882,0.884,0.883,0.89,0.882,0.884,1.0,101082200.0,89584821.332,腾讯日K/前复权日K,2026-09-19T10:42:50+08:00,20260926T093659
159611,电力ETF广发,SZSE,2023-01-06,0.883,0.898,0.882,0.888,0.883,0.898,0.882,0.888,1.0,125827400.0,112294886.725,腾讯日K/前复权日K,2026-09-19T10:42:50+08:00,20260926T093659
159611,电力ETF广发,SZSE,2023-01-09,0.888,0.892,0.877,0.879,0.888,0.892,0.877,0.879,1.0,143813500.0,126689894.295,腾讯日K/前复权日K,2026-09-19T10:42:50+08:00,20260926T093659
159611,电力ETF广发,SZSE,2023-01-10,0.879,0.882,0.872,0.873,0.879,0.882,0.872,0.873,1.0,57742400.0,50537146.011,腾讯日K/前复权日K,2026-09-19T10:42:50+08:00,20260926T093659
159611,电力ETF广发,SZSE,2023-01-11,0.875,0.875,0.865,0.869,0.875,0.875,0.865,0.869,1.0,122753000.0,106759875.948,腾讯日K/前复权日K,2026-09-19T10:42:50+08:00,20260926T093659
159611,电力ETF广发,SZSE,2023-01-12,0.866,0.872,0.865,0.868,0.866,0.872,0.865,0.868,1.0,71280800.0,61876960.967,腾讯日K/前复权日K,2026-09-19T10:42:50+08:00,20260926T093659
159611,电力ETF广发,SZSE,2023-01-13,0.869,0.87,0.86,0.867,0.869,0.87,0.86,0.867,1.0,68881900.0,59501026.764,腾讯日K/前复权日K,2026-09-19T10:42:50+08:00,20260926T093659
159611,电力ETF广发,SZSE,2023-01-16,0.868,0.871,0.862,0.868,0.868,0.871,0.862,0.868,1.0,127968400.0,111081494.529,腾讯日K/前复权日K,2026-09-19T10:42:50+08:00,20260926T093659
159611,电力ETF广发,SZSE,2023-01-17,0.868,0.868,0.858,0.861,0.868,0.868,0.858,0.861,1.0,135764300.0,117005847.458,腾讯日K/前复权日K,2026-09-19T10:42:50+08:00,20260926T093659
159611,电力ETF广发,SZSE,2023-01-18,0.861,0.865,0.861,0.864,0.861,0.865,0.861,0.864,1.0,98578500.0,85134951.759,腾讯日K/前复权日K,2026-09-19T10:42:50+08:00,20260926T093659
159611,电力ETF广发,SZSE,2023-01-19,0.863,0.863,0.855,0.861,0.863,0.863,0.855,0.861,1.0,109597500.0,94008088.259,腾讯日K/前复权日K,2026-09-19T10:42:50+08:00,20260926T093659
159611,电力ETF广发,SZSE,2023-01-20,0.862,0.874,0.859,0.874,0.862,0.874,0.859,0.874,1.0,167701400.0,145762016.128,腾讯日K/前复权日K,2026-09-19T10:42:50+08:00,20260926T093659
159611,电力ETF广发,SZSE,2023-01-30,0.88,0.881,0.87,0.87,0.88,0.881,0.87,0.87,1.0,149058400.0,130163073.799,腾讯日K/前复权日K,2026-09-19T10:42:50+08:00,20260926T093659
159611,电力ETF广发,SZSE,2023-01-31,0.869,0.876,0.866,0.875,0.869,0.876,0.866,0.875,1.0,182862600.0,159195379.34,腾讯日K/前复权日K,2026-09-19T10:42:50+08:00,20260926T093659
159611,电力ETF广发,SZSE,2023-02-01,0.874,0.877,0.866,0.876,0.874,0.877,0.866,0.876,1.0,238790600.0,208329861.851,腾讯日K/前复权日K,2026-09-19T10:42:50+08:00,20260926T093659
159611,电力ETF广发,SZSE,2023-02-02,0.875,0.88,0.871,0.876,0.875,0.88,0.871,0.876,1.0,164723700.0,144292848.884,腾讯日K/前复权日K,2026-09-19T10:42:50+08:00,20260926T093659
159611,电力ETF广发,SZSE,2023-02-03,0.873,0.874,0.865,0.871,0.873,0.874,0.865,0.871,1.0,307258500.0,267466531.518,腾讯日K/前复权日K,2026-09-19T10:42:50+08:00,20260926T093659
159611,电力ETF广发,SZSE,2023-02-06,0.866,0.877,0.865,0.871,0.866,0.877,0.865,0.871,1.0,120492300.0,105071458.963,腾讯日K/前复权日K,2026-09-19T10:42:50+08:00,20260926T093659
159611,电力ETF广发,SZSE,2023-02-07,0.871,0.88,0.871,0.88,0.871,0.88,0.871,0.88,1.0,151870100.0,133252868.078,腾讯日K/前复权日K,2026-09-19T10:42:50+08:00,20260926T093659
159611,电力ETF广发,SZSE,2023-02-08,0.881,0.883,0.876,0.877,0.881,0.883,0.876,0.877,1.0,117640100.0,103400885.498,腾讯日K/前复权日K,2026-09-19T10:42:50+08:00,20260926T093659
159611,电力ETF广发,SZSE,2023-02-09,0.875,0.881,0.875,0.881,0.875,0.881,0.875,0.881,1.0,110593200.0,97075866.295,腾讯日K/前复权日K,2026-09-19T10:42:50+08:00,20260926T093659
159611,电力ETF广发,SZSE,2023-02-10,0.881,0.892,0.877,0.889,0.881,0.892,0.877,0.889,1.0,153853600.0,135845351.027,腾讯日K/前复权日K,2026-09-19T10:42:50+08:00,20260926T093659
159611,电力ETF广发,SZSE,2023-02-13,0.891,0.9,0.884,0.89,0.891,0.9,0.884,0.89,1.0,169570200.0,150930263.816,腾讯日K/前复权日K,2026-09-19T10:42:50+08:00,20260926T093659
159611,电力ETF广发,SZSE,2023-02-14,0.891,0.896,0.885,0.891,0.891,0.896,0.885,0.891,1.0,101070600.0,90011095.114,腾讯日K/前复权日K,2026-09-19T10:42:50+08:00,20260926T093659
159611,电力ETF广发,SZSE,2023-02-15,0.891,0.891,0.882,0.883,0.891,0.891,0.882,0.883,1.0,109527200.0,96986429.369,腾讯日K/前复权日K,2026-09-19T10:42:50+08:00,20260926T093659
159611,电力ETF广发,SZSE,2023-02-16,0.883,0.889,0.867,0.872,0.883,0.889,0.867,0.872,1.0,173162700.0,152674090.542,腾讯日K/前复权日K,2026-09-19T10:42:50+08:00,20260926T093659
159611,电力ETF广发,SZSE,2023-02-17,0.87,0.874,0.865,0.865,0.87,0.874,0.865,0.865,1.0,89412100.0,77869845.36,腾讯日K/前复权日K,2026-09-19T10:42:50+08:00,20260926T093659
159611,电力ETF广发,SZSE,2023-02-20,0.865,0.876,0.862,0.876,0.865,0.876,0.862,0.876,1.0,125062800.0,108665287.437,腾讯日K/前复权日K,2026-09-19T10:42:50+08:00,20260926T093659
159611,电力ETF广发,SZSE,2023-02-21,0.876,0.881,0.872,0.878,0.876,0.881,0.872,0.878,1.0,74347600.0,65198923.791,腾讯日K/前复权日K,2026-09-19T10:42:50+08:00,20260926T093659
159611,电力ETF广发,SZSE,2023-02-22,0.874,0.882,0.872,0.876,0.874,0.882,0.872,0.876,1.0,68554100.0,60215016.609,腾讯日K/前复权日K,2026-09-19T10:42:50+08:00,20260926T093659
159611,电力ETF广发,SZSE,2023-02-23,0.876,0.876,0.868,0.872,0.876,0.876,0.868,0.872,1.0,179396500.0,156101733.885,腾讯日K/前复权日K,2026-09-19T10:42:50+08:00,20260926T093659
159611,电力ETF广发,SZSE,2023-02-24,0.874,0.874,0.865,0.871,0.874,0.874,0.865,0.871,1.0,58552900.0,50896892.021,腾讯日K/前复权日K,2026-09-19T10:42:50+08:00,20260926T093659
159611,电力ETF广发,SZSE,2023-02-27,0.87,0.871,0.863,0.867,0.87,0.871,0.863,0.867,1.0,65519500.0,56810209.931,腾讯日K/前复权日K,2026-09-19T10:42:50+08:00,20260926T093659
159611,电力ETF广发,SZSE,2023-02-28,0.868,0.879,0.867,0.879,0.868,0.879,0.867,0.879,1.0,98391300.0,85776426.301,腾讯日K/前复权日K,2026-09-19T10:42:50+08:00,20260926T093659
159611,电力ETF广发,SZSE,2023-03-01,0.879,0.886,0.876,0.886,0.879,0.886,0.876,0.886,1.0,130147400.0,114795350.134,腾讯日K/前复权日K,2026-09-19T10:42:50+08:00,20260926T093659
159611,电力ETF广发,SZSE,2023-03-02,0.887,0.892,0.881,0.886,0.887,0.892,0.881,0.886,1.0,129077500.0,114546736.33,腾讯日K/前复权日K,2026-09-19T10:42:50+08:00,20260926T093659
159611,电力ETF广发,SZSE,2023-03-03,0.887,0.901,0.884,0.898,0.887,0.901,0.884,0.898,1.0,122386200.0,109373449.089,腾讯日K/前复权日K,2026-09-19T10:42:50+08:00,20260926T093659
159611,电力ETF广发,SZSE,2023-03-06,0.9,0.906,0.896,0.903,0.9,0.906,0.896,0.903,1.0,106422100.0,95835311.441,腾讯日K/前复权日K,2026-09-19T10:42:50+08:00,20260926T093659
159611,电力ETF广发,SZSE,2023-03-07,0.903,0.911,0.893,0.893,0.903,0.911,0.893,0.893,1.0,167600200.0,151637809.485,腾讯日K/前复权日K,2026-09-19T10:42:50+08:00,20260926T093659
159611,电力ETF广发,SZSE,2023-03-08,0.892,0.895,0.886,0.889,0.892,0.895,0.886,0.889,1.0,60672700.0,54036219.965,腾讯日K/前复权日K,2026-09-19T10:42:50+08:00,20260926T093659
159611,电力ETF广发,SZSE,2023-03-09,0.889,0.894,0.885,0.889,0.889,0.894,0.885,0.889,1.0,64197900.0,57051782.178,腾讯日K/前复权日K,2026-09-19T10:42:50+08:00,20260926T093659
159611,电力ETF广发,SZSE,2023-03-10,0.887,0.887,0.876,0.876,0.887,0.887,0.876,0.876,1.0,74266600.0,65376877.902,腾讯日K/前复权日K,2026-09-19T10:42:50+08:00,20260926T093659
159611,电力ETF广发,SZSE,2023-03-13,0.875,0.886,0.875,0.883,0.875,0.886,0.875,0.883,1.0,132441000.0,116810167.401,腾讯日K/前复权日K,2026-09-19T10:42:50+08:00,20260926T093659
159611,电力ETF广发,SZSE,2023-03-14,0.881,0.896,0.88,0.89,0.881,0.896,0.88,0.89,1.0,97747200.0,86879673.883,腾讯日K/前复权日K,2026-09-19T10:42:50+08:00,20260926T093659
159611,电力ETF广发,SZSE,2023-03-15,0.89,0.904,0.884,0.902,0.89,0.904,0.884,0.902,1.0,113554700.0,101826066.392,腾讯日K/前复权日K,2026-09-19T10:42:50+08:00,20260926T093659
159611,电力ETF广发,SZSE,2023-03-16,0.897,0.903,0.889,0.894,0.897,0.903,0.889,0.894,1.0,137937200.0,123838448.85,腾讯日K/前复权日K,2026-09-19T10:42:50+08:00,20260926T093659
159611,电力ETF广发,SZSE,2023-03-17,0.898,0.905,0.894,0.897,0.898,0.905,0.894,0.897,1.0,147069700.0,132434352.787,腾讯日K/前复权日K,2026-09-19T10:42:50+08:00,20260926T093659
159611,电力ETF广发,SZSE,2023-03-20,0.898,0.903,0.882,0.882,0.898,0.903,0.882,0.882,1.0,142995100.0,127499612.159,腾讯日K/前复权日K,2026-09-19T10:42:50+08:00,20260926T093659
159611,电力ETF广发,SZSE,2023-03-21,0.887,0.889,0.882,0.884,0.887,0.889,0.882,0.884,1.0,98087700.0,86732512.348,腾讯日K/前复权日K,2026-09-19T10:42:50+08:00,20260926T093659
159611,电力ETF广发,SZSE,2023-03-22,0.884,0.89,0.881,0.885,0.884,0.89,0.881,0.885,1.0,134911200.0,119248654.185,腾讯日K/前复权日K,2026-09-19T10:42:50+08:00,20260926T093659
159611,电力ETF广发,SZSE,2023-03-23,0.884,0.887,0.877,0.887,0.884,0.887,0.877,0.887,1.0,98121300.0,86499153.535,腾讯日K/前复权日K,2026-09-19T10:42:50+08:00,20260926T093659
159611,电力ETF广发,SZSE,2023-03-24,0.886,0.888,0.879,0.879,0.886,0.888,0.879,0.879,1.0,89768300.0,79133369.087,腾讯日K/前复权日K,2026-09-19T10:42:50+08:00,20260926T093659
159611,电力ETF广发,SZSE,2023-03-27,0.88,0.881,0.863,0.867,0.88,0.881,0.863,0.867,1.0,154428000.0,133938517.831,腾讯日K/前复权日K,2026-09-19T10:42:50+08:00,20260926T093659
159611,电力ETF广发,SZSE,2023-03-28,0.866,0.868,0.862,0.864,0.866,0.868,0.862,0.864,1.0,95148700.0,82287627.857,腾讯日K/前复权日K,2026-09-19T10:42:50+08:00,20260926T093659
159611,电力ETF广发,SZSE,2023-03-29,0.866,0.868,0.859,0.861,0.866,0.868,0.859,0.861,1.0,163399600.0,140896576.555,腾讯日K/前复权日K,2026-09-19T10:42:50+08:00,20260926T093659
159611,电力ETF广发,SZSE,2023-03-30,0.862,0.868,0.858,0.868,0.862,0.868,0.858,0.868,1.0,93710500.0,80980503.922,腾讯日K/前复权日K,2026-09-19T10:42:50+08:00,20260926T093659
159611,电力ETF广发,SZSE,2023-03-31,0.869,0.872,0.867,0.869,0.869,0.872,0.867,0.869,1.0,80863800.0,70293469.437,腾讯日K/前复权日K,2026-09-19T10:42:50+08:00,20260926T093659
159611,电力ETF广发,SZSE,2023-04-03,0.867,0.869,0.862,0.863,0.867,0.869,0.862,0.863,1.0,230024600.0,199103650.122,腾讯日K/前复权日K,2026-09-19T10:42:50+08:00,20260926T093659
159611,电力ETF广发,SZSE,2023-04-04,0.865,0.87,0.862,0.869,0.865,0.87,0.862,0.869,1.0,251212900.0,217656471.754,腾讯日K/前复权日K,2026-09-19T10:42:50+08:00,20260926T093659
159611,电力ETF广发,SZSE,2023-04-06,0.869,0.869,0.863,0.865,0.869,0.869,0.863,0.865,1.0,111497000.0,96416914.171,腾讯日K/前复权日K,2026-09-19T10:42:50+08:00,20260926T093659
159611,电力ETF广发,SZSE,2023-04-07,0.867,0.87,0.866,0.869,0.867,0.87,0.866,0.869,1.0,123429300.0,107176286.076,腾讯日K/前复权日K,2026-09-19T10:42:50+08:00,20260926T093659
159611,电力ETF广发,SZSE,2023-04-10,0.871,0.891,0.871,0.891,0.871,0.891,0.871,0.891,1.0,185133700.0,163509989.089,腾讯日K/前复权日K,2026-09-19T10:42:50+08:00,20260926T093659
159611,电力ETF广发,SZSE,2023-04-11,0.89,0.89,0.882,0.886,0.89,0.89,0.882,0.886,1.0,134267100.0,118739272.5,腾讯日K/前复权日K,2026-09-19T10:42:50+08:00,20260926T093659
159611,电力ETF广发,SZSE,2023-04-12,0.885,0.89,0.883,0.886,0.885,0.89,0.883,0.886,1.0,82782000.0,73304348.685,腾讯日K/前复权日K,2026-09-19T10:42:50+08:00,20260926T093659
159611,电力ETF广发,SZSE,2023-04-13,0.89,0.896,0.884,0.891,0.89,0.896,0.884,0.891,1.0,252309200.0,224238236.326,腾讯日K/前复权日K,2026-09-19T10:42:50+08:00,20260926T093659
159611,电力ETF广发,SZSE,2023-04-14,0.891,0.903,0.889,0.901,0.891,0.903,0.889,0.901,1.0,246507100.0,221580952.091,腾讯日K/前复权日K,2026-09-19T10:42:50+08:00,20260926T093659
159611,电力ETF广发,SZSE,2023-04-17,0.903,0.913,0.902,0.911,0.903,0.913,0.902,0.911,1.0,156220200.0,141951357.08,腾讯日K/前复权日K,2026-09-19T10:42:50+08:00,20260926T093659
159611,电力ETF广发,SZSE,2023-04-18,0.91,0.911,0.899,0.904,0.91,0.911,0.899,0.904,1.0,253078400.0,228320482.162,腾讯日K/前复权日K,2026-09-19T10:42:50+08:00,20260926T093659
159611,电力ETF广发,SZSE,2023-04-19,0.9,0.91,0.898,0.899,0.9,0.91,0.898,0.899,1.0,120459200.0,108906416.446,腾讯日K/前复权日K,2026-09-19T10:42:50+08:00,20260926T093659
159611,电力ETF广发,SZSE,2023-04-20,0.901,0.903,0.89,0.899,0.901,0.903,0.89,0.899,1.0,127233900.0,113648072.418,腾讯日K/前复权日K,2026-09-19T10:42:50+08:00,20260926T093659
159611,电力ETF广发,SZSE,2023-04-21,0.895,0.901,0.887,0.887,0.895,0.901,0.887,0.887,1.0,84938300.0,76010544.228,腾讯日K/前复权日K,2026-09-19T10:42:50+08:00,20260926T093659
159611,电力ETF广发,SZSE,2023-04-24,0.888,0.899,0.885,0.892,0.888,0.899,0.885,0.892,1.0,132277500.0,118005451.048,腾讯日K/前复权日K,2026-09-19T10:42:50+08:00,20260926T093659
159611,电力ETF广发,SZSE,2023-04-25,0.893,0.901,0.88,0.891,0.893,0.901,0.88,0.891,1.0,115796600.0,103116363.681,腾讯日K/前复权日K,2026-09-19T10:42:50+08:00,20260926T093659
159611,电力ETF广发,SZSE,2023-04-26,0.891,0.91,0.891,0.908,0.891,0.91,0.891,0.908,1.0,234061200.0,211640350.593,腾讯日K/前复权日K,2026-09-19T10:42:50+08:00,20260926T093659
159611,电力ETF广发,SZSE,2023-04-27,0.907,0.913,0.894,0.911,0.907,0.913,0.894,0.911,1.0,304314100.0,275147647.303,腾讯日K/前复权日K,2026-09-19T10:42:50+08:00,20260926T093659
159611,电力ETF广发,SZSE,2023-04-28,0.909,0.915,0.9,0.911,0.909,0.915,0.9,0.911,1.0,659724600.0,599526217.692,腾讯日K/前复权日K,2026-09-19T10:42:50+08:00,20260926T093659
159611,电力ETF广发,SZSE,2023-05-04,0.908,0.939,0.906,0.937,0.908,0.939,0.906,0.937,1.0,191091100.0,177627889.671,腾讯日K/前复权日K,2026-09-19T10:42:50+08:00,20260926T093659
159611,电力ETF广发,SZSE,2023-05-05,0.935,0.944,0.925,0.934,0.935,0.944,0.925,0.934,1.0,185380400.0,172765539.825,腾讯日K/前复权日K,2026-09-19T10:42:50+08:00,20260926T093659
159611,电力ETF广发,SZSE,2023-05-08,0.935,0.955,0.931,0.944,0.935,0.955,0.931,0.944,1.0,335848900.0,317701017.427,腾讯日K/前复权日K,2026-09-19T10:42:50+08:00,20260926T093659
159611,电力ETF广发,SZSE,2023-05-09,0.944,0.948,0.932,0.934,0.944,0.948,0.932,0.934,1.0,185863200.0,174858721.896,腾讯日K/前复权日K,2026-09-19T10:42:50+08:00,20260926T093659
159611,电力ETF广发,SZSE,2023-05-10,0.933,0.942,0.923,0.925,0.933,0.942,0.923,0.925,1.0,140786400.0,131210394.366,腾讯日K/前复权日K,2026-09-19T10:42:50+08:00,20260926T093659
159611,电力ETF广发,SZSE,2023-05-11,0.924,0.954,0.922,0.942,0.924,0.954,0.922,0.942,1.0,175141500.0,164734787.485,腾讯日K/前复权日K,2026-09-19T10:42:50+08:00,20260926T093659
159611,电力ETF广发,SZSE,2023-05-12,0.942,0.966,0.935,0.952,0.942,0.966,0.935,0.952,1.0,179006100.0,170639601.69,腾讯日K/前复权日K,2026-09-19T10:42:50+08:00,20260926T093659
159611,电力ETF广发,SZSE,2023-05-15,0.958,0.961,0.935,0.944,0.958,0.961,0.935,0.944,1.0,315325200.0,297533790.221,腾讯日K/前复权日K,2026-09-19T10:42:50+08:00,20260926T093659
159611,电力ETF广发,SZSE,2023-05-16,0.944,0.951,0.933,0.942,0.944,0.951,0.933,0.942,1.0,177571000.0,167519437.156,腾讯日K/前复权日K,2026-09-19T10:42:50+08:00,20260926T093659
159611,电力ETF广发,SZSE,2023-05-17,0.939,0.952,0.934,0.948,0.939,0.952,0.934,0.948,1.0,165396100.0,155985585.369,腾讯日K/前复权日K,2026-09-19T10:42:50+08:00,20260926T093659
159611,电力ETF广发,SZSE,2023-05-18,0.945,0.956,0.937,0.942,0.945,0.956,0.937,0.942,1.0,245384600.0,231773098.187,腾讯日K/前复权日K,2026-09-19T10:42:50+08:00,20260926T093659
159611,电力ETF广发,SZSE,2023-05-19,0.939,0.94,0.928,0.929,0.939,0.94,0.928,0.929,1.0,131568900.0,122885499.607,腾讯日K/前复权日K,2026-09-19T10:42:50+08:00,20260926T093659
159611,电力ETF广发,SZSE,2023-05-22,0.93,0.961,0.93,0.959,0.93,0.961,0.93,0.959,1.0,272858800.0,260129578.364,腾讯日K/前复权日K,2026-09-19T10:42:50+08:00,20260926T093659
159611,电力ETF广发,SZSE,2023-05-23,0.955,0.958,0.936,0.936,0.955,0.958,0.936,0.936,1.0,220061300.0,207564153.355,腾讯日K/前复权日K,2026-09-19T10:42:50+08:00,20260926T093659
159611,电力ETF广发,SZSE,2023-05-24,0.935,0.94,0.925,0.926,0.935,0.94,0.925,0.926,1.0,188414300.0,175443436.231,腾讯日K/前复权日K,2026-09-19T10:42:50+08:00,20260926T093659
159611,电力ETF广发,SZSE,2023-05-25,0.926,0.94,0.923,0.939,0.926,0.94,0.923,0.939,1.0,160265700.0,149704826.812,腾讯日K/前复权日K,2026-09-19T10:42:50+08:00,20260926T093659
159611,电力ETF广发,SZSE,2023-05-26,0.94,0.952,0.939,0.945,0.94,0.952,0.939,0.945,1.0,189344200.0,178846088.866,腾讯日K/前复权日K,2026-09-19T10:42:50+08:00,20260926T093659
159611,电力ETF广发,SZSE,2023-05-29,0.944,0.977,0.941,0.975,0.944,0.977,0.941,0.975,1.0,223780700.0,216467294.874,腾讯日K/前复权日K,2026-09-19T10:42:50+08:00,20260926T093659
159611,电力ETF广发,SZSE,2023-05-30,0.974,0.975,0.959,0.969,0.974,0.975,0.959,0.969,1.0,211022800.0,204045399.798,腾讯日K/前复权日K,2026-09-19T10:42:50+08:00,20260926T093659
159611,电力ETF广发,SZSE,2023-05-31,0.969,0.97,0.953,0.962,0.969,0.97,0.953,0.962,1.0,294217000.0,282096684.991,腾讯日K/前复权日K,2026-09-19T10:42:50+08:00,20260926T093659
159611,电力ETF广发,SZSE,2023-06-01,0.962,0.964,0.944,0.945,0.962,0.964,0.944,0.945,1.0,267154400.0,253828252.622,腾讯日K/前复权日K,2026-09-19T10:42:50+08:00,20260926T093659
159611,电力ETF广发,SZSE,2023-06-02,0.947,0.955,0.943,0.946,0.947,0.955,0.943,0.946,1.0,185249400.0,175505222.918,腾讯日K/前复权日K,2026-09-19T10:42:50+08:00,20260926T093659
159611,电力ETF广发,SZSE,2023-06-05,0.946,0.955,0.94,0.945,0.946,0.955,0.94,0.945,1.0,549611800.0,519960639.832,腾讯日K/前复权日K,2026-09-19T10:42:50+08:00,20260926T093659
159611,电力ETF广发,SZSE,2023-06-06,0.946,0.948,0.919,0.922,0.946,0.948,0.919,0.922,1.0,268737500.0,249700555.182,腾讯日K/前复权日K,2026-09-19T10:42:50+08:00,20260926T093659
159611,电力ETF广发,SZSE,2023-06-07,0.92,0.925,0.915,0.919,0.92,0.925,0.915,0.919,1.0,172641600.0,158835330.935,腾讯日K/前复权日K,2026-09-19T10:42:50+08:00,20260926T093659
159611,电力ETF广发,SZSE,2023-06-08,0.917,0.929,0.912,0.928,0.917,0.929,0.912,0.928,1.0,209125700.0,192857328.379,腾讯日K/前复权日K,2026-09-19T10:42:50+08:00,20260926T093659
159611,电力ETF广发,SZSE,2023-06-09,0.928,0.945,0.924,0.945,0.928,0.945,0.924,0.945,1.0,165643700.0,155183235.744,腾讯日K/前复权日K,2026-09-19T10:42:50+08:00,20260926T093659
159611,电力ETF广发,SZSE,2023-06-12,0.942,0.948,0.926,0.928,0.942,0.948,0.926,0.928,1.0,169608500.0,158283693.358,腾讯日K/前复权日K,2026-09-19T10:42:50+08:00,20260926T093659
159611,电力ETF广发,SZSE,2023-06-13,0.928,0.931,0.918,0.921,0.928,0.931,0.918,0.921,1.0,199649000.0,184117483.428,腾讯日K/前复权日K,2026-09-19T10:42:50+08:00,20260926T093659
159611,电力ETF广发,SZSE,2023-06-14,0.924,0.924,0.909,0.91,0.924,0.924,0.909,0.91,1.0,273674900.0,250122656.488,腾讯日K/前复权日K,2026-09-19T10:42:50+08:00,20260926T093659
159611,电力ETF广发,SZSE,2023-06-15,0.91,0.919,0.906,0.919,0.91,0.919,0.906,0.919,1.0,336070800.0,306393871.708,腾讯日K/前复权日K,2026-09-19T10:42:50+08:00,20260926T093659
159611,电力ETF广发,SZSE,2023-06-16,0.917,0.917,0.907,0.911,0.917,0.917,0.907,0.911,1.0,329024600.0,299817941.028,腾讯日K/前复权日K,2026-09-19T10:42:50+08:00,20260926T093659
159611,电力ETF广发,SZSE,2023-06-19,0.911,0.921,0.905,0.919,0.911,0.921,0.905,0.919,1.0,362160000.0,331012824.412,腾讯日K/前复权日K,2026-09-19T10:42:50+08:00,20260926T093659
159611,电力ETF广发,SZSE,2023-06-20,0.92,0.92,0.91,0.915,0.92,0.92,0.91,0.915,1.0,197844000.0,181083918.315,腾讯日K/前复权日K,2026-09-19T10:42:50+08:00,20260926T093659
159611,电力ETF广发,SZSE,2023-06-21,0.915,0.93,0.913,0.918,0.915,0.93,0.913,0.918,1.0,333216500.0,307566605.907,腾讯日K/前复权日K,2026-09-19T10:42:50+08:00,20260926T093659
159611,电力ETF广发,SZSE,2023-06-26,0.918,0.942,0.915,0.942,0.918,0.942,0.915,0.942,1.0,423709100.0,395294171.874,腾讯日K/前复权日K,2026-09-19T10:42:50+08:00,20260926T093659
159611,电力ETF广发,SZSE,2023-06-27,0.943,0.943,0.92,0.937,0.943,0.943,0.92,0.937,1.0,355250800.0,330387124.454,腾讯日K/前复权日K,2026-09-19T10:42:50+08:00,20260926T093659
159611,电力ETF广发,SZSE,2023-06-28,0.931,0.953,0.931,0.951,0.931,0.953,0.931,0.951,1.0,574732400.0,543953778.894,腾讯日K/前复权日K,2026-09-19T10:42:50+08:00,20260926T093659
159611,电力ETF广发,SZSE,2023-06-29,0.947,0.949,0.937,0.944,0.947,0.949,0.937,0.944,1.0,422215400.0,398683870.446,腾讯日K/前复权日K,2026-09-19T10:42:50+08:00,20260926T093659
159611,电力ETF广发,SZSE,2023-06-30,0.944,0.949,0.935,0.94,0.944,0.949,0.935,0.94,1.0,208205300.0,195513666.688,腾讯日K/前复权日K,2026-09-19T10:42:50+08:00,20260926T093659
159611,电力ETF广发,SZSE,2023-07-03,0.941,0.951,0.937,0.948,0.941,0.951,0.937,0.948,1.0,170306000.0,160812204.113,腾讯日K/前复权日K,2026-09-19T10:42:50+08:00,20260926T093659
159611,电力ETF广发,SZSE,2023-07-04,0.948,0.948,0.934,0.941,0.948,0.948,0.934,0.941,1.0,184953500.0,173661662.486,腾讯日K/前复权日K,2026-09-19T10:42:50+08:00,20260926T093659
159611,电力ETF广发,SZSE,2023-07-05,0.94,0.947,0.936,0.938,0.94,0.947,0.936,0.938,1.0,124306800.0,116794390.08,腾讯日K/前复权日K,2026-09-19T10:42:50+08:00,20260926T093659
159611,电力ETF广发,SZSE,2023-07-06,0.94,0.942,0.934,0.936,0.94,0.942,0.934,0.936,1.0,219176600.0,205452927.576,腾讯日K/前复权日K,2026-09-19T10:42:50+08:00,20260926T093659
159611,电力ETF广发,SZSE,2023-07-07,0.936,0.946,0.934,0.944,0.936,0.946,0.934,0.944,1.0,167785400.0,158169202.283,腾讯日K/前复权日K,2026-09-19T10:42:50+08:00,20260926T093659
159611,电力ETF广发,SZSE,2023-07-10,0.952,0.96,0.942,0.951,0.952,0.96,0.942,0.951,1.0,327643400.0,310971230.072,腾讯日K/前复权日K,2026-09-19T10:42:50+08:00,20260926T093659
159611,电力ETF广发,SZSE,2023-07-11,0.95,0.95,0.936,0.945,0.95,0.95,0.936,0.945,1.0,201016900.0,189390405.21,腾讯日K/前复权日K,2026-09-19T10:42:50+08:00,20260926T093659
159611,电力ETF广发,SZSE,2023-07-12,0.943,0.95,0.94,0.944,0.943,0.95,0.94,0.944,1.0,209036800.0,197475768.46,腾讯日K/前复权日K,2026-09-19T10:42:50+08:00,20260926T093659
159611,电力ETF广发,SZSE,2023-07-13,0.944,0.949,0.94,0.948,0.944,0.949,0.94,0.948,1.0,119436900.0,112958509.099,腾讯日K/前复权日K,2026-09-19T10:42:50+08:00,20260926T093659
159611,电力ETF广发,SZSE,2023-07-14,0.945,0.947,0.936,0.937,0.945,0.947,0.936,0.937,1.0,451730400.0,423773937.929,腾讯日K/前复权日K,2026-09-19T10:42:50+08:00,20260926T093659
159611,电力ETF广发,SZSE,2023-07-17,0.94,0.943,0.935,0.938,0.94,0.943,0.935,0.938,1.0,269014800.0,252079905.273,腾讯日K/前复权日K,2026-09-19T10:42:50+08:00,20260926T093659
159611,电力ETF广发,SZSE,2023-07-18,0.938,0.939,0.928,0.93,0.938,0.939,0.928,0.93,1.0,134640100.0,125327036.806,腾讯日K/前复权日K,2026-09-19T10:42:50+08:00,20260926T093659
159611,电力ETF广发,SZSE,2023-07-19,0.932,0.934,0.924,0.93,0.932,0.934,0.924,0.93,1.0,101389800.0,94135060.618,腾讯日K/前复权日K,2026-09-19T10:42:50+08:00,20260926T093659
159611,电力ETF广发,SZSE,2023-07-20,0.93,0.932,0.919,0.92,0.93,0.932,0.919,0.92,1.0,115815600.0,107114518.647,腾讯日K/前复权日K,2026-09-19T10:42:50+08:00,20260926T093659
159611,电力ETF广发,SZSE,2023-07-21,0.922,0.925,0.918,0.921,0.922,0.925,0.918,0.921,1.0,113463200.0,104589087.677,腾讯日K/前复权日K,2026-09-19T10:42:50+08:00,20260926T093659
159611,电力ETF广发,SZSE,2023-07-24,0.92,0.928,0.915,0.926,0.92,0.928,0.915,0.926,1.0,142964800.0,132086155.523,腾讯日K/前复权日K,2026-09-19T10:42:50+08:00,20260926T093659
159611,电力ETF广发,SZSE,2023-07-25,0.929,0.931,0.912,0.92,0.929,0.931,0.912,0.92,1.0,222798800.0,204501988.354,腾讯日K/前复权日K,2026-09-19T10:42:50+08:00,20260926T093659
159611,电力ETF广发,SZSE,2023-07-26,0.918,0.919,0.912,0.919,0.918,0.919,0.912,0.919,1.0,205000800.0,187429763.342,腾讯日K/前复权日K,2026-09-19T10:42:50+08:00,20260926T093659
159611,电力ETF广发,SZSE,2023-07-27,0.917,0.924,0.913,0.915,0.917,0.924,0.913,0.915,1.0,137593500.0,126255482.844,腾讯日K/前复权日K,2026-09-19T10:42:50+08:00,20260926T093659
159611,电力ETF广发,SZSE,2023-07-28,0.913,0.919,0.908,0.918,0.913,0.919,0.908,0.918,1.0,165092500.0,150902693.405,腾讯日K/前复权日K,2026-09-19T10:42:50+08:00,20260926T093659
159611,电力ETF广发,SZSE,2023-07-31,0.92,0.925,0.918,0.925,0.92,0.925,0.918,0.925,1.0,268179000.0,247162638.389,腾讯日K/前复权日K,2026-09-19T10:42:50+08:00,20260926T093659
159611,电力ETF广发,SZSE,2023-08-01,0.926,0.938,0.924,0.937,0.926,0.938,0.924,0.937,1.0,222645500.0,207419505.527,腾讯日K/前复权日K,2026-09-19T10:42:50+08:00,20260926T093659
159611,电力ETF广发,SZSE,2023-08-02,0.938,0.938,0.928,0.929,0.938,0.938,0.928,0.929,1.0,105964300.0,98631686.832,腾讯日K/前复权日K,2026-09-19T10:42:50+08:00,20260926T093659
159611,电力ETF广发,SZSE,2023-08-03,0.929,0.937,0.926,0.935,0.929,0.937,0.926,0.935,1.0,104749400.0,97785317.796,腾讯日K/前复权日K,2026-09-19T10:42:50+08:00,20260926T093659
159611,电力ETF广发,SZSE,2023-08-04,0.938,0.942,0.931,0.931,0.938,0.942,0.931,0.931,1.0,131081600.0,122474364.107,腾讯日K/前复权日K,2026-09-19T10:42:50+08:00,20260926T093659
159611,电力ETF广发,SZSE,2023-08-07,0.932,0.937,0.926,0.936,0.932,0.937,0.926,0.936,1.0,105589800.0,98490254.732,腾讯日K/前复权日K,2026-09-19T10:42:50+08:00,20260926T093659
159611,电力ETF广发,SZSE,2023-08-08,0.935,0.942,0.93,0.933,0.935,0.942,0.93,0.933,1.0,146130400.0,136424214.201,腾讯日K/前复权日K,2026-09-19T10:42:50+08:00,20260926T093659
159611,电力ETF广发,SZSE,2023-08-09,0.932,0.933,0.92,0.922,0.932,0.933,0.92,0.922,1.0,151963900.0,140198099.536,腾讯日K/前复权日K,2026-09-19T10:42:50+08:00,20260926T093659
159611,电力ETF广发,SZSE,2023-08-10,0.924,0.927,0.921,0.925,0.924,0.927,0.921,0.925,1.0,89282200.0,82524888.566,腾讯日K/前复权日K,2026-09-19T10:42:50+08:00,20260926T093659
159611,电力ETF广发,SZSE,2023-08-11,0.928,0.928,0.909,0.909,0.928,0.928,0.909,0.909,1.0,86540800.0,79240654.937,腾讯日K/前复权日K,2026-09-19T10:42:50+08:00,20260926T093659
159611,电力ETF广发,SZSE,2023-08-14,0.908,0.919,0.901,0.918,0.908,0.919,0.901,0.918,1.0,103889200.0,94665069.201,腾讯日K/前复权日K,2026-09-19T10:42:50+08:00,20260926T093659
159611,电力ETF广发,SZSE,2023-08-15,0.913,0.929,0.913,0.922,0.913,0.929,0.913,0.922,1.0,109932200.0,101444358.32,腾讯日K/前复权日K,2026-09-19T10:42:50+08:00,20260926T093659
159611,电力ETF广发,SZSE,2023-08-16,0.92,0.921,0.914,0.914,0.92,0.921,0.914,0.914,1.0,50476400.0,46271113.81,腾讯日K/前复权日K,2026-09-19T10:42:50+08:00,20260926T093659
159611,电力ETF广发,SZSE,2023-08-17,0.912,0.917,0.906,0.915,0.912,0.917,0.906,0.915,1.0,68919800.0,62727966.2,腾讯日K/前复权日K,2026-09-19T10:42:50+08:00,20260926T093659
159611,电力ETF广发,SZSE,2023-08-18,0.915,0.921,0.912,0.912,0.915,0.921,0.912,0.912,1.0,79752200.0,73060681.274,腾讯日K/前复权日K,2026-09-19T10:42:50+08:00,20260926T093659
159611,电力ETF广发,SZSE,2023-08-21,0.912,0.913,0.9,0.9,0.912,0.913,0.9,0.9,1.0,107010900.0,97067008.437,腾讯日K/前复权日K,2026-09-19T10:42:50+08:00,20260926T093659
159611,电力ETF广发,SZSE,2023-08-22,0.901,0.907,0.889,0.899,0.901,0.907,0.889,0.899,1.0,120830300.0,108354996.875,腾讯日K/前复权日K,2026-09-19T10:42:50+08:00,20260926T093659
159611,电力ETF广发,SZSE,2023-08-23,0.897,0.899,0.886,0.887,0.897,0.899,0.886,0.887,1.0,67807500.0,60641478.295,腾讯日K/前复权日K,2026-09-19T10:42:50+08:00,20260926T093659
159611,电力ETF广发,SZSE,2023-08-24,0.888,0.891,0.876,0.879,0.888,0.891,0.876,0.879,1.0,85010600.0,74891610.984,腾讯日K/前复权日K,2026-09-19T10:42:50+08:00,20260926T093659
159611,电力ETF广发,SZSE,2023-08-25,0.876,0.893,0.874,0.883,0.876,0.893,0.874,0.883,1.0,106927600.0,94819306.296,腾讯日K/前复权日K,2026-09-19T10:42:50+08:00,20260926T093659
159611,电力ETF广发,SZSE,2023-08-28,0.912,0.917,0.881,0.889,0.912,0.917,0.881,0.889,1.0,112228500.0,100464542.272,腾讯日K/前复权日K,2026-09-19T10:42:50+08:00,20260926T093659
159611,电力ETF广发,SZSE,2023-08-29,0.887,0.891,0.882,0.888,0.887,0.891,0.882,0.888,1.0,117731700.0,104449779.442,腾讯日K/前复权日K,2026-09-19T10:42:50+08:00,20260926T093659
159611,电力ETF广发,SZSE,2023-08-30,0.889,0.893,0.877,0.88,0.889,0.893,0.877,0.88,1.0,146482000.0,129206700.21,腾讯日K/前复权日K,2026-09-19T10:42:50+08:00,20260926T093659
159611,电力ETF广发,SZSE,2023-08-31,0.879,0.885,0.878,0.882,0.879,0.885,0.878,0.882,1.0,61091100.0,53819989.576,腾讯日K/前复权日K,2026-09-19T10:42:50+08:00,20260926T093659
159611,电力ETF广发,SZSE,2023-09-01,0.882,0.883,0.876,0.882,0.882,0.883,0.876,0.882,1.0,97915500.0,86097721.776,腾讯日K/前复权日K,2026-09-19T10:42:50+08:00,20260926T093659
159611,电力ETF广发,SZSE,2023-09-04,0.882,0.884,0.873,0.883,0.882,0.884,0.873,0.883,1.0,221142100.0,194753906.353,腾讯日K/前复权日K,2026-09-19T10:42:50+08:00,20260926T093659
159611,电力ETF广发,SZSE,2023-09-05,0.882,0.893,0.88,0.892,0.882,0.893,0.88,0.892,1.0,122774400.0,108977940.365,腾讯日K/前复权日K,2026-09-19T10:42:50+08:00,20260926T093659
159611,电力ETF广发,SZSE,2023-09-06,0.887,0.89,0.885,0.887,0.887,0.89,0.885,0.887,1.0,68690500.0,60930659.325,腾讯日K/前复权日K,2026-09-19T10:42:50+08:00,20260926T093659
159611,电力ETF广发,SZSE,2023-09-07,0.888,0.888,0.875,0.875,0.888,0.888,0.875,0.875,1.0,87903500.0,77177618.286,腾讯日K/前复权日K,2026-09-19T10:42:50+08:00,20260926T093659
159611,电力ETF广发,SZSE,2023-09-08,0.872,0.889,0.871,0.886,0.872,0.889,0.871,0.886,1.0,114395900.0,100725664.631,腾讯日K/前复权日K,2026-09-19T10:42:50+08:00,20260926T093659
159611,电力ETF广发,SZSE,2023-09-11,0.886,0.892,0.883,0.891,0.886,0.892,0.883,0.891,1.0,89669300.0,79710046.23,腾讯日K/前复权日K,2026-09-19T10:42:50+08:00,20260926T093659
159611,电力ETF广发,SZSE,2023-09-12,0.891,0.898,0.889,0.893,0.891,0.898,0.889,0.893,1.0,58228300.0,52041568.575,腾讯日K/前复权日K,2026-09-19T10:42:50+08:00,20260926T093659
159611,电力ETF广发,SZSE,2023-09-13,0.895,0.898,0.888,0.894,0.895,0.898,0.888,0.894,1.0,73936900.0,65979266.85,腾讯日K/前复权日K,2026-09-19T10:42:50+08:00,20260926T093659
159611,电力ETF广发,SZSE,2023-09-14,0.893,0.905,0.893,0.902,0.893,0.905,0.893,0.902,1.0,87519800.0,78877944.238,腾讯日K/前复权日K,2026-09-19T10:42:50+08:00,20260926T093659
159611,电力ETF广发,SZSE,2023-09-15,0.902,0.904,0.888,0.893,0.902,0.904,0.888,0.893,1.0,96770700.0,86626312.39,腾讯日K/前复权日K,2026-09-19T10:42:50+08:00,20260926T093659
159611,电力ETF广发,SZSE,2023-09-18,0.892,0.892,0.882,0.889,0.892,0.892,0.882,0.889,1.0,58503300.0,51822273.0,腾讯日K/前复权日K,2026-09-19T10:42:50+08:00,20260926T093659
159611,电力ETF广发,SZSE,2023-09-19,0.889,0.891,0.884,0.89,0.889,0.891,0.884,0.89,1.0,51687400.0,45914306.626,腾讯日K/前复权日K,2026-09-19T10:42:50+08:00,20260926T093659
159611,电力ETF广发,SZSE,2023-09-20,0.887,0.889,0.88,0.88,0.887,0.889,0.88,0.88,1.0,74789500.0,66069084.15,腾讯日K/前复权日K,2026-09-19T10:42:50+08:00,20260926T093659
159611,电力ETF广发,SZSE,2023-09-21,0.88,0.886,0.875,0.877,0.88,0.886,0.875,0.877,1.0,94251200.0,82807834.884,腾讯日K/前复权日K,2026-09-19T10:42:50+08:00,20260926T093659
159611,电力ETF广发,SZSE,2023-09-22,0.876,0.88,0.872,0.88,0.876,0.88,0.872,0.88,1.0,60710000.0,53190060.964,腾讯日K/前复权日K,2026-09-19T10:42:50+08:00,20260926T093659
159611,电力ETF广发,SZSE,2023-09-25,0.878,0.88,0.874,0.875,0.878,0.88,0.874,0.875,1.0,47291700.0,41478305.9,腾讯日K/前复权日K,2026-09-19T10:42:50+08:00,20260926T093659
159611,电力ETF广发,SZSE,2023-09-26,0.877,0.878,0.87,0.875,0.877,0.878,0.87,0.875,1.0,49543200.0,43279981.268,腾讯日K/前复权日K,2026-09-19T10:42:50+08:00,20260926T093659
159611,电力ETF广发,SZSE,2023-09-27,0.872,0.879,0.872,0.872,0.872,0.879,0.872,0.872,1.0,156721400.0,137031329.786,腾讯日K/前复权日K,2026-09-19T10:42:50+08:00,20260926T093659
159611,电力ETF广发,SZSE,2023-09-28,0.874,0.876,0.87,0.871,0.874,0.876,0.87,0.871,1.0,44640900.0,38940236.766,腾讯日K/前复权日K,2026-09-19T10:42:50+08:00,20260926T093659
159611,电力ETF广发,SZSE,2023-10-09,0.872,0.88,0.869,0.879,0.872,0.88,0.869,0.879,1.0,179630700.0,157536833.878,腾讯日K/前复权日K,2026-09-19T10:42:50+08:00,20260926T093659
159611,电力ETF广发,SZSE,2023-10-10,0.879,0.879,0.871,0.871,0.879,0.879,0.871,0.871,1.0,42494700.0,37115136.617,腾讯日K/前复权日K,2026-09-19T10:42:50+08:00,20260926T093659
159611,电力ETF广发,SZSE,2023-10-11,0.873,0.876,0.865,0.867,0.873,0.876,0.865,0.867,1.0,63425400.0,55145378.734,腾讯日K/前复权日K,2026-09-19T10:42:50+08:00,20260926T093659
159611,电力ETF广发,SZSE,2023-10-12,0.869,0.875,0.869,0.874,0.869,0.875,0.869,0.874,1.0,37959900.0,33127437.907,腾讯日K/前复权日K,2026-09-19T10:42:50+08:00,20260926T093659
159611,电力ETF广发,SZSE,2023-10-13,0.875,0.879,0.868,0.87,0.875,0.879,0.868,0.87,1.0,27205400.0,23702146.799,腾讯日K/前复权日K,2026-09-19T10:42:50+08:00,20260926T093659
159611,电力ETF广发,SZSE,2023-10-16,0.87,0.875,0.866,0.871,0.87,0.875,0.866,0.871,1.0,36979300.0,32128431.004,腾讯日K/前复权日K,2026-09-19T10:42:50+08:00,20260926T093659
159611,电力ETF广发,SZSE,2023-10-17,0.873,0.881,0.871,0.878,0.873,0.881,0.871,0.878,1.0,42965600.0,37636437.624,腾讯日K/前复权日K,2026-09-19T10:42:50+08:00,20260926T093659
159611,电力ETF广发,SZSE,2023-10-18,0.875,0.877,0.863,0.865,0.875,0.877,0.863,0.865,1.0,51122000.0,44349969.104,腾讯日K/前复权日K,2026-09-19T10:42:50+08:00,20260926T093659
159611,电力ETF广发,SZSE,2023-10-19,0.862,0.862,0.85,0.852,0.862,0.862,0.85,0.852,1.0,53971200.0,46119952.1,腾讯日K/前复权日K,2026-09-19T10:42:50+08:00,20260926T093659
159611,电力ETF广发,SZSE,2023-10-20,0.85,0.859,0.846,0.854,0.85,0.859,0.846,0.854,1.0,102607700.0,87583482.67,腾讯日K/前复权日K,2026-09-19T10:42:50+08:00,20260926T093659
159611,电力ETF广发,SZSE,2023-10-23,0.853,0.853,0.829,0.831,0.853,0.853,0.829,0.831,1.0,121715600.0,101881066.695,腾讯日K/前复权日K,2026-09-19T10:42:50+08:00,20260926T093659
159611,电力ETF广发,SZSE,2023-10-24,0.835,0.844,0.828,0.842,0.835,0.844,0.828,0.842,1.0,48113900.0,40309221.051,腾讯日K/前复权日K,2026-09-19T10:42:50+08:00,20260926T093659
159611,电力ETF广发,SZSE,2023-10-25,0.847,0.849,0.837,0.84,0.847,0.849,0.837,0.84,1.0,39271600.0,33055741.87,腾讯日K/前复权日K,2026-09-19T10:42:50+08:00,20260926T093659
159611,电力ETF广发,SZSE,2023-10-26,0.837,0.859,0.835,0.856,0.837,0.859,0.835,0.856,1.0,81330600.0,69238187.258,腾讯日K/前复权日K,2026-09-19T10:42:50+08:00,20260926T093659
159611,电力ETF广发,SZSE,2023-10-27,0.853,0.867,0.853,0.863,0.853,0.867,0.853,0.863,1.0,50368600.0,43483327.264,腾讯日K/前复权日K,2026-09-19T10:42:50+08:00,20260926T093659
159611,电力ETF广发,SZSE,2023-10-30,0.863,0.87,0.86,0.866,0.863,0.87,0.86,0.866,1.0,88973400.0,76873172.96,腾讯日K/前复权日K,2026-09-19T10:42:50+08:00,20260926T093659
159611,电力ETF广发,SZSE,2023-10-31,0.863,0.867,0.86,0.865,0.863,0.867,0.86,0.865,1.0,138483400.0,119496946.995,腾讯日K/前复权日K,2026-09-19T10:42:50+08:00,20260926T093659
159611,电力ETF广发,SZSE,2023-11-01,0.866,0.869,0.862,0.869,0.866,0.869,0.862,0.869,1.0,50885600.0,44033363.806,腾讯日K/前复权日K,2026-09-19T10:42:50+08:00,20260926T093659
159611,电力ETF广发,SZSE,2023-11-02,0.868,0.87,0.86,0.864,0.868,0.87,0.86,0.864,1.0,117494500.0,101811742.785,腾讯日K/前复权日K,2026-09-19T10:42:50+08:00,20260926T093659
159611,电力ETF广发,SZSE,2023-11-03,0.864,0.875,0.863,0.865,0.864,0.875,0.863,0.865,1.0,65076000.0,56547467.288,腾讯日K/前复权日K,2026-09-19T10:42:50+08:00,20260926T093659
159611,电力ETF广发,SZSE,2023-11-06,0.867,0.87,0.858,0.861,0.867,0.87,0.858,0.861,1.0,177402100.0,152553190.394,腾讯日K/前复权日K,2026-09-19T10:42:50+08:00,20260926T093659
159611,电力ETF广发,SZSE,2023-11-07,0.86,0.861,0.855,0.858,0.86,0.861,0.855,0.858,1.0,55625000.0,47673367.048,腾讯日K/前复权日K,2026-09-19T10:42:50+08:00,20260926T093659
159611,电力ETF广发,SZSE,2023-11-08,0.86,0.86,0.852,0.856,0.86,0.86,0.852,0.856,1.0,48434800.0,41464165.311,腾讯日K/前复权日K,2026-09-19T10:42:50+08:00,20260926T093659
159611,电力ETF广发,SZSE,2023-11-09,0.855,0.864,0.853,0.861,0.855,0.864,0.853,0.861,1.0,58415300.0,50268218.24,腾讯日K/前复权日K,2026-09-19T10:42:50+08:00,20260926T093659
159611,电力ETF广发,SZSE,2023-11-10,0.86,0.866,0.849,0.865,0.86,0.866,0.849,0.865,1.0,75642200.0,65049937.326,腾讯日K/前复权日K,2026-09-19T10:42:50+08:00,20260926T093659
159611,电力ETF广发,SZSE,2023-11-13,0.866,0.873,0.856,0.865,0.866,0.873,0.856,0.865,1.0,52714200.0,45489676.045,腾讯日K/前复权日K,2026-09-19T10:42:50+08:00,20260926T093659
159611,电力ETF广发,SZSE,2023-11-14,0.864,0.871,0.862,0.865,0.864,0.871,0.862,0.865,1.0,54478400.0,47184602.1,腾讯日K/前复权日K,2026-09-19T10:42:50+08:00,20260926T093659
159611,电力ETF广发,SZSE,2023-11-15,0.868,0.87,0.862,0.868,0.868,0.87,0.862,0.868,1.0,171672500.0,149020193.665,腾讯日K/前复权日K,2026-09-19T10:42:50+08:00,20260926T093659
159611,电力ETF广发,SZSE,2023-11-16,0.867,0.869,0.863,0.865,0.867,0.869,0.863,0.865,1.0,37762000.0,32712937.943,腾讯日K/前复权日K,2026-09-19T10:42:50+08:00,20260926T093659
159611,电力ETF广发,SZSE,2023-11-17,0.863,0.867,0.862,0.866,0.863,0.867,0.862,0.866,1.0,30995800.0,26812057.25,腾讯日K/前复权日K,2026-09-19T10:42:50+08:00,20260926T093659
159611,电力ETF广发,SZSE,2023-11-20,0.866,0.872,0.864,0.867,0.866,0.872,0.864,0.867,1.0,177080500.0,153418127.315,腾讯日K/前复权日K,2026-09-19T10:42:50+08:00,20260926T093659
159611,电力ETF广发,SZSE,2023-11-21,0.865,0.869,0.863,0.863,0.865,0.869,0.863,0.863,1.0,34163000.0,29575585.634,腾讯日K/前复权日K,2026-09-19T10:42:50+08:00,20260926T093659
159611,电力ETF广发,SZSE,2023-11-22,0.863,0.866,0.858,0.858,0.863,0.866,0.858,0.858,1.0,36242200.0,31230966.105,腾讯日K/前复权日K,2026-09-19T10:42:50+08:00,20260926T093659
159611,电力ETF广发,SZSE,2023-11-23,0.857,0.862,0.857,0.861,0.857,0.862,0.857,0.861,1.0,31447500.0,27023727.312,腾讯日K/前复权日K,2026-09-19T10:42:50+08:00,20260926T093659
159611,电力ETF广发,SZSE,2023-11-24,0.861,0.863,0.856,0.857,0.861,0.863,0.856,0.857,1.0,73527400.0,63115844.884,腾讯日K/前复权日K,2026-09-19T10:42:50+08:00,20260926T093659
159611,电力ETF广发,SZSE,2023-11-27,0.858,0.86,0.851,0.857,0.858,0.86,0.851,0.857,1.0,43617300.0,37296431.772,腾讯日K/前复权日K,2026-09-19T10:42:50+08:00,20260926T093659
159611,电力ETF广发,SZSE,2023-11-28,0.858,0.861,0.852,0.861,0.858,0.861,0.852,0.861,1.0,159854700.0,137324883.188,腾讯日K/前复权日K,2026-09-19T10:42:50+08:00,20260926T093659
159611,电力ETF广发,SZSE,2023-11-29,0.859,0.862,0.853,0.855,0.859,0.862,0.853,0.855,1.0,30101200.0,25787184.32,腾讯日K/前复权日K,2026-09-19T10:42:50+08:00,20260926T093659
159611,电力ETF广发,SZSE,2023-11-30,0.855,0.865,0.854,0.865,0.855,0.865,0.854,0.865,1.0,49039500.0,42230906.076,腾讯日K/前复权日K,2026-09-19T10:42:50+08:00,20260926T093659
159611,电力ETF广发,SZSE,2023-12-01,0.865,0.868,0.859,0.868,0.865,0.868,0.859,0.868,1.0,51268600.0,44348396.339,腾讯日K/前复权日K,2026-09-19T10:42:50+08:00,20260926T093659
159611,电力ETF广发,SZSE,2023-12-04,0.869,0.87,0.863,0.864,0.869,0.87,0.863,0.864,1.0,49967500.0,43264732.499,腾讯日K/前复权日K,2026-09-19T10:42:50+08:00,20260926T093659
159611,电力ETF广发,SZSE,2023-12-05,0.865,0.872,0.857,0.857,0.865,0.872,0.857,0.857,1.0,59078900.0,51202768.663,腾讯日K/前复权日K,2026-09-19T10:42:50+08:00,20260926T093659
159611,电力ETF广发,SZSE,2023-12-06,0.856,0.858,0.848,0.854,0.856,0.858,0.848,0.854,1.0,52281600.0,44653954.75,腾讯日K/前复权日K,2026-09-19T10:42:50+08:00,20260926T093659
159611,电力ETF广发,SZSE,2023-12-07,0.854,0.861,0.853,0.859,0.854,0.861,0.853,0.859,1.0,55794100.0,47797496.6,腾讯日K/前复权日K,2026-09-19T10:42:50+08:00,20260926T093659
159611,电力ETF广发,SZSE,2023-12-08,0.859,0.869,0.855,0.866,0.859,0.869,0.855,0.866,1.0,101386800.0,87803862.456,腾讯日K/前复权日K,2026-09-19T10:42:50+08:00,20260926T093659
159611,电力ETF广发,SZSE,2023-12-11,0.86,0.875,0.852,0.875,0.86,0.875,0.852,0.875,1.0,63654000.0,54822599.6,腾讯日K/前复权日K,2026-09-19T10:42:50+08:00,20260926T093659
159611,电力ETF广发,SZSE,2023-12-12,0.872,0.877,0.868,0.877,0.872,0.877,0.868,0.877,1.0,43397700.0,37921822.154,腾讯日K/前复权日K,2026-09-19T10:42:50+08:00,20260926T093659
159611,电力ETF广发,SZSE,2023-12-13,0.876,0.881,0.874,0.877,0.876,0.881,0.874,0.877,1.0,55003300.0,48307201.9,腾讯日K/前复权日K,2026-09-19T10:42:50+08:00,20260926T093659
159611,电力ETF广发,SZSE,2023-12-14,0.878,0.88,0.871,0.877,0.878,0.88,0.871,0.877,1.0,61059700.0,53471812.465,腾讯日K/前复权日K,2026-09-19T10:42:50+08:00,20260926T093659
159611,电力ETF广发,SZSE,2023-12-15,0.877,0.88,0.865,0.865,0.877,0.88,0.865,0.865,1.0,62794900.0,54674416.357,腾讯日K/前复权日K,2026-09-19T10:42:50+08:00,20260926T093659
159611,电力ETF广发,SZSE,2023-12-18,0.866,0.87,0.86,0.865,0.866,0.87,0.86,0.865,1.0,78205900.0,67710869.767,腾讯日K/前复权日K,2026-09-19T10:42:50+08:00,20260926T093659
159611,电力ETF广发,SZSE,2023-12-19,0.863,0.864,0.854,0.859,0.863,0.864,0.854,0.859,1.0,62404100.0,53534177.098,腾讯日K/前复权日K,2026-09-19T10:42:50+08:00,20260926T093659
159611,电力ETF广发,SZSE,2023-12-20,0.859,0.872,0.859,0.861,0.859,0.872,0.859,0.861,1.0,47314500.0,41007923.635,腾讯日K/前复权日K,2026-09-19T10:42:50+08:00,20260926T093659
159611,电力ETF广发,SZSE,2023-12-21,0.858,0.863,0.852,0.862,0.858,0.863,0.852,0.862,1.0,58868900.0,50421548.648,腾讯日K/前复权日K,2026-09-19T10:42:50+08:00,20260926T093659
159611,电力ETF广发,SZSE,2023-12-22,0.859,0.866,0.857,0.86,0.859,0.866,0.857,0.86,1.0,47125600.0,40623436.258,腾讯日K/前复权日K,2026-09-19T10:42:50+08:00,20260926T093659
159611,电力ETF广发,SZSE,2023-12-25,0.861,0.867,0.856,0.866,0.861,0.867,0.856,0.866,1.0,69259500.0,59640008.7,腾讯日K/前复权日K,2026-09-19T10:42:50+08:00,20260926T093659
159611,电力ETF广发,SZSE,2023-12-26,0.861,0.87,0.861,0.862,0.861,0.87,0.861,0.862,1.0,43475500.0,37648296.952,腾讯日K/前复权日K,2026-09-19T10:42:50+08:00,20260926T093659
159611,电力ETF广发,SZSE,2023-12-27,0.866,0.872,0.86,0.872,0.866,0.872,0.86,0.872,1.0,176819100.0,153522854.464,腾讯日K/前复权日K,2026-09-19T10:42:50+08:00,20260926T093659
159611,电力ETF广发,SZSE,2023-12-28,0.87,0.874,0.863,0.869,0.87,0.874,0.863,0.869,1.0,109812400.0,95311292.283,腾讯日K/前复权日K,2026-09-19T10:42:50+08:00,20260926T093659
159611,电力ETF广发,SZSE,2023-12-29,0.867,0.869,0.865,0.868,0.867,0.869,0.865,0.868,1.0,65437800.0,56758257.3,腾讯日K/前复权日K,2026-09-19T10:42:50+08:00,20260926T093659
159611,电力ETF广发,SZSE,2024-01-02,0.869,0.888,0.867,0.885,0.869,0.888,0.867,0.885,1.0,142531000.0,125856180.783,腾讯日K/前复权日K,2026-09-19T10:42:50+08:00,20260926T093659
159611,电力ETF广发,SZSE,2024-01-03,0.882,0.898,0.882,0.898,0.882,0.898,0.882,0.898,1.0,162385200.0,144845027.912,腾讯日K/前复权日K,2026-09-19T10:42:50+08:00,20260926T093659
159611,电力ETF广发,SZSE,2024-01-04,0.898,0.901,0.888,0.9,0.898,0.901,0.888,0.9,1.0,114061700.0,102034620.941,腾讯日K/前复权日K,2026-09-19T10:42:50+08:00,20260926T093659
159611,电力ETF广发,SZSE,2024-01-05,0.899,0.905,0.89,0.894,0.899,0.905,0.89,0.894,1.0,105739600.0,94960478.355,腾讯日K/前复权日K,2026-09-19T10:42:50+08:00,20260926T093659
159611,电力ETF广发,SZSE,2024-01-08,0.894,0.895,0.883,0.885,0.894,0.895,0.883,0.885,1.0,68009300.0,60322948.373,腾讯日K/前复权日K,2026-09-19T10:42:50+08:00,20260926T093659
159611,电力ETF广发,SZSE,2024-01-09,0.887,0.891,0.879,0.891,0.887,0.891,0.879,0.891,1.0,167351200.0,148225361.634,腾讯日K/前复权日K,2026-09-19T10:42:50+08:00,20260926T093659
159611,电力ETF广发,SZSE,2024-01-10,0.889,0.889,0.879,0.885,0.889,0.889,0.879,0.885,1.0,61236200.0,54156975.7,腾讯日K/前复权日K,2026-09-19T10:42:50+08:00,20260926T093659
159611,电力ETF广发,SZSE,2024-01-11,0.883,0.885,0.878,0.88,0.883,0.885,0.878,0.88,1.0,51292000.0,45180080.768,腾讯日K/前复权日K,2026-09-19T10:42:50+08:00,20260926T093659
159611,电力ETF广发,SZSE,2024-01-12,0.879,0.893,0.877,0.893,0.879,0.893,0.877,0.893,1.0,106455400.0,94655660.1,腾讯日K/前复权日K,2026-09-19T10:42:50+08:00,20260926T093659
159611,电力ETF广发,SZSE,2024-01-15,0.891,0.896,0.887,0.892,0.891,0.896,0.887,0.892,1.0,51187000.0,45613111.393,腾讯日K/前复权日K,2026-09-19T10:42:50+08:00,20260926T093659
159611,电力ETF广发,SZSE,2024-01-16,0.89,0.89,0.878,0.885,0.89,0.89,0.878,0.885,1.0,72897700.0,64459637.387,腾讯日K/前复权日K,2026-09-19T10:42:50+08:00,20260926T093659
159611,电力ETF广发,SZSE,2024-01-17,0.886,0.889,0.874,0.876,0.886,0.889,0.874,0.876,1.0,50654500.0,44750536.1,腾讯日K/前复权日K,2026-09-19T10:42:50+08:00,20260926T093659
159611,电力ETF广发,SZSE,2024-01-18,0.875,0.876,0.843,0.866,0.875,0.876,0.843,0.866,1.0,106113900.0,90972168.396,腾讯日K/前复权日K,2026-09-19T10:42:50+08:00,20260926T093659
159611,电力ETF广发,SZSE,2024-01-19,0.862,0.869,0.857,0.86,0.862,0.869,0.857,0.86,1.0,61990600.0,53441881.402,腾讯日K/前复权日K,2026-09-19T10:42:50+08:00,20260926T093659
159611,电力ETF广发,SZSE,2024-01-22,0.86,0.86,0.83,0.836,0.86,0.86,0.83,0.836,1.0,87643600.0,74236442.497,腾讯日K/前复权日K,2026-09-19T10:42:50+08:00,20260926T093659
159611,电力ETF广发,SZSE,2024-01-23,0.836,0.847,0.822,0.842,0.836,0.847,0.822,0.842,1.0,101226800.0,84610463.545,腾讯日K/前复权日K,2026-09-19T10:42:50+08:00,20260926T093659
159611,电力ETF广发,SZSE,2024-01-24,0.845,0.865,0.843,0.865,0.845,0.865,0.843,0.865,1.0,62981600.0,53679103.999,腾讯日K/前复权日K,2026-09-19T10:42:50+08:00,20260926T093659
159611,电力ETF广发,SZSE,2024-01-25,0.863,0.891,0.86,0.887,0.863,0.891,0.86,0.887,1.0,69092400.0,60806376.338,腾讯日K/前复权日K,2026-09-19T10:42:50+08:00,20260926T093659
159611,电力ETF广发,SZSE,2024-01-26,0.887,0.897,0.885,0.897,0.887,0.897,0.885,0.897,1.0,58501900.0,52158192.996,腾讯日K/前复权日K,2026-09-19T10:42:50+08:00,20260926T093659
159611,电力ETF广发,SZSE,2024-01-29,0.897,0.912,0.895,0.899,0.897,0.912,0.895,0.899,1.0,87849900.0,79535989.494,腾讯日K/前复权日K,2026-09-19T10:42:50+08:00,20260926T093659
159611,电力ETF广发,SZSE,2024-01-30,0.896,0.905,0.891,0.895,0.896,0.905,0.891,0.895,1.0,46824900.0,42104540.61,腾讯日K/前复权日K,2026-09-19T10:42:50+08:00,20260926T093659
159611,电力ETF广发,SZSE,2024-01-31,0.89,0.903,0.887,0.892,0.89,0.903,0.887,0.892,1.0,192294500.0,172320207.707,腾讯日K/前复权日K,2026-09-19T10:42:50+08:00,20260926T093659
159611,电力ETF广发,SZSE,2024-02-01,0.887,0.892,0.875,0.88,0.887,0.892,0.875,0.88,1.0,76388400.0,67555745.35,腾讯日K/前复权日K,2026-09-19T10:42:50+08:00,20260926T093659
159611,电力ETF广发,SZSE,2024-02-02,0.878,0.892,0.859,0.872,0.878,0.892,0.859,0.872,1.0,88323200.0,77696963.566,腾讯日K/前复权日K,2026-09-19T10:42:50+08:00,20260926T093659
159611,电力ETF广发,SZSE,2024-02-05,0.87,0.88,0.852,0.865,0.87,0.88,0.852,0.865,1.0,186898900.0,162059092.944,腾讯日K/前复权日K,2026-09-19T10:42:50+08:00,20260926T093659
159611,电力ETF广发,SZSE,2024-02-06,0.866,0.892,0.862,0.889,0.866,0.892,0.862,0.889,1.0,62194900.0,54538454.214,腾讯日K/前复权日K,2026-09-19T10:42:50+08:00,20260926T093659
159611,电力ETF广发,SZSE,2024-02-07,0.892,0.896,0.877,0.896,0.892,0.896,0.877,0.896,1.0,122053000.0,108315550.127,腾讯日K/前复权日K,2026-09-19T10:42:50+08:00,20260926T093659
159611,电力ETF广发,SZSE,2024-02-08,0.895,0.905,0.891,0.904,0.895,0.905,0.891,0.904,1.0,73051200.0,65710789.244,腾讯日K/前复权日K,2026-09-19T10:42:50+08:00,20260926T093659
159611,电力ETF广发,SZSE,2024-02-19,0.901,0.925,0.9,0.924,0.901,0.925,0.9,0.924,1.0,91007000.0,83232879.838,腾讯日K/前复权日K,2026-09-19T10:42:50+08:00,20260926T093659
159611,电力ETF广发,SZSE,2024-02-20,0.923,0.936,0.916,0.927,0.923,0.936,0.916,0.927,1.0,74873400.0,69515778.67,腾讯日K/前复权日K,2026-09-19T10:42:50+08:00,20260926T093659
159611,电力ETF广发,SZSE,2024-02-21,0.927,0.931,0.921,0.921,0.927,0.931,0.921,0.921,1.0,76892400.0,71283499.428,腾讯日K/前复权日K,2026-09-19T10:42:50+08:00,20260926T093659
159611,电力ETF广发,SZSE,2024-02-22,0.921,0.933,0.918,0.933,0.921,0.933,0.918,0.933,1.0,55514500.0,51458230.762,腾讯日K/前复权日K,2026-09-19T10:42:50+08:00,20260926T093659
159611,电力ETF广发,SZSE,2024-02-23,0.931,0.939,0.928,0.935,0.931,0.939,0.928,0.935,1.0,50036400.0,46708469.266,腾讯日K/前复权日K,2026-09-19T10:42:50+08:00,20260926T093659
159611,电力ETF广发,SZSE,2024-02-26,0.93,0.934,0.911,0.912,0.93,0.934,0.911,0.912,1.0,156144300.0,143415324.542,腾讯日K/前复权日K,2026-09-19T10:42:50+08:00,20260926T093659
159611,电力ETF广发,SZSE,2024-02-27,0.91,0.919,0.908,0.918,0.91,0.919,0.908,0.918,1.0,67837000.0,62034710.652,腾讯日K/前复权日K,2026-09-19T10:42:50+08:00,20260926T093659
159611,电力ETF广发,SZSE,2024-02-28,0.915,0.933,0.915,0.922,0.915,0.933,0.915,0.922,1.0,172419300.0,159212254.411,腾讯日K/前复权日K,2026-09-19T10:42:50+08:00,20260926T093659
159611,电力ETF广发,SZSE,2024-02-29,0.919,0.931,0.914,0.931,0.919,0.931,0.914,0.931,1.0,85802000.0,79056143.439,腾讯日K/前复权日K,2026-09-19T10:42:50+08:00,20260926T093659
159611,电力ETF广发,SZSE,2024-03-01,0.927,0.934,0.92,0.924,0.927,0.934,0.92,0.924,1.0,68560800.0,63411230.39,腾讯日K/前复权日K,2026-09-19T10:42:50+08:00,20260926T093659
159611,电力ETF广发,SZSE,2024-03-04,0.921,0.945,0.919,0.944,0.921,0.945,0.919,0.944,1.0,167731100.0,157096417.043,腾讯日K/前复权日K,2026-09-19T10:42:50+08:00,20260926T093659
159611,电力ETF广发,SZSE,2024-03-05,0.942,0.953,0.938,0.951,0.942,0.953,0.938,0.951,1.0,155869600.0,147715619.256,腾讯日K/前复权日K,2026-09-19T10:42:50+08:00,20260926T093659
159611,电力ETF广发,SZSE,2024-03-06,0.95,0.963,0.947,0.955,0.95,0.963,0.947,0.955,1.0,105581200.0,101086401.349,腾讯日K/前复权日K,2026-09-19T10:42:50+08:00,20260926T093659
159611,电力ETF广发,SZSE,2024-03-07,0.955,0.967,0.952,0.96,0.955,0.967,0.952,0.96,1.0,120017000.0,115298881.36,腾讯日K/前复权日K,2026-09-19T10:42:50+08:00,20260926T093659
159611,电力ETF广发,SZSE,2024-03-08,0.965,0.975,0.957,0.975,0.965,0.975,0.957,0.975,1.0,115388700.0,111694085.88,腾讯日K/前复权日K,2026-09-19T10:42:50+08:00,20260926T093659
159611,电力ETF广发,SZSE,2024-03-11,0.981,0.987,0.964,0.974,0.981,0.987,0.964,0.974,1.0,108127000.0,105195958.486,腾讯日K/前复权日K,2026-09-19T10:42:50+08:00,20260926T093659
159611,电力ETF广发,SZSE,2024-03-12,0.972,0.972,0.937,0.944,0.972,0.972,0.937,0.944,1.0,187593900.0,177898202.788,腾讯日K/前复权日K,2026-09-19T10:42:50+08:00,20260926T093659
159611,电力ETF广发,SZSE,2024-03-13,0.937,0.95,0.937,0.948,0.937,0.95,0.937,0.948,1.0,146763000.0,138585724.388,腾讯日K/前复权日K,2026-09-19T10:42:50+08:00,20260926T093659
159611,电力ETF广发,SZSE,2024-03-14,0.946,0.951,0.943,0.949,0.946,0.951,0.943,0.949,1.0,69315000.0,65646368.305,腾讯日K/前复权日K,2026-09-19T10:42:50+08:00,20260926T093659
159611,电力ETF广发,SZSE,2024-03-15,0.946,0.96,0.943,0.956,0.946,0.96,0.943,0.956,1.0,92776800.0,88540075.842,腾讯日K/前复权日K,2026-09-19T10:42:50+08:00,20260926T093659
159611,电力ETF广发,SZSE,2024-03-18,0.957,0.97,0.953,0.961,0.957,0.97,0.953,0.961,1.0,84397900.0,81039390.304,腾讯日K/前复权日K,2026-09-19T10:42:50+08:00,20260926T093659
159611,电力ETF广发,SZSE,2024-03-19,0.962,0.965,0.95,0.951,0.962,0.965,0.95,0.951,1.0,92649700.0,88495253.454,腾讯日K/前复权日K,2026-09-19T10:42:50+08:00,20260926T093659
159611,电力ETF广发,SZSE,2024-03-20,0.95,0.961,0.943,0.956,0.95,0.961,0.943,0.956,1.0,74017400.0,70526779.664,腾讯日K/前复权日K,2026-09-19T10:42:50+08:00,20260926T093659
159611,电力ETF广发,SZSE,2024-03-21,0.955,0.956,0.949,0.954,0.955,0.956,0.949,0.954,1.0,61266400.0,58286433.7,腾讯日K/前复权日K,2026-09-19T10:42:50+08:00,20260926T093659
159611,电力ETF广发,SZSE,2024-03-22,0.953,0.956,0.943,0.949,0.953,0.956,0.943,0.949,1.0,74439700.0,70557857.846,腾讯日K/前复权日K,2026-09-19T10:42:50+08:00,20260926T093659
159611,电力ETF广发,SZSE,2024-03-25,0.944,0.959,0.943,0.951,0.944,0.959,0.943,0.951,1.0,77158300.0,73589882.342,腾讯日K/前复权日K,2026-09-19T10:42:50+08:00,20260926T093659
159611,电力ETF广发,SZSE,2024-03-26,0.948,0.96,0.945,0.96,0.948,0.96,0.945,0.96,1.0,93882300.0,89465412.794,腾讯日K/前复权日K,2026-09-19T10:42:50+08:00,20260926T093659
159611,电力ETF广发,SZSE,2024-03-27,0.96,0.964,0.953,0.954,0.96,0.964,0.953,0.954,1.0,104044700.0,99660696.206,腾讯日K/前复权日K,2026-09-19T10:42:50+08:00,20260926T093659
159611,电力ETF广发,SZSE,2024-03-28,0.948,0.961,0.941,0.96,0.948,0.961,0.941,0.96,1.0,158879600.0,151473628.655,腾讯日K/前复权日K,2026-09-19T10:42:50+08:00,20260926T093659
159611,电力ETF广发,SZSE,2024-03-29,0.956,0.974,0.954,0.971,0.956,0.974,0.954,0.971,1.0,154248800.0,149281979.939,腾讯日K/前复权日K,2026-09-19T10:42:50+08:00,20260926T093659
159611,电力ETF广发,SZSE,2024-04-01,0.972,0.977,0.964,0.968,0.972,0.977,0.964,0.968,1.0,118576700.0,114828394.728,腾讯日K/前复权日K,2026-09-19T10:42:50+08:00,20260926T093659
159611,电力ETF广发,SZSE,2024-04-02,0.965,0.977,0.963,0.972,0.965,0.977,0.963,0.972,1.0,90190800.0,87629367.145,腾讯日K/前复权日K,2026-09-19T10:42:50+08:00,20260926T093659
159611,电力ETF广发,SZSE,2024-04-03,0.972,0.972,0.96,0.971,0.972,0.972,0.96,0.971,1.0,118164000.0,114173222.31,腾讯日K/前复权日K,2026-09-19T10:42:50+08:00,20260926T093659
159611,电力ETF广发,SZSE,2024-04-08,0.972,1.0,0.968,0.998,0.972,1.0,0.968,0.998,1.0,187502300.0,185738948.893,腾讯日K/前复权日K,2026-09-19T10:42:50+08:00,20260926T093659
159611,电力ETF广发,SZSE,2024-04-09,0.997,0.999,0.986,0.995,0.997,0.999,0.986,0.995,1.0,146750500.0,145596165.144,腾讯日K/前复权日K,2026-09-19T10:42:50+08:00,20260926T093659
159611,电力ETF广发,SZSE,2024-04-10,0.992,1.005,0.989,0.999,0.992,1.005,0.989,0.999,1.0,174340800.0,174240942.352,腾讯日K/前复权日K,2026-09-19T10:42:50+08:00,20260926T093659
159611,电力ETF广发,SZSE,2024-04-11,0.998,1.013,0.988,1.008,0.998,1.013,0.988,1.008,1.0,170566200.0,171458671.076,腾讯日K/前复权日K,2026-09-19T10:42:50+08:00,20260926T093659
159611,电力ETF广发,SZSE,2024-04-12,1.008,1.009,0.996,1.0,1.008,1.009,0.996,1.0,1.0,129500700.0,129872642.744,腾讯日K/前复权日K,2026-09-19T10:42:50+08:00,20260926T093659
159611,电力ETF广发,SZSE,2024-04-15,1.0,1.016,0.992,1.014,1.0,1.016,0.992,1.014,1.0,117190300.0,118027099.762,腾讯日K/前复权日K,2026-09-19T10:42:50+08:00,20260926T093659
159611,电力ETF广发,SZSE,2024-04-16,1.008,1.016,0.994,0.998,1.008,1.016,0.994,0.998,1.0,134463400.0,135137050.339,腾讯日K/前复权日K,2026-09-19T10:42:50+08:00,20260926T093659
159611,电力ETF广发,SZSE,2024-04-17,0.995,1.016,0.99,1.016,0.995,1.016,0.99,1.016,1.0,112811400.0,113053941.668,腾讯日K/前复权日K,2026-09-19T10:42:50+08:00,20260926T093659
159611,电力ETF广发,SZSE,2024-04-18,1.014,1.021,0.993,0.999,1.014,1.021,0.993,0.999,1.0,194153200.0,194933285.999,腾讯日K/前复权日K,2026-09-19T10:42:50+08:00,20260926T093659
159611,电力ETF广发,SZSE,2024-04-19,0.991,1.002,0.985,0.991,0.991,1.002,0.985,0.991,1.0,194610400.0,193227996.249,腾讯日K/前复权日K,2026-09-19T10:42:50+08:00,20260926T093659
159611,电力ETF广发,SZSE,2024-04-22,0.992,1.003,0.98,0.986,0.992,1.003,0.98,0.986,1.0,139707000.0,138298449.489,腾讯日K/前复权日K,2026-09-19T10:42:50+08:00,20260926T093659
159611,电力ETF广发,SZSE,2024-04-23,0.985,0.985,0.965,0.967,0.985,0.985,0.965,0.967,1.0,185923300.0,180695562.75,腾讯日K/前复权日K,2026-09-19T10:42:50+08:00,20260926T093659
159611,电力ETF广发,SZSE,2024-04-24,0.972,0.988,0.972,0.984,0.972,0.988,0.972,0.984,1.0,136852600.0,134248585.904,腾讯日K/前复权日K,2026-09-19T10:42:50+08:00,20260926T093659
159611,电力ETF广发,SZSE,2024-04-25,0.983,0.983,0.975,0.981,0.983,0.983,0.975,0.981,1.0,63616900.0,62271754.666,腾讯日K/前复权日K,2026-09-19T10:42:50+08:00,20260926T093659
159611,电力ETF广发,SZSE,2024-04-26,0.98,0.984,0.974,0.981,0.98,0.984,0.974,0.981,1.0,101885600.0,99646174.296,腾讯日K/前复权日K,2026-09-19T10:42:50+08:00,20260926T093659
159611,电力ETF广发,SZSE,2024-04-29,0.978,0.982,0.965,0.981,0.978,0.982,0.965,0.981,1.0,145158400.0,141357620.844,腾讯日K/前复权日K,2026-09-19T10:42:50+08:00,20260926T093659
159611,电力ETF广发,SZSE,2024-04-30,0.978,0.989,0.974,0.987,0.978,0.989,0.974,0.987,1.0,154523300.0,152129986.267,腾讯日K/前复权日K,2026-09-19T10:42:50+08:00,20260926T093659
159611,电力ETF广发,SZSE,2024-05-06,0.99,1.0,0.979,1.0,0.99,1.0,0.979,1.0,1.0,238463500.0,236732850.27,腾讯日K/前复权日K,2026-09-19T10:42:50+08:00,20260926T093659
159611,电力ETF广发,SZSE,2024-05-07,0.999,0.999,0.982,0.985,0.999,0.999,0.982,0.985,1.0,214249200.0,211539484.801,腾讯日K/前复权日K,2026-09-19T10:42:50+08:00,20260926T093659
159611,电力ETF广发,SZSE,2024-05-08,0.985,0.993,0.981,0.983,0.985,0.993,0.981,0.983,1.0,86853900.0,85572895.02,腾讯日K/前复权日K,2026-09-19T10:42:50+08:00,20260926T093659
159611,电力ETF广发,SZSE,2024-05-09,0.981,0.987,0.978,0.987,0.981,0.987,0.978,0.987,1.0,120304600.0,118239059.866,腾讯日K/前复权日K,2026-09-19T10:42:50+08:00,20260926T093659
159611,电力ETF广发,SZSE,2024-05-10,0.987,1.002,0.986,1.001,0.987,1.002,0.986,1.001,1.0,240689300.0,239482061.119,腾讯日K/前复权日K,2026-09-19T10:42:50+08:00,20260926T093659
159611,电力ETF广发,SZSE,2024-05-13,1.004,1.02,0.995,1.016,1.004,1.02,0.995,1.016,1.0,311592300.0,314491605.199,腾讯日K/前复权日K,2026-09-19T10:42:50+08:00,20260926T093659
159611,电力ETF广发,SZSE,2024-05-14,1.012,1.017,1.001,1.015,1.012,1.017,1.001,1.015,1.0,188097100.0,190353579.709,腾讯日K/前复权日K,2026-09-19T10:42:50+08:00,20260926T093659
159611,电力ETF广发,SZSE,2024-05-15,1.014,1.02,0.993,0.996,1.014,1.02,0.993,0.996,1.0,206560800.0,207090267.501,腾讯日K/前复权日K,2026-09-19T10:42:50+08:00,20260926T093659
159611,电力ETF广发,SZSE,2024-05-16,0.996,0.998,0.983,0.986,0.996,0.998,0.983,0.986,1.0,151568400.0,149909447.792,腾讯日K/前复权日K,2026-09-19T10:42:50+08:00,20260926T093659
159611,电力ETF广发,SZSE,2024-05-17,0.985,0.992,0.983,0.988,0.985,0.992,0.983,0.988,1.0,114305300.0,112842320.275,腾讯日K/前复权日K,2026-09-19T10:42:50+08:00,20260926T093659
159611,电力ETF广发,SZSE,2024-05-20,0.987,1.003,0.985,1.002,0.987,1.003,0.985,1.002,1.0,205393200.0,204889403.008,腾讯日K/前复权日K,2026-09-19T10:42:50+08:00,20260926T093659
159611,电力ETF广发,SZSE,2024-05-21,1.0,1.003,0.994,0.998,1.0,1.003,0.994,0.998,1.0,79640800.0,79438690.892,腾讯日K/前复权日K,2026-09-19T10:42:50+08:00,20260926T093659
159611,电力ETF广发,SZSE,2024-05-22,0.998,1.009,0.996,0.998,0.998,1.009,0.996,0.998,1.0,116304600.0,116400231.082,腾讯日K/前复权日K,2026-09-19T10:42:50+08:00,20260926T093659
159611,电力ETF广发,SZSE,2024-05-23,0.997,0.997,0.984,0.989,0.997,0.997,0.984,0.989,1.0,123882700.0,122688145.904,腾讯日K/前复权日K,2026-09-19T10:42:50+08:00,20260926T093659
159611,电力ETF广发,SZSE,2024-05-24,0.986,1.017,0.986,1.007,0.986,1.017,0.986,1.007,1.0,376870100.0,380259762.128,腾讯日K/前复权日K,2026-09-19T10:42:50+08:00,20260926T093659
159611,电力ETF广发,SZSE,2024-05-27,1.01,1.029,1.006,1.025,1.01,1.029,1.006,1.025,1.0,313237700.0,319690130.015,腾讯日K/前复权日K,2026-09-19T10:42:50+08:00,20260926T093659
159611,电力ETF广发,SZSE,2024-05-28,1.023,1.045,1.02,1.038,1.023,1.045,1.02,1.038,1.0,235140100.0,242953636.24,腾讯日K/前复权日K,2026-09-19T10:42:50+08:00,20260926T093659
159611,电力ETF广发,SZSE,2024-05-29,1.036,1.041,1.021,1.038,1.036,1.041,1.021,1.038,1.0,221357100.0,228505405.485,腾讯日K/前复权日K,2026-09-19T10:42:50+08:00,20260926T093659
159611,电力ETF广发,SZSE,2024-05-30,1.035,1.042,1.017,1.023,1.035,1.042,1.017,1.023,1.0,187858900.0,193172089.158,腾讯日K/前复权日K,2026-09-19T10:42:50+08:00,20260926T093659
159611,电力ETF广发,SZSE,2024-05-31,1.022,1.031,1.015,1.022,1.022,1.031,1.015,1.022,1.0,98448900.0,100672188.721,腾讯日K/前复权日K,2026-09-19T10:42:50+08:00,20260926T093659
159611,电力ETF广发,SZSE,2024-06-03,1.02,1.031,1.016,1.027,1.02,1.031,1.016,1.027,1.0,123444200.0,126349173.433,腾讯日K/前复权日K,2026-09-19T10:42:50+08:00,20260926T093659
159611,电力ETF广发,SZSE,2024-06-04,1.025,1.042,1.02,1.041,1.025,1.042,1.02,1.041,1.0,157884100.0,163028335.666,腾讯日K/前复权日K,2026-09-19T10:42:50+08:00,20260926T093659
159611,电力ETF广发,SZSE,2024-06-05,1.037,1.047,1.033,1.034,1.037,1.047,1.033,1.034,1.0,139297100.0,144803351.942,腾讯日K/前复权日K,2026-09-19T10:42:50+08:00,20260926T093659
159611,电力ETF广发,SZSE,2024-06-06,1.035,1.054,1.033,1.04,1.035,1.054,1.033,1.04,1.0,160506900.0,167392589.869,腾讯日K/前复权日K,2026-09-19T10:42:50+08:00,20260926T093659
159611,电力ETF广发,SZSE,2024-06-07,1.04,1.059,1.037,1.058,1.04,1.059,1.037,1.058,1.0,128839600.0,134875415.078,腾讯日K/前复权日K,2026-09-19T10:42:50+08:00,20260926T093659
159611,电力ETF广发,SZSE,2024-06-11,1.059,1.061,1.036,1.049,1.059,1.061,1.036,1.049,1.0,153350800.0,160541343.841,腾讯日K/前复权日K,2026-09-19T10:42:50+08:00,20260926T093659
159611,电力ETF广发,SZSE,2024-06-12,1.044,1.057,1.038,1.055,1.044,1.057,1.038,1.055,1.0,138173100.0,145089688.8,腾讯日K/前复权日K,2026-09-19T10:42:50+08:00,20260926T093659
159611,电力ETF广发,SZSE,2024-06-13,1.055,1.067,1.05,1.058,1.055,1.067,1.05,1.058,1.0,131459100.0,139163592.407,腾讯日K/前复权日K,2026-09-19T10:42:50+08:00,20260926T093659
159611,电力ETF广发,SZSE,2024-06-14,1.056,1.062,1.034,1.039,1.056,1.062,1.034,1.039,1.0,192897100.0,201863369.672,腾讯日K/前复权日K,2026-09-19T10:42:50+08:00,20260926T093659
159611,电力ETF广发,SZSE,2024-06-17,1.038,1.045,1.025,1.028,1.038,1.045,1.025,1.028,1.0,146002200.0,150875026.941,腾讯日K/前复权日K,2026-09-19T10:42:50+08:00,20260926T093659
159611,电力ETF广发,SZSE,2024-06-18,1.027,1.03,1.015,1.03,1.027,1.03,1.015,1.03,1.0,216689600.0,221660233.001,腾讯日K/前复权日K,2026-09-19T10:42:50+08:00,20260926T093659
159611,电力ETF广发,SZSE,2024-06-19,1.028,1.032,1.022,1.026,1.028,1.032,1.022,1.026,1.0,108467600.0,111324848.315,腾讯日K/前复权日K,2026-09-19T10:42:50+08:00,20260926T093659
159611,电力ETF广发,SZSE,2024-06-20,1.023,1.029,1.018,1.024,1.023,1.029,1.018,1.024,1.0,115747900.0,118544863.665,腾讯日K/前复权日K,2026-09-19T10:42:50+08:00,20260926T093659
159611,电力ETF广发,SZSE,2024-06-21,1.024,1.034,1.018,1.026,1.024,1.034,1.018,1.026,1.0,163211600.0,167551985.398,腾讯日K/前复权日K,2026-09-19T10:42:50+08:00,20260926T093659
159611,电力ETF广发,SZSE,2024-06-24,1.021,1.035,1.021,1.028,1.021,1.035,1.021,1.028,1.0,118457100.0,121878009.006,腾讯日K/前复权日K,2026-09-19T10:42:50+08:00,20260926T093659
159611,电力ETF广发,SZSE,2024-06-25,1.026,1.03,1.014,1.021,1.026,1.03,1.014,1.021,1.0,101193700.0,103373538.679,腾讯日K/前复权日K,2026-09-19T10:42:50+08:00,20260926T093659
159611,电力ETF广发,SZSE,2024-06-26,1.021,1.027,1.007,1.025,1.021,1.027,1.007,1.025,1.0,101015500.0,102586740.285,腾讯日K/前复权日K,2026-09-19T10:42:50+08:00,20260926T093659
159611,电力ETF广发,SZSE,2024-06-27,1.02,1.031,1.016,1.019,1.02,1.031,1.016,1.019,1.0,82011600.0,83767545.829,腾讯日K/前复权日K,2026-09-19T10:42:50+08:00,20260926T093659
159611,电力ETF广发,SZSE,2024-06-28,1.019,1.047,1.011,1.044,1.019,1.047,1.011,1.044,1.0,166126400.0,171288245.966,腾讯日K/前复权日K,2026-09-19T10:42:50+08:00,20260926T093659
159611,电力ETF广发,SZSE,2024-07-01,1.045,1.067,1.04,1.065,1.045,1.067,1.04,1.065,1.0,134560400.0,142280984.268,腾讯日K/前复权日K,2026-09-19T10:42:50+08:00,20260926T093659
159611,电力ETF广发,SZSE,2024-07-02,1.065,1.069,1.055,1.069,1.065,1.069,1.055,1.069,1.0,109954000.0,116930405.681,腾讯日K/前复权日K,2026-09-19T10:42:50+08:00,20260926T093659
159611,电力ETF广发,SZSE,2024-07-03,1.066,1.073,1.057,1.063,1.066,1.073,1.057,1.063,1.0,205910400.0,218626786.061,腾讯日K/前复权日K,2026-09-19T10:42:50+08:00,20260926T093659
159611,电力ETF广发,SZSE,2024-07-04,1.062,1.071,1.055,1.059,1.062,1.071,1.055,1.059,1.0,105278200.0,111841127.53,腾讯日K/前复权日K,2026-09-19T10:42:50+08:00,20260926T093659
159611,电力ETF广发,SZSE,2024-07-05,1.056,1.06,1.039,1.053,1.056,1.06,1.039,1.053,1.0,105192600.0,110266912.043,腾讯日K/前复权日K,2026-09-19T10:42:50+08:00,20260926T093659
159611,电力ETF广发,SZSE,2024-07-08,1.051,1.074,1.049,1.069,1.051,1.074,1.049,1.069,1.0,117966000.0,125380818.582,腾讯日K/前复权日K,2026-09-19T10:42:50+08:00,20260926T093659
159611,电力ETF广发,SZSE,2024-07-09,1.066,1.081,1.06,1.081,1.066,1.081,1.06,1.081,1.0,115316400.0,123353255.652,腾讯日K/前复权日K,2026-09-19T10:42:50+08:00,20260926T093659
159611,电力ETF广发,SZSE,2024-07-10,1.079,1.079,1.049,1.056,1.079,1.079,1.049,1.056,1.0,226593800.0,239371411.062,腾讯日K/前复权日K,2026-09-19T10:42:50+08:00,20260926T093659
159611,电力ETF广发,SZSE,2024-07-11,1.059,1.062,1.043,1.062,1.059,1.062,1.043,1.062,1.0,167011600.0,175613444.517,腾讯日K/前复权日K,2026-09-19T10:42:50+08:00,20260926T093659
159611,电力ETF广发,SZSE,2024-07-12,1.056,1.067,1.047,1.049,1.056,1.067,1.047,1.049,1.0,135162300.0,142551701.096,腾讯日K/前复权日K,2026-09-19T10:42:50+08:00,20260926T093659
159611,电力ETF广发,SZSE,2024-07-15,1.045,1.055,1.034,1.055,1.045,1.055,1.034,1.055,1.0,98297500.0,102922052.609,腾讯日K/前复权日K,2026-09-19T10:42:50+08:00,20260926T093659
159611,电力ETF广发,SZSE,2024-07-16,1.053,1.061,1.048,1.059,1.053,1.061,1.048,1.059,1.0,64117100.0,67653103.833,腾讯日K/前复权日K,2026-09-19T10:42:50+08:00,20260926T093659
159611,电力ETF广发,SZSE,2024-07-17,1.058,1.059,1.036,1.04,1.058,1.059,1.036,1.04,1.0,105490500.0,110236738.777,腾讯日K/前复权日K,2026-09-19T10:42:50+08:00,20260926T093659
159611,电力ETF广发,SZSE,2024-07-18,1.037,1.057,1.03,1.057,1.037,1.057,1.03,1.057,1.0,99431700.0,103971280.028,腾讯日K/前复权日K,2026-09-19T10:42:50+08:00,20260926T093659
159611,电力ETF广发,SZSE,2024-07-19,1.056,1.061,1.049,1.061,1.056,1.061,1.049,1.061,1.0,89517300.0,94556346.582,腾讯日K/前复权日K,2026-09-19T10:42:50+08:00,20260926T093659
159611,电力ETF广发,SZSE,2024-07-22,1.062,1.062,1.037,1.047,1.062,1.062,1.037,1.047,1.0,80940400.0,84649061.212,腾讯日K/前复权日K,2026-09-19T10:42:50+08:00,20260926T093659
159611,电力ETF广发,SZSE,2024-07-23,1.045,1.051,1.041,1.043,1.045,1.051,1.041,1.043,1.0,79399800.0,83046152.8,腾讯日K/前复权日K,2026-09-19T10:42:50+08:00,20260926T093659
159611,电力ETF广发,SZSE,2024-07-24,1.039,1.067,1.039,1.062,1.039,1.067,1.039,1.062,1.0,140640700.0,148845676.44,腾讯日K/前复权日K,2026-09-19T10:42:50+08:00,20260926T093659
159611,电力ETF广发,SZSE,2024-07-25,1.061,1.063,1.045,1.058,1.061,1.063,1.045,1.058,1.0,82180600.0,86603621.826,腾讯日K/前复权日K,2026-09-19T10:42:50+08:00,20260926T093659
159611,电力ETF广发,SZSE,2024-07-26,1.057,1.058,1.044,1.051,1.057,1.058,1.044,1.051,1.0,97161000.0,101832931.225,腾讯日K/前复权日K,2026-09-19T10:42:50+08:00,20260926T093659
159611,电力ETF广发,SZSE,2024-07-29,1.049,1.057,1.045,1.055,1.049,1.057,1.045,1.055,1.0,73553100.0,77444791.256,腾讯日K/前复权日K,2026-09-19T10:42:50+08:00,20260926T093659
159611,电力ETF广发,SZSE,2024-07-30,1.053,1.057,1.036,1.039,1.053,1.057,1.036,1.039,1.0,68783200.0,71757560.233,腾讯日K/前复权日K,2026-09-19T10:42:50+08:00,20260926T093659
159611,电力ETF广发,SZSE,2024-07-31,1.036,1.037,1.018,1.029,1.036,1.037,1.018,1.029,1.0,125572600.0,128716350.835,腾讯日K/前复权日K,2026-09-19T10:42:50+08:00,20260926T093659
159611,电力ETF广发,SZSE,2024-08-01,1.027,1.04,1.025,1.03,1.027,1.04,1.025,1.03,1.0,81077100.0,83846453.105,腾讯日K/前复权日K,2026-09-19T10:42:50+08:00,20260926T093659
159611,电力ETF广发,SZSE,2024-08-02,1.032,1.034,1.02,1.023,1.032,1.034,1.02,1.023,1.0,84135900.0,86207044.137,腾讯日K/前复权日K,2026-09-19T10:42:50+08:00,20260926T093659
159611,电力ETF广发,SZSE,2024-08-05,1.02,1.02,1.004,1.005,1.02,1.02,1.004,1.005,1.0,120369200.0,121872307.429,腾讯日K/前复权日K,2026-09-19T10:42:50+08:00,20260926T093659
159611,电力ETF广发,SZSE,2024-08-06,1.004,1.015,0.995,1.007,1.004,1.015,0.995,1.007,1.0,104810200.0,105358860.866,腾讯日K/前复权日K,2026-09-19T10:42:50+08:00,20260926T093659
159611,电力ETF广发,SZSE,2024-08-07,1.01,1.028,1.007,1.018,1.01,1.028,1.007,1.018,1.0,116662700.0,118888544.456,腾讯日K/前复权日K,2026-09-19T10:42:50+08:00,20260926T093659
159611,电力ETF广发,SZSE,2024-08-08,1.015,1.019,1.008,1.013,1.015,1.019,1.008,1.013,1.0,72588100.0,73593322.051,腾讯日K/前复权日K,2026-09-19T10:42:50+08:00,20260926T093659
159611,电力ETF广发,SZSE,2024-08-09,1.013,1.015,1.006,1.007,1.013,1.015,1.006,1.007,1.0,69181300.0,69784411.322,腾讯日K/前复权日K,2026-09-19T10:42:50+08:00,20260926T093659
159611,电力ETF广发,SZSE,2024-08-12,1.012,1.017,1.001,1.005,1.012,1.017,1.001,1.005,1.0,53737600.0,54237964.032,腾讯日K/前复权日K,2026-09-19T10:42:50+08:00,20260926T093659
159611,电力ETF广发,SZSE,2024-08-13,1.002,1.009,1.0,1.006,1.002,1.009,1.0,1.006,1.0,58073000.0,58265614.267,腾讯日K/前复权日K,2026-09-19T10:42:50+08:00,20260926T093659
159611,电力ETF广发,SZSE,2024-08-14,1.005,1.025,1.001,1.016,1.005,1.025,1.001,1.016,1.0,84381700.0,85695058.172,腾讯日K/前复权日K,2026-09-19T10:42:50+08:00,20260926T093659
159611,电力ETF广发,SZSE,2024-08-15,1.016,1.03,1.011,1.029,1.016,1.03,1.011,1.029,1.0,158036200.0,161588322.958,腾讯日K/前复权日K,2026-09-19T10:42:50+08:00,20260926T093659
159611,电力ETF广发,SZSE,2024-08-16,1.028,1.028,1.012,1.018,1.028,1.028,1.012,1.018,1.0,77378600.0,78779342.378,腾讯日K/前复权日K,2026-09-19T10:42:50+08:00,20260926T093659
159611,电力ETF广发,SZSE,2024-08-19,1.018,1.026,1.015,1.021,1.018,1.026,1.015,1.021,1.0,52714300.0,53801733.7,腾讯日K/前复权日K,2026-09-19T10:42:50+08:00,20260926T093659
159611,电力ETF广发,SZSE,2024-08-20,1.023,1.025,1.003,1.01,1.023,1.025,1.003,1.01,1.0,66615200.0,67280068.928,腾讯日K/前复权日K,2026-09-19T10:42:50+08:00,20260926T093659
159611,电力ETF广发,SZSE,2024-08-21,1.009,1.009,0.998,1.003,1.009,1.009,0.998,1.003,1.0,54864200.0,54988657.21,腾讯日K/前复权日K,2026-09-19T10:42:50+08:00,20260926T093659
159611,电力ETF广发,SZSE,2024-08-22,1.002,1.015,1.0,1.014,1.002,1.015,1.0,1.014,1.0,67927300.0,68521646.1,腾讯日K/前复权日K,2026-09-19T10:42:50+08:00,20260926T093659
159611,电力ETF广发,SZSE,2024-08-23,1.012,1.012,0.996,1.003,1.012,1.012,0.996,1.003,1.0,79410100.0,79498741.9,腾讯日K/前复权日K,2026-09-19T10:42:50+08:00,20260926T093659
159611,电力ETF广发,SZSE,2024-08-26,0.999,1.002,0.991,0.999,0.999,1.002,0.991,0.999,1.0,62006400.0,61754926.77,腾讯日K/前复权日K,2026-09-19T10:42:50+08:00,20260926T093659
159611,电力ETF广发,SZSE,2024-08-27,0.995,0.998,0.989,0.994,0.995,0.998,0.989,0.994,1.0,70525900.0,69995285.6,腾讯日K/前复权日K,2026-09-19T10:42:50+08:00,20260926T093659
159611,电力ETF广发,SZSE,2024-08-28,0.993,1.007,0.991,1.001,0.993,1.007,0.991,1.001,1.0,71781400.0,71922244.16,腾讯日K/前复权日K,2026-09-19T10:42:50+08:00,20260926T093659
159611,电力ETF广发,SZSE,2024-08-29,1.0,1.0,0.985,0.988,1.0,1.0,0.985,0.988,1.0,64543300.0,63862162.217,腾讯日K/前复权日K,2026-09-19T10:42:50+08:00,20260926T093659
159611,电力ETF广发,SZSE,2024-08-30,0.987,0.992,0.975,0.988,0.987,0.992,0.975,0.988,1.0,103421200.0,101931429.749,腾讯日K/前复权日K,2026-09-19T10:42:50+08:00,20260926T093659
159611,电力ETF广发,SZSE,2024-09-02,0.985,0.993,0.978,0.984,0.985,0.993,0.978,0.984,1.0,126096700.0,124609277.0,腾讯日K/前复权日K,2026-09-19T10:42:50+08:00,20260926T093659
159611,电力ETF广发,SZSE,2024-09-03,0.982,0.992,0.964,0.967,0.982,0.992,0.964,0.967,1.0,86534100.0,84290588.578,腾讯日K/前复权日K,2026-09-19T10:42:50+08:00,20260926T093659
159611,电力ETF广发,SZSE,2024-09-04,0.963,0.968,0.956,0.961,0.963,0.968,0.956,0.961,1.0,106685600.0,102572170.384,腾讯日K/前复权日K,2026-09-19T10:42:50+08:00,20260926T093659
159611,电力ETF广发,SZSE,2024-09-05,0.96,0.965,0.953,0.957,0.96,0.965,0.953,0.957,1.0,89801500.0,86006033.564,腾讯日K/前复权日K,2026-09-19T10:42:50+08:00,20260926T093659
159611,电力ETF广发,SZSE,2024-09-06,0.956,0.966,0.948,0.951,0.956,0.966,0.948,0.951,1.0,61936300.0,59460071.0,腾讯日K/前复权日K,2026-09-19T10:42:50+08:00,20260926T093659
159611,电力ETF广发,SZSE,2024-09-09,0.948,0.95,0.936,0.941,0.948,0.95,0.936,0.941,1.0,68749100.0,64832992.6,腾讯日K/前复权日K,2026-09-19T10:42:50+08:00,20260926T093659
159611,电力ETF广发,SZSE,2024-09-10,0.942,0.946,0.925,0.938,0.942,0.946,0.925,0.938,1.0,88708700.0,82837329.299,腾讯日K/前复权日K,2026-09-19T10:42:50+08:00,20260926T093659
159611,电力ETF广发,SZSE,2024-09-11,0.934,0.935,0.905,0.91,0.934,0.935,0.905,0.91,1.0,96255800.0,87980671.945,腾讯日K/前复权日K,2026-09-19T10:42:50+08:00,20260926T093659
159611,电力ETF广发,SZSE,2024-09-12,0.909,0.919,0.908,0.913,0.909,0.919,0.908,0.913,1.0,68394700.0,62529789.3,腾讯日K/前复权日K,2026-09-19T10:42:50+08:00,20260926T093659
159611,电力ETF广发,SZSE,2024-09-13,0.915,0.922,0.911,0.915,0.915,0.922,0.911,0.915,1.0,48817600.0,44763029.8,腾讯日K/前复权日K,2026-09-19T10:42:50+08:00,20260926T093659
159611,电力ETF广发,SZSE,2024-09-18,0.914,0.92,0.906,0.916,0.914,0.92,0.906,0.916,1.0,55618500.0,50789074.331,腾讯日K/前复权日K,2026-09-19T10:42:50+08:00,20260926T093659
159611,电力ETF广发,SZSE,2024-09-19,0.917,0.923,0.906,0.923,0.917,0.923,0.906,0.923,1.0,96592100.0,88440195.433,腾讯日K/前复权日K,2026-09-19T10:42:50+08:00,20260926T093659
159611,电力ETF广发,SZSE,2024-09-20,0.918,0.923,0.911,0.921,0.918,0.923,0.911,0.921,1.0,66687400.0,61164120.0,腾讯日K/前复权日K,2026-09-19T10:42:50+08:00,20260926T093659
159611,电力ETF广发,SZSE,2024-09-23,0.919,0.939,0.918,0.935,0.919,0.939,0.918,0.935,1.0,77940300.0,72687123.675,腾讯日K/前复权日K,2026-09-19T10:42:50+08:00,20260926T093659
159611,电力ETF广发,SZSE,2024-09-24,0.938,0.967,0.932,0.967,0.938,0.967,0.932,0.967,1.0,111158900.0,105732757.92,腾讯日K/前复权日K,2026-09-19T10:42:50+08:00,20260926T093659
159611,电力ETF广发,SZSE,2024-09-25,0.968,0.991,0.966,0.969,0.968,0.991,0.966,0.969,1.0,151775300.0,148493657.673,腾讯日K/前复权日K,2026-09-19T10:42:50+08:00,20260926T093659
159611,电力ETF广发,SZSE,2024-09-26,0.972,0.979,0.957,0.979,0.972,0.979,0.957,0.979,1.0,148842900.0,143837966.067,腾讯日K/前复权日K,2026-09-19T10:42:50+08:00,20260926T093659
159611,电力ETF广发,SZSE,2024-09-27,0.981,1.015,0.972,1.014,0.981,1.015,0.972,1.014,1.0,206444600.0,204115374.493,腾讯日K/前复权日K,2026-09-19T10:42:50+08:00,20260926T093659
159611,电力ETF广发,SZSE,2024-09-30,1.022,1.074,1.007,1.069,1.022,1.074,1.007,1.069,1.0,350424400.0,364192994.556,腾讯日K/前复权日K,2026-09-19T10:42:50+08:00,20260926T093659
159611,电力ETF广发,SZSE,2024-10-08,1.173,1.174,1.03,1.064,1.173,1.174,1.03,1.064,1.0,298546400.0,324362991.743,腾讯日K/前复权日K,2026-09-19T10:42:50+08:00,20260926T093659
159611,电力ETF广发,SZSE,2024-10-09,1.035,1.05,1.0,1.001,1.035,1.05,1.0,1.001,1.0,206973400.0,211966775.233,腾讯日K/前复权日K,2026-09-19T10:42:50+08:00,20260926T093659
159611,电力ETF广发,SZSE,2024-10-10,0.997,1.05,0.997,1.03,0.997,1.05,0.997,1.03,1.0,223236200.0,230871926.302,腾讯日K/前复权日K,2026-09-19T10:42:50+08:00,20260926T093659
159611,电力ETF广发,SZSE,2024-10-11,1.031,1.033,1.001,1.007,1.031,1.033,1.001,1.007,1.0,135957600.0,138572658.858,腾讯日K/前复权日K,2026-09-19T10:42:50+08:00,20260926T093659
159611,电力ETF广发,SZSE,2024-10-14,1.007,1.023,1.002,1.016,1.007,1.023,1.002,1.016,1.0,110470800.0,111811442.652,腾讯日K/前复权日K,2026-09-19T10:42:50+08:00,20260926T093659
159611,电力ETF广发,SZSE,2024-10-15,1.013,1.018,0.993,0.995,1.013,1.018,0.993,0.995,1.0,101901900.0,102377141.54,腾讯日K/前复权日K,2026-09-19T10:42:50+08:00,20260926T093659
159611,电力ETF广发,SZSE,2024-10-16,0.99,1.003,0.986,1.0,0.99,1.003,0.986,1.0,1.0,115855200.0,115521771.782,腾讯日K/前复权日K,2026-09-19T10:42:50+08:00,20260926T093659
159611,电力ETF广发,SZSE,2024-10-17,1.0,1.008,0.984,0.986,1.0,1.008,0.984,0.986,1.0,108506600.0,107918984.8,腾讯日K/前复权日K,2026-09-19T10:42:50+08:00,20260926T093659
159611,电力ETF广发,SZSE,2024-10-18,0.98,1.011,0.977,1.0,0.98,1.011,0.977,1.0,1.0,150140700.0,148966147.264,腾讯日K/前复权日K,2026-09-19T10:42:50+08:00,20260926T093659
159611,电力ETF广发,SZSE,2024-10-21,1.0,1.001,0.985,0.992,1.0,1.001,0.985,0.992,1.0,142646900.0,141184528.528,腾讯日K/前复权日K,2026-09-19T10:42:50+08:00,20260926T093659
159611,电力ETF广发,SZSE,2024-10-22,0.993,1.011,0.989,1.011,0.993,1.011,0.989,1.011,1.0,208868700.0,209603697.61,腾讯日K/前复权日K,2026-09-19T10:42:50+08:00,20260926T093659
159611,电力ETF广发,SZSE,2024-10-23,1.012,1.02,1.008,1.017,1.012,1.02,1.008,1.017,1.0,182805300.0,185376040.9,腾讯日K/前复权日K,2026-09-19T10:42:50+08:00,20260926T093659
159611,电力ETF广发,SZSE,2024-10-24,1.011,1.012,1.002,1.009,1.011,1.012,1.002,1.009,1.0,124808700.0,125532930.214,腾讯日K/前复权日K,2026-09-19T10:42:50+08:00,20260926T093659
159611,电力ETF广发,SZSE,2024-10-25,1.004,1.009,0.996,1.004,1.004,1.009,0.996,1.004,1.0,140932100.0,141133915.305,腾讯日K/前复权日K,2026-09-19T10:42:50+08:00,20260926T093659
159611,电力ETF广发,SZSE,2024-10-28,1.005,1.017,0.994,1.017,1.005,1.017,0.994,1.017,1.0,183163900.0,184355552.439,腾讯日K/前复权日K,2026-09-19T10:42:50+08:00,20260926T093659
159611,电力ETF广发,SZSE,2024-10-29,1.018,1.02,1.0,1.001,1.018,1.02,1.0,1.001,1.0,137519200.0,138582356.408,腾讯日K/前复权日K,2026-09-19T10:42:50+08:00,20260926T093659
159611,电力ETF广发,SZSE,2024-10-30,0.998,1.004,0.986,0.994,0.998,1.004,0.986,0.994,1.0,113016300.0,112244185.759,腾讯日K/前复权日K,2026-09-19T10:42:50+08:00,20260926T093659
159611,电力ETF广发,SZSE,2024-10-31,1.0,1.009,0.997,1.007,1.0,1.009,0.997,1.007,1.0,210132700.0,211118368.6,腾讯日K/前复权日K,2026-09-19T10:42:50+08:00,20260926T093659
159611,电力ETF广发,SZSE,2024-11-01,1.005,1.01,0.994,1.006,1.005,1.01,0.994,1.006,1.0,95076300.0,95313794.819,腾讯日K/前复权日K,2026-09-19T10:42:50+08:00,20260926T093659
159611,电力ETF广发,SZSE,2024-11-04,1.005,1.007,0.998,1.006,1.005,1.007,0.998,1.006,1.0,65549000.0,65723388.6,腾讯日K/前复权日K,2026-09-19T10:42:50+08:00,20260926T093659
159611,电力ETF广发,SZSE,2024-11-05,1.006,1.018,1.002,1.018,1.006,1.018,1.002,1.018,1.0,133587500.0,135084542.392,腾讯日K/前复权日K,2026-09-19T10:42:50+08:00,20260926T093659
159611,电力ETF广发,SZSE,2024-11-06,1.015,1.017,1.004,1.009,1.015,1.017,1.004,1.009,1.0,135974400.0,137233153.059,腾讯日K/前复权日K,2026-09-19T10:42:50+08:00,20260926T093659
159611,电力ETF广发,SZSE,2024-11-07,1.004,1.022,1.001,1.022,1.004,1.022,1.001,1.022,1.0,149659900.0,151894489.325,腾讯日K/前复权日K,2026-09-19T10:42:50+08:00,20260926T093659
159611,电力ETF广发,SZSE,2024-11-08,1.03,1.034,1.012,1.017,1.03,1.034,1.012,1.017,1.0,220831500.0,225968832.551,腾讯日K/前复权日K,2026-09-19T10:42:50+08:00,20260926T093659
159611,电力ETF广发,SZSE,2024-11-11,1.012,1.017,1.005,1.016,1.012,1.017,1.005,1.016,1.0,139520000.0,141056166.941,腾讯日K/前复权日K,2026-09-19T10:42:50+08:00,20260926T093659
159611,电力ETF广发,SZSE,2024-11-12,1.016,1.017,1.001,1.005,1.016,1.017,1.001,1.005,1.0,147669000.0,149015211.215,腾讯日K/前复权日K,2026-09-19T10:42:50+08:00,20260926T093659
159611,电力ETF广发,SZSE,2024-11-13,1.002,1.01,0.999,1.01,1.002,1.01,0.999,1.01,1.0,108526900.0,109191789.513,腾讯日K/前复权日K,2026-09-19T10:42:50+08:00,20260926T093659
159611,电力ETF广发,SZSE,2024-11-14,1.009,1.015,0.994,0.996,1.009,1.015,0.994,0.996,1.0,129489500.0,129928154.562,腾讯日K/前复权日K,2026-09-19T10:42:50+08:00,20260926T093659
159611,电力ETF广发,SZSE,2024-11-15,0.993,0.998,0.984,0.985,0.993,0.998,0.984,0.985,1.0,106658500.0,105827774.721,腾讯日K/前复权日K,2026-09-19T10:42:50+08:00,20260926T093659
159611,电力ETF广发,SZSE,2024-11-18,0.986,1.007,0.986,0.995,0.986,1.007,0.986,0.995,1.0,147484200.0,147328335.648,腾讯日K/前复权日K,2026-09-19T10:42:50+08:00,20260926T093659
159611,电力ETF广发,SZSE,2024-11-19,0.995,0.998,0.983,0.994,0.995,0.998,0.983,0.994,1.0,89254600.0,88303577.5,腾讯日K/前复权日K,2026-09-19T10:42:50+08:00,20260926T093659
159611,电力ETF广发,SZSE,2024-11-20,0.992,0.999,0.987,0.998,0.992,0.999,0.987,0.998,1.0,84384800.0,83849996.265,腾讯日K/前复权日K,2026-09-19T10:42:50+08:00,20260926T093659
159611,电力ETF广发,SZSE,2024-11-21,0.996,1.003,0.995,1.003,0.996,1.003,0.995,1.003,1.0,99393600.0,99376045.659,腾讯日K/前复权日K,2026-09-19T10:42:50+08:00,20260926T093659
159611,电力ETF广发,SZSE,2024-11-22,1.002,1.007,0.975,0.978,1.002,1.007,0.975,0.978,1.0,105327600.0,104170844.8,腾讯日K/前复权日K,2026-09-19T10:42:50+08:00,20260926T093659
159611,电力ETF广发,SZSE,2024-11-25,0.98,0.98,0.959,0.966,0.98,0.98,0.959,0.966,1.0,101196800.0,97953492.368,腾讯日K/前复权日K,2026-09-19T10:42:50+08:00,20260926T093659
159611,电力ETF广发,SZSE,2024-11-26,0.966,0.968,0.958,0.96,0.966,0.968,0.958,0.96,1.0,67336600.0,64725178.12,腾讯日K/前复权日K,2026-09-19T10:42:50+08:00,20260926T093659
159611,电力ETF广发,SZSE,2024-11-27,0.96,0.968,0.948,0.968,0.96,0.968,0.948,0.968,1.0,80817800.0,77493796.738,腾讯日K/前复权日K,2026-09-19T10:42:50+08:00,20260926T093659
159611,电力ETF广发,SZSE,2024-11-28,0.969,0.969,0.96,0.965,0.969,0.969,0.96,0.965,1.0,57525300.0,55529772.864,腾讯日K/前复权日K,2026-09-19T10:42:50+08:00,20260926T093659
159611,电力ETF广发,SZSE,2024-11-29,0.963,0.973,0.962,0.968,0.963,0.973,0.962,0.968,1.0,85782900.0,83005662.463,腾讯日K/前复权日K,2026-09-19T10:42:50+08:00,20260926T093659
159611,电力ETF广发,SZSE,2024-12-02,0.969,0.981,0.967,0.979,0.969,0.981,0.967,0.979,1.0,77517900.0,75613149.672,腾讯日K/前复权日K,2026-09-19T10:42:50+08:00,20260926T093659
159611,电力ETF广发,SZSE,2024-12-03,0.978,0.996,0.975,0.996,0.978,0.996,0.975,0.996,1.0,112665100.0,111370280.531,腾讯日K/前复权日K,2026-09-19T10:42:50+08:00,20260926T093659
159611,电力ETF广发,SZSE,2024-12-04,0.991,0.998,0.989,0.994,0.991,0.998,0.989,0.994,1.0,86846800.0,86243195.088,腾讯日K/前复权日K,2026-09-19T10:42:50+08:00,20260926T093659
159611,电力ETF广发,SZSE,2024-12-05,0.993,0.997,0.988,0.99,0.993,0.997,0.988,0.99,1.0,57330300.0,56920890.3,腾讯日K/前复权日K,2026-09-19T10:42:50+08:00,20260926T093659
159611,电力ETF广发,SZSE,2024-12-06,0.994,1.002,0.991,1.001,0.994,1.002,0.991,1.001,1.0,91042900.0,90849744.887,腾讯日K/前复权日K,2026-09-19T10:42:50+08:00,20260926T093659
159611,电力ETF广发,SZSE,2024-12-09,1.004,1.008,0.997,1.006,1.004,1.008,0.997,1.006,1.0,74898900.0,75202587.605,腾讯日K/前复权日K,2026-09-19T10:42:50+08:00,20260926T093659
159611,电力ETF广发,SZSE,2024-12-10,1.013,1.019,0.997,0.999,1.013,1.019,0.997,0.999,1.0,161180500.0,162198005.321,腾讯日K/前复权日K,2026-09-19T10:42:50+08:00,20260926T093659
159611,电力ETF广发,SZSE,2024-12-11,0.999,1.003,0.997,1.001,0.999,1.003,0.997,1.001,1.0,70315300.0,70359313.6,腾讯日K/前复权日K,2026-09-19T10:42:50+08:00,20260926T093659
159611,电力ETF广发,SZSE,2024-12-12,1.0,1.006,0.997,1.005,1.0,1.006,0.997,1.005,1.0,66774100.0,66969065.93,腾讯日K/前复权日K,2026-09-19T10:42:50+08:00,20260926T093659
159611,电力ETF广发,SZSE,2024-12-13,1.001,1.004,0.992,0.993,1.001,1.004,0.992,0.993,1.0,114167600.0,113766268.902,腾讯日K/前复权日K,2026-09-19T10:42:50+08:00,20260926T093659
159611,电力ETF广发,SZSE,2024-12-16,0.992,1.012,0.992,1.011,0.992,1.012,0.992,1.011,1.0,155305200.0,156325980.03,腾讯日K/前复权日K,2026-09-19T10:42:50+08:00,20260926T093659
159611,电力ETF广发,SZSE,2024-12-17,1.008,1.018,1.001,1.005,1.008,1.018,1.001,1.005,1.0,118050700.0,119218355.26,腾讯日K/前复权日K,2026-09-19T10:42:50+08:00,20260926T093659
159611,电力ETF广发,SZSE,2024-12-18,1.005,1.022,1.005,1.014,1.005,1.022,1.005,1.014,1.0,104904100.0,106570260.188,腾讯日K/前复权日K,2026-09-19T10:42:50+08:00,20260926T093659
159611,电力ETF广发,SZSE,2024-12-19,1.01,1.01,0.997,0.999,1.01,1.01,0.997,0.999,1.0,102956400.0,103081953.678,腾讯日K/前复权日K,2026-09-19T10:42:50+08:00,20260926T093659
159611,电力ETF广发,SZSE,2024-12-20,0.999,1.002,0.989,0.99,0.999,1.002,0.989,0.99,1.0,87286900.0,86651385.0,腾讯日K/前复权日K,2026-09-19T10:42:50+08:00,20260926T093659
159611,电力ETF广发,SZSE,2024-12-23,0.992,1.007,0.987,1.0,0.992,1.007,0.987,1.0,1.0,147376200.0,147460208.794,腾讯日K/前复权日K,2026-09-19T10:42:50+08:00,20260926T093659
159611,电力ETF广发,SZSE,2024-12-24,0.997,1.012,0.997,1.01,0.997,1.012,0.997,1.01,1.0,120940800.0,121653330.603,腾讯日K/前复权日K,2026-09-19T10:42:50+08:00,20260926T093659
159611,电力ETF广发,SZSE,2024-12-25,1.014,1.014,1.004,1.011,1.014,1.014,1.004,1.011,1.0,122360000.0,123398171.324,腾讯日K/前复权日K,2026-09-19T10:42:50+08:00,20260926T093659
159611,电力ETF广发,SZSE,2024-12-26,1.01,1.01,0.992,0.996,1.01,1.01,0.992,0.996,1.0,108905400.0,108602388.0,腾讯日K/前复权日K,2026-09-19T10:42:50+08:00,20260926T093659
159611,电力ETF广发,SZSE,2024-12-27,0.996,1.008,0.992,1.006,0.996,1.008,0.992,1.006,1.0,110751900.0,110800339.96,腾讯日K/前复权日K,2026-09-19T10:42:50+08:00,20260926T093659
159611,电力ETF广发,SZSE,2024-12-30,1.004,1.01,0.995,0.998,1.004,1.01,0.995,0.998,1.0,112629400.0,112579375.917,腾讯日K/前复权日K,2026-09-19T10:42:50+08:00,20260926T093659
159611,电力ETF广发,SZSE,2024-12-31,0.997,1.003,0.99,0.991,0.997,1.003,0.99,0.991,1.0,131725400.0,131199244.272,腾讯日K/前复权日K,2026-09-19T10:42:50+08:00,20260926T093659
159611,电力ETF广发,SZSE,2025-01-02,0.989,0.992,0.957,0.963,0.989,0.992,0.957,0.963,1.0,129660800.0,126436808.8,腾讯日K/前复权日K,2026-09-19T10:42:50+08:00,20260926T093659
159611,电力ETF广发,SZSE,2025-01-03,0.962,0.969,0.952,0.953,0.962,0.969,0.952,0.953,1.0,93734200.0,90069136.1,腾讯日K/前复权日K,2026-09-19T10:42:50+08:00,20260926T093659
159611,电力ETF广发,SZSE,2025-01-06,0.954,0.957,0.946,0.953,0.954,0.957,0.946,0.953,1.0,93064400.0,88571578.3,腾讯日K/前复权日K,2026-09-19T10:42:50+08:00,20260926T093659
159611,电力ETF广发,SZSE,2025-01-07,0.948,0.951,0.939,0.946,0.948,0.951,0.939,0.946,1.0,92951800.0,87703108.1,腾讯日K/前复权日K,2026-09-19T10:42:50+08:00,20260926T093659
159611,电力ETF广发,SZSE,2025-01-08,0.946,0.954,0.939,0.951,0.946,0.954,0.939,0.951,1.0,94651700.0,89728092.2,腾讯日K/前复权日K,2026-09-19T10:42:50+08:00,20260926T093659
159611,电力ETF广发,SZSE,2025-01-09,0.949,0.949,0.936,0.937,0.949,0.949,0.936,0.937,1.0,81175900.0,76299431.838,腾讯日K/前复权日K,2026-09-19T10:42:50+08:00,20260926T093659
159611,电力ETF广发,SZSE,2025-01-10,0.936,0.937,0.922,0.923,0.936,0.937,0.922,0.923,1.0,81090300.0,75205771.8,腾讯日K/前复权日K,2026-09-19T10:42:50+08:00,20260926T093659
159611,电力ETF广发,SZSE,2025-01-13,0.919,0.92,0.907,0.916,0.919,0.92,0.907,0.916,1.0,69764900.0,63734111.0,腾讯日K/前复权日K,2026-09-19T10:42:50+08:00,20260926T093659
159611,电力ETF广发,SZSE,2025-01-14,0.917,0.933,0.916,0.932,0.917,0.933,0.916,0.932,1.0,73950400.0,68456688.7,腾讯日K/前复权日K,2026-09-19T10:42:50+08:00,20260926T093659
159611,电力ETF广发,SZSE,2025-01-15,0.931,0.938,0.927,0.931,0.931,0.938,0.927,0.931,1.0,102541200.0,95636401.434,腾讯日K/前复权日K,2026-09-19T10:42:50+08:00,20260926T093659
159611,电力ETF广发,SZSE,2025-01-16,0.93,0.938,0.927,0.931,0.93,0.938,0.927,0.931,1.0,193369700.0,180324540.0,腾讯日K/前复权日K,2026-09-19T10:42:50+08:00,20260926T093659
159611,电力ETF广发,SZSE,2025-01-17,0.93,0.932,0.923,0.931,0.93,0.932,0.923,0.931,1.0,51475900.0,47830475.4,腾讯日K/前复权日K,2026-09-19T10:42:50+08:00,20260926T093659
159611,电力ETF广发,SZSE,2025-01-20,0.933,0.935,0.926,0.929,0.933,0.935,0.926,0.929,1.0,130511100.0,121413717.4,腾讯日K/前复权日K,2026-09-19T10:42:50+08:00,20260926T093659
159611,电力ETF广发,SZSE,2025-01-21,0.928,0.928,0.92,0.926,0.928,0.928,0.92,0.926,1.0,134733500.0,124581684.0,腾讯日K/前复权日K,2026-09-19T10:42:50+08:00,20260926T093659
159611,电力ETF广发,SZSE,2025-01-22,0.924,0.926,0.916,0.921,0.924,0.926,0.916,0.921,1.0,78389000.0,72177185.02,腾讯日K/前复权日K,2026-09-19T10:42:50+08:00,20260926T093659
159611,电力ETF广发,SZSE,2025-01-23,0.924,0.936,0.923,0.924,0.924,0.936,0.923,0.924,1.0,102270400.0,94924048.624,腾讯日K/前复权日K,2026-09-19T10:42:50+08:00,20260926T093659
159611,电力ETF广发,SZSE,2025-01-24,0.922,0.924,0.916,0.923,0.922,0.924,0.916,0.923,1.0,117114100.0,107889480.163,腾讯日K/前复权日K,2026-09-19T10:42:50+08:00,20260926T093659
159611,电力ETF广发,SZSE,2025-01-27,0.925,0.939,0.923,0.938,0.925,0.939,0.923,0.938,1.0,132183500.0,123521026.8,腾讯日K/前复权日K,2026-09-19T10:42:50+08:00,20260926T093659
159611,电力ETF广发,SZSE,2025-02-05,0.937,0.938,0.924,0.928,0.937,0.938,0.924,0.928,1.0,285119400.0,264483296.6,腾讯日K/前复权日K,2026-09-19T10:42:50+08:00,20260926T093659
159611,电力ETF广发,SZSE,2025-02-06,0.93,0.936,0.924,0.936,0.93,0.936,0.924,0.936,1.0,90872400.0,84438542.4,腾讯日K/前复权日K,2026-09-19T10:42:50+08:00,20260926T093659
159611,电力ETF广发,SZSE,2025-02-07,0.934,0.942,0.928,0.94,0.934,0.942,0.928,0.94,1.0,234109600.0,219296860.523,腾讯日K/前复权日K,2026-09-19T10:42:50+08:00,20260926T093659
159611,电力ETF广发,SZSE,2025-02-10,0.937,0.941,0.933,0.936,0.937,0.941,0.933,0.936,1.0,243205300.0,227552077.0,腾讯日K/前复权日K,2026-09-19T10:42:50+08:00,20260926T093659
159611,电力ETF广发,SZSE,2025-02-11,0.936,0.936,0.927,0.931,0.936,0.936,0.927,0.931,1.0,145044700.0,134973305.5,腾讯日K/前复权日K,2026-09-19T10:42:50+08:00,20260926T093659
159611,电力ETF广发,SZSE,2025-02-12,0.93,0.933,0.928,0.933,0.93,0.933,0.928,0.933,1.0,143000500.0,133126293.188,腾讯日K/前复权日K,2026-09-19T10:42:50+08:00,20260926T093659
159611,电力ETF广发,SZSE,2025-02-13,0.933,0.938,0.93,0.936,0.933,0.938,0.93,0.936,1.0,144862600.0,135502872.1,腾讯日K/前复权日K,2026-09-19T10:42:50+08:00,20260926T093659
159611,电力ETF广发,SZSE,2025-02-14,0.935,0.937,0.931,0.934,0.935,0.937,0.931,0.934,1.0,170103200.0,158910051.1,腾讯日K/前复权日K,2026-09-19T10:42:50+08:00,20260926T093659
159611,电力ETF广发,SZSE,2025-02-17,0.932,0.947,0.927,0.947,0.932,0.947,0.927,0.947,1.0,326599900.0,306784569.5,腾讯日K/前复权日K,2026-09-19T10:42:50+08:00,20260926T093659
159611,电力ETF广发,SZSE,2025-02-18,0.947,0.955,0.941,0.948,0.947,0.955,0.941,0.948,1.0,320039800.0,303986013.804,腾讯日K/前复权日K,2026-09-19T10:42:50+08:00,20260926T093659
159611,电力ETF广发,SZSE,2025-02-19,0.947,0.948,0.94,0.943,0.947,0.948,0.94,0.943,1.0,189638500.0,178747268.2,腾讯日K/前复权日K,2026-09-19T10:42:50+08:00,20260926T093659
159611,电力ETF广发,SZSE,2025-02-20,0.942,0.945,0.936,0.943,0.942,0.945,0.936,0.943,1.0,183242600.0,172269347.1,腾讯日K/前复权日K,2026-09-19T10:42:50+08:00,20260926T093659
159611,电力ETF广发,SZSE,2025-02-21,0.941,0.943,0.936,0.939,0.941,0.943,0.936,0.939,1.0,205430000.0,192824489.3,腾讯日K/前复权日K,2026-09-19T10:42:50+08:00,20260926T093659
159611,电力ETF广发,SZSE,2025-02-24,0.939,0.947,0.936,0.94,0.939,0.947,0.936,0.94,1.0,181760600.0,171089505.5,腾讯日K/前复权日K,2026-09-19T10:42:50+08:00,20260926T093659
159611,电力ETF广发,SZSE,2025-02-25,0.937,0.939,0.929,0.929,0.937,0.939,0.929,0.929,1.0,163768900.0,152898128.034,腾讯日K/前复权日K,2026-09-19T10:42:50+08:00,20260926T093659
159611,电力ETF广发,SZSE,2025-02-26,0.929,0.94,0.929,0.94,0.929,0.94,0.929,0.94,1.0,206688800.0,193417936.27,腾讯日K/前复权日K,2026-09-19T10:42:50+08:00,20260926T093659
159611,电力ETF广发,SZSE,2025-02-27,0.939,0.939,0.931,0.935,0.939,0.939,0.931,0.935,1.0,151187700.0,141185836.278,腾讯日K/前复权日K,2026-09-19T10:42:50+08:00,20260926T093659
159611,电力ETF广发,SZSE,2025-02-28,0.934,0.937,0.925,0.926,0.934,0.937,0.925,0.926,1.0,186249400.0,173497611.5,腾讯日K/前复权日K,2026-09-19T10:42:50+08:00,20260926T093659
159611,电力ETF广发,SZSE,2025-03-03,0.929,0.93,0.922,0.925,0.929,0.93,0.922,0.925,1.0,165335100.0,153058420.2,腾讯日K/前复权日K,2026-09-19T10:42:50+08:00,20260926T093659
159611,电力ETF广发,SZSE,2025-03-04,0.923,0.924,0.919,0.924,0.923,0.924,0.919,0.924,1.0,108823400.0,100255665.9,腾讯日K/前复权日K,2026-09-19T10:42:50+08:00,20260926T093659
159611,电力ETF广发,SZSE,2025-03-05,0.925,0.927,0.919,0.927,0.925,0.927,0.919,0.927,1.0,138062300.0,127510255.4,腾讯日K/前复权日K,2026-09-19T10:42:50+08:00,20260926T093659
159611,电力ETF广发,SZSE,2025-03-06,0.926,0.927,0.92,0.924,0.926,0.927,0.92,0.924,1.0,179651200.0,165893368.1,腾讯日K/前复权日K,2026-09-19T10:42:50+08:00,20260926T093659
159611,电力ETF广发,SZSE,2025-03-07,0.923,0.925,0.919,0.921,0.923,0.925,0.919,0.921,1.0,176752300.0,162899075.223,腾讯日K/前复权日K,2026-09-19T10:42:50+08:00,20260926T093659
159611,电力ETF广发,SZSE,2025-03-10,0.921,0.922,0.917,0.921,0.921,0.922,0.917,0.921,1.0,132628700.0,121844302.334,腾讯日K/前复权日K,2026-09-19T10:42:50+08:00,20260926T093659
159611,电力ETF广发,SZSE,2025-03-11,0.917,0.921,0.914,0.92,0.917,0.921,0.914,0.92,1.0,117029600.0,107382419.719,腾讯日K/前复权日K,2026-09-19T10:42:50+08:00,20260926T093659
159611,电力ETF广发,SZSE,2025-03-12,0.921,0.93,0.917,0.928,0.921,0.93,0.917,0.928,1.0,297394400.0,274426742.024,腾讯日K/前复权日K,2026-09-19T10:42:50+08:00,20260926T093659
159611,电力ETF广发,SZSE,2025-03-13,0.926,0.937,0.926,0.937,0.926,0.937,0.926,0.937,1.0,306821000.0,286229753.6,腾讯日K/前复权日K,2026-09-19T10:42:50+08:00,20260926T093659
159611,电力ETF广发,SZSE,2025-03-14,0.936,0.94,0.934,0.94,0.936,0.94,0.934,0.94,1.0,283791800.0,266083271.866,腾讯日K/前复权日K,2026-09-19T10:42:50+08:00,20260926T093659
159611,电力ETF广发,SZSE,2025-03-17,0.941,0.945,0.937,0.938,0.941,0.945,0.937,0.938,1.0,227130200.0,213770376.561,腾讯日K/前复权日K,2026-09-19T10:42:50+08:00,20260926T093659
159611,电力ETF广发,SZSE,2025-03-18,0.939,0.94,0.933,0.935,0.939,0.94,0.933,0.935,1.0,187341900.0,175101112.3,腾讯日K/前复权日K,2026-09-19T10:42:50+08:00,20260926T093659
159611,电力ETF广发,SZSE,2025-03-19,0.935,0.95,0.932,0.948,0.935,0.95,0.932,0.948,1.0,375070200.0,353807648.488,腾讯日K/前复权日K,2026-09-19T10:42:50+08:00,20260926T093659
159611,电力ETF广发,SZSE,2025-03-20,0.947,0.953,0.945,0.947,0.947,0.953,0.945,0.947,1.0,217449100.0,206227669.9,腾讯日K/前复权日K,2026-09-19T10:42:50+08:00,20260926T093659
159611,电力ETF广发,SZSE,2025-03-21,0.947,0.955,0.941,0.945,0.947,0.955,0.941,0.945,1.0,232452100.0,220503750.777,腾讯日K/前复权日K,2026-09-19T10:42:50+08:00,20260926T093659
159611,电力ETF广发,SZSE,2025-03-24,0.943,0.953,0.941,0.948,0.943,0.953,0.941,0.948,1.0,236456200.0,223957054.923,腾讯日K/前复权日K,2026-09-19T10:42:50+08:00,20260926T093659
159611,电力ETF广发,SZSE,2025-03-25,0.946,0.964,0.942,0.963,0.946,0.964,0.942,0.963,1.0,307374000.0,294656722.715,腾讯日K/前复权日K,2026-09-19T10:42:50+08:00,20260926T093659
159611,电力ETF广发,SZSE,2025-03-26,0.963,0.964,0.952,0.958,0.963,0.964,0.952,0.958,1.0,235945000.0,225936175.9,腾讯日K/前复权日K,2026-09-19T10:42:50+08:00,20260926T093659
159611,电力ETF广发,SZSE,2025-03-27,0.958,0.96,0.944,0.947,0.958,0.96,0.944,0.947,1.0,303614800.0,287917137.045,腾讯日K/前复权日K,2026-09-19T10:42:50+08:00,20260926T093659
159611,电力ETF广发,SZSE,2025-03-28,0.947,0.95,0.938,0.942,0.947,0.95,0.938,0.942,1.0,264735400.0,249635561.72,腾讯日K/前复权日K,2026-09-19T10:42:50+08:00,20260926T093659
159611,电力ETF广发,SZSE,2025-03-31,0.94,0.955,0.94,0.946,0.94,0.955,0.94,0.946,1.0,265650100.0,251882041.1,腾讯日K/前复权日K,2026-09-19T10:42:50+08:00,20260926T093659
159611,电力ETF广发,SZSE,2025-04-01,0.946,0.963,0.943,0.963,0.946,0.963,0.943,0.963,1.0,292405800.0,279479378.703,腾讯日K/前复权日K,2026-09-19T10:42:50+08:00,20260926T093659
159611,电力ETF广发,SZSE,2025-04-02,0.96,0.96,0.952,0.953,0.96,0.96,0.952,0.953,1.0,247278700.0,236012697.0,腾讯日K/前复权日K,2026-09-19T10:42:50+08:00,20260926T093659
159611,电力ETF广发,SZSE,2025-04-03,0.948,0.969,0.947,0.968,0.948,0.969,0.947,0.968,1.0,350582400.0,337244473.875,腾讯日K/前复权日K,2026-09-19T10:42:50+08:00,20260926T093659
159611,电力ETF广发,SZSE,2025-04-07,0.948,0.956,0.89,0.922,0.948,0.956,0.89,0.922,1.0,529473800.0,490554829.904,腾讯日K/前复权日K,2026-09-19T10:42:50+08:00,20260926T093659
159611,电力ETF广发,SZSE,2025-04-08,0.918,0.942,0.915,0.939,0.918,0.942,0.915,0.939,1.0,271523600.0,252874018.4,腾讯日K/前复权日K,2026-09-19T10:42:50+08:00,20260926T093659
159611,电力ETF广发,SZSE,2025-04-09,0.933,0.946,0.917,0.943,0.933,0.946,0.917,0.943,1.0,285749400.0,266687612.291,腾讯日K/前复权日K,2026-09-19T10:42:50+08:00,20260926T093659
159611,电力ETF广发,SZSE,2025-04-10,0.941,0.952,0.937,0.947,0.941,0.952,0.937,0.947,1.0,235192600.0,222341204.554,腾讯日K/前复权日K,2026-09-19T10:42:50+08:00,20260926T093659
159611,电力ETF广发,SZSE,2025-04-11,0.944,0.945,0.935,0.941,0.944,0.945,0.935,0.941,1.0,193962600.0,182195146.0,腾讯日K/前复权日K,2026-09-19T10:42:50+08:00,20260926T093659
159611,电力ETF广发,SZSE,2025-04-14,0.94,0.952,0.937,0.952,0.94,0.952,0.937,0.952,1.0,218902600.0,207289818.9,腾讯日K/前复权日K,2026-09-19T10:42:50+08:00,20260926T093659
159611,电力ETF广发,SZSE,2025-04-15,0.952,0.956,0.945,0.956,0.952,0.956,0.945,0.956,1.0,166382600.0,158207437.4,腾讯日K/前复权日K,2026-09-19T10:42:50+08:00,20260926T093659
159611,电力ETF广发,SZSE,2025-04-16,0.954,0.96,0.951,0.958,0.954,0.96,0.951,0.958,1.0,246290200.0,235146248.1,腾讯日K/前复权日K,2026-09-19T10:42:50+08:00,20260926T093659
159611,电力ETF广发,SZSE,2025-04-17,0.955,0.961,0.952,0.958,0.955,0.961,0.952,0.958,1.0,138839000.0,132837120.658,腾讯日K/前复权日K,2026-09-19T10:42:50+08:00,20260926T093659
159611,电力ETF广发,SZSE,2025-04-18,0.958,0.958,0.949,0.953,0.958,0.958,0.949,0.953,1.0,169587100.0,161554422.208,腾讯日K/前复权日K,2026-09-19T10:42:50+08:00,20260926T093659
159611,电力ETF广发,SZSE,2025-04-21,0.952,0.959,0.952,0.956,0.952,0.959,0.952,0.956,1.0,128796700.0,123185254.7,腾讯日K/前复权日K,2026-09-19T10:42:50+08:00,20260926T093659
159611,电力ETF广发,SZSE,2025-04-22,0.957,0.966,0.954,0.955,0.957,0.966,0.954,0.955,1.0,212201000.0,203274341.1,腾讯日K/前复权日K,2026-09-19T10:42:50+08:00,20260926T093659
159611,电力ETF广发,SZSE,2025-04-23,0.955,0.956,0.949,0.952,0.955,0.956,0.949,0.952,1.0,143394100.0,136479193.8,腾讯日K/前复权日K,2026-09-19T10:42:50+08:00,20260926T093659
159611,电力ETF广发,SZSE,2025-04-24,0.952,0.964,0.949,0.96,0.952,0.964,0.949,0.96,1.0,209472500.0,200981392.94,腾讯日K/前复权日K,2026-09-19T10:42:50+08:00,20260926T093659
159611,电力ETF广发,SZSE,2025-04-25,0.962,0.974,0.959,0.973,0.962,0.974,0.959,0.973,1.0,233496600.0,225912729.168,腾讯日K/前复权日K,2026-09-19T10:42:50+08:00,20260926T093659
159611,电力ETF广发,SZSE,2025-04-28,0.979,0.985,0.97,0.981,0.979,0.985,0.97,0.981,1.0,211779400.0,207394124.2,腾讯日K/前复权日K,2026-09-19T10:42:50+08:00,20260926T093659
159611,电力ETF广发,SZSE,2025-04-29,0.977,0.977,0.959,0.961,0.977,0.977,0.959,0.961,1.0,313898100.0,302501269.6,腾讯日K/前复权日K,2026-09-19T10:42:50+08:00,20260926T093659
159611,电力ETF广发,SZSE,2025-04-30,0.958,0.962,0.954,0.957,0.958,0.962,0.954,0.957,1.0,196992800.0,188365071.254,腾讯日K/前复权日K,2026-09-19T10:42:50+08:00,20260926T093659
159611,电力ETF广发,SZSE,2025-05-06,0.957,0.964,0.952,0.963,0.957,0.964,0.952,0.963,1.0,240551200.0,230328289.8,腾讯日K/前复权日K,2026-09-19T10:42:50+08:00,20260926T093659
159611,电力ETF广发,SZSE,2025-05-07,0.966,0.969,0.959,0.965,0.966,0.969,0.959,0.965,1.0,256590700.0,247380653.1,腾讯日K/前复权日K,2026-09-19T10:42:50+08:00,20260926T093659
159611,电力ETF广发,SZSE,2025-05-08,0.964,0.968,0.961,0.968,0.964,0.968,0.961,0.968,1.0,142404700.0,137549098.0,腾讯日K/前复权日K,2026-09-19T10:42:50+08:00,20260926T093659
159611,电力ETF广发,SZSE,2025-05-09,0.967,0.976,0.965,0.973,0.967,0.976,0.965,0.973,1.0,215901400.0,209893332.6,腾讯日K/前复权日K,2026-09-19T10:42:50+08:00,20260926T093659
159611,电力ETF广发,SZSE,2025-05-12,0.973,0.974,0.967,0.97,0.973,0.974,0.967,0.97,1.0,159085200.0,154232413.7,腾讯日K/前复权日K,2026-09-19T10:42:50+08:00,20260926T093659
159611,电力ETF广发,SZSE,2025-05-13,0.969,0.973,0.965,0.973,0.969,0.973,0.965,0.973,1.0,212183800.0,205539538.372,腾讯日K/前复权日K,2026-09-19T10:42:50+08:00,20260926T093659
159611,电力ETF广发,SZSE,2025-05-14,0.972,0.974,0.965,0.973,0.972,0.974,0.965,0.973,1.0,208135100.0,201813367.1,腾讯日K/前复权日K,2026-09-19T10:42:50+08:00,20260926T093659
159611,电力ETF广发,SZSE,2025-05-15,0.971,0.982,0.97,0.976,0.971,0.982,0.97,0.976,1.0,190954800.0,186477920.042,腾讯日K/前复权日K,2026-09-19T10:42:50+08:00,20260926T093659
159611,电力ETF广发,SZSE,2025-05-16,0.974,0.979,0.97,0.974,0.974,0.979,0.97,0.974,1.0,145013700.0,141190610.5,腾讯日K/前复权日K,2026-09-19T10:42:50+08:00,20260926T093659
159611,电力ETF广发,SZSE,2025-05-19,0.972,0.979,0.971,0.979,0.972,0.979,0.971,0.979,1.0,119447100.0,116620091.2,腾讯日K/前复权日K,2026-09-19T10:42:50+08:00,20260926T093659
159611,电力ETF广发,SZSE,2025-05-20,0.978,0.988,0.978,0.988,0.978,0.988,0.978,0.988,1.0,193337000.0,190396773.869,腾讯日K/前复权日K,2026-09-19T10:42:50+08:00,20260926T093659
159611,电力ETF广发,SZSE,2025-05-21,0.987,0.997,0.987,0.989,0.987,0.997,0.987,0.989,1.0,221164000.0,219537084.156,腾讯日K/前复权日K,2026-09-19T10:42:50+08:00,20260926T093659
159611,电力ETF广发,SZSE,2025-05-22,0.988,0.99,0.98,0.983,0.988,0.99,0.98,0.983,1.0,179311600.0,176332947.76,腾讯日K/前复权日K,2026-09-19T10:42:50+08:00,20260926T093659
159611,电力ETF广发,SZSE,2025-05-23,0.98,0.986,0.974,0.974,0.98,0.986,0.974,0.974,1.0,195573000.0,191480135.3,腾讯日K/前复权日K,2026-09-19T10:42:50+08:00,20260926T093659
159611,电力ETF广发,SZSE,2025-05-26,0.973,0.982,0.973,0.982,0.973,0.982,0.973,0.982,1.0,165332900.0,161682508.639,腾讯日K/前复权日K,2026-09-19T10:42:50+08:00,20260926T093659
159611,电力ETF广发,SZSE,2025-05-27,0.981,0.985,0.977,0.98,0.981,0.985,0.977,0.98,1.0,143379200.0,140456108.5,腾讯日K/前复权日K,2026-09-19T10:42:50+08:00,20260926T093659
159611,电力ETF广发,SZSE,2025-05-28,0.979,0.98,0.973,0.977,0.979,0.98,0.973,0.977,1.0,95530200.0,93268554.9,腾讯日K/前复权日K,2026-09-19T10:42:50+08:00,20260926T093659
159611,电力ETF广发,SZSE,2025-05-29,0.976,0.98,0.973,0.98,0.976,0.98,0.973,0.98,1.0,108420700.0,105951610.228,腾讯日K/前复权日K,2026-09-19T10:42:50+08:00,20260926T093659
159611,电力ETF广发,SZSE,2025-05-30,0.98,0.983,0.972,0.975,0.98,0.983,0.972,0.975,1.0,159420300.0,155400477.904,腾讯日K/前复权日K,2026-09-19T10:42:50+08:00,20260926T093659
159611,电力ETF广发,SZSE,2025-06-03,0.973,0.973,0.963,0.97,0.973,0.973,0.963,0.97,1.0,174697900.0,168805588.0,腾讯日K/前复权日K,2026-09-19T10:42:50+08:00,20260926T093659
159611,电力ETF广发,SZSE,2025-06-04,0.97,0.971,0.967,0.968,0.97,0.971,0.967,0.968,1.0,183585300.0,177775097.7,腾讯日K/前复权日K,2026-09-19T10:42:50+08:00,20260926T093659
159611,电力ETF广发,SZSE,2025-06-05,0.968,0.972,0.964,0.967,0.968,0.972,0.964,0.967,1.0,142608100.0,137944455.3,腾讯日K/前复权日K,2026-09-19T10:42:50+08:00,20260926T093659
159611,电力ETF广发,SZSE,2025-06-06,0.966,0.971,0.964,0.969,0.966,0.971,0.964,0.969,1.0,171810800.0,166495226.54,腾讯日K/前复权日K,2026-09-19T10:42:50+08:00,20260926T093659
159611,电力ETF广发,SZSE,2025-06-09,0.969,0.972,0.967,0.971,0.969,0.972,0.967,0.971,1.0,163855100.0,158833841.042,腾讯日K/前复权日K,2026-09-19T10:42:50+08:00,20260926T093659
159611,电力ETF广发,SZSE,2025-06-10,0.97,0.976,0.966,0.97,0.97,0.976,0.966,0.97,1.0,192669400.0,187114554.17,腾讯日K/前复权日K,2026-09-19T10:42:50+08:00,20260926T093659
159611,电力ETF广发,SZSE,2025-06-11,0.97,0.974,0.966,0.97,0.97,0.974,0.966,0.97,1.0,183133300.0,177607285.8,腾讯日K/前复权日K,2026-09-19T10:42:50+08:00,20260926T093659
159611,电力ETF广发,SZSE,2025-06-12,0.969,0.969,0.965,0.967,0.969,0.969,0.965,0.967,1.0,108950500.0,105268383.8,腾讯日K/前复权日K,2026-09-19T10:42:50+08:00,20260926T093659
159611,电力ETF广发,SZSE,2025-06-13,0.966,0.975,0.965,0.973,0.966,0.975,0.965,0.973,1.0,213288900.0,207195458.344,腾讯日K/前复权日K,2026-09-19T10:42:50+08:00,20260926T093659
159611,电力ETF广发,SZSE,2025-06-16,0.971,0.973,0.967,0.972,0.971,0.973,0.967,0.972,1.0,97902900.0,94958966.5,腾讯日K/前复权日K,2026-09-19T10:42:50+08:00,20260926T093659
159611,电力ETF广发,SZSE,2025-06-17,0.972,0.98,0.967,0.98,0.972,0.98,0.967,0.98,1.0,170923000.0,166433765.6,腾讯日K/前复权日K,2026-09-19T10:42:50+08:00,20260926T093659
159611,电力ETF广发,SZSE,2025-06-18,0.978,0.984,0.978,0.981,0.978,0.984,0.978,0.981,1.0,137414000.0,134758195.5,腾讯日K/前复权日K,2026-09-19T10:42:50+08:00,20260926T093659
159611,电力ETF广发,SZSE,2025-06-19,0.981,0.981,0.965,0.97,0.981,0.981,0.965,0.97,1.0,160901700.0,156151024.356,腾讯日K/前复权日K,2026-09-19T10:42:50+08:00,20260926T093659
159611,电力ETF广发,SZSE,2025-06-20,0.969,0.971,0.964,0.965,0.969,0.971,0.964,0.965,1.0,98552900.0,95334933.7,腾讯日K/前复权日K,2026-09-19T10:42:50+08:00,20260926T093659
159611,电力ETF广发,SZSE,2025-06-23,0.963,0.965,0.958,0.962,0.963,0.965,0.958,0.962,1.0,200877700.0,192922243.14,腾讯日K/前复权日K,2026-09-19T10:42:50+08:00,20260926T093659
159611,电力ETF广发,SZSE,2025-06-24,0.963,0.967,0.961,0.965,0.963,0.967,0.961,0.965,1.0,116163500.0,112050693.5,腾讯日K/前复权日K,2026-09-19T10:42:50+08:00,20260926T093659
159611,电力ETF广发,SZSE,2025-06-25,0.965,0.976,0.962,0.975,0.965,0.976,0.962,0.975,1.0,214618000.0,208087888.6,腾讯日K/前复权日K,2026-09-19T10:42:50+08:00,20260926T093659
159611,电力ETF广发,SZSE,2025-06-26,0.974,0.978,0.973,0.976,0.974,0.978,0.973,0.976,1.0,214805200.0,209616369.05,腾讯日K/前复权日K,2026-09-19T10:42:50+08:00,20260926T093659
159611,电力ETF广发,SZSE,2025-06-27,0.976,0.977,0.965,0.968,0.976,0.977,0.965,0.968,1.0,158428200.0,153576341.8,腾讯日K/前复权日K,2026-09-19T10:42:50+08:00,20260926T093659
159611,电力ETF广发,SZSE,2025-06-30,0.967,0.971,0.966,0.971,0.967,0.971,0.966,0.971,1.0,84444300.0,81819892.883,腾讯日K/前复权日K,2026-09-19T10:42:50+08:00,20260926T093659
159611,电力ETF广发,SZSE,2025-07-01,0.971,0.981,0.969,0.979,0.971,0.981,0.969,0.979,1.0,173414200.0,169409462.544,腾讯日K/前复权日K,2026-09-19T10:42:50+08:00,20260926T093659
159611,电力ETF广发,SZSE,2025-07-02,0.979,0.984,0.978,0.982,0.979,0.984,0.978,0.982,1.0,125385800.0,123010817.6,腾讯日K/前复权日K,2026-09-19T10:42:50+08:00,20260926T093659
159611,电力ETF广发,SZSE,2025-07-03,0.983,0.983,0.976,0.982,0.983,0.983,0.976,0.982,1.0,152343900.0,149279931.4,腾讯日K/前复权日K,2026-09-19T10:42:50+08:00,20260926T093659
159611,电力ETF广发,SZSE,2025-07-04,0.982,0.993,0.981,0.989,0.982,0.993,0.981,0.989,1.0,233977400.0,231541164.8,腾讯日K/前复权日K,2026-09-19T10:42:50+08:00,20260926T093659
159611,电力ETF广发,SZSE,2025-07-07,0.997,1.009,0.991,1.009,0.997,1.009,0.991,1.009,1.0,318611900.0,319018385.465,腾讯日K/前复权日K,2026-09-19T10:42:50+08:00,20260926T093659
159611,电力ETF广发,SZSE,2025-07-08,1.01,1.01,0.996,1.004,1.01,1.01,0.996,1.004,1.0,263829000.0,264051476.551,腾讯日K/前复权日K,2026-09-19T10:42:50+08:00,20260926T093659
159611,电力ETF广发,SZSE,2025-07-09,1.003,1.01,1.0,1.004,1.003,1.01,1.0,1.004,1.0,158900300.0,159669362.804,腾讯日K/前复权日K,2026-09-19T10:42:50+08:00,20260926T093659
159611,电力ETF广发,SZSE,2025-07-10,1.003,1.009,0.999,1.001,1.003,1.009,0.999,1.001,1.0,251648400.0,252365650.007,腾讯日K/前复权日K,2026-09-19T10:42:50+08:00,20260926T093659
159611,电力ETF广发,SZSE,2025-07-11,1.0,1.005,0.997,1.002,1.0,1.005,0.997,1.002,1.0,152034300.0,152259578.903,腾讯日K/前复权日K,2026-09-19T10:42:50+08:00,20260926T093659
159611,电力ETF广发,SZSE,2025-07-14,1.003,1.015,1.002,1.012,1.003,1.015,1.002,1.012,1.0,188241300.0,190484415.685,腾讯日K/前复权日K,2026-09-19T10:42:50+08:00,20260926T093659
159611,电力ETF广发,SZSE,2025-07-15,1.012,1.012,0.992,0.996,1.012,1.012,0.992,0.996,1.0,293984300.0,293083668.7,腾讯日K/前复权日K,2026-09-19T10:42:50+08:00,20260926T093659
159611,电力ETF广发,SZSE,2025-07-16,0.997,0.998,0.99,0.993,0.997,0.998,0.99,0.993,1.0,170742800.0,169531252.868,腾讯日K/前复权日K,2026-09-19T10:42:50+08:00,20260926T093659
159611,电力ETF广发,SZSE,2025-07-17,0.993,0.994,0.987,0.991,0.993,0.994,0.987,0.991,1.0,267381000.0,264462772.63,腾讯日K/前复权日K,2026-09-19T10:42:50+08:00,20260926T093659
159611,电力ETF广发,SZSE,2025-07-18,0.991,0.996,0.987,0.995,0.991,0.996,0.987,0.995,1.0,259221900.0,257010567.67,腾讯日K/前复权日K,2026-09-19T10:42:50+08:00,20260926T093659
159611,电力ETF广发,SZSE,2025-07-21,1.0,1.005,0.997,1.005,1.0,1.005,0.997,1.005,1.0,338835300.0,339479286.92,腾讯日K/前复权日K,2026-09-19T10:42:50+08:00,20260926T093659
159611,电力ETF广发,SZSE,2025-07-22,1.004,1.017,1.001,1.016,1.004,1.017,1.001,1.016,1.0,524625500.0,530493519.947,腾讯日K/前复权日K,2026-09-19T10:42:50+08:00,20260926T093659
159611,电力ETF广发,SZSE,2025-07-23,1.022,1.027,1.006,1.007,1.022,1.027,1.006,1.007,1.0,241710000.0,245190828.541,腾讯日K/前复权日K,2026-09-19T10:42:50+08:00,20260926T093659
159611,电力ETF广发,SZSE,2025-07-24,1.006,1.013,0.998,1.013,1.006,1.013,0.998,1.013,1.0,178806400.0,179652226.518,腾讯日K/前复权日K,2026-09-19T10:42:50+08:00,20260926T093659
159611,电力ETF广发,SZSE,2025-07-25,1.01,1.01,1.0,1.002,1.01,1.01,1.0,1.002,1.0,160916500.0,161612184.869,腾讯日K/前复权日K,2026-09-19T10:42:50+08:00,20260926T093659
159611,电力ETF广发,SZSE,2025-07-28,1.002,1.002,0.995,0.998,1.002,1.002,0.995,0.998,1.0,180154000.0,179736305.1,腾讯日K/前复权日K,2026-09-19T10:42:50+08:00,20260926T093659
159611,电力ETF广发,SZSE,2025-07-29,0.997,1.0,0.991,0.996,0.997,1.0,0.991,0.996,1.0,220927700.0,219912084.056,腾讯日K/前复权日K,2026-09-19T10:42:50+08:00,20260926T093659
159611,电力ETF广发,SZSE,2025-07-30,0.996,1.009,0.995,1.003,0.996,1.009,0.995,1.003,1.0,294124700.0,295325014.218,腾讯日K/前复权日K,2026-09-19T10:42:50+08:00,20260926T093659
159611,电力ETF广发,SZSE,2025-07-31,1.003,1.003,0.982,0.984,1.003,1.003,0.982,0.984,1.0,309245700.0,305369650.512,腾讯日K/前复权日K,2026-09-19T10:42:50+08:00,20260926T093659
159611,电力ETF广发,SZSE,2025-08-01,0.983,0.986,0.98,0.983,0.983,0.986,0.98,0.983,1.0,150156300.0,147634874.8,腾讯日K/前复权日K,2026-09-19T10:42:50+08:00,20260926T093659
159611,电力ETF广发,SZSE,2025-08-04,0.983,0.986,0.979,0.986,0.983,0.986,0.979,0.986,1.0,138228100.0,135878085.1,腾讯日K/前复权日K,2026-09-19T10:42:50+08:00,20260926T093659
159611,电力ETF广发,SZSE,2025-08-05,0.986,0.99,0.983,0.99,0.986,0.99,0.983,0.99,1.0,115102000.0,113655442.183,腾讯日K/前复权日K,2026-09-19T10:42:50+08:00,20260926T093659
159611,电力ETF广发,SZSE,2025-08-06,0.99,0.992,0.987,0.99,0.99,0.992,0.987,0.99,1.0,122841600.0,121443979.4,腾讯日K/前复权日K,2026-09-19T10:42:50+08:00,20260926T093659
159611,电力ETF广发,SZSE,2025-08-07,0.991,0.992,0.985,0.991,0.991,0.992,0.985,0.991,1.0,120705500.0,119290025.1,腾讯日K/前复权日K,2026-09-19T10:42:50+08:00,20260926T093659
159611,电力ETF广发,SZSE,2025-08-08,0.991,0.999,0.989,0.997,0.991,0.999,0.989,0.997,1.0,161352300.0,160721631.1,腾讯日K/前复权日K,2026-09-19T10:42:50+08:00,20260926T093659
159611,电力ETF广发,SZSE,2025-08-11,0.997,0.998,0.988,0.993,0.997,0.998,0.988,0.993,1.0,216317200.0,214443206.8,腾讯日K/前复权日K,2026-09-19T10:42:50+08:00,20260926T093659
159611,电力ETF广发,SZSE,2025-08-12,0.993,0.994,0.991,0.992,0.993,0.994,0.991,0.992,1.0,115623000.0,114711875.833,腾讯日K/前复权日K,2026-09-19T10:42:50+08:00,20260926T093659
159611,电力ETF广发,SZSE,2025-08-13,0.992,0.993,0.989,0.991,0.992,0.993,0.989,0.991,1.0,182537000.0,180849733.287,腾讯日K/前复权日K,2026-09-19T10:42:50+08:00,20260926T093659
159611,电力ETF广发,SZSE,2025-08-14,0.992,0.993,0.984,0.987,0.992,0.993,0.984,0.987,1.0,222878700.0,220471437.37,腾讯日K/前复权日K,2026-09-19T10:42:50+08:00,20260926T093659
159611,电力ETF广发,SZSE,2025-08-15,0.986,0.992,0.982,0.991,0.986,0.992,0.982,0.991,1.0,157256800.0,155388670.376,腾讯日K/前复权日K,2026-09-19T10:42:50+08:00,20260926T093659
159611,电力ETF广发,SZSE,2025-08-18,0.99,0.997,0.989,0.997,0.99,0.997,0.989,0.997,1.0,212525300.0,211321235.466,腾讯日K/前复权日K,2026-09-19T10:42:50+08:00,20260926T093659
159611,电力ETF广发,SZSE,2025-08-19,0.996,1.002,0.995,0.998,0.996,1.002,0.995,0.998,1.0,209461000.0,209240282.78,腾讯日K/前复权日K,2026-09-19T10:42:50+08:00,20260926T093659
159611,电力ETF广发,SZSE,2025-08-20,0.997,0.999,0.992,0.999,0.997,0.999,0.992,0.999,1.0,215099400.0,214110354.764,腾讯日K/前复权日K,2026-09-19T10:42:50+08:00,20260926T093659
159611,电力ETF广发,SZSE,2025-08-21,1.0,1.01,0.999,1.01,1.0,1.01,0.999,1.01,1.0,327416300.0,329715558.852,腾讯日K/前复权日K,2026-09-19T10:42:50+08:00,20260926T093659
159611,电力ETF广发,SZSE,2025-08-22,1.01,1.012,1.001,1.012,1.01,1.012,1.001,1.012,1.0,273009400.0,274496289.309,腾讯日K/前复权日K,2026-09-19T10:42:50+08:00,20260926T093659
159611,电力ETF广发,SZSE,2025-08-25,1.012,1.024,1.012,1.024,1.012,1.024,1.012,1.024,1.0,309596300.0,315238935.153,腾讯日K/前复权日K,2026-09-19T10:42:50+08:00,20260926T093659
159611,电力ETF广发,SZSE,2025-08-26,1.021,1.023,1.018,1.019,1.021,1.023,1.018,1.019,1.0,304199400.0,310632379.761,腾讯日K/前复权日K,2026-09-19T10:42:50+08:00,20260926T093659
159611,电力ETF广发,SZSE,2025-08-27,1.019,1.03,1.007,1.007,1.019,1.03,1.007,1.007,1.0,235200000.0,239817770.679,腾讯日K/前复权日K,2026-09-19T10:42:50+08:00,20260926T093659
159611,电力ETF广发,SZSE,2025-08-28,1.007,1.01,0.991,1.007,1.007,1.01,0.991,1.007,1.0,195010700.0,195307051.605,腾讯日K/前复权日K,2026-09-19T10:42:50+08:00,20260926T093659
159611,电力ETF广发,SZSE,2025-08-29,1.005,1.016,1.002,1.004,1.005,1.016,1.002,1.004,1.0,170355300.0,171890703.134,腾讯日K/前复权日K,2026-09-19T10:42:50+08:00,20260926T093659
159611,电力ETF广发,SZSE,2025-09-01,1.004,1.01,1.0,1.009,1.004,1.01,1.0,1.009,1.0,159643500.0,160638482.107,腾讯日K/前复权日K,2026-09-19T10:42:50+08:00,20260926T093659
159611,电力ETF广发,SZSE,2025-09-02,1.009,1.017,1.006,1.017,1.009,1.017,1.006,1.017,1.0,289399200.0,293467254.303,腾讯日K/前复权日K,2026-09-19T10:42:50+08:00,20260926T093659
159611,电力ETF广发,SZSE,2025-09-03,1.018,1.02,1.001,1.002,1.018,1.02,1.001,1.002,1.0,202081200.0,203591676.921,腾讯日K/前复权日K,2026-09-19T10:42:50+08:00,20260926T093659
159611,电力ETF广发,SZSE,2025-09-04,1.003,1.005,0.997,1.005,1.003,1.005,0.997,1.005,1.0,230086700.0,230263249.523,腾讯日K/前复权日K,2026-09-19T10:42:50+08:00,20260926T093659
159611,电力ETF广发,SZSE,2025-09-05,1.004,1.018,0.999,1.017,1.004,1.018,0.999,1.017,1.0,199104400.0,201038571.137,腾讯日K/前复权日K,2026-09-19T10:42:50+08:00,20260926T093659
159611,电力ETF广发,SZSE,2025-09-08,1.018,1.032,1.017,1.032,1.018,1.032,1.017,1.032,1.0,257039200.0,264302016.53,腾讯日K/前复权日K,2026-09-19T10:42:50+08:00,20260926T093659
159611,电力ETF广发,SZSE,2025-09-09,1.03,1.037,1.026,1.028,1.03,1.037,1.026,1.028,1.0,177767000.0,183235717.002,腾讯日K/前复权日K,2026-09-19T10:42:50+08:00,20260926T093659
159611,电力ETF广发,SZSE,2025-09-10,1.029,1.029,1.015,1.024,1.029,1.029,1.015,1.024,1.0,137579100.0,140387111.369,腾讯日K/前复权日K,2026-09-19T10:42:50+08:00,20260926T093659
159611,电力ETF广发,SZSE,2025-09-11,1.022,1.031,1.017,1.031,1.022,1.031,1.017,1.031,1.0,230445400.0,236129814.949,腾讯日K/前复权日K,2026-09-19T10:42:50+08:00,20260926T093659
159611,电力ETF广发,SZSE,2025-09-12,1.031,1.034,1.026,1.027,1.031,1.034,1.026,1.027,1.0,178776200.0,184127296.299,腾讯日K/前复权日K,2026-09-19T10:42:50+08:00,20260926T093659
159611,电力ETF广发,SZSE,2025-09-15,1.028,1.034,1.022,1.024,1.028,1.034,1.022,1.024,1.0,142686200.0,146697656.114,腾讯日K/前复权日K,2026-09-19T10:42:50+08:00,20260926T093659
159611,电力ETF广发,SZSE,2025-09-16,1.022,1.027,1.012,1.019,1.022,1.027,1.012,1.019,1.0,121907400.0,123982231.8,腾讯日K/前复权日K,2026-09-19T10:42:50+08:00,20260926T093659
159611,电力ETF广发,SZSE,2025-09-17,1.016,1.022,1.013,1.021,1.016,1.022,1.013,1.021,1.0,147124200.0,149778802.983,腾讯日K/前复权日K,2026-09-19T10:42:50+08:00,20260926T093659
159611,电力ETF广发,SZSE,2025-09-18,1.021,1.022,1.003,1.006,1.021,1.022,1.003,1.006,1.0,242114400.0,245364299.539,腾讯日K/前复权日K,2026-09-19T10:42:50+08:00,20260926T093659
159611,电力ETF广发,SZSE,2025-09-19,1.009,1.01,1.001,1.005,1.009,1.01,1.001,1.005,1.0,117550800.0,118096773.816,腾讯日K/前复权日K,2026-09-19T10:42:50+08:00,20260926T093659
159611,电力ETF广发,SZSE,2025-09-22,1.004,1.004,0.992,0.998,1.004,1.004,0.992,0.998,1.0,156416000.0,155790944.1,腾讯日K/前复权日K,2026-09-19T10:42:50+08:00,20260926T093659
159611,电力ETF广发,SZSE,2025-09-23,0.997,1.004,0.991,1.001,0.997,1.004,0.991,1.001,1.0,144228900.0,143838621.805,腾讯日K/前复权日K,2026-09-19T10:42:50+08:00,20260926T093659
159611,电力ETF广发,SZSE,2025-09-24,0.998,1.003,0.996,1.002,0.998,1.003,0.996,1.002,1.0,102289100.0,102241873.132,腾讯日K/前复权日K,2026-09-19T10:42:50+08:00,20260926T093659
159611,电力ETF广发,SZSE,2025-09-25,1.002,1.004,0.995,0.998,1.002,1.004,0.995,0.998,1.0,105156800.0,105009403.997,腾讯日K/前复权日K,2026-09-19T10:42:50+08:00,20260926T093659
159611,电力ETF广发,SZSE,2025-09-26,0.998,1.008,0.997,1.005,0.998,1.008,0.997,1.005,1.0,142402400.0,143106887.014,腾讯日K/前复权日K,2026-09-19T10:42:50+08:00,20260926T093659
159611,电力ETF广发,SZSE,2025-09-29,1.007,1.01,0.999,1.008,1.007,1.01,0.999,1.008,1.0,137160400.0,137805078.431,腾讯日K/前复权日K,2026-09-19T10:42:50+08:00,20260926T093659
159611,电力ETF广发,SZSE,2025-09-30,1.008,1.009,1.002,1.009,1.008,1.009,1.002,1.009,1.0,101649300.0,102237619.416,腾讯日K/前复权日K,2026-09-19T10:42:50+08:00,20260926T093659
159611,电力ETF广发,SZSE,2025-10-09,1.011,1.045,1.011,1.045,1.011,1.045,1.011,1.045,1.0,300391400.0,309556976.721,腾讯日K/前复权日K,2026-09-19T10:42:50+08:00,20260926T093659
159611,电力ETF广发,SZSE,2025-10-10,1.045,1.05,1.037,1.049,1.045,1.05,1.037,1.049,1.0,269544700.0,281464667.368,腾讯日K/前复权日K,2026-09-19T10:42:50+08:00,20260926T093659
159611,电力ETF广发,SZSE,2025-10-13,1.036,1.047,1.024,1.046,1.036,1.047,1.024,1.046,1.0,407501600.0,422327438.288,腾讯日K/前复权日K,2026-09-19T10:42:50+08:00,20260926T093659
159611,电力ETF广发,SZSE,2025-10-14,1.046,1.06,1.044,1.048,1.046,1.06,1.044,1.048,1.0,428726300.0,450171920.635,腾讯日K/前复权日K,2026-09-19T10:42:50+08:00,20260926T093659
159611,电力ETF广发,SZSE,2025-10-15,1.046,1.054,1.038,1.054,1.046,1.054,1.038,1.054,1.0,232714700.0,243747191.982,腾讯日K/前复权日K,2026-09-19T10:42:50+08:00,20260926T093659
159611,电力ETF广发,SZSE,2025-10-16,1.052,1.054,1.045,1.052,1.052,1.054,1.045,1.052,1.0,146789600.0,153972658.641,腾讯日K/前复权日K,2026-09-19T10:42:50+08:00,20260926T093659
159611,电力ETF广发,SZSE,2025-10-17,1.05,1.054,1.037,1.04,1.05,1.054,1.037,1.04,1.0,168107400.0,175514286.096,腾讯日K/前复权日K,2026-09-19T10:42:50+08:00,20260926T093659
159611,电力ETF广发,SZSE,2025-10-20,1.042,1.044,1.026,1.04,1.042,1.044,1.026,1.04,1.0,213394100.0,220559957.9,腾讯日K/前复权日K,2026-09-19T10:42:50+08:00,20260926T093659
159611,电力ETF广发,SZSE,2025-10-21,1.04,1.049,1.035,1.048,1.04,1.049,1.035,1.048,1.0,188475700.0,196841310.439,腾讯日K/前复权日K,2026-09-19T10:42:50+08:00,20260926T093659
159611,电力ETF广发,SZSE,2025-10-22,1.046,1.047,1.04,1.043,1.046,1.047,1.04,1.043,1.0,101115500.0,105536798.1,腾讯日K/前复权日K,2026-09-19T10:42:50+08:00,20260926T093659
159611,电力ETF广发,SZSE,2025-10-23,1.041,1.057,1.041,1.056,1.041,1.057,1.041,1.056,1.0,180415800.0,189549695.654,腾讯日K/前复权日K,2026-09-19T10:42:50+08:00,20260926T093659
159611,电力ETF广发,SZSE,2025-10-24,1.053,1.055,1.045,1.052,1.053,1.055,1.045,1.052,1.0,182695100.0,191814500.596,腾讯日K/前复权日K,2026-09-19T10:42:50+08:00,20260926T093659
159611,电力ETF广发,SZSE,2025-10-27,1.053,1.075,1.052,1.07,1.053,1.075,1.052,1.07,1.0,215053500.0,229263026.226,腾讯日K/前复权日K,2026-09-19T10:42:50+08:00,20260926T093659
159611,电力ETF广发,SZSE,2025-10-28,1.07,1.073,1.062,1.065,1.07,1.073,1.062,1.065,1.0,137886700.0,147178947.14,腾讯日K/前复权日K,2026-09-19T10:42:50+08:00,20260926T093659
159611,电力ETF广发,SZSE,2025-10-29,1.066,1.084,1.062,1.084,1.066,1.084,1.062,1.084,1.0,189380400.0,203710681.721,腾讯日K/前复权日K,2026-09-19T10:42:50+08:00,20260926T093659
159611,电力ETF广发,SZSE,2025-10-30,1.081,1.089,1.076,1.082,1.081,1.089,1.076,1.082,1.0,328988400.0,356483082.738,腾讯日K/前复权日K,2026-09-19T10:42:50+08:00,20260926T093659
159611,电力ETF广发,SZSE,2025-10-31,1.083,1.086,1.061,1.064,1.083,1.086,1.061,1.064,1.0,245920300.0,262364194.7,腾讯日K/前复权日K,2026-09-19T10:42:50+08:00,20260926T093659
159611,电力ETF广发,SZSE,2025-11-03,1.064,1.072,1.06,1.072,1.064,1.072,1.06,1.072,1.0,145598600.0,155387245.4,腾讯日K/前复权日K,2026-09-19T10:42:50+08:00,20260926T093659
159611,电力ETF广发,SZSE,2025-11-04,1.072,1.08,1.068,1.072,1.072,1.08,1.068,1.072,1.0,218254300.0,234463094.242,腾讯日K/前复权日K,2026-09-19T10:42:50+08:00,20260926T093659
159611,电力ETF广发,SZSE,2025-11-05,1.065,1.083,1.06,1.08,1.065,1.083,1.06,1.08,1.0,281735800.0,303043195.012,腾讯日K/前复权日K,2026-09-19T10:42:50+08:00,20260926T093659
159611,电力ETF广发,SZSE,2025-11-06,1.082,1.099,1.075,1.09,1.082,1.099,1.075,1.09,1.0,289023900.0,315527847.974,腾讯日K/前复权日K,2026-09-19T10:42:50+08:00,20260926T093659
159611,电力ETF广发,SZSE,2025-11-07,1.09,1.097,1.084,1.088,1.09,1.097,1.084,1.088,1.0,210462500.0,229580901.51,腾讯日K/前复权日K,2026-09-19T10:42:50+08:00,20260926T093659
159611,电力ETF广发,SZSE,2025-11-10,1.088,1.094,1.085,1.09,1.088,1.094,1.085,1.09,1.0,245628900.0,267492867.2,腾讯日K/前复权日K,2026-09-19T10:42:50+08:00,20260926T093659
159611,电力ETF广发,SZSE,2025-11-11,1.091,1.093,1.083,1.085,1.091,1.093,1.083,1.085,1.0,178723100.0,194138587.849,腾讯日K/前复权日K,2026-09-19T10:42:50+08:00,20260926T093659
159611,电力ETF广发,SZSE,2025-11-12,1.085,1.087,1.076,1.083,1.085,1.087,1.076,1.083,1.0,228202700.0,246752450.375,腾讯日K/前复权日K,2026-09-19T10:42:50+08:00,20260926T093659
159611,电力ETF广发,SZSE,2025-11-13,1.081,1.083,1.073,1.078,1.081,1.083,1.073,1.078,1.0,176911100.0,190341396.4,腾讯日K/前复权日K,2026-09-19T10:42:50+08:00,20260926T093659
159611,电力ETF广发,SZSE,2025-11-14,1.077,1.078,1.067,1.067,1.077,1.078,1.067,1.067,1.0,193953100.0,207959084.234,腾讯日K/前复权日K,2026-09-19T10:42:50+08:00,20260926T093659
159611,电力ETF广发,SZSE,2025-11-17,1.067,1.067,1.049,1.06,1.067,1.067,1.049,1.06,1.0,331916900.0,350311136.618,腾讯日K/前复权日K,2026-09-19T10:42:50+08:00,20260926T093659
159611,电力ETF广发,SZSE,2025-11-18,1.057,1.06,1.043,1.048,1.057,1.06,1.043,1.048,1.0,181207500.0,190198825.814,腾讯日K/前复权日K,2026-09-19T10:42:50+08:00,20260926T093659
159611,电力ETF广发,SZSE,2025-11-19,1.045,1.051,1.043,1.049,1.045,1.051,1.043,1.049,1.0,119857800.0,125536118.064,腾讯日K/前复权日K,2026-09-19T10:42:50+08:00,20260926T093659
159611,电力ETF广发,SZSE,2025-11-20,1.05,1.054,1.044,1.046,1.05,1.054,1.044,1.046,1.0,155385600.0,163073864.293,腾讯日K/前复权日K,2026-09-19T10:42:50+08:00,20260926T093659
159611,电力ETF广发,SZSE,2025-11-21,1.043,1.043,1.022,1.022,1.043,1.043,1.022,1.022,1.0,219670700.0,226264223.081,腾讯日K/前复权日K,2026-09-19T10:42:50+08:00,20260926T093659
159611,电力ETF广发,SZSE,2025-11-24,1.024,1.027,1.013,1.018,1.024,1.027,1.013,1.018,1.0,173695500.0,176771340.962,腾讯日K/前复权日K,2026-09-19T10:42:50+08:00,20260926T093659
159611,电力ETF广发,SZSE,2025-11-25,1.021,1.026,1.017,1.025,1.021,1.026,1.017,1.025,1.0,231910400.0,237155001.5,腾讯日K/前复权日K,2026-09-19T10:42:50+08:00,20260926T093659
159611,电力ETF广发,SZSE,2025-11-26,1.025,1.028,1.022,1.024,1.025,1.028,1.022,1.024,1.0,139248300.0,142648393.722,腾讯日K/前复权日K,2026-09-19T10:42:50+08:00,20260926T093659
159611,电力ETF广发,SZSE,2025-11-27,1.024,1.033,1.022,1.027,1.024,1.033,1.022,1.027,1.0,225540300.0,232021620.9,腾讯日K/前复权日K,2026-09-19T10:42:50+08:00,20260926T093659
159611,电力ETF广发,SZSE,2025-11-28,1.027,1.029,1.02,1.028,1.027,1.029,1.02,1.028,1.0,153763200.0,157551894.8,腾讯日K/前复权日K,2026-09-19T10:42:50+08:00,20260926T093659
159611,电力ETF广发,SZSE,2025-12-01,1.028,1.033,1.025,1.033,1.028,1.033,1.025,1.033,1.0,104160600.0,107135934.3,腾讯日K/前复权日K,2026-09-19T10:42:50+08:00,20260926T093659
159611,电力ETF广发,SZSE,2025-12-02,1.032,1.033,1.027,1.03,1.032,1.033,1.027,1.03,1.0,110794500.0,114103031.8,腾讯日K/前复权日K,2026-09-19T10:42:50+08:00,20260926T093659
159611,电力ETF广发,SZSE,2025-12-03,1.031,1.038,1.03,1.035,1.031,1.038,1.03,1.035,1.0,173679000.0,179741071.155,腾讯日K/前复权日K,2026-09-19T10:42:50+08:00,20260926T093659
159611,电力ETF广发,SZSE,2025-12-04,1.035,1.036,1.027,1.03,1.035,1.036,1.027,1.03,1.0,103139100.0,106289063.22,腾讯日K/前复权日K,2026-09-19T10:42:50+08:00,20260926T093659
159611,电力ETF广发,SZSE,2025-12-05,1.03,1.034,1.025,1.033,1.03,1.034,1.025,1.033,1.0,165206800.0,170118133.6,腾讯日K/前复权日K,2026-09-19T10:42:50+08:00,20260926T093659
159611,电力ETF广发,SZSE,2025-12-08,1.032,1.04,1.028,1.03,1.032,1.04,1.028,1.03,1.0,141817500.0,146223982.8,腾讯日K/前复权日K,2026-09-19T10:42:50+08:00,20260926T093659
159611,电力ETF广发,SZSE,2025-12-09,1.028,1.034,1.023,1.024,1.028,1.034,1.023,1.024,1.0,307995000.0,316057037.447,腾讯日K/前复权日K,2026-09-19T10:42:50+08:00,20260926T093659
159611,电力ETF广发,SZSE,2025-12-10,1.023,1.028,1.021,1.027,1.023,1.028,1.021,1.027,1.0,135948900.0,139350118.283,腾讯日K/前复权日K,2026-09-19T10:42:50+08:00,20260926T093659
159611,电力ETF广发,SZSE,2025-12-11,1.028,1.032,1.021,1.022,1.028,1.032,1.021,1.022,1.0,88120500.0,90445659.716,腾讯日K/前复权日K,2026-09-19T10:42:50+08:00,20260926T093659
159611,电力ETF广发,SZSE,2025-12-12,1.023,1.032,1.02,1.031,1.023,1.032,1.02,1.031,1.0,158452700.0,162901131.604,腾讯日K/前复权日K,2026-09-19T10:42:50+08:00,20260926T093659
159611,电力ETF广发,SZSE,2025-12-15,1.031,1.035,1.029,1.033,1.031,1.035,1.029,1.033,1.0,94445300.0,97521513.79,腾讯日K/前复权日K,2026-09-19T10:42:50+08:00,20260926T093659
159611,电力ETF广发,SZSE,2025-12-16,1.031,1.031,1.016,1.019,1.031,1.031,1.016,1.019,1.0,131211800.0,133743291.019,腾讯日K/前复权日K,2026-09-19T10:42:50+08:00,20260926T093659
159611,电力ETF广发,SZSE,2025-12-17,1.018,1.025,1.013,1.024,1.018,1.025,1.013,1.024,1.0,96685300.0,98483269.562,腾讯日K/前复权日K,2026-09-19T10:42:50+08:00,20260926T093659
159611,电力ETF广发,SZSE,2025-12-18,1.022,1.026,1.018,1.024,1.022,1.026,1.018,1.024,1.0,71177700.0,72794087.9,腾讯日K/前复权日K,2026-09-19T10:42:50+08:00,20260926T093659
159611,电力ETF广发,SZSE,2025-12-19,1.023,1.029,1.022,1.027,1.023,1.029,1.022,1.027,1.0,80466800.0,82572733.352,腾讯日K/前复权日K,2026-09-19T10:42:50+08:00,20260926T093659
159611,电力ETF广发,SZSE,2025-12-22,1.026,1.029,1.023,1.025,1.026,1.029,1.023,1.025,1.0,122806100.0,125863214.196,腾讯日K/前复权日K,2026-09-19T10:42:50+08:00,20260926T093659
159611,电力ETF广发,SZSE,2025-12-23,1.024,1.031,1.023,1.027,1.024,1.031,1.023,1.027,1.0,88813500.0,91214864.915,腾讯日K/前复权日K,2026-09-19T10:42:50+08:00,20260926T093659
159611,电力ETF广发,SZSE,2025-12-24,1.023,1.03,1.021,1.03,1.023,1.03,1.021,1.03,1.0,157254700.0,161198087.446,腾讯日K/前复权日K,2026-09-19T10:42:50+08:00,20260926T093659
159611,电力ETF广发,SZSE,2025-12-25,1.029,1.032,1.026,1.03,1.029,1.032,1.026,1.03,1.0,160006100.0,164804265.31,腾讯日K/前复权日K,2026-09-19T10:42:50+08:00,20260926T093659
159611,电力ETF广发,SZSE,2025-12-26,1.03,1.037,1.028,1.036,1.03,1.037,1.028,1.036,1.0,150537200.0,155521444.9,腾讯日K/前复权日K,2026-09-19T10:42:50+08:00,20260926T093659
159611,电力ETF广发,SZSE,2025-12-29,1.038,1.038,1.015,1.016,1.038,1.038,1.015,1.016,1.0,207789800.0,212227742.9,腾讯日K/前复权日K,2026-09-19T10:42:50+08:00,20260926T093659
159611,电力ETF广发,SZSE,2025-12-30,1.015,1.015,1.004,1.006,1.015,1.015,1.004,1.006,1.0,170649100.0,171766804.4,腾讯日K/前复权日K,2026-09-19T10:42:50+08:00,20260926T093659
159611,电力ETF广发,SZSE,2025-12-31,1.006,1.007,0.999,1.001,1.006,1.007,0.999,1.001,1.0,145568900.0,145774872.6,腾讯日K/前复权日K,2026-09-19T10:42:50+08:00,20260926T093659
159611,电力ETF广发,SZSE,2026-01-05,1.001,1.009,0.999,1.008,1.001,1.009,0.999,1.008,1.0,135562900.0,136140574.014,腾讯日K/前复权日K,2026-09-19T10:42:50+08:00,20260926T093659
159611,电力ETF广发,SZSE,2026-01-06,1.01,1.017,1.008,1.017,1.01,1.017,1.008,1.017,1.0,532767400.0,539847611.847,腾讯日K/前复权日K,2026-09-19T10:42:50+08:00,20260926T093659
159611,电力ETF广发,SZSE,2026-01-07,1.018,1.025,1.014,1.021,1.018,1.025,1.014,1.021,1.0,190241600.0,194137688.38,腾讯日K/前复权日K,2026-09-19T10:42:50+08:00,20260926T093659
159611,电力ETF广发,SZSE,2026-01-08,1.021,1.029,1.018,1.026,1.021,1.029,1.018,1.026,1.0,172783500.0,176965770.724,腾讯日K/前复权日K,2026-09-19T10:42:50+08:00,20260926T093659
159611,电力ETF广发,SZSE,2026-01-09,1.026,1.028,1.022,1.025,1.026,1.028,1.022,1.025,1.0,202465700.0,207601668.849,腾讯日K/前复权日K,2026-09-19T10:42:50+08:00,20260926T093659
159611,电力ETF广发,SZSE,2026-01-12,1.026,1.035,1.025,1.035,1.026,1.035,1.025,1.035,1.0,217575900.0,224058301.494,腾讯日K/前复权日K,2026-09-19T10:42:50+08:00,20260926T093659
159611,电力ETF广发,SZSE,2026-01-13,1.035,1.043,1.029,1.034,1.035,1.043,1.029,1.034,1.0,273675200.0,283296090.055,腾讯日K/前复权日K,2026-09-19T10:42:50+08:00,20260926T093659
159611,电力ETF广发,SZSE,2026-01-14,1.036,1.045,1.027,1.034,1.036,1.045,1.027,1.034,1.0,343027300.0,355752819.259,腾讯日K/前复权日K,2026-09-19T10:42:50+08:00,20260926T093659
159611,电力ETF广发,SZSE,2026-01-15,1.031,1.032,1.027,1.03,1.031,1.032,1.027,1.03,1.0,147626600.0,151852161.693,腾讯日K/前复权日K,2026-09-19T10:42:50+08:00,20260926T093659
159611,电力ETF广发,SZSE,2026-01-16,1.045,1.047,1.028,1.034,1.045,1.047,1.028,1.034,1.0,361624300.0,375276430.963,腾讯日K/前复权日K,2026-09-19T10:42:50+08:00,20260926T093659
159611,电力ETF广发,SZSE,2026-01-19,1.033,1.047,1.027,1.044,1.033,1.047,1.027,1.044,1.0,390394600.0,406459960.734,腾讯日K/前复权日K,2026-09-19T10:42:50+08:00,20260926T093659
159611,电力ETF广发,SZSE,2026-01-20,1.045,1.055,1.039,1.054,1.045,1.055,1.039,1.054,1.0,347991000.0,364739036.864,腾讯日K/前复权日K,2026-09-19T10:42:50+08:00,20260926T093659
159611,电力ETF广发,SZSE,2026-01-21,1.054,1.054,1.042,1.043,1.054,1.054,1.042,1.043,1.0,299695900.0,313200995.89,腾讯日K/前复权日K,2026-09-19T10:42:50+08:00,20260926T093659
159611,电力ETF广发,SZSE,2026-01-22,1.045,1.047,1.038,1.042,1.045,1.047,1.038,1.042,1.0,250480900.0,261153569.599,腾讯日K/前复权日K,2026-09-19T10:42:50+08:00,20260926T093659
159611,电力ETF广发,SZSE,2026-01-23,1.041,1.05,1.041,1.047,1.041,1.05,1.041,1.047,1.0,208797000.0,218580685.963,腾讯日K/前复权日K,2026-09-19T10:42:50+08:00,20260926T093659
159611,电力ETF广发,SZSE,2026-01-26,1.047,1.052,1.041,1.049,1.047,1.052,1.041,1.049,1.0,229305200.0,240159413.798,腾讯日K/前复权日K,2026-09-19T10:42:50+08:00,20260926T093659
159611,电力ETF广发,SZSE,2026-01-27,1.047,1.047,1.027,1.037,1.047,1.047,1.027,1.037,1.0,232799500.0,240591543.963,腾讯日K/前复权日K,2026-09-19T10:42:50+08:00,20260926T093659
159611,电力ETF广发,SZSE,2026-01-28,1.037,1.038,1.027,1.034,1.037,1.038,1.027,1.034,1.0,167904500.0,173437132.668,腾讯日K/前复权日K,2026-09-19T10:42:50+08:00,20260926T093659
159611,电力ETF广发,SZSE,2026-01-29,1.033,1.033,1.023,1.032,1.033,1.033,1.023,1.032,1.0,198268900.0,203713403.03,腾讯日K/前复权日K,2026-09-19T10:42:50+08:00,20260926T093659
159611,电力ETF广发,SZSE,2026-01-30,1.03,1.032,1.015,1.028,1.03,1.032,1.015,1.028,1.0,170447100.0,174888714.184,腾讯日K/前复权日K,2026-09-19T10:42:50+08:00,20260926T093659
159611,电力ETF广发,SZSE,2026-02-02,1.024,1.036,1.012,1.013,1.024,1.036,1.012,1.013,1.0,207909900.0,213078936.244,腾讯日K/前复权日K,2026-09-19T10:42:50+08:00,20260926T093659
159611,电力ETF广发,SZSE,2026-02-03,1.016,1.024,1.012,1.021,1.016,1.024,1.012,1.021,1.0,145327000.0,147923734.907,腾讯日K/前复权日K,2026-09-19T10:42:50+08:00,20260926T093659
159611,电力ETF广发,SZSE,2026-02-04,1.017,1.036,1.016,1.035,1.017,1.036,1.016,1.035,1.0,186640700.0,192137431.8,腾讯日K/前复权日K,2026-09-19T10:42:50+08:00,20260926T093659
159611,电力ETF广发,SZSE,2026-02-05,1.035,1.035,1.019,1.026,1.035,1.035,1.019,1.026,1.0,140818800.0,144318270.172,腾讯日K/前复权日K,2026-09-19T10:42:50+08:00,20260926T093659
159611,电力ETF广发,SZSE,2026-02-06,1.022,1.031,1.018,1.029,1.022,1.031,1.018,1.029,1.0,103935600.0,106774722.69,腾讯日K/前复权日K,2026-09-19T10:42:50+08:00,20260926T093659
159611,电力ETF广发,SZSE,2026-02-09,1.031,1.037,1.031,1.034,1.031,1.037,1.031,1.034,1.0,137808700.0,142445837.598,腾讯日K/前复权日K,2026-09-19T10:42:50+08:00,20260926T093659
159611,电力ETF广发,SZSE,2026-02-10,1.032,1.036,1.026,1.028,1.032,1.036,1.026,1.028,1.0,112454500.0,115565497.784,腾讯日K/前复权日K,2026-09-19T10:42:50+08:00,20260926T093659
159611,电力ETF广发,SZSE,2026-02-11,1.028,1.033,1.027,1.029,1.028,1.033,1.027,1.029,1.0,114055200.0,117514110.562,腾讯日K/前复权日K,2026-09-19T10:42:50+08:00,20260926T093659
159611,电力ETF广发,SZSE,2026-02-12,1.036,1.041,1.03,1.037,1.036,1.041,1.03,1.037,1.0,192350900.0,199403830.669,腾讯日K/前复权日K,2026-09-19T10:42:50+08:00,20260926T093659
159611,电力ETF广发,SZSE,2026-02-13,1.037,1.037,1.022,1.024,1.037,1.037,1.022,1.024,1.0,163027700.0,167440339.5,腾讯日K/前复权日K,2026-09-19T10:42:50+08:00,20260926T093659
159611,电力ETF广发,SZSE,2026-02-24,1.027,1.046,1.027,1.044,1.027,1.046,1.027,1.044,1.0,237980500.0,247710903.912,腾讯日K/前复权日K,2026-09-19T10:42:50+08:00,20260926T093659
159611,电力ETF广发,SZSE,2026-02-25,1.045,1.06,1.045,1.051,1.045,1.06,1.045,1.051,1.0,354485300.0,373501732.288,腾讯日K/前复权日K,2026-09-19T10:42:50+08:00,20260926T093659
159611,电力ETF广发,SZSE,2026-02-26,1.052,1.066,1.051,1.063,1.052,1.066,1.051,1.063,1.0,237298900.0,251678142.79,腾讯日K/前复权日K,2026-09-19T10:42:50+08:00,20260926T093659
159611,电力ETF广发,SZSE,2026-02-27,1.061,1.097,1.058,1.092,1.061,1.097,1.058,1.092,1.0,376789200.0,408766779.29,腾讯日K/前复权日K,2026-09-19T10:42:50+08:00,20260926T093659
159611,电力ETF广发,SZSE,2026-03-02,1.093,1.112,1.086,1.108,1.093,1.112,1.086,1.108,1.0,513444200.0,566602913.488,腾讯日K/前复权日K,2026-09-19T10:42:50+08:00,20260926T093659
159611,电力ETF广发,SZSE,2026-03-03,1.108,1.114,1.093,1.097,1.108,1.114,1.093,1.097,1.0,473989300.0,523166688.57,腾讯日K/前复权日K,2026-09-19T10:42:50+08:00,20260926T093659
159611,电力ETF广发,SZSE,2026-03-04,1.091,1.112,1.075,1.105,1.091,1.112,1.075,1.105,1.0,452498800.0,498256802.468,腾讯日K/前复权日K,2026-09-19T10:42:50+08:00,20260926T093659
159611,电力ETF广发,SZSE,2026-03-05,1.109,1.128,1.109,1.123,1.109,1.128,1.109,1.123,1.0,408942500.0,457977675.037,腾讯日K/前复权日K,2026-09-19T10:42:50+08:00,20260926T093659
159611,电力ETF广发,SZSE,2026-03-06,1.123,1.139,1.117,1.135,1.123,1.139,1.117,1.135,1.0,362680600.0,410426052.323,腾讯日K/前复权日K,2026-09-19T10:42:50+08:00,20260926T093659
159611,电力ETF广发,SZSE,2026-03-09,1.136,1.159,1.13,1.15,1.136,1.159,1.13,1.15,1.0,607647100.0,698969058.78,腾讯日K/前复权日K,2026-09-19T10:42:50+08:00,20260926T093659
159611,电力ETF广发,SZSE,2026-03-10,1.148,1.16,1.13,1.149,1.148,1.16,1.13,1.149,1.0,533093400.0,610841275.505,腾讯日K/前复权日K,2026-09-19T10:42:50+08:00,20260926T093659
159611,电力ETF广发,SZSE,2026-03-11,1.146,1.18,1.132,1.178,1.146,1.18,1.132,1.178,1.0,543921300.0,630173040.697,腾讯日K/前复权日K,2026-09-19T10:42:50+08:00,20260926T093659
159611,电力ETF广发,SZSE,2026-03-12,1.178,1.21,1.172,1.205,1.178,1.21,1.172,1.205,1.0,641205300.0,765106568.104,腾讯日K/前复权日K,2026-09-19T10:42:50+08:00,20260926T093659
159611,电力ETF广发,SZSE,2026-03-13,1.206,1.209,1.176,1.179,1.206,1.209,1.176,1.179,1.0,724119700.0,861489547.598,腾讯日K/前复权日K,2026-09-19T10:42:50+08:00,20260926T093659
159611,电力ETF广发,SZSE,2026-03-16,1.17,1.179,1.141,1.147,1.17,1.179,1.141,1.147,1.0,955801400.0,1101349546.933,腾讯日K/前复权日K,2026-09-19T10:42:50+08:00,20260926T093659
159611,电力ETF广发,SZSE,2026-03-17,1.143,1.161,1.134,1.14,1.143,1.161,1.134,1.14,1.0,546757500.0,628009862.657,腾讯日K/前复权日K,2026-09-19T10:42:50+08:00,20260926T093659
159611,电力ETF广发,SZSE,2026-03-18,1.138,1.16,1.132,1.143,1.138,1.16,1.132,1.143,1.0,440361300.0,503671357.311,腾讯日K/前复权日K,2026-09-19T10:42:50+08:00,20260926T093659
159611,电力ETF广发,SZSE,2026-03-19,1.133,1.155,1.127,1.142,1.133,1.155,1.127,1.142,1.0,439307800.0,502904357.648,腾讯日K/前复权日K,2026-09-19T10:42:50+08:00,20260926T093659
159611,电力ETF广发,SZSE,2026-03-20,1.142,1.169,1.134,1.144,1.142,1.169,1.134,1.144,1.0,445628300.0,513386250.38,腾讯日K/前复权日K,2026-09-19T10:42:50+08:00,20260926T093659
159611,电力ETF广发,SZSE,2026-03-23,1.131,1.152,1.113,1.12,1.131,1.152,1.113,1.12,1.0,512015500.0,579168235.753,腾讯日K/前复权日K,2026-09-19T10:42:50+08:00,20260926T093659
159611,电力ETF广发,SZSE,2026-03-24,1.129,1.164,1.119,1.164,1.129,1.164,1.119,1.164,1.0,649650600.0,744068208.698,腾讯日K/前复权日K,2026-09-19T10:42:50+08:00,20260926T093659
159611,电力ETF广发,SZSE,2026-03-25,1.164,1.21,1.153,1.2,1.164,1.21,1.153,1.2,1.0,944500800.0,1121812559.388,腾讯日K/前复权日K,2026-09-19T10:42:50+08:00,20260926T093659
159611,电力ETF广发,SZSE,2026-03-26,1.192,1.204,1.171,1.189,1.192,1.204,1.171,1.189,1.0,820511300.0,972832027.674,腾讯日K/前复权日K,2026-09-19T10:42:50+08:00,20260926T093659
159611,电力ETF广发,SZSE,2026-03-27,1.172,1.188,1.162,1.177,1.172,1.188,1.162,1.177,1.0,875435500.0,1028855706.422,腾讯日K/前复权日K,2026-09-19T10:42:50+08:00,20260926T093659
159611,电力ETF广发,SZSE,2026-03-30,1.164,1.17,1.124,1.133,1.164,1.17,1.124,1.133,1.0,698716700.0,795169866.384,腾讯日K/前复权日K,2026-09-19T10:42:50+08:00,20260926T093659
159611,电力ETF广发,SZSE,2026-03-31,1.126,1.136,1.103,1.103,1.126,1.136,1.103,1.103,1.0,528676500.0,591143023.7,腾讯日K/前复权日K,2026-09-19T10:42:50+08:00,20260926T093659
159611,电力ETF广发,SZSE,2026-04-01,1.109,1.115,1.096,1.103,1.109,1.115,1.096,1.103,1.0,439680100.0,484922123.542,腾讯日K/前复权日K,2026-09-19T10:42:50+08:00,20260926T093659
159611,电力ETF广发,SZSE,2026-04-02,1.1,1.106,1.084,1.09,1.1,1.106,1.084,1.09,1.0,424172500.0,463033877.325,腾讯日K/前复权日K,2026-09-19T10:42:50+08:00,20260926T093659
159611,电力ETF广发,SZSE,2026-04-03,1.089,1.09,1.063,1.063,1.089,1.09,1.063,1.063,1.0,427307600.0,456994149.2,腾讯日K/前复权日K,2026-09-19T10:42:50+08:00,20260926T093659
159611,电力ETF广发,SZSE,2026-04-07,1.064,1.072,1.059,1.065,1.064,1.072,1.059,1.065,1.0,251981400.0,268214261.268,腾讯日K/前复权日K,2026-09-19T10:42:50+08:00,20260926T093659
159611,电力ETF广发,SZSE,2026-04-08,1.071,1.087,1.071,1.087,1.071,1.087,1.071,1.087,1.0,428892800.0,462976909.737,腾讯日K/前复权日K,2026-09-19T10:42:50+08:00,20260926T093659
159611,电力ETF广发,SZSE,2026-04-09,1.081,1.081,1.073,1.078,1.081,1.081,1.073,1.078,1.0,423840800.0,456243373.66,腾讯日K/前复权日K,2026-09-19T10:42:50+08:00,20260926T093659
159611,电力ETF广发,SZSE,2026-04-10,1.079,1.082,1.073,1.076,1.079,1.082,1.073,1.076,1.0,299780800.0,322799692.736,腾讯日K/前复权日K,2026-09-19T10:42:50+08:00,20260926T093659
159611,电力ETF广发,SZSE,2026-04-13,1.072,1.086,1.07,1.086,1.072,1.086,1.07,1.086,1.0,482787500.0,520527328.762,腾讯日K/前复权日K,2026-09-19T10:42:50+08:00,20260926T093659
159611,电力ETF广发,SZSE,2026-04-14,1.088,1.096,1.078,1.088,1.088,1.096,1.078,1.088,1.0,518693500.0,563271965.07,腾讯日K/前复权日K,2026-09-19T10:42:50+08:00,20260926T093659
159611,电力ETF广发,SZSE,2026-04-15,1.088,1.095,1.08,1.092,1.088,1.095,1.08,1.092,1.0,441162300.0,480413301.438,腾讯日K/前复权日K,2026-09-19T10:42:50+08:00,20260926T093659
159611,电力ETF广发,SZSE,2026-04-16,1.091,1.1,1.086,1.098,1.091,1.1,1.086,1.098,1.0,405584900.0,443862297.489,腾讯日K/前复权日K,2026-09-19T10:42:50+08:00,20260926T093659
159611,电力ETF广发,SZSE,2026-04-17,1.096,1.104,1.092,1.095,1.096,1.104,1.092,1.095,1.0,254563000.0,279061166.725,腾讯日K/前复权日K,2026-09-19T10:42:50+08:00,20260926T093659
159611,电力ETF广发,SZSE,2026-04-20,1.095,1.11,1.093,1.109,1.095,1.11,1.093,1.109,1.0,315936800.0,348403875.871,腾讯日K/前复权日K,2026-09-19T10:42:50+08:00,20260926T093659
159611,电力ETF广发,SZSE,2026-04-21,1.11,1.129,1.099,1.123,1.11,1.129,1.099,1.123,1.0,509724400.0,566905934.402,腾讯日K/前复权日K,2026-09-19T10:42:50+08:00,20260926T093659
159611,电力ETF广发,SZSE,2026-04-22,1.118,1.127,1.113,1.12,1.118,1.127,1.113,1.12,1.0,511292100.0,572939696.75,腾讯日K/前复权日K,2026-09-19T10:42:50+08:00,20260926T093659
159611,电力ETF广发,SZSE,2026-04-23,1.121,1.145,1.11,1.142,1.121,1.145,1.11,1.142,1.0,597005200.0,673838267.864,腾讯日K/前复权日K,2026-09-19T10:42:50+08:00,20260926T093659
159611,电力ETF广发,SZSE,2026-04-24,1.138,1.138,1.12,1.123,1.138,1.138,1.12,1.123,1.0,403818000.0,455557750.624,腾讯日K/前复权日K,2026-09-19T10:42:50+08:00,20260926T093659
159611,电力ETF广发,SZSE,2026-04-27,1.114,1.123,1.105,1.116,1.114,1.123,1.105,1.116,1.0,296226900.0,330255294.41,腾讯日K/前复权日K,2026-09-19T10:42:50+08:00,20260926T093659
159611,电力ETF广发,SZSE,2026-04-28,1.111,1.126,1.104,1.123,1.111,1.126,1.104,1.123,1.0,303026900.0,337853308.56,腾讯日K/前复权日K,2026-09-19T10:42:50+08:00,20260926T093659
159611,电力ETF广发,SZSE,2026-04-29,1.115,1.131,1.111,1.124,1.115,1.131,1.111,1.124,1.0,306111700.0,344165603.507,腾讯日K/前复权日K,2026-09-19T10:42:50+08:00,20260926T093659
159611,电力ETF广发,SZSE,2026-04-30,1.12,1.12,1.104,1.108,1.12,1.12,1.104,1.108,1.0,399438000.0,443010550.148,腾讯日K/前复权日K,2026-09-19T10:42:50+08:00,20260926T093659
159611,电力ETF广发,SZSE,2026-05-06,1.111,1.135,1.111,1.135,1.111,1.135,1.111,1.135,1.0,488663000.0,549415353.903,腾讯日K/前复权日K,2026-09-19T10:42:50+08:00,20260926T093659
159611,电力ETF广发,SZSE,2026-05-07,1.137,1.152,1.134,1.149,1.137,1.152,1.134,1.149,1.0,368029500.0,421069412.221,腾讯日K/前复权日K,2026-09-19T10:42:50+08:00,20260926T093659
159611,电力ETF广发,SZSE,2026-05-08,1.146,1.169,1.141,1.147,1.146,1.169,1.141,1.147,1.0,491134600.0,565232947.632,腾讯日K/前复权日K,2026-09-19T10:42:50+08:00,20260926T093659
159611,电力ETF广发,SZSE,2026-05-11,1.152,1.171,1.152,1.165,1.152,1.171,1.152,1.165,1.0,443436900.0,515546951.109,腾讯日K/前复权日K,2026-09-19T10:42:50+08:00,20260926T093659
159611,电力ETF广发,SZSE,2026-05-12,1.165,1.185,1.153,1.177,1.165,1.185,1.153,1.177,1.0,428957200.0,503477011.601,腾讯日K/前复权日K,2026-09-19T10:42:50+08:00,20260926T093659
159611,电力ETF广发,SZSE,2026-05-13,1.177,1.213,1.177,1.202,1.177,1.213,1.177,1.202,1.0,645969800.0,776234409.046,腾讯日K/前复权日K,2026-09-19T10:42:50+08:00,20260926T093659
159611,电力ETF广发,SZSE,2026-05-14,1.206,1.225,1.172,1.173,1.206,1.225,1.172,1.173,1.0,736688100.0,881568774.417,腾讯日K/前复权日K,2026-09-19T10:42:50+08:00,20260926T093659
159611,电力ETF广发,SZSE,2026-05-15,1.16,1.181,1.141,1.163,1.16,1.181,1.141,1.163,1.0,667259000.0,772515284.837,腾讯日K/前复权日K,2026-09-19T10:42:50+08:00,20260926T093659
159611,电力ETF广发,SZSE,2026-05-18,1.154,1.175,1.154,1.168,1.154,1.175,1.154,1.168,1.0,364673100.0,425033894.565,腾讯日K/前复权日K,2026-09-19T10:42:50+08:00,20260926T093659
159611,电力ETF广发,SZSE,2026-05-19,1.167,1.221,1.155,1.215,1.167,1.221,1.155,1.215,1.0,658524400.0,789718767.177,腾讯日K/前复权日K,2026-09-19T10:42:50+08:00,20260926T093659
159611,电力ETF广发,SZSE,2026-05-20,1.205,1.206,1.154,1.155,1.205,1.206,1.154,1.155,1.0,1112986300.0,1303529324.503,腾讯日K/前复权日K,2026-09-19T10:42:50+08:00,20260926T093659
159611,电力ETF广发,SZSE,2026-05-21,1.144,1.169,1.133,1.137,1.144,1.169,1.133,1.137,1.0,653926800.0,754536725.524,腾讯日K/前复权日K,2026-09-19T10:42:50+08:00,20260926T093659
159611,电力ETF广发,SZSE,2026-05-22,1.134,1.148,1.121,1.142,1.134,1.148,1.121,1.142,1.0,356962700.0,405852793.497,腾讯日K/前复权日K,2026-09-19T10:42:50+08:00,20260926T093659
159611,电力ETF广发,SZSE,2026-05-25,1.142,1.172,1.138,1.171,1.142,1.172,1.138,1.171,1.0,500931900.0,581567156.163,腾讯日K/前复权日K,2026-09-19T10:42:50+08:00,20260926T093659
159611,电力ETF广发,SZSE,2026-05-26,1.167,1.177,1.154,1.171,1.167,1.177,1.154,1.171,1.0,424543200.0,495628232.161,腾讯日K/前复权日K,2026-09-19T10:42:50+08:00,20260926T093659
159611,电力ETF广发,SZSE,2026-05-27,1.162,1.19,1.16,1.184,1.162,1.19,1.16,1.184,1.0,578940100.0,682399058.433,腾讯日K/前复权日K,2026-09-19T10:42:50+08:00,20260926T093659
159611,电力ETF广发,SZSE,2026-05-28,1.185,1.216,1.176,1.199,1.185,1.216,1.176,1.199,1.0,763499800.0,916919776.21,腾讯日K/前复权日K,2026-09-19T10:42:50+08:00,20260926T093659
159611,电力ETF广发,SZSE,2026-05-29,1.195,1.246,1.19,1.241,1.195,1.246,1.19,1.241,1.0,1123007800.0,1383439656.781,腾讯日K/前复权日K,2026-09-19T10:42:50+08:00,20260926T093659
159611,电力ETF广发,SZSE,2026-06-01,1.254,1.257,1.202,1.257,1.254,1.257,1.202,1.257,1.0,1460344900.0,1806163758.061,腾讯日K/前复权日K,2026-09-19T10:42:50+08:00,20260926T093659
159611,电力ETF广发,SZSE,2026-06-02,1.236,1.246,1.222,1.241,1.236,1.246,1.222,1.241,1.0,1293530800.0,1595557597.795,腾讯日K/前复权日K,2026-09-19T10:42:50+08:00,20260926T093659
159611,电力ETF广发,SZSE,2026-06-03,1.223,1.263,1.21,1.249,1.223,1.263,1.21,1.249,1.0,1416589600.0,1746859121.437,腾讯日K/前复权日K,2026-09-19T10:42:50+08:00,20260926T093659
159611,电力ETF广发,SZSE,2026-06-04,1.235,1.253,1.228,1.228,1.235,1.253,1.228,1.228,1.0,724395800.0,897112110.979,腾讯日K/前复权日K,2026-09-19T10:42:50+08:00,20260926T093659
159611,电力ETF广发,SZSE,2026-06-05,1.225,1.248,1.174,1.178,1.225,1.248,1.174,1.178,1.0,1087541800.0,1307199203.112,腾讯日K/前复权日K,2026-09-19T10:42:50+08:00,20260926T093659
159611,电力ETF广发,SZSE,2026-06-08,1.151,1.182,1.141,1.145,1.151,1.182,1.141,1.145,1.0,1018135900.0,1175655329.495,腾讯日K/前复权日K,2026-09-19T10:42:50+08:00,20260926T093659
159611,电力ETF广发,SZSE,2026-06-09,1.146,1.159,1.122,1.159,1.146,1.159,1.122,1.159,1.0,789608700.0,901759439.4,腾讯日K/前复权日K,2026-09-19T10:42:50+08:00,20260926T093659
159611,电力ETF广发,SZSE,2026-06-10,1.147,1.147,1.121,1.127,1.147,1.147,1.121,1.127,1.0,544996300.0,616203809.48,腾讯日K/前复权日K,2026-09-19T10:42:50+08:00,20260926T093659
159611,电力ETF广发,SZSE,2026-06-11,1.116,1.134,1.114,1.128,1.116,1.134,1.114,1.128,1.0,561799700.0,631913735.558,腾讯日K/前复权日K,2026-09-19T10:42:50+08:00,20260926T093659
159611,电力ETF广发,SZSE,2026-06-12,1.129,1.146,1.119,1.14,1.129,1.146,1.119,1.14,1.0,592657800.0,672246031.716,腾讯日K/前复权日K,2026-09-19T10:42:50+08:00,20260926T093659
159611,电力ETF广发,SZSE,2026-06-15,1.143,1.15,1.132,1.15,1.143,1.15,1.132,1.15,1.0,487616700.0,557373311.985,腾讯日K/前复权日K,2026-09-19T10:42:50+08:00,20260926T093659
159611,电力ETF广发,SZSE,2026-06-16,1.147,1.155,1.139,1.142,1.147,1.155,1.139,1.142,1.0,473330600.0,542227395.138,腾讯日K/前复权日K,2026-09-19T10:42:50+08:00,20260926T093659
159611,电力ETF广发,SZSE,2026-06-17,1.141,1.144,1.123,1.13,1.141,1.144,1.123,1.13,1.0,531343400.0,601473113.053,腾讯日K/前复权日K,2026-09-19T10:42:50+08:00,20260926T093659
159611,电力ETF广发,SZSE,2026-06-18,1.125,1.129,1.087,1.091,1.125,1.129,1.087,1.091,1.0,1251579300.0,1379043477.034,腾讯日K/前复权日K,2026-09-19T10:42:50+08:00,20260926T093659
159611,电力ETF广发,SZSE,2026-06-22,1.083,1.095,1.071,1.095,1.083,1.095,1.071,1.095,1.0,768429900.0,832300929.85,腾讯日K/前复权日K,2026-09-19T10:42:50+08:00,20260926T093659
159611,电力ETF广发,SZSE,2026-06-23,1.09,1.104,1.076,1.082,1.09,1.104,1.076,1.082,1.0,559400500.0,609685986.771,腾讯日K/前复权日K,2026-09-19T10:42:50+08:00,20260926T093659
159611,电力ETF广发,SZSE,2026-06-24,1.078,1.083,1.059,1.06,1.078,1.083,1.059,1.06,1.0,534322900.0,568520300.098,腾讯日K/前复权日K,2026-09-19T10:42:50+08:00,20260926T093659
159611,电力ETF广发,SZSE,2026-06-25,1.053,1.056,1.039,1.042,1.053,1.056,1.039,1.042,1.0,555786400.0,581233063.898,腾讯日K/前复权日K,2026-09-19T10:42:50+08:00,20260926T093659
159611,电力ETF广发,SZSE,2026-06-26,1.042,1.059,1.032,1.032,1.042,1.059,1.032,1.032,1.0,570472700.0,595869575.69,腾讯日K/前复权日K,2026-09-19T10:42:50+08:00,20260926T093659
159611,电力ETF广发,SZSE,2026-06-29,1.026,1.038,1.013,1.038,1.026,1.038,1.013,1.038,1.0,450111000.0,463287070.317,腾讯日K/前复权日K,2026-09-19T10:42:50+08:00,20260926T093659
159611,电力ETF广发,SZSE,2026-06-30,1.033,1.034,1.021,1.032,1.033,1.034,1.021,1.032,1.0,463825600.0,475973948.9,腾讯日K/前复权日K,2026-09-19T10:42:50+08:00,20260926T093659
159611,电力ETF广发,SZSE,2026-07-01,1.03,1.052,1.027,1.048,1.03,1.052,1.027,1.048,1.0,671595300.0,698933263.581,腾讯日K/前复权日K,2026-09-19T10:42:50+08:00,20260926T093659
159611,电力ETF广发,SZSE,2026-07-02,1.048,1.055,1.033,1.038,1.048,1.055,1.033,1.038,1.0,520912700.0,542684565.796,腾讯日K/前复权日K,2026-09-19T10:42:50+08:00,20260926T093659
159611,电力ETF广发,SZSE,2026-07-03,1.035,1.044,1.031,1.04,1.035,1.044,1.031,1.04,1.0,348748900.0,361821399.505,腾讯日K/前复权日K,2026-09-19T10:42:50+08:00,20260926T093659
159611,电力ETF广发,SZSE,2026-07-06,1.039,1.04,1.029,1.034,1.039,1.04,1.029,1.034,1.0,428934100.0,443764905.192,腾讯日K/前复权日K,2026-09-19T10:42:50+08:00,20260926T093659
159611,电力ETF广发,SZSE,2026-07-07,1.031,1.033,1.007,1.011,1.031,1.033,1.007,1.011,1.0,499160400.0,506694211.671,腾讯日K/前复权日K,2026-09-19T10:42:50+08:00,20260926T093659
159611,电力ETF广发,SZSE,2026-07-08,1.009,1.017,1.003,1.009,1.009,1.017,1.003,1.009,1.0,333094400.0,336729533.832,腾讯日K/前复权日K,2026-09-19T10:42:50+08:00,20260926T093659
159611,电力ETF广发,SZSE,2026-07-09,1.005,1.01,0.996,1.007,1.005,1.01,0.996,1.007,1.0,394766500.0,395607939.537,腾讯日K/前复权日K,2026-09-19T10:42:50+08:00,20260926T093659
159611,电力ETF广发,SZSE,2026-07-10,1.006,1.026,0.999,1.022,1.006,1.026,0.999,1.022,1.0,519078300.0,527433959.387,腾讯日K/前复权日K,2026-09-19T10:42:50+08:00,20260926T093659
159611,电力ETF广发,SZSE,2026-07-13,1.017,1.018,1.005,1.006,1.017,1.018,1.005,1.006,1.0,363746100.0,367403105.91,腾讯日K/前复权日K,2026-09-19T10:42:50+08:00,20260926T093659
159611,电力ETF广发,SZSE,2026-07-14,1.004,1.022,1.002,1.022,1.004,1.022,1.002,1.022,1.0,329194400.0,333739040.843,腾讯日K/前复权日K,2026-09-19T10:42:50+08:00,20260926T093659
159611,电力ETF广发,SZSE,2026-07-15,1.016,1.028,1.01,1.028,1.016,1.028,1.01,1.028,1.0,475402900.0,486613631.508,腾讯日K/前复权日K,2026-09-19T10:42:50+08:00,20260926T093659
159611,电力ETF广发,SZSE,2026-07-16,1.026,1.029,1.01,1.011,1.026,1.029,1.01,1.011,1.0,419562800.0,427085807.473,腾讯日K/前复权日K,2026-09-19T10:42:50+08:00,20260926T093659
159611,电力ETF广发,SZSE,2026-07-17,1.01,1.044,1.01,1.033,1.01,1.044,1.01,1.033,1.0,1028222000.0,1061168069.551,腾讯日K/前复权日K,2026-09-19T10:42:50+08:00,20260926T093659
159611,电力ETF广发,SZSE,2026-07-20,1.027,1.081,1.022,1.081,1.027,1.081,1.022,1.081,1.0,1243799700.0,1315876490.442,腾讯日K/前复权日K,2026-09-19T10:42:50+08:00,20260926T093659
159611,电力ETF广发,SZSE,2026-07-21,1.08,1.084,1.054,1.073,1.08,1.084,1.054,1.073,1.0,1540977400.0,1643910981.884,腾讯日K/前复权日K,2026-09-19T10:42:50+08:00,20260926T093659
159611,电力ETF广发,SZSE,2026-07-22,1.061,1.091,1.06,1.09,1.061,1.091,1.06,1.09,1.0,1544758600.0,1661784261.761,腾讯日K/前复权日K,2026-09-19T10:42:50+08:00,20260926T093659
159611,电力ETF广发,SZSE,2026-07-23,1.081,1.111,1.076,1.099,1.081,1.111,1.076,1.099,1.0,1036434700.0,1133943938.588,腾讯日K/前复权日K,2026-09-19T10:42:50+08:00,20260926T093659
159611,电力ETF广发,SZSE,2026-07-24,1.09,1.096,1.051,1.054,1.09,1.096,1.051,1.054,1.0,955014300.0,1020846838.618,腾讯日K/前复权日K,2026-09-19T10:42:50+08:00,20260926T093659
159611,电力ETF广发,SZSE,2026-07-27,1.042,1.064,1.042,1.063,1.042,1.064,1.042,1.063,1.0,508834800.0,537434296.842,腾讯日K/前复权日K,2026-09-19T10:42:50+08:00,20260926T093659
159611,电力ETF广发,SZSE,2026-07-28,1.056,1.057,1.048,1.054,1.056,1.057,1.048,1.054,1.0,542204200.0,571035856.828,腾讯日K/前复权日K,2026-09-19T10:42:50+08:00,20260926T093659
159611,电力ETF广发,SZSE,2026-07-29,1.053,1.075,1.05,1.07,1.053,1.075,1.05,1.07,1.0,539638000.0,574933985.06,腾讯日K/前复权日K,2026-09-19T10:42:50+08:00,20260926T093659
159611,电力ETF广发,SZSE,2026-07-30,1.068,1.078,1.062,1.072,1.068,1.078,1.062,1.072,1.0,459450600.0,491862203.856,腾讯日K/前复权日K,2026-09-19T10:42:50+08:00,20260926T093659
159611,电力ETF广发,SZSE,2026-07-31,1.06,1.073,1.059,1.072,1.06,1.073,1.059,1.072,1.0,497535700.0,530617719.326,腾讯日K/前复权日K,2026-09-19T10:42:50+08:00,20260926T093659
159611,电力ETF广发,SZSE,2026-08-03,1.073,1.087,1.072,1.086,1.073,1.087,1.072,1.086,1.0,388540100.0,420558654.908,腾讯日K/前复权日K,2026-09-19T10:42:50+08:00,20260926T093659
159611,电力ETF广发,SZSE,2026-08-04,1.087,1.09,1.073,1.076,1.087,1.09,1.073,1.076,1.0,473075800.0,510045882.074,腾讯日K/前复权日K,2026-09-19T10:42:50+08:00,20260926T093659
159611,电力ETF广发,SZSE,2026-08-05,1.075,1.075,1.06,1.068,1.075,1.075,1.06,1.068,1.0,634885900.0,675838515.095,腾讯日K/前复权日K,2026-09-19T10:42:50+08:00,20260926T093659
159611,电力ETF广发,SZSE,2026-08-06,1.066,1.066,1.05,1.059,1.066,1.066,1.05,1.059,1.0,580630700.0,612719367.288,腾讯日K/前复权日K,2026-09-19T10:42:50+08:00,20260926T093659
159611,电力ETF广发,SZSE,2026-08-07,1.056,1.059,1.047,1.059,1.056,1.059,1.047,1.059,1.0,609113800.0,640706002.972,腾讯日K/前复权日K,2026-09-19T10:42:50+08:00,20260926T093659
159611,电力ETF广发,SZSE,2026-08-10,1.057,1.065,1.053,1.064,1.057,1.065,1.053,1.064,1.0,598594200.0,634907855.38,腾讯日K/前复权日K,2026-09-19T10:42:50+08:00,20260926T093659
159611,电力ETF广发,SZSE,2026-08-11,1.063,1.074,1.058,1.069,1.063,1.074,1.058,1.069,1.0,646109000.0,690496079.869,腾讯日K/前复权日K,2026-09-19T10:42:50+08:00,20260926T093659
159611,电力ETF广发,SZSE,2026-08-12,1.065,1.069,1.055,1.062,1.065,1.069,1.055,1.062,1.0,372939300.0,395414230.525,腾讯日K/前复权日K,2026-09-19T10:42:50+08:00,20260926T093659
159611,电力ETF广发,SZSE,2026-08-13,1.057,1.071,1.056,1.068,1.057,1.071,1.056,1.068,1.0,533963600.0,568258375.302,腾讯日K/前复权日K,2026-09-19T10:42:50+08:00,20260926T093659
159611,电力ETF广发,SZSE,2026-08-14,1.067,1.067,1.047,1.048,1.067,1.067,1.047,1.048,1.0,529282200.0,555874562.95,腾讯日K/前复权日K,2026-09-19T10:42:50+08:00,20260926T093659
159611,电力ETF广发,SZSE,2026-08-17,1.045,1.046,1.039,1.046,1.045,1.046,1.039,1.046,1.0,382646300.0,398816282.789,腾讯日K/前复权日K,2026-09-19T10:42:50+08:00,20260926T093659
159611,电力ETF广发,SZSE,2026-08-18,1.044,1.044,1.035,1.038,1.044,1.044,1.035,1.038,1.0,388767400.0,403833120.816,腾讯日K/前复权日K,2026-09-19T10:42:50+08:00,20260926T093659
159611,电力ETF广发,SZSE,2026-08-19,1.037,1.04,1.027,1.028,1.037,1.04,1.027,1.028,1.0,435644700.0,449269682.588,腾讯日K/前复权日K,2026-09-19T10:42:50+08:00,20260926T093659
159611,电力ETF广发,SZSE,2026-08-20,1.028,1.034,1.024,1.029,1.028,1.034,1.024,1.029,1.0,311577500.0,320409726.484,腾讯日K/前复权日K,2026-09-19T10:42:50+08:00,20260926T093659
159611,电力ETF广发,SZSE,2026-08-21,1.027,1.027,1.02,1.024,1.027,1.027,1.02,1.024,1.0,254722600.0,260327693.913,腾讯日K/前复权日K,2026-09-19T10:42:50+08:00,20260926T093659
159611,电力ETF广发,SZSE,2026-08-24,1.025,1.034,1.025,1.033,1.025,1.034,1.025,1.033,1.0,294828200.0,303925816.483,腾讯日K/前复权日K,2026-09-19T10:42:50+08:00,20260926T093659
159611,电力ETF广发,SZSE,2026-08-25,1.032,1.035,1.029,1.035,1.032,1.035,1.029,1.035,1.0,205247500.0,212079546.921,腾讯日K/前复权日K,2026-09-19T10:42:50+08:00,20260926T093659
159611,电力ETF广发,SZSE,2026-08-26,1.033,1.049,1.031,1.048,1.033,1.049,1.031,1.048,1.0,415710100.0,433636728.418,腾讯日K/前复权日K,2026-09-19T10:42:50+08:00,20260926T093659
159611,电力ETF广发,SZSE,2026-08-27,1.044,1.045,1.035,1.044,1.044,1.045,1.035,1.044,1.0,278993100.0,290172695.7,腾讯日K/前复权日K,2026-09-19T10:42:50+08:00,20260926T093659
159611,电力ETF广发,SZSE,2026-08-28,1.04,1.043,1.036,1.041,1.04,1.043,1.036,1.041,1.0,283057400.0,294324010.5,腾讯日K/前复权日K,2026-09-19T10:42:50+08:00,20260926T093659
159611,电力ETF广发,SZSE,2026-08-31,1.039,1.039,1.029,1.035,1.039,1.039,1.029,1.035,1.0,296678700.0,306376995.483,腾讯日K/前复权日K,2026-09-19T10:42:50+08:00,20260926T093659
159611,电力ETF广发,SZSE,2026-09-01,1.035,1.049,1.033,1.049,1.035,1.049,1.033,1.049,1.0,429082900.0,448492498.947,腾讯日K/前复权日K,2026-09-19T10:42:50+08:00,20260926T093659
159611,电力ETF广发,SZSE,2026-09-02,1.047,1.049,1.04,1.045,1.047,1.049,1.04,1.045,1.0,290641800.0,303582639.512,腾讯日K/前复权日K,2026-09-19T10:42:50+08:00,20260926T093659
159611,电力ETF广发,SZSE,2026-09-03,1.044,1.054,1.043,1.047,1.044,1.054,1.043,1.047,1.0,348925200.0,366465153.821,腾讯日K/前复权日K,2026-09-19T10:42:50+08:00,20260926T093659
159611,电力ETF广发,SZSE,2026-09-04,1.047,1.053,1.041,1.044,1.047,1.053,1.041,1.044,1.0,367367200.0,384773963.985,腾讯日K/前复权日K,2026-09-19T10:42:50+08:00,20260926T093659
159611,电力ETF广发,SZSE,2026-09-07,1.047,1.047,1.033,1.035,1.047,1.047,1.033,1.035,1.0,303593800.0,314802782.767,腾讯日K/前复权日K,2026-09-19T10:42:50+08:00,20260926T093659
159611,电力ETF广发,SZSE,2026-09-08,1.035,1.044,1.034,1.043,1.035,1.044,1.034,1.043,1.0,268516000.0,279022875.642,腾讯日K/前复权日K,2026-09-19T10:42:50+08:00,20260926T093659
159611,电力ETF广发,SZSE,2026-09-09,1.043,1.054,1.037,1.054,1.043,1.054,1.037,1.054,1.0,370334800.0,388221903.037,腾讯日K/前复权日K,2026-09-19T10:42:50+08:00,20260926T093659
159611,电力ETF广发,SZSE,2026-09-10,1.052,1.062,1.046,1.062,1.052,1.062,1.046,1.062,1.0,371818400.0,392747807.566,腾讯日K/前复权日K,2026-09-19T10:42:50+08:00,20260926T093659
159611,电力ETF广发,SZSE,2026-09-11,1.057,1.06,1.042,1.054,1.057,1.06,1.042,1.054,1.0,384357700.0,404343643.396,腾讯日K/前复权日K,2026-09-19T10:42:50+08:00,20260926T093659
159611,电力ETF广发,SZSE,2026-09-14,1.051,1.068,1.049,1.057,1.051,1.068,1.049,1.057,1.0,374395300.0,396803163.83,腾讯日K/前复权日K,2026-09-19T10:42:50+08:00,20260926T093659
159611,电力ETF广发,SZSE,2026-09-15,1.055,1.061,1.044,1.054,1.055,1.061,1.044,1.054,1.0,385667200.0,406088330.383,腾讯日K/前复权日K,2026-09-19T10:42:50+08:00,20260926T093659
159611,电力ETF广发,SZSE,2026-09-16,1.05,1.058,1.045,1.053,1.05,1.058,1.045,1.053,1.0,303386400.0,318873128.0,腾讯日K/前复权日K,2026-09-19T10:42:50+08:00,20260926T093659
159611,电力ETF广发,SZSE,2026-09-17,1.049,1.05,1.033,1.037,1.049,1.05,1.033,1.037,1.0,323221500.0,335491321.479,腾讯日K/前复权日K,2026-09-19T10:42:50+08:00,20260926T093659
159611,电力ETF广发,SZSE,2026-09-18,1.036,1.047,1.034,1.04,1.036,1.047,1.034,1.04,1.0,300185300.0,312772252.765,腾讯日K/前复权日K,2026-09-19T10:42:50+08:00,20260926T093659
159611,电力ETF广发,SZSE,2026-09-21,1.04,1.042,1.034,1.039,1.04,1.042,1.034,1.039,1.0,195406300.0,202711859.8,腾讯日K/前复权日K,2026-09-26T09:36:59+08:00,20260926T093659
159611,电力ETF广发,SZSE,2026-09-22,1.039,1.039,1.033,1.034,1.039,1.039,1.033,1.034,1.0,218192800.0,225793574.6,腾讯日K/前复权日K,2026-09-26T09:36:59+08:00,20260926T093659
159611,电力ETF广发,SZSE,2026-09-23,1.034,1.035,1.023,1.024,1.034,1.035,1.023,1.024,1.0,337393300.0,346302289.536,腾讯日K/前复权日K,2026-09-26T09:36:59+08:00,20260926T093659
159611,电力ETF广发,SZSE,2026-09-24,1.024,1.028,1.02,1.024,1.024,1.028,1.02,1.024,1.0,280849100.0,287701025.332,腾讯日K/前复权日K,2026-09-26T09:36:59+08:00,20260926T093659
