code,name,exchange,date,raw_open,raw_high,raw_low,raw_close,adj_open,adj_high,adj_low,adj_close,adj_factor,volume,amount,source,source_timestamp,run_id
159915,创业板ETF易方达,SZSE,2011-12-09,0.795,0.814,0.795,0.797,0.795,0.814,0.795,0.797,1.0,106177200.0,85143978.0,腾讯日K/前复权日K,2026-08-07T20:33:10+08:00,20260926T093659
159915,创业板ETF易方达,SZSE,2011-12-16,0.79,0.803,0.747,0.781,0.79,0.803,0.747,0.781,1.0,270328800.0,257090247.0,腾讯日K/前复权日K,2026-08-07T20:33:10+08:00,20260926T093659
159915,创业板ETF易方达,SZSE,2011-12-23,0.775,0.8,0.73,0.761,0.775,0.8,0.73,0.761,1.0,392913800.0,303386024.0,腾讯日K/前复权日K,2026-08-07T20:33:10+08:00,20260926T093659
159915,创业板ETF易方达,SZSE,2011-12-30,0.759,0.773,0.703,0.729,0.759,0.773,0.703,0.729,1.0,382534600.0,279454343.0,腾讯日K/前复权日K,2026-08-07T20:33:10+08:00,20260926T093659
159915,创业板ETF易方达,SZSE,2012-01-06,0.735,0.739,0.647,0.67,0.735,0.739,0.647,0.67,1.0,241225500.0,163569852.0,腾讯日K/前复权日K,2026-08-07T20:33:10+08:00,20260926T093659
159915,创业板ETF易方达,SZSE,2012-01-13,0.667,0.731,0.658,0.668,0.667,0.731,0.658,0.668,1.0,670387100.0,467521245.0,腾讯日K/前复权日K,2026-08-07T20:33:10+08:00,20260926T093659
159915,创业板ETF易方达,SZSE,2012-01-20,0.656,0.67,0.615,0.648,0.656,0.67,0.615,0.648,1.0,615930200.0,398560845.0,腾讯日K/前复权日K,2026-08-07T20:33:10+08:00,20260926T093659
159915,创业板ETF易方达,SZSE,2012-02-03,0.649,0.685,0.638,0.682,0.649,0.685,0.638,0.682,1.0,483010000.0,318555399.0,腾讯日K/前复权日K,2026-08-07T20:33:10+08:00,20260926T093659
159915,创业板ETF易方达,SZSE,2012-02-10,0.683,0.708,0.671,0.701,0.683,0.708,0.671,0.701,1.0,669537100.0,462638966.0,腾讯日K/前复权日K,2026-08-07T20:33:10+08:00,20260926T093659
159915,创业板ETF易方达,SZSE,2012-02-17,0.694,0.734,0.691,0.719,0.694,0.734,0.691,0.719,1.0,372557000.0,266675196.0,腾讯日K/前复权日K,2026-08-07T20:33:10+08:00,20260926T093659
159915,创业板ETF易方达,SZSE,2012-02-24,0.725,0.768,0.716,0.764,0.725,0.768,0.716,0.764,1.0,570327600.0,428910322.0,腾讯日K/前复权日K,2026-08-07T20:33:10+08:00,20260926T093659
159915,创业板ETF易方达,SZSE,2012-03-02,0.764,0.774,0.733,0.759,0.764,0.774,0.733,0.759,1.0,433948700.0,326455693.0,腾讯日K/前复权日K,2026-08-07T20:33:10+08:00,20260926T093659
159915,创业板ETF易方达,SZSE,2012-03-09,0.76,0.78,0.74,0.779,0.76,0.78,0.74,0.779,1.0,325818000.0,248524283.0,腾讯日K/前复权日K,2026-08-07T20:33:10+08:00,20260926T093659
159915,创业板ETF易方达,SZSE,2012-03-16,0.783,0.802,0.735,0.767,0.783,0.802,0.735,0.767,1.0,496189900.0,380527049.0,腾讯日K/前复权日K,2026-08-07T20:33:10+08:00,20260926T093659
159915,创业板ETF易方达,SZSE,2012-03-23,0.764,0.783,0.735,0.74,0.764,0.783,0.735,0.74,1.0,351690400.0,266116333.0,腾讯日K/前复权日K,2026-08-07T20:33:10+08:00,20260926T093659
159915,创业板ETF易方达,SZSE,2012-03-30,0.738,0.748,0.677,0.683,0.738,0.748,0.677,0.683,1.0,197436800.0,140027117.0,腾讯日K/前复权日K,2026-08-07T20:33:10+08:00,20260926T093659
159915,创业板ETF易方达,SZSE,2012-04-06,0.68,0.708,0.678,0.703,0.68,0.708,0.678,0.703,1.0,115370100.0,80409662.0,腾讯日K/前复权日K,2026-08-07T20:33:10+08:00,20260926T093659
159915,创业板ETF易方达,SZSE,2012-04-13,0.701,0.728,0.675,0.722,0.701,0.728,0.675,0.722,1.0,244235400.0,172489414.0,腾讯日K/前复权日K,2026-08-07T20:33:10+08:00,20260926T093659
159915,创业板ETF易方达,SZSE,2012-04-20,0.715,0.732,0.708,0.729,0.715,0.732,0.708,0.729,1.0,313232000.0,226669291.0,腾讯日K/前复权日K,2026-08-07T20:33:10+08:00,20260926T093659
159915,创业板ETF易方达,SZSE,2012-04-27,0.725,0.725,0.664,0.688,0.725,0.725,0.664,0.688,1.0,325420900.0,224534961.0,腾讯日K/前复权日K,2026-08-07T20:33:10+08:00,20260926T093659
159915,创业板ETF易方达,SZSE,2012-05-04,0.696,0.719,0.689,0.719,0.696,0.719,0.689,0.719,1.0,209173800.0,147448556.0,腾讯日K/前复权日K,2026-08-07T20:33:10+08:00,20260926T093659
159915,创业板ETF易方达,SZSE,2012-05-11,0.717,0.743,0.714,0.722,0.717,0.743,0.714,0.722,1.0,410652900.0,300326203.0,腾讯日K/前复权日K,2026-08-07T20:33:10+08:00,20260926T093659
159915,创业板ETF易方达,SZSE,2012-05-18,0.728,0.735,0.707,0.712,0.728,0.735,0.707,0.712,1.0,274839300.0,198247574.0,腾讯日K/前复权日K,2026-08-07T20:33:10+08:00,20260926T093659
159915,创业板ETF易方达,SZSE,2012-05-25,0.712,0.723,0.703,0.706,0.712,0.723,0.703,0.706,1.0,220311200.0,157632508.0,腾讯日K/前复权日K,2026-08-07T20:33:10+08:00,20260926T093659
159915,创业板ETF易方达,SZSE,2012-06-01,0.701,0.747,0.69,0.739,0.701,0.747,0.69,0.739,1.0,321618800.0,233485024.0,腾讯日K/前复权日K,2026-08-07T20:33:10+08:00,20260926T093659
159915,创业板ETF易方达,SZSE,2012-06-08,0.727,0.741,0.715,0.721,0.727,0.741,0.715,0.721,1.0,161295500.0,116937528.0,腾讯日K/前复权日K,2026-08-07T20:33:10+08:00,20260926T093659
159915,创业板ETF易方达,SZSE,2012-06-15,0.721,0.757,0.72,0.747,0.721,0.757,0.72,0.747,1.0,412830100.0,306673398.0,腾讯日K/前复权日K,2026-08-07T20:33:10+08:00,20260926T093659
159915,创业板ETF易方达,SZSE,2012-06-21,0.755,0.763,0.737,0.744,0.755,0.763,0.737,0.744,1.0,195424200.0,147111615.0,腾讯日K/前复权日K,2026-08-07T20:33:10+08:00,20260926T093659
159915,创业板ETF易方达,SZSE,2012-06-29,0.74,0.742,0.71,0.734,0.74,0.742,0.71,0.734,1.0,318628900.0,230456851.0,腾讯日K/前复权日K,2026-08-07T20:33:10+08:00,20260926T093659
159915,创业板ETF易方达,SZSE,2012-07-06,0.74,0.758,0.718,0.745,0.74,0.758,0.718,0.745,1.0,360352300.0,265962789.0,腾讯日K/前复权日K,2026-08-07T20:33:10+08:00,20260926T093659
159915,创业板ETF易方达,SZSE,2012-07-13,0.74,0.743,0.713,0.73,0.74,0.743,0.713,0.73,1.0,281224600.0,205296262.0,腾讯日K/前复权日K,2026-08-07T20:33:10+08:00,20260926T093659
159915,创业板ETF易方达,SZSE,2012-07-20,0.73,0.73,0.688,0.71,0.73,0.73,0.688,0.71,1.0,234040700.0,165561770.0,腾讯日K/前复权日K,2026-08-07T20:33:10+08:00,20260926T093659
159915,创业板ETF易方达,SZSE,2012-07-27,0.701,0.723,0.701,0.709,0.701,0.723,0.701,0.709,1.0,170417600.0,121568072.0,腾讯日K/前复权日K,2026-08-07T20:33:10+08:00,20260926T093659
159915,创业板ETF易方达,SZSE,2012-08-03,0.708,0.719,0.678,0.719,0.708,0.719,0.678,0.719,1.0,332773200.0,230953602.0,腾讯日K/前复权日K,2026-08-07T20:33:10+08:00,20260926T093659
159915,创业板ETF易方达,SZSE,2012-08-10,0.714,0.75,0.712,0.748,0.714,0.75,0.712,0.748,1.0,240593600.0,177263770.0,腾讯日K/前复权日K,2026-08-07T20:33:10+08:00,20260926T093659
159915,创业板ETF易方达,SZSE,2012-08-17,0.746,0.747,0.717,0.727,0.746,0.747,0.717,0.727,1.0,201536800.0,147316152.0,腾讯日K/前复权日K,2026-08-07T20:33:10+08:00,20260926T093659
159915,创业板ETF易方达,SZSE,2012-08-24,0.719,0.762,0.717,0.739,0.719,0.762,0.717,0.739,1.0,342080800.0,255776321.0,腾讯日K/前复权日K,2026-08-07T20:33:10+08:00,20260926T093659
159915,创业板ETF易方达,SZSE,2012-08-31,0.736,0.741,0.697,0.713,0.736,0.741,0.697,0.713,1.0,513308900.0,370870993.0,腾讯日K/前复权日K,2026-08-07T20:33:10+08:00,20260926T093659
159915,创业板ETF易方达,SZSE,2012-09-07,0.71,0.776,0.705,0.766,0.71,0.776,0.705,0.766,1.0,378314700.0,280665156.0,腾讯日K/前复权日K,2026-08-07T20:33:10+08:00,20260926T093659
159915,创业板ETF易方达,SZSE,2012-09-14,0.768,0.771,0.745,0.748,0.768,0.771,0.745,0.748,1.0,239194400.0,182329461.0,腾讯日K/前复权日K,2026-08-07T20:33:10+08:00,20260926T093659
159915,创业板ETF易方达,SZSE,2012-09-21,0.746,0.746,0.694,0.694,0.746,0.746,0.694,0.694,1.0,320319100.0,231448499.0,腾讯日K/前复权日K,2026-08-07T20:33:10+08:00,20260926T093659
159915,创业板ETF易方达,SZSE,2012-09-28,0.69,0.702,0.664,0.696,0.69,0.702,0.664,0.696,1.0,480841700.0,330804065.0,腾讯日K/前复权日K,2026-08-07T20:33:10+08:00,20260926T093659
159915,创业板ETF易方达,SZSE,2012-10-12,0.69,0.729,0.68,0.711,0.69,0.729,0.68,0.711,1.0,241205700.0,172506312.0,腾讯日K/前复权日K,2026-08-07T20:33:10+08:00,20260926T093659
159915,创业板ETF易方达,SZSE,2012-10-19,0.712,0.727,0.697,0.723,0.712,0.727,0.697,0.723,1.0,228250500.0,162999127.0,腾讯日K/前复权日K,2026-08-07T20:33:10+08:00,20260926T093659
159915,创业板ETF易方达,SZSE,2012-10-26,0.717,0.73,0.683,0.688,0.717,0.73,0.683,0.688,1.0,114524500.0,81270632.0,腾讯日K/前复权日K,2026-08-07T20:33:10+08:00,20260926T093659
159915,创业板ETF易方达,SZSE,2012-11-02,0.688,0.708,0.685,0.705,0.688,0.708,0.685,0.705,1.0,88216900.0,61554008.0,腾讯日K/前复权日K,2026-08-07T20:33:10+08:00,20260926T093659
159915,创业板ETF易方达,SZSE,2012-11-09,0.705,0.707,0.676,0.678,0.705,0.707,0.676,0.678,1.0,51604300.0,35589318.0,腾讯日K/前复权日K,2026-08-07T20:33:10+08:00,20260926T093659
159915,创业板ETF易方达,SZSE,2012-11-16,0.679,0.685,0.658,0.661,0.679,0.685,0.658,0.661,1.0,46079500.0,30887784.0,腾讯日K/前复权日K,2026-08-07T20:33:10+08:00,20260926T093659
159915,创业板ETF易方达,SZSE,2012-11-23,0.661,0.668,0.65,0.656,0.661,0.668,0.65,0.656,1.0,89383000.0,58853240.0,腾讯日K/前复权日K,2026-08-07T20:33:10+08:00,20260926T093659
159915,创业板ETF易方达,SZSE,2012-11-30,0.656,0.656,0.604,0.608,0.656,0.656,0.604,0.608,1.0,133558100.0,82395413.0,腾讯日K/前复权日K,2026-08-07T20:33:10+08:00,20260926T093659
159915,创业板ETF易方达,SZSE,2012-12-07,0.608,0.642,0.589,0.641,0.608,0.642,0.589,0.641,1.0,248190300.0,153771449.0,腾讯日K/前复权日K,2026-08-07T20:33:10+08:00,20260926T093659
159915,创业板ETF易方达,SZSE,2012-12-14,0.641,0.663,0.632,0.661,0.641,0.663,0.632,0.661,1.0,230715100.0,149772742.0,腾讯日K/前复权日K,2026-08-07T20:33:10+08:00,20260926T093659
159915,创业板ETF易方达,SZSE,2012-12-21,0.661,0.674,0.647,0.671,0.661,0.674,0.647,0.671,1.0,181885100.0,119675161.0,腾讯日K/前复权日K,2026-08-07T20:33:10+08:00,20260926T093659
159915,创业板ETF易方达,SZSE,2012-12-28,0.668,0.715,0.667,0.709,0.668,0.715,0.667,0.709,1.0,210846800.0,147172664.0,腾讯日K/前复权日K,2026-08-07T20:33:10+08:00,20260926T093659
159915,创业板ETF易方达,SZSE,2013-01-04,0.711,0.721,0.7,0.708,0.711,0.721,0.7,0.708,1.0,66465400.0,47158909.0,腾讯日K/前复权日K,2026-08-07T20:33:10+08:00,20260926T093659
159915,创业板ETF易方达,SZSE,2013-01-11,0.703,0.747,0.702,0.731,0.703,0.747,0.702,0.731,1.0,245574200.0,179625899.0,腾讯日K/前复权日K,2026-08-07T20:33:10+08:00,20260926T093659
159915,创业板ETF易方达,SZSE,2013-01-18,0.73,0.79,0.73,0.79,0.73,0.79,0.73,0.79,1.0,287426500.0,222320583.0,腾讯日K/前复权日K,2026-08-07T20:33:10+08:00,20260926T093659
159915,创业板ETF易方达,SZSE,2013-01-25,0.79,0.795,0.752,0.763,0.79,0.795,0.752,0.763,1.0,228657500.0,177714702.0,腾讯日K/前复权日K,2026-08-07T20:33:10+08:00,20260926T093659
159915,创业板ETF易方达,SZSE,2013-02-01,0.764,0.797,0.764,0.783,0.764,0.797,0.764,0.783,1.0,190446900.0,149170028.0,腾讯日K/前复权日K,2026-08-07T20:33:10+08:00,20260926T093659
159915,创业板ETF易方达,SZSE,2013-02-08,0.784,0.825,0.766,0.822,0.784,0.825,0.766,0.822,1.0,355864600.0,283941056.0,腾讯日K/前复权日K,2026-08-07T20:33:10+08:00,20260926T093659
159915,创业板ETF易方达,SZSE,2013-02-22,0.827,0.853,0.814,0.835,0.827,0.853,0.814,0.835,1.0,387963300.0,323503183.0,腾讯日K/前复权日K,2026-08-07T20:33:10+08:00,20260926T093659
159915,创业板ETF易方达,SZSE,2013-03-01,0.833,0.885,0.833,0.885,0.833,0.885,0.833,0.885,1.0,335081600.0,286992359.0,腾讯日K/前复权日K,2026-08-07T20:33:10+08:00,20260926T093659
159915,创业板ETF易方达,SZSE,2013-03-08,0.878,0.904,0.849,0.863,0.878,0.904,0.849,0.863,1.0,354957000.0,312036278.0,腾讯日K/前复权日K,2026-08-07T20:33:10+08:00,20260926T093659
159915,创业板ETF易方达,SZSE,2013-03-15,0.859,0.871,0.817,0.853,0.859,0.871,0.817,0.853,1.0,248626500.0,209861510.0,腾讯日K/前复权日K,2026-08-07T20:33:10+08:00,20260926T093659
159915,创业板ETF易方达,SZSE,2013-03-22,0.848,0.886,0.826,0.878,0.848,0.886,0.826,0.878,1.0,274650500.0,236693805.0,腾讯日K/前复权日K,2026-08-07T20:33:10+08:00,20260926T093659
159915,创业板ETF易方达,SZSE,2013-03-29,0.882,0.884,0.855,0.86,0.882,0.884,0.855,0.86,1.0,189786700.0,164976475.0,腾讯日K/前复权日K,2026-08-07T20:33:10+08:00,20260926T093659
159915,创业板ETF易方达,SZSE,2013-04-03,0.861,0.884,0.825,0.829,0.861,0.884,0.825,0.829,1.0,80162200.0,68470068.0,腾讯日K/前复权日K,2026-08-07T20:33:10+08:00,20260926T093659
159915,创业板ETF易方达,SZSE,2013-04-12,0.821,0.864,0.815,0.844,0.821,0.864,0.815,0.844,1.0,96923700.0,82116598.0,腾讯日K/前复权日K,2026-08-07T20:33:10+08:00,20260926T093659
159915,创业板ETF易方达,SZSE,2013-04-19,0.844,0.897,0.821,0.891,0.844,0.897,0.821,0.891,1.0,153622800.0,132779270.0,腾讯日K/前复权日K,2026-08-07T20:33:10+08:00,20260926T093659
159915,创业板ETF易方达,SZSE,2013-04-26,0.891,0.937,0.882,0.89,0.891,0.937,0.882,0.89,1.0,274804000.0,249099561.0,腾讯日K/前复权日K,2026-08-07T20:33:10+08:00,20260926T093659
159915,创业板ETF易方达,SZSE,2013-05-03,0.887,0.939,0.878,0.938,0.887,0.939,0.878,0.938,1.0,90019000.0,82708928.0,腾讯日K/前复权日K,2026-08-07T20:33:10+08:00,20260926T093659
159915,创业板ETF易方达,SZSE,2013-05-10,0.94,0.993,0.938,0.987,0.94,0.993,0.938,0.987,1.0,233413700.0,226352066.0,腾讯日K/前复权日K,2026-08-07T20:33:10+08:00,20260926T093659
159915,创业板ETF易方达,SZSE,2013-05-17,0.985,1.034,0.964,1.017,0.985,1.034,0.964,1.017,1.0,451143600.0,450978221.0,腾讯日K/前复权日K,2026-08-07T20:33:10+08:00,20260926T093659
159915,创业板ETF易方达,SZSE,2013-05-24,1.017,1.074,1.016,1.07,1.017,1.074,1.016,1.07,1.0,391921300.0,410513539.0,腾讯日K/前复权日K,2026-08-07T20:33:10+08:00,20260926T093659
159915,创业板ETF易方达,SZSE,2013-05-31,1.066,1.089,1.046,1.067,1.066,1.089,1.046,1.067,1.0,314504300.0,336134018.0,腾讯日K/前复权日K,2026-08-07T20:33:10+08:00,20260926T093659
159915,创业板ETF易方达,SZSE,2013-06-07,1.06,1.07,1.007,1.032,1.06,1.07,1.007,1.032,1.0,235563900.0,243118265.0,腾讯日K/前复权日K,2026-08-07T20:33:10+08:00,20260926T093659
159915,创业板ETF易方达,SZSE,2013-06-14,1.018,1.07,0.981,1.069,1.018,1.07,0.981,1.069,1.0,134797800.0,139464400.0,腾讯日K/前复权日K,2026-08-07T20:33:10+08:00,20260926T093659
159915,创业板ETF易方达,SZSE,2013-06-21,1.073,1.09,0.985,1.027,1.073,1.09,0.985,1.027,1.0,394461000.0,415745569.0,腾讯日K/前复权日K,2026-08-07T20:33:10+08:00,20260926T093659
159915,创业板ETF易方达,SZSE,2013-06-28,1.016,1.064,0.902,1.003,1.016,1.064,0.902,1.003,1.0,600963700.0,605529440.0,腾讯日K/前复权日K,2026-08-07T20:33:10+08:00,20260926T093659
159915,创业板ETF易方达,SZSE,2013-07-05,1.002,1.107,1.0,1.052,1.002,1.107,1.0,1.052,1.0,1162438100.0,1249520066.0,腾讯日K/前复权日K,2026-08-07T20:33:10+08:00,20260926T093659
159915,创业板ETF易方达,SZSE,2013-07-12,1.024,1.119,1.011,1.092,1.024,1.119,1.011,1.092,1.0,837381700.0,886020343.0,腾讯日K/前复权日K,2026-08-07T20:33:10+08:00,20260926T093659
159915,创业板ETF易方达,SZSE,2013-07-19,1.088,1.153,1.088,1.106,1.088,1.153,1.088,1.106,1.0,1161363800.0,1313059930.0,腾讯日K/前复权日K,2026-08-07T20:33:10+08:00,20260926T093659
159915,创业板ETF易方达,SZSE,2013-07-26,1.099,1.203,1.099,1.152,1.099,1.203,1.099,1.152,1.0,1345926300.0,1562532836.0,腾讯日K/前复权日K,2026-08-07T20:33:10+08:00,20260926T093659
159915,创业板ETF易方达,SZSE,2013-08-02,1.143,1.193,1.084,1.169,1.143,1.193,1.084,1.169,1.0,1412968100.0,1620830935.0,腾讯日K/前复权日K,2026-08-07T20:33:10+08:00,20260926T093659
159915,创业板ETF易方达,SZSE,2013-08-09,1.167,1.206,1.137,1.161,1.167,1.206,1.137,1.161,1.0,999831600.0,1175523599.0,腾讯日K/前复权日K,2026-08-07T20:33:10+08:00,20260926T093659
159915,创业板ETF易方达,SZSE,2013-08-16,1.159,1.172,1.117,1.117,1.159,1.172,1.117,1.117,1.0,944099200.0,1092928647.0,腾讯日K/前复权日K,2026-08-07T20:33:10+08:00,20260926T093659
159915,创业板ETF易方达,SZSE,2013-08-23,1.112,1.211,1.11,1.198,1.112,1.211,1.11,1.198,1.0,964497000.0,1127489841.0,腾讯日K/前复权日K,2026-08-07T20:33:10+08:00,20260926T093659
159915,创业板ETF易方达,SZSE,2013-08-30,1.202,1.234,1.162,1.171,1.202,1.234,1.162,1.171,1.0,722355500.0,874668121.0,腾讯日K/前复权日K,2026-08-07T20:33:10+08:00,20260926T093659
159915,创业板ETF易方达,SZSE,2013-09-06,1.17,1.269,1.164,1.262,1.17,1.269,1.164,1.262,1.0,553483800.0,673768006.0,腾讯日K/前复权日K,2026-08-07T20:33:10+08:00,20260926T093659
159915,创业板ETF易方达,SZSE,2013-09-13,1.262,1.265,1.188,1.235,1.262,1.265,1.188,1.235,1.0,615904100.0,750310524.0,腾讯日K/前复权日K,2026-08-07T20:33:10+08:00,20260926T093659
159915,创业板ETF易方达,SZSE,2013-09-18,1.231,1.276,1.231,1.265,1.231,1.276,1.231,1.265,1.0,524136900.0,659486145.0,腾讯日K/前复权日K,2026-08-07T20:33:10+08:00,20260926T093659
159915,创业板ETF易方达,SZSE,2013-09-27,1.266,1.324,1.266,1.308,1.266,1.324,1.266,1.308,1.0,672293900.0,873158463.0,腾讯日K/前复权日K,2026-08-07T20:33:10+08:00,20260926T093659
159915,创业板ETF易方达,SZSE,2013-09-30,1.314,1.35,1.31,1.346,1.314,1.35,1.31,1.346,1.0,96413900.0,128245831.0,腾讯日K/前复权日K,2026-08-07T20:33:10+08:00,20260926T093659
159915,创业板ETF易方达,SZSE,2013-10-11,1.35,1.399,1.333,1.36,1.35,1.399,1.333,1.36,1.0,513256100.0,700886821.0,腾讯日K/前复权日K,2026-08-07T20:33:10+08:00,20260926T093659
159915,创业板ETF易方达,SZSE,2013-10-18,1.36,1.387,1.294,1.332,1.36,1.387,1.294,1.332,1.0,683823900.0,913828525.0,腾讯日K/前复权日K,2026-08-07T20:33:10+08:00,20260926T093659
159915,创业板ETF易方达,SZSE,2013-10-25,1.333,1.382,1.231,1.252,1.333,1.382,1.231,1.252,1.0,782200400.0,1023450840.0,腾讯日K/前复权日K,2026-08-07T20:33:10+08:00,20260926T093659
159915,创业板ETF易方达,SZSE,2013-11-01,1.252,1.269,1.176,1.199,1.252,1.269,1.176,1.199,1.0,802844200.0,983504413.0,腾讯日K/前复权日K,2026-08-07T20:33:10+08:00,20260926T093659
159915,创业板ETF易方达,SZSE,2013-11-08,1.195,1.254,1.181,1.189,1.195,1.254,1.181,1.189,1.0,856667500.0,1041300188.0,腾讯日K/前复权日K,2026-08-07T20:33:10+08:00,20260926T093659
159915,创业板ETF易方达,SZSE,2013-11-15,1.185,1.264,1.168,1.247,1.185,1.264,1.168,1.247,1.0,742482700.0,900149675.0,腾讯日K/前复权日K,2026-08-07T20:33:10+08:00,20260926T093659
159915,创业板ETF易方达,SZSE,2013-11-22,1.251,1.288,1.249,1.268,1.251,1.288,1.249,1.268,1.0,543642400.0,690398754.0,腾讯日K/前复权日K,2026-08-07T20:33:10+08:00,20260926T093659
159915,创业板ETF易方达,SZSE,2013-11-29,1.26,1.344,1.255,1.341,1.26,1.344,1.255,1.341,1.0,454796800.0,590986151.0,腾讯日K/前复权日K,2026-08-07T20:33:10+08:00,20260926T093659
159915,创业板ETF易方达,SZSE,2013-12-06,1.27,1.293,1.172,1.186,1.27,1.293,1.172,1.186,1.0,826522000.0,1010828855.0,腾讯日K/前复权日K,2026-08-07T20:33:10+08:00,20260926T093659
159915,创业板ETF易方达,SZSE,2013-12-13,1.187,1.262,1.186,1.251,1.187,1.262,1.186,1.251,1.0,617106600.0,758285617.0,腾讯日K/前复权日K,2026-08-07T20:33:10+08:00,20260926T093659
159915,创业板ETF易方达,SZSE,2013-12-20,1.252,1.269,1.22,1.23,1.252,1.269,1.22,1.23,1.0,616796800.0,766472749.0,腾讯日K/前复权日K,2026-08-07T20:33:10+08:00,20260926T093659
159915,创业板ETF易方达,SZSE,2013-12-27,1.225,1.275,1.2,1.273,1.225,1.275,1.2,1.273,1.0,560300200.0,698894888.0,腾讯日K/前复权日K,2026-08-07T20:33:10+08:00,20260926T093659
159915,创业板ETF易方达,SZSE,2014-01-03,1.273,1.328,1.26,1.325,1.273,1.328,1.26,1.325,1.0,486881600.0,629630487.0,腾讯日K/前复权日K,2026-08-07T20:33:10+08:00,20260926T093659
159915,创业板ETF易方达,SZSE,2014-01-10,1.324,1.394,1.285,1.324,1.324,1.394,1.285,1.324,1.0,814413400.0,1093837340.0,腾讯日K/前复权日K,2026-08-07T20:33:10+08:00,20260926T093659
159915,创业板ETF易方达,SZSE,2014-01-17,1.323,1.399,1.321,1.367,1.323,1.399,1.321,1.367,1.0,587093100.0,804843366.0,腾讯日K/前复权日K,2026-08-07T20:33:10+08:00,20260926T093659
159915,创业板ETF易方达,SZSE,2014-01-24,1.361,1.464,1.332,1.453,1.361,1.464,1.332,1.453,1.0,854376800.0,1198254215.0,腾讯日K/前复权日K,2026-08-07T20:33:10+08:00,20260926T093659
159915,创业板ETF易方达,SZSE,2014-01-30,1.448,1.48,1.413,1.463,1.448,1.48,1.413,1.463,1.0,581302100.0,839834377.0,腾讯日K/前复权日K,2026-08-07T20:33:10+08:00,20260926T093659
159915,创业板ETF易方达,SZSE,2014-02-07,1.451,1.5,1.45,1.498,1.451,1.5,1.45,1.498,1.0,144614200.0,213588028.0,腾讯日K/前复权日K,2026-08-07T20:33:10+08:00,20260926T093659
159915,创业板ETF易方达,SZSE,2014-02-14,1.505,1.526,1.441,1.479,1.505,1.526,1.441,1.479,1.0,905228300.0,1347296971.0,腾讯日K/前复权日K,2026-08-07T20:33:10+08:00,20260926T093659
159915,创业板ETF易方达,SZSE,2014-02-21,1.483,1.524,1.467,1.483,1.483,1.524,1.467,1.483,1.0,1152069000.0,1723661328.0,腾讯日K/前复权日K,2026-08-07T20:33:10+08:00,20260926T093659
159915,创业板ETF易方达,SZSE,2014-02-28,1.481,1.534,1.36,1.4,1.481,1.534,1.36,1.4,1.0,1538857000.0,2217141840.0,腾讯日K/前复权日K,2026-08-07T20:33:10+08:00,20260926T093659
159915,创业板ETF易方达,SZSE,2014-03-07,1.4,1.441,1.389,1.428,1.4,1.441,1.389,1.428,1.0,907849000.0,1288831916.0,腾讯日K/前复权日K,2026-08-07T20:33:10+08:00,20260926T093659
159915,创业板ETF易方达,SZSE,2014-03-14,1.408,1.412,1.344,1.398,1.408,1.412,1.344,1.398,1.0,1042254300.0,1439821773.0,腾讯日K/前复权日K,2026-08-07T20:33:10+08:00,20260926T093659
159915,创业板ETF易方达,SZSE,2014-03-21,1.401,1.456,1.346,1.382,1.401,1.456,1.346,1.382,1.0,996297500.0,1407954577.0,腾讯日K/前复权日K,2026-08-07T20:33:10+08:00,20260926T093659
159915,创业板ETF易方达,SZSE,2014-03-28,1.375,1.389,1.283,1.292,1.375,1.389,1.283,1.292,1.0,785273400.0,1063633398.0,腾讯日K/前复权日K,2026-08-07T20:33:10+08:00,20260926T093659
159915,创业板ETF易方达,SZSE,2014-04-04,1.293,1.327,1.28,1.314,1.293,1.327,1.28,1.314,1.0,930162500.0,1212107478.0,腾讯日K/前复权日K,2026-08-07T20:33:10+08:00,20260926T093659
159915,创业板ETF易方达,SZSE,2014-04-11,1.295,1.363,1.291,1.329,1.295,1.363,1.291,1.329,1.0,695967000.0,926706049.0,腾讯日K/前复权日K,2026-08-07T20:33:10+08:00,20260926T093659
159915,创业板ETF易方达,SZSE,2014-04-18,1.329,1.346,1.317,1.344,1.329,1.346,1.317,1.344,1.0,400804800.0,535673455.0,腾讯日K/前复权日K,2026-08-07T20:33:10+08:00,20260926T093659
159915,创业板ETF易方达,SZSE,2014-04-25,1.33,1.351,1.256,1.26,1.33,1.351,1.256,1.26,1.0,432136600.0,562627518.0,腾讯日K/前复权日K,2026-08-07T20:33:10+08:00,20260926T093659
159915,创业板ETF易方达,SZSE,2014-04-30,1.255,1.258,1.22,1.254,1.255,1.258,1.22,1.254,1.0,521802300.0,645878814.0,腾讯日K/前复权日K,2026-08-07T20:33:10+08:00,20260926T093659
159915,创业板ETF易方达,SZSE,2014-05-09,1.253,1.296,1.22,1.23,1.253,1.296,1.22,1.23,1.0,643386800.0,811854783.0,腾讯日K/前复权日K,2026-08-07T20:33:10+08:00,20260926T093659
159915,创业板ETF易方达,SZSE,2014-05-16,1.236,1.264,1.186,1.202,1.236,1.264,1.186,1.202,1.0,608345100.0,753534036.0,腾讯日K/前复权日K,2026-08-07T20:33:10+08:00,20260926T093659
159915,创业板ETF易方达,SZSE,2014-05-23,1.195,1.272,1.188,1.27,1.195,1.272,1.188,1.27,1.0,691512000.0,852622922.0,腾讯日K/前复权日K,2026-08-07T20:33:10+08:00,20260926T093659
159915,创业板ETF易方达,SZSE,2014-05-30,1.275,1.321,1.272,1.291,1.275,1.321,1.272,1.291,1.0,941053000.0,1214142142.0,腾讯日K/前复权日K,2026-08-07T20:33:10+08:00,20260926T093659
159915,创业板ETF易方达,SZSE,2014-06-06,1.291,1.335,1.275,1.321,1.291,1.335,1.275,1.321,1.0,857733700.0,1120254416.0,腾讯日K/前复权日K,2026-08-07T20:33:10+08:00,20260926T093659
159915,创业板ETF易方达,SZSE,2014-06-13,1.315,1.359,1.287,1.35,1.315,1.359,1.287,1.35,1.0,903347900.0,1199473501.0,腾讯日K/前复权日K,2026-08-07T20:33:10+08:00,20260926T093659
159915,创业板ETF易方达,SZSE,2014-06-20,1.352,1.368,1.281,1.305,1.352,1.368,1.281,1.305,1.0,938515700.0,1250293998.0,腾讯日K/前复权日K,2026-08-07T20:33:10+08:00,20260926T093659
159915,创业板ETF易方达,SZSE,2014-06-27,1.305,1.368,1.305,1.357,1.305,1.368,1.305,1.357,1.0,971020800.0,1303640618.0,腾讯日K/前复权日K,2026-08-07T20:33:10+08:00,20260926T093659
159915,创业板ETF易方达,SZSE,2014-07-04,1.357,1.398,1.343,1.381,1.357,1.398,1.343,1.381,1.0,778055200.0,1070419784.0,腾讯日K/前复权日K,2026-08-07T20:33:10+08:00,20260926T093659
159915,创业板ETF易方达,SZSE,2014-07-11,1.375,1.387,1.321,1.329,1.375,1.387,1.321,1.329,1.0,857848700.0,1165477305.0,腾讯日K/前复权日K,2026-08-07T20:33:10+08:00,20260926T093659
159915,创业板ETF易方达,SZSE,2014-07-18,1.329,1.338,1.273,1.279,1.329,1.338,1.273,1.279,1.0,919057900.0,1197063551.0,腾讯日K/前复权日K,2026-08-07T20:33:10+08:00,20260926T093659
159915,创业板ETF易方达,SZSE,2014-07-25,1.28,1.303,1.228,1.257,1.28,1.303,1.228,1.257,1.0,1089155800.0,1380679637.0,腾讯日K/前复权日K,2026-08-07T20:33:10+08:00,20260926T093659
159915,创业板ETF易方达,SZSE,2014-08-01,1.258,1.318,1.255,1.29,1.258,1.318,1.255,1.29,1.0,926236200.0,1202063121.0,腾讯日K/前复权日K,2026-08-07T20:33:10+08:00,20260926T093659
159915,创业板ETF易方达,SZSE,2014-08-08,1.285,1.351,1.285,1.347,1.285,1.351,1.285,1.347,1.0,1047028100.0,1388958001.0,腾讯日K/前复权日K,2026-08-07T20:33:10+08:00,20260926T093659
159915,创业板ETF易方达,SZSE,2014-08-15,1.348,1.371,1.336,1.36,1.348,1.371,1.336,1.36,1.0,545607400.0,740735449.0,腾讯日K/前复权日K,2026-08-07T20:33:10+08:00,20260926T093659
159915,创业板ETF易方达,SZSE,2014-08-22,1.36,1.435,1.36,1.429,1.36,1.435,1.36,1.429,1.0,735410000.0,1028729620.0,腾讯日K/前复权日K,2026-08-07T20:33:10+08:00,20260926T093659
159915,创业板ETF易方达,SZSE,2014-08-29,1.426,1.428,1.365,1.394,1.426,1.428,1.365,1.394,1.0,780411200.0,1085544825.0,腾讯日K/前复权日K,2026-08-07T20:33:10+08:00,20260926T093659
159915,创业板ETF易方达,SZSE,2014-09-05,1.395,1.466,1.395,1.46,1.395,1.466,1.395,1.46,1.0,607916900.0,870203846.0,腾讯日K/前复权日K,2026-08-07T20:33:10+08:00,20260926T093659
159915,创业板ETF易方达,SZSE,2014-09-12,1.453,1.493,1.438,1.483,1.453,1.493,1.438,1.483,1.0,611271000.0,896378954.0,腾讯日K/前复权日K,2026-08-07T20:33:10+08:00,20260926T093659
159915,创业板ETF易方达,SZSE,2014-09-19,1.478,1.49,1.418,1.46,1.478,1.49,1.418,1.46,1.0,715370800.0,1039980052.0,腾讯日K/前复权日K,2026-08-07T20:33:10+08:00,20260926T093659
159915,创业板ETF易方达,SZSE,2014-09-26,1.452,1.486,1.44,1.472,1.452,1.486,1.44,1.472,1.0,426811500.0,622817255.0,腾讯日K/前复权日K,2026-08-07T20:33:10+08:00,20260926T093659
159915,创业板ETF易方达,SZSE,2014-09-30,1.472,1.501,1.472,1.5,1.472,1.501,1.472,1.5,1.0,127383200.0,189376800.0,腾讯日K/前复权日K,2026-08-07T20:33:10+08:00,20260926T093659
159915,创业板ETF易方达,SZSE,2014-10-10,1.501,1.524,1.493,1.512,1.501,1.524,1.493,1.512,1.0,255212600.0,385224553.0,腾讯日K/前复权日K,2026-08-07T20:33:10+08:00,20260926T093659
159915,创业板ETF易方达,SZSE,2014-10-17,1.502,1.521,1.441,1.47,1.502,1.521,1.441,1.47,1.0,582898300.0,869505336.0,腾讯日K/前复权日K,2026-08-07T20:33:10+08:00,20260926T093659
159915,创业板ETF易方达,SZSE,2014-10-24,1.465,1.497,1.433,1.441,1.465,1.497,1.433,1.441,1.0,441386400.0,646746717.0,腾讯日K/前复权日K,2026-08-07T20:33:10+08:00,20260926T093659
159915,创业板ETF易方达,SZSE,2014-10-31,1.438,1.497,1.429,1.473,1.438,1.497,1.429,1.473,1.0,397929500.0,584869789.0,腾讯日K/前复权日K,2026-08-07T20:33:10+08:00,20260926T093659
159915,创业板ETF易方达,SZSE,2014-11-07,1.475,1.503,1.464,1.477,1.475,1.503,1.464,1.477,1.0,669862300.0,993906384.0,腾讯日K/前复权日K,2026-08-07T20:33:10+08:00,20260926T093659
159915,创业板ETF易方达,SZSE,2014-11-14,1.48,1.483,1.395,1.406,1.48,1.483,1.395,1.406,1.0,655544800.0,931650089.0,腾讯日K/前复权日K,2026-08-07T20:33:10+08:00,20260926T093659
159915,创业板ETF易方达,SZSE,2014-11-21,1.401,1.469,1.398,1.462,1.401,1.469,1.398,1.462,1.0,870296000.0,1257414260.0,腾讯日K/前复权日K,2026-08-07T20:33:10+08:00,20260926T093659
159915,创业板ETF易方达,SZSE,2014-11-28,1.483,1.537,1.452,1.524,1.483,1.537,1.452,1.524,1.0,566225700.0,849367834.0,腾讯日K/前复权日K,2026-08-07T20:33:10+08:00,20260926T093659
159915,创业板ETF易方达,SZSE,2014-12-05,1.52,1.586,1.486,1.529,1.52,1.586,1.486,1.529,1.0,1046268700.0,1612565991.0,腾讯日K/前复权日K,2026-08-07T20:33:10+08:00,20260926T093659
159915,创业板ETF易方达,SZSE,2014-12-12,1.522,1.577,1.455,1.569,1.522,1.577,1.455,1.569,1.0,1001072700.0,1534512684.0,腾讯日K/前复权日K,2026-08-07T20:33:10+08:00,20260926T093659
159915,创业板ETF易方达,SZSE,2014-12-19,1.572,1.617,1.518,1.541,1.572,1.617,1.518,1.541,1.0,1017387700.0,1613788289.0,腾讯日K/前复权日K,2026-08-07T20:33:10+08:00,20260926T093659
159915,创业板ETF易方达,SZSE,2014-12-26,1.534,1.534,1.445,1.488,1.534,1.534,1.445,1.488,1.0,857591300.0,1265810911.0,腾讯日K/前复权日K,2026-08-07T20:33:10+08:00,20260926T093659
159915,创业板ETF易方达,SZSE,2014-12-31,1.489,1.489,1.411,1.43,1.489,1.489,1.411,1.43,1.0,351770000.0,504985887.0,腾讯日K/前复权日K,2026-08-07T20:33:10+08:00,20260926T093659
159915,创业板ETF易方达,SZSE,2015-01-09,1.424,1.536,1.393,1.503,1.424,1.536,1.393,1.503,1.0,2097927100.0,3106173984.0,腾讯日K/前复权日K,2026-08-07T20:33:10+08:00,20260926T093659
159915,创业板ETF易方达,SZSE,2015-01-16,1.495,1.596,1.475,1.592,1.495,1.596,1.475,1.592,1.0,1132233500.0,1746651493.0,腾讯日K/前复权日K,2026-08-07T20:33:10+08:00,20260926T093659
159915,创业板ETF易方达,SZSE,2015-01-23,1.576,1.686,1.548,1.638,1.576,1.686,1.548,1.638,1.0,2160029800.0,3514235088.0,腾讯日K/前复权日K,2026-08-07T20:33:10+08:00,20260926T093659
159915,创业板ETF易方达,SZSE,2015-01-30,1.639,1.7,1.614,1.623,1.639,1.7,1.614,1.623,1.0,1087240800.0,1818388587.0,腾讯日K/前复权日K,2026-08-07T20:33:10+08:00,20260926T093659
159915,创业板ETF易方达,SZSE,2015-02-06,1.609,1.746,1.604,1.661,1.609,1.746,1.604,1.661,1.0,1295373000.0,2184940272.0,腾讯日K/前复权日K,2026-08-07T20:33:10+08:00,20260926T093659
159915,创业板ETF易方达,SZSE,2015-02-13,1.661,1.763,1.638,1.761,1.661,1.763,1.638,1.761,1.0,1181098200.0,2017148016.0,腾讯日K/前复权日K,2026-08-07T20:33:10+08:00,20260926T093659
159915,创业板ETF易方达,SZSE,2015-02-17,1.767,1.839,1.766,1.82,1.767,1.839,1.766,1.82,1.0,508595200.0,920571168.0,腾讯日K/前复权日K,2026-08-07T20:33:10+08:00,20260926T093659
159915,创业板ETF易方达,SZSE,2015-02-27,1.825,1.863,1.78,1.863,1.825,1.863,1.78,1.863,1.0,816928100.0,1491393648.0,腾讯日K/前复权日K,2026-08-07T20:33:10+08:00,20260926T093659
159915,创业板ETF易方达,SZSE,2015-03-06,1.868,1.958,1.863,1.88,1.868,1.958,1.863,1.88,1.0,1830610400.0,3498392064.0,腾讯日K/前复权日K,2026-08-07T20:33:10+08:00,20260926T093659
159915,创业板ETF易方达,SZSE,2015-03-13,1.855,1.996,1.855,1.992,1.855,1.996,1.855,1.992,1.0,1917811700.0,3725662912.0,腾讯日K/前复权日K,2026-08-07T20:33:10+08:00,20260926T093659
159915,创业板ETF易方达,SZSE,2015-03-20,2.005,2.145,2.001,2.126,2.005,2.145,2.001,2.126,1.0,2091687000.0,4349314352.0,腾讯日K/前复权日K,2026-08-07T20:33:10+08:00,20260926T093659
159915,创业板ETF易方达,SZSE,2015-03-27,2.13,2.311,2.126,2.228,2.13,2.311,2.126,2.228,1.0,2963079019.0,6581751856.0,腾讯日K/前复权日K,2026-08-07T20:33:10+08:00,20260926T093659
159915,创业板ETF易方达,SZSE,2015-04-03,2.21,2.406,2.165,2.391,2.21,2.406,2.165,2.391,1.0,2635234700.0,6038256864.0,腾讯日K/前复权日K,2026-08-07T20:33:10+08:00,20260926T093659
159915,创业板ETF易方达,SZSE,2015-04-10,2.402,2.48,2.24,2.424,2.402,2.48,2.24,2.424,1.0,2205030600.0,5233231616.0,腾讯日K/前复权日K,2026-08-07T20:33:10+08:00,20260926T093659
159915,创业板ETF易方达,SZSE,2015-04-17,2.435,2.476,2.304,2.368,2.435,2.476,2.304,2.368,1.0,2232791500.0,5368550208.0,腾讯日K/前复权日K,2026-08-07T20:33:10+08:00,20260926T093659
159915,创业板ETF易方达,SZSE,2015-04-24,2.355,2.652,2.305,2.645,2.355,2.652,2.305,2.645,1.0,2347397600.0,5850865392.0,腾讯日K/前复权日K,2026-08-07T20:33:10+08:00,20260926T093659
159915,创业板ETF易方达,SZSE,2015-04-30,2.67,2.81,2.555,2.748,2.67,2.81,2.555,2.748,1.0,1971512600.0,5280283856.0,腾讯日K/前复权日K,2026-08-07T20:33:10+08:00,20260926T093659
159915,创业板ETF易方达,SZSE,2015-05-08,2.758,2.91,2.641,2.894,2.758,2.91,2.641,2.894,1.0,3161475600.0,8668199440.0,腾讯日K/前复权日K,2026-08-07T20:33:10+08:00,20260926T093659
159915,创业板ETF易方达,SZSE,2015-05-15,2.908,3.147,2.866,3.016,2.908,3.147,2.866,3.016,1.0,3811100100.0,11518089200.0,腾讯日K/前复权日K,2026-08-07T20:33:10+08:00,20260926T093659
159915,创业板ETF易方达,SZSE,2015-05-22,3.043,3.499,3.043,3.382,3.043,3.499,3.043,3.382,1.0,3409186900.0,11104025264.0,腾讯日K/前复权日K,2026-08-07T20:33:10+08:00,20260926T093659
159915,创业板ETF易方达,SZSE,2015-05-29,3.271,3.508,3.158,3.384,3.271,3.508,3.158,3.384,1.0,4240537600.0,14314450160.0,腾讯日K/前复权日K,2026-08-07T20:33:10+08:00,20260926T093659
159915,创业板ETF易方达,SZSE,2015-06-05,3.398,3.845,3.398,3.703,3.398,3.845,3.398,3.703,1.0,4631752100.0,17095310560.0,腾讯日K/前复权日K,2026-08-07T20:33:10+08:00,20260926T093659
159915,创业板ETF易方达,SZSE,2015-06-12,3.65,3.729,3.418,3.704,3.65,3.729,3.418,3.704,1.0,3925158100.0,14136097296.0,腾讯日K/前复权日K,2026-08-07T20:33:10+08:00,20260926T093659
159915,创业板ETF易方达,SZSE,2015-06-19,3.712,3.725,3.142,3.15,3.712,3.725,3.142,3.15,1.0,3977905600.0,13629842912.0,腾讯日K/前复权日K,2026-08-07T20:33:10+08:00,20260926T093659
159915,创业板ETF易方达,SZSE,2015-06-26,3.15,3.302,2.727,2.767,3.15,3.302,2.727,2.767,1.0,2440768500.0,7558395824.0,腾讯日K/前复权日K,2026-08-07T20:33:10+08:00,20260926T093659
159915,创业板ETF易方达,SZSE,2015-07-03,2.76,2.843,2.25,2.457,2.76,2.843,2.25,2.457,1.0,3627038400.0,9388960560.0,腾讯日K/前复权日K,2026-08-07T20:33:10+08:00,20260926T093659
159915,创业板ETF易方达,SZSE,2015-07-10,2.7,2.7,1.887,2.298,2.7,2.7,1.887,2.298,1.0,1480103500.0,3268511966.0,腾讯日K/前复权日K,2026-08-07T20:33:10+08:00,20260926T093659
159915,创业板ETF易方达,SZSE,2015-07-17,2.524,2.781,2.261,2.688,2.524,2.781,2.261,2.688,1.0,2000436800.0,5095087552.0,腾讯日K/前复权日K,2026-08-07T20:33:10+08:00,20260926T093659
159915,创业板ETF易方达,SZSE,2015-07-24,2.67,2.858,2.62,2.74,2.67,2.858,2.62,2.74,1.0,3746119400.0,10279044224.0,腾讯日K/前复权日K,2026-08-07T20:33:10+08:00,20260926T093659
159915,创业板ETF易方达,SZSE,2015-07-31,2.67,2.759,2.253,2.368,2.67,2.759,2.253,2.368,1.0,3323149300.0,8312574272.0,腾讯日K/前复权日K,2026-08-07T20:33:10+08:00,20260926T093659
159915,创业板ETF易方达,SZSE,2015-08-07,2.325,2.46,2.221,2.459,2.325,2.46,2.221,2.459,1.0,1273139700.0,3000265280.0,腾讯日K/前复权日K,2026-08-07T20:33:10+08:00,20260926T093659
159915,创业板ETF易方达,SZSE,2015-08-14,2.475,2.645,2.442,2.525,2.475,2.645,2.442,2.525,1.0,1836341100.0,4674159136.0,腾讯日K/前复权日K,2026-08-07T20:33:10+08:00,20260926T093659
159915,创业板ETF易方达,SZSE,2015-08-21,2.52,2.585,2.22,2.226,2.52,2.585,2.22,2.226,1.0,1845916800.0,4471607616.0,腾讯日K/前复权日K,2026-08-07T20:33:10+08:00,20260926T093659
159915,创业板ETF易方达,SZSE,2015-08-28,2.112,2.124,1.702,1.941,2.112,2.124,1.702,1.941,1.0,1209224300.0,2263494912.0,腾讯日K/前复权日K,2026-08-07T20:33:10+08:00,20260926T093659
159915,创业板ETF易方达,SZSE,2015-09-02,1.901,1.909,1.638,1.69,1.901,1.909,1.638,1.69,1.0,545610700.0,975585936.0,腾讯日K/前复权日K,2026-08-07T20:33:10+08:00,20260926T093659
159915,创业板ETF易方达,SZSE,2015-09-11,1.741,1.975,1.723,1.922,1.741,1.975,1.723,1.922,1.0,1518716900.0,2850615872.0,腾讯日K/前复权日K,2026-08-07T20:33:10+08:00,20260926T093659
159915,创业板ETF易方达,SZSE,2015-09-18,1.926,1.937,1.621,1.825,1.926,1.937,1.621,1.825,1.0,1157390900.0,2043355024.0,腾讯日K/前复权日K,2026-08-07T20:33:10+08:00,20260926T093659
159915,创业板ETF易方达,SZSE,2015-09-25,1.796,2.004,1.77,1.845,1.796,2.004,1.77,1.845,1.0,1338355900.0,2563860144.0,腾讯日K/前复权日K,2026-08-07T20:33:10+08:00,20260926T093659
159915,创业板ETF易方达,SZSE,2015-09-30,1.849,1.983,1.81,1.935,1.849,1.983,1.81,1.935,1.0,570969800.0,1102822464.0,腾讯日K/前复权日K,2026-08-07T20:33:10+08:00,20260926T093659
159915,创业板ETF易方达,SZSE,2015-10-09,2.035,2.121,1.993,2.103,2.035,2.121,1.993,2.103,1.0,410151300.0,846648064.0,腾讯日K/前复权日K,2026-08-07T20:33:10+08:00,20260926T093659
159915,创业板ETF易方达,SZSE,2015-10-16,2.113,2.34,2.103,2.329,2.113,2.34,2.103,2.329,1.0,1356219900.0,3029190592.0,腾讯日K/前复权日K,2026-08-07T20:33:10+08:00,20260926T093659
159915,创业板ETF易方达,SZSE,2015-10-23,2.328,2.437,2.215,2.427,2.328,2.437,2.215,2.427,1.0,1715588000.0,3977132480.0,腾讯日K/前复权日K,2026-08-07T20:33:10+08:00,20260926T093659
159915,创业板ETF易方达,SZSE,2015-10-30,2.443,2.474,2.296,2.349,2.443,2.474,2.296,2.349,1.0,1495514500.0,3557807456.0,腾讯日K/前复权日K,2026-08-07T20:33:10+08:00,20260926T093659
159915,创业板ETF易方达,SZSE,2015-11-06,2.273,2.558,2.273,2.548,2.273,2.558,2.273,2.548,1.0,1540402500.0,3727949552.0,腾讯日K/前复权日K,2026-08-07T20:33:10+08:00,20260926T093659
159915,创业板ETF易方达,SZSE,2015-11-13,2.521,2.688,2.478,2.58,2.521,2.688,2.478,2.58,1.0,1425838100.0,3712598864.0,腾讯日K/前复权日K,2026-08-07T20:33:10+08:00,20260926T093659
159915,创业板ETF易方达,SZSE,2015-11-20,2.523,2.699,2.511,2.645,2.523,2.699,2.511,2.645,1.0,1592369700.0,4137833296.0,腾讯日K/前复权日K,2026-08-07T20:33:10+08:00,20260926T093659
159915,创业板ETF易方达,SZSE,2015-11-27,2.628,2.755,2.471,2.496,2.628,2.755,2.471,2.496,1.0,1755050500.0,4655951680.0,腾讯日K/前复权日K,2026-08-07T20:33:10+08:00,20260926T093659
159915,创业板ETF易方达,SZSE,2015-12-04,2.505,2.585,2.369,2.53,2.505,2.585,2.369,2.53,1.0,1814179500.0,4528133024.0,腾讯日K/前复权日K,2026-08-07T20:33:10+08:00,20260926T093659
159915,创业板ETF易方达,SZSE,2015-12-11,2.534,2.591,2.493,2.51,2.534,2.591,2.493,2.51,1.0,1208803100.0,3066230352.0,腾讯日K/前复权日K,2026-08-07T20:33:10+08:00,20260926T093659
159915,创业板ETF易方达,SZSE,2015-12-18,2.489,2.675,2.463,2.668,2.489,2.675,2.463,2.668,1.0,1250225800.0,3245903376.0,腾讯日K/前复权日K,2026-08-07T20:33:10+08:00,20260926T093659
159915,创业板ETF易方达,SZSE,2015-12-25,2.654,2.679,2.565,2.62,2.654,2.679,2.565,2.62,1.0,1125118600.0,2961648480.0,腾讯日K/前复权日K,2026-08-07T20:33:10+08:00,20260926T093659
159915,创业板ETF易方达,SZSE,2015-12-31,2.623,2.643,2.539,2.539,2.623,2.643,2.539,2.539,1.0,670627100.0,1732112496.0,腾讯日K/前复权日K,2026-08-07T20:33:10+08:00,20260926T093659
159915,创业板ETF易方达,SZSE,2016-01-08,2.531,2.538,2.03,2.125,2.531,2.538,2.03,2.125,1.0,1453977800.0,3277096128.0,腾讯日K/前复权日K,2026-08-07T20:33:10+08:00,20260926T093659
159915,创业板ETF易方达,SZSE,2016-01-15,2.067,2.109,1.885,1.997,2.067,2.109,1.885,1.997,1.0,1410128200.0,2863820704.0,腾讯日K/前复权日K,2026-08-07T20:33:10+08:00,20260926T093659
159915,创业板ETF易方达,SZSE,2016-01-22,1.966,2.129,1.964,2.042,1.966,2.129,1.964,2.042,1.0,1559252500.0,3222371696.0,腾讯日K/前复权日K,2026-08-07T20:33:10+08:00,20260926T093659
159915,创业板ETF易方达,SZSE,2016-01-29,2.055,2.07,1.794,1.879,2.055,2.07,1.794,1.879,1.0,1568481600.0,2988769184.0,腾讯日K/前复权日K,2026-08-07T20:33:10+08:00,20260926T093659
159915,创业板ETF易方达,SZSE,2016-02-05,1.875,2.037,1.85,1.999,1.875,2.037,1.85,1.999,1.0,1869717800.0,3703167248.0,腾讯日K/前复权日K,2026-08-07T20:33:10+08:00,20260926T093659
159915,创业板ETF易方达,SZSE,2016-02-19,1.933,2.135,1.921,2.106,1.933,2.135,1.921,2.106,1.0,2267351300.0,4704025664.0,腾讯日K/前复权日K,2026-08-07T20:33:10+08:00,20260926T093659
159915,创业板ETF易方达,SZSE,2016-02-26,2.134,2.145,1.872,1.902,2.134,2.145,1.872,1.902,1.0,2665571300.0,5421406848.0,腾讯日K/前复权日K,2026-08-07T20:33:10+08:00,20260926T093659
159915,创业板ETF易方达,SZSE,2016-03-04,1.886,1.959,1.736,1.81,1.886,1.959,1.736,1.81,1.0,2743730600.0,5083552144.0,腾讯日K/前复权日K,2026-08-07T20:33:10+08:00,20260926T093659
159915,创业板ETF易方达,SZSE,2016-03-11,1.84,1.911,1.761,1.834,1.84,1.911,1.761,1.834,1.0,2863154100.0,5299222032.0,腾讯日K/前复权日K,2026-08-07T20:33:10+08:00,20260926T093659
159915,创业板ETF易方达,SZSE,2016-03-18,1.86,2.095,1.858,2.076,1.86,2.095,1.858,2.076,1.0,3886404500.0,7594310448.0,腾讯日K/前复权日K,2026-08-07T20:33:10+08:00,20260926T093659
159915,创业板ETF易方达,SZSE,2016-03-25,2.1,2.16,2.067,2.099,2.1,2.16,2.067,2.099,1.0,3387803300.0,7156636992.0,腾讯日K/前复权日K,2026-08-07T20:33:10+08:00,20260926T093659
159915,创业板ETF易方达,SZSE,2016-04-01,2.117,2.158,2.01,2.097,2.117,2.158,2.01,2.097,1.0,2745599500.0,5748091152.0,腾讯日K/前复权日K,2026-08-07T20:33:10+08:00,20260926T093659
159915,创业板ETF易方达,SZSE,2016-04-08,2.093,2.205,2.084,2.125,2.093,2.205,2.084,2.125,1.0,2226014300.0,4789851904.0,腾讯日K/前复权日K,2026-08-07T20:33:10+08:00,20260926T093659
159915,创业板ETF易方达,SZSE,2016-04-15,2.148,2.221,2.129,2.195,2.148,2.221,2.129,2.195,1.0,2448561300.0,5349524368.0,腾讯日K/前复权日K,2026-08-07T20:33:10+08:00,20260926T093659
159915,创业板ETF易方达,SZSE,2016-04-22,2.176,2.178,1.983,2.038,2.176,2.178,1.983,2.038,1.0,2542654000.0,5310635856.0,腾讯日K/前复权日K,2026-08-07T20:33:10+08:00,20260926T093659
159915,创业板ETF易方达,SZSE,2016-04-29,2.027,2.068,1.98,2.033,2.027,2.068,1.98,2.033,1.0,1485839100.0,3020021424.0,腾讯日K/前复权日K,2026-08-07T20:33:10+08:00,20260926T093659
159915,创业板ETF易方达,SZSE,2016-05-06,2.036,2.127,2.018,2.018,2.036,2.127,2.018,2.018,1.0,2008818500.0,4199000880.0,腾讯日K/前复权日K,2026-08-07T20:33:10+08:00,20260926T093659
159915,创业板ETF易方达,SZSE,2016-05-13,2.002,2.002,1.879,1.92,2.002,2.002,1.879,1.92,1.0,1758069600.0,3421151312.0,腾讯日K/前复权日K,2026-08-07T20:33:10+08:00,20260926T093659
159915,创业板ETF易方达,SZSE,2016-05-20,1.914,2.002,1.902,1.961,1.914,2.002,1.902,1.961,1.0,1777258200.0,3461819264.0,腾讯日K/前复权日K,2026-08-07T20:33:10+08:00,20260926T093659
159915,创业板ETF易方达,SZSE,2016-05-27,1.967,2.01,1.92,1.968,1.967,2.01,1.92,1.968,1.0,1772517200.0,3499383136.0,腾讯日K/前复权日K,2026-08-07T20:33:10+08:00,20260926T093659
159915,创业板ETF易方达,SZSE,2016-06-03,1.964,2.136,1.934,2.109,1.964,2.136,1.934,2.109,1.0,2028807000.0,4173254000.0,腾讯日K/前复权日K,2026-08-07T20:33:10+08:00,20260926T093659
159915,创业板ETF易方达,SZSE,2016-06-08,2.109,2.119,2.072,2.092,2.109,2.119,2.072,2.092,1.0,893433700.0,1870635440.0,腾讯日K/前复权日K,2026-08-07T20:33:10+08:00,20260926T093659
159915,创业板ETF易方达,SZSE,2016-06-17,2.065,2.072,1.947,2.034,2.065,2.072,1.947,2.034,1.0,2124114800.0,4285100848.0,腾讯日K/前复权日K,2026-08-07T20:33:10+08:00,20260926T093659
159915,创业板ETF易方达,SZSE,2016-06-24,2.033,2.07,1.979,2.043,2.033,2.07,1.979,2.043,1.0,2172901300.0,4422559392.0,腾讯日K/前复权日K,2026-08-07T20:33:10+08:00,20260926T093659
159915,创业板ETF易方达,SZSE,2016-07-01,2.03,2.149,2.025,2.116,2.03,2.149,2.025,2.116,1.0,2040660900.0,4305385872.0,腾讯日K/前复权日K,2026-08-07T20:33:10+08:00,20260926T093659
159915,创业板ETF易方达,SZSE,2016-07-08,2.103,2.164,2.101,2.145,2.103,2.164,2.101,2.145,1.0,1401002600.0,3003385616.0,腾讯日K/前复权日K,2026-08-07T20:33:10+08:00,20260926T093659
159915,创业板ETF易方达,SZSE,2016-07-15,2.147,2.201,2.092,2.164,2.147,2.201,2.092,2.164,1.0,1624708900.0,3512481056.0,腾讯日K/前复权日K,2026-08-07T20:33:10+08:00,20260926T093659
159915,创业板ETF易方达,SZSE,2016-07-22,2.162,2.189,2.136,2.154,2.162,2.189,2.136,2.154,1.0,1442295600.0,3119188304.0,腾讯日K/前复权日K,2026-08-07T20:33:10+08:00,20260926T093659
159915,创业板ETF易方达,SZSE,2016-07-29,2.147,2.185,2.017,2.031,2.147,2.185,2.017,2.031,1.0,1681430000.0,3516588160.0,腾讯日K/前复权日K,2026-08-07T20:33:10+08:00,20260926T093659
159915,创业板ETF易方达,SZSE,2016-08-05,2.024,2.044,1.981,2.022,2.024,2.044,1.981,2.022,1.0,1119131000.0,2254989552.0,腾讯日K/前复权日K,2026-08-07T20:33:10+08:00,20260926T093659
159915,创业板ETF易方达,SZSE,2016-08-12,2.019,2.071,1.996,2.035,2.019,2.071,1.996,2.035,1.0,1084960400.0,2211365824.0,腾讯日K/前复权日K,2026-08-07T20:33:10+08:00,20260926T093659
159915,创业板ETF易方达,SZSE,2016-08-19,2.035,2.122,2.02,2.112,2.035,2.122,2.02,2.112,1.0,1442552400.0,3025176688.0,腾讯日K/前复权日K,2026-08-07T20:33:10+08:00,20260926T093659
159915,创业板ETF易方达,SZSE,2016-08-26,2.112,2.119,2.058,2.095,2.112,2.119,2.058,2.095,1.0,1118366300.0,2337484352.0,腾讯日K/前复权日K,2026-08-07T20:33:10+08:00,20260926T093659
159915,创业板ETF易方达,SZSE,2016-09-02,2.089,2.116,2.068,2.081,2.089,2.116,2.068,2.081,1.0,707593500.0,1482806628.0,腾讯日K/前复权日K,2026-08-07T20:33:10+08:00,20260926T093659
159915,创业板ETF易方达,SZSE,2016-09-09,2.081,2.135,2.069,2.109,2.081,2.135,2.069,2.109,1.0,990306400.0,2093756157.0,腾讯日K/前复权日K,2026-08-07T20:33:10+08:00,20260926T093659
159915,创业板ETF易方达,SZSE,2016-09-14,2.075,2.087,2.04,2.051,2.075,2.087,2.04,2.051,1.0,641926300.0,1324377232.0,腾讯日K/前复权日K,2026-08-07T20:33:10+08:00,20260926T093659
159915,创业板ETF易方达,SZSE,2016-09-23,2.054,2.085,2.054,2.065,2.054,2.085,2.054,2.065,1.0,419733600.0,869625255.0,腾讯日K/前复权日K,2026-08-07T20:33:10+08:00,20260926T093659
159915,创业板ETF易方达,SZSE,2016-09-30,2.061,2.07,2.025,2.062,2.061,2.07,2.025,2.062,1.0,570952000.0,1169234370.0,腾讯日K/前复权日K,2026-08-07T20:33:10+08:00,20260926T093659
159915,创业板ETF易方达,SZSE,2016-10-14,2.071,2.125,2.068,2.104,2.071,2.125,2.068,2.104,1.0,569516000.0,1200703210.0,腾讯日K/前复权日K,2026-08-07T20:33:10+08:00,20260926T093659
159915,创业板ETF易方达,SZSE,2016-10-21,2.104,2.11,2.068,2.09,2.104,2.11,2.068,2.09,1.0,557096900.0,1166885726.0,腾讯日K/前复权日K,2026-08-07T20:33:10+08:00,20260926T093659
159915,创业板ETF易方达,SZSE,2016-10-28,2.09,2.117,2.071,2.071,2.09,2.117,2.071,2.071,1.0,654768100.0,1374245646.0,腾讯日K/前复权日K,2026-08-07T20:33:10+08:00,20260926T093659
159915,创业板ETF易方达,SZSE,2016-11-04,2.07,2.087,2.045,2.056,2.07,2.087,2.045,2.056,1.0,770855600.0,1592707864.0,腾讯日K/前复权日K,2026-08-07T20:33:10+08:00,20260926T093659
159915,创业板ETF易方达,SZSE,2016-11-11,2.054,2.068,2.012,2.06,2.054,2.068,2.012,2.06,1.0,792681800.0,1625679149.0,腾讯日K/前复权日K,2026-08-07T20:33:10+08:00,20260926T093659
159915,创业板ETF易方达,SZSE,2016-11-18,2.057,2.118,2.057,2.07,2.057,2.118,2.057,2.07,1.0,893245300.0,1861697487.0,腾讯日K/前复权日K,2026-08-07T20:33:10+08:00,20260926T093659
159915,创业板ETF易方达,SZSE,2016-11-25,2.065,2.1,2.03,2.076,2.065,2.1,2.03,2.076,1.0,935054400.0,1936617090.0,腾讯日K/前复权日K,2026-08-07T20:33:10+08:00,20260926T093659
159915,创业板ETF易方达,SZSE,2016-12-02,2.079,2.11,2.055,2.055,2.079,2.11,2.055,2.055,1.0,1027402000.0,2139284688.0,腾讯日K/前复权日K,2026-08-07T20:33:10+08:00,20260926T093659
159915,创业板ETF易方达,SZSE,2016-12-09,2.045,2.071,2.011,2.013,2.045,2.071,2.011,2.013,1.0,718190200.0,1465226172.0,腾讯日K/前复权日K,2026-08-07T20:33:10+08:00,20260926T093659
159915,创业板ETF易方达,SZSE,2016-12-16,2.01,2.011,1.873,1.908,2.01,2.011,1.873,1.908,1.0,1070067300.0,2048492048.0,腾讯日K/前复权日K,2026-08-07T20:33:10+08:00,20260926T093659
159915,创业板ETF易方达,SZSE,2016-12-23,1.907,1.912,1.874,1.874,1.907,1.912,1.874,1.874,1.0,362468700.0,687902723.0,腾讯日K/前复权日K,2026-08-07T20:33:10+08:00,20260926T093659
159915,创业板ETF易方达,SZSE,2016-12-30,1.869,1.892,1.848,1.881,1.869,1.892,1.848,1.881,1.0,404236400.0,758146153.0,腾讯日K/前复权日K,2026-08-07T20:33:10+08:00,20260926T093659
159915,创业板ETF易方达,SZSE,2017-01-06,1.882,1.909,1.876,1.886,1.882,1.909,1.876,1.886,1.0,328363100.0,621886170.0,腾讯日K/前复权日K,2026-08-07T20:33:10+08:00,20260926T093659
159915,创业板ETF易方达,SZSE,2017-01-13,1.883,1.889,1.816,1.82,1.883,1.889,1.816,1.82,1.0,423588300.0,787208205.0,腾讯日K/前复权日K,2026-08-07T20:33:10+08:00,20260926T093659
159915,创业板ETF易方达,SZSE,2017-01-20,1.82,1.82,1.711,1.801,1.82,1.82,1.711,1.801,1.0,997411400.0,1772858317.0,腾讯日K/前复权日K,2026-08-07T20:33:10+08:00,20260926T093659
159915,创业板ETF易方达,SZSE,2017-01-26,1.798,1.818,1.777,1.804,1.798,1.818,1.777,1.804,1.0,223941300.0,402910808.0,腾讯日K/前复权日K,2026-08-07T20:33:10+08:00,20260926T093659
159915,创业板ETF易方达,SZSE,2017-02-03,1.806,1.809,1.794,1.802,1.806,1.809,1.794,1.802,1.0,41205100.0,74180664.0,腾讯日K/前复权日K,2026-08-07T20:33:10+08:00,20260926T093659
159915,创业板ETF易方达,SZSE,2017-02-10,1.799,1.84,1.796,1.824,1.799,1.84,1.796,1.824,1.0,431382200.0,784842293.0,腾讯日K/前复权日K,2026-08-07T20:33:10+08:00,20260926T093659
159915,创业板ETF易方达,SZSE,2017-02-17,1.82,1.842,1.8,1.801,1.82,1.842,1.8,1.801,1.0,401968200.0,733062631.0,腾讯日K/前复权日K,2026-08-07T20:33:10+08:00,20260926T093659
159915,创业板ETF易方达,SZSE,2017-02-24,1.804,1.859,1.798,1.859,1.804,1.859,1.798,1.859,1.0,532179500.0,975934383.0,腾讯日K/前复权日K,2026-08-07T20:33:10+08:00,20260926T093659
159915,创业板ETF易方达,SZSE,2017-03-03,1.859,1.864,1.829,1.849,1.859,1.864,1.829,1.849,1.0,390075800.0,720846504.0,腾讯日K/前复权日K,2026-08-07T20:33:10+08:00,20260926T093659
159915,创业板ETF易方达,SZSE,2017-03-10,1.848,1.896,1.847,1.868,1.848,1.896,1.847,1.868,1.0,477176800.0,896431009.0,腾讯日K/前复权日K,2026-08-07T20:33:10+08:00,20260926T093659
159915,创业板ETF易方达,SZSE,2017-03-17,1.864,1.9,1.857,1.862,1.864,1.9,1.857,1.862,1.0,495161800.0,930448773.0,腾讯日K/前复权日K,2026-08-07T20:33:10+08:00,20260926T093659
159915,创业板ETF易方达,SZSE,2017-03-24,1.863,1.884,1.85,1.882,1.863,1.884,1.85,1.882,1.0,539491200.0,1006896363.0,腾讯日K/前复权日K,2026-08-07T20:33:10+08:00,20260926T093659
159915,创业板ETF易方达,SZSE,2017-03-31,1.878,1.885,1.811,1.826,1.878,1.885,1.811,1.826,1.0,446742800.0,822891913.0,腾讯日K/前复权日K,2026-08-07T20:33:10+08:00,20260926T093659
159915,创业板ETF易方达,SZSE,2017-04-07,1.831,1.871,1.831,1.865,1.831,1.871,1.831,1.865,1.0,170830600.0,317334720.0,腾讯日K/前复权日K,2026-08-07T20:33:10+08:00,20260926T093659
159915,创业板ETF易方达,SZSE,2017-04-14,1.865,1.865,1.808,1.81,1.865,1.865,1.808,1.81,1.0,373228700.0,681692021.0,腾讯日K/前复权日K,2026-08-07T20:33:10+08:00,20260926T093659
159915,创业板ETF易方达,SZSE,2017-04-21,1.806,1.809,1.738,1.761,1.806,1.809,1.738,1.761,1.0,551678000.0,978820364.0,腾讯日K/前复权日K,2026-08-07T20:33:10+08:00,20260926T093659
159915,创业板ETF易方达,SZSE,2017-04-28,1.759,1.779,1.721,1.777,1.759,1.779,1.721,1.777,1.0,484987100.0,847074293.0,腾讯日K/前复权日K,2026-08-07T20:33:10+08:00,20260926T093659
159915,创业板ETF易方达,SZSE,2017-05-05,1.775,1.781,1.743,1.743,1.775,1.781,1.743,1.743,1.0,365111000.0,643571227.0,腾讯日K/前复权日K,2026-08-07T20:33:10+08:00,20260926T093659
159915,创业板ETF易方达,SZSE,2017-05-12,1.735,1.75,1.657,1.698,1.735,1.75,1.657,1.698,1.0,1127863700.0,1922481232.0,腾讯日K/前复权日K,2026-08-07T20:33:10+08:00,20260926T093659
159915,创业板ETF易方达,SZSE,2017-05-19,1.701,1.759,1.69,1.725,1.701,1.759,1.69,1.725,1.0,671690500.0,1161407168.0,腾讯日K/前复权日K,2026-08-07T20:33:10+08:00,20260926T093659
159915,创业板ETF易方达,SZSE,2017-05-26,1.723,1.738,1.658,1.689,1.723,1.738,1.658,1.689,1.0,1292243900.0,2190366775.0,腾讯日K/前复权日K,2026-08-07T20:33:10+08:00,20260926T093659
159915,创业板ETF易方达,SZSE,2017-06-02,1.719,1.719,1.643,1.678,1.719,1.719,1.643,1.678,1.0,836015100.0,1405267488.0,腾讯日K/前复权日K,2026-08-07T20:33:10+08:00,20260926T093659
159915,创业板ETF易方达,SZSE,2017-06-09,1.681,1.733,1.68,1.725,1.681,1.733,1.68,1.725,1.0,1001970500.0,1712120064.0,腾讯日K/前复权日K,2026-08-07T20:33:10+08:00,20260926T093659
159915,创业板ETF易方达,SZSE,2017-06-16,1.715,1.753,1.699,1.739,1.715,1.753,1.699,1.739,1.0,979350000.0,1692377360.0,腾讯日K/前复权日K,2026-08-07T20:33:10+08:00,20260926T093659
159915,创业板ETF易方达,SZSE,2017-06-23,1.737,1.763,1.706,1.737,1.737,1.763,1.706,1.737,1.0,699419000.0,1217481885.0,腾讯日K/前复权日K,2026-08-07T20:33:10+08:00,20260926T093659
159915,创业板ETF易方达,SZSE,2017-06-30,1.734,1.758,1.725,1.748,1.734,1.758,1.725,1.748,1.0,614557900.0,1070135186.0,腾讯日K/前复权日K,2026-08-07T20:33:10+08:00,20260926T093659
159915,创业板ETF易方达,SZSE,2017-07-07,1.747,1.766,1.743,1.75,1.747,1.766,1.743,1.75,1.0,588246400.0,1031859408.0,腾讯日K/前复权日K,2026-08-07T20:33:10+08:00,20260926T093659
159915,创业板ETF易方达,SZSE,2017-07-14,1.745,1.745,1.661,1.662,1.745,1.745,1.661,1.662,1.0,806362900.0,1367264288.0,腾讯日K/前复权日K,2026-08-07T20:33:10+08:00,20260926T093659
159915,创业板ETF易方达,SZSE,2017-07-21,1.647,1.648,1.554,1.591,1.647,1.648,1.554,1.591,1.0,977135600.0,1555983451.0,腾讯日K/前复权日K,2026-08-07T20:33:10+08:00,20260926T093659
159915,创业板ETF易方达,SZSE,2017-07-28,1.589,1.665,1.582,1.647,1.589,1.665,1.582,1.647,1.0,730092800.0,1186896918.0,腾讯日K/前复权日K,2026-08-07T20:33:10+08:00,20260926T093659
159915,创业板ETF易方达,SZSE,2017-08-04,1.645,1.672,1.63,1.636,1.645,1.672,1.63,1.636,1.0,660342900.0,1088763769.0,腾讯日K/前复权日K,2026-08-07T20:33:10+08:00,20260926T093659
159915,创业板ETF易方达,SZSE,2017-08-11,1.636,1.69,1.635,1.659,1.636,1.69,1.635,1.659,1.0,749031300.0,1249506045.0,腾讯日K/前复权日K,2026-08-07T20:33:10+08:00,20260926T093659
159915,创业板ETF易方达,SZSE,2017-08-18,1.664,1.753,1.662,1.733,1.664,1.753,1.662,1.733,1.0,973975400.0,1674768868.0,腾讯日K/前复权日K,2026-08-07T20:33:10+08:00,20260926T093659
159915,创业板ETF易方达,SZSE,2017-08-25,1.737,1.743,1.702,1.723,1.737,1.743,1.702,1.723,1.0,639242500.0,1101820580.0,腾讯日K/前复权日K,2026-08-07T20:33:10+08:00,20260926T093659
159915,创业板ETF易方达,SZSE,2017-09-01,1.729,1.78,1.727,1.776,1.729,1.78,1.727,1.776,1.0,864875300.0,1521530925.0,腾讯日K/前复权日K,2026-08-07T20:33:10+08:00,20260926T093659
159915,创业板ETF易方达,SZSE,2017-09-08,1.773,1.828,1.769,1.791,1.773,1.828,1.769,1.791,1.0,749283300.0,1348388722.0,腾讯日K/前复权日K,2026-08-07T20:33:10+08:00,20260926T093659
159915,创业板ETF易方达,SZSE,2017-09-15,1.79,1.815,1.78,1.782,1.79,1.815,1.78,1.782,1.0,495247300.0,889134108.0,腾讯日K/前复权日K,2026-08-07T20:33:10+08:00,20260926T093659
159915,创业板ETF易方达,SZSE,2017-09-22,1.782,1.811,1.762,1.773,1.782,1.811,1.762,1.773,1.0,489833000.0,877516507.0,腾讯日K/前复权日K,2026-08-07T20:33:10+08:00,20260926T093659
159915,创业板ETF易方达,SZSE,2017-09-29,1.77,1.78,1.734,1.78,1.77,1.78,1.734,1.78,1.0,389044500.0,684283580.0,腾讯日K/前复权日K,2026-08-07T20:33:10+08:00,20260926T093659
159915,创业板ETF易方达,SZSE,2017-10-13,1.797,1.84,1.79,1.84,1.797,1.84,1.79,1.84,1.0,530807900.0,963120198.0,腾讯日K/前复权日K,2026-08-07T20:33:10+08:00,20260926T093659
159915,创业板ETF易方达,SZSE,2017-10-20,1.84,1.84,1.767,1.794,1.84,1.84,1.767,1.794,1.0,553593100.0,993354263.0,腾讯日K/前复权日K,2026-08-07T20:33:10+08:00,20260926T093659
159915,创业板ETF易方达,SZSE,2017-10-27,1.791,1.826,1.788,1.801,1.791,1.826,1.788,1.801,1.0,438612600.0,793408439.0,腾讯日K/前复权日K,2026-08-07T20:33:10+08:00,20260926T093659
159915,创业板ETF易方达,SZSE,2017-11-03,1.801,1.807,1.726,1.732,1.801,1.807,1.726,1.732,1.0,559289700.0,985632954.0,腾讯日K/前复权日K,2026-08-07T20:33:10+08:00,20260926T093659
159915,创业板ETF易方达,SZSE,2017-11-10,1.732,1.8,1.719,1.8,1.732,1.8,1.719,1.8,1.0,422894800.0,746729606.0,腾讯日K/前复权日K,2026-08-07T20:33:10+08:00,20260926T093659
159915,创业板ETF易方达,SZSE,2017-11-17,1.799,1.808,1.722,1.723,1.799,1.808,1.722,1.723,1.0,471595700.0,833878474.0,腾讯日K/前复权日K,2026-08-07T20:33:10+08:00,20260926T093659
159915,创业板ETF易方达,SZSE,2017-11-24,1.719,1.762,1.678,1.678,1.719,1.762,1.678,1.678,1.0,591559300.0,1019484352.0,腾讯日K/前复权日K,2026-08-07T20:33:10+08:00,20260926T093659
159915,创业板ETF易方达,SZSE,2017-12-01,1.671,1.695,1.657,1.687,1.671,1.695,1.657,1.687,1.0,532726900.0,892757880.0,腾讯日K/前复权日K,2026-08-07T20:33:10+08:00,20260926T093659
159915,创业板ETF易方达,SZSE,2017-12-08,1.683,1.692,1.631,1.675,1.683,1.692,1.631,1.675,1.0,750719200.0,1247602761.0,腾讯日K/前复权日K,2026-08-07T20:33:10+08:00,20260926T093659
159915,创业板ETF易方达,SZSE,2017-12-15,1.682,1.699,1.666,1.673,1.682,1.699,1.666,1.673,1.0,436797200.0,735141934.0,腾讯日K/前复权日K,2026-08-07T20:33:10+08:00,20260926T093659
159915,创业板ETF易方达,SZSE,2017-12-22,1.673,1.688,1.647,1.663,1.673,1.688,1.647,1.663,1.0,389614700.0,651499868.0,腾讯日K/前复权日K,2026-08-07T20:33:10+08:00,20260926T093659
159915,创业板ETF易方达,SZSE,2017-12-29,1.662,1.663,1.626,1.644,1.662,1.663,1.626,1.644,1.0,489736400.0,802981650.0,腾讯日K/前复权日K,2026-08-07T20:33:10+08:00,20260926T093659
159915,创业板ETF易方达,SZSE,2018-01-05,1.65,1.7,1.646,1.696,1.65,1.7,1.646,1.696,1.0,471139400.0,791736914.0,腾讯日K/前复权日K,2026-08-07T20:33:10+08:00,20260926T093659
159915,创业板ETF易方达,SZSE,2018-01-12,1.694,1.707,1.675,1.685,1.694,1.707,1.675,1.685,1.0,427239200.0,722857616.0,腾讯日K/前复权日K,2026-08-07T20:33:10+08:00,20260926T093659
159915,创业板ETF易方达,SZSE,2018-01-19,1.68,1.681,1.601,1.63,1.68,1.681,1.601,1.63,1.0,1054626600.0,1725431988.0,腾讯日K/前复权日K,2026-08-07T20:33:10+08:00,20260926T093659
159915,创业板ETF易方达,SZSE,2018-01-26,1.623,1.751,1.616,1.72,1.623,1.751,1.616,1.72,1.0,2147473500.0,3651269632.0,腾讯日K/前复权日K,2026-08-07T20:33:10+08:00,20260926T093659
159915,创业板ETF易方达,SZSE,2018-02-02,1.72,1.725,1.582,1.607,1.72,1.725,1.582,1.607,1.0,2490761000.0,4119722208.0,腾讯日K/前复权日K,2026-08-07T20:33:10+08:00,20260926T093659
159915,创业板ETF易方达,SZSE,2018-02-09,1.586,1.601,1.48,1.502,1.586,1.601,1.48,1.502,1.0,2573907000.0,3960986576.0,腾讯日K/前复权日K,2026-08-07T20:33:10+08:00,20260926T093659
159915,创业板ETF易方达,SZSE,2018-02-14,1.515,1.574,1.51,1.549,1.515,1.574,1.51,1.549,1.0,1028934700.0,1593371312.0,腾讯日K/前复权日K,2026-08-07T20:33:10+08:00,20260926T093659
159915,创业板ETF易方达,SZSE,2018-02-23,1.563,1.584,1.554,1.572,1.563,1.584,1.554,1.572,1.0,491082700.0,772030416.0,腾讯日K/前复权日K,2026-08-07T20:33:10+08:00,20260926T093659
159915,创业板ETF易方达,SZSE,2018-03-02,1.585,1.699,1.575,1.669,1.585,1.699,1.575,1.669,1.0,2219533900.0,3657246160.0,腾讯日K/前复权日K,2026-08-07T20:33:10+08:00,20260926T093659
159915,创业板ETF易方达,SZSE,2018-03-09,1.678,1.755,1.665,1.755,1.678,1.755,1.665,1.755,1.0,1869423000.0,3188356256.0,腾讯日K/前复权日K,2026-08-07T20:33:10+08:00,20260926T093659
159915,创业板ETF易方达,SZSE,2018-03-16,1.773,1.795,1.707,1.716,1.773,1.795,1.707,1.716,1.0,2602092300.0,4559459440.0,腾讯日K/前复权日K,2026-08-07T20:33:10+08:00,20260926T093659
159915,创业板ETF易方达,SZSE,2018-03-23,1.712,1.768,1.61,1.622,1.712,1.768,1.61,1.622,1.0,2869291700.0,4890779040.0,腾讯日K/前复权日K,2026-08-07T20:33:10+08:00,20260926T093659
159915,创业板ETF易方达,SZSE,2018-03-30,1.609,1.791,1.595,1.791,1.609,1.791,1.595,1.791,1.0,3644082300.0,6256196240.0,腾讯日K/前复权日K,2026-08-07T20:33:10+08:00,20260926T093659
159915,创业板ETF易方达,SZSE,2018-04-04,1.805,1.81,1.732,1.732,1.805,1.81,1.732,1.732,1.0,1954302800.0,3466003792.0,腾讯日K/前复权日K,2026-08-07T20:33:10+08:00,20260926T093659
159915,创业板ETF易方达,SZSE,2018-04-13,1.732,1.757,1.71,1.721,1.732,1.757,1.71,1.721,1.0,2383690900.0,4131044160.0,腾讯日K/前复权日K,2026-08-07T20:33:10+08:00,20260926T093659
159915,创业板ETF易方达,SZSE,2018-04-20,1.722,1.748,1.659,1.684,1.722,1.748,1.659,1.684,1.0,3404398100.0,5817683248.0,腾讯日K/前复权日K,2026-08-07T20:33:10+08:00,20260926T093659
159915,创业板ETF易方达,SZSE,2018-04-27,1.684,1.724,1.631,1.707,1.684,1.724,1.631,1.707,1.0,2601430700.0,4394090256.0,腾讯日K/前复权日K,2026-08-07T20:33:10+08:00,20260926T093659
159915,创业板ETF易方达,SZSE,2018-05-04,1.711,1.729,1.668,1.712,1.711,1.729,1.668,1.712,1.0,1565899500.0,2673170240.0,腾讯日K/前复权日K,2026-08-07T20:33:10+08:00,20260926T093659
159915,创业板ETF易方达,SZSE,2018-05-11,1.717,1.765,1.715,1.734,1.717,1.765,1.715,1.734,1.0,2139928100.0,3736534384.0,腾讯日K/前复权日K,2026-08-07T20:33:10+08:00,20260926T093659
159915,创业板ETF易方达,SZSE,2018-05-18,1.732,1.758,1.712,1.731,1.732,1.758,1.712,1.731,1.0,1898246800.0,3294695408.0,腾讯日K/前复权日K,2026-08-07T20:33:10+08:00,20260926T093659
159915,创业板ETF易方达,SZSE,2018-05-25,1.742,1.772,1.704,1.705,1.742,1.772,1.704,1.705,1.0,2123576700.0,3709804112.0,腾讯日K/前复权日K,2026-08-07T20:33:10+08:00,20260926T093659
159915,创业板ETF易方达,SZSE,2018-06-01,1.702,1.716,1.609,1.62,1.702,1.716,1.609,1.62,1.0,2351595200.0,3897906768.0,腾讯日K/前复权日K,2026-08-07T20:33:10+08:00,20260926T093659
159915,创业板ETF易方达,SZSE,2018-06-08,1.624,1.657,1.602,1.62,1.624,1.657,1.602,1.62,1.0,1911801200.0,3116875568.0,腾讯日K/前复权日K,2026-08-07T20:33:10+08:00,20260926T093659
159915,创业板ETF易方达,SZSE,2018-06-15,1.617,1.624,1.55,1.554,1.617,1.624,1.55,1.554,1.0,2201362500.0,3511269536.0,腾讯日K/前复权日K,2026-08-07T20:33:10+08:00,20260926T093659
159915,创业板ETF易方达,SZSE,2018-06-22,1.535,1.54,1.427,1.466,1.535,1.54,1.427,1.466,1.0,2817199700.0,4153157408.0,腾讯日K/前复权日K,2026-08-07T20:33:10+08:00,20260926T093659
159915,创业板ETF易方达,SZSE,2018-06-29,1.479,1.527,1.437,1.524,1.479,1.527,1.437,1.524,1.0,2746657700.0,4058970480.0,腾讯日K/前复权日K,2026-08-07T20:33:10+08:00,20260926T093659
159915,创业板ETF易方达,SZSE,2018-07-06,1.522,1.531,1.443,1.464,1.522,1.531,1.443,1.464,1.0,3135301300.0,4674095568.0,腾讯日K/前复权日K,2026-08-07T20:33:10+08:00,20260926T093659
159915,创业板ETF易方达,SZSE,2018-07-13,1.474,1.548,1.468,1.542,1.474,1.548,1.468,1.542,1.0,3070238000.0,4630442800.0,腾讯日K/前复权日K,2026-08-07T20:33:10+08:00,20260926T093659
159915,创业板ETF易方达,SZSE,2018-07-20,1.536,1.557,1.505,1.535,1.536,1.557,1.505,1.535,1.0,2011736900.0,3080183888.0,腾讯日K/前复权日K,2026-08-07T20:33:10+08:00,20260926T093659
159915,创业板ETF易方达,SZSE,2018-07-27,1.534,1.567,1.515,1.518,1.534,1.567,1.515,1.518,1.0,2407720600.0,3704988448.0,腾讯日K/前复权日K,2026-08-07T20:33:10+08:00,20260926T093659
159915,创业板ETF易方达,SZSE,2018-08-03,1.514,1.52,1.411,1.414,1.514,1.52,1.411,1.414,1.0,3046904500.0,4458943584.0,腾讯日K/前复权日K,2026-08-07T20:33:10+08:00,20260926T093659
159915,创业板ETF易方达,SZSE,2018-08-10,1.405,1.441,1.368,1.437,1.405,1.441,1.368,1.437,1.0,4384565500.0,6153130624.0,腾讯日K/前复权日K,2026-08-07T20:33:10+08:00,20260926T093659
159915,创业板ETF易方达,SZSE,2018-08-17,1.422,1.46,1.366,1.369,1.422,1.46,1.366,1.369,1.0,3589660900.0,5079413952.0,腾讯日K/前复权日K,2026-08-07T20:33:10+08:00,20260926T093659
159915,创业板ETF易方达,SZSE,2018-08-24,1.363,1.395,1.34,1.382,1.363,1.395,1.34,1.382,1.0,3315971200.0,4557470576.0,腾讯日K/前复权日K,2026-08-07T20:33:10+08:00,20260926T093659
159915,创业板ETF易方达,SZSE,2018-08-31,1.387,1.429,1.366,1.369,1.387,1.429,1.366,1.369,1.0,2694452200.0,3779670240.0,腾讯日K/前复权日K,2026-08-07T20:33:10+08:00,20260926T093659
159915,创业板ETF易方达,SZSE,2018-09-07,1.364,1.394,1.35,1.36,1.364,1.394,1.35,1.36,1.0,3331651100.0,4564682064.0,腾讯日K/前复权日K,2026-08-07T20:33:10+08:00,20260926T093659
159915,创业板ETF易方达,SZSE,2018-09-14,1.353,1.36,1.304,1.304,1.353,1.36,1.304,1.304,1.0,4036286500.0,5358617408.0,腾讯日K/前复权日K,2026-08-07T20:33:10+08:00,20260926T093659
159915,创业板ETF易方达,SZSE,2018-09-21,1.296,1.346,1.282,1.343,1.296,1.346,1.282,1.343,1.0,3705798200.0,4868985792.0,腾讯日K/前复权日K,2026-08-07T20:33:10+08:00,20260926T093659
159915,创业板ETF易方达,SZSE,2018-09-28,1.333,1.361,1.327,1.346,1.333,1.361,1.327,1.346,1.0,2501790300.0,3356757344.0,腾讯日K/前复权日K,2026-08-07T20:33:10+08:00,20260926T093659
159915,创业板ETF易方达,SZSE,2018-10-12,1.317,1.322,1.173,1.206,1.317,1.322,1.173,1.206,1.0,4036646100.0,5046704160.0,腾讯日K/前复权日K,2026-08-07T20:33:10+08:00,20260926T093659
159915,创业板ETF易方达,SZSE,2018-10-19,1.205,1.22,1.136,1.189,1.205,1.22,1.136,1.189,1.0,5423431500.0,6355145536.0,腾讯日K/前复权日K,2026-08-07T20:33:10+08:00,20260926T093659
159915,创业板ETF易方达,SZSE,2018-10-26,1.22,1.268,1.183,1.203,1.22,1.268,1.183,1.203,1.0,5966746500.0,7315256256.0,腾讯日K/前复权日K,2026-08-07T20:33:10+08:00,20260926T093659
159915,创业板ETF易方达,SZSE,2018-11-02,1.205,1.292,1.168,1.291,1.205,1.292,1.168,1.291,1.0,6451665900.0,7955254880.0,腾讯日K/前复权日K,2026-08-07T20:33:10+08:00,20260926T093659
159915,创业板ETF易方达,SZSE,2018-11-09,1.284,1.308,1.252,1.26,1.284,1.308,1.252,1.26,1.0,4887185800.0,6256016048.0,腾讯日K/前复权日K,2026-08-07T20:33:10+08:00,20260926T093659
159915,创业板ETF易方达,SZSE,2018-11-16,1.258,1.345,1.256,1.332,1.258,1.345,1.256,1.332,1.0,5302339600.0,6966317024.0,腾讯日K/前复权日K,2026-08-07T20:33:10+08:00,20260926T093659
159915,创业板ETF易方达,SZSE,2018-11-23,1.328,1.332,1.244,1.248,1.328,1.332,1.244,1.248,1.0,4250515400.0,5493689408.0,腾讯日K/前复权日K,2026-08-07T20:33:10+08:00,20260926T093659
159915,创业板ETF易方达,SZSE,2018-11-30,1.247,1.287,1.234,1.264,1.247,1.287,1.234,1.264,1.0,2995776700.0,3772160096.0,腾讯日K/前复权日K,2026-08-07T20:33:10+08:00,20260926T093659
159915,创业板ETF易方达,SZSE,2018-12-07,1.301,1.326,1.273,1.275,1.301,1.326,1.273,1.275,1.0,3301474600.0,4298820192.0,腾讯日K/前复权日K,2026-08-07T20:33:10+08:00,20260926T093659
159915,创业板ETF易方达,SZSE,2018-12-14,1.269,1.295,1.247,1.248,1.269,1.295,1.247,1.248,1.0,2643246800.0,3365659440.0,腾讯日K/前复权日K,2026-08-07T20:33:10+08:00,20260926T093659
159915,创业板ETF易方达,SZSE,2018-12-21,1.242,1.248,1.203,1.213,1.242,1.248,1.203,1.213,1.0,3481114700.0,4264928880.0,腾讯日K/前复权日K,2026-08-07T20:33:10+08:00,20260926T093659
159915,创业板ETF易方达,SZSE,2018-12-28,1.212,1.232,1.186,1.194,1.212,1.232,1.186,1.194,1.0,3339211500.0,4043435072.0,腾讯日K/前复权日K,2026-08-07T20:33:10+08:00,20260926T093659
159915,创业板ETF易方达,SZSE,2019-01-04,1.198,1.199,1.152,1.195,1.198,1.199,1.152,1.195,1.0,2462612100.0,2903006512.0,腾讯日K/前复权日K,2026-08-07T20:33:10+08:00,20260926T093659
159915,创业板ETF易方达,SZSE,2019-01-11,1.197,1.232,1.193,1.209,1.197,1.232,1.193,1.209,1.0,3041824200.0,3685502288.0,腾讯日K/前复权日K,2026-08-07T20:33:10+08:00,20260926T093659
159915,创业板ETF易方达,SZSE,2019-01-18,1.21,1.224,1.189,1.216,1.21,1.224,1.189,1.216,1.0,2916663700.0,3521757072.0,腾讯日K/前复权日K,2026-08-07T20:33:10+08:00,20260926T093659
159915,创业板ETF易方达,SZSE,2019-01-25,1.218,1.231,1.194,1.214,1.218,1.231,1.194,1.214,1.0,2868737500.0,3479401632.0,腾讯日K/前复权日K,2026-08-07T20:33:10+08:00,20260926T093659
159915,创业板ETF易方达,SZSE,2019-02-01,1.22,1.227,1.172,1.221,1.22,1.227,1.172,1.221,1.0,3553072500.0,4253738912.0,腾讯日K/前复权日K,2026-08-07T20:33:10+08:00,20260926T093659
159915,创业板ETF易方达,SZSE,2019-02-15,1.223,1.314,1.223,1.302,1.223,1.314,1.223,1.302,1.0,4270686600.0,5470888352.0,腾讯日K/前复权日K,2026-08-07T20:33:10+08:00,20260926T093659
159915,创业板ETF易方达,SZSE,2019-02-22,1.31,1.406,1.308,1.406,1.31,1.406,1.308,1.406,1.0,4910620400.0,6653561776.0,腾讯日K/前复权日K,2026-08-07T20:33:10+08:00,20260926T093659
159915,创业板ETF易方达,SZSE,2019-03-01,1.432,1.519,1.416,1.5,1.432,1.519,1.416,1.5,1.0,5538855200.0,8158932704.0,腾讯日K/前复权日K,2026-08-07T20:33:10+08:00,20260926T093659
159915,创业板ETF易方达,SZSE,2019-03-08,1.526,1.648,1.525,1.584,1.526,1.648,1.525,1.584,1.0,7228246600.0,11549796592.0,腾讯日K/前复权日K,2026-08-07T20:33:10+08:00,20260926T093659
159915,创业板ETF易方达,SZSE,2019-03-15,1.6,1.715,1.556,1.589,1.6,1.715,1.556,1.589,1.0,9310549600.0,15202219952.0,腾讯日K/前复权日K,2026-08-07T20:33:10+08:00,20260926T093659
159915,创业板ETF易方达,SZSE,2019-03-22,1.598,1.655,1.581,1.621,1.598,1.655,1.581,1.621,1.0,5695851200.0,9207102784.0,腾讯日K/前复权日K,2026-08-07T20:33:10+08:00,20260926T093659
159915,创业板ETF易方达,SZSE,2019-03-29,1.594,1.627,1.546,1.624,1.594,1.627,1.546,1.624,1.0,4316961000.0,6852364704.0,腾讯日K/前复权日K,2026-08-07T20:33:10+08:00,20260926T093659
159915,创业板ETF易方达,SZSE,2019-04-04,1.635,1.71,1.635,1.701,1.635,1.71,1.635,1.701,1.0,3289086500.0,5546582080.0,腾讯日K/前复权日K,2026-08-07T20:33:10+08:00,20260926T093659
159915,创业板ETF易方达,SZSE,2019-04-12,1.709,1.716,1.611,1.624,1.709,1.716,1.611,1.624,1.0,3431905300.0,5662896512.0,腾讯日K/前复权日K,2026-08-07T20:33:10+08:00,20260926T093659
159915,创业板ETF易方达,SZSE,2019-04-19,1.647,1.655,1.568,1.645,1.647,1.655,1.568,1.645,1.0,3292461400.0,5344742976.0,腾讯日K/前复权日K,2026-08-07T20:33:10+08:00,20260926T093659
159915,创业板ETF易方达,SZSE,2019-04-26,1.645,1.649,1.584,1.589,1.645,1.649,1.584,1.589,1.0,3243705900.0,5259808784.0,腾讯日K/前复权日K,2026-08-07T20:33:10+08:00,20260926T093659
159915,创业板ETF易方达,SZSE,2019-04-30,1.589,1.594,1.54,1.553,1.589,1.594,1.54,1.553,1.0,1437468600.0,2245522032.0,腾讯日K/前复权日K,2026-08-07T20:33:10+08:00,20260926T093659
159915,创业板ETF易方达,SZSE,2019-05-10,1.496,1.497,1.402,1.465,1.496,1.497,1.402,1.465,1.0,5665148300.0,8167384976.0,腾讯日K/前复权日K,2026-08-07T20:33:10+08:00,20260926T093659
159915,创业板ETF易方达,SZSE,2019-05-17,1.448,1.472,1.411,1.416,1.448,1.472,1.411,1.416,1.0,3206224400.0,4641947216.0,腾讯日K/前复权日K,2026-08-07T20:33:10+08:00,20260926T093659
159915,创业板ETF易方达,SZSE,2019-05-24,1.412,1.441,1.377,1.384,1.412,1.441,1.377,1.384,1.0,3237549500.0,4556684656.0,腾讯日K/前复权日K,2026-08-07T20:33:10+08:00,20260926T093659
159915,创业板ETF易方达,SZSE,2019-05-31,1.387,1.445,1.383,1.425,1.387,1.445,1.383,1.425,1.0,3163293100.0,4503844880.0,腾讯日K/前复权日K,2026-08-07T20:33:10+08:00,20260926T093659
159915,创业板ETF易方达,SZSE,2019-06-06,1.428,1.438,1.355,1.363,1.428,1.438,1.355,1.363,1.0,2333575400.0,3256140304.0,腾讯日K/前复权日K,2026-08-07T20:33:10+08:00,20260926T093659
159915,创业板ETF易方达,SZSE,2019-06-14,1.364,1.432,1.356,1.397,1.364,1.432,1.356,1.397,1.0,3354069500.0,4718630448.0,腾讯日K/前复权日K,2026-08-07T20:33:10+08:00,20260926T093659
159915,创业板ETF易方达,SZSE,2019-06-21,1.395,1.494,1.383,1.473,1.395,1.494,1.383,1.473,1.0,4604784000.0,6636618192.0,腾讯日K/前复权日K,2026-08-07T20:33:10+08:00,20260926T093659
159915,创业板ETF易方达,SZSE,2019-06-28,1.467,1.473,1.426,1.457,1.467,1.473,1.426,1.457,1.0,3153323000.0,4582263936.0,腾讯日K/前复权日K,2026-08-07T20:33:10+08:00,20260926T093659
159915,创业板ETF易方达,SZSE,2019-07-05,1.487,1.518,1.469,1.492,1.487,1.518,1.469,1.492,1.0,2795675900.0,4176811856.0,腾讯日K/前复权日K,2026-08-07T20:33:10+08:00,20260926T093659
159915,创业板ETF易方达,SZSE,2019-07-12,1.488,1.488,1.439,1.465,1.488,1.488,1.439,1.465,1.0,1903920200.0,2780566336.0,腾讯日K/前复权日K,2026-08-07T20:33:10+08:00,20260926T093659
159915,创业板ETF易方达,SZSE,2019-07-19,1.458,1.505,1.441,1.486,1.458,1.505,1.441,1.486,1.0,2846761800.0,4227757024.0,腾讯日K/前复权日K,2026-08-07T20:33:10+08:00,20260926T093659
159915,创业板ETF易方达,SZSE,2019-07-26,1.488,1.511,1.453,1.506,1.488,1.511,1.453,1.506,1.0,2083435800.0,3098246096.0,腾讯日K/前复权日K,2026-08-07T20:33:10+08:00,20260926T093659
159915,创业板ETF易方达,SZSE,2019-08-02,1.504,1.536,1.481,1.501,1.504,1.536,1.481,1.501,1.0,2100800500.0,3170598656.0,腾讯日K/前复权日K,2026-08-07T20:33:10+08:00,20260926T093659
159915,创业板ETF易方达,SZSE,2019-08-09,1.495,1.509,1.423,1.45,1.495,1.509,1.423,1.45,1.0,2160217000.0,3156549376.0,腾讯日K/前复权日K,2026-08-07T20:33:10+08:00,20260926T093659
159915,创业板ETF易方达,SZSE,2019-08-16,1.457,1.527,1.451,1.512,1.457,1.527,1.451,1.512,1.0,2135528800.0,3172720352.0,腾讯日K/前复权日K,2026-08-07T20:33:10+08:00,20260926T093659
159915,创业板ETF易方达,SZSE,2019-08-23,1.528,1.573,1.524,1.555,1.528,1.573,1.524,1.555,1.0,2563797900.0,3978871280.0,腾讯日K/前复权日K,2026-08-07T20:33:10+08:00,20260926T093659
159915,创业板ETF易方达,SZSE,2019-08-30,1.54,1.586,1.529,1.549,1.54,1.586,1.529,1.549,1.0,2418299200.0,3771850608.0,腾讯日K/前复权日K,2026-08-07T20:33:10+08:00,20260926T093659
159915,创业板ETF易方达,SZSE,2019-09-06,1.55,1.647,1.55,1.631,1.55,1.647,1.55,1.631,1.0,2155968200.0,3462333808.0,腾讯日K/前复权日K,2026-08-07T20:33:10+08:00,20260926T093659
159915,创业板ETF易方达,SZSE,2019-09-12,1.639,1.672,1.628,1.646,1.639,1.672,1.628,1.646,1.0,1738781100.0,2869928224.0,腾讯日K/前复权日K,2026-08-07T20:33:10+08:00,20260926T093659
159915,创业板ETF易方达,SZSE,2019-09-20,1.649,1.658,1.607,1.638,1.649,1.658,1.607,1.638,1.0,2047280900.0,3339275680.0,腾讯日K/前复权日K,2026-08-07T20:33:10+08:00,20260926T093659
159915,创业板ETF易方达,SZSE,2019-09-27,1.635,1.642,1.56,1.587,1.635,1.642,1.56,1.587,1.0,2097843600.0,3362948608.0,腾讯日K/前复权日K,2026-08-07T20:33:10+08:00,20260926T093659
159915,创业板ETF易方达,SZSE,2019-09-30,1.585,1.59,1.565,1.57,1.585,1.59,1.565,1.57,1.0,276484600.0,435864752.0,腾讯日K/前复权日K,2026-08-07T20:33:10+08:00,20260926T093659
159915,创业板ETF易方达,SZSE,2019-10-11,1.571,1.615,1.543,1.606,1.571,1.615,1.543,1.606,1.0,1694982600.0,2678040560.0,腾讯日K/前复权日K,2026-08-07T20:33:10+08:00,20260926T093659
159915,创业板ETF易方达,SZSE,2019-10-18,1.615,1.63,1.582,1.589,1.615,1.63,1.582,1.589,1.0,1654070100.0,2652468272.0,腾讯日K/前复权日K,2026-08-07T20:33:10+08:00,20260926T093659
159915,创业板ETF易方达,SZSE,2019-10-25,1.588,1.616,1.57,1.616,1.588,1.616,1.57,1.616,1.0,1699586500.0,2709551200.0,腾讯日K/前复权日K,2026-08-07T20:33:10+08:00,20260926T093659
159915,创业板ETF易方达,SZSE,2019-11-01,1.63,1.646,1.602,1.625,1.63,1.646,1.602,1.625,1.0,1625383500.0,2642989824.0,腾讯日K/前复权日K,2026-08-07T20:33:10+08:00,20260926T093659
159915,创业板ETF易方达,SZSE,2019-11-08,1.624,1.666,1.624,1.645,1.624,1.666,1.624,1.645,1.0,1619354500.0,2665450976.0,腾讯日K/前复权日K,2026-08-07T20:33:10+08:00,20260926T093659
159915,创业板ETF易方达,SZSE,2019-11-15,1.641,1.641,1.593,1.614,1.641,1.641,1.593,1.614,1.0,1209941300.0,1956281088.0,腾讯日K/前复权日K,2026-08-07T20:33:10+08:00,20260926T093659
159915,创业板ETF易方达,SZSE,2019-11-22,1.613,1.679,1.603,1.614,1.613,1.679,1.603,1.614,1.0,1804904000.0,2970461328.0,腾讯日K/前复权日K,2026-08-07T20:33:10+08:00,20260926T093659
159915,创业板ETF易方达,SZSE,2019-11-29,1.616,1.622,1.585,1.6,1.616,1.622,1.585,1.6,1.0,1349740000.0,2165961504.0,腾讯日K/前复权日K,2026-08-07T20:33:10+08:00,20260926T093659
159915,创业板ETF易方达,SZSE,2019-12-06,1.605,1.662,1.586,1.662,1.605,1.662,1.586,1.662,1.0,1378171300.0,2238987120.0,腾讯日K/前复权日K,2026-08-07T20:33:10+08:00,20260926T093659
159915,创业板ETF易方达,SZSE,2019-12-13,1.667,1.695,1.645,1.693,1.667,1.695,1.645,1.693,1.0,1404972500.0,2340486240.0,腾讯日K/前复权日K,2026-08-07T20:33:10+08:00,20260926T093659
159915,创业板ETF易方达,SZSE,2019-12-20,1.693,1.741,1.686,1.708,1.693,1.741,1.686,1.708,1.0,1616789700.0,2780565424.0,腾讯日K/前复权日K,2026-08-07T20:33:10+08:00,20260926T093659
159915,创业板ETF易方达,SZSE,2019-12-27,1.703,1.737,1.667,1.698,1.703,1.737,1.667,1.698,1.0,1477058200.0,2515986576.0,腾讯日K/前复权日K,2026-08-07T20:33:10+08:00,20260926T093659
159915,创业板ETF易方达,SZSE,2020-01-03,1.695,1.774,1.684,1.764,1.695,1.774,1.684,1.764,1.0,1187236300.0,2066814992.0,腾讯日K/前复权日K,2026-08-07T20:33:10+08:00,20260926T093659
159915,创业板ETF易方达,SZSE,2020-01-10,1.756,1.847,1.753,1.831,1.756,1.847,1.753,1.831,1.0,2109382800.0,3821651760.0,腾讯日K/前复权日K,2026-08-07T20:33:10+08:00,20260926T093659
159915,创业板ETF易方达,SZSE,2020-01-17,1.834,1.874,1.82,1.858,1.834,1.874,1.82,1.858,1.0,1652963000.0,3062560656.0,腾讯日K/前复权日K,2026-08-07T20:33:10+08:00,20260926T093659
159915,创业板ETF易方达,SZSE,2020-01-23,1.862,1.93,1.829,1.853,1.862,1.93,1.829,1.853,1.0,2091106300.0,3941586352.0,腾讯日K/前复权日K,2026-08-07T20:33:10+08:00,20260926T093659
159915,创业板ETF易方达,SZSE,2020-02-07,1.67,1.949,1.669,1.94,1.67,1.949,1.669,1.94,1.0,3549260300.0,6467361312.0,腾讯日K/前复权日K,2026-08-07T20:33:10+08:00,20260926T093659
159915,创业板ETF易方达,SZSE,2020-02-14,1.938,2.022,1.924,1.987,1.938,2.022,1.924,1.987,1.0,1874318000.0,3700623520.0,腾讯日K/前复权日K,2026-08-07T20:33:10+08:00,20260926T093659
159915,创业板ETF易方达,SZSE,2020-02-21,2.005,2.162,2.004,2.145,2.005,2.162,2.004,2.145,1.0,3064951100.0,6375442352.0,腾讯日K/前复权日K,2026-08-07T20:33:10+08:00,20260926T093659
159915,创业板ETF易方达,SZSE,2020-02-28,2.137,2.21,1.985,1.995,2.137,2.21,1.985,1.995,1.0,3768915100.0,7928718368.0,腾讯日K/前复权日K,2026-08-07T20:33:10+08:00,20260926T093659
159915,创业板ETF易方达,SZSE,2020-03-06,2.026,2.155,1.999,2.111,2.026,2.155,1.999,2.111,1.0,2674813500.0,5582864192.0,腾讯日K/前复权日K,2026-08-07T20:33:10+08:00,20260926T093659
159915,创业板ETF易方达,SZSE,2020-03-13,2.068,2.09,1.85,1.952,2.068,2.09,1.85,1.952,1.0,2748381800.0,5472411696.0,腾讯日K/前复权日K,2026-08-07T20:33:10+08:00,20260926T093659
159915,创业板ETF易方达,SZSE,2020-03-20,1.953,1.96,1.768,1.847,1.953,1.96,1.768,1.847,1.0,4139467700.0,7626304192.0,腾讯日K/前复权日K,2026-08-07T20:33:10+08:00,20260926T093659
159915,创业板ETF易方达,SZSE,2020-03-27,1.79,1.882,1.748,1.83,1.79,1.882,1.748,1.83,1.0,3534556800.0,6444845872.0,腾讯日K/前复权日K,2026-08-07T20:33:10+08:00,20260926T093659
159915,创业板ETF易方达,SZSE,2020-04-03,1.807,1.854,1.762,1.834,1.807,1.854,1.762,1.834,1.0,2493393000.0,4506449472.0,腾讯日K/前复权日K,2026-08-07T20:33:10+08:00,20260926T093659
159915,创业板ETF易方达,SZSE,2020-04-10,1.871,1.925,1.866,1.877,1.871,1.925,1.866,1.877,1.0,1852430700.0,3507858832.0,腾讯日K/前复权日K,2026-08-07T20:33:10+08:00,20260926T093659
159915,创业板ETF易方达,SZSE,2020-04-17,1.872,1.969,1.84,1.943,1.872,1.969,1.84,1.943,1.0,1992840700.0,3796696960.0,腾讯日K/前复权日K,2026-08-07T20:33:10+08:00,20260926T093659
159915,创业板ETF易方达,SZSE,2020-04-24,1.945,1.978,1.92,1.93,1.945,1.978,1.92,1.93,1.0,1438290300.0,2802971392.0,腾讯日K/前复权日K,2026-08-07T20:33:10+08:00,20260926T093659
159915,创业板ETF易方达,SZSE,2020-04-30,1.938,1.999,1.89,1.993,1.938,1.999,1.89,1.993,1.0,1546815900.0,3024728496.0,腾讯日K/前复权日K,2026-08-07T20:33:10+08:00,20260926T093659
159915,创业板ETF易方达,SZSE,2020-05-08,1.98,2.058,1.974,2.042,1.98,2.058,1.974,2.042,1.0,938043100.0,1898942448.0,腾讯日K/前复权日K,2026-08-07T20:33:10+08:00,20260926T093659
159915,创业板ETF易方达,SZSE,2020-05-15,2.054,2.063,2.01,2.042,2.054,2.063,2.01,2.042,1.0,1344016800.0,2738896512.0,腾讯日K/前复权日K,2026-08-07T20:33:10+08:00,20260926T093659
159915,创业板ETF易方达,SZSE,2020-05-22,2.045,2.074,1.96,1.972,2.045,2.074,1.96,1.972,1.0,1651852700.0,3356770112.0,腾讯日K/前复权日K,2026-08-07T20:33:10+08:00,20260926T093659
159915,创业板ETF易方达,SZSE,2020-05-29,1.968,2.038,1.948,2.006,1.968,2.038,1.948,2.006,1.0,1842803700.0,3671122736.0,腾讯日K/前复权日K,2026-08-07T20:33:10+08:00,20260926T093659
159915,创业板ETF易方达,SZSE,2020-06-05,2.024,2.087,2.02,2.087,2.024,2.087,2.02,2.087,1.0,1431470500.0,2961385376.0,腾讯日K/前复权日K,2026-08-07T20:33:10+08:00,20260926T093659
159915,创业板ETF易方达,SZSE,2020-06-12,2.101,2.161,2.068,2.141,2.101,2.161,2.068,2.141,1.0,1515433200.0,3199672688.0,腾讯日K/前复权日K,2026-08-07T20:33:10+08:00,20260926T093659
159915,创业板ETF易方达,SZSE,2020-06-19,2.143,2.253,2.14,2.238,2.143,2.253,2.14,2.238,1.0,1721758900.0,3764591808.0,腾讯日K/前复权日K,2026-08-07T20:33:10+08:00,20260926T093659
159915,创业板ETF易方达,SZSE,2020-06-24,2.246,2.318,2.245,2.307,2.246,2.318,2.245,2.307,1.0,893428700.0,2038179616.0,腾讯日K/前复权日K,2026-08-07T20:33:10+08:00,20260926T093659
159915,创业板ETF易方达,SZSE,2020-07-03,2.292,2.39,2.28,2.38,2.292,2.39,2.28,2.38,1.0,1720175500.0,4019306592.0,腾讯日K/前复权日K,2026-08-07T20:33:10+08:00,20260926T093659
159915,创业板ETF易方达,SZSE,2020-07-10,2.384,2.706,2.375,2.685,2.384,2.706,2.375,2.685,1.0,2299586100.0,5874765584.0,腾讯日K/前复权日K,2026-08-07T20:33:10+08:00,20260926T093659
159915,创业板ETF易方达,SZSE,2020-07-17,2.693,2.81,2.529,2.583,2.693,2.81,2.529,2.583,1.0,4211272100.0,11298120176.0,腾讯日K/前复权日K,2026-08-07T20:33:10+08:00,20260926T093659
159915,创业板ETF易方达,SZSE,2020-07-24,2.62,2.713,2.525,2.537,2.62,2.713,2.525,2.537,1.0,3278890400.0,8611754848.0,腾讯日K/前复权日K,2026-08-07T20:33:10+08:00,20260926T093659
159915,创业板ETF易方达,SZSE,2020-07-31,2.544,2.724,2.513,2.708,2.544,2.724,2.513,2.708,1.0,2245186900.0,5890954032.0,腾讯日K/前复权日K,2026-08-07T20:33:10+08:00,20260926T093659
159915,创业板ETF易方达,SZSE,2020-08-07,2.734,2.794,2.61,2.657,2.734,2.794,2.61,2.657,1.0,2053505300.0,5594367344.0,腾讯日K/前复权日K,2026-08-07T20:33:10+08:00,20260926T093659
159915,创业板ETF易方达,SZSE,2020-08-14,2.641,2.68,2.492,2.579,2.641,2.68,2.492,2.579,1.0,2224643500.0,5724257808.0,腾讯日K/前复权日K,2026-08-07T20:33:10+08:00,20260926T093659
159915,创业板ETF易方达,SZSE,2020-08-21,2.591,2.631,2.272,2.546,2.591,2.631,2.272,2.546,1.0,1905736900.0,4886802256.0,腾讯日K/前复权日K,2026-08-07T20:33:10+08:00,20260926T093659
159915,创业板ETF易方达,SZSE,2020-08-28,2.563,2.67,2.503,2.666,2.563,2.67,2.503,2.666,1.0,2064643900.0,5363803840.0,腾讯日K/前复权日K,2026-08-07T20:33:10+08:00,20260926T093659
159915,创业板ETF易方达,SZSE,2020-09-04,2.676,2.696,2.596,2.638,2.676,2.696,2.596,2.638,1.0,1596903900.0,4234947120.0,腾讯日K/前复权日K,2026-08-07T20:33:10+08:00,20260926T093659
159915,创业板ETF易方达,SZSE,2020-09-11,2.628,2.65,2.39,2.449,2.628,2.65,2.39,2.449,1.0,1942695700.0,4853742816.0,腾讯日K/前复权日K,2026-08-07T20:33:10+08:00,20260926T093659
159915,创业板ETF易方达,SZSE,2020-09-18,2.476,2.515,2.437,2.513,2.476,2.515,2.437,2.513,1.0,1267002400.0,3144747296.0,腾讯日K/前复权日K,2026-08-07T20:33:10+08:00,20260926T093659
159915,创业板ETF易方达,SZSE,2020-09-25,2.516,2.52,2.444,2.457,2.516,2.52,2.444,2.457,1.0,1103132400.0,2738740976.0,腾讯日K/前复权日K,2026-08-07T20:33:10+08:00,20260926T093659
159915,创业板ETF易方达,SZSE,2020-09-30,2.465,2.513,2.432,2.489,2.465,2.513,2.432,2.489,1.0,593759900.0,1467163088.0,腾讯日K/前复权日K,2026-08-07T20:33:10+08:00,20260926T093659
159915,创业板ETF易方达,SZSE,2020-10-09,2.539,2.586,2.534,2.581,2.539,2.586,2.534,2.581,1.0,244202500.0,626372576.0,腾讯日K/前复权日K,2026-08-07T20:33:10+08:00,20260926T093659
159915,创业板ETF易方达,SZSE,2020-10-16,2.606,2.697,2.601,2.634,2.606,2.697,2.601,2.634,1.0,1236842400.0,3288065504.0,腾讯日K/前复权日K,2026-08-07T20:33:10+08:00,20260926T093659
159915,创业板ETF易方达,SZSE,2020-10-23,2.648,2.656,2.504,2.516,2.648,2.656,2.504,2.516,1.0,1411761800.0,3657275472.0,腾讯日K/前复权日K,2026-08-07T20:33:10+08:00,20260926T093659
159915,创业板ETF易方达,SZSE,2020-10-30,2.5,2.619,2.468,2.563,2.5,2.619,2.468,2.563,1.0,1366086100.0,3493079184.0,腾讯日K/前复权日K,2026-08-07T20:33:10+08:00,20260926T093659
159915,创业板ETF易方达,SZSE,2020-11-06,2.57,2.697,2.57,2.637,2.57,2.697,2.57,2.637,1.0,1275617600.0,3368582544.0,腾讯日K/前复权日K,2026-08-07T20:33:10+08:00,20260926T093659
159915,创业板ETF易方达,SZSE,2020-11-13,2.653,2.736,2.59,2.619,2.653,2.736,2.59,2.619,1.0,1533945500.0,4066343536.0,腾讯日K/前复权日K,2026-08-07T20:33:10+08:00,20260926T093659
159915,创业板ETF易方达,SZSE,2020-11-20,2.626,2.627,2.506,2.576,2.626,2.627,2.506,2.576,1.0,1746527900.0,4473166560.0,腾讯日K/前复权日K,2026-08-07T20:33:10+08:00,20260926T093659
159915,创业板ETF易方达,SZSE,2020-11-27,2.579,2.612,2.498,2.532,2.579,2.612,2.498,2.532,1.0,1398146900.0,3562929696.0,腾讯日K/前复权日K,2026-08-07T20:33:10+08:00,20260926T093659
159915,创业板ETF易方达,SZSE,2020-12-04,2.532,2.64,2.506,2.637,2.532,2.64,2.506,2.637,1.0,1588097000.0,4102180736.0,腾讯日K/前复权日K,2026-08-07T20:33:10+08:00,20260926T093659
159915,创业板ETF易方达,SZSE,2020-12-11,2.625,2.665,2.575,2.601,2.625,2.665,2.575,2.601,1.0,1124729400.0,2952522544.0,腾讯日K/前复权日K,2026-08-07T20:33:10+08:00,20260926T093659
159915,创业板ETF易方达,SZSE,2020-12-18,2.6,2.706,2.585,2.688,2.6,2.706,2.585,2.688,1.0,1009922000.0,2687241136.0,腾讯日K/前复权日K,2026-08-07T20:33:10+08:00,20260926T093659
159915,创业板ETF易方达,SZSE,2020-12-25,2.687,2.792,2.686,2.749,2.687,2.792,2.686,2.749,1.0,1935291300.0,5298100528.0,腾讯日K/前复权日K,2026-08-07T20:33:10+08:00,20260926T093659
159915,创业板ETF易方达,SZSE,2020-12-31,2.748,2.869,2.702,2.866,2.748,2.869,2.702,2.866,1.0,921031900.0,2564409936.0,腾讯日K/前复权日K,2026-08-07T20:33:10+08:00,20260926T093659
159915,创业板ETF易方达,SZSE,2021-01-08,2.864,3.086,2.861,3.036,2.864,3.086,2.861,3.036,1.0,1113062700.0,3325411904.0,腾讯日K/前复权日K,2026-08-07T20:33:10+08:00,20260926T093659
159915,创业板ETF易方达,SZSE,2021-01-15,3.052,3.094,2.919,2.99,3.052,3.094,2.919,2.99,1.0,1113300300.0,3344833232.0,腾讯日K/前复权日K,2026-08-07T20:33:10+08:00,20260926T093659
159915,创业板ETF易方达,SZSE,2021-01-22,2.969,3.252,2.949,3.241,2.969,3.252,2.949,3.241,1.0,1224858600.0,3785275776.0,腾讯日K/前复权日K,2026-08-07T20:33:10+08:00,20260926T093659
159915,创业板ETF易方达,SZSE,2021-01-29,3.242,3.307,2.966,3.029,3.242,3.307,2.966,3.029,1.0,1370234700.0,4288894784.0,腾讯日K/前复权日K,2026-08-07T20:33:10+08:00,20260926T093659
159915,创业板ETF易方达,SZSE,2021-02-05,3.024,3.16,3.001,3.084,3.024,3.16,3.001,3.084,1.0,1097718100.0,3398102128.0,腾讯日K/前复权日K,2026-08-07T20:33:10+08:00,20260926T093659
159915,创业板ETF易方达,SZSE,2021-02-10,3.171,3.309,3.163,3.293,3.171,3.309,3.163,3.293,1.0,476706600.0,1540408160.0,腾讯日K/前复权日K,2026-08-07T20:33:10+08:00,20260926T093659
159915,创业板ETF易方达,SZSE,2021-02-19,3.353,3.359,3.086,3.17,3.353,3.359,3.086,3.17,1.0,694373500.0,2211375120.0,腾讯日K/前复权日K,2026-08-07T20:33:10+08:00,20260926T093659
159915,创业板ETF易方达,SZSE,2021-02-26,3.156,3.159,2.79,2.814,3.156,3.159,2.79,2.814,1.0,2575841900.0,7554790048.0,腾讯日K/前复权日K,2026-08-07T20:33:10+08:00,20260926T093659
159915,创业板ETF易方达,SZSE,2021-03-05,2.85,2.915,2.705,2.772,2.85,2.915,2.705,2.772,1.0,2443132300.0,6888275088.0,腾讯日K/前复权日K,2026-08-07T20:33:10+08:00,20260926T093659
159915,创业板ETF易方达,SZSE,2021-03-12,2.783,2.803,2.52,2.658,2.783,2.803,2.52,2.658,1.0,3084518600.0,8126518080.0,腾讯日K/前复权日K,2026-08-07T20:33:10+08:00,20260926T093659
159915,创业板ETF易方达,SZSE,2021-03-19,2.64,2.661,2.523,2.579,2.64,2.661,2.523,2.579,1.0,1856616300.0,4811486640.0,腾讯日K/前复权日K,2026-08-07T20:33:10+08:00,20260926T093659
159915,创业板ETF易方达,SZSE,2021-03-26,2.583,2.658,2.515,2.65,2.583,2.658,2.515,2.65,1.0,1783645100.0,4612852496.0,腾讯日K/前复权日K,2026-08-07T20:33:10+08:00,20260926T093659
159915,创业板ETF易方达,SZSE,2021-04-02,2.644,2.769,2.621,2.756,2.644,2.769,2.621,2.756,1.0,1343577200.0,3606132160.0,腾讯日K/前复权日K,2026-08-07T20:33:10+08:00,20260926T093659
159915,创业板ETF易方达,SZSE,2021-04-09,2.762,2.769,2.677,2.69,2.762,2.769,2.677,2.69,1.0,824397500.0,2236543312.0,腾讯日K/前复权日K,2026-08-07T20:33:10+08:00,20260926T093659
159915,创业板ETF易方达,SZSE,2021-04-16,2.683,2.715,2.618,2.688,2.683,2.715,2.618,2.688,1.0,1288405200.0,3442652848.0,腾讯日K/前复权日K,2026-08-07T20:33:10+08:00,20260926T093659
159915,创业板ETF易方达,SZSE,2021-04-23,2.681,2.905,2.672,2.891,2.681,2.905,2.672,2.891,1.0,1435464200.0,4032117120.0,腾讯日K/前复权日K,2026-08-07T20:33:10+08:00,20260926T093659
159915,创业板ETF易方达,SZSE,2021-04-30,2.91,3.004,2.846,2.989,2.91,3.004,2.846,2.989,1.0,1331274900.0,3892475664.0,腾讯日K/前复权日K,2026-08-07T20:33:10+08:00,20260926T093659
159915,创业板ETF易方达,SZSE,2021-05-07,2.963,2.963,2.816,2.819,2.963,2.963,2.816,2.819,1.0,567525100.0,1635790320.0,腾讯日K/前复权日K,2026-08-07T20:33:10+08:00,20260926T093659
159915,创业板ETF易方达,SZSE,2021-05-14,2.82,2.938,2.769,2.937,2.82,2.938,2.769,2.937,1.0,1221903900.0,3473351568.0,腾讯日K/前复权日K,2026-08-07T20:33:10+08:00,20260926T093659
159915,创业板ETF易方达,SZSE,2021-05-21,2.945,3.065,2.945,3.012,2.945,3.065,2.945,3.012,1.0,1063955500.0,3202029168.0,腾讯日K/前复权日K,2026-08-07T20:33:10+08:00,20260926T093659
159915,创业板ETF易方达,SZSE,2021-05-28,3.01,3.175,2.972,3.121,3.01,3.175,2.972,3.121,1.0,1070146900.0,3310993856.0,腾讯日K/前复权日K,2026-08-07T20:33:10+08:00,20260926T093659
159915,创业板ETF易方达,SZSE,2021-06-04,3.13,3.202,3.077,3.141,3.13,3.202,3.077,3.141,1.0,913647900.0,2878668208.0,腾讯日K/前复权日K,2026-08-07T20:33:10+08:00,20260926T093659
159915,创业板ETF易方达,SZSE,2021-06-11,3.136,3.212,3.079,3.195,3.136,3.212,3.079,3.195,1.0,907088400.0,2851954960.0,腾讯日K/前复权日K,2026-08-07T20:33:10+08:00,20260926T093659
159915,创业板ETF易方达,SZSE,2021-06-18,3.191,3.199,3.021,3.137,3.191,3.199,3.021,3.137,1.0,966889400.0,2998950160.0,腾讯日K/前复权日K,2026-08-07T20:33:10+08:00,20260926T093659
159915,创业板ETF易方达,SZSE,2021-06-25,3.127,3.254,3.1,3.243,3.127,3.254,3.1,3.243,1.0,968728400.0,3087262512.0,腾讯日K/前复权日K,2026-08-07T20:33:10+08:00,20260926T093659
159915,创业板ETF易方达,SZSE,2021-07-02,3.238,3.388,3.224,3.227,3.238,3.388,3.224,3.227,1.0,1069679200.0,3544919328.0,腾讯日K/前复权日K,2026-08-07T20:33:10+08:00,20260926T093659
159915,创业板ETF易方达,SZSE,2021-07-09,3.223,3.36,3.142,3.303,3.223,3.36,3.142,3.303,1.0,1172436300.0,3817534576.0,腾讯日K/前复权日K,2026-08-07T20:33:10+08:00,20260926T093659
159915,创业板ETF易方达,SZSE,2021-07-16,3.339,3.452,3.315,3.328,3.339,3.452,3.315,3.328,1.0,940577200.0,3191395312.0,腾讯日K/前复权日K,2026-08-07T20:33:10+08:00,20260926T093659
159915,创业板ETF易方达,SZSE,2021-07-23,3.326,3.463,3.311,3.367,3.326,3.463,3.311,3.367,1.0,893690200.0,3028505296.0,腾讯日K/前复权日K,2026-08-07T20:33:10+08:00,20260926T093659
159915,创业板ETF易方达,SZSE,2021-07-30,3.34,3.371,3.063,3.328,3.34,3.371,3.063,3.328,1.0,1456926200.0,4735884064.0,腾讯日K/前复权日K,2026-08-07T20:33:10+08:00,20260926T093659
159915,创业板ETF易方达,SZSE,2021-08-06,3.328,3.457,3.29,3.386,3.328,3.457,3.29,3.386,1.0,947723300.0,3208194048.0,腾讯日K/前复权日K,2026-08-07T20:33:10+08:00,20260926T093659
159915,创业板ETF易方达,SZSE,2021-08-13,3.351,3.366,3.228,3.249,3.351,3.366,3.228,3.249,1.0,976122300.0,3241025776.0,腾讯日K/前复权日K,2026-08-07T20:33:10+08:00,20260926T093659
159915,创业板ETF易方达,SZSE,2021-08-20,3.225,3.244,3.067,3.1,3.225,3.244,3.067,3.1,1.0,1204076400.0,3798814784.0,腾讯日K/前复权日K,2026-08-07T20:33:10+08:00,20260926T093659
159915,创业板ETF易方达,SZSE,2021-08-27,3.105,3.261,3.102,3.158,3.105,3.261,3.102,3.158,1.0,888599000.0,2835153232.0,腾讯日K/前复权日K,2026-08-07T20:33:10+08:00,20260926T093659
159915,创业板ETF易方达,SZSE,2021-09-03,3.17,3.214,2.996,3.01,3.17,3.214,2.996,3.01,1.0,997111300.0,3079289968.0,腾讯日K/前复权日K,2026-08-07T20:33:10+08:00,20260926T093659
159915,创业板ETF易方达,SZSE,2021-09-10,3.012,3.18,2.993,3.135,3.012,3.18,2.993,3.135,1.0,928239400.0,2887243552.0,腾讯日K/前复权日K,2026-08-07T20:33:10+08:00,20260926T093659
159915,创业板ETF易方达,SZSE,2021-09-17,3.127,3.174,3.026,3.097,3.127,3.174,3.026,3.097,1.0,791869500.0,2453886720.0,腾讯日K/前复权日K,2026-08-07T20:33:10+08:00,20260926T093659
159915,创业板ETF易方达,SZSE,2021-09-24,3.057,3.147,3.051,3.109,3.057,3.147,3.051,3.109,1.0,479126300.0,1482960544.0,腾讯日K/前复权日K,2026-08-07T20:33:10+08:00,20260926T093659
159915,创业板ETF易方达,SZSE,2021-09-30,3.119,3.177,3.067,3.148,3.119,3.177,3.067,3.148,1.0,601207000.0,1880101520.0,腾讯日K/前复权日K,2026-08-07T20:33:10+08:00,20260926T093659
159915,创业板ETF易方达,SZSE,2021-10-08,3.169,3.186,3.125,3.138,3.169,3.186,3.125,3.138,1.0,146534800.0,462007152.0,腾讯日K/前复权日K,2026-08-07T20:33:10+08:00,20260926T093659
159915,创业板ETF易方达,SZSE,2021-10-15,3.147,3.18,3.013,3.176,3.147,3.18,3.013,3.176,1.0,765280000.0,2374277504.0,腾讯日K/前复权日K,2026-08-07T20:33:10+08:00,20260926T093659
159915,创业板ETF易方达,SZSE,2021-10-22,3.178,3.215,3.128,3.185,3.178,3.215,3.128,3.185,1.0,564180400.0,1793389184.0,腾讯日K/前复权日K,2026-08-07T20:33:10+08:00,20260926T093659
159915,创业板ETF易方达,SZSE,2021-10-29,3.182,3.262,3.151,3.249,3.182,3.262,3.151,3.249,1.0,605122300.0,1943016512.0,腾讯日K/前复权日K,2026-08-07T20:33:10+08:00,20260926T093659
159915,创业板ETF易方达,SZSE,2021-11-05,3.245,3.276,3.198,3.248,3.245,3.276,3.198,3.248,1.0,584869200.0,1896723504.0,腾讯日K/前复权日K,2026-08-07T20:33:10+08:00,20260926T093659
159915,创业板ETF易方达,SZSE,2021-11-12,3.24,3.335,3.234,3.324,3.24,3.335,3.234,3.324,1.0,532667700.0,1752151152.0,腾讯日K/前复权日K,2026-08-07T20:33:10+08:00,20260926T093659
159915,创业板ETF易方达,SZSE,2021-11-19,3.324,3.329,3.268,3.313,3.324,3.329,3.268,3.313,1.0,551614300.0,1818686656.0,腾讯日K/前复权日K,2026-08-07T20:33:10+08:00,20260926T093659
159915,创业板ETF易方达,SZSE,2021-11-26,3.322,3.402,3.314,3.364,3.322,3.402,3.314,3.364,1.0,492676200.0,1661035128.0,腾讯日K/前复权日K,2026-08-07T20:33:10+08:00,20260926T093659
159915,创业板ETF易方达,SZSE,2021-12-03,3.345,3.411,3.338,3.37,3.345,3.411,3.338,3.37,1.0,521336400.0,1759405964.0,腾讯日K/前复权日K,2026-08-07T20:33:10+08:00,20260926T093659
159915,创业板ETF易方达,SZSE,2021-12-10,3.354,3.377,3.235,3.37,3.354,3.377,3.235,3.37,1.0,591807200.0,1960069429.0,腾讯日K/前复权日K,2026-08-07T20:33:10+08:00,20260926T093659
159915,创业板ETF易方达,SZSE,2021-12-17,3.362,3.411,3.32,3.328,3.362,3.411,3.32,3.328,1.0,427976200.0,1443190568.0,腾讯日K/前复权日K,2026-08-07T20:33:10+08:00,20260926T093659
159915,创业板ETF易方达,SZSE,2021-12-24,3.322,3.328,3.181,3.196,3.322,3.328,3.181,3.196,1.0,629709100.0,2042503564.0,腾讯日K/前复权日K,2026-08-07T20:33:10+08:00,20260926T093659
159915,创业板ETF易方达,SZSE,2021-12-31,3.183,3.247,3.173,3.218,3.183,3.247,3.173,3.218,1.0,694259100.0,2224869056.0,腾讯日K/前复权日K,2026-08-07T20:33:10+08:00,20260926T093659
159915,创业板ETF易方达,SZSE,2022-01-07,3.236,3.242,2.998,3.003,3.236,3.242,2.998,3.003,1.0,1112900400.0,3400003264.0,腾讯日K/前复权日K,2026-08-07T20:33:10+08:00,20260926T093659
159915,创业板ETF易方达,SZSE,2022-01-14,3.0,3.043,2.956,3.015,3.0,3.043,2.956,3.015,1.0,1268594400.0,3805154976.0,腾讯日K/前复权日K,2026-08-07T20:33:10+08:00,20260926T093659
159915,创业板ETF易方达,SZSE,2022-01-21,3.0,3.075,2.927,2.941,3.0,3.075,2.927,2.941,1.0,1115749100.0,3345190288.0,腾讯日K/前复权日K,2026-08-07T20:33:10+08:00,20260926T093659
159915,创业板ETF易方达,SZSE,2022-01-28,2.929,2.972,2.794,2.819,2.929,2.972,2.794,2.819,1.0,1461640900.0,4217516640.0,腾讯日K/前复权日K,2026-08-07T20:33:10+08:00,20260926T093659
159915,创业板ETF易方达,SZSE,2022-02-11,2.87,2.891,2.655,2.66,2.87,2.891,2.655,2.66,1.0,1793414400.0,4930335168.0,腾讯日K/前复权日K,2026-08-07T20:33:10+08:00,20260926T093659
159915,创业板ETF易方达,SZSE,2022-02-18,2.648,2.768,2.626,2.739,2.648,2.768,2.626,2.739,1.0,1762114100.0,4772133056.0,腾讯日K/前复权日K,2026-08-07T20:33:10+08:00,20260926T093659
159915,创业板ETF易方达,SZSE,2022-02-25,2.739,2.79,2.656,2.763,2.739,2.79,2.656,2.763,1.0,1868275400.0,5080979104.0,腾讯日K/前复权日K,2026-08-07T20:33:10+08:00,20260926T093659
159915,创业板ETF易方达,SZSE,2022-03-04,2.763,2.814,2.652,2.662,2.763,2.814,2.652,2.662,1.0,1695753400.0,4637046592.0,腾讯日K/前复权日K,2026-08-07T20:33:10+08:00,20260926T093659
159915,创业板ETF易方达,SZSE,2022-03-11,2.641,2.642,2.388,2.583,2.641,2.642,2.388,2.583,1.0,3992522700.0,10086677712.0,腾讯日K/前复权日K,2026-08-07T20:33:10+08:00,20260926T093659
159915,创业板ETF易方达,SZSE,2022-03-18,2.547,2.674,2.4,2.635,2.547,2.674,2.4,2.635,1.0,3728420300.0,9472933600.0,腾讯日K/前复权日K,2026-08-07T20:33:10+08:00,20260926T093659
159915,创业板ETF易方达,SZSE,2022-03-25,2.639,2.666,2.559,2.565,2.639,2.666,2.559,2.565,1.0,2050673200.0,5350250656.0,腾讯日K/前复权日K,2026-08-07T20:33:10+08:00,20260926T093659
159915,创业板ETF易方达,SZSE,2022-04-01,2.54,2.61,2.494,2.58,2.54,2.61,2.494,2.58,1.0,2315589000.0,5913639232.0,腾讯日K/前复权日K,2026-08-07T20:33:10+08:00,20260926T093659
159915,创业板ETF易方达,SZSE,2022-04-08,2.566,2.577,2.467,2.491,2.566,2.577,2.467,2.491,1.0,1142961900.0,2877517424.0,腾讯日K/前复权日K,2026-08-07T20:33:10+08:00,20260926T093659
159915,创业板ETF易方达,SZSE,2022-04-15,2.46,2.465,2.339,2.385,2.46,2.465,2.339,2.385,1.0,2834576600.0,6794666784.0,腾讯日K/前复权日K,2026-08-07T20:33:10+08:00,20260926T093659
159915,创业板ETF易方达,SZSE,2022-04-22,2.361,2.43,2.207,2.225,2.361,2.43,2.207,2.225,1.0,3044796600.0,7039782992.0,腾讯日K/前复权日K,2026-08-07T20:33:10+08:00,20260926T093659
159915,创业板ETF易方达,SZSE,2022-04-29,2.177,2.25,2.057,2.244,2.177,2.25,2.057,2.244,1.0,5046498500.0,10819914432.0,腾讯日K/前复权日K,2026-08-07T20:33:10+08:00,20260926T093659
159915,创业板ETF易方达,SZSE,2022-05-06,2.2,2.244,2.148,2.177,2.2,2.244,2.148,2.177,1.0,1499119400.0,3291501984.0,腾讯日K/前复权日K,2026-08-07T20:33:10+08:00,20260926T093659
159915,创业板ETF易方达,SZSE,2022-05-13,2.165,2.323,2.121,2.285,2.165,2.323,2.121,2.285,1.0,3294513300.0,7409393312.0,腾讯日K/前复权日K,2026-08-07T20:33:10+08:00,20260926T093659
159915,创业板ETF易方达,SZSE,2022-05-20,2.295,2.352,2.249,2.347,2.295,2.352,2.249,2.347,1.0,1876824700.0,4305119728.0,腾讯日K/前复权日K,2026-08-07T20:33:10+08:00,20260926T093659
159915,创业板ETF易方达,SZSE,2022-05-27,2.347,2.348,2.212,2.251,2.347,2.348,2.212,2.251,1.0,2276329900.0,5167375552.0,腾讯日K/前复权日K,2026-08-07T20:33:10+08:00,20260926T093659
159915,创业板ETF易方达,SZSE,2022-06-02,2.262,2.389,2.251,2.386,2.262,2.389,2.251,2.386,1.0,1496749500.0,3477338208.0,腾讯日K/前复权日K,2026-08-07T20:33:10+08:00,20260926T093659
159915,创业板ETF易方达,SZSE,2022-06-10,2.38,2.498,2.379,2.48,2.38,2.498,2.379,2.48,1.0,1820291500.0,4475565104.0,腾讯日K/前复权日K,2026-08-07T20:33:10+08:00,20260926T093659
159915,创业板ETF易方达,SZSE,2022-06-17,2.458,2.588,2.388,2.584,2.458,2.588,2.388,2.584,1.0,2033462500.0,5077820256.0,腾讯日K/前复权日K,2026-08-07T20:33:10+08:00,20260926T093659
159915,创业板ETF易方达,SZSE,2022-06-24,2.59,2.74,2.586,2.738,2.59,2.74,2.586,2.738,1.0,1793029000.0,4736079024.0,腾讯日K/前复权日K,2026-08-07T20:33:10+08:00,20260926T093659
159915,创业板ETF易方达,SZSE,2022-07-01,2.751,2.78,2.68,2.699,2.751,2.78,2.68,2.699,1.0,1830396900.0,4990485888.0,腾讯日K/前复权日K,2026-08-07T20:33:10+08:00,20260926T093659
159915,创业板ETF易方达,SZSE,2022-07-08,2.682,2.803,2.663,2.731,2.682,2.803,2.663,2.731,1.0,1735558900.0,4754646224.0,腾讯日K/前复权日K,2026-08-07T20:33:10+08:00,20260926T093659
159915,创业板ETF易方达,SZSE,2022-07-15,2.729,2.758,2.595,2.68,2.729,2.758,2.595,2.68,1.0,1821454800.0,4886173767.255,腾讯日K/前复权日K,2026-08-07T20:33:10+08:00,20260926T093659
159915,创业板ETF易方达,SZSE,2022-07-22,2.685,2.732,2.635,2.651,2.685,2.732,2.635,2.651,1.0,1338601800.0,3595420518.447,腾讯日K/前复权日K,2026-08-07T20:33:10+08:00,20260926T093659
159915,创业板ETF易方达,SZSE,2022-07-29,2.647,2.669,2.588,2.594,2.647,2.669,2.588,2.594,1.0,1418507300.0,3728202059.708,腾讯日K/前复权日K,2026-08-07T20:33:10+08:00,20260926T093659
159915,创业板ETF易方达,SZSE,2022-08-05,2.58,2.657,2.536,2.606,2.58,2.657,2.536,2.606,1.0,1523915100.0,3952396617.201,腾讯日K/前复权日K,2026-08-07T20:33:10+08:00,20260926T093659
159915,创业板ETF易方达,SZSE,2022-08-12,2.588,2.647,2.57,2.613,2.588,2.647,2.57,2.613,1.0,1140356800.0,2972302089.1940002,腾讯日K/前复权日K,2026-08-07T20:33:10+08:00,20260926T093659
159915,创业板ETF易方达,SZSE,2022-08-19,2.606,2.713,2.606,2.653,2.606,2.713,2.606,2.653,1.0,1063864000.0,2838333413.949,腾讯日K/前复权日K,2026-08-07T20:33:10+08:00,20260926T093659
159915,创业板ETF易方达,SZSE,2022-08-26,2.65,2.721,2.556,2.566,2.65,2.721,2.556,2.566,1.0,1314395100.0,3461815759.1549997,腾讯日K/前复权日K,2026-08-07T20:33:10+08:00,20260926T093659
159915,创业板ETF易方达,SZSE,2022-09-02,2.541,2.564,2.443,2.461,2.541,2.564,2.443,2.461,1.0,1422496500.0,3557956258.692,腾讯日K/前复权日K,2026-08-07T20:33:10+08:00,20260926T093659
159915,创业板ETF易方达,SZSE,2022-09-09,2.454,2.509,2.42,2.476,2.454,2.509,2.42,2.476,1.0,1766570900.0,4354076581.589,腾讯日K/前复权日K,2026-08-07T20:33:10+08:00,20260926T093659
159915,创业板ETF易方达,SZSE,2022-09-16,2.485,2.494,2.297,2.297,2.485,2.494,2.297,2.297,1.0,1413191000.0,3369438537.061,腾讯日K/前复权日K,2026-08-07T20:33:10+08:00,20260926T093659
159915,创业板ETF易方达,SZSE,2022-09-23,2.292,2.327,2.209,2.239,2.292,2.327,2.209,2.239,1.0,2179592900.0,4945938931.949,腾讯日K/前复权日K,2026-08-07T20:33:10+08:00,20260926T093659
159915,创业板ETF易方达,SZSE,2022-09-30,2.226,2.306,2.219,2.221,2.226,2.306,2.219,2.221,1.0,2316293100.0,5246193538.145,腾讯日K/前复权日K,2026-08-07T20:33:10+08:00,20260926T093659
159915,创业板ETF易方达,SZSE,2022-10-14,2.219,2.38,2.166,2.365,2.219,2.38,2.166,2.365,1.0,2813826700.0,6344925342.941,腾讯日K/前复权日K,2026-08-07T20:33:10+08:00,20260926T093659
159915,创业板ETF易方达,SZSE,2022-10-21,2.349,2.397,2.296,2.321,2.349,2.397,2.296,2.321,1.0,2353181700.0,5529325990.581,腾讯日K/前复权日K,2026-08-07T20:33:10+08:00,20260926T093659
159915,创业板ETF易方达,SZSE,2022-10-28,2.323,2.348,2.179,2.187,2.323,2.348,2.179,2.187,1.0,3372154400.0,7651874385.118,腾讯日K/前复权日K,2026-08-07T20:33:10+08:00,20260926T093659
159915,创业板ETF易方达,SZSE,2022-11-04,2.166,2.394,2.164,2.383,2.166,2.394,2.164,2.383,1.0,3482991700.0,7928418585.639,腾讯日K/前复权日K,2026-08-07T20:33:10+08:00,20260926T093659
159915,创业板ETF易方达,SZSE,2022-11-11,2.372,2.4,2.276,2.33,2.372,2.4,2.276,2.33,1.0,3313512700.0,7766740484.224,腾讯日K/前复权日K,2026-08-07T20:33:10+08:00,20260926T093659
159915,创业板ETF易方达,SZSE,2022-11-18,2.333,2.372,2.281,2.315,2.333,2.372,2.281,2.315,1.0,3203765100.0,7448192973.571,腾讯日K/前复权日K,2026-08-07T20:33:10+08:00,20260926T093659
159915,创业板ETF易方达,SZSE,2022-11-25,2.298,2.32,2.233,2.242,2.298,2.32,2.233,2.242,1.0,2221440600.0,5055356565.688,腾讯日K/前复权日K,2026-08-07T20:33:10+08:00,20260926T093659
159915,创业板ETF易方达,SZSE,2022-12-02,2.203,2.339,2.197,2.316,2.203,2.339,2.197,2.316,1.0,2638588300.0,6005582796.372,腾讯日K/前复权日K,2026-08-07T20:33:10+08:00,20260926T093659
159915,创业板ETF易方达,SZSE,2022-12-09,2.327,2.359,2.298,2.348,2.327,2.359,2.298,2.348,1.0,2663256100.0,6199375599.717,腾讯日K/前复权日K,2026-08-07T20:33:10+08:00,20260926T093659
159915,创业板ETF易方达,SZSE,2022-12-16,2.342,2.348,2.291,2.298,2.342,2.348,2.291,2.298,1.0,1915824100.0,4433723040.802,腾讯日K/前复权日K,2026-08-07T20:33:10+08:00,20260926T093659
159915,创业板ETF易方达,SZSE,2022-12-23,2.304,2.317,2.207,2.222,2.304,2.317,2.207,2.222,1.0,2038246200.0,4586517505.503,腾讯日K/前复权日K,2026-08-07T20:33:10+08:00,20260926T093659
159915,创业板ETF易方达,SZSE,2022-12-30,2.224,2.298,2.222,2.279,2.224,2.298,2.222,2.279,1.0,2382758300.0,5413441735.402,腾讯日K/前复权日K,2026-08-07T20:33:10+08:00,20260926T093659
159915,创业板ETF易方达,SZSE,2023-01-06,2.267,2.368,2.246,2.35,2.267,2.368,2.246,2.35,1.0,1936682500.0,4460082990.0130005,腾讯日K/前复权日K,2026-08-07T20:33:10+08:00,20260926T093659
159915,创业板ETF易方达,SZSE,2023-01-13,2.361,2.417,2.356,2.417,2.361,2.417,2.356,2.417,1.0,1715045800.0,4092570607.958,腾讯日K/前复权日K,2026-08-07T20:33:10+08:00,20260926T093659
159915,创业板ETF易方达,SZSE,2023-01-20,2.421,2.518,2.417,2.507,2.421,2.518,2.417,2.507,1.0,1728711000.0,4283844540.651,腾讯日K/前复权日K,2026-08-07T20:33:10+08:00,20260926T093659
159915,创业板ETF易方达,SZSE,2023-02-03,2.577,2.579,2.475,2.5,2.577,2.579,2.475,2.5,1.0,2181936000.0,5511439780.943,腾讯日K/前复权日K,2026-08-07T20:33:10+08:00,20260926T093659
159915,创业板ETF易方达,SZSE,2023-02-10,2.486,2.496,2.44,2.465,2.486,2.496,2.44,2.465,1.0,2113192800.0,5214771142.88,腾讯日K/前复权日K,2026-08-07T20:33:10+08:00,20260926T093659
159915,创业板ETF易方达,SZSE,2023-02-17,2.463,2.508,2.375,2.378,2.463,2.508,2.375,2.378,1.0,1982557500.0,4865111894.1710005,腾讯日K/前复权日K,2026-08-07T20:33:10+08:00,20260926T093659
159915,创业板ETF易方达,SZSE,2023-02-24,2.372,2.409,2.353,2.357,2.372,2.409,2.353,2.357,1.0,2131981900.0,5075441977.882,腾讯日K/前复权日K,2026-08-07T20:33:10+08:00,20260926T093659
159915,创业板ETF易方达,SZSE,2023-03-03,2.347,2.378,2.332,2.352,2.347,2.378,2.332,2.352,1.0,2691065900.0,6330865540.864,腾讯日K/前复权日K,2026-08-07T20:33:10+08:00,20260926T093659
159915,创业板ETF易方达,SZSE,2023-03-10,2.356,2.365,2.284,2.3,2.356,2.365,2.284,2.3,1.0,4118442900.0,9548710546.623001,腾讯日K/前复权日K,2026-08-07T20:33:10+08:00,20260926T093659
159915,创业板ETF易方达,SZSE,2023-03-17,2.295,2.306,2.221,2.228,2.295,2.306,2.221,2.228,1.0,6137372000.0,13876949207.443,腾讯日K/前复权日K,2026-08-07T20:33:10+08:00,20260926T093659
159915,创业板ETF易方达,SZSE,2023-03-24,2.229,2.3,2.213,2.297,2.229,2.3,2.213,2.297,1.0,6366345400.0,14384892359.522,腾讯日K/前复权日K,2026-08-07T20:33:10+08:00,20260926T093659
159915,创业板ETF易方达,SZSE,2023-03-31,2.293,2.328,2.29,2.327,2.293,2.328,2.29,2.327,1.0,3626769000.0,8378438197.087,腾讯日K/前复权日K,2026-08-07T20:33:10+08:00,20260926T093659
159915,创业板ETF易方达,SZSE,2023-04-07,2.327,2.38,2.327,2.369,2.327,2.38,2.327,2.369,1.0,3003182700.0,7062488016.076,腾讯日K/前复权日K,2026-08-07T20:33:10+08:00,20260926T093659
159915,创业板ETF易方达,SZSE,2023-04-14,2.379,2.386,2.332,2.355,2.379,2.386,2.332,2.355,1.0,2843286100.0,6704831485.545,腾讯日K/前复权日K,2026-08-07T20:33:10+08:00,20260926T093659
159915,创业板ETF易方达,SZSE,2023-04-21,2.354,2.372,2.268,2.269,2.354,2.372,2.268,2.269,1.0,2435982500.0,5675903725.116,腾讯日K/前复权日K,2026-08-07T20:33:10+08:00,20260926T093659
159915,创业板ETF易方达,SZSE,2023-04-28,2.267,2.269,2.178,2.255,2.267,2.269,2.178,2.255,1.0,4070908000.0,9043143479.26,腾讯日K/前复权日K,2026-08-07T20:33:10+08:00,20260926T093659
159915,创业板ETF易方达,SZSE,2023-05-05,2.253,2.253,2.194,2.202,2.253,2.253,2.194,2.202,1.0,910362100.0,2020355825.43,腾讯日K/前复权日K,2026-08-07T20:33:10+08:00,20260926T093659
159915,创业板ETF易方达,SZSE,2023-05-12,2.21,2.229,2.166,2.185,2.21,2.229,2.166,2.185,1.0,4192675300.0,9219927107.432999,腾讯日K/前复权日K,2026-08-07T20:33:10+08:00,20260926T093659
159915,创业板ETF易方达,SZSE,2023-05-19,2.192,2.244,2.19,2.215,2.192,2.244,2.19,2.215,1.0,3153046800.0,7003773468.663,腾讯日K/前复权日K,2026-08-07T20:33:10+08:00,20260926T093659
159915,创业板ETF易方达,SZSE,2023-05-26,2.216,2.227,2.153,2.167,2.216,2.227,2.153,2.167,1.0,3681040200.0,8050783062.784,腾讯日K/前复权日K,2026-08-07T20:33:10+08:00,20260926T093659
159915,创业板ETF易方达,SZSE,2023-06-02,2.171,2.179,2.12,2.175,2.171,2.179,2.12,2.175,1.0,3957993100.0,8507486182.748,腾讯日K/前复权日K,2026-08-07T20:33:10+08:00,20260926T093659
159915,创业板ETF易方达,SZSE,2023-06-09,2.173,2.173,2.064,2.086,2.173,2.173,2.064,2.086,1.0,4515741000.0,9479638480.453,腾讯日K/前复权日K,2026-08-07T20:33:10+08:00,20260926T093659
159915,创业板ETF易方达,SZSE,2023-06-16,2.08,2.215,2.076,2.208,2.08,2.215,2.076,2.208,1.0,5113746400.0,10942254055.053,腾讯日K/前复权日K,2026-08-07T20:33:10+08:00,20260926T093659
159915,创业板ETF易方达,SZSE,2023-06-21,2.211,2.22,2.155,2.156,2.211,2.22,2.155,2.156,1.0,2033884000.0,4470968591.917,腾讯日K/前复权日K,2026-08-07T20:33:10+08:00,20260926T093659
159915,创业板ETF易方达,SZSE,2023-06-30,2.14,2.174,2.107,2.164,2.14,2.174,2.107,2.164,1.0,3321754500.0,7107233997.082,腾讯日K/前复权日K,2026-08-07T20:33:10+08:00,20260926T093659
159915,创业板ETF易方达,SZSE,2023-07-07,2.168,2.185,2.116,2.118,2.168,2.185,2.116,2.118,1.0,2458952100.0,5296658498.856,腾讯日K/前复权日K,2026-08-07T20:33:10+08:00,20260926T093659
159915,创业板ETF易方达,SZSE,2023-07-14,2.127,2.187,2.126,2.169,2.127,2.187,2.126,2.169,1.0,2541675000.0,5489317428.674,腾讯日K/前复权日K,2026-08-07T20:33:10+08:00,20260926T093659
159915,创业板ETF易方达,SZSE,2023-07-21,2.163,2.164,2.097,2.11,2.163,2.164,2.097,2.11,1.0,2881300600.0,6134268210.554,腾讯日K/前复权日K,2026-08-07T20:33:10+08:00,20260926T093659
159915,创业板ETF易方达,SZSE,2023-07-28,2.1,2.169,2.088,2.163,2.1,2.169,2.088,2.163,1.0,3673778200.0,7825493633.332,腾讯日K/前复权日K,2026-08-07T20:33:10+08:00,20260926T093659
159915,创业板ETF易方达,SZSE,2023-08-04,2.172,2.225,2.158,2.204,2.172,2.225,2.158,2.204,1.0,2885832700.0,6311643008.958,腾讯日K/前复权日K,2026-08-07T20:33:10+08:00,20260926T093659
159915,创业板ETF易方达,SZSE,2023-08-11,2.198,2.201,2.129,2.129,2.198,2.201,2.129,2.129,1.0,2709333100.0,5888873634.532,腾讯日K/前复权日K,2026-08-07T20:33:10+08:00,20260926T093659
159915,创业板ETF易方达,SZSE,2023-08-18,2.112,2.116,2.061,2.065,2.112,2.116,2.061,2.065,1.0,3253476200.0,6801010540.235,腾讯日K/前复权日K,2026-08-07T20:33:10+08:00,20260926T093659
159915,创业板ETF易方达,SZSE,2023-08-25,2.061,2.061,1.982,1.991,2.061,2.061,1.982,1.991,1.0,4413067900.0,8899891087.392,腾讯日K/前复权日K,2026-08-07T20:33:10+08:00,20260926T093659
159915,创业板ETF易方达,SZSE,2023-09-01,2.136,2.136,2.0,2.049,2.136,2.136,2.0,2.049,1.0,3865432800.0,7952400466.815001,腾讯日K/前复权日K,2026-08-07T20:33:10+08:00,20260926T093659
159915,创业板ETF易方达,SZSE,2023-09-08,2.058,2.069,1.987,1.998,2.058,2.069,1.987,1.998,1.0,2657637100.0,5409900742.679,腾讯日K/前复权日K,2026-08-07T20:33:10+08:00,20260926T093659
159915,创业板ETF易方达,SZSE,2023-09-15,2.0,2.025,1.946,1.954,2.0,2.025,1.946,1.954,1.0,3347207000.0,6616596985.368,腾讯日K/前复权日K,2026-08-07T20:33:10+08:00,20260926T093659
159915,创业板ETF易方达,SZSE,2023-09-22,1.951,1.982,1.911,1.964,1.951,1.982,1.911,1.964,1.0,3544341700.0,6900387255.040999,腾讯日K/前复权日K,2026-08-07T20:33:10+08:00,20260926T093659
159915,创业板ETF易方达,SZSE,2023-09-28,1.955,1.977,1.935,1.953,1.955,1.977,1.935,1.953,1.0,2218868000.0,4334000251.554,腾讯日K/前复权日K,2026-08-07T20:33:10+08:00,20260926T093659
159915,创业板ETF易方达,SZSE,2023-10-13,1.95,1.971,1.928,1.945,1.95,1.971,1.928,1.945,1.0,2698202400.0,5264157444.033,腾讯日K/前复权日K,2026-08-07T20:33:10+08:00,20260926T093659
159915,创业板ETF易方达,SZSE,2023-10-20,1.945,1.947,1.845,1.85,1.945,1.947,1.845,1.85,1.0,3216980600.0,6075538880.272,腾讯日K/前复权日K,2026-08-07T20:33:10+08:00,20260926T093659
159915,创业板ETF易方达,SZSE,2023-10-27,1.845,1.888,1.793,1.881,1.845,1.888,1.793,1.881,1.0,4873205000.0,8925409496.493,腾讯日K/前复权日K,2026-08-07T20:33:10+08:00,20260926T093659
159915,创业板ETF易方达,SZSE,2023-11-03,1.874,1.933,1.874,1.918,1.874,1.933,1.874,1.918,1.0,3486801100.0,6663869819.242,腾讯日K/前复权日K,2026-08-07T20:33:10+08:00,20260926T093659
159915,创业板ETF易方达,SZSE,2023-11-10,1.93,1.983,1.93,1.955,1.93,1.983,1.93,1.955,1.0,3546217300.0,6972646941.12,腾讯日K/前复权日K,2026-08-07T20:33:10+08:00,20260926T093659
159915,创业板ETF易方达,SZSE,2023-11-17,1.965,1.983,1.918,1.934,1.965,1.983,1.918,1.934,1.0,2871679700.0,5602748924.592,腾讯日K/前复权日K,2026-08-07T20:33:10+08:00,20260926T093659
159915,创业板ETF易方达,SZSE,2023-11-24,1.934,1.962,1.885,1.888,1.934,1.962,1.885,1.888,1.0,3191478700.0,6122518173.714,腾讯日K/前复权日K,2026-08-07T20:33:10+08:00,20260926T093659
159915,创业板ETF易方达,SZSE,2023-12-01,1.883,1.89,1.856,1.881,1.883,1.89,1.856,1.881,1.0,2412353000.0,4524152825.22,腾讯日K/前复权日K,2026-08-07T20:33:10+08:00,20260926T093659
159915,创业板ETF易方达,SZSE,2023-12-08,1.878,1.88,1.816,1.843,1.878,1.88,1.816,1.843,1.0,2919343800.0,5381177597.749,腾讯日K/前复权日K,2026-08-07T20:33:10+08:00,20260926T093659
159915,创业板ETF易方达,SZSE,2023-12-15,1.836,1.872,1.795,1.802,1.836,1.872,1.795,1.802,1.0,3585753800.0,6581076471.706,腾讯日K/前复权日K,2026-08-07T20:33:10+08:00,20260926T093659
159915,创业板ETF易方达,SZSE,2023-12-22,1.792,1.801,1.747,1.78,1.792,1.801,1.747,1.78,1.0,3920999000.0,6965027013.728001,腾讯日K/前复权日K,2026-08-07T20:33:10+08:00,20260926T093659
159915,创业板ETF易方达,SZSE,2023-12-29,1.777,1.848,1.75,1.842,1.777,1.848,1.75,1.842,1.0,4380374800.0,7862843117.879,腾讯日K/前复权日K,2026-08-07T20:33:10+08:00,20260926T093659
159915,创业板ETF易方达,SZSE,2024-01-05,1.842,1.842,1.72,1.728,1.842,1.842,1.72,1.728,1.0,3753617800.0,6653301455.25,腾讯日K/前复权日K,2026-08-07T20:33:10+08:00,20260926T093659
159915,创业板ETF易方达,SZSE,2024-01-12,1.724,1.744,1.681,1.714,1.724,1.744,1.681,1.714,1.0,5987968400.0,10264050189.922,腾讯日K/前复权日K,2026-08-07T20:33:10+08:00,20260926T093659
159915,创业板ETF易方达,SZSE,2024-01-19,1.702,1.72,1.635,1.669,1.702,1.72,1.635,1.669,1.0,6576431000.0,11044318309.355999,腾讯日K/前复权日K,2026-08-07T20:33:10+08:00,20260926T093659
159915,创业板ETF易方达,SZSE,2024-01-26,1.663,1.676,1.599,1.637,1.663,1.676,1.599,1.637,1.0,7394980300.0,12171285591.543,腾讯日K/前复权日K,2026-08-07T20:33:10+08:00,20260926T093659
159915,创业板ETF易方达,SZSE,2024-02-02,1.638,1.643,1.471,1.508,1.638,1.643,1.471,1.508,1.0,9683171200.0,15022667864.239,腾讯日K/前复权日K,2026-08-07T20:33:10+08:00,20260926T093659
159915,创业板ETF易方达,SZSE,2024-02-08,1.491,1.718,1.444,1.681,1.491,1.718,1.444,1.681,1.0,16895128000.0,26916603811.699,腾讯日K/前复权日K,2026-08-07T20:33:10+08:00,20260926T093659
159915,创业板ETF易方达,SZSE,2024-02-23,1.704,1.736,1.675,1.709,1.704,1.736,1.675,1.709,1.0,6652700500.0,11289187360.601,腾讯日K/前复权日K,2026-08-07T20:33:10+08:00,20260926T093659
159915,创业板ETF易方达,SZSE,2024-03-01,1.706,1.781,1.69,1.775,1.706,1.781,1.69,1.775,1.0,7023954700.0,12188463290.235,腾讯日K/前复权日K,2026-08-07T20:33:10+08:00,20260926T093659
159915,创业板ETF易方达,SZSE,2024-03-08,1.773,1.805,1.73,1.756,1.773,1.805,1.73,1.756,1.0,7952066100.0,14106856762.766,腾讯日K/前复权日K,2026-08-07T20:33:10+08:00,20260926T093659
159915,创业板ETF易方达,SZSE,2024-03-15,1.76,1.863,1.76,1.833,1.76,1.863,1.76,1.833,1.0,5924677400.0,10810344401.937,腾讯日K/前复权日K,2026-08-07T20:33:10+08:00,20260926T093659
159915,创业板ETF易方达,SZSE,2024-03-22,1.85,1.875,1.808,1.817,1.85,1.875,1.808,1.817,1.0,4606215600.0,8522125695.678,腾讯日K/前复权日K,2026-08-07T20:33:10+08:00,20260926T093659
159915,创业板ETF易方达,SZSE,2024-03-29,1.809,1.819,1.738,1.768,1.809,1.819,1.738,1.768,1.0,4270333800.0,7598785175.203,腾讯日K/前复权日K,2026-08-07T20:33:10+08:00,20260926T093659
159915,创业板ETF易方达,SZSE,2024-04-03,1.78,1.822,1.78,1.79,1.78,1.822,1.78,1.79,1.0,1984135400.0,3581662099.936,腾讯日K/前复权日K,2026-08-07T20:33:10+08:00,20260926T093659
159915,创业板ETF易方达,SZSE,2024-04-12,1.785,1.789,1.711,1.713,1.785,1.789,1.711,1.713,1.0,3375917600.0,5892397556.475,腾讯日K/前复权日K,2026-08-07T20:33:10+08:00,20260926T093659
159915,创业板ETF易方达,SZSE,2024-04-19,1.712,1.759,1.692,1.705,1.712,1.759,1.692,1.705,1.0,4089972900.0,7077144034.241,腾讯日K/前复权日K,2026-08-07T20:33:10+08:00,20260926T093659
159915,创业板ETF易方达,SZSE,2024-04-26,1.695,1.777,1.687,1.774,1.695,1.777,1.687,1.774,1.0,3170914200.0,5466690539.093,腾讯日K/前复权日K,2026-08-07T20:33:10+08:00,20260926T093659
159915,创业板ETF易方达,SZSE,2024-04-30,1.78,1.854,1.78,1.816,1.78,1.854,1.78,1.816,1.0,1948914800.0,3557037963.363,腾讯日K/前复权日K,2026-08-07T20:33:10+08:00,20260926T093659
159915,创业板ETF易方达,SZSE,2024-05-10,1.852,1.863,1.82,1.84,1.852,1.863,1.82,1.84,1.0,3410823200.0,6293551882.004,腾讯日K/前复权日K,2026-08-07T20:33:10+08:00,20260926T093659
159915,创业板ETF易方达,SZSE,2024-05-17,1.819,1.835,1.791,1.824,1.819,1.835,1.791,1.824,1.0,3072539100.0,5565728937.821,腾讯日K/前复权日K,2026-08-07T20:33:10+08:00,20260926T093659
159915,创业板ETF易方达,SZSE,2024-05-24,1.828,1.844,1.778,1.781,1.828,1.844,1.778,1.781,1.0,3360220100.0,6113163754.836,腾讯日K/前复权日K,2026-08-07T20:33:10+08:00,20260926T093659
159915,创业板ETF易方达,SZSE,2024-05-31,1.784,1.794,1.762,1.772,1.784,1.794,1.762,1.772,1.0,2704863900.0,4807659006.082,腾讯日K/前复权日K,2026-08-07T20:33:10+08:00,20260926T093659
159915,创业板ETF易方达,SZSE,2024-06-07,1.769,1.821,1.729,1.748,1.769,1.821,1.729,1.748,1.0,3487834700.0,6217574449.5529995,腾讯日K/前复权日K,2026-08-07T20:33:10+08:00,20260926T093659
159915,创业板ETF易方达,SZSE,2024-06-14,1.735,1.766,1.726,1.756,1.735,1.766,1.726,1.756,1.0,2371085400.0,4137992649.605,腾讯日K/前复权日K,2026-08-07T20:33:10+08:00,20260926T093659
159915,创业板ETF易方达,SZSE,2024-06-21,1.746,1.785,1.709,1.723,1.746,1.785,1.709,1.723,1.0,2932439700.0,5134189917.113,腾讯日K/前复权日K,2026-08-07T20:33:10+08:00,20260926T093659
159915,创业板ETF易方达,SZSE,2024-06-28,1.711,1.721,1.647,1.652,1.711,1.721,1.647,1.652,1.0,3869228700.0,6505938712.455999,腾讯日K/前复权日K,2026-08-07T20:33:10+08:00,20260926T093659
159915,创业板ETF易方达,SZSE,2024-07-05,1.648,1.658,1.601,1.623,1.648,1.658,1.601,1.623,1.0,3833069700.0,6243928800.312,腾讯日K/前复权日K,2026-08-07T20:33:10+08:00,20260926T093659
159915,创业板ETF易方达,SZSE,2024-07-12,1.615,1.664,1.584,1.653,1.615,1.664,1.584,1.653,1.0,4470413100.0,7271157667.886,腾讯日K/前复权日K,2026-08-07T20:33:10+08:00,20260926T093659
159915,创业板ETF易方达,SZSE,2024-07-19,1.644,1.699,1.633,1.692,1.644,1.699,1.633,1.692,1.0,6001306400.0,10004679684.609,腾讯日K/前复权日K,2026-08-07T20:33:10+08:00,20260926T093659
159915,创业板ETF易方达,SZSE,2024-07-26,1.693,1.702,1.607,1.627,1.693,1.702,1.607,1.627,1.0,3520159900.0,5798614054.193,腾讯日K/前复权日K,2026-08-07T20:33:10+08:00,20260926T093659
159915,创业板ETF易方达,SZSE,2024-08-02,1.622,1.663,1.591,1.609,1.622,1.663,1.591,1.609,1.0,4637166400.0,7530188150.432,腾讯日K/前复权日K,2026-08-07T20:33:10+08:00,20260926T093659
159915,创业板ETF易方达,SZSE,2024-08-09,1.592,1.625,1.566,1.566,1.592,1.625,1.566,1.566,1.0,4553442600.0,7241326274.441,腾讯日K/前复权日K,2026-08-07T20:33:10+08:00,20260926T093659
159915,创业板ETF易方达,SZSE,2024-08-16,1.566,1.579,1.55,1.561,1.566,1.579,1.55,1.561,1.0,4325460400.0,6764821671.457,腾讯日K/前复权日K,2026-08-07T20:33:10+08:00,20260926T093659
159915,创业板ETF易方达,SZSE,2024-08-23,1.56,1.577,1.509,1.517,1.56,1.577,1.509,1.517,1.0,4530647100.0,6954182888.585,腾讯日K/前复权日K,2026-08-07T20:33:10+08:00,20260926T093659
159915,创业板ETF易方达,SZSE,2024-08-30,1.517,1.571,1.484,1.552,1.517,1.571,1.484,1.552,1.0,6195834000.0,9417764493.178,腾讯日K/前复权日K,2026-08-07T20:33:10+08:00,20260926T093659
159915,创业板ETF易方达,SZSE,2024-09-06,1.547,1.552,1.503,1.508,1.547,1.552,1.503,1.508,1.0,5518900100.0,8412507162.926,腾讯日K/前复权日K,2026-08-07T20:33:10+08:00,20260926T093659
159915,创业板ETF易方达,SZSE,2024-09-13,1.5,1.549,1.495,1.509,1.5,1.549,1.495,1.509,1.0,6930217000.0,10516442381.091,腾讯日K/前复权日K,2026-08-07T20:33:10+08:00,20260926T093659
159915,创业板ETF易方达,SZSE,2024-09-20,1.505,1.537,1.492,1.508,1.505,1.537,1.492,1.508,1.0,4897196900.0,7391759756.166,腾讯日K/前复权日K,2026-08-07T20:33:10+08:00,20260926T093659
159915,创业板ETF易方达,SZSE,2024-09-27,1.507,1.89,1.5,1.86,1.507,1.89,1.5,1.86,1.0,15771087700.0,26230458051.978,腾讯日K/前复权日K,2026-08-07T20:33:10+08:00,20260926T093659
159915,创业板ETF易方达,SZSE,2024-09-30,2.0,2.232,1.928,2.232,2.0,2.232,1.928,2.232,1.0,6977214500.0,14533319604.382,腾讯日K/前复权日K,2026-08-07T20:33:10+08:00,20260926T093659
159915,创业板ETF易方达,SZSE,2024-10-11,2.678,2.678,2.026,2.06,2.678,2.678,2.026,2.06,1.0,50391688200.0,119066720859.702,腾讯日K/前复权日K,2026-08-07T20:33:10+08:00,20260926T093659
159915,创业板ETF易方达,SZSE,2024-10-18,2.078,2.256,1.986,2.156,2.078,2.256,1.986,2.156,1.0,25199783200.0,52241732003.138,腾讯日K/前复权日K,2026-08-07T20:33:10+08:00,20260926T093659
159915,创业板ETF易方达,SZSE,2024-10-25,2.162,2.236,2.126,2.196,2.162,2.236,2.126,2.196,1.0,17252762500.0,37484765519.853,腾讯日K/前复权日K,2026-08-07T20:33:10+08:00,20260926T093659
159915,创业板ETF易方达,SZSE,2024-11-01,2.193,2.198,2.08,2.084,2.193,2.198,2.08,2.084,1.0,12537920000.0,26780339642.668,腾讯日K/前复权日K,2026-08-07T20:33:10+08:00,20260926T093659
159915,创业板ETF易方达,SZSE,2024-11-08,2.081,2.365,2.08,2.282,2.081,2.365,2.08,2.282,1.0,19031806700.0,42704277800.751,腾讯日K/前复权日K,2026-08-07T20:33:10+08:00,20260926T093659
159915,创业板ETF易方达,SZSE,2024-11-15,2.25,2.402,2.201,2.204,2.25,2.402,2.201,2.204,1.0,14153944100.0,32827830605.819,腾讯日K/前复权日K,2026-08-07T20:33:10+08:00,20260926T093659
159915,创业板ETF易方达,SZSE,2024-11-22,2.205,2.24,2.132,2.136,2.205,2.24,2.132,2.136,1.0,11987943200.0,26245990032.488,腾讯日K/前复权日K,2026-08-07T20:33:10+08:00,20260926T093659
159915,创业板ETF易方达,SZSE,2024-11-29,2.14,2.221,2.079,2.179,2.14,2.221,2.079,2.179,1.0,10415037400.0,22329994141.08,腾讯日K/前复权日K,2026-08-07T20:33:10+08:00,20260926T093659
159915,创业板ETF易方达,SZSE,2024-12-06,2.172,2.247,2.161,2.224,2.172,2.247,2.161,2.224,1.0,8753306000.0,19257036901.427,腾讯日K/前复权日K,2026-08-07T20:33:10+08:00,20260926T093659
159915,创业板ETF易方达,SZSE,2024-12-13,2.219,2.32,2.185,2.193,2.219,2.32,2.185,2.193,1.0,10156909700.0,22688926659.459,腾讯日K/前复权日K,2026-08-07T20:33:10+08:00,20260926T093659
159915,创业板ETF易方达,SZSE,2024-12-20,2.19,2.192,2.132,2.169,2.19,2.192,2.132,2.169,1.0,6728448800.0,14566192657.619,腾讯日K/前复权日K,2026-08-07T20:33:10+08:00,20260926T093659
159915,创业板ETF易方达,SZSE,2024-12-27,2.163,2.192,2.142,2.163,2.163,2.192,2.142,2.163,1.0,6566649400.0,14201796830.467,腾讯日K/前复权日K,2026-08-07T20:33:10+08:00,20260926T093659
159915,创业板ETF易方达,SZSE,2025-01-03,2.158,2.174,1.976,1.978,2.158,2.174,1.976,1.978,1.0,7241625600.0,15007455351.859,腾讯日K/前复权日K,2026-08-07T20:33:10+08:00,20260926T093659
159915,创业板ETF易方达,SZSE,2025-01-10,1.978,1.994,1.925,1.938,1.978,1.994,1.925,1.938,1.0,8213171400.0,16171488516.448,腾讯日K/前复权日K,2026-08-07T20:33:10+08:00,20260926T093659
159915,创业板ETF易方达,SZSE,2025-01-17,1.916,2.044,1.916,2.026,1.916,2.044,1.916,2.026,1.0,9478883700.0,18946542659.698997,腾讯日K/前复权日K,2026-08-07T20:33:10+08:00,20260926T093659
159915,创业板ETF易方达,SZSE,2025-01-24,2.047,2.11,2.041,2.084,2.047,2.11,2.041,2.084,1.0,7351014000.0,15208209885.802,腾讯日K/前复权日K,2026-08-07T20:33:10+08:00,20260926T093659
159915,创业板ETF易方达,SZSE,2025-01-27,2.086,2.087,2.028,2.028,2.086,2.087,2.028,2.028,1.0,1424693200.0,2922348702.718,腾讯日K/前复权日K,2026-08-07T20:33:10+08:00,20260926T093659
159915,创业板ETF易方达,SZSE,2025-02-07,2.043,2.159,2.016,2.131,2.043,2.159,2.016,2.131,1.0,5553740800.0,11584713396.511,腾讯日K/前复权日K,2026-08-07T20:33:10+08:00,20260926T093659
159915,创业板ETF易方达,SZSE,2025-02-14,2.14,2.181,2.101,2.174,2.14,2.181,2.101,2.174,1.0,7608781100.0,16290845751.079,腾讯日K/前复权日K,2026-08-07T20:33:10+08:00,20260926T093659
159915,创业板ETF易方达,SZSE,2025-02-21,2.198,2.242,2.131,2.239,2.198,2.242,2.131,2.239,1.0,7193854400.0,15726039442.427,腾讯日K/前复权日K,2026-08-07T20:33:10+08:00,20260926T093659
159915,创业板ETF易方达,SZSE,2025-02-28,2.232,2.24,2.123,2.128,2.232,2.24,2.123,2.128,1.0,7582337300.0,16664355987.242,腾讯日K/前复权日K,2026-08-07T20:33:10+08:00,20260926T093659
159915,创业板ETF易方达,SZSE,2025-03-07,2.133,2.2,2.12,2.16,2.133,2.2,2.12,2.16,1.0,7069488300.0,15287954388.47,腾讯日K/前复权日K,2026-08-07T20:33:10+08:00,20260926T093659
159915,创业板ETF易方达,SZSE,2025-03-14,2.166,2.19,2.113,2.186,2.166,2.19,2.113,2.186,1.0,6290429200.0,13546866165.167,腾讯日K/前复权日K,2026-08-07T20:33:10+08:00,20260926T093659
159915,创业板ETF易方达,SZSE,2025-03-21,2.188,2.201,2.108,2.112,2.188,2.201,2.108,2.112,1.0,5387474400.0,11662585619.341,腾讯日K/前复权日K,2026-08-07T20:33:10+08:00,20260926T093659
159915,创业板ETF易方达,SZSE,2025-03-28,2.11,2.125,2.076,2.089,2.11,2.125,2.076,2.089,1.0,4511390600.0,9485729816.079,腾讯日K/前复权日K,2026-08-07T20:33:10+08:00,20260926T093659
159915,创业板ETF易方达,SZSE,2025-04-03,2.079,2.087,2.018,2.027,2.079,2.087,2.018,2.027,1.0,4455267100.0,9160954786.416,腾讯日K/前复权日K,2026-08-07T20:33:10+08:00,20260926T093659
159915,创业板ETF易方达,SZSE,2025-04-11,1.93,1.931,1.721,1.892,1.93,1.931,1.721,1.892,1.0,17843301400.0,32686463808.285,腾讯日K/前复权日K,2026-08-07T20:33:10+08:00,20260926T093659
159915,创业板ETF易方达,SZSE,2025-04-18,1.915,1.919,1.844,1.878,1.915,1.919,1.844,1.878,1.0,6023110800.0,11324133620.153,腾讯日K/前复权日K,2026-08-07T20:33:10+08:00,20260926T093659
159915,创业板ETF易方达,SZSE,2025-04-25,1.874,1.933,1.865,1.92,1.874,1.933,1.865,1.92,1.0,6038929100.0,11542842743.542,腾讯日K/前复权日K,2026-08-07T20:33:10+08:00,20260926T093659
159915,创业板ETF易方达,SZSE,2025-04-30,1.918,1.926,1.895,1.921,1.918,1.926,1.895,1.921,1.0,2444192600.0,4672994644.382,腾讯日K/前复权日K,2026-08-07T20:33:10+08:00,20260926T093659
159915,创业板ETF易方达,SZSE,2025-05-09,1.936,2.007,1.935,1.984,1.936,2.007,1.935,1.984,1.0,5175705600.0,10230997504.918,腾讯日K/前复权日K,2026-08-07T20:33:10+08:00,20260926T093659
159915,创业板ETF易方达,SZSE,2025-05-16,2.013,2.074,2.005,2.008,2.013,2.074,2.005,2.008,1.0,5322809400.0,10805626122.522999,腾讯日K/前复权日K,2026-08-07T20:33:10+08:00,20260926T093659
159915,创业板ETF易方达,SZSE,2025-05-23,2.006,2.047,1.988,1.994,2.006,2.047,1.988,1.994,1.0,3835345400.0,7738277131.753,腾讯日K/前复权日K,2026-08-07T20:33:10+08:00,20260926T093659
159915,创业板ETF易方达,SZSE,2025-05-30,1.99,1.997,1.956,1.972,1.99,1.997,1.956,1.972,1.0,3814605500.0,7524371466.777,腾讯日K/前复权日K,2026-08-07T20:33:10+08:00,20260926T093659
159915,创业板ETF易方达,SZSE,2025-06-06,1.961,2.029,1.96,2.017,1.961,2.029,1.96,2.017,1.0,2637990400.0,5277683864.035999,腾讯日K/前复权日K,2026-08-07T20:33:10+08:00,20260926T093659
159915,创业板ETF易方达,SZSE,2025-06-13,2.02,2.053,1.999,2.02,2.02,2.053,1.999,2.02,1.0,3998996500.0,8128519553.036,腾讯日K/前复权日K,2026-08-07T20:33:10+08:00,20260926T093659
159915,创业板ETF易方达,SZSE,2025-06-20,2.019,2.041,1.987,1.988,2.019,2.041,1.987,1.988,1.0,2707637300.0,5465929983.404,腾讯日K/前复权日K,2026-08-07T20:33:10+08:00,20260926T093659
159915,创业板ETF易方达,SZSE,2025-06-27,1.98,2.125,1.975,2.101,1.98,2.125,1.975,2.101,1.0,5720657800.0,11846904898.808,腾讯日K/前复权日K,2026-08-07T20:33:10+08:00,20260926T093659
159915,创业板ETF易方达,SZSE,2025-07-04,2.11,2.167,2.097,2.133,2.11,2.167,2.097,2.133,1.0,4546981000.0,9666325216.05,腾讯日K/前复权日K,2026-08-07T20:33:10+08:00,20260926T093659
159915,创业板ETF易方达,SZSE,2025-07-11,2.126,2.202,2.106,2.185,2.126,2.202,2.106,2.185,1.0,5132104100.0,11073523511.855,腾讯日K/前复权日K,2026-08-07T20:33:10+08:00,20260926T093659
159915,创业板ETF易方达,SZSE,2025-07-18,2.18,2.274,2.167,2.252,2.18,2.274,2.167,2.252,1.0,4800517700.0,10657326456.997,腾讯日K/前复权日K,2026-08-07T20:33:10+08:00,20260926T093659
159915,创业板ETF易方达,SZSE,2025-07-25,2.258,2.326,2.251,2.318,2.258,2.326,2.251,2.318,1.0,5098893300.0,11684486873.133,腾讯日K/前复权日K,2026-08-07T20:33:10+08:00,20260926T093659
159915,创业板ETF易方达,SZSE,2025-08-01,2.322,2.384,2.281,2.303,2.322,2.384,2.281,2.303,1.0,6819908000.0,15948277615.732,腾讯日K/前复权日K,2026-08-07T20:33:10+08:00,20260926T093659
159915,创业板ETF易方达,SZSE,2025-08-08,2.285,2.35,2.282,2.312,2.285,2.35,2.282,2.312,1.0,4530454900.0,10493698628.301,腾讯日K/前复权日K,2026-08-07T20:33:10+08:00,20260926T093659
159915,创业板ETF易方达,SZSE,2025-08-15,2.317,2.518,2.312,2.509,2.317,2.518,2.312,2.509,1.0,7085886400.0,17195838752.569,腾讯日K/前复权日K,2026-08-07T20:33:10+08:00,20260926T093659
159915,创业板ETF易方达,SZSE,2025-08-22,2.52,2.663,2.504,2.662,2.52,2.663,2.504,2.662,1.0,10040497900.0,25918289571.503998,腾讯日K/前复权日K,2026-08-07T20:33:10+08:00,20260926T093659
159915,创业板ETF易方达,SZSE,2025-08-29,2.693,2.909,2.675,2.865,2.693,2.909,2.675,2.865,1.0,12944805400.0,35643459112.213,腾讯日K/前复权日K,2026-08-07T20:33:10+08:00,20260926T093659
159915,创业板ETF易方达,SZSE,2025-09-05,2.88,2.954,2.716,2.944,2.88,2.954,2.716,2.944,1.0,14249705700.0,40696857765.529,腾讯日K/前复权日K,2026-08-07T20:33:10+08:00,20260926T093659
159915,创业板ETF易方达,SZSE,2025-09-12,2.946,3.033,2.818,2.995,2.946,3.033,2.818,2.995,1.0,10816232700.0,31631960686.336998,腾讯日K/前复权日K,2026-08-07T20:33:10+08:00,20260926T093659
159915,创业板ETF易方达,SZSE,2025-09-19,3.006,3.141,2.993,3.062,3.006,3.141,2.993,3.062,1.0,9702349300.0,29786328664.350998,腾讯日K/前复权日K,2026-08-07T20:33:10+08:00,20260926T093659
159915,创业板ETF易方达,SZSE,2025-09-26,3.068,3.24,3.015,3.129,3.068,3.24,3.015,3.129,1.0,8877559900.0,27726566041.120003,腾讯日K/前复权日K,2026-08-07T20:33:10+08:00,20260926T093659
159915,创业板ETF易方达,SZSE,2025-09-30,3.126,3.254,3.126,3.217,3.126,3.254,3.126,3.217,1.0,2873018300.0,9203679071.588001,腾讯日K/前复权日K,2026-08-07T20:33:10+08:00,20260926T093659
159915,创业板ETF易方达,SZSE,2025-10-10,3.217,3.297,3.072,3.095,3.217,3.297,3.072,3.095,1.0,3971209700.0,12648885092.83,腾讯日K/前复权日K,2026-08-07T20:33:10+08:00,20260926T093659
159915,创业板ETF易方达,SZSE,2025-10-17,2.952,3.106,2.905,2.915,2.952,3.106,2.905,2.915,1.0,9613711000.0,28770894134.33,腾讯日K/前复权日K,2026-08-07T20:33:10+08:00,20260926T093659
159915,创业板ETF易方达,SZSE,2025-10-24,2.976,3.147,2.948,3.147,2.976,3.147,2.948,3.147,1.0,6960197000.0,21131532744.892,腾讯日K/前复权日K,2026-08-07T20:33:10+08:00,20260926T093659
159915,创业板ETF易方达,SZSE,2025-10-31,3.209,3.308,3.155,3.166,3.209,3.308,3.155,3.166,1.0,7135660700.0,23047124379.222,腾讯日K/前复权日K,2026-08-07T20:33:10+08:00,20260926T093659
159915,创业板ETF易方达,SZSE,2025-11-07,3.152,3.218,3.046,3.185,3.152,3.218,3.046,3.185,1.0,6187688200.0,19471905045.123,腾讯日K/前复权日K,2026-08-07T20:33:10+08:00,20260926T093659
159915,创业板ETF易方达,SZSE,2025-11-14,3.2,3.215,3.058,3.093,3.2,3.215,3.058,3.093,1.0,6237085300.0,19534012996.309,腾讯日K/前复权日K,2026-08-07T20:33:10+08:00,20260926T093659
159915,创业板ETF易方达,SZSE,2025-11-21,3.074,3.113,2.903,2.904,3.074,3.113,2.903,2.904,1.0,7322895000.0,22143394601.314,腾讯日K/前复权日K,2026-08-07T20:33:10+08:00,20260926T093659
159915,创业板ETF易方达,SZSE,2025-11-28,2.925,3.093,2.873,3.035,2.925,3.093,2.873,3.035,1.0,7680885100.0,22934591839.482002,腾讯日K/前复权日K,2026-08-07T20:33:10+08:00,20260926T093659
159915,创业板ETF易方达,SZSE,2025-12-05,3.044,3.098,2.997,3.089,3.044,3.098,2.997,3.089,1.0,4086302500.0,12462451062.337,腾讯日K/前复权日K,2026-08-07T20:33:10+08:00,20260926T093659
159915,创业板ETF易方达,SZSE,2025-12-12,3.101,3.226,3.099,3.174,3.101,3.226,3.099,3.174,1.0,5150894700.0,16335655873.179,腾讯日K/前复权日K,2026-08-07T20:33:10+08:00,20260926T093659
159915,创业板ETF易方达,SZSE,2025-12-19,3.14,3.167,3.043,3.107,3.14,3.167,3.043,3.107,1.0,6142126100.0,19093347346.426,腾讯日K/前复权日K,2026-08-07T20:33:10+08:00,20260926T093659
159915,创业板ETF易方达,SZSE,2025-12-26,3.135,3.252,3.135,3.226,3.135,3.252,3.135,3.226,1.0,4890746200.0,15629014676.181,腾讯日K/前复权日K,2026-08-07T20:33:10+08:00,20260926T093659
159915,创业板ETF易方达,SZSE,2025-12-31,3.217,3.239,3.182,3.186,3.217,3.239,3.182,3.186,1.0,2850928400.0,9158227516.068,腾讯日K/前复权日K,2026-08-07T20:33:10+08:00,20260926T093659
159915,创业板ETF易方达,SZSE,2026-01-09,3.215,3.336,3.21,3.314,3.215,3.336,3.21,3.314,1.0,6286742900.0,20654249178.749,腾讯日K/前复权日K,2026-08-07T20:33:10+08:00,20260926T093659
159915,创业板ETF易方达,SZSE,2026-01-16,3.314,3.402,3.267,3.346,3.314,3.402,3.267,3.346,1.0,14978237400.0,50013322018.764,腾讯日K/前复权日K,2026-08-07T20:33:10+08:00,20260926T093659
159915,创业板ETF易方达,SZSE,2026-01-23,3.327,3.369,3.242,3.337,3.327,3.369,3.242,3.337,1.0,8167044700.0,26955196369.128998,腾讯日K/前复权日K,2026-08-07T20:33:10+08:00,20260926T093659
159915,创业板ETF易方达,SZSE,2026-01-30,3.352,3.355,3.241,3.335,3.352,3.355,3.241,3.335,1.0,8311114200.0,27527626480.114,腾讯日K/前复权日K,2026-08-07T20:33:10+08:00,20260926T093659
159915,创业板ETF易方达,SZSE,2026-02-06,3.338,3.376,3.187,3.229,3.338,3.376,3.187,3.229,1.0,5393954800.0,17650906478.22,腾讯日K/前复权日K,2026-08-07T20:33:10+08:00,20260926T093659
159915,创业板ETF易方达,SZSE,2026-02-13,3.288,3.335,3.263,3.265,3.288,3.335,3.263,3.265,1.0,4227198800.0,13943116898.174,腾讯日K/前复权日K,2026-08-07T20:33:10+08:00,20260926T093659
159915,创业板ETF易方达,SZSE,2026-02-27,3.318,3.352,3.282,3.301,3.318,3.352,3.282,3.301,1.0,4189356800.0,13877095891.816,腾讯日K/前复权日K,2026-08-07T20:33:10+08:00,20260926T093659
159915,创业板ETF易方达,SZSE,2026-03-06,3.251,3.32,3.138,3.225,3.251,3.32,3.138,3.225,1.0,7222813200.0,23344766996.199,腾讯日K/前复权日K,2026-08-07T20:33:10+08:00,20260926T093659
159915,创业板ETF易方达,SZSE,2026-03-13,3.183,3.377,3.1,3.3,3.183,3.377,3.1,3.3,1.0,5283468800.0,17250181892.13,腾讯日K/前复权日K,2026-08-07T20:33:10+08:00,20260926T093659
159915,创业板ETF易方达,SZSE,2026-03-20,3.308,3.417,3.265,3.341,3.308,3.417,3.265,3.341,1.0,6552627200.0,21837091055.162003,腾讯日K/前复权日K,2026-08-07T20:33:10+08:00,20260926T093659
159915,创业板ETF易方达,SZSE,2026-03-27,3.3,3.338,3.145,3.293,3.3,3.338,3.145,3.293,1.0,6237376200.0,20355055257.646,腾讯日K/前复权日K,2026-08-07T20:33:10+08:00,20260926T093659
159915,创业板ETF易方达,SZSE,2026-04-03,3.242,3.273,3.139,3.141,3.242,3.273,3.139,3.141,1.0,5276483200.0,16935160267.470001,腾讯日K/前复权日K,2026-08-07T20:33:10+08:00,20260926T093659
159915,创业板ETF易方达,SZSE,2026-04-10,3.153,3.462,3.125,3.437,3.153,3.462,3.125,3.437,1.0,4326360100.0,14320205357.566,腾讯日K/前复权日K,2026-08-07T20:33:10+08:00,20260926T093659
159915,创业板ETF易方达,SZSE,2026-04-17,3.43,3.678,3.421,3.67,3.43,3.678,3.421,3.67,1.0,6440435500.0,22923735266.954,腾讯日K/前复权日K,2026-08-07T20:33:10+08:00,20260926T093659
159915,创业板ETF易方达,SZSE,2026-04-24,3.657,3.789,3.614,3.674,3.657,3.789,3.614,3.674,1.0,7900616300.0,29151591132.486,腾讯日K/前复权日K,2026-08-07T20:33:10+08:00,20260926T093659
159915,创业板ETF易方达,SZSE,2026-04-30,3.68,3.727,3.578,3.689,3.68,3.727,3.578,3.689,1.0,4134643100.0,15114905548.041,腾讯日K/前复权日K,2026-08-07T20:33:10+08:00,20260926T093659
159915,创业板ETF易方达,SZSE,2026-05-08,3.763,3.851,3.733,3.806,3.763,3.851,3.733,3.806,1.0,3828562200.0,14559064299.707,腾讯日K/前复权日K,2026-08-07T20:33:10+08:00,20260926T093659
159915,创业板ETF易方达,SZSE,2026-05-15,3.834,4.104,3.806,3.97,3.834,4.104,3.806,3.97,1.0,7187485300.0,28401641096.713,腾讯日K/前复权日K,2026-08-07T20:33:10+08:00,20260926T093659
159915,创业板ETF易方达,SZSE,2026-05-22,3.912,4.029,3.82,3.946,3.912,4.029,3.82,3.946,1.0,7296594800.0,28594948371.760002,腾讯日K/前复权日K,2026-08-07T20:33:10+08:00,20260926T093659
159915,创业板ETF易方达,SZSE,2026-05-29,3.982,4.174,3.916,4.053,3.982,4.174,3.916,4.053,1.0,7733046600.0,31364952924.955,腾讯日K/前复权日K,2026-08-07T20:33:10+08:00,20260926T093659
159915,创业板ETF易方达,SZSE,2026-06-05,4.047,4.23,3.947,3.977,4.047,4.23,3.947,3.977,1.0,6979940800.0,28417853595.575,腾讯日K/前复权日K,2026-08-07T20:33:10+08:00,20260926T093659
159915,创业板ETF易方达,SZSE,2026-06-12,3.83,3.975,3.77,3.846,3.83,3.975,3.77,3.846,1.0,7402977000.0,28692758830.952,腾讯日K/前复权日K,2026-08-07T20:33:10+08:00,20260926T093659
159915,创业板ETF易方达,SZSE,2026-06-18,3.912,4.288,3.858,4.269,3.912,4.288,3.858,4.269,1.0,4704955500.0,19270788395.064,腾讯日K/前复权日K,2026-08-07T20:33:10+08:00,20260926T093659
159915,创业板ETF易方达,SZSE,2026-06-26,4.291,4.395,4.17,4.215,4.291,4.395,4.17,4.215,1.0,8064891500.0,34491285384.176,腾讯日K/前复权日K,2026-08-07T20:33:10+08:00,20260926T093659
159915,创业板ETF易方达,SZSE,2026-07-03,4.2,4.378,4.0,4.037,4.2,4.378,4.0,4.037,1.0,7183294000.0,30072654834.224,腾讯日K/前复权日K,2026-08-07T20:33:10+08:00,20260926T093659
159915,创业板ETF易方达,SZSE,2026-07-10,4.051,4.088,3.831,3.862,4.051,4.088,3.831,3.862,1.0,8086937700.0,31939734641.326,腾讯日K/前复权日K,2026-08-07T20:33:10+08:00,20260926T093659
159915,创业板ETF易方达,SZSE,2026-07-17,3.81,3.925,3.408,3.463,3.81,3.925,3.408,3.463,1.0,12433639300.0,46058295699.297005,腾讯日K/前复权日K,2026-08-07T20:33:10+08:00,20260926T093659
159915,创业板ETF易方达,SZSE,2026-07-24,3.512,3.716,3.358,3.508,3.512,3.716,3.358,3.508,1.0,16091423800.0,57035130362.159996,腾讯日K/前复权日K,2026-08-07T20:33:10+08:00,20260926T093659
159915,创业板ETF易方达,SZSE,2026-07-31,3.502,3.618,3.182,3.368,3.502,3.618,3.182,3.368,1.0,18879562600.0,63943584285.31,腾讯日K/前复权日K,2026-08-07T20:33:10+08:00,20260926T093659
159915,创业板ETF易方达,SZSE,2026-08-07,3.323,3.636,3.3,3.586,3.323,3.636,3.3,3.586,1.0,11919284400.0,41544930703.858,腾讯日K/前复权日K,2026-08-07T20:33:10+08:00,20260926T093659
159915,创业板ETF易方达,SZSE,2026-08-14,3.586,3.7,3.495,3.645,3.586,3.7,3.495,3.645,1.0,7358392000.0,26506632102.883,腾讯日K/前复权日K,2026-08-16T10:57:23+08:00,20260926T093659
159915,创业板ETF易方达,SZSE,2026-08-21,3.65,3.767,3.473,3.56,3.65,3.767,3.473,3.56,1.0,8761592200.0,31486631102.033,腾讯日K/前复权日K,2026-08-24T09:33:57+08:00,20260926T093659
159915,创业板ETF易方达,SZSE,2026-08-28,3.557,3.57,3.376,3.443,3.557,3.57,3.376,3.443,1.0,8608976900.0,29697306993.6,腾讯日K/前复权日K,2026-08-28T20:24:50+08:00,20260926T093659
159915,创业板ETF易方达,SZSE,2026-09-04,3.389,3.461,3.285,3.305,3.389,3.461,3.285,3.305,1.0,7580301500.0,25517612839.093,腾讯日K/前复权日K,2026-09-05T10:35:53+08:00,20260926T093659
159915,创业板ETF易方达,SZSE,2026-09-11,3.338,3.436,3.28,3.341,3.338,3.436,3.28,3.341,1.0,7916479200.0,26646460148.764,腾讯日K/前复权日K,2026-09-12T10:09:37+08:00,20260926T093659
159915,创业板ETF易方达,SZSE,2026-09-18,3.3,3.418,3.246,3.391,3.3,3.418,3.246,3.391,1.0,7982363100.0,26532648801.766,腾讯日K/前复权日K,2026-09-18T18:31:56+08:00,20260926T093659
159915,创业板ETF易方达,SZSE,2026-09-24,3.421,3.493,3.306,3.312,3.421,3.493,3.306,3.312,1.0,5880541900.0,20066738312.742,腾讯日K/前复权日K,2026-09-26T09:36:59+08:00,20260926T093659
