code,name,exchange,date,raw_open,raw_high,raw_low,raw_close,adj_open,adj_high,adj_low,adj_close,adj_factor,volume,amount,source,source_timestamp,run_id
159915,创业板ETF易方达,SZSE,2011-12-09,0.795,0.814,0.795,0.797,0.795,0.814,0.795,0.797,1.0,106177200.0,85143978.0,腾讯日K/前复权日K,2026-08-07T20:33:10+08:00,20260926T093659
159915,创业板ETF易方达,SZSE,2011-12-12,0.79,0.803,0.79,0.79,0.79,0.803,0.79,0.79,1.0,31106500.0,24856695.0,腾讯日K/前复权日K,2026-08-07T20:33:10+08:00,20260926T093659
159915,创业板ETF易方达,SZSE,2011-12-13,0.788,0.788,0.765,0.769,0.788,0.788,0.765,0.769,1.0,50199400.0,74527488.0,腾讯日K/前复权日K,2026-08-07T20:33:10+08:00,20260926T093659
159915,创业板ETF易方达,SZSE,2011-12-14,0.768,0.777,0.757,0.757,0.768,0.777,0.757,0.757,1.0,79767100.0,62820182.0,腾讯日K/前复权日K,2026-08-07T20:33:10+08:00,20260926T093659
159915,创业板ETF易方达,SZSE,2011-12-15,0.755,0.761,0.747,0.753,0.755,0.761,0.747,0.753,1.0,26317400.0,31372889.0,腾讯日K/前复权日K,2026-08-07T20:33:10+08:00,20260926T093659
159915,创业板ETF易方达,SZSE,2011-12-16,0.75,0.784,0.748,0.781,0.75,0.784,0.748,0.781,1.0,82938400.0,63512993.0,腾讯日K/前复权日K,2026-08-07T20:33:10+08:00,20260926T093659
159915,创业板ETF易方达,SZSE,2011-12-19,0.775,0.795,0.766,0.795,0.775,0.795,0.766,0.795,1.0,106873500.0,83155277.0,腾讯日K/前复权日K,2026-08-07T20:33:10+08:00,20260926T093659
159915,创业板ETF易方达,SZSE,2011-12-20,0.795,0.8,0.78,0.78,0.795,0.8,0.78,0.78,1.0,65199100.0,51697414.0,腾讯日K/前复权日K,2026-08-07T20:33:10+08:00,20260926T093659
159915,创业板ETF易方达,SZSE,2011-12-21,0.786,0.791,0.766,0.766,0.786,0.791,0.766,0.766,1.0,48542500.0,37964790.0,腾讯日K/前复权日K,2026-08-07T20:33:10+08:00,20260926T093659
159915,创业板ETF易方达,SZSE,2011-12-22,0.756,0.768,0.73,0.757,0.756,0.768,0.73,0.757,1.0,70938400.0,53194489.0,腾讯日K/前复权日K,2026-08-07T20:33:10+08:00,20260926T093659
159915,创业板ETF易方达,SZSE,2011-12-23,0.75,0.773,0.749,0.761,0.75,0.773,0.749,0.761,1.0,101360300.0,77374054.0,腾讯日K/前复权日K,2026-08-07T20:33:10+08:00,20260926T093659
159915,创业板ETF易方达,SZSE,2011-12-26,0.759,0.773,0.751,0.755,0.759,0.773,0.751,0.755,1.0,45685400.0,34883835.0,腾讯日K/前复权日K,2026-08-07T20:33:10+08:00,20260926T093659
159915,创业板ETF易方达,SZSE,2011-12-27,0.75,0.754,0.727,0.729,0.75,0.754,0.727,0.729,1.0,109915900.0,81111921.0,腾讯日K/前复权日K,2026-08-07T20:33:10+08:00,20260926T093659
159915,创业板ETF易方达,SZSE,2011-12-28,0.72,0.724,0.703,0.719,0.72,0.724,0.703,0.719,1.0,115703800.0,82723708.0,腾讯日K/前复权日K,2026-08-07T20:33:10+08:00,20260926T093659
159915,创业板ETF易方达,SZSE,2011-12-29,0.713,0.726,0.711,0.718,0.713,0.726,0.711,0.718,1.0,33972000.0,24384469.0,腾讯日K/前复权日K,2026-08-07T20:33:10+08:00,20260926T093659
159915,创业板ETF易方达,SZSE,2011-12-30,0.723,0.732,0.722,0.729,0.723,0.732,0.722,0.729,1.0,77257500.0,56350410.0,腾讯日K/前复权日K,2026-08-07T20:33:10+08:00,20260926T093659
159915,创业板ETF易方达,SZSE,2012-01-04,0.735,0.739,0.708,0.708,0.735,0.739,0.708,0.708,1.0,36049300.0,26238606.0,腾讯日K/前复权日K,2026-08-07T20:33:10+08:00,20260926T093659
159915,创业板ETF易方达,SZSE,2012-01-05,0.705,0.705,0.666,0.672,0.705,0.705,0.666,0.672,1.0,66382200.0,45442460.0,腾讯日K/前复权日K,2026-08-07T20:33:10+08:00,20260926T093659
159915,创业板ETF易方达,SZSE,2012-01-06,0.668,0.676,0.647,0.67,0.668,0.676,0.647,0.67,1.0,138794000.0,91888786.0,腾讯日K/前复权日K,2026-08-07T20:33:10+08:00,20260926T093659
159915,创业板ETF易方达,SZSE,2012-01-09,0.667,0.698,0.658,0.696,0.667,0.698,0.658,0.696,1.0,177847000.0,121144405.0,腾讯日K/前复权日K,2026-08-07T20:33:10+08:00,20260926T093659
159915,创业板ETF易方达,SZSE,2012-01-10,0.696,0.722,0.691,0.72,0.696,0.722,0.691,0.72,1.0,75556100.0,53514933.0,腾讯日K/前复权日K,2026-08-07T20:33:10+08:00,20260926T093659
159915,创业板ETF易方达,SZSE,2012-01-11,0.717,0.731,0.711,0.723,0.717,0.731,0.711,0.723,1.0,125941300.0,90911698.0,腾讯日K/前复权日K,2026-08-07T20:33:10+08:00,20260926T093659
159915,创业板ETF易方达,SZSE,2012-01-12,0.717,0.73,0.71,0.711,0.717,0.73,0.71,0.711,1.0,79838600.0,57588941.0,腾讯日K/前复权日K,2026-08-07T20:33:10+08:00,20260926T093659
159915,创业板ETF易方达,SZSE,2012-01-13,0.709,0.711,0.666,0.668,0.709,0.711,0.666,0.668,1.0,211204100.0,144361268.0,腾讯日K/前复权日K,2026-08-07T20:33:10+08:00,20260926T093659
159915,创业板ETF易方达,SZSE,2012-01-16,0.656,0.66,0.635,0.635,0.656,0.66,0.635,0.635,1.0,92503500.0,60088861.0,腾讯日K/前复权日K,2026-08-07T20:33:10+08:00,20260926T093659
159915,创业板ETF易方达,SZSE,2012-01-17,0.635,0.67,0.627,0.666,0.635,0.67,0.627,0.666,1.0,226998200.0,148188816.0,腾讯日K/前复权日K,2026-08-07T20:33:10+08:00,20260926T093659
159915,创业板ETF易方达,SZSE,2012-01-18,0.665,0.669,0.624,0.624,0.665,0.669,0.624,0.624,1.0,87704100.0,56889723.0,腾讯日K/前复权日K,2026-08-07T20:33:10+08:00,20260926T093659
159915,创业板ETF易方达,SZSE,2012-01-19,0.619,0.639,0.615,0.635,0.619,0.639,0.615,0.635,1.0,101084600.0,63936742.0,腾讯日K/前复权日K,2026-08-07T20:33:10+08:00,20260926T093659
159915,创业板ETF易方达,SZSE,2012-01-20,0.634,0.653,0.634,0.648,0.634,0.653,0.634,0.648,1.0,107639800.0,69456703.0,腾讯日K/前复权日K,2026-08-07T20:33:10+08:00,20260926T093659
159915,创业板ETF易方达,SZSE,2012-01-30,0.649,0.663,0.645,0.655,0.649,0.663,0.645,0.655,1.0,92379600.0,60531023.0,腾讯日K/前复权日K,2026-08-07T20:33:10+08:00,20260926T093659
159915,创业板ETF易方达,SZSE,2012-01-31,0.652,0.655,0.638,0.65,0.652,0.655,0.638,0.65,1.0,62003200.0,40008395.0,腾讯日K/前复权日K,2026-08-07T20:33:10+08:00,20260926T093659
159915,创业板ETF易方达,SZSE,2012-02-01,0.651,0.666,0.648,0.653,0.651,0.666,0.648,0.653,1.0,150784700.0,99015040.0,腾讯日K/前复权日K,2026-08-07T20:33:10+08:00,20260926T093659
159915,创业板ETF易方达,SZSE,2012-02-02,0.654,0.67,0.653,0.67,0.654,0.67,0.653,0.67,1.0,73896700.0,48864461.0,腾讯日K/前复权日K,2026-08-07T20:33:10+08:00,20260926T093659
159915,创业板ETF易方达,SZSE,2012-02-03,0.669,0.685,0.664,0.682,0.669,0.685,0.664,0.682,1.0,103945800.0,70136480.0,腾讯日K/前复权日K,2026-08-07T20:33:10+08:00,20260926T093659
159915,创业板ETF易方达,SZSE,2012-02-06,0.683,0.693,0.683,0.69,0.683,0.693,0.683,0.69,1.0,129940500.0,89274213.0,腾讯日K/前复权日K,2026-08-07T20:33:10+08:00,20260926T093659
159915,创业板ETF易方达,SZSE,2012-02-07,0.683,0.685,0.671,0.675,0.683,0.685,0.671,0.675,1.0,109232200.0,73984413.0,腾讯日K/前复权日K,2026-08-07T20:33:10+08:00,20260926T093659
159915,创业板ETF易方达,SZSE,2012-02-08,0.677,0.697,0.671,0.696,0.677,0.697,0.671,0.696,1.0,200855400.0,138357146.0,腾讯日K/前复权日K,2026-08-07T20:33:10+08:00,20260926T093659
159915,创业板ETF易方达,SZSE,2012-02-09,0.694,0.708,0.693,0.701,0.694,0.708,0.693,0.701,1.0,116409200.0,81658826.0,腾讯日K/前复权日K,2026-08-07T20:33:10+08:00,20260926T093659
159915,创业板ETF易方达,SZSE,2012-02-10,0.7,0.708,0.695,0.701,0.7,0.708,0.695,0.701,1.0,113099800.0,79364368.0,腾讯日K/前复权日K,2026-08-07T20:33:10+08:00,20260926T093659
159915,创业板ETF易方达,SZSE,2012-02-13,0.694,0.721,0.691,0.718,0.694,0.721,0.691,0.718,1.0,117284600.0,83228130.0,腾讯日K/前复权日K,2026-08-07T20:33:10+08:00,20260926T093659
159915,创业板ETF易方达,SZSE,2012-02-14,0.715,0.719,0.708,0.715,0.715,0.719,0.708,0.715,1.0,58079200.0,41446510.0,腾讯日K/前复权日K,2026-08-07T20:33:10+08:00,20260926T093659
159915,创业板ETF易方达,SZSE,2012-02-15,0.714,0.727,0.708,0.726,0.714,0.727,0.708,0.726,1.0,79149800.0,56890899.0,腾讯日K/前复权日K,2026-08-07T20:33:10+08:00,20260926T093659
159915,创业板ETF易方达,SZSE,2012-02-16,0.723,0.734,0.715,0.723,0.723,0.734,0.715,0.723,1.0,50055700.0,36292632.0,腾讯日K/前复权日K,2026-08-07T20:33:10+08:00,20260926T093659
159915,创业板ETF易方达,SZSE,2012-02-17,0.726,0.728,0.71,0.719,0.726,0.728,0.71,0.719,1.0,67987700.0,48817025.0,腾讯日K/前复权日K,2026-08-07T20:33:10+08:00,20260926T093659
159915,创业板ETF易方达,SZSE,2012-02-20,0.725,0.734,0.722,0.723,0.725,0.734,0.722,0.723,1.0,39183900.0,28510220.0,腾讯日K/前复权日K,2026-08-07T20:33:10+08:00,20260926T093659
159915,创业板ETF易方达,SZSE,2012-02-21,0.721,0.739,0.716,0.738,0.721,0.739,0.716,0.738,1.0,77306900.0,56310961.0,腾讯日K/前复权日K,2026-08-07T20:33:10+08:00,20260926T093659
159915,创业板ETF易方达,SZSE,2012-02-22,0.738,0.767,0.737,0.762,0.738,0.767,0.737,0.762,1.0,193157600.0,145668229.0,腾讯日K/前复权日K,2026-08-07T20:33:10+08:00,20260926T093659
159915,创业板ETF易方达,SZSE,2012-02-23,0.765,0.768,0.75,0.76,0.765,0.768,0.75,0.76,1.0,124234200.0,94457362.0,腾讯日K/前复权日K,2026-08-07T20:33:10+08:00,20260926T093659
159915,创业板ETF易方达,SZSE,2012-02-24,0.758,0.768,0.755,0.764,0.758,0.768,0.755,0.764,1.0,136445000.0,103963550.0,腾讯日K/前复权日K,2026-08-07T20:33:10+08:00,20260926T093659
159915,创业板ETF易方达,SZSE,2012-02-27,0.764,0.774,0.761,0.763,0.764,0.774,0.761,0.763,1.0,110213400.0,84590331.0,腾讯日K/前复权日K,2026-08-07T20:33:10+08:00,20260926T093659
159915,创业板ETF易方达,SZSE,2012-02-28,0.758,0.759,0.74,0.75,0.758,0.759,0.74,0.75,1.0,93806600.0,70379312.0,腾讯日K/前复权日K,2026-08-07T20:33:10+08:00,20260926T093659
159915,创业板ETF易方达,SZSE,2012-02-29,0.745,0.751,0.734,0.737,0.745,0.751,0.734,0.737,1.0,82783700.0,61373415.0,腾讯日K/前复权日K,2026-08-07T20:33:10+08:00,20260926T093659
159915,创业板ETF易方达,SZSE,2012-03-01,0.733,0.75,0.733,0.743,0.733,0.75,0.733,0.743,1.0,82547400.0,61405431.0,腾讯日K/前复权日K,2026-08-07T20:33:10+08:00,20260926T093659
159915,创业板ETF易方达,SZSE,2012-03-02,0.744,0.759,0.743,0.759,0.744,0.759,0.743,0.759,1.0,64597600.0,48707204.0,腾讯日K/前复权日K,2026-08-07T20:33:10+08:00,20260926T093659
159915,创业板ETF易方达,SZSE,2012-03-05,0.76,0.769,0.758,0.761,0.76,0.769,0.758,0.761,1.0,47158400.0,36037263.0,腾讯日K/前复权日K,2026-08-07T20:33:10+08:00,20260926T093659
159915,创业板ETF易方达,SZSE,2012-03-06,0.756,0.76,0.744,0.752,0.756,0.76,0.744,0.752,1.0,54151700.0,40655335.0,腾讯日K/前复权日K,2026-08-07T20:33:10+08:00,20260926T093659
159915,创业板ETF易方达,SZSE,2012-03-07,0.743,0.761,0.74,0.749,0.743,0.761,0.74,0.749,1.0,61384400.0,46156961.0,腾讯日K/前复权日K,2026-08-07T20:33:10+08:00,20260926T093659
159915,创业板ETF易方达,SZSE,2012-03-08,0.75,0.766,0.75,0.765,0.75,0.766,0.75,0.765,1.0,40179100.0,30555141.0,腾讯日K/前复权日K,2026-08-07T20:33:10+08:00,20260926T093659
159915,创业板ETF易方达,SZSE,2012-03-09,0.767,0.78,0.765,0.779,0.767,0.78,0.765,0.779,1.0,122944400.0,95119583.0,腾讯日K/前复权日K,2026-08-07T20:33:10+08:00,20260926T093659
159915,创业板ETF易方达,SZSE,2012-03-12,0.783,0.787,0.779,0.786,0.783,0.787,0.779,0.786,1.0,107803700.0,84349755.0,腾讯日K/前复权日K,2026-08-07T20:33:10+08:00,20260926T093659
159915,创业板ETF易方达,SZSE,2012-03-13,0.787,0.794,0.783,0.793,0.787,0.794,0.783,0.793,1.0,35307400.0,27843720.0,腾讯日K/前复权日K,2026-08-07T20:33:10+08:00,20260926T093659
159915,创业板ETF易方达,SZSE,2012-03-14,0.8,0.802,0.751,0.756,0.8,0.802,0.751,0.756,1.0,125620700.0,97200548.0,腾讯日K/前复权日K,2026-08-07T20:33:10+08:00,20260926T093659
159915,创业板ETF易方达,SZSE,2012-03-15,0.759,0.762,0.735,0.747,0.759,0.762,0.735,0.747,1.0,129150500.0,96567650.0,腾讯日K/前复权日K,2026-08-07T20:33:10+08:00,20260926T093659
159915,创业板ETF易方达,SZSE,2012-03-16,0.749,0.769,0.747,0.767,0.749,0.769,0.747,0.767,1.0,98307600.0,74565376.0,腾讯日K/前复权日K,2026-08-07T20:33:10+08:00,20260926T093659
159915,创业板ETF易方达,SZSE,2012-03-19,0.764,0.783,0.763,0.78,0.764,0.783,0.763,0.78,1.0,65436500.0,50532542.0,腾讯日K/前复权日K,2026-08-07T20:33:10+08:00,20260926T093659
159915,创业板ETF易方达,SZSE,2012-03-20,0.775,0.776,0.755,0.756,0.775,0.776,0.755,0.756,1.0,89051800.0,68206124.0,腾讯日K/前复权日K,2026-08-07T20:33:10+08:00,20260926T093659
159915,创业板ETF易方达,SZSE,2012-03-21,0.759,0.763,0.738,0.75,0.759,0.763,0.738,0.75,1.0,68199800.0,50961556.0,腾讯日K/前复权日K,2026-08-07T20:33:10+08:00,20260926T093659
159915,创业板ETF易方达,SZSE,2012-03-22,0.75,0.759,0.743,0.752,0.75,0.759,0.743,0.752,1.0,51353500.0,38611832.0,腾讯日K/前复权日K,2026-08-07T20:33:10+08:00,20260926T093659
159915,创业板ETF易方达,SZSE,2012-03-23,0.75,0.752,0.735,0.74,0.75,0.752,0.735,0.74,1.0,77648800.0,57804279.0,腾讯日K/前复权日K,2026-08-07T20:33:10+08:00,20260926T093659
159915,创业板ETF易方达,SZSE,2012-03-26,0.738,0.744,0.732,0.739,0.738,0.744,0.732,0.739,1.0,21587700.0,15910669.0,腾讯日K/前复权日K,2026-08-07T20:33:10+08:00,20260926T093659
159915,创业板ETF易方达,SZSE,2012-03-27,0.746,0.748,0.735,0.737,0.746,0.748,0.735,0.737,1.0,37273800.0,27699841.0,腾讯日K/前复权日K,2026-08-07T20:33:10+08:00,20260926T093659
159915,创业板ETF易方达,SZSE,2012-03-28,0.733,0.733,0.699,0.7,0.733,0.733,0.699,0.7,1.0,46298200.0,32966595.0,腾讯日K/前复权日K,2026-08-07T20:33:10+08:00,20260926T093659
159915,创业板ETF易方达,SZSE,2012-03-29,0.698,0.698,0.678,0.686,0.698,0.698,0.678,0.686,1.0,64397400.0,44421677.0,腾讯日K/前复权日K,2026-08-07T20:33:10+08:00,20260926T093659
159915,创业板ETF易方达,SZSE,2012-03-30,0.686,0.69,0.677,0.683,0.686,0.69,0.677,0.683,1.0,27879700.0,19028335.0,腾讯日K/前复权日K,2026-08-07T20:33:10+08:00,20260926T093659
159915,创业板ETF易方达,SZSE,2012-04-05,0.68,0.702,0.678,0.701,0.68,0.702,0.678,0.701,1.0,64860900.0,44924070.0,腾讯日K/前复权日K,2026-08-07T20:33:10+08:00,20260926T093659
159915,创业板ETF易方达,SZSE,2012-04-06,0.7,0.708,0.695,0.703,0.7,0.708,0.695,0.703,1.0,50509200.0,35485592.0,腾讯日K/前复权日K,2026-08-07T20:33:10+08:00,20260926T093659
159915,创业板ETF易方达,SZSE,2012-04-09,0.701,0.705,0.691,0.691,0.701,0.705,0.691,0.691,1.0,25538300.0,17836989.0,腾讯日K/前复权日K,2026-08-07T20:33:10+08:00,20260926T093659
159915,创业板ETF易方达,SZSE,2012-04-10,0.691,0.701,0.675,0.7,0.691,0.701,0.675,0.7,1.0,43221700.0,29705702.0,腾讯日K/前复权日K,2026-08-07T20:33:10+08:00,20260926T093659
159915,创业板ETF易方达,SZSE,2012-04-11,0.69,0.704,0.688,0.701,0.69,0.704,0.688,0.701,1.0,40536900.0,28306941.0,腾讯日K/前复权日K,2026-08-07T20:33:10+08:00,20260926T093659
159915,创业板ETF易方达,SZSE,2012-04-12,0.701,0.718,0.699,0.718,0.701,0.718,0.699,0.718,1.0,71346300.0,50714407.0,腾讯日K/前复权日K,2026-08-07T20:33:10+08:00,20260926T093659
159915,创业板ETF易方达,SZSE,2012-04-13,0.719,0.728,0.716,0.722,0.719,0.728,0.716,0.722,1.0,63592200.0,45925375.0,腾讯日K/前复权日K,2026-08-07T20:33:10+08:00,20260926T093659
159915,创业板ETF易方达,SZSE,2012-04-16,0.715,0.723,0.713,0.719,0.715,0.723,0.713,0.719,1.0,37035100.0,26581619.0,腾讯日K/前复权日K,2026-08-07T20:33:10+08:00,20260926T093659
159915,创业板ETF易方达,SZSE,2012-04-17,0.719,0.721,0.708,0.71,0.719,0.721,0.708,0.71,1.0,35016300.0,24975119.0,腾讯日K/前复权日K,2026-08-07T20:33:10+08:00,20260926T093659
159915,创业板ETF易方达,SZSE,2012-04-18,0.713,0.73,0.712,0.728,0.713,0.73,0.712,0.728,1.0,124734600.0,90213545.0,腾讯日K/前复权日K,2026-08-07T20:33:10+08:00,20260926T093659
159915,创业板ETF易方达,SZSE,2012-04-19,0.726,0.732,0.724,0.728,0.726,0.732,0.724,0.728,1.0,61837900.0,45105524.0,腾讯日K/前复权日K,2026-08-07T20:33:10+08:00,20260926T093659
159915,创业板ETF易方达,SZSE,2012-04-20,0.726,0.732,0.723,0.729,0.726,0.732,0.723,0.729,1.0,54608100.0,39793484.0,腾讯日K/前复权日K,2026-08-07T20:33:10+08:00,20260926T093659
159915,创业板ETF易方达,SZSE,2012-04-23,0.725,0.725,0.686,0.686,0.725,0.725,0.686,0.686,1.0,141603300.0,98936164.0,腾讯日K/前复权日K,2026-08-07T20:33:10+08:00,20260926T093659
159915,创业板ETF易方达,SZSE,2012-04-24,0.681,0.691,0.664,0.683,0.681,0.691,0.664,0.683,1.0,68260100.0,46442462.0,腾讯日K/前复权日K,2026-08-07T20:33:10+08:00,20260926T093659
159915,创业板ETF易方达,SZSE,2012-04-25,0.681,0.688,0.676,0.684,0.681,0.688,0.676,0.684,1.0,34922100.0,23827827.0,腾讯日K/前复权日K,2026-08-07T20:33:10+08:00,20260926T093659
159915,创业板ETF易方达,SZSE,2012-04-26,0.689,0.689,0.676,0.681,0.689,0.689,0.676,0.681,1.0,36139000.0,24719897.0,腾讯日K/前复权日K,2026-08-07T20:33:10+08:00,20260926T093659
159915,创业板ETF易方达,SZSE,2012-04-27,0.68,0.693,0.678,0.688,0.68,0.693,0.678,0.688,1.0,44496400.0,30608611.0,腾讯日K/前复权日K,2026-08-07T20:33:10+08:00,20260926T093659
159915,创业板ETF易方达,SZSE,2012-05-02,0.696,0.701,0.689,0.698,0.696,0.701,0.689,0.698,1.0,66155000.0,46100122.0,腾讯日K/前复权日K,2026-08-07T20:33:10+08:00,20260926T093659
159915,创业板ETF易方达,SZSE,2012-05-03,0.697,0.704,0.694,0.703,0.697,0.704,0.694,0.703,1.0,58050400.0,40676465.0,腾讯日K/前复权日K,2026-08-07T20:33:10+08:00,20260926T093659
159915,创业板ETF易方达,SZSE,2012-05-04,0.703,0.719,0.703,0.719,0.703,0.719,0.703,0.719,1.0,84968400.0,60671969.0,腾讯日K/前复权日K,2026-08-07T20:33:10+08:00,20260926T093659
159915,创业板ETF易方达,SZSE,2012-05-07,0.717,0.737,0.714,0.737,0.717,0.737,0.714,0.737,1.0,96135400.0,69948272.0,腾讯日K/前复权日K,2026-08-07T20:33:10+08:00,20260926T093659
159915,创业板ETF易方达,SZSE,2012-05-08,0.739,0.743,0.734,0.734,0.739,0.743,0.734,0.734,1.0,115937700.0,85664871.0,腾讯日K/前复权日K,2026-08-07T20:33:10+08:00,20260926T093659
159915,创业板ETF易方达,SZSE,2012-05-09,0.729,0.733,0.722,0.724,0.729,0.733,0.722,0.724,1.0,64441500.0,46811214.0,腾讯日K/前复权日K,2026-08-07T20:33:10+08:00,20260926T093659
159915,创业板ETF易方达,SZSE,2012-05-10,0.725,0.735,0.723,0.732,0.725,0.735,0.723,0.732,1.0,75957600.0,55535878.0,腾讯日K/前复权日K,2026-08-07T20:33:10+08:00,20260926T093659
159915,创业板ETF易方达,SZSE,2012-05-11,0.73,0.735,0.722,0.722,0.73,0.735,0.722,0.722,1.0,58180700.0,42365968.0,腾讯日K/前复权日K,2026-08-07T20:33:10+08:00,20260926T093659
159915,创业板ETF易方达,SZSE,2012-05-14,0.728,0.735,0.721,0.722,0.728,0.735,0.721,0.722,1.0,88465800.0,64332808.0,腾讯日K/前复权日K,2026-08-07T20:33:10+08:00,20260926T093659
159915,创业板ETF易方达,SZSE,2012-05-15,0.718,0.725,0.713,0.724,0.718,0.725,0.713,0.724,1.0,43185300.0,31057993.0,腾讯日K/前复权日K,2026-08-07T20:33:10+08:00,20260926T093659
159915,创业板ETF易方达,SZSE,2012-05-16,0.723,0.727,0.714,0.714,0.723,0.727,0.714,0.714,1.0,60953100.0,43806594.0,腾讯日K/前复权日K,2026-08-07T20:33:10+08:00,20260926T093659
159915,创业板ETF易方达,SZSE,2012-05-17,0.715,0.724,0.707,0.72,0.715,0.724,0.707,0.72,1.0,51216900.0,36787881.0,腾讯日K/前复权日K,2026-08-07T20:33:10+08:00,20260926T093659
159915,创业板ETF易方达,SZSE,2012-05-18,0.715,0.722,0.709,0.712,0.715,0.722,0.709,0.712,1.0,31018200.0,22262298.0,腾讯日K/前复权日K,2026-08-07T20:33:10+08:00,20260926T093659
159915,创业板ETF易方达,SZSE,2012-05-21,0.712,0.717,0.703,0.708,0.712,0.717,0.703,0.708,1.0,62550800.0,44519544.0,腾讯日K/前复权日K,2026-08-07T20:33:10+08:00,20260926T093659
159915,创业板ETF易方达,SZSE,2012-05-22,0.711,0.722,0.711,0.721,0.711,0.722,0.711,0.721,1.0,42735500.0,30676894.0,腾讯日K/前复权日K,2026-08-07T20:33:10+08:00,20260926T093659
159915,创业板ETF易方达,SZSE,2012-05-23,0.72,0.722,0.71,0.716,0.72,0.722,0.71,0.716,1.0,19088100.0,13691499.0,腾讯日K/前复权日K,2026-08-07T20:33:10+08:00,20260926T093659
159915,创业板ETF易方达,SZSE,2012-05-24,0.715,0.723,0.714,0.716,0.715,0.723,0.714,0.716,1.0,60866800.0,43765894.0,腾讯日K/前复权日K,2026-08-07T20:33:10+08:00,20260926T093659
159915,创业板ETF易方达,SZSE,2012-05-25,0.718,0.72,0.705,0.706,0.718,0.72,0.705,0.706,1.0,35070000.0,24978677.0,腾讯日K/前复权日K,2026-08-07T20:33:10+08:00,20260926T093659
159915,创业板ETF易方达,SZSE,2012-05-28,0.701,0.714,0.69,0.712,0.701,0.714,0.69,0.712,1.0,86387100.0,60861793.0,腾讯日K/前复权日K,2026-08-07T20:33:10+08:00,20260926T093659
159915,创业板ETF易方达,SZSE,2012-05-29,0.709,0.733,0.708,0.725,0.709,0.733,0.708,0.725,1.0,57021300.0,41273293.0,腾讯日K/前复权日K,2026-08-07T20:33:10+08:00,20260926T093659
159915,创业板ETF易方达,SZSE,2012-05-30,0.725,0.737,0.723,0.732,0.725,0.737,0.723,0.732,1.0,50587200.0,37042126.0,腾讯日K/前复权日K,2026-08-07T20:33:10+08:00,20260926T093659
159915,创业板ETF易方达,SZSE,2012-05-31,0.73,0.747,0.728,0.74,0.73,0.747,0.728,0.74,1.0,85139500.0,62884138.0,腾讯日K/前复权日K,2026-08-07T20:33:10+08:00,20260926T093659
159915,创业板ETF易方达,SZSE,2012-06-01,0.739,0.746,0.735,0.739,0.739,0.746,0.735,0.739,1.0,42483700.0,31423674.0,腾讯日K/前复权日K,2026-08-07T20:33:10+08:00,20260926T093659
159915,创业板ETF易方达,SZSE,2012-06-04,0.727,0.741,0.723,0.723,0.727,0.741,0.723,0.723,1.0,39990100.0,29143407.0,腾讯日K/前复权日K,2026-08-07T20:33:10+08:00,20260926T093659
159915,创业板ETF易方达,SZSE,2012-06-05,0.724,0.73,0.718,0.721,0.724,0.73,0.718,0.721,1.0,24605500.0,17801089.0,腾讯日K/前复权日K,2026-08-07T20:33:10+08:00,20260926T093659
159915,创业板ETF易方达,SZSE,2012-06-06,0.723,0.729,0.716,0.72,0.723,0.729,0.716,0.72,1.0,18724000.0,13561864.0,腾讯日K/前复权日K,2026-08-07T20:33:10+08:00,20260926T093659
159915,创业板ETF易方达,SZSE,2012-06-07,0.725,0.732,0.715,0.717,0.725,0.732,0.715,0.717,1.0,17286500.0,12494831.0,腾讯日K/前复权日K,2026-08-07T20:33:10+08:00,20260926T093659
159915,创业板ETF易方达,SZSE,2012-06-08,0.724,0.728,0.715,0.721,0.724,0.728,0.715,0.721,1.0,60689400.0,43936337.0,腾讯日K/前复权日K,2026-08-07T20:33:10+08:00,20260926T093659
159915,创业板ETF易方达,SZSE,2012-06-11,0.721,0.744,0.72,0.744,0.721,0.744,0.72,0.744,1.0,88951600.0,65296979.0,腾讯日K/前复权日K,2026-08-07T20:33:10+08:00,20260926T093659
159915,创业板ETF易方达,SZSE,2012-06-12,0.74,0.746,0.738,0.741,0.74,0.746,0.738,0.741,1.0,161794300.0,119912727.0,腾讯日K/前复权日K,2026-08-07T20:33:10+08:00,20260926T093659
159915,创业板ETF易方达,SZSE,2012-06-13,0.743,0.753,0.742,0.752,0.743,0.753,0.742,0.752,1.0,62582100.0,46867352.0,腾讯日K/前复权日K,2026-08-07T20:33:10+08:00,20260926T093659
159915,创业板ETF易方达,SZSE,2012-06-14,0.751,0.757,0.744,0.745,0.751,0.757,0.744,0.745,1.0,57417800.0,43133875.0,腾讯日K/前复权日K,2026-08-07T20:33:10+08:00,20260926T093659
159915,创业板ETF易方达,SZSE,2012-06-15,0.748,0.753,0.739,0.747,0.748,0.753,0.739,0.747,1.0,42084300.0,31462465.0,腾讯日K/前复权日K,2026-08-07T20:33:10+08:00,20260926T093659
159915,创业板ETF易方达,SZSE,2012-06-18,0.755,0.763,0.751,0.759,0.755,0.763,0.751,0.759,1.0,41460800.0,31380788.0,腾讯日K/前复权日K,2026-08-07T20:33:10+08:00,20260926T093659
159915,创业板ETF易方达,SZSE,2012-06-19,0.758,0.758,0.751,0.752,0.758,0.758,0.751,0.752,1.0,39424900.0,29741089.0,腾讯日K/前复权日K,2026-08-07T20:33:10+08:00,20260926T093659
159915,创业板ETF易方达,SZSE,2012-06-20,0.755,0.758,0.751,0.754,0.755,0.758,0.751,0.754,1.0,79528500.0,59971588.0,腾讯日K/前复权日K,2026-08-07T20:33:10+08:00,20260926T093659
159915,创业板ETF易方达,SZSE,2012-06-21,0.753,0.753,0.737,0.744,0.753,0.753,0.737,0.744,1.0,35010000.0,26018150.0,腾讯日K/前复权日K,2026-08-07T20:33:10+08:00,20260926T093659
159915,创业板ETF易方达,SZSE,2012-06-25,0.74,0.742,0.729,0.73,0.74,0.742,0.729,0.73,1.0,24872600.0,18304532.0,腾讯日K/前复权日K,2026-08-07T20:33:10+08:00,20260926T093659
159915,创业板ETF易方达,SZSE,2012-06-26,0.725,0.727,0.71,0.721,0.725,0.727,0.71,0.721,1.0,97951200.0,70325082.0,腾讯日K/前复权日K,2026-08-07T20:33:10+08:00,20260926T093659
159915,创业板ETF易方达,SZSE,2012-06-27,0.72,0.736,0.719,0.725,0.72,0.736,0.719,0.725,1.0,53839900.0,39309278.0,腾讯日K/前复权日K,2026-08-07T20:33:10+08:00,20260926T093659
159915,创业板ETF易方达,SZSE,2012-06-28,0.726,0.735,0.716,0.716,0.726,0.735,0.716,0.716,1.0,38871800.0,28158119.0,腾讯日K/前复权日K,2026-08-07T20:33:10+08:00,20260926T093659
159915,创业板ETF易方达,SZSE,2012-06-29,0.713,0.734,0.712,0.734,0.713,0.734,0.712,0.734,1.0,103093400.0,74359840.0,腾讯日K/前复权日K,2026-08-07T20:33:10+08:00,20260926T093659
159915,创业板ETF易方达,SZSE,2012-07-02,0.74,0.753,0.735,0.75,0.74,0.753,0.735,0.75,1.0,48454800.0,36073396.0,腾讯日K/前复权日K,2026-08-07T20:33:10+08:00,20260926T093659
159915,创业板ETF易方达,SZSE,2012-07-03,0.747,0.758,0.745,0.749,0.747,0.758,0.745,0.749,1.0,41713700.0,31338313.0,腾讯日K/前复权日K,2026-08-07T20:33:10+08:00,20260926T093659
159915,创业板ETF易方达,SZSE,2012-07-04,0.752,0.753,0.742,0.743,0.752,0.753,0.742,0.743,1.0,26566900.0,19859267.0,腾讯日K/前复权日K,2026-08-07T20:33:10+08:00,20260926T093659
159915,创业板ETF易方达,SZSE,2012-07-05,0.741,0.741,0.726,0.728,0.741,0.741,0.726,0.728,1.0,77129800.0,56525684.0,腾讯日K/前复权日K,2026-08-07T20:33:10+08:00,20260926T093659
159915,创业板ETF易方达,SZSE,2012-07-06,0.732,0.745,0.718,0.745,0.732,0.745,0.718,0.745,1.0,166487100.0,122166129.0,腾讯日K/前复权日K,2026-08-07T20:33:10+08:00,20260926T093659
159915,创业板ETF易方达,SZSE,2012-07-09,0.74,0.743,0.725,0.725,0.74,0.743,0.725,0.725,1.0,67771500.0,50016696.0,腾讯日K/前复权日K,2026-08-07T20:33:10+08:00,20260926T093659
159915,创业板ETF易方达,SZSE,2012-07-10,0.724,0.727,0.716,0.72,0.724,0.727,0.716,0.72,1.0,63100500.0,45489553.0,腾讯日K/前复权日K,2026-08-07T20:33:10+08:00,20260926T093659
159915,创业板ETF易方达,SZSE,2012-07-11,0.719,0.726,0.713,0.726,0.719,0.726,0.713,0.726,1.0,42700300.0,30766078.0,腾讯日K/前复权日K,2026-08-07T20:33:10+08:00,20260926T093659
159915,创业板ETF易方达,SZSE,2012-07-12,0.723,0.742,0.721,0.738,0.723,0.742,0.721,0.738,1.0,64080600.0,47011574.0,腾讯日K/前复权日K,2026-08-07T20:33:10+08:00,20260926T093659
159915,创业板ETF易方达,SZSE,2012-07-13,0.737,0.741,0.726,0.73,0.737,0.741,0.726,0.73,1.0,43571700.0,32012361.0,腾讯日K/前复权日K,2026-08-07T20:33:10+08:00,20260926T093659
159915,创业板ETF易方达,SZSE,2012-07-16,0.73,0.73,0.696,0.697,0.73,0.73,0.696,0.697,1.0,28504600.0,20278305.0,腾讯日K/前复权日K,2026-08-07T20:33:10+08:00,20260926T093659
159915,创业板ETF易方达,SZSE,2012-07-17,0.688,0.702,0.688,0.702,0.688,0.702,0.688,0.702,1.0,41081500.0,28685795.0,腾讯日K/前复权日K,2026-08-07T20:33:10+08:00,20260926T093659
159915,创业板ETF易方达,SZSE,2012-07-18,0.698,0.708,0.69,0.707,0.698,0.708,0.69,0.707,1.0,64955000.0,45437908.0,腾讯日K/前复权日K,2026-08-07T20:33:10+08:00,20260926T093659
159915,创业板ETF易方达,SZSE,2012-07-19,0.704,0.72,0.704,0.714,0.704,0.72,0.704,0.714,1.0,71316400.0,51019152.0,腾讯日K/前复权日K,2026-08-07T20:33:10+08:00,20260926T093659
159915,创业板ETF易方达,SZSE,2012-07-20,0.714,0.719,0.709,0.71,0.714,0.719,0.709,0.71,1.0,28183200.0,20140610.0,腾讯日K/前复权日K,2026-08-07T20:33:10+08:00,20260926T093659
159915,创业板ETF易方达,SZSE,2012-07-23,0.701,0.714,0.701,0.711,0.701,0.714,0.701,0.711,1.0,25423000.0,18036372.0,腾讯日K/前复权日K,2026-08-07T20:33:10+08:00,20260926T093659
159915,创业板ETF易方达,SZSE,2012-07-24,0.707,0.718,0.702,0.711,0.707,0.718,0.702,0.711,1.0,49017200.0,34904082.0,腾讯日K/前复权日K,2026-08-07T20:33:10+08:00,20260926T093659
159915,创业板ETF易方达,SZSE,2012-07-25,0.711,0.721,0.708,0.713,0.711,0.721,0.708,0.713,1.0,37004900.0,26516095.0,腾讯日K/前复权日K,2026-08-07T20:33:10+08:00,20260926T093659
159915,创业板ETF易方达,SZSE,2012-07-26,0.712,0.723,0.709,0.712,0.712,0.723,0.709,0.712,1.0,39628900.0,28399628.0,腾讯日K/前复权日K,2026-08-07T20:33:10+08:00,20260926T093659
159915,创业板ETF易方达,SZSE,2012-07-27,0.715,0.716,0.704,0.709,0.715,0.716,0.704,0.709,1.0,19343600.0,13711895.0,腾讯日K/前复权日K,2026-08-07T20:33:10+08:00,20260926T093659
159915,创业板ETF易方达,SZSE,2012-07-30,0.708,0.714,0.692,0.694,0.708,0.714,0.692,0.694,1.0,12982100.0,9111296.0,腾讯日K/前复权日K,2026-08-07T20:33:10+08:00,20260926T093659
159915,创业板ETF易方达,SZSE,2012-07-31,0.691,0.693,0.678,0.683,0.691,0.693,0.678,0.683,1.0,139290800.0,95599450.0,腾讯日K/前复权日K,2026-08-07T20:33:10+08:00,20260926T093659
159915,创业板ETF易方达,SZSE,2012-08-01,0.682,0.701,0.682,0.695,0.682,0.701,0.682,0.695,1.0,81192400.0,56391312.0,腾讯日K/前复权日K,2026-08-07T20:33:10+08:00,20260926T093659
159915,创业板ETF易方达,SZSE,2012-08-02,0.694,0.7,0.689,0.695,0.694,0.7,0.689,0.695,1.0,39625800.0,27520222.0,腾讯日K/前复权日K,2026-08-07T20:33:10+08:00,20260926T093659
159915,创业板ETF易方达,SZSE,2012-08-03,0.697,0.719,0.695,0.719,0.697,0.719,0.695,0.719,1.0,59682100.0,42331322.0,腾讯日K/前复权日K,2026-08-07T20:33:10+08:00,20260926T093659
159915,创业板ETF易方达,SZSE,2012-08-06,0.714,0.738,0.712,0.736,0.714,0.738,0.712,0.736,1.0,84642600.0,61664248.0,腾讯日K/前复权日K,2026-08-07T20:33:10+08:00,20260926T093659
159915,创业板ETF易方达,SZSE,2012-08-07,0.736,0.743,0.735,0.741,0.736,0.743,0.735,0.741,1.0,39016500.0,28826362.0,腾讯日K/前复权日K,2026-08-07T20:33:10+08:00,20260926T093659
159915,创业板ETF易方达,SZSE,2012-08-08,0.741,0.741,0.728,0.735,0.741,0.741,0.728,0.735,1.0,28718700.0,21084483.0,腾讯日K/前复权日K,2026-08-07T20:33:10+08:00,20260926T093659
159915,创业板ETF易方达,SZSE,2012-08-09,0.736,0.749,0.732,0.748,0.736,0.749,0.732,0.748,1.0,62206300.0,46290405.0,腾讯日K/前复权日K,2026-08-07T20:33:10+08:00,20260926T093659
159915,创业板ETF易方达,SZSE,2012-08-10,0.747,0.75,0.739,0.748,0.747,0.75,0.739,0.748,1.0,26009500.0,19398272.0,腾讯日K/前复权日K,2026-08-07T20:33:10+08:00,20260926T093659
159915,创业板ETF易方达,SZSE,2012-08-13,0.746,0.747,0.732,0.732,0.746,0.747,0.732,0.732,1.0,20254500.0,14989556.0,腾讯日K/前复权日K,2026-08-07T20:33:10+08:00,20260926T093659
159915,创业板ETF易方达,SZSE,2012-08-14,0.73,0.743,0.717,0.742,0.73,0.743,0.717,0.742,1.0,80927100.0,59010799.0,腾讯日K/前复权日K,2026-08-07T20:33:10+08:00,20260926T093659
159915,创业板ETF易方达,SZSE,2012-08-15,0.739,0.742,0.733,0.734,0.739,0.742,0.733,0.734,1.0,40284700.0,29709817.0,腾讯日K/前复权日K,2026-08-07T20:33:10+08:00,20260926T093659
159915,创业板ETF易方达,SZSE,2012-08-16,0.732,0.736,0.727,0.729,0.732,0.736,0.727,0.729,1.0,17266100.0,12617882.0,腾讯日K/前复权日K,2026-08-07T20:33:10+08:00,20260926T093659
159915,创业板ETF易方达,SZSE,2012-08-17,0.727,0.729,0.718,0.727,0.727,0.729,0.718,0.727,1.0,42804400.0,30988098.0,腾讯日K/前复权日K,2026-08-07T20:33:10+08:00,20260926T093659
159915,创业板ETF易方达,SZSE,2012-08-20,0.719,0.738,0.717,0.736,0.719,0.738,0.717,0.736,1.0,73989300.0,54121183.0,腾讯日K/前复权日K,2026-08-07T20:33:10+08:00,20260926T093659
159915,创业板ETF易方达,SZSE,2012-08-21,0.735,0.758,0.734,0.753,0.735,0.758,0.734,0.753,1.0,95965800.0,72001004.0,腾讯日K/前复权日K,2026-08-07T20:33:10+08:00,20260926T093659
159915,创业板ETF易方达,SZSE,2012-08-22,0.753,0.762,0.747,0.752,0.753,0.762,0.747,0.752,1.0,69073900.0,52180765.0,腾讯日K/前复权日K,2026-08-07T20:33:10+08:00,20260926T093659
159915,创业板ETF易方达,SZSE,2012-08-23,0.751,0.758,0.748,0.755,0.751,0.758,0.748,0.755,1.0,68160300.0,51401603.0,腾讯日K/前复权日K,2026-08-07T20:33:10+08:00,20260926T093659
159915,创业板ETF易方达,SZSE,2012-08-24,0.753,0.756,0.739,0.739,0.753,0.756,0.739,0.739,1.0,34891500.0,26071766.0,腾讯日K/前复权日K,2026-08-07T20:33:10+08:00,20260926T093659
159915,创业板ETF易方达,SZSE,2012-08-27,0.736,0.736,0.726,0.728,0.736,0.736,0.726,0.728,1.0,57511500.0,42101079.0,腾讯日K/前复权日K,2026-08-07T20:33:10+08:00,20260926T093659
159915,创业板ETF易方达,SZSE,2012-08-28,0.727,0.74,0.722,0.733,0.727,0.74,0.722,0.733,1.0,104145500.0,76263560.0,腾讯日K/前复权日K,2026-08-07T20:33:10+08:00,20260926T093659
159915,创业板ETF易方达,SZSE,2012-08-29,0.73,0.741,0.727,0.731,0.73,0.741,0.727,0.731,1.0,71466900.0,52576128.0,腾讯日K/前复权日K,2026-08-07T20:33:10+08:00,20260926T093659
159915,创业板ETF易方达,SZSE,2012-08-30,0.727,0.734,0.697,0.707,0.727,0.734,0.697,0.707,1.0,209821600.0,149871639.0,腾讯日K/前复权日K,2026-08-07T20:33:10+08:00,20260926T093659
159915,创业板ETF易方达,SZSE,2012-08-31,0.704,0.715,0.702,0.713,0.704,0.715,0.702,0.713,1.0,70363400.0,50058587.0,腾讯日K/前复权日K,2026-08-07T20:33:10+08:00,20260926T093659
159915,创业板ETF易方达,SZSE,2012-09-03,0.71,0.73,0.705,0.729,0.71,0.73,0.705,0.729,1.0,91480000.0,66276077.0,腾讯日K/前复权日K,2026-08-07T20:33:10+08:00,20260926T093659
159915,创业板ETF易方达,SZSE,2012-09-04,0.729,0.737,0.725,0.728,0.729,0.737,0.725,0.728,1.0,41094500.0,30047730.0,腾讯日K/前复权日K,2026-08-07T20:33:10+08:00,20260926T093659
159915,创业板ETF易方达,SZSE,2012-09-05,0.724,0.738,0.722,0.736,0.724,0.738,0.722,0.736,1.0,63744200.0,46733235.0,腾讯日K/前复权日K,2026-08-07T20:33:10+08:00,20260926T093659
159915,创业板ETF易方达,SZSE,2012-09-06,0.738,0.745,0.732,0.744,0.738,0.745,0.732,0.744,1.0,50469300.0,37307771.0,腾讯日K/前复权日K,2026-08-07T20:33:10+08:00,20260926T093659
159915,创业板ETF易方达,SZSE,2012-09-07,0.748,0.776,0.748,0.766,0.748,0.776,0.748,0.766,1.0,131526700.0,100300343.0,腾讯日K/前复权日K,2026-08-07T20:33:10+08:00,20260926T093659
159915,创业板ETF易方达,SZSE,2012-09-10,0.768,0.77,0.76,0.767,0.768,0.77,0.76,0.767,1.0,77966800.0,59701858.0,腾讯日K/前复权日K,2026-08-07T20:33:10+08:00,20260926T093659
159915,创业板ETF易方达,SZSE,2012-09-11,0.764,0.768,0.76,0.766,0.764,0.768,0.76,0.766,1.0,26411000.0,20193734.0,腾讯日K/前复权日K,2026-08-07T20:33:10+08:00,20260926T093659
159915,创业板ETF易方达,SZSE,2012-09-12,0.768,0.771,0.758,0.766,0.768,0.771,0.758,0.766,1.0,56721000.0,43416307.0,腾讯日K/前复权日K,2026-08-07T20:33:10+08:00,20260926T093659
159915,创业板ETF易方达,SZSE,2012-09-13,0.766,0.771,0.751,0.751,0.766,0.771,0.751,0.751,1.0,26380600.0,20140688.0,腾讯日K/前复权日K,2026-08-07T20:33:10+08:00,20260926T093659
159915,创业板ETF易方达,SZSE,2012-09-14,0.755,0.759,0.745,0.748,0.755,0.759,0.745,0.748,1.0,51715000.0,38876874.0,腾讯日K/前复权日K,2026-08-07T20:33:10+08:00,20260926T093659
159915,创业板ETF易方达,SZSE,2012-09-17,0.746,0.746,0.727,0.727,0.746,0.746,0.727,0.727,1.0,35880300.0,26476534.0,腾讯日K/前复权日K,2026-08-07T20:33:10+08:00,20260926T093659
159915,创业板ETF易方达,SZSE,2012-09-18,0.723,0.736,0.723,0.729,0.723,0.736,0.723,0.729,1.0,64704300.0,47298221.0,腾讯日K/前复权日K,2026-08-07T20:33:10+08:00,20260926T093659
159915,创业板ETF易方达,SZSE,2012-09-19,0.729,0.736,0.727,0.734,0.729,0.736,0.727,0.734,1.0,88320500.0,64745009.0,腾讯日K/前复权日K,2026-08-07T20:33:10+08:00,20260926T093659
159915,创业板ETF易方达,SZSE,2012-09-20,0.733,0.733,0.707,0.712,0.733,0.733,0.707,0.712,1.0,26999600.0,19394154.0,腾讯日K/前复权日K,2026-08-07T20:33:10+08:00,20260926T093659
159915,创业板ETF易方达,SZSE,2012-09-21,0.712,0.713,0.694,0.694,0.712,0.713,0.694,0.694,1.0,104414400.0,73534581.0,腾讯日K/前复权日K,2026-08-07T20:33:10+08:00,20260926T093659
159915,创业板ETF易方达,SZSE,2012-09-24,0.69,0.702,0.682,0.696,0.69,0.702,0.682,0.696,1.0,121017800.0,84208797.0,腾讯日K/前复权日K,2026-08-07T20:33:10+08:00,20260926T093659
159915,创业板ETF易方达,SZSE,2012-09-25,0.69,0.699,0.684,0.684,0.69,0.699,0.684,0.684,1.0,22457600.0,15544724.0,腾讯日K/前复权日K,2026-08-07T20:33:10+08:00,20260926T093659
159915,创业板ETF易方达,SZSE,2012-09-26,0.686,0.687,0.664,0.666,0.686,0.687,0.664,0.666,1.0,29980100.0,20236869.0,腾讯日K/前复权日K,2026-08-07T20:33:10+08:00,20260926T093659
159915,创业板ETF易方达,SZSE,2012-09-27,0.67,0.686,0.668,0.683,0.67,0.686,0.668,0.683,1.0,126248900.0,85739186.0,腾讯日K/前复权日K,2026-08-07T20:33:10+08:00,20260926T093659
159915,创业板ETF易方达,SZSE,2012-09-28,0.677,0.696,0.674,0.696,0.677,0.696,0.674,0.696,1.0,181137300.0,125074489.0,腾讯日K/前复权日K,2026-08-07T20:33:10+08:00,20260926T093659
159915,创业板ETF易方达,SZSE,2012-10-08,0.69,0.697,0.68,0.697,0.69,0.697,0.68,0.697,1.0,21813600.0,15099691.0,腾讯日K/前复权日K,2026-08-07T20:33:10+08:00,20260926T093659
159915,创业板ETF易方达,SZSE,2012-10-09,0.698,0.718,0.693,0.717,0.698,0.718,0.693,0.717,1.0,68931500.0,49106543.0,腾讯日K/前复权日K,2026-08-07T20:33:10+08:00,20260926T093659
159915,创业板ETF易方达,SZSE,2012-10-10,0.716,0.727,0.711,0.725,0.716,0.727,0.711,0.725,1.0,62208700.0,44936711.0,腾讯日K/前复权日K,2026-08-07T20:33:10+08:00,20260926T093659
159915,创业板ETF易方达,SZSE,2012-10-11,0.725,0.729,0.715,0.717,0.725,0.729,0.715,0.717,1.0,33641200.0,24295744.0,腾讯日K/前复权日K,2026-08-07T20:33:10+08:00,20260926T093659
159915,创业板ETF易方达,SZSE,2012-10-12,0.717,0.726,0.703,0.711,0.717,0.726,0.703,0.711,1.0,54610700.0,39067623.0,腾讯日K/前复权日K,2026-08-07T20:33:10+08:00,20260926T093659
159915,创业板ETF易方达,SZSE,2012-10-15,0.712,0.712,0.697,0.708,0.712,0.712,0.697,0.708,1.0,17288600.0,12157042.0,腾讯日K/前复权日K,2026-08-07T20:33:10+08:00,20260926T093659
159915,创业板ETF易方达,SZSE,2012-10-16,0.707,0.716,0.702,0.709,0.707,0.716,0.702,0.709,1.0,66098100.0,46956475.0,腾讯日K/前复权日K,2026-08-07T20:33:10+08:00,20260926T093659
159915,创业板ETF易方达,SZSE,2012-10-17,0.709,0.715,0.704,0.713,0.709,0.715,0.704,0.713,1.0,58684100.0,41713834.0,腾讯日K/前复权日K,2026-08-07T20:33:10+08:00,20260926T093659
159915,创业板ETF易方达,SZSE,2012-10-18,0.713,0.727,0.713,0.724,0.713,0.727,0.713,0.724,1.0,66079900.0,47660848.0,腾讯日K/前复权日K,2026-08-07T20:33:10+08:00,20260926T093659
159915,创业板ETF易方达,SZSE,2012-10-19,0.724,0.727,0.719,0.723,0.724,0.727,0.719,0.723,1.0,20099800.0,14510928.0,腾讯日K/前复权日K,2026-08-07T20:33:10+08:00,20260926T093659
159915,创业板ETF易方达,SZSE,2012-10-22,0.717,0.729,0.717,0.728,0.717,0.729,0.717,0.728,1.0,17094500.0,12399679.0,腾讯日K/前复权日K,2026-08-07T20:33:10+08:00,20260926T093659
159915,创业板ETF易方达,SZSE,2012-10-23,0.729,0.73,0.712,0.713,0.729,0.73,0.712,0.713,1.0,25588500.0,18384490.0,腾讯日K/前复权日K,2026-08-07T20:33:10+08:00,20260926T093659
159915,创业板ETF易方达,SZSE,2012-10-24,0.708,0.718,0.708,0.711,0.708,0.718,0.708,0.711,1.0,18770700.0,13418404.0,腾讯日K/前复权日K,2026-08-07T20:33:10+08:00,20260926T093659
159915,创业板ETF易方达,SZSE,2012-10-25,0.71,0.717,0.699,0.699,0.71,0.717,0.699,0.699,1.0,30746800.0,21670712.0,腾讯日K/前复权日K,2026-08-07T20:33:10+08:00,20260926T093659
159915,创业板ETF易方达,SZSE,2012-10-26,0.699,0.699,0.683,0.688,0.699,0.699,0.683,0.688,1.0,22324000.0,15397347.0,腾讯日K/前复权日K,2026-08-07T20:33:10+08:00,20260926T093659
159915,创业板ETF易方达,SZSE,2012-10-29,0.688,0.695,0.685,0.692,0.688,0.695,0.685,0.692,1.0,13186400.0,9102434.0,腾讯日K/前复权日K,2026-08-07T20:33:10+08:00,20260926T093659
159915,创业板ETF易方达,SZSE,2012-10-30,0.691,0.7,0.69,0.692,0.691,0.7,0.69,0.692,1.0,25852000.0,17970302.0,腾讯日K/前复权日K,2026-08-07T20:33:10+08:00,20260926T093659
159915,创业板ETF易方达,SZSE,2012-10-31,0.692,0.696,0.688,0.695,0.692,0.696,0.688,0.695,1.0,10835500.0,7498326.0,腾讯日K/前复权日K,2026-08-07T20:33:10+08:00,20260926T093659
159915,创业板ETF易方达,SZSE,2012-11-01,0.697,0.708,0.695,0.706,0.697,0.708,0.695,0.706,1.0,24939000.0,17546042.0,腾讯日K/前复权日K,2026-08-07T20:33:10+08:00,20260926T093659
159915,创业板ETF易方达,SZSE,2012-11-02,0.704,0.707,0.7,0.705,0.704,0.707,0.7,0.705,1.0,13404000.0,9436904.0,腾讯日K/前复权日K,2026-08-07T20:33:10+08:00,20260926T093659
159915,创业板ETF易方达,SZSE,2012-11-05,0.705,0.707,0.694,0.696,0.705,0.707,0.694,0.696,1.0,14044800.0,9788659.0,腾讯日K/前复权日K,2026-08-07T20:33:10+08:00,20260926T093659
159915,创业板ETF易方达,SZSE,2012-11-06,0.693,0.696,0.683,0.693,0.693,0.696,0.683,0.693,1.0,11802400.0,8141110.0,腾讯日K/前复权日K,2026-08-07T20:33:10+08:00,20260926T093659
159915,创业板ETF易方达,SZSE,2012-11-07,0.694,0.697,0.69,0.692,0.694,0.697,0.69,0.692,1.0,9188100.0,6362707.0,腾讯日K/前复权日K,2026-08-07T20:33:10+08:00,20260926T093659
159915,创业板ETF易方达,SZSE,2012-11-08,0.687,0.689,0.679,0.679,0.687,0.689,0.679,0.679,1.0,10300300.0,7042138.0,腾讯日K/前复权日K,2026-08-07T20:33:10+08:00,20260926T093659
159915,创业板ETF易方达,SZSE,2012-11-09,0.678,0.683,0.676,0.678,0.678,0.683,0.676,0.678,1.0,6268700.0,4254704.0,腾讯日K/前复权日K,2026-08-07T20:33:10+08:00,20260926T093659
159915,创业板ETF易方达,SZSE,2012-11-12,0.679,0.685,0.675,0.682,0.679,0.685,0.675,0.682,1.0,12094900.0,8231863.0,腾讯日K/前复权日K,2026-08-07T20:33:10+08:00,20260926T093659
159915,创业板ETF易方达,SZSE,2012-11-13,0.682,0.682,0.669,0.671,0.682,0.682,0.669,0.671,1.0,7374900.0,4978601.0,腾讯日K/前复权日K,2026-08-07T20:33:10+08:00,20260926T093659
159915,创业板ETF易方达,SZSE,2012-11-14,0.671,0.672,0.661,0.669,0.671,0.672,0.661,0.669,1.0,9047800.0,6034815.0,腾讯日K/前复权日K,2026-08-07T20:33:10+08:00,20260926T093659
159915,创业板ETF易方达,SZSE,2012-11-15,0.667,0.671,0.661,0.663,0.667,0.671,0.661,0.663,1.0,7733900.0,5152392.0,腾讯日K/前复权日K,2026-08-07T20:33:10+08:00,20260926T093659
159915,创业板ETF易方达,SZSE,2012-11-16,0.663,0.664,0.658,0.661,0.663,0.664,0.658,0.661,1.0,9828000.0,6490113.0,腾讯日K/前复权日K,2026-08-07T20:33:10+08:00,20260926T093659
159915,创业板ETF易方达,SZSE,2012-11-19,0.661,0.661,0.65,0.661,0.661,0.661,0.65,0.661,1.0,14123900.0,9262353.0,腾讯日K/前复权日K,2026-08-07T20:33:10+08:00,20260926T093659
159915,创业板ETF易方达,SZSE,2012-11-20,0.662,0.666,0.658,0.661,0.662,0.666,0.658,0.661,1.0,12409800.0,8203574.0,腾讯日K/前复权日K,2026-08-07T20:33:10+08:00,20260926T093659
159915,创业板ETF易方达,SZSE,2012-11-21,0.661,0.668,0.65,0.666,0.661,0.668,0.65,0.666,1.0,46270600.0,30493812.0,腾讯日K/前复权日K,2026-08-07T20:33:10+08:00,20260926T093659
159915,创业板ETF易方达,SZSE,2012-11-22,0.662,0.662,0.653,0.655,0.662,0.662,0.653,0.655,1.0,8140900.0,5355106.0,腾讯日K/前复权日K,2026-08-07T20:33:10+08:00,20260926T093659
159915,创业板ETF易方达,SZSE,2012-11-23,0.657,0.66,0.652,0.656,0.657,0.66,0.652,0.656,1.0,8437800.0,5538395.0,腾讯日K/前复权日K,2026-08-07T20:33:10+08:00,20260926T093659
159915,创业板ETF易方达,SZSE,2012-11-26,0.656,0.656,0.642,0.643,0.656,0.656,0.642,0.643,1.0,8113600.0,5254191.0,腾讯日K/前复权日K,2026-08-07T20:33:10+08:00,20260926T093659
159915,创业板ETF易方达,SZSE,2012-11-27,0.644,0.644,0.619,0.62,0.644,0.644,0.619,0.62,1.0,28968500.0,18158985.0,腾讯日K/前复权日K,2026-08-07T20:33:10+08:00,20260926T093659
159915,创业板ETF易方达,SZSE,2012-11-28,0.617,0.62,0.609,0.611,0.617,0.62,0.609,0.611,1.0,31301500.0,19154746.0,腾讯日K/前复权日K,2026-08-07T20:33:10+08:00,20260926T093659
159915,创业板ETF易方达,SZSE,2012-11-29,0.613,0.616,0.606,0.607,0.613,0.616,0.606,0.607,1.0,22792600.0,13954035.0,腾讯日K/前复权日K,2026-08-07T20:33:10+08:00,20260926T093659
159915,创业板ETF易方达,SZSE,2012-11-30,0.605,0.613,0.604,0.608,0.605,0.613,0.604,0.608,1.0,42381900.0,25873456.0,腾讯日K/前复权日K,2026-08-07T20:33:10+08:00,20260926T093659
159915,创业板ETF易方达,SZSE,2012-12-03,0.608,0.611,0.597,0.598,0.608,0.611,0.597,0.598,1.0,15245000.0,9216863.0,腾讯日K/前复权日K,2026-08-07T20:33:10+08:00,20260926T093659
159915,创业板ETF易方达,SZSE,2012-12-04,0.597,0.607,0.589,0.603,0.597,0.607,0.589,0.603,1.0,64427600.0,38597592.0,腾讯日K/前复权日K,2026-08-07T20:33:10+08:00,20260926T093659
159915,创业板ETF易方达,SZSE,2012-12-05,0.603,0.632,0.6,0.627,0.603,0.632,0.6,0.627,1.0,85507000.0,53291523.0,腾讯日K/前复权日K,2026-08-07T20:33:10+08:00,20260926T093659
159915,创业板ETF易方达,SZSE,2012-12-06,0.627,0.633,0.622,0.626,0.627,0.633,0.622,0.626,1.0,24512200.0,15372317.0,腾讯日K/前复权日K,2026-08-07T20:33:10+08:00,20260926T093659
159915,创业板ETF易方达,SZSE,2012-12-07,0.626,0.642,0.623,0.641,0.626,0.642,0.623,0.641,1.0,58498500.0,37293154.0,腾讯日K/前复权日K,2026-08-07T20:33:10+08:00,20260926T093659
159915,创业板ETF易方达,SZSE,2012-12-10,0.641,0.652,0.638,0.649,0.641,0.652,0.638,0.649,1.0,41943800.0,27128947.0,腾讯日K/前复权日K,2026-08-07T20:33:10+08:00,20260926T093659
159915,创业板ETF易方达,SZSE,2012-12-11,0.647,0.649,0.641,0.642,0.647,0.649,0.641,0.642,1.0,14042100.0,9066237.0,腾讯日K/前复权日K,2026-08-07T20:33:10+08:00,20260926T093659
159915,创业板ETF易方达,SZSE,2012-12-12,0.641,0.644,0.633,0.642,0.641,0.644,0.633,0.642,1.0,21108500.0,13503358.0,腾讯日K/前复权日K,2026-08-07T20:33:10+08:00,20260926T093659
159915,创业板ETF易方达,SZSE,2012-12-13,0.64,0.644,0.632,0.633,0.64,0.644,0.632,0.633,1.0,10948300.0,6985426.0,腾讯日K/前复权日K,2026-08-07T20:33:10+08:00,20260926T093659
159915,创业板ETF易方达,SZSE,2012-12-14,0.633,0.663,0.633,0.661,0.633,0.663,0.633,0.661,1.0,142672400.0,93088774.0,腾讯日K/前复权日K,2026-08-07T20:33:10+08:00,20260926T093659
159915,创业板ETF易方达,SZSE,2012-12-17,0.661,0.663,0.647,0.654,0.661,0.663,0.647,0.654,1.0,27717300.0,18097264.0,腾讯日K/前复权日K,2026-08-07T20:33:10+08:00,20260926T093659
159915,创业板ETF易方达,SZSE,2012-12-18,0.652,0.659,0.647,0.649,0.652,0.659,0.647,0.649,1.0,33036300.0,21590000.0,腾讯日K/前复权日K,2026-08-07T20:33:10+08:00,20260926T093659
159915,创业板ETF易方达,SZSE,2012-12-19,0.65,0.658,0.647,0.654,0.65,0.658,0.647,0.654,1.0,43081600.0,28237087.0,腾讯日K/前复权日K,2026-08-07T20:33:10+08:00,20260926T093659
159915,创业板ETF易方达,SZSE,2012-12-20,0.651,0.661,0.65,0.661,0.651,0.661,0.65,0.661,1.0,32403800.0,21255130.0,腾讯日K/前复权日K,2026-08-07T20:33:10+08:00,20260926T093659
159915,创业板ETF易方达,SZSE,2012-12-21,0.661,0.674,0.656,0.671,0.661,0.674,0.656,0.671,1.0,45646100.0,30495680.0,腾讯日K/前复权日K,2026-08-07T20:33:10+08:00,20260926T093659
159915,创业板ETF易方达,SZSE,2012-12-24,0.668,0.683,0.667,0.683,0.668,0.683,0.667,0.683,1.0,32731800.0,22188428.0,腾讯日K/前复权日K,2026-08-07T20:33:10+08:00,20260926T093659
159915,创业板ETF易方达,SZSE,2012-12-25,0.678,0.699,0.678,0.697,0.678,0.699,0.678,0.697,1.0,43877400.0,30314143.0,腾讯日K/前复权日K,2026-08-07T20:33:10+08:00,20260926T093659
159915,创业板ETF易方达,SZSE,2012-12-26,0.697,0.713,0.692,0.711,0.697,0.713,0.692,0.711,1.0,29809100.0,20989286.0,腾讯日K/前复权日K,2026-08-07T20:33:10+08:00,20260926T093659
159915,创业板ETF易方达,SZSE,2012-12-27,0.712,0.715,0.7,0.703,0.712,0.715,0.7,0.703,1.0,64055600.0,45262468.0,腾讯日K/前复权日K,2026-08-07T20:33:10+08:00,20260926T093659
159915,创业板ETF易方达,SZSE,2012-12-28,0.701,0.709,0.696,0.709,0.701,0.709,0.696,0.709,1.0,40372900.0,28418339.0,腾讯日K/前复权日K,2026-08-07T20:33:10+08:00,20260926T093659
159915,创业板ETF易方达,SZSE,2012-12-31,0.711,0.713,0.705,0.713,0.711,0.713,0.705,0.713,1.0,46928000.0,33337148.0,腾讯日K/前复权日K,2026-08-07T20:33:10+08:00,20260926T093659
159915,创业板ETF易方达,SZSE,2013-01-04,0.72,0.721,0.7,0.708,0.72,0.721,0.7,0.708,1.0,19537400.0,13821761.0,腾讯日K/前复权日K,2026-08-07T20:33:10+08:00,20260926T093659
159915,创业板ETF易方达,SZSE,2013-01-07,0.703,0.721,0.702,0.721,0.703,0.721,0.702,0.721,1.0,41333800.0,29559201.0,腾讯日K/前复权日K,2026-08-07T20:33:10+08:00,20260926T093659
159915,创业板ETF易方达,SZSE,2013-01-08,0.72,0.74,0.717,0.737,0.72,0.74,0.717,0.737,1.0,80299800.0,58672037.0,腾讯日K/前复权日K,2026-08-07T20:33:10+08:00,20260926T093659
159915,创业板ETF易方达,SZSE,2013-01-09,0.734,0.742,0.728,0.735,0.734,0.742,0.728,0.735,1.0,46482200.0,34148878.0,腾讯日K/前复权日K,2026-08-07T20:33:10+08:00,20260926T093659
159915,创业板ETF易方达,SZSE,2013-01-10,0.734,0.746,0.731,0.743,0.734,0.746,0.731,0.743,1.0,37349800.0,27631099.0,腾讯日K/前复权日K,2026-08-07T20:33:10+08:00,20260926T093659
159915,创业板ETF易方达,SZSE,2013-01-11,0.744,0.747,0.73,0.731,0.744,0.747,0.73,0.731,1.0,40108600.0,29614684.0,腾讯日K/前复权日K,2026-08-07T20:33:10+08:00,20260926T093659
159915,创业板ETF易方达,SZSE,2013-01-14,0.73,0.764,0.73,0.762,0.73,0.764,0.73,0.762,1.0,58161700.0,43839467.0,腾讯日K/前复权日K,2026-08-07T20:33:10+08:00,20260926T093659
159915,创业板ETF易方达,SZSE,2013-01-15,0.766,0.784,0.765,0.78,0.766,0.784,0.765,0.78,1.0,66524500.0,51665598.0,腾讯日K/前复权日K,2026-08-07T20:33:10+08:00,20260926T093659
159915,创业板ETF易方达,SZSE,2013-01-16,0.78,0.78,0.761,0.774,0.78,0.78,0.761,0.774,1.0,33589700.0,25939707.0,腾讯日K/前复权日K,2026-08-07T20:33:10+08:00,20260926T093659
159915,创业板ETF易方达,SZSE,2013-01-17,0.774,0.777,0.767,0.768,0.774,0.777,0.767,0.768,1.0,40274800.0,31116159.0,腾讯日K/前复权日K,2026-08-07T20:33:10+08:00,20260926T093659
159915,创业板ETF易方达,SZSE,2013-01-18,0.772,0.79,0.772,0.79,0.772,0.79,0.772,0.79,1.0,88875800.0,69759652.0,腾讯日K/前复权日K,2026-08-07T20:33:10+08:00,20260926T093659
159915,创业板ETF易方达,SZSE,2013-01-21,0.79,0.795,0.783,0.794,0.79,0.795,0.783,0.794,1.0,32288000.0,25550009.0,腾讯日K/前复权日K,2026-08-07T20:33:10+08:00,20260926T093659
159915,创业板ETF易方达,SZSE,2013-01-22,0.792,0.793,0.769,0.774,0.792,0.793,0.769,0.774,1.0,63626000.0,49764292.0,腾讯日K/前复权日K,2026-08-07T20:33:10+08:00,20260926T093659
159915,创业板ETF易方达,SZSE,2013-01-23,0.774,0.783,0.764,0.781,0.774,0.783,0.764,0.781,1.0,36537100.0,28199402.0,腾讯日K/前复权日K,2026-08-07T20:33:10+08:00,20260926T093659
159915,创业板ETF易方达,SZSE,2013-01-24,0.78,0.788,0.752,0.759,0.78,0.788,0.752,0.759,1.0,64338100.0,49884457.0,腾讯日K/前复权日K,2026-08-07T20:33:10+08:00,20260926T093659
159915,创业板ETF易方达,SZSE,2013-01-25,0.755,0.768,0.755,0.763,0.755,0.768,0.755,0.763,1.0,31868300.0,24316542.0,腾讯日K/前复权日K,2026-08-07T20:33:10+08:00,20260926T093659
159915,创业板ETF易方达,SZSE,2013-01-28,0.764,0.786,0.764,0.786,0.764,0.786,0.764,0.786,1.0,43137900.0,33505425.0,腾讯日K/前复权日K,2026-08-07T20:33:10+08:00,20260926T093659
159915,创业板ETF易方达,SZSE,2013-01-29,0.788,0.797,0.786,0.792,0.788,0.797,0.786,0.792,1.0,42708700.0,33871595.0,腾讯日K/前复权日K,2026-08-07T20:33:10+08:00,20260926T093659
159915,创业板ETF易方达,SZSE,2013-01-30,0.793,0.793,0.777,0.784,0.793,0.793,0.777,0.784,1.0,37624300.0,29510302.0,腾讯日K/前复权日K,2026-08-07T20:33:10+08:00,20260926T093659
159915,创业板ETF易方达,SZSE,2013-01-31,0.784,0.786,0.771,0.78,0.784,0.786,0.771,0.78,1.0,23784100.0,18458357.0,腾讯日K/前复权日K,2026-08-07T20:33:10+08:00,20260926T093659
159915,创业板ETF易方达,SZSE,2013-02-01,0.778,0.787,0.774,0.783,0.778,0.787,0.774,0.783,1.0,43191900.0,33824349.0,腾讯日K/前复权日K,2026-08-07T20:33:10+08:00,20260926T093659
159915,创业板ETF易方达,SZSE,2013-02-04,0.784,0.788,0.766,0.771,0.784,0.788,0.766,0.771,1.0,37895100.0,29426053.0,腾讯日K/前复权日K,2026-08-07T20:33:10+08:00,20260926T093659
159915,创业板ETF易方达,SZSE,2013-02-05,0.767,0.785,0.766,0.784,0.767,0.785,0.766,0.784,1.0,43681400.0,34039691.0,腾讯日K/前复权日K,2026-08-07T20:33:10+08:00,20260926T093659
159915,创业板ETF易方达,SZSE,2013-02-06,0.782,0.796,0.78,0.791,0.782,0.796,0.78,0.791,1.0,81640300.0,64474520.0,腾讯日K/前复权日K,2026-08-07T20:33:10+08:00,20260926T093659
159915,创业板ETF易方达,SZSE,2013-02-07,0.79,0.807,0.788,0.806,0.79,0.807,0.788,0.806,1.0,80922100.0,64689467.0,腾讯日K/前复权日K,2026-08-07T20:33:10+08:00,20260926T093659
159915,创业板ETF易方达,SZSE,2013-02-08,0.806,0.825,0.805,0.822,0.806,0.825,0.805,0.822,1.0,111725700.0,91311325.0,腾讯日K/前复权日K,2026-08-07T20:33:10+08:00,20260926T093659
159915,创业板ETF易方达,SZSE,2013-02-18,0.827,0.834,0.823,0.832,0.827,0.834,0.823,0.832,1.0,82244000.0,68182027.0,腾讯日K/前复权日K,2026-08-07T20:33:10+08:00,20260926T093659
159915,创业板ETF易方达,SZSE,2013-02-19,0.833,0.833,0.814,0.818,0.833,0.833,0.814,0.818,1.0,72587300.0,59523387.0,腾讯日K/前复权日K,2026-08-07T20:33:10+08:00,20260926T093659
159915,创业板ETF易方达,SZSE,2013-02-20,0.816,0.851,0.815,0.851,0.816,0.851,0.815,0.851,1.0,105582700.0,88519309.0,腾讯日K/前复权日K,2026-08-07T20:33:10+08:00,20260926T093659
159915,创业板ETF易方达,SZSE,2013-02-21,0.845,0.853,0.827,0.838,0.845,0.853,0.827,0.838,1.0,82168600.0,69160952.0,腾讯日K/前复权日K,2026-08-07T20:33:10+08:00,20260926T093659
159915,创业板ETF易方达,SZSE,2013-02-22,0.837,0.848,0.833,0.835,0.837,0.848,0.833,0.835,1.0,45380700.0,38117508.0,腾讯日K/前复权日K,2026-08-07T20:33:10+08:00,20260926T093659
159915,创业板ETF易方达,SZSE,2013-02-25,0.833,0.857,0.833,0.854,0.833,0.857,0.833,0.854,1.0,68782200.0,58324136.0,腾讯日K/前复权日K,2026-08-07T20:33:10+08:00,20260926T093659
159915,创业板ETF易方达,SZSE,2013-02-26,0.851,0.864,0.844,0.85,0.851,0.864,0.844,0.85,1.0,85234300.0,73088045.0,腾讯日K/前复权日K,2026-08-07T20:33:10+08:00,20260926T093659
159915,创业板ETF易方达,SZSE,2013-02-27,0.85,0.855,0.833,0.842,0.85,0.855,0.833,0.842,1.0,53116000.0,44725196.0,腾讯日K/前复权日K,2026-08-07T20:33:10+08:00,20260926T093659
159915,创业板ETF易方达,SZSE,2013-02-28,0.843,0.861,0.84,0.86,0.843,0.861,0.84,0.86,1.0,47931800.0,40819446.0,腾讯日K/前复权日K,2026-08-07T20:33:10+08:00,20260926T093659
159915,创业板ETF易方达,SZSE,2013-03-01,0.86,0.885,0.858,0.885,0.86,0.885,0.858,0.885,1.0,80017300.0,70035536.0,腾讯日K/前复权日K,2026-08-07T20:33:10+08:00,20260926T093659
159915,创业板ETF易方达,SZSE,2013-03-04,0.878,0.886,0.849,0.863,0.878,0.886,0.849,0.863,1.0,94783100.0,82778119.0,腾讯日K/前复权日K,2026-08-07T20:33:10+08:00,20260926T093659
159915,创业板ETF易方达,SZSE,2013-03-05,0.863,0.887,0.854,0.887,0.863,0.887,0.854,0.887,1.0,72876900.0,63710441.0,腾讯日K/前复权日K,2026-08-07T20:33:10+08:00,20260926T093659
159915,创业板ETF易方达,SZSE,2013-03-06,0.888,0.904,0.886,0.902,0.888,0.904,0.886,0.902,1.0,63877900.0,57418447.0,腾讯日K/前复权日K,2026-08-07T20:33:10+08:00,20260926T093659
159915,创业板ETF易方达,SZSE,2013-03-07,0.899,0.9,0.865,0.88,0.899,0.9,0.865,0.88,1.0,69540400.0,61440747.0,腾讯日K/前复权日K,2026-08-07T20:33:10+08:00,20260926T093659
159915,创业板ETF易方达,SZSE,2013-03-08,0.878,0.883,0.858,0.863,0.878,0.883,0.858,0.863,1.0,53878700.0,46688524.0,腾讯日K/前复权日K,2026-08-07T20:33:10+08:00,20260926T093659
159915,创业板ETF易方达,SZSE,2013-03-11,0.859,0.871,0.854,0.867,0.859,0.871,0.854,0.867,1.0,20808400.0,17998829.0,腾讯日K/前复权日K,2026-08-07T20:33:10+08:00,20260926T093659
159915,创业板ETF易方达,SZSE,2013-03-12,0.867,0.871,0.825,0.836,0.867,0.871,0.825,0.836,1.0,80640800.0,67809655.0,腾讯日K/前复权日K,2026-08-07T20:33:10+08:00,20260926T093659
159915,创业板ETF易方达,SZSE,2013-03-13,0.832,0.836,0.817,0.832,0.832,0.836,0.817,0.832,1.0,37738700.0,31224311.0,腾讯日K/前复权日K,2026-08-07T20:33:10+08:00,20260926T093659
159915,创业板ETF易方达,SZSE,2013-03-14,0.829,0.845,0.825,0.84,0.829,0.845,0.825,0.84,1.0,44790400.0,37606427.0,腾讯日K/前复权日K,2026-08-07T20:33:10+08:00,20260926T093659
159915,创业板ETF易方达,SZSE,2013-03-15,0.837,0.868,0.834,0.853,0.837,0.868,0.834,0.853,1.0,64648200.0,55222288.0,腾讯日K/前复权日K,2026-08-07T20:33:10+08:00,20260926T093659
159915,创业板ETF易方达,SZSE,2013-03-18,0.848,0.861,0.845,0.85,0.848,0.861,0.845,0.85,1.0,66070900.0,56443113.0,腾讯日K/前复权日K,2026-08-07T20:33:10+08:00,20260926T093659
159915,创业板ETF易方达,SZSE,2013-03-19,0.847,0.853,0.826,0.841,0.847,0.853,0.826,0.841,1.0,26053300.0,21861535.0,腾讯日K/前复权日K,2026-08-07T20:33:10+08:00,20260926T093659
159915,创业板ETF易方达,SZSE,2013-03-20,0.841,0.865,0.838,0.864,0.841,0.865,0.838,0.864,1.0,80971300.0,69304989.0,腾讯日K/前复权日K,2026-08-07T20:33:10+08:00,20260926T093659
159915,创业板ETF易方达,SZSE,2013-03-21,0.865,0.886,0.865,0.88,0.865,0.886,0.865,0.88,1.0,69038100.0,60570554.0,腾讯日K/前复权日K,2026-08-07T20:33:10+08:00,20260926T093659
159915,创业板ETF易方达,SZSE,2013-03-22,0.878,0.883,0.872,0.878,0.878,0.883,0.872,0.878,1.0,32516900.0,28513614.0,腾讯日K/前复权日K,2026-08-07T20:33:10+08:00,20260926T093659
159915,创业板ETF易方达,SZSE,2013-03-25,0.882,0.884,0.87,0.88,0.882,0.884,0.87,0.88,1.0,33123200.0,29025491.0,腾讯日K/前复权日K,2026-08-07T20:33:10+08:00,20260926T093659
159915,创业板ETF易方达,SZSE,2013-03-26,0.875,0.879,0.856,0.872,0.875,0.879,0.856,0.872,1.0,50471400.0,43794638.0,腾讯日K/前复权日K,2026-08-07T20:33:10+08:00,20260926T093659
159915,创业板ETF易方达,SZSE,2013-03-27,0.872,0.884,0.87,0.882,0.872,0.884,0.87,0.882,1.0,30565500.0,26803839.0,腾讯日K/前复权日K,2026-08-07T20:33:10+08:00,20260926T093659
159915,创业板ETF易方达,SZSE,2013-03-28,0.87,0.877,0.855,0.864,0.87,0.877,0.855,0.864,1.0,41656000.0,36083670.0,腾讯日K/前复权日K,2026-08-07T20:33:10+08:00,20260926T093659
159915,创业板ETF易方达,SZSE,2013-03-29,0.865,0.87,0.857,0.86,0.865,0.87,0.857,0.86,1.0,33970600.0,29268837.0,腾讯日K/前复权日K,2026-08-07T20:33:10+08:00,20260926T093659
159915,创业板ETF易方达,SZSE,2013-04-01,0.861,0.88,0.85,0.875,0.861,0.88,0.85,0.875,1.0,19252300.0,16777204.0,腾讯日K/前复权日K,2026-08-07T20:33:10+08:00,20260926T093659
159915,创业板ETF易方达,SZSE,2013-04-02,0.877,0.884,0.839,0.847,0.877,0.884,0.839,0.847,1.0,39050300.0,33508966.0,腾讯日K/前复权日K,2026-08-07T20:33:10+08:00,20260926T093659
159915,创业板ETF易方达,SZSE,2013-04-03,0.84,0.848,0.825,0.829,0.84,0.848,0.825,0.829,1.0,21859600.0,18183898.0,腾讯日K/前复权日K,2026-08-07T20:33:10+08:00,20260926T093659
159915,创业板ETF易方达,SZSE,2013-04-08,0.821,0.854,0.815,0.854,0.821,0.854,0.815,0.854,1.0,35171000.0,29476215.0,腾讯日K/前复权日K,2026-08-07T20:33:10+08:00,20260926T093659
159915,创业板ETF易方达,SZSE,2013-04-09,0.853,0.864,0.848,0.86,0.853,0.864,0.848,0.86,1.0,19785900.0,16968127.0,腾讯日K/前复权日K,2026-08-07T20:33:10+08:00,20260926T093659
159915,创业板ETF易方达,SZSE,2013-04-10,0.857,0.86,0.839,0.849,0.857,0.86,0.839,0.849,1.0,22429100.0,19093961.0,腾讯日K/前复权日K,2026-08-07T20:33:10+08:00,20260926T093659
159915,创业板ETF易方达,SZSE,2013-04-11,0.85,0.856,0.845,0.849,0.85,0.856,0.845,0.849,1.0,11417300.0,9708629.0,腾讯日K/前复权日K,2026-08-07T20:33:10+08:00,20260926T093659
159915,创业板ETF易方达,SZSE,2013-04-12,0.835,0.851,0.835,0.844,0.835,0.851,0.835,0.844,1.0,8120400.0,6869666.0,腾讯日K/前复权日K,2026-08-07T20:33:10+08:00,20260926T093659
159915,创业板ETF易方达,SZSE,2013-04-15,0.844,0.844,0.83,0.834,0.844,0.844,0.83,0.834,1.0,29175700.0,24369787.0,腾讯日K/前复权日K,2026-08-07T20:33:10+08:00,20260926T093659
159915,创业板ETF易方达,SZSE,2013-04-16,0.827,0.843,0.821,0.842,0.827,0.843,0.821,0.842,1.0,14293500.0,11922525.0,腾讯日K/前复权日K,2026-08-07T20:33:10+08:00,20260926T093659
159915,创业板ETF易方达,SZSE,2013-04-17,0.842,0.867,0.838,0.866,0.842,0.867,0.838,0.866,1.0,26830400.0,22960032.0,腾讯日K/前复权日K,2026-08-07T20:33:10+08:00,20260926T093659
159915,创业板ETF易方达,SZSE,2013-04-18,0.861,0.876,0.857,0.871,0.861,0.876,0.857,0.871,1.0,22591200.0,19590102.0,腾讯日K/前复权日K,2026-08-07T20:33:10+08:00,20260926T093659
159915,创业板ETF易方达,SZSE,2013-04-19,0.872,0.897,0.871,0.891,0.872,0.897,0.871,0.891,1.0,60732000.0,53936824.0,腾讯日K/前复权日K,2026-08-07T20:33:10+08:00,20260926T093659
159915,创业板ETF易方达,SZSE,2013-04-22,0.891,0.915,0.888,0.915,0.891,0.915,0.888,0.915,1.0,54564600.0,49135744.0,腾讯日K/前复权日K,2026-08-07T20:33:10+08:00,20260926T093659
159915,创业板ETF易方达,SZSE,2013-04-23,0.919,0.919,0.887,0.892,0.919,0.919,0.887,0.892,1.0,38997500.0,35056581.0,腾讯日K/前复权日K,2026-08-07T20:33:10+08:00,20260926T093659
159915,创业板ETF易方达,SZSE,2013-04-24,0.892,0.926,0.89,0.926,0.892,0.926,0.89,0.926,1.0,60407900.0,55242934.0,腾讯日K/前复权日K,2026-08-07T20:33:10+08:00,20260926T093659
159915,创业板ETF易方达,SZSE,2013-04-25,0.923,0.937,0.898,0.898,0.923,0.937,0.898,0.898,1.0,71162600.0,65387842.0,腾讯日K/前复权日K,2026-08-07T20:33:10+08:00,20260926T093659
159915,创业板ETF易方达,SZSE,2013-04-26,0.892,0.902,0.882,0.89,0.892,0.902,0.882,0.89,1.0,49671400.0,44276460.0,腾讯日K/前复权日K,2026-08-07T20:33:10+08:00,20260926T093659
159915,创业板ETF易方达,SZSE,2013-05-02,0.887,0.914,0.878,0.914,0.887,0.914,0.878,0.914,1.0,34646100.0,31193384.0,腾讯日K/前复权日K,2026-08-07T20:33:10+08:00,20260926T093659
159915,创业板ETF易方达,SZSE,2013-05-03,0.916,0.939,0.914,0.938,0.916,0.939,0.914,0.938,1.0,55372900.0,51515544.0,腾讯日K/前复权日K,2026-08-07T20:33:10+08:00,20260926T093659
159915,创业板ETF易方达,SZSE,2013-05-06,0.94,0.962,0.938,0.953,0.94,0.962,0.938,0.953,1.0,48196000.0,45901817.0,腾讯日K/前复权日K,2026-08-07T20:33:10+08:00,20260926T093659
159915,创业板ETF易方达,SZSE,2013-05-07,0.951,0.963,0.944,0.95,0.951,0.963,0.944,0.95,1.0,39309800.0,37441662.0,腾讯日K/前复权日K,2026-08-07T20:33:10+08:00,20260926T093659
159915,创业板ETF易方达,SZSE,2013-05-08,0.956,0.982,0.955,0.982,0.956,0.982,0.955,0.982,1.0,43483100.0,42232717.0,腾讯日K/前复权日K,2026-08-07T20:33:10+08:00,20260926T093659
159915,创业板ETF易方达,SZSE,2013-05-09,0.979,0.993,0.972,0.99,0.979,0.993,0.972,0.99,1.0,51813200.0,50991129.0,腾讯日K/前复权日K,2026-08-07T20:33:10+08:00,20260926T093659
159915,创业板ETF易方达,SZSE,2013-05-10,0.986,0.993,0.97,0.987,0.986,0.993,0.97,0.987,1.0,50611600.0,49784741.0,腾讯日K/前复权日K,2026-08-07T20:33:10+08:00,20260926T093659
159915,创业板ETF易方达,SZSE,2013-05-13,0.985,0.992,0.974,0.991,0.985,0.992,0.974,0.991,1.0,111349000.0,109218848.0,腾讯日K/前复权日K,2026-08-07T20:33:10+08:00,20260926T093659
159915,创业板ETF易方达,SZSE,2013-05-14,0.99,0.99,0.964,0.971,0.99,0.99,0.964,0.971,1.0,36797000.0,35895594.0,腾讯日K/前复权日K,2026-08-07T20:33:10+08:00,20260926T093659
159915,创业板ETF易方达,SZSE,2013-05-15,0.971,1.01,0.971,1.01,0.971,1.01,0.971,1.01,1.0,96960300.0,96513973.0,腾讯日K/前复权日K,2026-08-07T20:33:10+08:00,20260926T093659
159915,创业板ETF易方达,SZSE,2013-05-16,1.011,1.034,0.992,1.007,1.011,1.034,0.992,1.007,1.0,148043700.0,150533140.0,腾讯日K/前复权日K,2026-08-07T20:33:10+08:00,20260926T093659
159915,创业板ETF易方达,SZSE,2013-05-17,1.005,1.027,0.998,1.017,1.005,1.027,0.998,1.017,1.0,57993600.0,58816666.0,腾讯日K/前复权日K,2026-08-07T20:33:10+08:00,20260926T093659
159915,创业板ETF易方达,SZSE,2013-05-20,1.017,1.05,1.016,1.048,1.017,1.05,1.016,1.048,1.0,65189100.0,67452140.0,腾讯日K/前复权日K,2026-08-07T20:33:10+08:00,20260926T093659
159915,创业板ETF易方达,SZSE,2013-05-21,1.047,1.074,1.04,1.073,1.047,1.074,1.04,1.073,1.0,66453200.0,70068138.0,腾讯日K/前复权日K,2026-08-07T20:33:10+08:00,20260926T093659
159915,创业板ETF易方达,SZSE,2013-05-22,1.072,1.072,1.031,1.039,1.072,1.072,1.031,1.039,1.0,96895500.0,101424774.0,腾讯日K/前复权日K,2026-08-07T20:33:10+08:00,20260926T093659
159915,创业板ETF易方达,SZSE,2013-05-23,1.026,1.059,1.026,1.043,1.026,1.059,1.026,1.043,1.0,107334000.0,112161141.0,腾讯日K/前复权日K,2026-08-07T20:33:10+08:00,20260926T093659
159915,创业板ETF易方达,SZSE,2013-05-24,1.043,1.072,1.043,1.07,1.043,1.072,1.043,1.07,1.0,56049500.0,59407346.0,腾讯日K/前复权日K,2026-08-07T20:33:10+08:00,20260926T093659
159915,创业板ETF易方达,SZSE,2013-05-27,1.066,1.089,1.066,1.085,1.066,1.089,1.066,1.085,1.0,72546900.0,78486014.0,腾讯日K/前复权日K,2026-08-07T20:33:10+08:00,20260926T093659
159915,创业板ETF易方达,SZSE,2013-05-28,1.084,1.084,1.046,1.054,1.084,1.084,1.046,1.054,1.0,66214500.0,70409455.0,腾讯日K/前复权日K,2026-08-07T20:33:10+08:00,20260926T093659
159915,创业板ETF易方达,SZSE,2013-05-29,1.053,1.064,1.047,1.064,1.053,1.064,1.047,1.064,1.0,66232100.0,70130103.0,腾讯日K/前复权日K,2026-08-07T20:33:10+08:00,20260926T093659
159915,创业板ETF易方达,SZSE,2013-05-30,1.059,1.075,1.053,1.068,1.059,1.075,1.053,1.068,1.0,55901500.0,59619594.0,腾讯日K/前复权日K,2026-08-07T20:33:10+08:00,20260926T093659
159915,创业板ETF易方达,SZSE,2013-05-31,1.066,1.084,1.063,1.067,1.066,1.084,1.063,1.067,1.0,53609300.0,57488852.0,腾讯日K/前复权日K,2026-08-07T20:33:10+08:00,20260926T093659
159915,创业板ETF易方达,SZSE,2013-06-03,1.06,1.07,1.045,1.046,1.06,1.07,1.045,1.046,1.0,50084000.0,52874747.0,腾讯日K/前复权日K,2026-08-07T20:33:10+08:00,20260926T093659
159915,创业板ETF易方达,SZSE,2013-06-04,1.046,1.046,1.007,1.02,1.046,1.046,1.007,1.02,1.0,45372600.0,46400842.0,腾讯日K/前复权日K,2026-08-07T20:33:10+08:00,20260926T093659
159915,创业板ETF易方达,SZSE,2013-06-05,1.019,1.037,1.019,1.035,1.019,1.037,1.019,1.035,1.0,59763500.0,61458297.0,腾讯日K/前复权日K,2026-08-07T20:33:10+08:00,20260926T093659
159915,创业板ETF易方达,SZSE,2013-06-06,1.025,1.03,1.018,1.018,1.025,1.03,1.018,1.018,1.0,24087400.0,24673108.0,腾讯日K/前复权日K,2026-08-07T20:33:10+08:00,20260926T093659
159915,创业板ETF易方达,SZSE,2013-06-07,1.02,1.038,1.014,1.032,1.02,1.038,1.014,1.032,1.0,56256400.0,57711271.0,腾讯日K/前复权日K,2026-08-07T20:33:10+08:00,20260926T093659
159915,创业板ETF易方达,SZSE,2013-06-13,1.018,1.028,0.981,1.024,1.018,1.028,0.981,1.024,1.0,53575300.0,54011529.0,腾讯日K/前复权日K,2026-08-07T20:33:10+08:00,20260926T093659
159915,创业板ETF易方达,SZSE,2013-06-14,1.027,1.07,1.013,1.069,1.027,1.07,1.013,1.069,1.0,81222500.0,85452871.0,腾讯日K/前复权日K,2026-08-07T20:33:10+08:00,20260926T093659
159915,创业板ETF易方达,SZSE,2013-06-17,1.073,1.09,1.064,1.067,1.073,1.09,1.064,1.067,1.0,100966600.0,108626457.0,腾讯日K/前复权日K,2026-08-07T20:33:10+08:00,20260926T093659
159915,创业板ETF易方达,SZSE,2013-06-18,1.067,1.076,1.047,1.068,1.067,1.076,1.047,1.068,1.0,62766100.0,66581948.0,腾讯日K/前复权日K,2026-08-07T20:33:10+08:00,20260926T093659
159915,创业板ETF易方达,SZSE,2013-06-19,1.06,1.069,1.049,1.064,1.06,1.069,1.049,1.064,1.0,88571300.0,94008080.0,腾讯日K/前复权日K,2026-08-07T20:33:10+08:00,20260926T093659
159915,创业板ETF易方达,SZSE,2013-06-20,1.055,1.067,1.023,1.023,1.055,1.067,1.023,1.023,1.0,72636600.0,76261481.0,腾讯日K/前复权日K,2026-08-07T20:33:10+08:00,20260926T093659
159915,创业板ETF易方达,SZSE,2013-06-21,1.0,1.032,0.985,1.027,1.0,1.032,0.985,1.027,1.0,69520400.0,70267603.0,腾讯日K/前复权日K,2026-08-07T20:33:10+08:00,20260926T093659
159915,创业板ETF易方达,SZSE,2013-06-24,1.016,1.018,0.954,0.963,1.016,1.018,0.954,0.963,1.0,87046200.0,86301438.0,腾讯日K/前复权日K,2026-08-07T20:33:10+08:00,20260926T093659
159915,创业板ETF易方达,SZSE,2013-06-25,0.946,0.994,0.902,0.986,0.946,0.994,0.902,0.986,1.0,126076200.0,121220510.0,腾讯日K/前复权日K,2026-08-07T20:33:10+08:00,20260926T093659
159915,创业板ETF易方达,SZSE,2013-06-26,0.982,1.045,0.978,1.045,0.982,1.045,0.978,1.045,1.0,168099500.0,170689586.0,腾讯日K/前复权日K,2026-08-07T20:33:10+08:00,20260926T093659
159915,创业板ETF易方达,SZSE,2013-06-27,1.045,1.064,1.016,1.02,1.045,1.064,1.016,1.02,1.0,143409800.0,149657095.0,腾讯日K/前复权日K,2026-08-07T20:33:10+08:00,20260926T093659
159915,创业板ETF易方达,SZSE,2013-06-28,1.003,1.044,0.996,1.003,1.003,1.044,0.996,1.003,1.0,76332000.0,77660811.0,腾讯日K/前复权日K,2026-08-07T20:33:10+08:00,20260926T093659
159915,创业板ETF易方达,SZSE,2013-07-01,1.002,1.06,1.0,1.06,1.002,1.06,1.0,1.06,1.0,188146300.0,194918059.0,腾讯日K/前复权日K,2026-08-07T20:33:10+08:00,20260926T093659
159915,创业板ETF易方达,SZSE,2013-07-02,1.059,1.084,1.055,1.083,1.059,1.084,1.055,1.083,1.0,325397100.0,348869328.0,腾讯日K/前复权日K,2026-08-07T20:33:10+08:00,20260926T093659
159915,创业板ETF易方达,SZSE,2013-07-03,1.072,1.107,1.06,1.1,1.072,1.107,1.06,1.1,1.0,320637800.0,348639456.0,腾讯日K/前复权日K,2026-08-07T20:33:10+08:00,20260926T093659
159915,创业板ETF易方达,SZSE,2013-07-04,1.093,1.103,1.082,1.087,1.093,1.103,1.082,1.087,1.0,217787300.0,238228872.0,腾讯日K/前复权日K,2026-08-07T20:33:10+08:00,20260926T093659
159915,创业板ETF易方达,SZSE,2013-07-05,1.086,1.089,1.052,1.052,1.086,1.089,1.052,1.052,1.0,110469600.0,118864351.0,腾讯日K/前复权日K,2026-08-07T20:33:10+08:00,20260926T093659
159915,创业板ETF易方达,SZSE,2013-07-08,1.024,1.055,1.011,1.027,1.024,1.055,1.011,1.027,1.0,217386000.0,225581202.0,腾讯日K/前复权日K,2026-08-07T20:33:10+08:00,20260926T093659
159915,创业板ETF易方达,SZSE,2013-07-09,1.026,1.052,1.02,1.048,1.026,1.052,1.02,1.048,1.0,215988700.0,224100729.0,腾讯日K/前复权日K,2026-08-07T20:33:10+08:00,20260926T093659
159915,创业板ETF易方达,SZSE,2013-07-10,1.046,1.069,1.044,1.069,1.046,1.069,1.044,1.069,1.0,155114100.0,164285779.0,腾讯日K/前复权日K,2026-08-07T20:33:10+08:00,20260926T093659
159915,创业板ETF易方达,SZSE,2013-07-11,1.068,1.082,1.05,1.082,1.068,1.082,1.05,1.082,1.0,68092100.0,72760752.0,腾讯日K/前复权日K,2026-08-07T20:33:10+08:00,20260926T093659
159915,创业板ETF易方达,SZSE,2013-07-12,1.081,1.119,1.075,1.092,1.081,1.119,1.075,1.092,1.0,180800800.0,199291881.0,腾讯日K/前复权日K,2026-08-07T20:33:10+08:00,20260926T093659
159915,创业板ETF易方达,SZSE,2013-07-15,1.088,1.14,1.088,1.138,1.088,1.14,1.088,1.138,1.0,224485800.0,251138100.0,腾讯日K/前复权日K,2026-08-07T20:33:10+08:00,20260926T093659
159915,创业板ETF易方达,SZSE,2013-07-16,1.14,1.15,1.126,1.137,1.14,1.15,1.126,1.137,1.0,272521800.0,310059520.0,腾讯日K/前复权日K,2026-08-07T20:33:10+08:00,20260926T093659
159915,创业板ETF易方达,SZSE,2013-07-17,1.135,1.147,1.115,1.126,1.135,1.147,1.115,1.126,1.0,165319800.0,187339818.0,腾讯日K/前复权日K,2026-08-07T20:33:10+08:00,20260926T093659
159915,创业板ETF易方达,SZSE,2013-07-18,1.119,1.136,1.111,1.124,1.119,1.136,1.111,1.124,1.0,214376200.0,240911628.0,腾讯日K/前复权日K,2026-08-07T20:33:10+08:00,20260926T093659
159915,创业板ETF易方达,SZSE,2013-07-19,1.124,1.153,1.106,1.106,1.124,1.153,1.106,1.106,1.0,284660200.0,323610864.0,腾讯日K/前复权日K,2026-08-07T20:33:10+08:00,20260926T093659
159915,创业板ETF易方达,SZSE,2013-07-22,1.099,1.154,1.099,1.154,1.099,1.154,1.099,1.154,1.0,257060500.0,290954208.0,腾讯日K/前复权日K,2026-08-07T20:33:10+08:00,20260926T093659
159915,创业板ETF易方达,SZSE,2013-07-23,1.156,1.18,1.156,1.173,1.156,1.18,1.156,1.173,1.0,217372700.0,253928100.0,腾讯日K/前复权日K,2026-08-07T20:33:10+08:00,20260926T093659
159915,创业板ETF易方达,SZSE,2013-07-24,1.174,1.203,1.17,1.2,1.174,1.203,1.17,1.2,1.0,373226800.0,443027216.0,腾讯日K/前复权日K,2026-08-07T20:33:10+08:00,20260926T093659
159915,创业板ETF易方达,SZSE,2013-07-25,1.198,1.2,1.14,1.147,1.198,1.2,1.14,1.147,1.0,235604700.0,274491696.0,腾讯日K/前复权日K,2026-08-07T20:33:10+08:00,20260926T093659
159915,创业板ETF易方达,SZSE,2013-07-26,1.14,1.156,1.122,1.152,1.14,1.156,1.122,1.152,1.0,262661600.0,300131616.0,腾讯日K/前复权日K,2026-08-07T20:33:10+08:00,20260926T093659
159915,创业板ETF易方达,SZSE,2013-07-29,1.143,1.158,1.123,1.124,1.143,1.158,1.123,1.124,1.0,281027400.0,320399232.0,腾讯日K/前复权日K,2026-08-07T20:33:10+08:00,20260926T093659
159915,创业板ETF易方达,SZSE,2013-07-30,1.124,1.135,1.084,1.11,1.124,1.135,1.084,1.11,1.0,231429000.0,256621816.0,腾讯日K/前复权日K,2026-08-07T20:33:10+08:00,20260926T093659
159915,创业板ETF易方达,SZSE,2013-07-31,1.111,1.13,1.103,1.122,1.111,1.13,1.103,1.122,1.0,229175200.0,257332399.0,腾讯日K/前复权日K,2026-08-07T20:33:10+08:00,20260926T093659
159915,创业板ETF易方达,SZSE,2013-08-01,1.123,1.182,1.121,1.177,1.123,1.182,1.121,1.177,1.0,368474100.0,427684128.0,腾讯日K/前复权日K,2026-08-07T20:33:10+08:00,20260926T093659
159915,创业板ETF易方达,SZSE,2013-08-02,1.182,1.193,1.168,1.169,1.182,1.193,1.168,1.169,1.0,302862400.0,358793360.0,腾讯日K/前复权日K,2026-08-07T20:33:10+08:00,20260926T093659
159915,创业板ETF易方达,SZSE,2013-08-05,1.167,1.193,1.166,1.193,1.167,1.193,1.166,1.193,1.0,208614400.0,245945073.0,腾讯日K/前复权日K,2026-08-07T20:33:10+08:00,20260926T093659
159915,创业板ETF易方达,SZSE,2013-08-06,1.186,1.206,1.184,1.196,1.186,1.206,1.184,1.196,1.0,195885600.0,234511134.0,腾讯日K/前复权日K,2026-08-07T20:33:10+08:00,20260926T093659
159915,创业板ETF易方达,SZSE,2013-08-07,1.196,1.196,1.158,1.162,1.196,1.196,1.158,1.162,1.0,197447300.0,231465732.0,腾讯日K/前复权日K,2026-08-07T20:33:10+08:00,20260926T093659
159915,创业板ETF易方达,SZSE,2013-08-08,1.155,1.184,1.151,1.171,1.155,1.184,1.151,1.171,1.0,216354200.0,253027881.0,腾讯日K/前复权日K,2026-08-07T20:33:10+08:00,20260926T093659
159915,创业板ETF易方达,SZSE,2013-08-09,1.171,1.181,1.137,1.161,1.171,1.181,1.137,1.161,1.0,181530100.0,210573779.0,腾讯日K/前复权日K,2026-08-07T20:33:10+08:00,20260926T093659
159915,创业板ETF易方达,SZSE,2013-08-12,1.159,1.172,1.132,1.152,1.159,1.172,1.132,1.152,1.0,129442100.0,149127971.0,腾讯日K/前复权日K,2026-08-07T20:33:10+08:00,20260926T093659
159915,创业板ETF易方达,SZSE,2013-08-13,1.153,1.169,1.138,1.163,1.153,1.169,1.138,1.163,1.0,178080100.0,206281650.0,腾讯日K/前复权日K,2026-08-07T20:33:10+08:00,20260926T093659
159915,创业板ETF易方达,SZSE,2013-08-14,1.16,1.172,1.145,1.172,1.16,1.172,1.145,1.172,1.0,232477400.0,269932416.0,腾讯日K/前复权日K,2026-08-07T20:33:10+08:00,20260926T093659
159915,创业板ETF易方达,SZSE,2013-08-15,1.165,1.172,1.151,1.151,1.165,1.172,1.151,1.151,1.0,240583800.0,279773232.0,腾讯日K/前复权日K,2026-08-07T20:33:10+08:00,20260926T093659
159915,创业板ETF易方达,SZSE,2013-08-16,1.142,1.163,1.117,1.117,1.142,1.163,1.117,1.117,1.0,163515800.0,187813378.0,腾讯日K/前复权日K,2026-08-07T20:33:10+08:00,20260926T093659
159915,创业板ETF易方达,SZSE,2013-08-19,1.112,1.164,1.11,1.164,1.112,1.164,1.11,1.164,1.0,225059500.0,257270663.0,腾讯日K/前复权日K,2026-08-07T20:33:10+08:00,20260926T093659
159915,创业板ETF易方达,SZSE,2013-08-20,1.16,1.168,1.15,1.16,1.16,1.168,1.15,1.16,1.0,164253400.0,190693948.0,腾讯日K/前复权日K,2026-08-07T20:33:10+08:00,20260926T093659
159915,创业板ETF易方达,SZSE,2013-08-21,1.159,1.172,1.155,1.164,1.159,1.172,1.155,1.164,1.0,171215000.0,199334600.0,腾讯日K/前复权日K,2026-08-07T20:33:10+08:00,20260926T093659
159915,创业板ETF易方达,SZSE,2013-08-22,1.163,1.191,1.163,1.181,1.163,1.191,1.163,1.181,1.0,141517400.0,166667558.0,腾讯日K/前复权日K,2026-08-07T20:33:10+08:00,20260926T093659
159915,创业板ETF易方达,SZSE,2013-08-23,1.186,1.211,1.173,1.198,1.186,1.211,1.173,1.198,1.0,262451700.0,313523072.0,腾讯日K/前复权日K,2026-08-07T20:33:10+08:00,20260926T093659
159915,创业板ETF易方达,SZSE,2013-08-26,1.202,1.226,1.2,1.22,1.202,1.226,1.2,1.22,1.0,153237900.0,186173716.0,腾讯日K/前复权日K,2026-08-07T20:33:10+08:00,20260926T093659
159915,创业板ETF易方达,SZSE,2013-08-27,1.218,1.233,1.207,1.229,1.218,1.233,1.207,1.229,1.0,159495200.0,194318299.0,腾讯日K/前复权日K,2026-08-07T20:33:10+08:00,20260926T093659
159915,创业板ETF易方达,SZSE,2013-08-28,1.225,1.234,1.207,1.209,1.225,1.234,1.207,1.209,1.0,134259000.0,164385698.0,腾讯日K/前复权日K,2026-08-07T20:33:10+08:00,20260926T093659
159915,创业板ETF易方达,SZSE,2013-08-29,1.207,1.219,1.2,1.207,1.207,1.219,1.2,1.207,1.0,123774900.0,149938526.0,腾讯日K/前复权日K,2026-08-07T20:33:10+08:00,20260926T093659
159915,创业板ETF易方达,SZSE,2013-08-30,1.201,1.207,1.162,1.171,1.201,1.207,1.162,1.171,1.0,151588500.0,179851882.0,腾讯日K/前复权日K,2026-08-07T20:33:10+08:00,20260926T093659
159915,创业板ETF易方达,SZSE,2013-09-02,1.17,1.197,1.164,1.197,1.17,1.197,1.164,1.197,1.0,129163600.0,152539268.0,腾讯日K/前复权日K,2026-08-07T20:33:10+08:00,20260926T093659
159915,创业板ETF易方达,SZSE,2013-09-03,1.196,1.217,1.195,1.214,1.196,1.217,1.195,1.214,1.0,98270700.0,118673942.0,腾讯日K/前复权日K,2026-08-07T20:33:10+08:00,20260926T093659
159915,创业板ETF易方达,SZSE,2013-09-04,1.214,1.228,1.208,1.215,1.214,1.228,1.208,1.215,1.0,100494000.0,122318108.0,腾讯日K/前复权日K,2026-08-07T20:33:10+08:00,20260926T093659
159915,创业板ETF易方达,SZSE,2013-09-05,1.215,1.25,1.211,1.248,1.215,1.25,1.211,1.248,1.0,109500000.0,134701657.0,腾讯日K/前复权日K,2026-08-07T20:33:10+08:00,20260926T093659
159915,创业板ETF易方达,SZSE,2013-09-06,1.248,1.269,1.235,1.262,1.248,1.269,1.235,1.262,1.0,116055500.0,145535031.0,腾讯日K/前复权日K,2026-08-07T20:33:10+08:00,20260926T093659
159915,创业板ETF易方达,SZSE,2013-09-09,1.262,1.265,1.236,1.255,1.262,1.265,1.236,1.255,1.0,85388500.0,106550819.0,腾讯日K/前复权日K,2026-08-07T20:33:10+08:00,20260926T093659
159915,创业板ETF易方达,SZSE,2013-09-10,1.253,1.259,1.233,1.244,1.253,1.259,1.233,1.244,1.0,61448100.0,76516449.0,腾讯日K/前复权日K,2026-08-07T20:33:10+08:00,20260926T093659
159915,创业板ETF易方达,SZSE,2013-09-11,1.242,1.242,1.197,1.202,1.242,1.242,1.197,1.202,1.0,112918800.0,136196587.0,腾讯日K/前复权日K,2026-08-07T20:33:10+08:00,20260926T093659
159915,创业板ETF易方达,SZSE,2013-09-12,1.201,1.219,1.189,1.207,1.201,1.219,1.189,1.207,1.0,174059500.0,209833444.0,腾讯日K/前复权日K,2026-08-07T20:33:10+08:00,20260926T093659
159915,创业板ETF易方达,SZSE,2013-09-13,1.21,1.242,1.188,1.235,1.21,1.242,1.188,1.235,1.0,182089200.0,221213225.0,腾讯日K/前复权日K,2026-08-07T20:33:10+08:00,20260926T093659
159915,创业板ETF易方达,SZSE,2013-09-16,1.231,1.276,1.231,1.257,1.231,1.276,1.231,1.257,1.0,265073300.0,333803216.0,腾讯日K/前复权日K,2026-08-07T20:33:10+08:00,20260926T093659
159915,创业板ETF易方达,SZSE,2013-09-17,1.254,1.265,1.245,1.246,1.254,1.265,1.245,1.246,1.0,126368600.0,158723266.0,腾讯日K/前复权日K,2026-08-07T20:33:10+08:00,20260926T093659
159915,创业板ETF易方达,SZSE,2013-09-18,1.246,1.272,1.241,1.265,1.246,1.272,1.241,1.265,1.0,132695000.0,166959663.0,腾讯日K/前复权日K,2026-08-07T20:33:10+08:00,20260926T093659
159915,创业板ETF易方达,SZSE,2013-09-23,1.266,1.306,1.266,1.3,1.266,1.306,1.266,1.3,1.0,138680600.0,178369988.0,腾讯日K/前复权日K,2026-08-07T20:33:10+08:00,20260926T093659
159915,创业板ETF易方达,SZSE,2013-09-24,1.303,1.318,1.288,1.305,1.303,1.318,1.288,1.305,1.0,177328500.0,231579162.0,腾讯日K/前复权日K,2026-08-07T20:33:10+08:00,20260926T093659
159915,创业板ETF易方达,SZSE,2013-09-25,1.303,1.324,1.296,1.299,1.303,1.324,1.296,1.299,1.0,127497100.0,166623341.0,腾讯日K/前复权日K,2026-08-07T20:33:10+08:00,20260926T093659
159915,创业板ETF易方达,SZSE,2013-09-26,1.296,1.312,1.277,1.281,1.296,1.312,1.277,1.281,1.0,113632600.0,147481153.0,腾讯日K/前复权日K,2026-08-07T20:33:10+08:00,20260926T093659
159915,创业板ETF易方达,SZSE,2013-09-27,1.28,1.31,1.28,1.308,1.28,1.31,1.28,1.308,1.0,115155100.0,149104819.0,腾讯日K/前复权日K,2026-08-07T20:33:10+08:00,20260926T093659
159915,创业板ETF易方达,SZSE,2013-09-30,1.314,1.35,1.31,1.346,1.314,1.35,1.31,1.346,1.0,96413900.0,128245831.0,腾讯日K/前复权日K,2026-08-07T20:33:10+08:00,20260926T093659
159915,创业板ETF易方达,SZSE,2013-10-08,1.35,1.365,1.337,1.36,1.35,1.365,1.337,1.36,1.0,155293900.0,210038042.0,腾讯日K/前复权日K,2026-08-07T20:33:10+08:00,20260926T093659
159915,创业板ETF易方达,SZSE,2013-10-09,1.356,1.393,1.352,1.39,1.356,1.393,1.352,1.39,1.0,138640600.0,191034118.0,腾讯日K/前复权日K,2026-08-07T20:33:10+08:00,20260926T093659
159915,创业板ETF易方达,SZSE,2013-10-10,1.395,1.399,1.348,1.349,1.395,1.399,1.348,1.349,1.0,138756100.0,190776988.0,腾讯日K/前复权日K,2026-08-07T20:33:10+08:00,20260926T093659
159915,创业板ETF易方达,SZSE,2013-10-11,1.35,1.363,1.333,1.36,1.35,1.363,1.333,1.36,1.0,80565500.0,109037673.0,腾讯日K/前复权日K,2026-08-07T20:33:10+08:00,20260926T093659
159915,创业板ETF易方达,SZSE,2013-10-14,1.36,1.373,1.345,1.373,1.36,1.373,1.345,1.373,1.0,118467100.0,161108569.0,腾讯日K/前复权日K,2026-08-07T20:33:10+08:00,20260926T093659
159915,创业板ETF易方达,SZSE,2013-10-15,1.372,1.387,1.353,1.365,1.372,1.387,1.353,1.365,1.0,140371100.0,192740686.0,腾讯日K/前复权日K,2026-08-07T20:33:10+08:00,20260926T093659
159915,创业板ETF易方达,SZSE,2013-10-16,1.365,1.367,1.301,1.312,1.365,1.367,1.301,1.312,1.0,179833800.0,236871609.0,腾讯日K/前复权日K,2026-08-07T20:33:10+08:00,20260926T093659
159915,创业板ETF易方达,SZSE,2013-10-17,1.314,1.335,1.294,1.299,1.314,1.335,1.294,1.299,1.0,116732900.0,153811069.0,腾讯日K/前复权日K,2026-08-07T20:33:10+08:00,20260926T093659
159915,创业板ETF易方达,SZSE,2013-10-18,1.301,1.332,1.301,1.332,1.301,1.332,1.301,1.332,1.0,128419000.0,169296592.0,腾讯日K/前复权日K,2026-08-07T20:33:10+08:00,20260926T093659
159915,创业板ETF易方达,SZSE,2013-10-21,1.333,1.379,1.333,1.376,1.333,1.379,1.333,1.376,1.0,136993400.0,186203475.0,腾讯日K/前复权日K,2026-08-07T20:33:10+08:00,20260926T093659
159915,创业板ETF易方达,SZSE,2013-10-22,1.373,1.382,1.318,1.318,1.373,1.382,1.318,1.318,1.0,201733100.0,272462912.0,腾讯日K/前复权日K,2026-08-07T20:33:10+08:00,20260926T093659
159915,创业板ETF易方达,SZSE,2013-10-23,1.313,1.313,1.268,1.289,1.313,1.313,1.268,1.289,1.0,177368200.0,228644710.0,腾讯日K/前复权日K,2026-08-07T20:33:10+08:00,20260926T093659
159915,创业板ETF易方达,SZSE,2013-10-24,1.28,1.295,1.264,1.268,1.28,1.295,1.264,1.268,1.0,123876100.0,158543777.0,腾讯日K/前复权日K,2026-08-07T20:33:10+08:00,20260926T093659
159915,创业板ETF易方达,SZSE,2013-10-25,1.267,1.283,1.231,1.252,1.267,1.283,1.231,1.252,1.0,142229600.0,177595966.0,腾讯日K/前复权日K,2026-08-07T20:33:10+08:00,20260926T093659
159915,创业板ETF易方达,SZSE,2013-10-28,1.252,1.264,1.237,1.255,1.252,1.264,1.237,1.255,1.0,155347400.0,194254061.0,腾讯日K/前复权日K,2026-08-07T20:33:10+08:00,20260926T093659
159915,创业板ETF易方达,SZSE,2013-10-29,1.251,1.269,1.184,1.234,1.251,1.269,1.184,1.234,1.0,256558200.0,312442528.0,腾讯日K/前复权日K,2026-08-07T20:33:10+08:00,20260926T093659
159915,创业板ETF易方达,SZSE,2013-10-30,1.233,1.252,1.223,1.252,1.233,1.252,1.223,1.252,1.0,125651300.0,155949505.0,腾讯日K/前复权日K,2026-08-07T20:33:10+08:00,20260926T093659
159915,创业板ETF易方达,SZSE,2013-10-31,1.243,1.245,1.207,1.211,1.243,1.245,1.207,1.211,1.0,122514000.0,150232999.0,腾讯日K/前复权日K,2026-08-07T20:33:10+08:00,20260926T093659
159915,创业板ETF易方达,SZSE,2013-11-01,1.206,1.21,1.176,1.199,1.206,1.21,1.176,1.199,1.0,142773300.0,170625320.0,腾讯日K/前复权日K,2026-08-07T20:33:10+08:00,20260926T093659
159915,创业板ETF易方达,SZSE,2013-11-04,1.195,1.219,1.19,1.202,1.195,1.219,1.19,1.202,1.0,122639600.0,148314627.0,腾讯日K/前复权日K,2026-08-07T20:33:10+08:00,20260926T093659
159915,创业板ETF易方达,SZSE,2013-11-05,1.192,1.238,1.183,1.236,1.192,1.238,1.183,1.236,1.0,176710200.0,214748231.0,腾讯日K/前复权日K,2026-08-07T20:33:10+08:00,20260926T093659
159915,创业板ETF易方达,SZSE,2013-11-06,1.23,1.254,1.219,1.22,1.23,1.254,1.219,1.22,1.0,218191600.0,270807936.0,腾讯日K/前复权日K,2026-08-07T20:33:10+08:00,20260926T093659
159915,创业板ETF易方达,SZSE,2013-11-07,1.211,1.227,1.197,1.2,1.211,1.227,1.197,1.2,1.0,170211300.0,206031200.0,腾讯日K/前复权日K,2026-08-07T20:33:10+08:00,20260926T093659
159915,创业板ETF易方达,SZSE,2013-11-08,1.188,1.204,1.181,1.189,1.188,1.204,1.181,1.189,1.0,168914800.0,201398194.0,腾讯日K/前复权日K,2026-08-07T20:33:10+08:00,20260926T093659
159915,创业板ETF易方达,SZSE,2013-11-11,1.185,1.203,1.168,1.19,1.185,1.203,1.168,1.19,1.0,111833200.0,132375177.0,腾讯日K/前复权日K,2026-08-07T20:33:10+08:00,20260926T093659
159915,创业板ETF易方达,SZSE,2013-11-12,1.19,1.215,1.186,1.206,1.19,1.215,1.186,1.206,1.0,106082100.0,127400048.0,腾讯日K/前复权日K,2026-08-07T20:33:10+08:00,20260926T093659
159915,创业板ETF易方达,SZSE,2013-11-13,1.2,1.214,1.188,1.189,1.2,1.214,1.188,1.189,1.0,141277800.0,170089667.0,腾讯日K/前复权日K,2026-08-07T20:33:10+08:00,20260926T093659
159915,创业板ETF易方达,SZSE,2013-11-14,1.18,1.23,1.178,1.225,1.18,1.23,1.178,1.225,1.0,225249700.0,272987200.0,腾讯日K/前复权日K,2026-08-07T20:33:10+08:00,20260926T093659
159915,创业板ETF易方达,SZSE,2013-11-15,1.227,1.264,1.225,1.247,1.227,1.264,1.225,1.247,1.0,158039900.0,197297583.0,腾讯日K/前复权日K,2026-08-07T20:33:10+08:00,20260926T093659
159915,创业板ETF易方达,SZSE,2013-11-18,1.251,1.273,1.249,1.268,1.251,1.273,1.249,1.268,1.0,110270800.0,139104315.0,腾讯日K/前复权日K,2026-08-07T20:33:10+08:00,20260926T093659
159915,创业板ETF易方达,SZSE,2013-11-19,1.267,1.288,1.262,1.276,1.267,1.288,1.262,1.276,1.0,122213400.0,156098775.0,腾讯日K/前复权日K,2026-08-07T20:33:10+08:00,20260926T093659
159915,创业板ETF易方达,SZSE,2013-11-20,1.275,1.279,1.258,1.274,1.275,1.279,1.258,1.274,1.0,128128400.0,162564693.0,腾讯日K/前复权日K,2026-08-07T20:33:10+08:00,20260926T093659
159915,创业板ETF易方达,SZSE,2013-11-21,1.265,1.281,1.263,1.272,1.265,1.281,1.263,1.272,1.0,104454300.0,132975484.0,腾讯日K/前复权日K,2026-08-07T20:33:10+08:00,20260926T093659
159915,创业板ETF易方达,SZSE,2013-11-22,1.269,1.278,1.258,1.268,1.269,1.278,1.258,1.268,1.0,78575500.0,99655487.0,腾讯日K/前复权日K,2026-08-07T20:33:10+08:00,20260926T093659
159915,创业板ETF易方达,SZSE,2013-11-25,1.26,1.281,1.259,1.272,1.26,1.281,1.259,1.272,1.0,62494500.0,79512097.0,腾讯日K/前复权日K,2026-08-07T20:33:10+08:00,20260926T093659
159915,创业板ETF易方达,SZSE,2013-11-26,1.263,1.275,1.255,1.265,1.263,1.275,1.255,1.265,1.0,64142600.0,81241186.0,腾讯日K/前复权日K,2026-08-07T20:33:10+08:00,20260926T093659
159915,创业板ETF易方达,SZSE,2013-11-27,1.262,1.315,1.262,1.308,1.262,1.315,1.262,1.308,1.0,139028200.0,180003306.0,腾讯日K/前复权日K,2026-08-07T20:33:10+08:00,20260926T093659
159915,创业板ETF易方达,SZSE,2013-11-28,1.308,1.318,1.302,1.311,1.308,1.318,1.302,1.311,1.0,67398300.0,88343757.0,腾讯日K/前复权日K,2026-08-07T20:33:10+08:00,20260926T093659
159915,创业板ETF易方达,SZSE,2013-11-29,1.31,1.344,1.308,1.341,1.31,1.344,1.308,1.341,1.0,121733200.0,161885805.0,腾讯日K/前复权日K,2026-08-07T20:33:10+08:00,20260926T093659
159915,创业板ETF易方达,SZSE,2013-12-02,1.27,1.293,1.207,1.208,1.27,1.293,1.207,1.208,1.0,283370800.0,356403296.0,腾讯日K/前复权日K,2026-08-07T20:33:10+08:00,20260926T093659
159915,创业板ETF易方达,SZSE,2013-12-03,1.181,1.237,1.176,1.227,1.181,1.237,1.176,1.227,1.0,256085800.0,307932272.0,腾讯日K/前复权日K,2026-08-07T20:33:10+08:00,20260926T093659
159915,创业板ETF易方达,SZSE,2013-12-04,1.219,1.254,1.212,1.22,1.219,1.254,1.212,1.22,1.0,103354700.0,128308316.0,腾讯日K/前复权日K,2026-08-07T20:33:10+08:00,20260926T093659
159915,创业板ETF易方达,SZSE,2013-12-05,1.208,1.213,1.178,1.18,1.208,1.213,1.178,1.18,1.0,88898800.0,106148497.0,腾讯日K/前复权日K,2026-08-07T20:33:10+08:00,20260926T093659
159915,创业板ETF易方达,SZSE,2013-12-06,1.176,1.194,1.172,1.186,1.176,1.194,1.172,1.186,1.0,94811900.0,112036474.0,腾讯日K/前复权日K,2026-08-07T20:33:10+08:00,20260926T093659
159915,创业板ETF易方达,SZSE,2013-12-09,1.187,1.219,1.186,1.217,1.187,1.219,1.186,1.217,1.0,140312100.0,169313794.0,腾讯日K/前复权日K,2026-08-07T20:33:10+08:00,20260926T093659
159915,创业板ETF易方达,SZSE,2013-12-10,1.22,1.227,1.203,1.208,1.22,1.227,1.203,1.208,1.0,94671600.0,114735030.0,腾讯日K/前复权日K,2026-08-07T20:33:10+08:00,20260926T093659
159915,创业板ETF易方达,SZSE,2013-12-11,1.205,1.233,1.203,1.228,1.205,1.233,1.203,1.228,1.0,96167800.0,117264980.0,腾讯日K/前复权日K,2026-08-07T20:33:10+08:00,20260926T093659
159915,创业板ETF易方达,SZSE,2013-12-12,1.221,1.261,1.218,1.252,1.221,1.261,1.218,1.252,1.0,175294400.0,218249770.0,腾讯日K/前复权日K,2026-08-07T20:33:10+08:00,20260926T093659
159915,创业板ETF易方达,SZSE,2013-12-13,1.243,1.262,1.243,1.251,1.243,1.262,1.243,1.251,1.0,110660700.0,138722043.0,腾讯日K/前复权日K,2026-08-07T20:33:10+08:00,20260926T093659
159915,创业板ETF易方达,SZSE,2013-12-16,1.252,1.269,1.24,1.255,1.252,1.269,1.24,1.255,1.0,117900200.0,148022659.0,腾讯日K/前复权日K,2026-08-07T20:33:10+08:00,20260926T093659
159915,创业板ETF易方达,SZSE,2013-12-17,1.251,1.256,1.223,1.239,1.251,1.256,1.223,1.239,1.0,175936900.0,218031320.0,腾讯日K/前复权日K,2026-08-07T20:33:10+08:00,20260926T093659
159915,创业板ETF易方达,SZSE,2013-12-18,1.24,1.241,1.22,1.228,1.24,1.241,1.22,1.228,1.0,64845700.0,79759932.0,腾讯日K/前复权日K,2026-08-07T20:33:10+08:00,20260926T093659
159915,创业板ETF易方达,SZSE,2013-12-19,1.23,1.258,1.229,1.234,1.23,1.258,1.229,1.234,1.0,144145700.0,180092530.0,腾讯日K/前复权日K,2026-08-07T20:33:10+08:00,20260926T093659
159915,创业板ETF易方达,SZSE,2013-12-20,1.232,1.242,1.221,1.23,1.232,1.242,1.221,1.23,1.0,113968300.0,140566308.0,腾讯日K/前复权日K,2026-08-07T20:33:10+08:00,20260926T093659
159915,创业板ETF易方达,SZSE,2013-12-23,1.225,1.229,1.2,1.215,1.225,1.229,1.2,1.215,1.0,65720400.0,79658642.0,腾讯日K/前复权日K,2026-08-07T20:33:10+08:00,20260926T093659
159915,创业板ETF易方达,SZSE,2013-12-24,1.215,1.242,1.21,1.236,1.215,1.242,1.21,1.236,1.0,90223000.0,110919565.0,腾讯日K/前复权日K,2026-08-07T20:33:10+08:00,20260926T093659
159915,创业板ETF易方达,SZSE,2013-12-25,1.238,1.266,1.23,1.262,1.238,1.266,1.23,1.262,1.0,138721300.0,173499465.0,腾讯日K/前复权日K,2026-08-07T20:33:10+08:00,20260926T093659
159915,创业板ETF易方达,SZSE,2013-12-26,1.261,1.269,1.238,1.243,1.261,1.269,1.238,1.243,1.0,153325300.0,193258889.0,腾讯日K/前复权日K,2026-08-07T20:33:10+08:00,20260926T093659
159915,创业板ETF易方达,SZSE,2013-12-27,1.236,1.275,1.236,1.273,1.236,1.275,1.236,1.273,1.0,112310200.0,141558327.0,腾讯日K/前复权日K,2026-08-07T20:33:10+08:00,20260926T093659
159915,创业板ETF易方达,SZSE,2013-12-30,1.273,1.281,1.266,1.28,1.273,1.281,1.266,1.28,1.0,131775100.0,168168047.0,腾讯日K/前复权日K,2026-08-07T20:33:10+08:00,20260926T093659
159915,创业板ETF易方达,SZSE,2013-12-31,1.277,1.282,1.26,1.274,1.277,1.282,1.26,1.274,1.0,62999500.0,80239540.0,腾讯日K/前复权日K,2026-08-07T20:33:10+08:00,20260926T093659
159915,创业板ETF易方达,SZSE,2014-01-02,1.273,1.307,1.273,1.306,1.273,1.307,1.273,1.306,1.0,137141400.0,177276800.0,腾讯日K/前复权日K,2026-08-07T20:33:10+08:00,20260926T093659
159915,创业板ETF易方达,SZSE,2014-01-03,1.3,1.328,1.298,1.325,1.3,1.328,1.298,1.325,1.0,154965600.0,203946100.0,腾讯日K/前复权日K,2026-08-07T20:33:10+08:00,20260926T093659
159915,创业板ETF易方达,SZSE,2014-01-06,1.324,1.326,1.292,1.299,1.324,1.326,1.292,1.299,1.0,147459600.0,194125818.0,腾讯日K/前复权日K,2026-08-07T20:33:10+08:00,20260926T093659
159915,创业板ETF易方达,SZSE,2014-01-07,1.29,1.328,1.285,1.324,1.29,1.328,1.285,1.324,1.0,164313200.0,214709449.0,腾讯日K/前复权日K,2026-08-07T20:33:10+08:00,20260926T093659
159915,创业板ETF易方达,SZSE,2014-01-08,1.342,1.384,1.332,1.375,1.342,1.384,1.332,1.375,1.0,223675400.0,305167904.0,腾讯日K/前复权日K,2026-08-07T20:33:10+08:00,20260926T093659
159915,创业板ETF易方达,SZSE,2014-01-09,1.37,1.394,1.343,1.348,1.37,1.394,1.343,1.348,1.0,166187400.0,228694312.0,腾讯日K/前复权日K,2026-08-07T20:33:10+08:00,20260926T093659
159915,创业板ETF易方达,SZSE,2014-01-10,1.338,1.362,1.318,1.324,1.338,1.362,1.318,1.324,1.0,112777800.0,151139857.0,腾讯日K/前复权日K,2026-08-07T20:33:10+08:00,20260926T093659
159915,创业板ETF易方达,SZSE,2014-01-13,1.323,1.35,1.321,1.336,1.323,1.35,1.321,1.336,1.0,68706000.0,91775913.0,腾讯日K/前复权日K,2026-08-07T20:33:10+08:00,20260926T093659
159915,创业板ETF易方达,SZSE,2014-01-14,1.336,1.377,1.33,1.377,1.336,1.377,1.33,1.377,1.0,101357500.0,137393994.0,腾讯日K/前复权日K,2026-08-07T20:33:10+08:00,20260926T093659
159915,创业板ETF易方达,SZSE,2014-01-15,1.378,1.395,1.371,1.39,1.378,1.395,1.371,1.39,1.0,179409100.0,248781124.0,腾讯日K/前复权日K,2026-08-07T20:33:10+08:00,20260926T093659
159915,创业板ETF易方达,SZSE,2014-01-16,1.387,1.399,1.362,1.371,1.387,1.399,1.362,1.371,1.0,101153800.0,139537287.0,腾讯日K/前复权日K,2026-08-07T20:33:10+08:00,20260926T093659
159915,创业板ETF易方达,SZSE,2014-01-17,1.365,1.383,1.36,1.367,1.365,1.383,1.36,1.367,1.0,136466700.0,187355048.0,腾讯日K/前复权日K,2026-08-07T20:33:10+08:00,20260926T093659
159915,创业板ETF易方达,SZSE,2014-01-20,1.361,1.371,1.332,1.342,1.361,1.371,1.332,1.342,1.0,110493000.0,149542813.0,腾讯日K/前复权日K,2026-08-07T20:33:10+08:00,20260926T093659
159915,创业板ETF易方达,SZSE,2014-01-21,1.34,1.381,1.339,1.381,1.34,1.381,1.339,1.381,1.0,140723800.0,191916607.0,腾讯日K/前复权日K,2026-08-07T20:33:10+08:00,20260926T093659
159915,创业板ETF易方达,SZSE,2014-01-22,1.384,1.403,1.375,1.399,1.384,1.403,1.375,1.399,1.0,191460600.0,266995533.0,腾讯日K/前复权日K,2026-08-07T20:33:10+08:00,20260926T093659
159915,创业板ETF易方达,SZSE,2014-01-23,1.4,1.443,1.4,1.43,1.4,1.443,1.4,1.43,1.0,249642400.0,355576960.0,腾讯日K/前复权日K,2026-08-07T20:33:10+08:00,20260926T093659
159915,创业板ETF易方达,SZSE,2014-01-24,1.424,1.464,1.422,1.453,1.424,1.464,1.422,1.453,1.0,162057000.0,234222302.0,腾讯日K/前复权日K,2026-08-07T20:33:10+08:00,20260926T093659
159915,创业板ETF易方达,SZSE,2014-01-27,1.448,1.469,1.43,1.445,1.448,1.469,1.43,1.445,1.0,182934800.0,265562454.0,腾讯日K/前复权日K,2026-08-07T20:33:10+08:00,20260926T093659
159915,创业板ETF易方达,SZSE,2014-01-28,1.443,1.453,1.413,1.441,1.443,1.453,1.413,1.441,1.0,222916600.0,318616384.0,腾讯日K/前复权日K,2026-08-07T20:33:10+08:00,20260926T093659
159915,创业板ETF易方达,SZSE,2014-01-29,1.441,1.466,1.435,1.466,1.441,1.466,1.435,1.466,1.0,99943100.0,145066601.0,腾讯日K/前复权日K,2026-08-07T20:33:10+08:00,20260926T093659
159915,创业板ETF易方达,SZSE,2014-01-30,1.464,1.48,1.448,1.463,1.464,1.48,1.448,1.463,1.0,75507600.0,110588938.0,腾讯日K/前复权日K,2026-08-07T20:33:10+08:00,20260926T093659
159915,创业板ETF易方达,SZSE,2014-02-07,1.451,1.5,1.45,1.498,1.451,1.5,1.45,1.498,1.0,144614200.0,213588028.0,腾讯日K/前复权日K,2026-08-07T20:33:10+08:00,20260926T093659
159915,创业板ETF易方达,SZSE,2014-02-10,1.505,1.523,1.491,1.516,1.505,1.523,1.491,1.516,1.0,142459800.0,214965273.0,腾讯日K/前复权日K,2026-08-07T20:33:10+08:00,20260926T093659
159915,创业板ETF易方达,SZSE,2014-02-11,1.515,1.526,1.473,1.492,1.515,1.526,1.473,1.492,1.0,185547600.0,278639840.0,腾讯日K/前复权日K,2026-08-07T20:33:10+08:00,20260926T093659
159915,创业板ETF易方达,SZSE,2014-02-12,1.488,1.508,1.478,1.506,1.488,1.508,1.478,1.506,1.0,146044300.0,218313490.0,腾讯日K/前复权日K,2026-08-07T20:33:10+08:00,20260926T093659
159915,创业板ETF易方达,SZSE,2014-02-13,1.499,1.508,1.45,1.45,1.499,1.508,1.45,1.45,1.0,199937300.0,296531872.0,腾讯日K/前复权日K,2026-08-07T20:33:10+08:00,20260926T093659
159915,创业板ETF易方达,SZSE,2014-02-14,1.449,1.481,1.441,1.479,1.449,1.481,1.441,1.479,1.0,231239300.0,338846496.0,腾讯日K/前复权日K,2026-08-07T20:33:10+08:00,20260926T093659
159915,创业板ETF易方达,SZSE,2014-02-17,1.483,1.523,1.483,1.521,1.483,1.523,1.483,1.521,1.0,233667100.0,351453664.0,腾讯日K/前复权日K,2026-08-07T20:33:10+08:00,20260926T093659
159915,创业板ETF易方达,SZSE,2014-02-18,1.521,1.524,1.5,1.507,1.521,1.524,1.5,1.507,1.0,245828800.0,371588096.0,腾讯日K/前复权日K,2026-08-07T20:33:10+08:00,20260926T093659
159915,创业板ETF易方达,SZSE,2014-02-19,1.505,1.513,1.487,1.506,1.505,1.513,1.487,1.506,1.0,209316100.0,313800832.0,腾讯日K/前复权日K,2026-08-07T20:33:10+08:00,20260926T093659
159915,创业板ETF易方达,SZSE,2014-02-20,1.501,1.507,1.467,1.483,1.501,1.507,1.467,1.483,1.0,246442900.0,365587392.0,腾讯日K/前复权日K,2026-08-07T20:33:10+08:00,20260926T093659
159915,创业板ETF易方达,SZSE,2014-02-21,1.47,1.49,1.467,1.483,1.47,1.49,1.467,1.483,1.0,216814100.0,321231344.0,腾讯日K/前复权日K,2026-08-07T20:33:10+08:00,20260926T093659
159915,创业板ETF易方达,SZSE,2014-02-24,1.481,1.507,1.472,1.505,1.481,1.507,1.472,1.505,1.0,259606900.0,386769856.0,腾讯日K/前复权日K,2026-08-07T20:33:10+08:00,20260926T093659
159915,创业板ETF易方达,SZSE,2014-02-25,1.505,1.534,1.421,1.432,1.505,1.534,1.421,1.432,1.0,379390400.0,565837408.0,腾讯日K/前复权日K,2026-08-07T20:33:10+08:00,20260926T093659
159915,创业板ETF易方达,SZSE,2014-02-26,1.406,1.431,1.38,1.431,1.406,1.431,1.38,1.431,1.0,391533700.0,552259616.0,腾讯日K/前复权日K,2026-08-07T20:33:10+08:00,20260926T093659
159915,创业板ETF易方达,SZSE,2014-02-27,1.432,1.461,1.373,1.385,1.432,1.461,1.373,1.385,1.0,204574600.0,292891136.0,腾讯日K/前复权日K,2026-08-07T20:33:10+08:00,20260926T093659
159915,创业板ETF易方达,SZSE,2014-02-28,1.38,1.405,1.36,1.4,1.38,1.405,1.36,1.4,1.0,303751400.0,419383824.0,腾讯日K/前复权日K,2026-08-07T20:33:10+08:00,20260926T093659
159915,创业板ETF易方达,SZSE,2014-03-03,1.4,1.433,1.39,1.43,1.4,1.433,1.39,1.43,1.0,222295900.0,314936752.0,腾讯日K/前复权日K,2026-08-07T20:33:10+08:00,20260926T093659
159915,创业板ETF易方达,SZSE,2014-03-04,1.42,1.438,1.408,1.421,1.42,1.438,1.408,1.421,1.0,227967500.0,324843728.0,腾讯日K/前复权日K,2026-08-07T20:33:10+08:00,20260926T093659
159915,创业板ETF易方达,SZSE,2014-03-05,1.425,1.433,1.414,1.427,1.425,1.433,1.414,1.427,1.0,143103500.0,203995351.0,腾讯日K/前复权日K,2026-08-07T20:33:10+08:00,20260926T093659
159915,创业板ETF易方达,SZSE,2014-03-06,1.418,1.427,1.389,1.426,1.418,1.427,1.389,1.426,1.0,202756000.0,285187808.0,腾讯日K/前复权日K,2026-08-07T20:33:10+08:00,20260926T093659
159915,创业板ETF易方达,SZSE,2014-03-07,1.425,1.441,1.413,1.428,1.425,1.441,1.413,1.428,1.0,111726100.0,159868277.0,腾讯日K/前复权日K,2026-08-07T20:33:10+08:00,20260926T093659
159915,创业板ETF易方达,SZSE,2014-03-10,1.408,1.408,1.368,1.37,1.408,1.408,1.368,1.37,1.0,207178400.0,287889232.0,腾讯日K/前复权日K,2026-08-07T20:33:10+08:00,20260926T093659
159915,创业板ETF易方达,SZSE,2014-03-11,1.367,1.376,1.346,1.363,1.367,1.376,1.346,1.363,1.0,122344800.0,166981437.0,腾讯日K/前复权日K,2026-08-07T20:33:10+08:00,20260926T093659
159915,创业板ETF易方达,SZSE,2014-03-12,1.358,1.382,1.344,1.364,1.358,1.382,1.344,1.364,1.0,289914600.0,395737424.0,腾讯日K/前复权日K,2026-08-07T20:33:10+08:00,20260926T093659
159915,创业板ETF易方达,SZSE,2014-03-13,1.365,1.407,1.363,1.405,1.365,1.407,1.363,1.405,1.0,196571800.0,272168960.0,腾讯日K/前复权日K,2026-08-07T20:33:10+08:00,20260926T093659
159915,创业板ETF易方达,SZSE,2014-03-14,1.396,1.412,1.387,1.398,1.396,1.412,1.387,1.398,1.0,226244700.0,317044720.0,腾讯日K/前复权日K,2026-08-07T20:33:10+08:00,20260926T093659
159915,创业板ETF易方达,SZSE,2014-03-17,1.401,1.441,1.395,1.438,1.401,1.441,1.395,1.438,1.0,170949300.0,242684971.0,腾讯日K/前复权日K,2026-08-07T20:33:10+08:00,20260926T093659
159915,创业板ETF易方达,SZSE,2014-03-18,1.441,1.456,1.439,1.444,1.441,1.456,1.439,1.444,1.0,218282200.0,316073872.0,腾讯日K/前复权日K,2026-08-07T20:33:10+08:00,20260926T093659
159915,创业板ETF易方达,SZSE,2014-03-19,1.44,1.444,1.418,1.427,1.44,1.444,1.418,1.427,1.0,193961100.0,277492464.0,腾讯日K/前复权日K,2026-08-07T20:33:10+08:00,20260926T093659
159915,创业板ETF易方达,SZSE,2014-03-20,1.426,1.429,1.38,1.382,1.426,1.429,1.38,1.382,1.0,147412500.0,208447718.0,腾讯日K/前复权日K,2026-08-07T20:33:10+08:00,20260926T093659
159915,创业板ETF易方达,SZSE,2014-03-21,1.373,1.39,1.346,1.382,1.373,1.39,1.346,1.382,1.0,265692400.0,363255552.0,腾讯日K/前复权日K,2026-08-07T20:33:10+08:00,20260926T093659
159915,创业板ETF易方达,SZSE,2014-03-24,1.375,1.382,1.351,1.359,1.375,1.382,1.351,1.359,1.0,109332200.0,149670259.0,腾讯日K/前复权日K,2026-08-07T20:33:10+08:00,20260926T093659
159915,创业板ETF易方达,SZSE,2014-03-25,1.354,1.376,1.346,1.359,1.354,1.376,1.346,1.359,1.0,153889400.0,210395773.0,腾讯日K/前复权日K,2026-08-07T20:33:10+08:00,20260926T093659
159915,创业板ETF易方达,SZSE,2014-03-26,1.36,1.389,1.36,1.385,1.36,1.389,1.36,1.385,1.0,203938600.0,281737392.0,腾讯日K/前复权日K,2026-08-07T20:33:10+08:00,20260926T093659
159915,创业板ETF易方达,SZSE,2014-03-27,1.375,1.379,1.332,1.332,1.375,1.379,1.332,1.332,1.0,150204100.0,203496075.0,腾讯日K/前复权日K,2026-08-07T20:33:10+08:00,20260926T093659
159915,创业板ETF易方达,SZSE,2014-03-28,1.326,1.33,1.283,1.292,1.326,1.33,1.283,1.292,1.0,167909100.0,218333899.0,腾讯日K/前复权日K,2026-08-07T20:33:10+08:00,20260926T093659
159915,创业板ETF易方达,SZSE,2014-03-31,1.293,1.306,1.28,1.297,1.293,1.306,1.28,1.297,1.0,154167700.0,200169416.0,腾讯日K/前复权日K,2026-08-07T20:33:10+08:00,20260926T093659
159915,创业板ETF易方达,SZSE,2014-04-01,1.298,1.324,1.294,1.321,1.298,1.324,1.294,1.321,1.0,216807100.0,284775232.0,腾讯日K/前复权日K,2026-08-07T20:33:10+08:00,20260926T093659
159915,创业板ETF易方达,SZSE,2014-04-02,1.323,1.327,1.284,1.292,1.323,1.327,1.284,1.292,1.0,148374100.0,193132645.0,腾讯日K/前复权日K,2026-08-07T20:33:10+08:00,20260926T093659
159915,创业板ETF易方达,SZSE,2014-04-03,1.29,1.311,1.285,1.294,1.29,1.311,1.285,1.294,1.0,188949300.0,245378425.0,腾讯日K/前复权日K,2026-08-07T20:33:10+08:00,20260926T093659
159915,创业板ETF易方达,SZSE,2014-04-04,1.29,1.315,1.28,1.314,1.29,1.315,1.28,1.314,1.0,221864300.0,288651760.0,腾讯日K/前复权日K,2026-08-07T20:33:10+08:00,20260926T093659
159915,创业板ETF易方达,SZSE,2014-04-08,1.295,1.318,1.291,1.318,1.295,1.318,1.291,1.318,1.0,128520300.0,167626485.0,腾讯日K/前复权日K,2026-08-07T20:33:10+08:00,20260926T093659
159915,创业板ETF易方达,SZSE,2014-04-09,1.316,1.344,1.316,1.336,1.316,1.344,1.316,1.336,1.0,217988700.0,290977744.0,腾讯日K/前复权日K,2026-08-07T20:33:10+08:00,20260926T093659
159915,创业板ETF易方达,SZSE,2014-04-10,1.34,1.363,1.339,1.347,1.34,1.363,1.339,1.347,1.0,185670900.0,250613618.0,腾讯日K/前复权日K,2026-08-07T20:33:10+08:00,20260926T093659
159915,创业板ETF易方达,SZSE,2014-04-11,1.342,1.342,1.318,1.329,1.342,1.342,1.318,1.329,1.0,163787100.0,217488202.0,腾讯日K/前复权日K,2026-08-07T20:33:10+08:00,20260926T093659
159915,创业板ETF易方达,SZSE,2014-04-14,1.329,1.344,1.329,1.339,1.329,1.344,1.329,1.339,1.0,112118900.0,150011729.0,腾讯日K/前复权日K,2026-08-07T20:33:10+08:00,20260926T093659
159915,创业板ETF易方达,SZSE,2014-04-15,1.337,1.345,1.33,1.333,1.337,1.345,1.33,1.333,1.0,75496600.0,101216748.0,腾讯日K/前复权日K,2026-08-07T20:33:10+08:00,20260926T093659
159915,创业板ETF易方达,SZSE,2014-04-16,1.327,1.335,1.317,1.328,1.327,1.335,1.317,1.328,1.0,51995400.0,68957510.0,腾讯日K/前复权日K,2026-08-07T20:33:10+08:00,20260926T093659
159915,创业板ETF易方达,SZSE,2014-04-17,1.325,1.34,1.325,1.337,1.325,1.34,1.325,1.337,1.0,84335400.0,112651180.0,腾讯日K/前复权日K,2026-08-07T20:33:10+08:00,20260926T093659
159915,创业板ETF易方达,SZSE,2014-04-18,1.331,1.346,1.325,1.344,1.331,1.346,1.325,1.344,1.0,76858500.0,102836288.0,腾讯日K/前复权日K,2026-08-07T20:33:10+08:00,20260926T093659
159915,创业板ETF易方达,SZSE,2014-04-21,1.33,1.351,1.326,1.329,1.33,1.351,1.326,1.329,1.0,89462500.0,120090236.0,腾讯日K/前复权日K,2026-08-07T20:33:10+08:00,20260926T093659
159915,创业板ETF易方达,SZSE,2014-04-22,1.326,1.335,1.286,1.303,1.326,1.335,1.286,1.303,1.0,74842600.0,98061919.0,腾讯日K/前复权日K,2026-08-07T20:33:10+08:00,20260926T093659
159915,创业板ETF易方达,SZSE,2014-04-23,1.298,1.307,1.286,1.294,1.298,1.307,1.286,1.294,1.0,33476700.0,44944411.0,腾讯日K/前复权日K,2026-08-07T20:33:10+08:00,20260926T093659
159915,创业板ETF易方达,SZSE,2014-04-24,1.295,1.3,1.271,1.284,1.295,1.3,1.271,1.284,1.0,77910600.0,100227567.0,腾讯日K/前复权日K,2026-08-07T20:33:10+08:00,20260926T093659
159915,创业板ETF易方达,SZSE,2014-04-25,1.282,1.287,1.256,1.26,1.282,1.287,1.256,1.26,1.0,156444200.0,199303385.0,腾讯日K/前复权日K,2026-08-07T20:33:10+08:00,20260926T093659
159915,创业板ETF易方达,SZSE,2014-04-28,1.255,1.258,1.225,1.228,1.255,1.258,1.225,1.228,1.0,233311600.0,288276880.0,腾讯日K/前复权日K,2026-08-07T20:33:10+08:00,20260926T093659
159915,创业板ETF易方达,SZSE,2014-04-29,1.225,1.244,1.22,1.235,1.225,1.244,1.22,1.235,1.0,161721700.0,199480704.0,腾讯日K/前复权日K,2026-08-07T20:33:10+08:00,20260926T093659
159915,创业板ETF易方达,SZSE,2014-04-30,1.234,1.257,1.23,1.254,1.234,1.257,1.23,1.254,1.0,126769000.0,158121230.0,腾讯日K/前复权日K,2026-08-07T20:33:10+08:00,20260926T093659
159915,创业板ETF易方达,SZSE,2014-05-05,1.253,1.274,1.25,1.272,1.253,1.274,1.25,1.272,1.0,192622400.0,242991351.0,腾讯日K/前复权日K,2026-08-07T20:33:10+08:00,20260926T093659
159915,创业板ETF易方达,SZSE,2014-05-06,1.272,1.296,1.27,1.285,1.272,1.296,1.27,1.285,1.0,163296900.0,209944845.0,腾讯日K/前复权日K,2026-08-07T20:33:10+08:00,20260926T093659
159915,创业板ETF易方达,SZSE,2014-05-07,1.278,1.279,1.256,1.257,1.278,1.279,1.256,1.257,1.0,54294800.0,68948233.0,腾讯日K/前复权日K,2026-08-07T20:33:10+08:00,20260926T093659
159915,创业板ETF易方达,SZSE,2014-05-08,1.251,1.273,1.248,1.252,1.251,1.273,1.248,1.252,1.0,113237600.0,142610297.0,腾讯日K/前复权日K,2026-08-07T20:33:10+08:00,20260926T093659
159915,创业板ETF易方达,SZSE,2014-05-09,1.25,1.252,1.22,1.23,1.25,1.252,1.22,1.23,1.0,119935100.0,147360057.0,腾讯日K/前复权日K,2026-08-07T20:33:10+08:00,20260926T093659
159915,创业板ETF易方达,SZSE,2014-05-12,1.236,1.252,1.222,1.252,1.236,1.252,1.222,1.252,1.0,132303900.0,164493365.0,腾讯日K/前复权日K,2026-08-07T20:33:10+08:00,20260926T093659
159915,创业板ETF易方达,SZSE,2014-05-13,1.251,1.264,1.24,1.245,1.251,1.264,1.24,1.245,1.0,159661100.0,200410794.0,腾讯日K/前复权日K,2026-08-07T20:33:10+08:00,20260926T093659
159915,创业板ETF易方达,SZSE,2014-05-14,1.241,1.254,1.24,1.253,1.241,1.254,1.24,1.253,1.0,80900500.0,100952104.0,腾讯日K/前复权日K,2026-08-07T20:33:10+08:00,20260926T093659
159915,创业板ETF易方达,SZSE,2014-05-15,1.248,1.256,1.223,1.223,1.248,1.256,1.223,1.223,1.0,116337100.0,144630508.0,腾讯日K/前复权日K,2026-08-07T20:33:10+08:00,20260926T093659
159915,创业板ETF易方达,SZSE,2014-05-16,1.218,1.227,1.186,1.202,1.218,1.227,1.186,1.202,1.0,119142500.0,143047265.0,腾讯日K/前复权日K,2026-08-07T20:33:10+08:00,20260926T093659
159915,创业板ETF易方达,SZSE,2014-05-19,1.195,1.21,1.188,1.203,1.195,1.21,1.188,1.203,1.0,111782300.0,134201042.0,腾讯日K/前复权日K,2026-08-07T20:33:10+08:00,20260926T093659
159915,创业板ETF易方达,SZSE,2014-05-20,1.218,1.236,1.212,1.22,1.218,1.236,1.212,1.22,1.0,147457300.0,181050246.0,腾讯日K/前复权日K,2026-08-07T20:33:10+08:00,20260926T093659
159915,创业板ETF易方达,SZSE,2014-05-21,1.21,1.234,1.205,1.234,1.21,1.234,1.205,1.234,1.0,107850800.0,131510085.0,腾讯日K/前复权日K,2026-08-07T20:33:10+08:00,20260926T093659
159915,创业板ETF易方达,SZSE,2014-05-22,1.234,1.261,1.233,1.242,1.234,1.261,1.233,1.242,1.0,191610700.0,239496852.0,腾讯日K/前复权日K,2026-08-07T20:33:10+08:00,20260926T093659
159915,创业板ETF易方达,SZSE,2014-05-23,1.241,1.272,1.234,1.27,1.241,1.272,1.234,1.27,1.0,132810900.0,166364697.0,腾讯日K/前复权日K,2026-08-07T20:33:10+08:00,20260926T093659
159915,创业板ETF易方达,SZSE,2014-05-26,1.275,1.297,1.274,1.289,1.275,1.297,1.274,1.289,1.0,209501900.0,269793792.0,腾讯日K/前复权日K,2026-08-07T20:33:10+08:00,20260926T093659
159915,创业板ETF易方达,SZSE,2014-05-27,1.288,1.29,1.275,1.277,1.288,1.29,1.275,1.277,1.0,140558300.0,180103914.0,腾讯日K/前复权日K,2026-08-07T20:33:10+08:00,20260926T093659
159915,创业板ETF易方达,SZSE,2014-05-28,1.278,1.314,1.275,1.314,1.278,1.314,1.275,1.314,1.0,190813300.0,246881806.0,腾讯日K/前复权日K,2026-08-07T20:33:10+08:00,20260926T093659
159915,创业板ETF易方达,SZSE,2014-05-29,1.314,1.321,1.285,1.287,1.314,1.321,1.285,1.287,1.0,217267300.0,282007584.0,腾讯日K/前复权日K,2026-08-07T20:33:10+08:00,20260926T093659
159915,创业板ETF易方达,SZSE,2014-05-30,1.283,1.296,1.272,1.291,1.283,1.296,1.272,1.291,1.0,182912200.0,235355046.0,腾讯日K/前复权日K,2026-08-07T20:33:10+08:00,20260926T093659
159915,创业板ETF易方达,SZSE,2014-06-03,1.291,1.305,1.287,1.287,1.291,1.305,1.287,1.287,1.0,172929600.0,224372403.0,腾讯日K/前复权日K,2026-08-07T20:33:10+08:00,20260926T093659
159915,创业板ETF易方达,SZSE,2014-06-04,1.285,1.295,1.275,1.295,1.285,1.295,1.275,1.295,1.0,185461400.0,238374109.0,腾讯日K/前复权日K,2026-08-07T20:33:10+08:00,20260926T093659
159915,创业板ETF易方达,SZSE,2014-06-05,1.294,1.329,1.29,1.325,1.294,1.329,1.29,1.325,1.0,253917800.0,332260656.0,腾讯日K/前复权日K,2026-08-07T20:33:10+08:00,20260926T093659
159915,创业板ETF易方达,SZSE,2014-06-06,1.326,1.335,1.312,1.321,1.326,1.335,1.312,1.321,1.0,245424900.0,325247248.0,腾讯日K/前复权日K,2026-08-07T20:33:10+08:00,20260926T093659
159915,创业板ETF易方达,SZSE,2014-06-09,1.315,1.321,1.294,1.294,1.315,1.321,1.294,1.294,1.0,106173800.0,139065884.0,腾讯日K/前复权日K,2026-08-07T20:33:10+08:00,20260926T093659
159915,创业板ETF易方达,SZSE,2014-06-10,1.299,1.329,1.287,1.324,1.299,1.329,1.287,1.324,1.0,254028900.0,332820832.0,腾讯日K/前复权日K,2026-08-07T20:33:10+08:00,20260926T093659
159915,创业板ETF易方达,SZSE,2014-06-11,1.318,1.343,1.316,1.337,1.318,1.343,1.316,1.337,1.0,208283200.0,278039232.0,腾讯日K/前复权日K,2026-08-07T20:33:10+08:00,20260926T093659
159915,创业板ETF易方达,SZSE,2014-06-12,1.337,1.347,1.326,1.334,1.337,1.347,1.326,1.334,1.0,150082100.0,200894762.0,腾讯日K/前复权日K,2026-08-07T20:33:10+08:00,20260926T093659
159915,创业板ETF易方达,SZSE,2014-06-13,1.329,1.359,1.327,1.35,1.329,1.359,1.327,1.35,1.0,184779900.0,248652791.0,腾讯日K/前复权日K,2026-08-07T20:33:10+08:00,20260926T093659
159915,创业板ETF易方达,SZSE,2014-06-16,1.352,1.368,1.352,1.363,1.352,1.368,1.352,1.363,1.0,164677800.0,224176804.0,腾讯日K/前复权日K,2026-08-07T20:33:10+08:00,20260926T093659
159915,创业板ETF易方达,SZSE,2014-06-17,1.36,1.363,1.347,1.35,1.36,1.363,1.347,1.35,1.0,172675900.0,234179608.0,腾讯日K/前复权日K,2026-08-07T20:33:10+08:00,20260926T093659
159915,创业板ETF易方达,SZSE,2014-06-18,1.351,1.355,1.33,1.337,1.351,1.355,1.33,1.337,1.0,137914100.0,185306258.0,腾讯日K/前复权日K,2026-08-07T20:33:10+08:00,20260926T093659
159915,创业板ETF易方达,SZSE,2014-06-19,1.332,1.342,1.281,1.291,1.332,1.342,1.281,1.291,1.0,234300800.0,309084448.0,腾讯日K/前复权日K,2026-08-07T20:33:10+08:00,20260926T093659
159915,创业板ETF易方达,SZSE,2014-06-20,1.29,1.307,1.285,1.305,1.29,1.307,1.285,1.305,1.0,228947100.0,297546880.0,腾讯日K/前复权日K,2026-08-07T20:33:10+08:00,20260926T093659
159915,创业板ETF易方达,SZSE,2014-06-23,1.305,1.337,1.305,1.332,1.305,1.337,1.305,1.332,1.0,205076200.0,272484912.0,腾讯日K/前复权日K,2026-08-07T20:33:10+08:00,20260926T093659
159915,创业板ETF易方达,SZSE,2014-06-24,1.329,1.344,1.327,1.342,1.329,1.344,1.327,1.342,1.0,135753600.0,181649378.0,腾讯日K/前复权日K,2026-08-07T20:33:10+08:00,20260926T093659
159915,创业板ETF易方达,SZSE,2014-06-25,1.341,1.341,1.317,1.328,1.341,1.341,1.317,1.328,1.0,162587600.0,215899324.0,腾讯日K/前复权日K,2026-08-07T20:33:10+08:00,20260926T093659
159915,创业板ETF易方达,SZSE,2014-06-26,1.332,1.362,1.33,1.355,1.332,1.362,1.33,1.355,1.0,286513300.0,387577440.0,腾讯日K/前复权日K,2026-08-07T20:33:10+08:00,20260926T093659
159915,创业板ETF易方达,SZSE,2014-06-27,1.355,1.368,1.351,1.357,1.355,1.368,1.351,1.357,1.0,181090100.0,246029564.0,腾讯日K/前复权日K,2026-08-07T20:33:10+08:00,20260926T093659
159915,创业板ETF易方达,SZSE,2014-06-30,1.357,1.375,1.343,1.372,1.357,1.375,1.343,1.372,1.0,213277100.0,290074496.0,腾讯日K/前复权日K,2026-08-07T20:33:10+08:00,20260926T093659
159915,创业板ETF易方达,SZSE,2014-07-01,1.376,1.385,1.368,1.381,1.376,1.385,1.368,1.381,1.0,198905400.0,273774832.0,腾讯日K/前复权日K,2026-08-07T20:33:10+08:00,20260926T093659
159915,创业板ETF易方达,SZSE,2014-07-02,1.38,1.395,1.37,1.389,1.38,1.395,1.37,1.389,1.0,156538800.0,216829844.0,腾讯日K/前复权日K,2026-08-07T20:33:10+08:00,20260926T093659
159915,创业板ETF易方达,SZSE,2014-07-03,1.388,1.398,1.379,1.389,1.388,1.398,1.379,1.389,1.0,93079900.0,129225392.0,腾讯日K/前复权日K,2026-08-07T20:33:10+08:00,20260926T093659
159915,创业板ETF易方达,SZSE,2014-07-04,1.388,1.392,1.375,1.381,1.388,1.392,1.375,1.381,1.0,116254000.0,160515220.0,腾讯日K/前复权日K,2026-08-07T20:33:10+08:00,20260926T093659
159915,创业板ETF易方达,SZSE,2014-07-07,1.375,1.378,1.35,1.364,1.375,1.378,1.35,1.364,1.0,167348000.0,227743748.0,腾讯日K/前复权日K,2026-08-07T20:33:10+08:00,20260926T093659
159915,创业板ETF易方达,SZSE,2014-07-08,1.36,1.381,1.348,1.381,1.36,1.381,1.348,1.381,1.0,189986700.0,259419931.0,腾讯日K/前复权日K,2026-08-07T20:33:10+08:00,20260926T093659
159915,创业板ETF易方达,SZSE,2014-07-09,1.378,1.387,1.35,1.353,1.378,1.387,1.35,1.353,1.0,226780700.0,311541408.0,腾讯日K/前复权日K,2026-08-07T20:33:10+08:00,20260926T093659
159915,创业板ETF易方达,SZSE,2014-07-10,1.351,1.359,1.33,1.332,1.351,1.359,1.33,1.332,1.0,150463400.0,202633024.0,腾讯日K/前复权日K,2026-08-07T20:33:10+08:00,20260926T093659
159915,创业板ETF易方达,SZSE,2014-07-11,1.328,1.342,1.321,1.329,1.328,1.342,1.321,1.329,1.0,123269900.0,164139194.0,腾讯日K/前复权日K,2026-08-07T20:33:10+08:00,20260926T093659
159915,创业板ETF易方达,SZSE,2014-07-14,1.329,1.338,1.313,1.338,1.329,1.338,1.313,1.338,1.0,196471800.0,260871301.0,腾讯日K/前复权日K,2026-08-07T20:33:10+08:00,20260926T093659
159915,创业板ETF易方达,SZSE,2014-07-15,1.334,1.336,1.303,1.311,1.334,1.336,1.303,1.311,1.0,165520100.0,217905753.0,腾讯日K/前复权日K,2026-08-07T20:33:10+08:00,20260926T093659
159915,创业板ETF易方达,SZSE,2014-07-16,1.31,1.315,1.28,1.289,1.31,1.315,1.28,1.289,1.0,165901600.0,215043889.0,腾讯日K/前复权日K,2026-08-07T20:33:10+08:00,20260926T093659
159915,创业板ETF易方达,SZSE,2014-07-17,1.287,1.296,1.276,1.282,1.287,1.296,1.276,1.282,1.0,238885500.0,307533008.0,腾讯日K/前复权日K,2026-08-07T20:33:10+08:00,20260926T093659
159915,创业板ETF易方达,SZSE,2014-07-18,1.282,1.294,1.273,1.279,1.282,1.294,1.273,1.279,1.0,152278900.0,195709600.0,腾讯日K/前复权日K,2026-08-07T20:33:10+08:00,20260926T093659
159915,创业板ETF易方达,SZSE,2014-07-21,1.28,1.287,1.26,1.278,1.28,1.287,1.26,1.278,1.0,210482700.0,268150112.0,腾讯日K/前复权日K,2026-08-07T20:33:10+08:00,20260926T093659
159915,创业板ETF易方达,SZSE,2014-07-22,1.275,1.303,1.274,1.301,1.275,1.303,1.274,1.301,1.0,208304000.0,269165504.0,腾讯日K/前复权日K,2026-08-07T20:33:10+08:00,20260926T093659
159915,创业板ETF易方达,SZSE,2014-07-23,1.301,1.303,1.26,1.263,1.301,1.303,1.26,1.263,1.0,216782900.0,277512752.0,腾讯日K/前复权日K,2026-08-07T20:33:10+08:00,20260926T093659
159915,创业板ETF易方达,SZSE,2014-07-24,1.261,1.263,1.228,1.242,1.261,1.263,1.228,1.242,1.0,242756800.0,301725712.0,腾讯日K/前复权日K,2026-08-07T20:33:10+08:00,20260926T093659
159915,创业板ETF易方达,SZSE,2014-07-25,1.242,1.261,1.237,1.257,1.242,1.261,1.237,1.257,1.0,210829400.0,264125557.0,腾讯日K/前复权日K,2026-08-07T20:33:10+08:00,20260926T093659
159915,创业板ETF易方达,SZSE,2014-07-28,1.258,1.288,1.255,1.285,1.258,1.288,1.255,1.285,1.0,212461500.0,270420432.0,腾讯日K/前复权日K,2026-08-07T20:33:10+08:00,20260926T093659
159915,创业板ETF易方达,SZSE,2014-07-29,1.287,1.309,1.281,1.3,1.287,1.309,1.281,1.3,1.0,209333600.0,271577408.0,腾讯日K/前复权日K,2026-08-07T20:33:10+08:00,20260926T093659
159915,创业板ETF易方达,SZSE,2014-07-30,1.298,1.316,1.295,1.313,1.298,1.316,1.295,1.313,1.0,173408900.0,226822535.0,腾讯日K/前复权日K,2026-08-07T20:33:10+08:00,20260926T093659
159915,创业板ETF易方达,SZSE,2014-07-31,1.312,1.318,1.302,1.313,1.312,1.318,1.302,1.313,1.0,148205600.0,194416885.0,腾讯日K/前复权日K,2026-08-07T20:33:10+08:00,20260926T093659
159915,创业板ETF易方达,SZSE,2014-08-01,1.31,1.314,1.29,1.29,1.31,1.314,1.29,1.29,1.0,182826600.0,238825861.0,腾讯日K/前复权日K,2026-08-07T20:33:10+08:00,20260926T093659
159915,创业板ETF易方达,SZSE,2014-08-04,1.285,1.302,1.285,1.299,1.285,1.302,1.285,1.299,1.0,132469700.0,171794408.0,腾讯日K/前复权日K,2026-08-07T20:33:10+08:00,20260926T093659
159915,创业板ETF易方达,SZSE,2014-08-05,1.301,1.335,1.289,1.332,1.301,1.335,1.289,1.332,1.0,339983000.0,448682896.0,腾讯日K/前复权日K,2026-08-07T20:33:10+08:00,20260926T093659
159915,创业板ETF易方达,SZSE,2014-08-06,1.326,1.338,1.321,1.335,1.326,1.338,1.321,1.335,1.0,255724900.0,340511616.0,腾讯日K/前复权日K,2026-08-07T20:33:10+08:00,20260926T093659
159915,创业板ETF易方达,SZSE,2014-08-07,1.334,1.351,1.329,1.332,1.334,1.351,1.329,1.332,1.0,226420500.0,303884400.0,腾讯日K/前复权日K,2026-08-07T20:33:10+08:00,20260926T093659
159915,创业板ETF易方达,SZSE,2014-08-08,1.335,1.351,1.335,1.347,1.335,1.351,1.335,1.347,1.0,92430000.0,124084681.0,腾讯日K/前复权日K,2026-08-07T20:33:10+08:00,20260926T093659
159915,创业板ETF易方达,SZSE,2014-08-11,1.348,1.369,1.347,1.366,1.348,1.369,1.347,1.366,1.0,142473000.0,193609201.0,腾讯日K/前复权日K,2026-08-07T20:33:10+08:00,20260926T093659
159915,创业板ETF易方达,SZSE,2014-08-12,1.364,1.371,1.359,1.364,1.364,1.371,1.359,1.364,1.0,134788100.0,183960436.0,腾讯日K/前复权日K,2026-08-07T20:33:10+08:00,20260926T093659
159915,创业板ETF易方达,SZSE,2014-08-13,1.36,1.364,1.336,1.35,1.36,1.364,1.336,1.35,1.0,104729800.0,141380951.0,腾讯日K/前复权日K,2026-08-07T20:33:10+08:00,20260926T093659
159915,创业板ETF易方达,SZSE,2014-08-14,1.351,1.363,1.342,1.346,1.351,1.363,1.342,1.346,1.0,99095100.0,134421627.0,腾讯日K/前复权日K,2026-08-07T20:33:10+08:00,20260926T093659
159915,创业板ETF易方达,SZSE,2014-08-15,1.346,1.36,1.344,1.36,1.346,1.36,1.344,1.36,1.0,64521400.0,87363234.0,腾讯日K/前复权日K,2026-08-07T20:33:10+08:00,20260926T093659
159915,创业板ETF易方达,SZSE,2014-08-18,1.36,1.396,1.36,1.396,1.36,1.396,1.36,1.396,1.0,211049300.0,291120688.0,腾讯日K/前复权日K,2026-08-07T20:33:10+08:00,20260926T093659
159915,创业板ETF易方达,SZSE,2014-08-19,1.402,1.414,1.391,1.404,1.402,1.414,1.391,1.404,1.0,143720600.0,201676182.0,腾讯日K/前复权日K,2026-08-07T20:33:10+08:00,20260926T093659
159915,创业板ETF易方达,SZSE,2014-08-20,1.418,1.418,1.385,1.392,1.418,1.418,1.385,1.392,1.0,94449300.0,132076244.0,腾讯日K/前复权日K,2026-08-07T20:33:10+08:00,20260926T093659
159915,创业板ETF易方达,SZSE,2014-08-21,1.39,1.416,1.386,1.415,1.39,1.416,1.386,1.415,1.0,160857700.0,225258319.0,腾讯日K/前复权日K,2026-08-07T20:33:10+08:00,20260926T093659
159915,创业板ETF易方达,SZSE,2014-08-22,1.417,1.435,1.413,1.429,1.417,1.435,1.413,1.429,1.0,125333100.0,178598187.0,腾讯日K/前复权日K,2026-08-07T20:33:10+08:00,20260926T093659
159915,创业板ETF易方达,SZSE,2014-08-25,1.426,1.428,1.403,1.408,1.426,1.428,1.403,1.408,1.0,174833100.0,247412888.0,腾讯日K/前复权日K,2026-08-07T20:33:10+08:00,20260926T093659
159915,创业板ETF易方达,SZSE,2014-08-26,1.403,1.41,1.371,1.377,1.403,1.41,1.371,1.377,1.0,177918200.0,246450975.0,腾讯日K/前复权日K,2026-08-07T20:33:10+08:00,20260926T093659
159915,创业板ETF易方达,SZSE,2014-08-27,1.376,1.394,1.373,1.388,1.376,1.394,1.373,1.388,1.0,132630400.0,184317380.0,腾讯日K/前复权日K,2026-08-07T20:33:10+08:00,20260926T093659
159915,创业板ETF易方达,SZSE,2014-08-28,1.388,1.39,1.365,1.37,1.388,1.39,1.365,1.37,1.0,173462200.0,239106230.0,腾讯日K/前复权日K,2026-08-07T20:33:10+08:00,20260926T093659
159915,创业板ETF易方达,SZSE,2014-08-29,1.371,1.396,1.37,1.394,1.371,1.396,1.37,1.394,1.0,121567300.0,168257352.0,腾讯日K/前复权日K,2026-08-07T20:33:10+08:00,20260926T093659
159915,创业板ETF易方达,SZSE,2014-09-01,1.395,1.421,1.395,1.417,1.395,1.421,1.395,1.417,1.0,123037400.0,173320908.0,腾讯日K/前复权日K,2026-08-07T20:33:10+08:00,20260926T093659
159915,创业板ETF易方达,SZSE,2014-09-02,1.422,1.432,1.414,1.43,1.422,1.432,1.414,1.43,1.0,135060300.0,192252638.0,腾讯日K/前复权日K,2026-08-07T20:33:10+08:00,20260926T093659
159915,创业板ETF易方达,SZSE,2014-09-03,1.428,1.443,1.422,1.439,1.428,1.443,1.422,1.439,1.0,135360600.0,193967677.0,腾讯日K/前复权日K,2026-08-07T20:33:10+08:00,20260926T093659
159915,创业板ETF易方达,SZSE,2014-09-04,1.437,1.46,1.434,1.457,1.437,1.46,1.434,1.457,1.0,111749900.0,161679122.0,腾讯日K/前复权日K,2026-08-07T20:33:10+08:00,20260926T093659
159915,创业板ETF易方达,SZSE,2014-09-05,1.456,1.466,1.442,1.46,1.456,1.466,1.442,1.46,1.0,102708700.0,148983501.0,腾讯日K/前复权日K,2026-08-07T20:33:10+08:00,20260926T093659
159915,创业板ETF易方达,SZSE,2014-09-09,1.453,1.458,1.438,1.458,1.453,1.458,1.438,1.458,1.0,132901400.0,192853901.0,腾讯日K/前复权日K,2026-08-07T20:33:10+08:00,20260926T093659
159915,创业板ETF易方达,SZSE,2014-09-10,1.454,1.469,1.447,1.467,1.454,1.469,1.447,1.467,1.0,136359800.0,198967909.0,腾讯日K/前复权日K,2026-08-07T20:33:10+08:00,20260926T093659
159915,创业板ETF易方达,SZSE,2014-09-11,1.466,1.493,1.46,1.471,1.466,1.493,1.46,1.471,1.0,219630900.0,324219744.0,腾讯日K/前复权日K,2026-08-07T20:33:10+08:00,20260926T093659
159915,创业板ETF易方达,SZSE,2014-09-12,1.469,1.486,1.463,1.483,1.469,1.486,1.463,1.483,1.0,122378900.0,180337400.0,腾讯日K/前复权日K,2026-08-07T20:33:10+08:00,20260926T093659
159915,创业板ETF易方达,SZSE,2014-09-15,1.478,1.489,1.47,1.483,1.478,1.489,1.47,1.483,1.0,125212600.0,185482674.0,腾讯日K/前复权日K,2026-08-07T20:33:10+08:00,20260926T093659
159915,创业板ETF易方达,SZSE,2014-09-16,1.485,1.49,1.432,1.438,1.485,1.49,1.432,1.438,1.0,164337700.0,240506297.0,腾讯日K/前复权日K,2026-08-07T20:33:10+08:00,20260926T093659
159915,创业板ETF易方达,SZSE,2014-09-17,1.439,1.442,1.418,1.44,1.439,1.442,1.418,1.44,1.0,175372400.0,250719103.0,腾讯日K/前复权日K,2026-08-07T20:33:10+08:00,20260926T093659
159915,创业板ETF易方达,SZSE,2014-09-18,1.439,1.457,1.433,1.456,1.439,1.457,1.433,1.456,1.0,162208600.0,234859549.0,腾讯日K/前复权日K,2026-08-07T20:33:10+08:00,20260926T093659
159915,创业板ETF易方达,SZSE,2014-09-19,1.457,1.465,1.447,1.46,1.457,1.465,1.447,1.46,1.0,88239500.0,128412429.0,腾讯日K/前复权日K,2026-08-07T20:33:10+08:00,20260926T093659
159915,创业板ETF易方达,SZSE,2014-09-22,1.452,1.454,1.44,1.442,1.452,1.454,1.44,1.442,1.0,123909200.0,179188557.0,腾讯日K/前复权日K,2026-08-07T20:33:10+08:00,20260926T093659
159915,创业板ETF易方达,SZSE,2014-09-23,1.442,1.464,1.442,1.461,1.442,1.464,1.442,1.461,1.0,104993300.0,152437481.0,腾讯日K/前复权日K,2026-08-07T20:33:10+08:00,20260926T093659
159915,创业板ETF易方达,SZSE,2014-09-24,1.459,1.481,1.455,1.479,1.459,1.481,1.455,1.479,1.0,71967100.0,105737234.0,腾讯日K/前复权日K,2026-08-07T20:33:10+08:00,20260926T093659
159915,创业板ETF易方达,SZSE,2014-09-25,1.484,1.486,1.464,1.469,1.484,1.486,1.464,1.469,1.0,64567000.0,95396887.0,腾讯日K/前复权日K,2026-08-07T20:33:10+08:00,20260926T093659
159915,创业板ETF易方达,SZSE,2014-09-26,1.462,1.474,1.461,1.472,1.462,1.474,1.461,1.472,1.0,61374900.0,90057096.0,腾讯日K/前复权日K,2026-08-07T20:33:10+08:00,20260926T093659
159915,创业板ETF易方达,SZSE,2014-09-29,1.472,1.489,1.472,1.489,1.472,1.489,1.472,1.489,1.0,68281200.0,101138999.0,腾讯日K/前复权日K,2026-08-07T20:33:10+08:00,20260926T093659
159915,创业板ETF易方达,SZSE,2014-09-30,1.488,1.501,1.483,1.5,1.488,1.501,1.483,1.5,1.0,59102000.0,88237801.0,腾讯日K/前复权日K,2026-08-07T20:33:10+08:00,20260926T093659
159915,创业板ETF易方达,SZSE,2014-10-08,1.501,1.517,1.493,1.515,1.501,1.517,1.493,1.515,1.0,59633300.0,89795214.0,腾讯日K/前复权日K,2026-08-07T20:33:10+08:00,20260926T093659
159915,创业板ETF易方达,SZSE,2014-10-09,1.515,1.524,1.496,1.519,1.515,1.524,1.496,1.519,1.0,103714300.0,156802394.0,腾讯日K/前复权日K,2026-08-07T20:33:10+08:00,20260926T093659
159915,创业板ETF易方达,SZSE,2014-10-10,1.513,1.52,1.502,1.512,1.513,1.52,1.502,1.512,1.0,91865000.0,138626945.0,腾讯日K/前复权日K,2026-08-07T20:33:10+08:00,20260926T093659
159915,创业板ETF易方达,SZSE,2014-10-13,1.502,1.508,1.484,1.505,1.502,1.508,1.484,1.505,1.0,127065600.0,189964918.0,腾讯日K/前复权日K,2026-08-07T20:33:10+08:00,20260926T093659
159915,创业板ETF易方达,SZSE,2014-10-14,1.503,1.521,1.49,1.493,1.503,1.521,1.49,1.493,1.0,140868600.0,211929515.0,腾讯日K/前复权日K,2026-08-07T20:33:10+08:00,20260926T093659
159915,创业板ETF易方达,SZSE,2014-10-15,1.493,1.505,1.483,1.502,1.493,1.505,1.483,1.502,1.0,93798200.0,140253309.0,腾讯日K/前复权日K,2026-08-07T20:33:10+08:00,20260926T093659
159915,创业板ETF易方达,SZSE,2014-10-16,1.492,1.51,1.481,1.482,1.492,1.51,1.481,1.482,1.0,90641300.0,135782632.0,腾讯日K/前复权日K,2026-08-07T20:33:10+08:00,20260926T093659
159915,创业板ETF易方达,SZSE,2014-10-17,1.482,1.488,1.441,1.47,1.482,1.488,1.441,1.47,1.0,130524600.0,191574962.0,腾讯日K/前复权日K,2026-08-07T20:33:10+08:00,20260926T093659
159915,创业板ETF易方达,SZSE,2014-10-20,1.465,1.495,1.465,1.495,1.465,1.495,1.465,1.495,1.0,78958200.0,117212892.0,腾讯日K/前复权日K,2026-08-07T20:33:10+08:00,20260926T093659
159915,创业板ETF易方达,SZSE,2014-10-21,1.495,1.497,1.474,1.474,1.495,1.497,1.474,1.474,1.0,91127300.0,135496773.0,腾讯日K/前复权日K,2026-08-07T20:33:10+08:00,20260926T093659
159915,创业板ETF易方达,SZSE,2014-10-22,1.47,1.487,1.46,1.464,1.47,1.487,1.46,1.464,1.0,73940200.0,108914413.0,腾讯日K/前复权日K,2026-08-07T20:33:10+08:00,20260926T093659
159915,创业板ETF易方达,SZSE,2014-10-23,1.459,1.461,1.433,1.438,1.459,1.461,1.433,1.438,1.0,114280600.0,165007666.0,腾讯日K/前复权日K,2026-08-07T20:33:10+08:00,20260926T093659
159915,创业板ETF易方达,SZSE,2014-10-24,1.439,1.455,1.435,1.441,1.439,1.455,1.435,1.441,1.0,83080100.0,120114973.0,腾讯日K/前复权日K,2026-08-07T20:33:10+08:00,20260926T093659
159915,创业板ETF易方达,SZSE,2014-10-27,1.438,1.453,1.429,1.453,1.438,1.453,1.429,1.453,1.0,87568900.0,126234999.0,腾讯日K/前复权日K,2026-08-07T20:33:10+08:00,20260926T093659
159915,创业板ETF易方达,SZSE,2014-10-28,1.456,1.485,1.455,1.483,1.456,1.485,1.455,1.483,1.0,97228800.0,143030121.0,腾讯日K/前复权日K,2026-08-07T20:33:10+08:00,20260926T093659
159915,创业板ETF易方达,SZSE,2014-10-29,1.488,1.494,1.481,1.489,1.488,1.494,1.481,1.489,1.0,65894300.0,97997460.0,腾讯日K/前复权日K,2026-08-07T20:33:10+08:00,20260926T093659
159915,创业板ETF易方达,SZSE,2014-10-30,1.489,1.497,1.479,1.481,1.489,1.497,1.479,1.481,1.0,57393800.0,85495718.0,腾讯日K/前复权日K,2026-08-07T20:33:10+08:00,20260926T093659
159915,创业板ETF易方达,SZSE,2014-10-31,1.481,1.486,1.462,1.473,1.481,1.486,1.462,1.473,1.0,89843700.0,132111491.0,腾讯日K/前复权日K,2026-08-07T20:33:10+08:00,20260926T093659
159915,创业板ETF易方达,SZSE,2014-11-03,1.475,1.493,1.471,1.491,1.475,1.493,1.471,1.491,1.0,152172600.0,225612054.0,腾讯日K/前复权日K,2026-08-07T20:33:10+08:00,20260926T093659
159915,创业板ETF易方达,SZSE,2014-11-04,1.491,1.496,1.47,1.47,1.491,1.496,1.47,1.47,1.0,120613200.0,179213082.0,腾讯日K/前复权日K,2026-08-07T20:33:10+08:00,20260926T093659
159915,创业板ETF易方达,SZSE,2014-11-05,1.471,1.479,1.464,1.471,1.471,1.479,1.464,1.471,1.0,108953200.0,160178015.0,腾讯日K/前复权日K,2026-08-07T20:33:10+08:00,20260926T093659
159915,创业板ETF易方达,SZSE,2014-11-06,1.473,1.493,1.469,1.492,1.473,1.493,1.469,1.492,1.0,131831000.0,195168547.0,腾讯日K/前复权日K,2026-08-07T20:33:10+08:00,20260926T093659
159915,创业板ETF易方达,SZSE,2014-11-07,1.49,1.503,1.476,1.477,1.49,1.503,1.476,1.477,1.0,156292300.0,233734686.0,腾讯日K/前复权日K,2026-08-07T20:33:10+08:00,20260926T093659
159915,创业板ETF易方达,SZSE,2014-11-10,1.48,1.483,1.462,1.476,1.48,1.483,1.462,1.476,1.0,68892200.0,101384235.0,腾讯日K/前复权日K,2026-08-07T20:33:10+08:00,20260926T093659
159915,创业板ETF易方达,SZSE,2014-11-11,1.476,1.476,1.412,1.425,1.476,1.476,1.412,1.425,1.0,103987200.0,148817198.0,腾讯日K/前复权日K,2026-08-07T20:33:10+08:00,20260926T093659
159915,创业板ETF易方达,SZSE,2014-11-12,1.423,1.441,1.418,1.44,1.423,1.441,1.418,1.44,1.0,120608100.0,172067125.0,腾讯日K/前复权日K,2026-08-07T20:33:10+08:00,20260926T093659
159915,创业板ETF易方达,SZSE,2014-11-13,1.433,1.433,1.395,1.407,1.433,1.433,1.395,1.407,1.0,198927400.0,279956688.0,腾讯日K/前复权日K,2026-08-07T20:33:10+08:00,20260926T093659
159915,创业板ETF易方达,SZSE,2014-11-14,1.4,1.414,1.397,1.406,1.4,1.414,1.397,1.406,1.0,163129900.0,229424843.0,腾讯日K/前复权日K,2026-08-07T20:33:10+08:00,20260926T093659
159915,创业板ETF易方达,SZSE,2014-11-17,1.401,1.439,1.398,1.432,1.401,1.439,1.398,1.432,1.0,228832400.0,326672672.0,腾讯日K/前复权日K,2026-08-07T20:33:10+08:00,20260926T093659
159915,创业板ETF易方达,SZSE,2014-11-18,1.43,1.445,1.425,1.441,1.43,1.445,1.425,1.441,1.0,223519900.0,321720192.0,腾讯日K/前复权日K,2026-08-07T20:33:10+08:00,20260926T093659
159915,创业板ETF易方达,SZSE,2014-11-19,1.447,1.469,1.446,1.464,1.447,1.469,1.446,1.464,1.0,189338500.0,275761440.0,腾讯日K/前复权日K,2026-08-07T20:33:10+08:00,20260926T093659
159915,创业板ETF易方达,SZSE,2014-11-20,1.458,1.459,1.425,1.451,1.458,1.459,1.425,1.451,1.0,89374300.0,129761645.0,腾讯日K/前复权日K,2026-08-07T20:33:10+08:00,20260926T093659
159915,创业板ETF易方达,SZSE,2014-11-21,1.45,1.467,1.45,1.462,1.45,1.467,1.45,1.462,1.0,139230900.0,203498311.0,腾讯日K/前复权日K,2026-08-07T20:33:10+08:00,20260926T093659
159915,创业板ETF易方达,SZSE,2014-11-24,1.483,1.483,1.452,1.47,1.483,1.483,1.452,1.47,1.0,51524200.0,75392554.0,腾讯日K/前复权日K,2026-08-07T20:33:10+08:00,20260926T093659
159915,创业板ETF易方达,SZSE,2014-11-25,1.469,1.5,1.466,1.496,1.469,1.5,1.466,1.496,1.0,176335000.0,261623913.0,腾讯日K/前复权日K,2026-08-07T20:33:10+08:00,20260926T093659
159915,创业板ETF易方达,SZSE,2014-11-26,1.495,1.516,1.495,1.51,1.495,1.516,1.495,1.51,1.0,99698400.0,150000583.0,腾讯日K/前复权日K,2026-08-07T20:33:10+08:00,20260926T093659
159915,创业板ETF易方达,SZSE,2014-11-27,1.508,1.52,1.498,1.518,1.508,1.52,1.498,1.518,1.0,92576800.0,139983721.0,腾讯日K/前复权日K,2026-08-07T20:33:10+08:00,20260926T093659
159915,创业板ETF易方达,SZSE,2014-11-28,1.517,1.537,1.505,1.524,1.517,1.537,1.505,1.524,1.0,146091300.0,222367063.0,腾讯日K/前复权日K,2026-08-07T20:33:10+08:00,20260926T093659
159915,创业板ETF易方达,SZSE,2014-12-01,1.52,1.52,1.495,1.505,1.52,1.52,1.495,1.505,1.0,63822600.0,96119966.0,腾讯日K/前复权日K,2026-08-07T20:33:10+08:00,20260926T093659
159915,创业板ETF易方达,SZSE,2014-12-02,1.497,1.523,1.497,1.517,1.497,1.523,1.497,1.517,1.0,100828700.0,152795385.0,腾讯日K/前复权日K,2026-08-07T20:33:10+08:00,20260926T093659
159915,创业板ETF易方达,SZSE,2014-12-03,1.517,1.56,1.486,1.559,1.517,1.56,1.486,1.559,1.0,363452100.0,557038864.0,腾讯日K/前复权日K,2026-08-07T20:33:10+08:00,20260926T093659
159915,创业板ETF易方达,SZSE,2014-12-04,1.563,1.586,1.553,1.579,1.563,1.586,1.553,1.579,1.0,357950900.0,560879680.0,腾讯日K/前复权日K,2026-08-07T20:33:10+08:00,20260926T093659
159915,创业板ETF易方达,SZSE,2014-12-05,1.57,1.57,1.492,1.529,1.57,1.57,1.492,1.529,1.0,160214400.0,245732096.0,腾讯日K/前复权日K,2026-08-07T20:33:10+08:00,20260926T093659
159915,创业板ETF易方达,SZSE,2014-12-08,1.522,1.553,1.51,1.518,1.522,1.553,1.51,1.518,1.0,156144500.0,239760717.0,腾讯日K/前复权日K,2026-08-07T20:33:10+08:00,20260926T093659
159915,创业板ETF易方达,SZSE,2014-12-09,1.509,1.53,1.46,1.464,1.509,1.53,1.46,1.464,1.0,148317500.0,222767852.0,腾讯日K/前复权日K,2026-08-07T20:33:10+08:00,20260926T093659
159915,创业板ETF易方达,SZSE,2014-12-10,1.46,1.538,1.455,1.536,1.46,1.538,1.455,1.536,1.0,165209900.0,249196899.0,腾讯日K/前复权日K,2026-08-07T20:33:10+08:00,20260926T093659
159915,创业板ETF易方达,SZSE,2014-12-11,1.536,1.548,1.51,1.546,1.536,1.548,1.51,1.546,1.0,175803700.0,269703952.0,腾讯日K/前复权日K,2026-08-07T20:33:10+08:00,20260926T093659
159915,创业板ETF易方达,SZSE,2014-12-12,1.549,1.577,1.531,1.569,1.549,1.577,1.531,1.569,1.0,355597100.0,553083264.0,腾讯日K/前复权日K,2026-08-07T20:33:10+08:00,20260926T093659
159915,创业板ETF易方达,SZSE,2014-12-15,1.572,1.611,1.567,1.601,1.572,1.611,1.567,1.601,1.0,311928200.0,497321392.0,腾讯日K/前复权日K,2026-08-07T20:33:10+08:00,20260926T093659
159915,创业板ETF易方达,SZSE,2014-12-16,1.604,1.617,1.575,1.59,1.604,1.617,1.575,1.59,1.0,227519300.0,363445120.0,腾讯日K/前复权日K,2026-08-07T20:33:10+08:00,20260926T093659
159915,创业板ETF易方达,SZSE,2014-12-17,1.58,1.6,1.559,1.595,1.58,1.6,1.559,1.595,1.0,160165400.0,252998345.0,腾讯日K/前复权日K,2026-08-07T20:33:10+08:00,20260926T093659
159915,创业板ETF易方达,SZSE,2014-12-18,1.582,1.61,1.572,1.577,1.582,1.61,1.572,1.577,1.0,169356900.0,270867552.0,腾讯日K/前复权日K,2026-08-07T20:33:10+08:00,20260926T093659
159915,创业板ETF易方达,SZSE,2014-12-19,1.561,1.57,1.518,1.541,1.561,1.57,1.518,1.541,1.0,148417900.0,229155880.0,腾讯日K/前复权日K,2026-08-07T20:33:10+08:00,20260926T093659
159915,创业板ETF易方达,SZSE,2014-12-22,1.534,1.534,1.465,1.47,1.534,1.534,1.465,1.47,1.0,225597300.0,333882752.0,腾讯日K/前复权日K,2026-08-07T20:33:10+08:00,20260926T093659
159915,创业板ETF易方达,SZSE,2014-12-23,1.455,1.504,1.445,1.461,1.455,1.504,1.445,1.461,1.0,220334800.0,324563952.0,腾讯日K/前复权日K,2026-08-07T20:33:10+08:00,20260926T093659
159915,创业板ETF易方达,SZSE,2014-12-24,1.468,1.482,1.45,1.48,1.468,1.482,1.45,1.48,1.0,190473900.0,280317824.0,腾讯日K/前复权日K,2026-08-07T20:33:10+08:00,20260926T093659
159915,创业板ETF易方达,SZSE,2014-12-25,1.475,1.486,1.463,1.48,1.475,1.486,1.463,1.48,1.0,146251100.0,215895306.0,腾讯日K/前复权日K,2026-08-07T20:33:10+08:00,20260926T093659
159915,创业板ETF易方达,SZSE,2014-12-26,1.475,1.493,1.475,1.488,1.475,1.493,1.475,1.488,1.0,74934200.0,111151077.0,腾讯日K/前复权日K,2026-08-07T20:33:10+08:00,20260926T093659
159915,创业板ETF易方达,SZSE,2014-12-29,1.489,1.489,1.446,1.463,1.489,1.489,1.446,1.463,1.0,98771500.0,143944754.0,腾讯日K/前复权日K,2026-08-07T20:33:10+08:00,20260926T093659
159915,创业板ETF易方达,SZSE,2014-12-30,1.458,1.458,1.411,1.423,1.458,1.458,1.411,1.423,1.0,67070000.0,95651971.0,腾讯日K/前复权日K,2026-08-07T20:33:10+08:00,20260926T093659
159915,创业板ETF易方达,SZSE,2014-12-31,1.426,1.438,1.413,1.43,1.426,1.438,1.413,1.43,1.0,185928500.0,265389162.0,腾讯日K/前复权日K,2026-08-07T20:33:10+08:00,20260926T093659
159915,创业板ETF易方达,SZSE,2015-01-05,1.424,1.432,1.393,1.424,1.424,1.432,1.393,1.424,1.0,222700100.0,314526592.0,腾讯日K/前复权日K,2026-08-07T20:33:10+08:00,20260926T093659
159915,创业板ETF易方达,SZSE,2015-01-06,1.422,1.506,1.409,1.502,1.422,1.506,1.409,1.502,1.0,527302700.0,774540224.0,腾讯日K/前复权日K,2026-08-07T20:33:10+08:00,20260926T093659
159915,创业板ETF易方达,SZSE,2015-01-07,1.5,1.504,1.47,1.474,1.5,1.504,1.47,1.474,1.0,582000200.0,864140816.0,腾讯日K/前复权日K,2026-08-07T20:33:10+08:00,20260926T093659
159915,创业板ETF易方达,SZSE,2015-01-08,1.467,1.518,1.467,1.493,1.467,1.518,1.467,1.493,1.0,378982100.0,566618992.0,腾讯日K/前复权日K,2026-08-07T20:33:10+08:00,20260926T093659
159915,创业板ETF易方达,SZSE,2015-01-09,1.485,1.536,1.48,1.503,1.485,1.536,1.48,1.503,1.0,386942000.0,586347360.0,腾讯日K/前复权日K,2026-08-07T20:33:10+08:00,20260926T093659
159915,创业板ETF易方达,SZSE,2015-01-12,1.495,1.542,1.475,1.54,1.495,1.542,1.475,1.54,1.0,335834300.0,512100752.0,腾讯日K/前复权日K,2026-08-07T20:33:10+08:00,20260926T093659
159915,创业板ETF易方达,SZSE,2015-01-13,1.538,1.562,1.526,1.551,1.538,1.562,1.526,1.551,1.0,225385100.0,348447040.0,腾讯日K/前复权日K,2026-08-07T20:33:10+08:00,20260926T093659
159915,创业板ETF易方达,SZSE,2015-01-14,1.546,1.554,1.526,1.536,1.546,1.554,1.526,1.536,1.0,141370100.0,218119605.0,腾讯日K/前复权日K,2026-08-07T20:33:10+08:00,20260926T093659
159915,创业板ETF易方达,SZSE,2015-01-15,1.534,1.558,1.526,1.534,1.534,1.558,1.526,1.534,1.0,196626000.0,303252256.0,腾讯日K/前复权日K,2026-08-07T20:33:10+08:00,20260926T093659
159915,创业板ETF易方达,SZSE,2015-01-16,1.528,1.596,1.528,1.592,1.528,1.596,1.528,1.592,1.0,233018000.0,364731840.0,腾讯日K/前复权日K,2026-08-07T20:33:10+08:00,20260926T093659
159915,创业板ETF易方达,SZSE,2015-01-19,1.576,1.637,1.548,1.579,1.576,1.637,1.548,1.579,1.0,797703700.0,1271212800.0,腾讯日K/前复权日K,2026-08-07T20:33:10+08:00,20260926T093659
159915,创业板ETF易方达,SZSE,2015-01-20,1.581,1.657,1.581,1.657,1.581,1.657,1.581,1.657,1.0,522303300.0,844511904.0,腾讯日K/前复权日K,2026-08-07T20:33:10+08:00,20260926T093659
159915,创业板ETF易方达,SZSE,2015-01-21,1.662,1.673,1.636,1.668,1.662,1.673,1.636,1.668,1.0,353965100.0,588016320.0,腾讯日K/前复权日K,2026-08-07T20:33:10+08:00,20260926T093659
159915,创业板ETF易方达,SZSE,2015-01-22,1.661,1.686,1.655,1.683,1.661,1.686,1.655,1.683,1.0,322768100.0,540329712.0,腾讯日K/前复权日K,2026-08-07T20:33:10+08:00,20260926T093659
159915,创业板ETF易方达,SZSE,2015-01-23,1.682,1.683,1.632,1.638,1.682,1.683,1.632,1.638,1.0,163289600.0,270164352.0,腾讯日K/前复权日K,2026-08-07T20:33:10+08:00,20260926T093659
159915,创业板ETF易方达,SZSE,2015-01-26,1.639,1.686,1.639,1.686,1.639,1.686,1.639,1.686,1.0,334561300.0,558198224.0,腾讯日K/前复权日K,2026-08-07T20:33:10+08:00,20260926T093659
159915,创业板ETF易方达,SZSE,2015-01-27,1.686,1.698,1.651,1.688,1.686,1.698,1.651,1.688,1.0,266479600.0,448471600.0,腾讯日K/前复权日K,2026-08-07T20:33:10+08:00,20260926T093659
159915,创业板ETF易方达,SZSE,2015-01-28,1.672,1.7,1.662,1.668,1.672,1.7,1.662,1.668,1.0,259146900.0,436384672.0,腾讯日K/前复权日K,2026-08-07T20:33:10+08:00,20260926T093659
159915,创业板ETF易方达,SZSE,2015-01-29,1.655,1.676,1.648,1.652,1.655,1.676,1.648,1.652,1.0,134822500.0,223815960.0,腾讯日K/前复权日K,2026-08-07T20:33:10+08:00,20260926T093659
159915,创业板ETF易方达,SZSE,2015-01-30,1.651,1.661,1.614,1.623,1.651,1.661,1.614,1.623,1.0,92230500.0,151518131.0,腾讯日K/前复权日K,2026-08-07T20:33:10+08:00,20260926T093659
159915,创业板ETF易方达,SZSE,2015-02-02,1.609,1.653,1.604,1.639,1.609,1.653,1.604,1.639,1.0,225932800.0,369609008.0,腾讯日K/前复权日K,2026-08-07T20:33:10+08:00,20260926T093659
159915,创业板ETF易方达,SZSE,2015-02-03,1.647,1.701,1.64,1.693,1.647,1.701,1.64,1.693,1.0,262827700.0,440291856.0,腾讯日K/前复权日K,2026-08-07T20:33:10+08:00,20260926T093659
159915,创业板ETF易方达,SZSE,2015-02-04,1.693,1.708,1.676,1.698,1.693,1.708,1.676,1.698,1.0,226856500.0,384401152.0,腾讯日K/前复权日K,2026-08-07T20:33:10+08:00,20260926T093659
159915,创业板ETF易方达,SZSE,2015-02-05,1.685,1.746,1.68,1.709,1.685,1.746,1.68,1.709,1.0,365219900.0,628657792.0,腾讯日K/前复权日K,2026-08-07T20:33:10+08:00,20260926T093659
159915,创业板ETF易方达,SZSE,2015-02-06,1.708,1.719,1.661,1.661,1.708,1.719,1.661,1.661,1.0,214536100.0,361980464.0,腾讯日K/前复权日K,2026-08-07T20:33:10+08:00,20260926T093659
159915,创业板ETF易方达,SZSE,2015-02-09,1.661,1.693,1.642,1.645,1.661,1.693,1.642,1.645,1.0,190073700.0,318342512.0,腾讯日K/前复权日K,2026-08-07T20:33:10+08:00,20260926T093659
159915,创业板ETF易方达,SZSE,2015-02-10,1.64,1.687,1.638,1.685,1.64,1.687,1.638,1.685,1.0,199941600.0,332532016.0,腾讯日K/前复权日K,2026-08-07T20:33:10+08:00,20260926T093659
159915,创业板ETF易方达,SZSE,2015-02-11,1.684,1.717,1.681,1.705,1.684,1.717,1.681,1.705,1.0,227823700.0,388552512.0,腾讯日K/前复权日K,2026-08-07T20:33:10+08:00,20260926T093659
159915,创业板ETF易方达,SZSE,2015-02-12,1.706,1.734,1.706,1.72,1.706,1.734,1.706,1.72,1.0,273783000.0,471228736.0,腾讯日K/前复权日K,2026-08-07T20:33:10+08:00,20260926T093659
159915,创业板ETF易方达,SZSE,2015-02-13,1.728,1.763,1.725,1.761,1.728,1.763,1.725,1.761,1.0,289476200.0,506492240.0,腾讯日K/前复权日K,2026-08-07T20:33:10+08:00,20260926T093659
159915,创业板ETF易方达,SZSE,2015-02-16,1.767,1.83,1.766,1.83,1.767,1.83,1.766,1.83,1.0,243171400.0,437738368.0,腾讯日K/前复权日K,2026-08-07T20:33:10+08:00,20260926T093659
159915,创业板ETF易方达,SZSE,2015-02-17,1.839,1.839,1.798,1.82,1.839,1.839,1.798,1.82,1.0,265423800.0,482832800.0,腾讯日K/前复权日K,2026-08-07T20:33:10+08:00,20260926T093659
159915,创业板ETF易方达,SZSE,2015-02-25,1.825,1.837,1.795,1.803,1.825,1.837,1.795,1.803,1.0,270911500.0,494844448.0,腾讯日K/前复权日K,2026-08-07T20:33:10+08:00,20260926T093659
159915,创业板ETF易方达,SZSE,2015-02-26,1.803,1.823,1.78,1.814,1.803,1.823,1.78,1.814,1.0,234880500.0,424540240.0,腾讯日K/前复权日K,2026-08-07T20:33:10+08:00,20260926T093659
159915,创业板ETF易方达,SZSE,2015-02-27,1.812,1.863,1.809,1.863,1.812,1.863,1.809,1.863,1.0,311136100.0,572008960.0,腾讯日K/前复权日K,2026-08-07T20:33:10+08:00,20260926T093659
159915,创业板ETF易方达,SZSE,2015-03-02,1.868,1.918,1.863,1.914,1.868,1.918,1.863,1.914,1.0,317260600.0,599872656.0,腾讯日K/前复权日K,2026-08-07T20:33:10+08:00,20260926T093659
159915,创业板ETF易方达,SZSE,2015-03-03,1.913,1.929,1.882,1.883,1.913,1.929,1.882,1.883,1.0,499466500.0,954930672.0,腾讯日K/前复权日K,2026-08-07T20:33:10+08:00,20260926T093659
159915,创业板ETF易方达,SZSE,2015-03-04,1.881,1.942,1.881,1.94,1.881,1.942,1.881,1.94,1.0,342300600.0,656215760.0,腾讯日K/前复权日K,2026-08-07T20:33:10+08:00,20260926T093659
159915,创业板ETF易方达,SZSE,2015-03-05,1.94,1.958,1.919,1.938,1.94,1.958,1.919,1.938,1.0,348730800.0,676207968.0,腾讯日K/前复权日K,2026-08-07T20:33:10+08:00,20260926T093659
159915,创业板ETF易方达,SZSE,2015-03-06,1.937,1.939,1.872,1.88,1.937,1.939,1.872,1.88,1.0,322851900.0,611165008.0,腾讯日K/前复权日K,2026-08-07T20:33:10+08:00,20260926T093659
159915,创业板ETF易方达,SZSE,2015-03-09,1.855,1.928,1.855,1.927,1.855,1.928,1.855,1.927,1.0,397867400.0,752710240.0,腾讯日K/前复权日K,2026-08-07T20:33:10+08:00,20260926T093659
159915,创业板ETF易方达,SZSE,2015-03-10,1.92,1.974,1.914,1.972,1.92,1.974,1.914,1.972,1.0,432549400.0,845177984.0,腾讯日K/前复权日K,2026-08-07T20:33:10+08:00,20260926T093659
159915,创业板ETF易方达,SZSE,2015-03-11,1.971,1.977,1.94,1.96,1.971,1.977,1.94,1.96,1.0,314462700.0,617268960.0,腾讯日K/前复权日K,2026-08-07T20:33:10+08:00,20260926T093659
159915,创业板ETF易方达,SZSE,2015-03-12,1.953,1.976,1.908,1.94,1.953,1.976,1.908,1.94,1.0,356043000.0,693323152.0,腾讯日K/前复权日K,2026-08-07T20:33:10+08:00,20260926T093659
159915,创业板ETF易方达,SZSE,2015-03-13,1.945,1.996,1.932,1.992,1.945,1.996,1.932,1.992,1.0,416889200.0,817182576.0,腾讯日K/前复权日K,2026-08-07T20:33:10+08:00,20260926T093659
159915,创业板ETF易方达,SZSE,2015-03-16,2.005,2.07,2.001,2.061,2.005,2.07,2.001,2.061,1.0,400718900.0,818641744.0,腾讯日K/前复权日K,2026-08-07T20:33:10+08:00,20260926T093659
159915,创业板ETF易方达,SZSE,2015-03-17,2.063,2.08,2.035,2.053,2.063,2.08,2.035,2.053,1.0,341138600.0,703232080.0,腾讯日K/前复权日K,2026-08-07T20:33:10+08:00,20260926T093659
159915,创业板ETF易方达,SZSE,2015-03-18,2.049,2.104,2.037,2.099,2.049,2.104,2.037,2.099,1.0,499147800.0,1034598880.0,腾讯日K/前复权日K,2026-08-07T20:33:10+08:00,20260926T093659
159915,创业板ETF易方达,SZSE,2015-03-19,2.09,2.103,2.07,2.095,2.09,2.103,2.07,2.095,1.0,317108100.0,662591680.0,腾讯日K/前复权日K,2026-08-07T20:33:10+08:00,20260926T093659
159915,创业板ETF易方达,SZSE,2015-03-20,2.094,2.145,2.091,2.126,2.094,2.145,2.091,2.126,1.0,533573600.0,1130249968.0,腾讯日K/前复权日K,2026-08-07T20:33:10+08:00,20260926T093659
159915,创业板ETF易方达,SZSE,2015-03-23,2.13,2.209,2.126,2.206,2.13,2.209,2.126,2.206,1.0,472474200.0,1022061872.0,腾讯日K/前复权日K,2026-08-07T20:33:10+08:00,20260926T093659
159915,创业板ETF易方达,SZSE,2015-03-24,2.21,2.286,2.156,2.273,2.21,2.286,2.156,2.273,1.0,704747000.0,1560822752.0,腾讯日K/前复权日K,2026-08-07T20:33:10+08:00,20260926T093659
159915,创业板ETF易方达,SZSE,2015-03-25,2.269,2.311,2.248,2.288,2.269,2.311,2.248,2.288,1.0,744660800.0,1698253728.0,腾讯日K/前复权日K,2026-08-07T20:33:10+08:00,20260926T093659
159915,创业板ETF易方达,SZSE,2015-03-26,2.26,2.278,2.17,2.19,2.26,2.278,2.17,2.19,1.0,363620100.0,810065648.0,腾讯日K/前复权日K,2026-08-07T20:33:10+08:00,20260926T093659
159915,创业板ETF易方达,SZSE,2015-03-27,2.18,2.233,2.17,2.228,2.18,2.233,2.17,2.228,1.0,677576919.0,1490547856.0,腾讯日K/前复权日K,2026-08-07T20:33:10+08:00,20260926T093659
159915,创业板ETF易方达,SZSE,2015-03-30,2.21,2.236,2.165,2.193,2.21,2.236,2.165,2.193,1.0,370390800.0,815630064.0,腾讯日K/前复权日K,2026-08-07T20:33:10+08:00,20260926T093659
159915,创业板ETF易方达,SZSE,2015-03-31,2.19,2.264,2.19,2.247,2.19,2.264,2.19,2.247,1.0,587371000.0,1311991856.0,腾讯日K/前复权日K,2026-08-07T20:33:10+08:00,20260926T093659
159915,创业板ETF易方达,SZSE,2015-04-01,2.241,2.301,2.24,2.296,2.241,2.301,2.24,2.296,1.0,525741700.0,1191844640.0,腾讯日K/前复权日K,2026-08-07T20:33:10+08:00,20260926T093659
159915,创业板ETF易方达,SZSE,2015-04-02,2.33,2.377,2.306,2.369,2.33,2.377,2.306,2.369,1.0,519559000.0,1216884896.0,腾讯日K/前复权日K,2026-08-07T20:33:10+08:00,20260926T093659
159915,创业板ETF易方达,SZSE,2015-04-03,2.357,2.406,2.347,2.391,2.357,2.406,2.347,2.391,1.0,632172200.0,1501905408.0,腾讯日K/前复权日K,2026-08-07T20:33:10+08:00,20260926T093659
159915,创业板ETF易方达,SZSE,2015-04-07,2.402,2.443,2.39,2.438,2.402,2.443,2.39,2.438,1.0,392764500.0,951415680.0,腾讯日K/前复权日K,2026-08-07T20:33:10+08:00,20260926T093659
159915,创业板ETF易方达,SZSE,2015-04-08,2.439,2.444,2.328,2.377,2.439,2.444,2.328,2.377,1.0,564112100.0,1344333872.0,腾讯日K/前复权日K,2026-08-07T20:33:10+08:00,20260926T093659
159915,创业板ETF易方达,SZSE,2015-04-09,2.346,2.48,2.24,2.466,2.346,2.48,2.24,2.466,1.0,593466600.0,1363077152.0,腾讯日K/前复权日K,2026-08-07T20:33:10+08:00,20260926T093659
159915,创业板ETF易方达,SZSE,2015-04-10,2.361,2.453,2.341,2.424,2.361,2.453,2.341,2.424,1.0,654687400.0,1574404912.0,腾讯日K/前复权日K,2026-08-07T20:33:10+08:00,20260926T093659
159915,创业板ETF易方达,SZSE,2015-04-13,2.435,2.476,2.4,2.451,2.435,2.476,2.4,2.451,1.0,394722600.0,966073552.0,腾讯日K/前复权日K,2026-08-07T20:33:10+08:00,20260926T093659
159915,创业板ETF易方达,SZSE,2015-04-14,2.455,2.476,2.4,2.44,2.455,2.476,2.4,2.44,1.0,401289400.0,984611488.0,腾讯日K/前复权日K,2026-08-07T20:33:10+08:00,20260926T093659
159915,创业板ETF易方达,SZSE,2015-04-15,2.43,2.437,2.32,2.33,2.43,2.437,2.32,2.33,1.0,544784100.0,1297231120.0,腾讯日K/前复权日K,2026-08-07T20:33:10+08:00,20260926T093659
159915,创业板ETF易方达,SZSE,2015-04-16,2.309,2.423,2.304,2.375,2.309,2.423,2.304,2.375,1.0,538560000.0,1280744032.0,腾讯日K/前复权日K,2026-08-07T20:33:10+08:00,20260926T093659
159915,创业板ETF易方达,SZSE,2015-04-17,2.391,2.405,2.345,2.368,2.391,2.405,2.345,2.368,1.0,353435400.0,839890016.0,腾讯日K/前复权日K,2026-08-07T20:33:10+08:00,20260926T093659
159915,创业板ETF易方达,SZSE,2015-04-20,2.355,2.395,2.305,2.318,2.355,2.395,2.305,2.318,1.0,508712200.0,1199849088.0,腾讯日K/前复权日K,2026-08-07T20:33:10+08:00,20260926T093659
159915,创业板ETF易方达,SZSE,2015-04-21,2.33,2.496,2.33,2.496,2.33,2.496,2.33,2.496,1.0,465402400.0,1120929392.0,腾讯日K/前复权日K,2026-08-07T20:33:10+08:00,20260926T093659
159915,创业板ETF易方达,SZSE,2015-04-22,2.497,2.55,2.497,2.524,2.497,2.55,2.497,2.524,1.0,453316100.0,1146203168.0,腾讯日K/前复权日K,2026-08-07T20:33:10+08:00,20260926T093659
159915,创业板ETF易方达,SZSE,2015-04-23,2.53,2.611,2.53,2.598,2.53,2.611,2.53,2.598,1.0,468781200.0,1208886032.0,腾讯日K/前复权日K,2026-08-07T20:33:10+08:00,20260926T093659
159915,创业板ETF易方达,SZSE,2015-04-24,2.566,2.652,2.558,2.645,2.566,2.652,2.558,2.645,1.0,451185700.0,1174997712.0,腾讯日K/前复权日K,2026-08-07T20:33:10+08:00,20260926T093659
159915,创业板ETF易方达,SZSE,2015-04-27,2.67,2.7,2.623,2.65,2.67,2.7,2.623,2.65,1.0,335476200.0,893273792.0,腾讯日K/前复权日K,2026-08-07T20:33:10+08:00,20260926T093659
159915,创业板ETF易方达,SZSE,2015-04-28,2.67,2.693,2.555,2.583,2.67,2.693,2.555,2.583,1.0,530901500.0,1380590768.0,腾讯日K/前复权日K,2026-08-07T20:33:10+08:00,20260926T093659
159915,创业板ETF易方达,SZSE,2015-04-29,2.561,2.723,2.561,2.723,2.561,2.723,2.561,2.723,1.0,403454000.0,1063511360.0,腾讯日K/前复权日K,2026-08-07T20:33:10+08:00,20260926T093659
159915,创业板ETF易方达,SZSE,2015-04-30,2.72,2.81,2.709,2.748,2.72,2.81,2.709,2.748,1.0,701680900.0,1942907936.0,腾讯日K/前复权日K,2026-08-07T20:33:10+08:00,20260926T093659
159915,创业板ETF易方达,SZSE,2015-05-04,2.758,2.777,2.691,2.74,2.758,2.777,2.691,2.74,1.0,672800300.0,1843431648.0,腾讯日K/前复权日K,2026-08-07T20:33:10+08:00,20260926T093659
159915,创业板ETF易方达,SZSE,2015-05-05,2.731,2.737,2.641,2.67,2.731,2.737,2.641,2.67,1.0,504135600.0,1362629616.0,腾讯日K/前复权日K,2026-08-07T20:33:10+08:00,20260926T093659
159915,创业板ETF易方达,SZSE,2015-05-06,2.7,2.845,2.7,2.738,2.7,2.845,2.7,2.738,1.0,759777500.0,2092673968.0,腾讯日K/前复权日K,2026-08-07T20:33:10+08:00,20260926T093659
159915,创业板ETF易方达,SZSE,2015-05-07,2.71,2.766,2.68,2.686,2.71,2.766,2.68,2.686,1.0,639602400.0,1742324496.0,腾讯日K/前复权日K,2026-08-07T20:33:10+08:00,20260926T093659
159915,创业板ETF易方达,SZSE,2015-05-08,2.72,2.91,2.72,2.894,2.72,2.91,2.72,2.894,1.0,585159800.0,1627139712.0,腾讯日K/前复权日K,2026-08-07T20:33:10+08:00,20260926T093659
159915,创业板ETF易方达,SZSE,2015-05-11,2.908,3.078,2.866,3.05,2.908,3.078,2.866,3.05,1.0,569228700.0,1674882400.0,腾讯日K/前复权日K,2026-08-07T20:33:10+08:00,20260926T093659
159915,创业板ETF易方达,SZSE,2015-05-12,3.063,3.147,3.002,3.129,3.063,3.147,3.002,3.129,1.0,876827400.0,2685475040.0,腾讯日K/前复权日K,2026-08-07T20:33:10+08:00,20260926T093659
159915,创业板ETF易方达,SZSE,2015-05-13,3.05,3.115,2.987,3.036,3.05,3.115,2.987,3.036,1.0,730238600.0,2236142224.0,腾讯日K/前复权日K,2026-08-07T20:33:10+08:00,20260926T093659
159915,创业板ETF易方达,SZSE,2015-05-14,3.03,3.095,2.999,3.008,3.03,3.095,2.999,3.008,1.0,667815600.0,2040312800.0,腾讯日K/前复权日K,2026-08-07T20:33:10+08:00,20260926T093659
159915,创业板ETF易方达,SZSE,2015-05-15,2.971,3.05,2.928,3.016,2.971,3.05,2.928,3.016,1.0,966989800.0,2881276736.0,腾讯日K/前复权日K,2026-08-07T20:33:10+08:00,20260926T093659
159915,创业板ETF易方达,SZSE,2015-05-18,3.043,3.157,3.043,3.157,3.043,3.157,3.043,3.157,1.0,533217100.0,1664258352.0,腾讯日K/前复权日K,2026-08-07T20:33:10+08:00,20260926T093659
159915,创业板ETF易方达,SZSE,2015-05-19,3.176,3.208,3.064,3.185,3.176,3.208,3.064,3.185,1.0,804229600.0,2523186272.0,腾讯日K/前复权日K,2026-08-07T20:33:10+08:00,20260926T093659
159915,创业板ETF易方达,SZSE,2015-05-20,3.192,3.339,3.192,3.264,3.192,3.339,3.192,3.264,1.0,608122500.0,1993205248.0,腾讯日K/前复权日K,2026-08-07T20:33:10+08:00,20260926T093659
159915,创业板ETF易方达,SZSE,2015-05-21,3.27,3.411,3.27,3.41,3.27,3.411,3.27,3.41,1.0,591439600.0,1969810656.0,腾讯日K/前复权日K,2026-08-07T20:33:10+08:00,20260926T093659
159915,创业板ETF易方达,SZSE,2015-05-22,3.456,3.499,3.3,3.382,3.456,3.499,3.3,3.382,1.0,872178100.0,2953564736.0,腾讯日K/前复权日K,2026-08-07T20:33:10+08:00,20260926T093659
159915,创业板ETF易方达,SZSE,2015-05-25,3.271,3.355,3.225,3.327,3.271,3.355,3.225,3.327,1.0,793681300.0,2618822240.0,腾讯日K/前复权日K,2026-08-07T20:33:10+08:00,20260926T093659
159915,创业板ETF易方达,SZSE,2015-05-26,3.313,3.465,3.31,3.463,3.313,3.465,3.31,3.463,1.0,706468500.0,2411213040.0,腾讯日K/前复权日K,2026-08-07T20:33:10+08:00,20260926T093659
159915,创业板ETF易方达,SZSE,2015-05-27,3.475,3.5,3.377,3.463,3.475,3.5,3.377,3.463,1.0,664978900.0,2284017152.0,腾讯日K/前复权日K,2026-08-07T20:33:10+08:00,20260926T093659
159915,创业板ETF易方达,SZSE,2015-05-28,3.445,3.508,3.265,3.29,3.445,3.508,3.265,3.29,1.0,972450100.0,3332792896.0,腾讯日K/前复权日K,2026-08-07T20:33:10+08:00,20260926T093659
159915,创业板ETF易方达,SZSE,2015-05-29,3.3,3.437,3.158,3.384,3.3,3.437,3.158,3.384,1.0,1102958800.0,3667604832.0,腾讯日K/前复权日K,2026-08-07T20:33:10+08:00,20260926T093659
159915,创业板ETF易方达,SZSE,2015-06-01,3.398,3.568,3.398,3.568,3.398,3.568,3.398,3.568,1.0,690552100.0,2409023536.0,腾讯日K/前复权日K,2026-08-07T20:33:10+08:00,20260926T093659
159915,创业板ETF易方达,SZSE,2015-06-02,3.583,3.769,3.567,3.768,3.583,3.769,3.567,3.768,1.0,940844700.0,3431849392.0,腾讯日K/前复权日K,2026-08-07T20:33:10+08:00,20260926T093659
159915,创业板ETF易方达,SZSE,2015-06-03,3.772,3.828,3.654,3.79,3.772,3.828,3.654,3.79,1.0,1131207000.0,4252910576.0,腾讯日K/前复权日K,2026-08-07T20:33:10+08:00,20260926T093659
159915,创业板ETF易方达,SZSE,2015-06-04,3.798,3.825,3.51,3.751,3.798,3.825,3.51,3.751,1.0,1083801600.0,4037202576.0,腾讯日K/前复权日K,2026-08-07T20:33:10+08:00,20260926T093659
159915,创业板ETF易方达,SZSE,2015-06-05,3.801,3.845,3.645,3.703,3.801,3.845,3.645,3.703,1.0,785346700.0,2964324480.0,腾讯日K/前复权日K,2026-08-07T20:33:10+08:00,20260926T093659
159915,创业板ETF易方达,SZSE,2015-06-08,3.65,3.679,3.418,3.533,3.65,3.679,3.418,3.533,1.0,700436700.0,2479934400.0,腾讯日K/前复权日K,2026-08-07T20:33:10+08:00,20260926T093659
159915,创业板ETF易方达,SZSE,2015-06-09,3.475,3.61,3.46,3.526,3.475,3.61,3.46,3.526,1.0,802467500.0,2840856560.0,腾讯日K/前复权日K,2026-08-07T20:33:10+08:00,20260926T093659
159915,创业板ETF易方达,SZSE,2015-06-10,3.505,3.704,3.484,3.66,3.505,3.704,3.484,3.66,1.0,831577500.0,2965429520.0,腾讯日K/前复权日K,2026-08-07T20:33:10+08:00,20260926T093659
159915,创业板ETF易方达,SZSE,2015-06-11,3.652,3.69,3.62,3.666,3.652,3.69,3.62,3.666,1.0,825589200.0,3024627920.0,腾讯日K/前复权日K,2026-08-07T20:33:10+08:00,20260926T093659
159915,创业板ETF易方达,SZSE,2015-06-12,3.692,3.729,3.657,3.704,3.692,3.729,3.657,3.704,1.0,765087200.0,2825248896.0,腾讯日K/前复权日K,2026-08-07T20:33:10+08:00,20260926T093659
159915,创业板ETF易方达,SZSE,2015-06-15,3.712,3.725,3.492,3.512,3.712,3.725,3.492,3.512,1.0,669333200.0,2411824096.0,腾讯日K/前复权日K,2026-08-07T20:33:10+08:00,20260926T093659
159915,创业板ETF易方达,SZSE,2015-06-16,3.45,3.475,3.295,3.402,3.45,3.475,3.295,3.402,1.0,790781300.0,2684760768.0,腾讯日K/前复权日K,2026-08-07T20:33:10+08:00,20260926T093659
159915,创业板ETF易方达,SZSE,2015-06-17,3.39,3.55,3.327,3.545,3.39,3.55,3.327,3.545,1.0,946738700.0,3240341360.0,腾讯日K/前复权日K,2026-08-07T20:33:10+08:00,20260926T093659
159915,创业板ETF易方达,SZSE,2015-06-18,3.545,3.558,3.3,3.32,3.545,3.558,3.3,3.32,1.0,796993400.0,2787887712.0,腾讯日K/前复权日K,2026-08-07T20:33:10+08:00,20260926T093659
159915,创业板ETF易方达,SZSE,2015-06-19,3.22,3.313,3.142,3.15,3.22,3.313,3.142,3.15,1.0,774059000.0,2505028976.0,腾讯日K/前复权日K,2026-08-07T20:33:10+08:00,20260926T093659
159915,创业板ETF易方达,SZSE,2015-06-23,3.15,3.302,2.951,3.208,3.15,3.302,2.951,3.208,1.0,864715800.0,2687224896.0,腾讯日K/前复权日K,2026-08-07T20:33:10+08:00,20260926T093659
159915,创业板ETF易方达,SZSE,2015-06-24,3.22,3.276,3.13,3.199,3.22,3.276,3.13,3.199,1.0,739008000.0,2371324192.0,腾讯日K/前复权日K,2026-08-07T20:33:10+08:00,20260926T093659
159915,创业板ETF易方达,SZSE,2015-06-25,3.215,3.223,3.017,3.03,3.215,3.223,3.017,3.03,1.0,418357300.0,1315191872.0,腾讯日K/前复权日K,2026-08-07T20:33:10+08:00,20260926T093659
159915,创业板ETF易方达,SZSE,2015-06-26,2.947,2.948,2.727,2.767,2.947,2.948,2.727,2.767,1.0,418687400.0,1184654864.0,腾讯日K/前复权日K,2026-08-07T20:33:10+08:00,20260926T093659
159915,创业板ETF易方达,SZSE,2015-06-29,2.76,2.786,2.49,2.49,2.76,2.786,2.49,2.49,1.0,302560900.0,781514032.0,腾讯日K/前复权日K,2026-08-07T20:33:10+08:00,20260926T093659
159915,创业板ETF易方达,SZSE,2015-06-30,2.44,2.739,2.25,2.733,2.44,2.739,2.25,2.733,1.0,549847800.0,1400490048.0,腾讯日K/前复权日K,2026-08-07T20:33:10+08:00,20260926T093659
159915,创业板ETF易方达,SZSE,2015-07-01,2.66,2.843,2.56,2.56,2.66,2.843,2.56,2.56,1.0,851371400.0,2346491824.0,腾讯日K/前复权日K,2026-08-07T20:33:10+08:00,20260926T093659
159915,创业板ETF易方达,SZSE,2015-07-02,2.55,2.669,2.321,2.47,2.55,2.669,2.321,2.47,1.0,908206600.0,2339510912.0,腾讯日K/前复权日K,2026-08-07T20:33:10+08:00,20260926T093659
159915,创业板ETF易方达,SZSE,2015-07-03,2.4,2.64,2.296,2.457,2.4,2.64,2.296,2.457,1.0,1015051700.0,2520953744.0,腾讯日K/前复权日K,2026-08-07T20:33:10+08:00,20260926T093659
159915,创业板ETF易方达,SZSE,2015-07-06,2.7,2.7,2.228,2.33,2.7,2.7,2.228,2.33,1.0,677830300.0,1655042288.0,腾讯日K/前复权日K,2026-08-07T20:33:10+08:00,20260926T093659
159915,创业板ETF易方达,SZSE,2015-07-07,2.245,2.252,2.097,2.097,2.245,2.252,2.097,2.097,1.0,202770300.0,435891024.0,腾讯日K/前复权日K,2026-08-07T20:33:10+08:00,20260926T093659
159915,创业板ETF易方达,SZSE,2015-07-08,1.887,2.027,1.887,1.899,1.887,2.027,1.887,1.899,1.0,395661200.0,751783504.0,腾讯日K/前复权日K,2026-08-07T20:33:10+08:00,20260926T093659
159915,创业板ETF易方达,SZSE,2015-07-09,1.901,2.089,1.898,2.089,1.901,2.089,1.898,2.089,1.0,146670000.0,295014736.0,腾讯日K/前复权日K,2026-08-07T20:33:10+08:00,20260926T093659
159915,创业板ETF易方达,SZSE,2015-07-10,2.29,2.298,2.241,2.298,2.29,2.298,2.241,2.298,1.0,57171700.0,130780414.0,腾讯日K/前复权日K,2026-08-07T20:33:10+08:00,20260926T093659
159915,创业板ETF易方达,SZSE,2015-07-13,2.524,2.528,2.42,2.528,2.524,2.528,2.42,2.528,1.0,183571900.0,458516816.0,腾讯日K/前复权日K,2026-08-07T20:33:10+08:00,20260926T093659
159915,创业板ETF易方达,SZSE,2015-07-14,2.5,2.781,2.492,2.657,2.5,2.781,2.492,2.657,1.0,401574000.0,1067668768.0,腾讯日K/前复权日K,2026-08-07T20:33:10+08:00,20260926T093659
159915,创业板ETF易方达,SZSE,2015-07-15,2.607,2.612,2.4,2.405,2.607,2.612,2.4,2.405,1.0,374726700.0,935696288.0,腾讯日K/前复权日K,2026-08-07T20:33:10+08:00,20260926T093659
159915,创业板ETF易方达,SZSE,2015-07-16,2.302,2.574,2.261,2.489,2.302,2.574,2.261,2.489,1.0,425314000.0,1048376688.0,腾讯日K/前复权日K,2026-08-07T20:33:10+08:00,20260926T093659
159915,创业板ETF易方达,SZSE,2015-07-17,2.515,2.725,2.499,2.688,2.515,2.725,2.499,2.688,1.0,615250200.0,1584828992.0,腾讯日K/前复权日K,2026-08-07T20:33:10+08:00,20260926T093659
159915,创业板ETF易方达,SZSE,2015-07-20,2.67,2.78,2.62,2.69,2.67,2.78,2.62,2.69,1.0,816441700.0,2207726224.0,腾讯日K/前复权日K,2026-08-07T20:33:10+08:00,20260926T093659
159915,创业板ETF易方达,SZSE,2015-07-21,2.64,2.758,2.625,2.707,2.64,2.758,2.625,2.707,1.0,787507800.0,2124402224.0,腾讯日K/前复权日K,2026-08-07T20:33:10+08:00,20260926T093659
159915,创业板ETF易方达,SZSE,2015-07-22,2.715,2.779,2.651,2.754,2.715,2.779,2.651,2.754,1.0,902541100.0,2484888256.0,腾讯日K/前复权日K,2026-08-07T20:33:10+08:00,20260926T093659
159915,创业板ETF易方达,SZSE,2015-07-23,2.748,2.833,2.712,2.82,2.748,2.833,2.712,2.82,1.0,596383200.0,1642284848.0,腾讯日K/前复权日K,2026-08-07T20:33:10+08:00,20260926T093659
159915,创业板ETF易方达,SZSE,2015-07-24,2.819,2.858,2.682,2.74,2.819,2.858,2.682,2.74,1.0,643245600.0,1819742672.0,腾讯日K/前复权日K,2026-08-07T20:33:10+08:00,20260926T093659
159915,创业板ETF易方达,SZSE,2015-07-27,2.67,2.759,2.466,2.466,2.67,2.759,2.466,2.466,1.0,686593400.0,1845696320.0,腾讯日K/前复权日K,2026-08-07T20:33:10+08:00,20260926T093659
159915,创业板ETF易方达,SZSE,2015-07-28,2.38,2.559,2.328,2.395,2.38,2.559,2.328,2.395,1.0,667925500.0,1626226672.0,腾讯日K/前复权日K,2026-08-07T20:33:10+08:00,20260926T093659
159915,创业板ETF易方达,SZSE,2015-07-29,2.441,2.573,2.253,2.573,2.441,2.573,2.253,2.573,1.0,752922600.0,1839582288.0,腾讯日K/前复权日K,2026-08-07T20:33:10+08:00,20260926T093659
159915,创业板ETF易方达,SZSE,2015-07-30,2.52,2.564,2.399,2.4,2.52,2.564,2.399,2.4,1.0,698725900.0,1764586336.0,腾讯日K/前复权日K,2026-08-07T20:33:10+08:00,20260926T093659
159915,创业板ETF易方达,SZSE,2015-07-31,2.36,2.47,2.309,2.368,2.36,2.47,2.309,2.368,1.0,516981900.0,1236482656.0,腾讯日K/前复权日K,2026-08-07T20:33:10+08:00,20260926T093659
159915,创业板ETF易方达,SZSE,2015-08-03,2.325,2.355,2.221,2.24,2.325,2.355,2.221,2.24,1.0,222780700.0,509721264.0,腾讯日K/前复权日K,2026-08-07T20:33:10+08:00,20260926T093659
159915,创业板ETF易方达,SZSE,2015-08-04,2.256,2.445,2.245,2.442,2.256,2.445,2.245,2.442,1.0,302909200.0,702545104.0,腾讯日K/前复权日K,2026-08-07T20:33:10+08:00,20260926T093659
159915,创业板ETF易方达,SZSE,2015-08-05,2.417,2.448,2.321,2.358,2.417,2.448,2.321,2.358,1.0,265862300.0,637948720.0,腾讯日K/前复权日K,2026-08-07T20:33:10+08:00,20260926T093659
159915,创业板ETF易方达,SZSE,2015-08-06,2.295,2.382,2.282,2.35,2.295,2.382,2.282,2.35,1.0,225345200.0,527435072.0,腾讯日K/前复权日K,2026-08-07T20:33:10+08:00,20260926T093659
159915,创业板ETF易方达,SZSE,2015-08-07,2.386,2.46,2.368,2.459,2.386,2.46,2.368,2.459,1.0,256242300.0,622615120.0,腾讯日K/前复权日K,2026-08-07T20:33:10+08:00,20260926T093659
159915,创业板ETF易方达,SZSE,2015-08-10,2.475,2.645,2.46,2.622,2.475,2.645,2.46,2.622,1.0,376288200.0,957385936.0,腾讯日K/前复权日K,2026-08-07T20:33:10+08:00,20260926T093659
159915,创业板ETF易方达,SZSE,2015-08-11,2.614,2.619,2.533,2.565,2.614,2.619,2.533,2.565,1.0,363773000.0,940359600.0,腾讯日K/前复权日K,2026-08-07T20:33:10+08:00,20260926T093659
159915,创业板ETF易方达,SZSE,2015-08-12,2.52,2.568,2.487,2.489,2.52,2.568,2.487,2.489,1.0,331729300.0,843290560.0,腾讯日K/前复权日K,2026-08-07T20:33:10+08:00,20260926T093659
159915,创业板ETF易方达,SZSE,2015-08-13,2.483,2.562,2.442,2.558,2.483,2.562,2.442,2.558,1.0,425321600.0,1063345872.0,腾讯日K/前复权日K,2026-08-07T20:33:10+08:00,20260926T093659
159915,创业板ETF易方达,SZSE,2015-08-14,2.58,2.59,2.523,2.525,2.58,2.59,2.523,2.525,1.0,339229000.0,869777168.0,腾讯日K/前复权日K,2026-08-07T20:33:10+08:00,20260926T093659
159915,创业板ETF易方达,SZSE,2015-08-17,2.52,2.556,2.474,2.505,2.52,2.556,2.474,2.505,1.0,367898800.0,921088144.0,腾讯日K/前复权日K,2026-08-07T20:33:10+08:00,20260926T093659
159915,创业板ETF易方达,SZSE,2015-08-18,2.531,2.585,2.29,2.343,2.531,2.585,2.29,2.343,1.0,384936500.0,976602624.0,腾讯日K/前复权日K,2026-08-07T20:33:10+08:00,20260926T093659
159915,创业板ETF易方达,SZSE,2015-08-19,2.282,2.445,2.226,2.422,2.282,2.445,2.226,2.422,1.0,379863600.0,890061472.0,腾讯日K/前复权日K,2026-08-07T20:33:10+08:00,20260926T093659
159915,创业板ETF易方达,SZSE,2015-08-20,2.415,2.47,2.36,2.362,2.415,2.47,2.36,2.362,1.0,352015700.0,851025632.0,腾讯日K/前复权日K,2026-08-07T20:33:10+08:00,20260926T093659
159915,创业板ETF易方达,SZSE,2015-08-21,2.328,2.344,2.22,2.226,2.328,2.344,2.22,2.226,1.0,361202200.0,832829744.0,腾讯日K/前复权日K,2026-08-07T20:33:10+08:00,20260926T093659
159915,创业板ETF易方达,SZSE,2015-08-24,2.112,2.124,2.003,2.003,2.112,2.124,2.003,2.003,1.0,274995000.0,564173296.0,腾讯日K/前复权日K,2026-08-07T20:33:10+08:00,20260926T093659
159915,创业板ETF易方达,SZSE,2015-08-25,1.859,1.903,1.803,1.803,1.859,1.903,1.803,1.803,1.0,194899800.0,359898960.0,腾讯日K/前复权日K,2026-08-07T20:33:10+08:00,20260926T093659
159915,创业板ETF易方达,SZSE,2015-08-26,1.78,1.892,1.715,1.74,1.78,1.892,1.715,1.74,1.0,235364000.0,425070000.0,腾讯日K/前复权日K,2026-08-07T20:33:10+08:00,20260926T093659
159915,创业板ETF易方达,SZSE,2015-08-27,1.78,1.825,1.702,1.801,1.78,1.825,1.702,1.801,1.0,252713200.0,448133936.0,腾讯日K/前复权日K,2026-08-07T20:33:10+08:00,20260926T093659
159915,创业板ETF易方达,SZSE,2015-08-28,1.825,1.955,1.785,1.941,1.825,1.955,1.785,1.941,1.0,251252300.0,466218720.0,腾讯日K/前复权日K,2026-08-07T20:33:10+08:00,20260926T093659
159915,创业板ETF易方达,SZSE,2015-08-31,1.901,1.909,1.811,1.83,1.901,1.909,1.811,1.83,1.0,216058900.0,401111104.0,腾讯日K/前复权日K,2026-08-07T20:33:10+08:00,20260926T093659
159915,创业板ETF易方达,SZSE,2015-09-01,1.797,1.81,1.719,1.725,1.797,1.81,1.719,1.725,1.0,152396200.0,269733136.0,腾讯日K/前复权日K,2026-08-07T20:33:10+08:00,20260926T093659
159915,创业板ETF易方达,SZSE,2015-09-02,1.646,1.804,1.638,1.69,1.646,1.804,1.638,1.69,1.0,177155600.0,304741696.0,腾讯日K/前复权日K,2026-08-07T20:33:10+08:00,20260926T093659
159915,创业板ETF易方达,SZSE,2015-09-07,1.741,1.825,1.726,1.763,1.741,1.825,1.726,1.763,1.0,196420100.0,349523328.0,腾讯日K/前复权日K,2026-08-07T20:33:10+08:00,20260926T093659
159915,创业板ETF易方达,SZSE,2015-09-08,1.745,1.888,1.723,1.888,1.745,1.888,1.723,1.888,1.0,332088600.0,597995728.0,腾讯日K/前复权日K,2026-08-07T20:33:10+08:00,20260926T093659
159915,创业板ETF易方达,SZSE,2015-09-09,1.91,1.975,1.88,1.943,1.91,1.975,1.88,1.943,1.0,451608800.0,869892384.0,腾讯日K/前复权日K,2026-08-07T20:33:10+08:00,20260926T093659
159915,创业板ETF易方达,SZSE,2015-09-10,1.895,1.945,1.879,1.899,1.895,1.945,1.879,1.899,1.0,316232800.0,606530544.0,腾讯日K/前复权日K,2026-08-07T20:33:10+08:00,20260926T093659
159915,创业板ETF易方达,SZSE,2015-09-11,1.905,1.942,1.89,1.922,1.905,1.942,1.89,1.922,1.0,222366600.0,426673888.0,腾讯日K/前复权日K,2026-08-07T20:33:10+08:00,20260926T093659
159915,创业板ETF易方达,SZSE,2015-09-14,1.926,1.937,1.73,1.73,1.926,1.937,1.73,1.73,1.0,258683500.0,471671696.0,腾讯日K/前复权日K,2026-08-07T20:33:10+08:00,20260926T093659
159915,创业板ETF易方达,SZSE,2015-09-15,1.687,1.734,1.621,1.633,1.687,1.734,1.621,1.633,1.0,228803700.0,384788176.0,腾讯日K/前复权日K,2026-08-07T20:33:10+08:00,20260926T093659
159915,创业板ETF易方达,SZSE,2015-09-16,1.655,1.796,1.65,1.796,1.655,1.796,1.65,1.796,1.0,242136600.0,413616240.0,腾讯日K/前复权日K,2026-08-07T20:33:10+08:00,20260926T093659
159915,创业板ETF易方达,SZSE,2015-09-17,1.808,1.868,1.75,1.763,1.808,1.868,1.75,1.763,1.0,250852700.0,456804400.0,腾讯日K/前复权日K,2026-08-07T20:33:10+08:00,20260926T093659
159915,创业板ETF易方达,SZSE,2015-09-18,1.775,1.843,1.737,1.825,1.775,1.843,1.737,1.825,1.0,176914400.0,316474512.0,腾讯日K/前复权日K,2026-08-07T20:33:10+08:00,20260926T093659
159915,创业板ETF易方达,SZSE,2015-09-21,1.796,1.965,1.77,1.965,1.796,1.965,1.77,1.965,1.0,330109100.0,622886336.0,腾讯日K/前复权日K,2026-08-07T20:33:10+08:00,20260926T093659
159915,创业板ETF易方达,SZSE,2015-09-22,1.965,2.004,1.903,1.939,1.965,2.004,1.903,1.939,1.0,369510800.0,718020352.0,腾讯日K/前复权日K,2026-08-07T20:33:10+08:00,20260926T093659
159915,创业板ETF易方达,SZSE,2015-09-23,1.874,1.958,1.874,1.915,1.874,1.958,1.874,1.915,1.0,217192600.0,416608640.0,腾讯日K/前复权日K,2026-08-07T20:33:10+08:00,20260926T093659
159915,创业板ETF易方达,SZSE,2015-09-24,1.936,1.982,1.91,1.933,1.936,1.982,1.91,1.933,1.0,223686800.0,435546880.0,腾讯日K/前复权日K,2026-08-07T20:33:10+08:00,20260926T093659
159915,创业板ETF易方达,SZSE,2015-09-25,1.924,1.933,1.803,1.845,1.924,1.933,1.803,1.845,1.0,197856600.0,370797936.0,腾讯日K/前复权日K,2026-08-07T20:33:10+08:00,20260926T093659
159915,创业板ETF易方达,SZSE,2015-09-28,1.849,1.983,1.81,1.979,1.849,1.983,1.81,1.979,1.0,216232800.0,414663520.0,腾讯日K/前复权日K,2026-08-07T20:33:10+08:00,20260926T093659
159915,创业板ETF易方达,SZSE,2015-09-29,1.935,1.977,1.911,1.952,1.935,1.977,1.911,1.952,1.0,196369300.0,382385648.0,腾讯日K/前复权日K,2026-08-07T20:33:10+08:00,20260926T093659
159915,创业板ETF易方达,SZSE,2015-09-30,1.963,1.976,1.89,1.935,1.963,1.976,1.89,1.935,1.0,158367700.0,305773296.0,腾讯日K/前复权日K,2026-08-07T20:33:10+08:00,20260926T093659
159915,创业板ETF易方达,SZSE,2015-10-08,2.035,2.095,1.993,2.08,2.035,2.095,1.993,2.08,1.0,229800400.0,471636432.0,腾讯日K/前复权日K,2026-08-07T20:33:10+08:00,20260926T093659
159915,创业板ETF易方达,SZSE,2015-10-09,2.06,2.121,2.056,2.103,2.06,2.121,2.056,2.103,1.0,180350900.0,375011632.0,腾讯日K/前复权日K,2026-08-07T20:33:10+08:00,20260926T093659
159915,创业板ETF易方达,SZSE,2015-10-12,2.113,2.266,2.103,2.22,2.113,2.266,2.103,2.22,1.0,430940400.0,951695040.0,腾讯日K/前复权日K,2026-08-07T20:33:10+08:00,20260926T093659
159915,创业板ETF易方达,SZSE,2015-10-13,2.185,2.242,2.177,2.226,2.185,2.242,2.177,2.226,1.0,194278100.0,429846288.0,腾讯日K/前复权日K,2026-08-07T20:33:10+08:00,20260926T093659
159915,创业板ETF易方达,SZSE,2015-10-14,2.22,2.228,2.17,2.182,2.22,2.228,2.17,2.182,1.0,191401100.0,419964384.0,腾讯日K/前复权日K,2026-08-07T20:33:10+08:00,20260926T093659
159915,创业板ETF易方达,SZSE,2015-10-15,2.173,2.303,2.163,2.298,2.173,2.303,2.163,2.298,1.0,239176700.0,535799792.0,腾讯日K/前复权日K,2026-08-07T20:33:10+08:00,20260926T093659
159915,创业板ETF易方达,SZSE,2015-10-16,2.307,2.34,2.267,2.329,2.307,2.34,2.267,2.329,1.0,300423600.0,691885088.0,腾讯日K/前复权日K,2026-08-07T20:33:10+08:00,20260926T093659
159915,创业板ETF易方达,SZSE,2015-10-19,2.328,2.336,2.259,2.294,2.328,2.336,2.259,2.294,1.0,316637700.0,727786016.0,腾讯日K/前复权日K,2026-08-07T20:33:10+08:00,20260926T093659
159915,创业板ETF易方达,SZSE,2015-10-20,2.28,2.391,2.28,2.391,2.28,2.391,2.28,2.391,1.0,247890100.0,581098560.0,腾讯日K/前复权日K,2026-08-07T20:33:10+08:00,20260926T093659
159915,创业板ETF易方达,SZSE,2015-10-21,2.39,2.401,2.215,2.22,2.39,2.401,2.215,2.22,1.0,424240600.0,974866608.0,腾讯日K/前复权日K,2026-08-07T20:33:10+08:00,20260926T093659
159915,创业板ETF易方达,SZSE,2015-10-22,2.225,2.348,2.225,2.348,2.225,2.348,2.225,2.348,1.0,370030400.0,845319728.0,腾讯日K/前复权日K,2026-08-07T20:33:10+08:00,20260926T093659
159915,创业板ETF易方达,SZSE,2015-10-23,2.353,2.437,2.326,2.427,2.353,2.437,2.326,2.427,1.0,356789200.0,848061568.0,腾讯日K/前复权日K,2026-08-07T20:33:10+08:00,20260926T093659
159915,创业板ETF易方达,SZSE,2015-10-26,2.443,2.445,2.366,2.398,2.443,2.445,2.366,2.398,1.0,283233700.0,678313456.0,腾讯日K/前复权日K,2026-08-07T20:33:10+08:00,20260926T093659
159915,创业板ETF易方达,SZSE,2015-10-27,2.366,2.474,2.296,2.444,2.366,2.474,2.296,2.444,1.0,316052000.0,752781248.0,腾讯日K/前复权日K,2026-08-07T20:33:10+08:00,20260926T093659
159915,创业板ETF易方达,SZSE,2015-10-28,2.409,2.455,2.351,2.36,2.409,2.455,2.351,2.36,1.0,269297700.0,648100272.0,腾讯日K/前复权日K,2026-08-07T20:33:10+08:00,20260926T093659
159915,创业板ETF易方达,SZSE,2015-10-29,2.37,2.409,2.313,2.352,2.37,2.409,2.313,2.352,1.0,272533600.0,641920400.0,腾讯日K/前复权日K,2026-08-07T20:33:10+08:00,20260926T093659
159915,创业板ETF易方达,SZSE,2015-10-30,2.346,2.404,2.308,2.349,2.346,2.404,2.308,2.349,1.0,354397500.0,836692080.0,腾讯日K/前复权日K,2026-08-07T20:33:10+08:00,20260926T093659
159915,创业板ETF易方达,SZSE,2015-11-02,2.273,2.386,2.273,2.311,2.273,2.386,2.273,2.311,1.0,236741700.0,552120080.0,腾讯日K/前复权日K,2026-08-07T20:33:10+08:00,20260926T093659
159915,创业板ETF易方达,SZSE,2015-11-03,2.303,2.33,2.281,2.305,2.303,2.33,2.281,2.305,1.0,202636200.0,467095024.0,腾讯日K/前复权日K,2026-08-07T20:33:10+08:00,20260926T093659
159915,创业板ETF易方达,SZSE,2015-11-04,2.323,2.491,2.323,2.489,2.323,2.491,2.323,2.489,1.0,330447800.0,796017632.0,腾讯日K/前复权日K,2026-08-07T20:33:10+08:00,20260926T093659
159915,创业板ETF易方达,SZSE,2015-11-05,2.485,2.508,2.421,2.443,2.485,2.508,2.421,2.443,1.0,442490200.0,1091233712.0,腾讯日K/前复权日K,2026-08-07T20:33:10+08:00,20260926T093659
159915,创业板ETF易方达,SZSE,2015-11-06,2.444,2.558,2.444,2.548,2.444,2.558,2.444,2.548,1.0,328086600.0,821483104.0,腾讯日K/前复权日K,2026-08-07T20:33:10+08:00,20260926T093659
159915,创业板ETF易方达,SZSE,2015-11-09,2.521,2.617,2.478,2.583,2.521,2.617,2.478,2.583,1.0,314662200.0,802242080.0,腾讯日K/前复权日K,2026-08-07T20:33:10+08:00,20260926T093659
159915,创业板ETF易方达,SZSE,2015-11-10,2.558,2.64,2.558,2.609,2.558,2.64,2.558,2.609,1.0,315936800.0,823001184.0,腾讯日K/前复权日K,2026-08-07T20:33:10+08:00,20260926T093659
159915,创业板ETF易方达,SZSE,2015-11-11,2.603,2.68,2.59,2.68,2.603,2.68,2.59,2.68,1.0,245236300.0,645447104.0,腾讯日K/前复权日K,2026-08-07T20:33:10+08:00,20260926T093659
159915,创业板ETF易方达,SZSE,2015-11-12,2.674,2.688,2.605,2.648,2.674,2.688,2.605,2.648,1.0,265455600.0,703187456.0,腾讯日K/前复权日K,2026-08-07T20:33:10+08:00,20260926T093659
159915,创业板ETF易方达,SZSE,2015-11-13,2.606,2.63,2.548,2.58,2.606,2.63,2.548,2.58,1.0,284547200.0,738721040.0,腾讯日K/前复权日K,2026-08-07T20:33:10+08:00,20260926T093659
159915,创业板ETF易方达,SZSE,2015-11-16,2.523,2.67,2.52,2.67,2.523,2.67,2.52,2.67,1.0,273482400.0,707905024.0,腾讯日K/前复权日K,2026-08-07T20:33:10+08:00,20260926T093659
159915,创业板ETF易方达,SZSE,2015-11-17,2.688,2.699,2.555,2.569,2.688,2.699,2.555,2.569,1.0,340945200.0,897869600.0,腾讯日K/前复权日K,2026-08-07T20:33:10+08:00,20260926T093659
159915,创业板ETF易方达,SZSE,2015-11-18,2.575,2.594,2.511,2.516,2.575,2.594,2.511,2.516,1.0,294260600.0,752396624.0,腾讯日K/前复权日K,2026-08-07T20:33:10+08:00,20260926T093659
159915,创业板ETF易方达,SZSE,2015-11-19,2.526,2.63,2.526,2.624,2.526,2.63,2.526,2.624,1.0,362591900.0,933511632.0,腾讯日K/前复权日K,2026-08-07T20:33:10+08:00,20260926T093659
159915,创业板ETF易方达,SZSE,2015-11-20,2.624,2.666,2.606,2.645,2.624,2.666,2.606,2.645,1.0,321089600.0,846150416.0,腾讯日K/前复权日K,2026-08-07T20:33:10+08:00,20260926T093659
159915,创业板ETF易方达,SZSE,2015-11-23,2.628,2.684,2.601,2.619,2.628,2.684,2.601,2.619,1.0,302255200.0,800807600.0,腾讯日K/前复权日K,2026-08-07T20:33:10+08:00,20260926T093659
159915,创业板ETF易方达,SZSE,2015-11-24,2.61,2.665,2.593,2.663,2.61,2.665,2.593,2.663,1.0,283607300.0,744535600.0,腾讯日K/前复权日K,2026-08-07T20:33:10+08:00,20260926T093659
159915,创业板ETF易方达,SZSE,2015-11-25,2.654,2.755,2.65,2.746,2.654,2.755,2.65,2.746,1.0,334548100.0,905010016.0,腾讯日K/前复权日K,2026-08-07T20:33:10+08:00,20260926T093659
159915,创业板ETF易方达,SZSE,2015-11-26,2.748,2.754,2.672,2.674,2.748,2.754,2.672,2.674,1.0,329000300.0,892239440.0,腾讯日K/前复权日K,2026-08-07T20:33:10+08:00,20260926T093659
159915,创业板ETF易方达,SZSE,2015-11-27,2.655,2.685,2.471,2.496,2.655,2.685,2.471,2.496,1.0,505639600.0,1313359024.0,腾讯日K/前复权日K,2026-08-07T20:33:10+08:00,20260926T093659
159915,创业板ETF易方达,SZSE,2015-11-30,2.505,2.538,2.369,2.52,2.505,2.538,2.369,2.52,1.0,520356300.0,1288285168.0,腾讯日K/前复权日K,2026-08-07T20:33:10+08:00,20260926T093659
159915,创业板ETF易方达,SZSE,2015-12-01,2.51,2.545,2.449,2.507,2.51,2.545,2.449,2.507,1.0,335153800.0,842192624.0,腾讯日K/前复权日K,2026-08-07T20:33:10+08:00,20260926T093659
159915,创业板ETF易方达,SZSE,2015-12-02,2.494,2.511,2.384,2.454,2.494,2.511,2.384,2.454,1.0,319775300.0,782162144.0,腾讯日K/前复权日K,2026-08-07T20:33:10+08:00,20260926T093659
159915,创业板ETF易方达,SZSE,2015-12-03,2.461,2.563,2.46,2.561,2.461,2.563,2.46,2.561,1.0,381240500.0,958459280.0,腾讯日K/前复权日K,2026-08-07T20:33:10+08:00,20260926T093659
159915,创业板ETF易方达,SZSE,2015-12-04,2.54,2.585,2.512,2.53,2.54,2.585,2.512,2.53,1.0,257653600.0,657033808.0,腾讯日K/前复权日K,2026-08-07T20:33:10+08:00,20260926T093659
159915,创业板ETF易方达,SZSE,2015-12-07,2.534,2.591,2.527,2.571,2.534,2.591,2.527,2.571,1.0,255282000.0,654707024.0,腾讯日K/前复权日K,2026-08-07T20:33:10+08:00,20260926T093659
159915,创业板ETF易方达,SZSE,2015-12-08,2.556,2.571,2.516,2.531,2.556,2.571,2.516,2.531,1.0,241519300.0,614242592.0,腾讯日K/前复权日K,2026-08-07T20:33:10+08:00,20260926T093659
159915,创业板ETF易方达,SZSE,2015-12-09,2.515,2.54,2.493,2.51,2.515,2.54,2.493,2.51,1.0,242762100.0,610568368.0,腾讯日K/前复权日K,2026-08-07T20:33:10+08:00,20260926T093659
159915,创业板ETF易方达,SZSE,2015-12-10,2.514,2.566,2.501,2.526,2.514,2.566,2.501,2.526,1.0,272203100.0,689644400.0,腾讯日K/前复权日K,2026-08-07T20:33:10+08:00,20260926T093659
159915,创业板ETF易方达,SZSE,2015-12-11,2.519,2.541,2.502,2.51,2.519,2.541,2.502,2.51,1.0,197036600.0,497067968.0,腾讯日K/前复权日K,2026-08-07T20:33:10+08:00,20260926T093659
159915,创业板ETF易方达,SZSE,2015-12-14,2.489,2.555,2.463,2.555,2.489,2.555,2.463,2.555,1.0,250407500.0,627214848.0,腾讯日K/前复权日K,2026-08-07T20:33:10+08:00,20260926T093659
159915,创业板ETF易方达,SZSE,2015-12-15,2.551,2.598,2.547,2.577,2.551,2.598,2.547,2.577,1.0,263600700.0,680583760.0,腾讯日K/前复权日K,2026-08-07T20:33:10+08:00,20260926T093659
159915,创业板ETF易方达,SZSE,2015-12-16,2.588,2.625,2.576,2.593,2.588,2.625,2.576,2.593,1.0,253719800.0,658898336.0,腾讯日K/前复权日K,2026-08-07T20:33:10+08:00,20260926T093659
159915,创业板ETF易方达,SZSE,2015-12-17,2.611,2.674,2.611,2.674,2.611,2.674,2.611,2.674,1.0,270735800.0,717264512.0,腾讯日K/前复权日K,2026-08-07T20:33:10+08:00,20260926T093659
159915,创业板ETF易方达,SZSE,2015-12-18,2.67,2.675,2.63,2.668,2.67,2.675,2.63,2.668,1.0,211762000.0,561941920.0,腾讯日K/前复权日K,2026-08-07T20:33:10+08:00,20260926T093659
159915,创业板ETF易方达,SZSE,2015-12-21,2.654,2.669,2.631,2.663,2.654,2.669,2.631,2.663,1.0,229700100.0,608613296.0,腾讯日K/前复权日K,2026-08-07T20:33:10+08:00,20260926T093659
159915,创业板ETF易方达,SZSE,2015-12-22,2.675,2.679,2.637,2.656,2.675,2.679,2.637,2.656,1.0,179878900.0,478118800.0,腾讯日K/前复权日K,2026-08-07T20:33:10+08:00,20260926T093659
159915,创业板ETF易方达,SZSE,2015-12-23,2.658,2.666,2.599,2.6,2.658,2.666,2.599,2.6,1.0,242433400.0,639541136.0,腾讯日K/前复权日K,2026-08-07T20:33:10+08:00,20260926T093659
159915,创业板ETF易方达,SZSE,2015-12-24,2.597,2.633,2.565,2.624,2.597,2.633,2.565,2.624,1.0,249435800.0,648869536.0,腾讯日K/前复权日K,2026-08-07T20:33:10+08:00,20260926T093659
159915,创业板ETF易方达,SZSE,2015-12-25,2.623,2.644,2.598,2.62,2.623,2.644,2.598,2.62,1.0,223670400.0,586505712.0,腾讯日K/前复权日K,2026-08-07T20:33:10+08:00,20260926T093659
159915,创业板ETF易方达,SZSE,2015-12-28,2.623,2.643,2.551,2.551,2.623,2.643,2.551,2.551,1.0,186599600.0,487254720.0,腾讯日K/前复权日K,2026-08-07T20:33:10+08:00,20260926T093659
159915,创业板ETF易方达,SZSE,2015-12-29,2.547,2.584,2.539,2.58,2.547,2.584,2.539,2.58,1.0,186528400.0,476760928.0,腾讯日K/前复权日K,2026-08-07T20:33:10+08:00,20260926T093659
159915,创业板ETF易方达,SZSE,2015-12-30,2.581,2.608,2.56,2.605,2.581,2.608,2.56,2.605,1.0,163122300.0,422473632.0,腾讯日K/前复权日K,2026-08-07T20:33:10+08:00,20260926T093659
159915,创业板ETF易方达,SZSE,2015-12-31,2.606,2.612,2.539,2.539,2.606,2.612,2.539,2.539,1.0,134376800.0,345623216.0,腾讯日K/前复权日K,2026-08-07T20:33:10+08:00,20260926T093659
159915,创业板ETF易方达,SZSE,2016-01-04,2.531,2.538,2.301,2.316,2.531,2.538,2.301,2.316,1.0,187580000.0,458707936.0,腾讯日K/前复权日K,2026-08-07T20:33:10+08:00,20260926T093659
159915,创业板ETF易方达,SZSE,2016-01-05,2.24,2.336,2.2,2.275,2.24,2.336,2.2,2.275,1.0,386728900.0,881388240.0,腾讯日K/前复权日K,2026-08-07T20:33:10+08:00,20260926T093659
159915,创业板ETF易方达,SZSE,2016-01-06,2.291,2.33,2.25,2.321,2.291,2.33,2.25,2.321,1.0,341799100.0,784013360.0,腾讯日K/前复权日K,2026-08-07T20:33:10+08:00,20260926T093659
159915,创业板ETF易方达,SZSE,2016-01-07,2.272,2.28,2.09,2.096,2.272,2.28,2.09,2.096,1.0,120379700.0,263871424.0,腾讯日K/前复权日K,2026-08-07T20:33:10+08:00,20260926T093659
159915,创业板ETF易方达,SZSE,2016-01-08,2.17,2.19,2.03,2.125,2.17,2.19,2.03,2.125,1.0,417490100.0,889115168.0,腾讯日K/前复权日K,2026-08-07T20:33:10+08:00,20260926T093659
159915,创业板ETF易方达,SZSE,2016-01-11,2.067,2.109,1.99,1.999,2.067,2.109,1.99,1.999,1.0,464373100.0,957623520.0,腾讯日K/前复权日K,2026-08-07T20:33:10+08:00,20260926T093659
159915,创业板ETF易方达,SZSE,2016-01-12,2.011,2.067,1.979,2.036,2.011,2.067,1.979,2.036,1.0,260903500.0,527014912.0,腾讯日K/前复权日K,2026-08-07T20:33:10+08:00,20260926T093659
159915,创业板ETF易方达,SZSE,2016-01-13,2.048,2.057,1.936,1.964,2.048,2.057,1.936,1.964,1.0,205516600.0,413820688.0,腾讯日K/前复权日K,2026-08-07T20:33:10+08:00,20260926T093659
159915,创业板ETF易方达,SZSE,2016-01-14,1.904,2.079,1.885,2.072,1.904,2.079,1.885,2.072,1.0,221844700.0,442157888.0,腾讯日K/前复权日K,2026-08-07T20:33:10+08:00,20260926T093659
159915,创业板ETF易方达,SZSE,2016-01-15,2.041,2.07,1.98,1.997,2.041,2.07,1.98,1.997,1.0,257490300.0,523203696.0,腾讯日K/前复权日K,2026-08-07T20:33:10+08:00,20260926T093659
159915,创业板ETF易方达,SZSE,2016-01-18,1.966,2.097,1.964,2.07,1.966,2.097,1.964,2.07,1.0,291285700.0,597664912.0,腾讯日K/前复权日K,2026-08-07T20:33:10+08:00,20260926T093659
159915,创业板ETF易方达,SZSE,2016-01-19,2.05,2.129,2.03,2.126,2.05,2.129,2.03,2.126,1.0,352749400.0,734826064.0,腾讯日K/前复权日K,2026-08-07T20:33:10+08:00,20260926T093659
159915,创业板ETF易方达,SZSE,2016-01-20,2.102,2.129,2.069,2.085,2.102,2.129,2.069,2.085,1.0,313166100.0,658043680.0,腾讯日K/前复权日K,2026-08-07T20:33:10+08:00,20260926T093659
159915,创业板ETF易方达,SZSE,2016-01-21,2.059,2.126,2.006,2.006,2.059,2.126,2.006,2.006,1.0,287312500.0,596459696.0,腾讯日K/前复权日K,2026-08-07T20:33:10+08:00,20260926T093659
159915,创业板ETF易方达,SZSE,2016-01-22,2.027,2.047,1.971,2.042,2.027,2.047,1.971,2.042,1.0,314738800.0,635377344.0,腾讯日K/前复权日K,2026-08-07T20:33:10+08:00,20260926T093659
159915,创业板ETF易方达,SZSE,2016-01-25,2.055,2.07,2.02,2.04,2.055,2.07,2.02,2.04,1.0,179524900.0,367814960.0,腾讯日K/前复权日K,2026-08-07T20:33:10+08:00,20260926T093659
159915,创业板ETF易方达,SZSE,2016-01-26,2.01,2.024,1.845,1.888,2.01,2.024,1.845,1.888,1.0,404445800.0,793655104.0,腾讯日K/前复权日K,2026-08-07T20:33:10+08:00,20260926T093659
159915,创业板ETF易方达,SZSE,2016-01-27,1.899,1.907,1.794,1.887,1.899,1.907,1.794,1.887,1.0,430385800.0,797046016.0,腾讯日K/前复权日K,2026-08-07T20:33:10+08:00,20260926T093659
159915,创业板ETF易方达,SZSE,2016-01-28,1.869,1.883,1.799,1.808,1.869,1.883,1.799,1.808,1.0,262948600.0,487221664.0,腾讯日K/前复权日K,2026-08-07T20:33:10+08:00,20260926T093659
159915,创业板ETF易方达,SZSE,2016-01-29,1.807,1.905,1.801,1.879,1.807,1.905,1.801,1.879,1.0,291176500.0,543031440.0,腾讯日K/前复权日K,2026-08-07T20:33:10+08:00,20260926T093659
159915,创业板ETF易方达,SZSE,2016-02-01,1.875,1.902,1.85,1.895,1.875,1.902,1.85,1.895,1.0,248121100.0,467479744.0,腾讯日K/前复权日K,2026-08-07T20:33:10+08:00,20260926T093659
159915,创业板ETF易方达,SZSE,2016-02-02,1.897,1.986,1.894,1.972,1.897,1.986,1.894,1.972,1.0,304571200.0,595494848.0,腾讯日K/前复权日K,2026-08-07T20:33:10+08:00,20260926T093659
159915,创业板ETF易方达,SZSE,2016-02-03,1.949,2.005,1.924,1.988,1.949,2.005,1.924,1.988,1.0,288567300.0,565543216.0,腾讯日K/前复权日K,2026-08-07T20:33:10+08:00,20260926T093659
159915,创业板ETF易方达,SZSE,2016-02-04,1.997,2.036,1.991,2.024,1.997,2.036,1.991,2.024,1.0,566915100.0,1145774864.0,腾讯日K/前复权日K,2026-08-07T20:33:10+08:00,20260926T093659
159915,创业板ETF易方达,SZSE,2016-02-05,2.029,2.037,1.997,1.999,2.029,2.037,1.997,1.999,1.0,461543100.0,928874576.0,腾讯日K/前复权日K,2026-08-07T20:33:10+08:00,20260926T093659
159915,创业板ETF易方达,SZSE,2016-02-15,1.933,2.027,1.921,2.017,1.933,2.027,1.921,2.017,1.0,416772500.0,826385376.0,腾讯日K/前复权日K,2026-08-07T20:33:10+08:00,20260926T093659
159915,创业板ETF易方达,SZSE,2016-02-16,2.022,2.106,2.022,2.099,2.022,2.106,2.022,2.099,1.0,425079500.0,883624480.0,腾讯日K/前复权日K,2026-08-07T20:33:10+08:00,20260926T093659
159915,创业板ETF易方达,SZSE,2016-02-17,2.099,2.116,2.07,2.109,2.099,2.116,2.07,2.109,1.0,434546300.0,911283712.0,腾讯日K/前复权日K,2026-08-07T20:33:10+08:00,20260926T093659
159915,创业板ETF易方达,SZSE,2016-02-18,2.126,2.135,2.085,2.09,2.126,2.135,2.085,2.09,1.0,421481200.0,888019952.0,腾讯日K/前复权日K,2026-08-07T20:33:10+08:00,20260926T093659
159915,创业板ETF易方达,SZSE,2016-02-19,2.081,2.123,2.079,2.106,2.081,2.123,2.079,2.106,1.0,569471800.0,1194712144.0,腾讯日K/前复权日K,2026-08-07T20:33:10+08:00,20260926T093659
159915,创业板ETF易方达,SZSE,2016-02-22,2.134,2.142,2.108,2.142,2.134,2.142,2.108,2.142,1.0,431431300.0,916841824.0,腾讯日K/前复权日K,2026-08-07T20:33:10+08:00,20260926T093659
159915,创业板ETF易方达,SZSE,2016-02-23,2.14,2.145,2.088,2.117,2.14,2.145,2.088,2.117,1.0,399319100.0,845011616.0,腾讯日K/前复权日K,2026-08-07T20:33:10+08:00,20260926T093659
159915,创业板ETF易方达,SZSE,2016-02-24,2.102,2.124,2.049,2.097,2.102,2.124,2.049,2.097,1.0,407063200.0,848784816.0,腾讯日K/前复权日K,2026-08-07T20:33:10+08:00,20260926T093659
159915,创业板ETF易方达,SZSE,2016-02-25,2.094,2.095,1.888,1.896,2.094,2.095,1.888,1.896,1.0,833419900.0,1668984464.0,腾讯日K/前复权日K,2026-08-07T20:33:10+08:00,20260926T093659
159915,创业板ETF易方达,SZSE,2016-02-26,1.93,1.947,1.872,1.902,1.93,1.947,1.872,1.902,1.0,594337800.0,1141784128.0,腾讯日K/前复权日K,2026-08-07T20:33:10+08:00,20260926T093659
159915,创业板ETF易方达,SZSE,2016-02-29,1.886,1.897,1.755,1.77,1.886,1.897,1.755,1.77,1.0,458813700.0,826103376.0,腾讯日K/前复权日K,2026-08-07T20:33:10+08:00,20260926T093659
159915,创业板ETF易方达,SZSE,2016-03-01,1.776,1.844,1.736,1.824,1.776,1.844,1.736,1.824,1.0,471912400.0,848028480.0,腾讯日K/前复权日K,2026-08-07T20:33:10+08:00,20260926T093659
159915,创业板ETF易方达,SZSE,2016-03-02,1.823,1.918,1.813,1.912,1.823,1.918,1.813,1.912,1.0,572737800.0,1067228432.0,腾讯日K/前复权日K,2026-08-07T20:33:10+08:00,20260926T093659
159915,创业板ETF易方达,SZSE,2016-03-03,1.907,1.959,1.901,1.902,1.907,1.959,1.901,1.902,1.0,607392000.0,1171559184.0,腾讯日K/前复权日K,2026-08-07T20:33:10+08:00,20260926T093659
159915,创业板ETF易方达,SZSE,2016-03-04,1.89,1.9,1.795,1.81,1.89,1.9,1.795,1.81,1.0,632874700.0,1170632672.0,腾讯日K/前复权日K,2026-08-07T20:33:10+08:00,20260926T093659
159915,创业板ETF易方达,SZSE,2016-03-07,1.84,1.893,1.832,1.853,1.84,1.893,1.832,1.853,1.0,620523700.0,1152929792.0,腾讯日K/前复权日K,2026-08-07T20:33:10+08:00,20260926T093659
159915,创业板ETF易方达,SZSE,2016-03-08,1.847,1.895,1.761,1.888,1.847,1.895,1.761,1.888,1.0,758368400.0,1386604336.0,腾讯日K/前复权日K,2026-08-07T20:33:10+08:00,20260926T093659
159915,创业板ETF易方达,SZSE,2016-03-09,1.852,1.911,1.832,1.848,1.852,1.911,1.832,1.848,1.0,579879500.0,1089503232.0,腾讯日K/前复权日K,2026-08-07T20:33:10+08:00,20260926T093659
159915,创业板ETF易方达,SZSE,2016-03-10,1.865,1.889,1.833,1.835,1.865,1.889,1.833,1.835,1.0,502145700.0,936159008.0,腾讯日K/前复权日K,2026-08-07T20:33:10+08:00,20260926T093659
159915,创业板ETF易方达,SZSE,2016-03-11,1.8,1.846,1.8,1.834,1.8,1.846,1.8,1.834,1.0,402236800.0,734025664.0,腾讯日K/前复权日K,2026-08-07T20:33:10+08:00,20260926T093659
159915,创业板ETF易方达,SZSE,2016-03-14,1.86,1.948,1.858,1.925,1.86,1.948,1.858,1.925,1.0,653986000.0,1249886224.0,腾讯日K/前复权日K,2026-08-07T20:33:10+08:00,20260926T093659
159915,创业板ETF易方达,SZSE,2016-03-15,1.917,1.932,1.889,1.891,1.917,1.932,1.889,1.891,1.0,513304500.0,981970336.0,腾讯日K/前复权日K,2026-08-07T20:33:10+08:00,20260926T093659
159915,创业板ETF易方达,SZSE,2016-03-16,1.927,1.934,1.863,1.878,1.927,1.934,1.863,1.878,1.0,575916200.0,1089553760.0,腾讯日K/前复权日K,2026-08-07T20:33:10+08:00,20260926T093659
159915,创业板ETF易方达,SZSE,2016-03-17,1.88,1.991,1.879,1.991,1.88,1.991,1.879,1.991,1.0,1120405800.0,2183952496.0,腾讯日K/前复权日K,2026-08-07T20:33:10+08:00,20260926T093659
159915,创业板ETF易方达,SZSE,2016-03-18,2.015,2.095,1.992,2.076,2.015,2.095,1.992,2.076,1.0,1022792000.0,2088947632.0,腾讯日K/前复权日K,2026-08-07T20:33:10+08:00,20260926T093659
159915,创业板ETF易方达,SZSE,2016-03-21,2.1,2.12,2.08,2.116,2.1,2.12,2.08,2.116,1.0,643854300.0,1353279952.0,腾讯日K/前复权日K,2026-08-07T20:33:10+08:00,20260926T093659
159915,创业板ETF易方达,SZSE,2016-03-22,2.09,2.135,2.082,2.099,2.09,2.135,2.082,2.099,1.0,673078300.0,1421503216.0,腾讯日K/前复权日K,2026-08-07T20:33:10+08:00,20260926T093659
159915,创业板ETF易方达,SZSE,2016-03-23,2.1,2.152,2.091,2.148,2.1,2.152,2.091,2.148,1.0,724549500.0,1533622768.0,腾讯日K/前复权日K,2026-08-07T20:33:10+08:00,20260926T093659
159915,创业板ETF易方达,SZSE,2016-03-24,2.122,2.16,2.093,2.1,2.122,2.16,2.093,2.1,1.0,728205700.0,1552131280.0,腾讯日K/前复权日K,2026-08-07T20:33:10+08:00,20260926T093659
159915,创业板ETF易方达,SZSE,2016-03-25,2.092,2.117,2.067,2.099,2.092,2.117,2.067,2.099,1.0,618115500.0,1296099776.0,腾讯日K/前复权日K,2026-08-07T20:33:10+08:00,20260926T093659
159915,创业板ETF易方达,SZSE,2016-03-28,2.117,2.143,2.071,2.073,2.117,2.143,2.071,2.073,1.0,550709500.0,1164365456.0,腾讯日K/前复权日K,2026-08-07T20:33:10+08:00,20260926T093659
159915,创业板ETF易方达,SZSE,2016-03-29,2.072,2.081,2.01,2.039,2.072,2.081,2.01,2.039,1.0,543819100.0,1110802592.0,腾讯日K/前复权日K,2026-08-07T20:33:10+08:00,20260926T093659
159915,创业板ETF易方达,SZSE,2016-03-30,2.058,2.135,2.05,2.134,2.058,2.135,2.05,2.134,1.0,562706400.0,1175813680.0,腾讯日K/前复权日K,2026-08-07T20:33:10+08:00,20260926T093659
159915,创业板ETF易方达,SZSE,2016-03-31,2.14,2.158,2.118,2.119,2.14,2.158,2.118,2.119,1.0,515302100.0,1101951152.0,腾讯日K/前复权日K,2026-08-07T20:33:10+08:00,20260926T093659
159915,创业板ETF易方达,SZSE,2016-04-01,2.109,2.116,2.06,2.097,2.109,2.116,2.06,2.097,1.0,573062400.0,1195158272.0,腾讯日K/前复权日K,2026-08-07T20:33:10+08:00,20260926T093659
159915,创业板ETF易方达,SZSE,2016-04-05,2.093,2.175,2.092,2.168,2.093,2.175,2.092,2.168,1.0,679025900.0,1456233120.0,腾讯日K/前复权日K,2026-08-07T20:33:10+08:00,20260926T093659
159915,创业板ETF易方达,SZSE,2016-04-06,2.168,2.193,2.16,2.181,2.168,2.193,2.16,2.181,1.0,604214700.0,1315558336.0,腾讯日K/前复权日K,2026-08-07T20:33:10+08:00,20260926T093659
159915,创业板ETF易方达,SZSE,2016-04-07,2.199,2.205,2.139,2.145,2.199,2.205,2.139,2.145,1.0,466840300.0,1012566336.0,腾讯日K/前复权日K,2026-08-07T20:33:10+08:00,20260926T093659
159915,创业板ETF易方达,SZSE,2016-04-08,2.121,2.131,2.084,2.125,2.121,2.131,2.084,2.125,1.0,475933400.0,1005494112.0,腾讯日K/前复权日K,2026-08-07T20:33:10+08:00,20260926T093659
159915,创业板ETF易方达,SZSE,2016-04-11,2.148,2.193,2.145,2.17,2.148,2.193,2.145,2.17,1.0,479740500.0,1043016416.0,腾讯日K/前复权日K,2026-08-07T20:33:10+08:00,20260926T093659
159915,创业板ETF易方达,SZSE,2016-04-12,2.17,2.179,2.129,2.162,2.17,2.179,2.129,2.162,1.0,484606000.0,1042173808.0,腾讯日K/前复权日K,2026-08-07T20:33:10+08:00,20260926T093659
159915,创业板ETF易方达,SZSE,2016-04-13,2.17,2.221,2.17,2.177,2.17,2.221,2.17,2.177,1.0,586152800.0,1288245456.0,腾讯日K/前复权日K,2026-08-07T20:33:10+08:00,20260926T093659
159915,创业板ETF易方达,SZSE,2016-04-14,2.197,2.217,2.181,2.212,2.197,2.217,2.181,2.212,1.0,558526800.0,1229298768.0,腾讯日K/前复权日K,2026-08-07T20:33:10+08:00,20260926T093659
159915,创业板ETF易方达,SZSE,2016-04-15,2.214,2.217,2.189,2.195,2.214,2.217,2.189,2.195,1.0,339535200.0,746789920.0,腾讯日K/前复权日K,2026-08-07T20:33:10+08:00,20260926T093659
159915,创业板ETF易方达,SZSE,2016-04-18,2.176,2.178,2.139,2.16,2.176,2.178,2.139,2.16,1.0,474352700.0,1022342880.0,腾讯日K/前复权日K,2026-08-07T20:33:10+08:00,20260926T093659
159915,创业板ETF易方达,SZSE,2016-04-19,2.17,2.178,2.142,2.161,2.17,2.178,2.142,2.161,1.0,471287200.0,1016926752.0,腾讯日K/前复权日K,2026-08-07T20:33:10+08:00,20260926T093659
159915,创业板ETF易方达,SZSE,2016-04-20,2.168,2.173,2.012,2.03,2.168,2.173,2.012,2.03,1.0,769553400.0,1594296704.0,腾讯日K/前复权日K,2026-08-07T20:33:10+08:00,20260926T093659
159915,创业板ETF易方达,SZSE,2016-04-21,2.03,2.053,1.998,2.003,2.03,2.053,1.998,2.003,1.0,463000500.0,941793584.0,腾讯日K/前复权日K,2026-08-07T20:33:10+08:00,20260926T093659
159915,创业板ETF易方达,SZSE,2016-04-22,1.989,2.038,1.983,2.038,1.989,2.038,1.983,2.038,1.0,364460200.0,735275936.0,腾讯日K/前复权日K,2026-08-07T20:33:10+08:00,20260926T093659
159915,创业板ETF易方达,SZSE,2016-04-25,2.027,2.027,1.98,2.023,2.027,2.027,1.98,2.023,1.0,298027000.0,596684352.0,腾讯日K/前复权日K,2026-08-07T20:33:10+08:00,20260926T093659
159915,创业板ETF易方达,SZSE,2016-04-26,2.016,2.055,2.013,2.054,2.016,2.055,2.013,2.054,1.0,317010500.0,644632448.0,腾讯日K/前复权日K,2026-08-07T20:33:10+08:00,20260926T093659
159915,创业板ETF易方达,SZSE,2016-04-27,2.058,2.068,2.036,2.041,2.058,2.068,2.036,2.041,1.0,319701100.0,656115792.0,腾讯日K/前复权日K,2026-08-07T20:33:10+08:00,20260926T093659
159915,创业板ETF易方达,SZSE,2016-04-28,2.041,2.054,2.004,2.048,2.041,2.054,2.004,2.048,1.0,304585800.0,618893584.0,腾讯日K/前复权日K,2026-08-07T20:33:10+08:00,20260926T093659
159915,创业板ETF易方达,SZSE,2016-04-29,2.036,2.057,2.03,2.033,2.036,2.057,2.03,2.033,1.0,246514700.0,503695248.0,腾讯日K/前复权日K,2026-08-07T20:33:10+08:00,20260926T093659
159915,创业板ETF易方达,SZSE,2016-05-03,2.036,2.112,2.018,2.112,2.036,2.112,2.018,2.112,1.0,574673700.0,1199018192.0,腾讯日K/前复权日K,2026-08-07T20:33:10+08:00,20260926T093659
159915,创业板ETF易方达,SZSE,2016-05-04,2.105,2.124,2.096,2.102,2.105,2.124,2.096,2.102,1.0,406783100.0,859148208.0,腾讯日K/前复权日K,2026-08-07T20:33:10+08:00,20260926T093659
159915,创业板ETF易方达,SZSE,2016-05-05,2.098,2.119,2.091,2.116,2.098,2.119,2.091,2.116,1.0,396182700.0,834676080.0,腾讯日K/前复权日K,2026-08-07T20:33:10+08:00,20260926T093659
159915,创业板ETF易方达,SZSE,2016-05-06,2.119,2.127,2.018,2.018,2.119,2.127,2.018,2.018,1.0,631179000.0,1306158400.0,腾讯日K/前复权日K,2026-08-07T20:33:10+08:00,20260926T093659
159915,创业板ETF易方达,SZSE,2016-05-09,2.002,2.002,1.948,1.955,2.002,2.002,1.948,1.955,1.0,444574100.0,874502368.0,腾讯日K/前复权日K,2026-08-07T20:33:10+08:00,20260926T093659
159915,创业板ETF易方达,SZSE,2016-05-10,1.95,1.966,1.941,1.95,1.95,1.966,1.941,1.95,1.0,333978300.0,653029728.0,腾讯日K/前复权日K,2026-08-07T20:33:10+08:00,20260926T093659
159915,创业板ETF易方达,SZSE,2016-05-11,1.963,1.97,1.93,1.93,1.963,1.97,1.93,1.93,1.0,364915800.0,712182944.0,腾讯日K/前复权日K,2026-08-07T20:33:10+08:00,20260926T093659
159915,创业板ETF易方达,SZSE,2016-05-12,1.909,1.936,1.879,1.932,1.909,1.936,1.879,1.932,1.0,322081400.0,615260768.0,腾讯日K/前复权日K,2026-08-07T20:33:10+08:00,20260926T093659
159915,创业板ETF易方达,SZSE,2016-05-13,1.925,1.954,1.91,1.92,1.925,1.954,1.91,1.92,1.0,292520000.0,566175504.0,腾讯日K/前复权日K,2026-08-07T20:33:10+08:00,20260926T093659
159915,创业板ETF易方达,SZSE,2016-05-16,1.914,1.955,1.907,1.953,1.914,1.955,1.907,1.953,1.0,314301400.0,607941456.0,腾讯日K/前复权日K,2026-08-07T20:33:10+08:00,20260926T093659
159915,创业板ETF易方达,SZSE,2016-05-17,1.954,2.002,1.932,1.977,1.954,2.002,1.932,1.977,1.0,456761700.0,898711680.0,腾讯日K/前复权日K,2026-08-07T20:33:10+08:00,20260926T093659
159915,创业板ETF易方达,SZSE,2016-05-18,1.962,1.963,1.902,1.921,1.962,1.963,1.902,1.921,1.0,325050700.0,628278848.0,腾讯日K/前复权日K,2026-08-07T20:33:10+08:00,20260926T093659
159915,创业板ETF易方达,SZSE,2016-05-19,1.921,1.972,1.92,1.938,1.921,1.972,1.92,1.938,1.0,309264700.0,603954768.0,腾讯日K/前复权日K,2026-08-07T20:33:10+08:00,20260926T093659
159915,创业板ETF易方达,SZSE,2016-05-20,1.929,1.965,1.911,1.961,1.929,1.965,1.911,1.961,1.0,371879700.0,722932512.0,腾讯日K/前复权日K,2026-08-07T20:33:10+08:00,20260926T093659
159915,创业板ETF易方达,SZSE,2016-05-23,1.967,2.004,1.967,1.992,1.967,2.004,1.967,1.992,1.0,358026500.0,712501520.0,腾讯日K/前复权日K,2026-08-07T20:33:10+08:00,20260926T093659
159915,创业板ETF易方达,SZSE,2016-05-24,1.988,2.0,1.96,1.975,1.988,2.0,1.96,1.975,1.0,334792700.0,661083808.0,腾讯日K/前复权日K,2026-08-07T20:33:10+08:00,20260926T093659
159915,创业板ETF易方达,SZSE,2016-05-25,1.998,2.01,1.961,1.965,1.998,2.01,1.961,1.965,1.0,298224200.0,592385072.0,腾讯日K/前复权日K,2026-08-07T20:33:10+08:00,20260926T093659
159915,创业板ETF易方达,SZSE,2016-05-26,1.959,1.986,1.92,1.985,1.959,1.986,1.92,1.985,1.0,462103300.0,901795120.0,腾讯日K/前复权日K,2026-08-07T20:33:10+08:00,20260926T093659
159915,创业板ETF易方达,SZSE,2016-05-27,1.975,1.989,1.963,1.968,1.975,1.989,1.963,1.968,1.0,319370500.0,631617616.0,腾讯日K/前复权日K,2026-08-07T20:33:10+08:00,20260926T093659
159915,创业板ETF易方达,SZSE,2016-05-30,1.964,1.983,1.934,1.959,1.964,1.983,1.934,1.959,1.0,248189600.0,487072336.0,腾讯日K/前复权日K,2026-08-07T20:33:10+08:00,20260926T093659
159915,创业板ETF易方达,SZSE,2016-05-31,1.956,2.07,1.956,2.069,1.956,2.07,1.956,2.069,1.0,527262600.0,1069024304.0,腾讯日K/前复权日K,2026-08-07T20:33:10+08:00,20260926T093659
159915,创业板ETF易方达,SZSE,2016-06-01,2.067,2.086,2.056,2.067,2.067,2.086,2.056,2.067,1.0,422559300.0,875741168.0,腾讯日K/前复权日K,2026-08-07T20:33:10+08:00,20260926T093659
159915,创业板ETF易方达,SZSE,2016-06-02,2.065,2.09,2.06,2.088,2.065,2.09,2.06,2.088,1.0,305693500.0,633775328.0,腾讯日K/前复权日K,2026-08-07T20:33:10+08:00,20260926T093659
159915,创业板ETF易方达,SZSE,2016-06-03,2.08,2.136,2.077,2.109,2.08,2.136,2.077,2.109,1.0,525102000.0,1107640864.0,腾讯日K/前复权日K,2026-08-07T20:33:10+08:00,20260926T093659
159915,创业板ETF易方达,SZSE,2016-06-06,2.109,2.119,2.087,2.102,2.109,2.119,2.087,2.102,1.0,306337700.0,643204192.0,腾讯日K/前复权日K,2026-08-07T20:33:10+08:00,20260926T093659
159915,创业板ETF易方达,SZSE,2016-06-07,2.1,2.109,2.084,2.098,2.1,2.109,2.084,2.098,1.0,273196400.0,572219696.0,腾讯日K/前复权日K,2026-08-07T20:33:10+08:00,20260926T093659
159915,创业板ETF易方达,SZSE,2016-06-08,2.091,2.106,2.072,2.092,2.091,2.106,2.072,2.092,1.0,313899600.0,655211552.0,腾讯日K/前复权日K,2026-08-07T20:33:10+08:00,20260926T093659
159915,创业板ETF易方达,SZSE,2016-06-13,2.065,2.072,1.967,1.967,2.065,2.072,1.967,1.967,1.0,437677700.0,888455600.0,腾讯日K/前复权日K,2026-08-07T20:33:10+08:00,20260926T093659
159915,创业板ETF易方达,SZSE,2016-06-14,1.958,1.98,1.947,1.967,1.958,1.98,1.947,1.967,1.0,392535300.0,770387856.0,腾讯日K/前复权日K,2026-08-07T20:33:10+08:00,20260926T093659
159915,创业板ETF易方达,SZSE,2016-06-15,1.951,2.057,1.95,2.04,1.951,2.057,1.95,2.04,1.0,517433000.0,1044164912.0,腾讯日K/前复权日K,2026-08-07T20:33:10+08:00,20260926T093659
159915,创业板ETF易方达,SZSE,2016-06-16,2.034,2.047,2.005,2.009,2.034,2.047,2.005,2.009,1.0,344765100.0,700002672.0,腾讯日K/前复权日K,2026-08-07T20:33:10+08:00,20260926T093659
159915,创业板ETF易方达,SZSE,2016-06-17,2.02,2.065,2.015,2.034,2.02,2.065,2.015,2.034,1.0,431703700.0,882089808.0,腾讯日K/前复权日K,2026-08-07T20:33:10+08:00,20260926T093659
159915,创业板ETF易方达,SZSE,2016-06-20,2.033,2.042,1.997,2.03,2.033,2.042,1.997,2.03,1.0,329248700.0,664499888.0,腾讯日K/前复权日K,2026-08-07T20:33:10+08:00,20260926T093659
159915,创业板ETF易方达,SZSE,2016-06-21,2.045,2.065,1.999,2.007,2.045,2.065,1.999,2.007,1.0,381856500.0,776822096.0,腾讯日K/前复权日K,2026-08-07T20:33:10+08:00,20260926T093659
159915,创业板ETF易方达,SZSE,2016-06-22,1.998,2.06,1.998,2.055,1.998,2.06,1.998,2.055,1.0,426631700.0,865497392.0,腾讯日K/前复权日K,2026-08-07T20:33:10+08:00,20260926T093659
159915,创业板ETF易方达,SZSE,2016-06-23,2.055,2.066,2.032,2.051,2.055,2.066,2.032,2.051,1.0,385356200.0,791066576.0,腾讯日K/前复权日K,2026-08-07T20:33:10+08:00,20260926T093659
159915,创业板ETF易方达,SZSE,2016-06-24,2.047,2.07,1.979,2.043,2.047,2.07,1.979,2.043,1.0,649808200.0,1324673440.0,腾讯日K/前复权日K,2026-08-07T20:33:10+08:00,20260926T093659
159915,创业板ETF易方达,SZSE,2016-06-27,2.03,2.109,2.025,2.109,2.03,2.109,2.025,2.109,1.0,549211100.0,1140163136.0,腾讯日K/前复权日K,2026-08-07T20:33:10+08:00,20260926T093659
159915,创业板ETF易方达,SZSE,2016-06-28,2.095,2.132,2.085,2.128,2.095,2.132,2.085,2.128,1.0,517155700.0,1090948864.0,腾讯日K/前复权日K,2026-08-07T20:33:10+08:00,20260926T093659
159915,创业板ETF易方达,SZSE,2016-06-29,2.137,2.149,2.115,2.121,2.137,2.149,2.115,2.121,1.0,337275600.0,717396448.0,腾讯日K/前复权日K,2026-08-07T20:33:10+08:00,20260926T093659
159915,创业板ETF易方达,SZSE,2016-06-30,2.122,2.142,2.116,2.132,2.122,2.142,2.116,2.132,1.0,303606100.0,646909072.0,腾讯日K/前复权日K,2026-08-07T20:33:10+08:00,20260926T093659
159915,创业板ETF易方达,SZSE,2016-07-01,2.137,2.148,2.112,2.116,2.137,2.148,2.112,2.116,1.0,333412400.0,709968352.0,腾讯日K/前复权日K,2026-08-07T20:33:10+08:00,20260926T093659
159915,创业板ETF易方达,SZSE,2016-07-04,2.103,2.161,2.101,2.153,2.103,2.161,2.101,2.153,1.0,397136000.0,850193600.0,腾讯日K/前复权日K,2026-08-07T20:33:10+08:00,20260926T093659
159915,创业板ETF易方达,SZSE,2016-07-05,2.155,2.164,2.134,2.148,2.155,2.164,2.134,2.148,1.0,325129500.0,699381008.0,腾讯日K/前复权日K,2026-08-07T20:33:10+08:00,20260926T093659
159915,创业板ETF易方达,SZSE,2016-07-06,2.145,2.152,2.135,2.148,2.145,2.152,2.135,2.148,1.0,191919900.0,411401376.0,腾讯日K/前复权日K,2026-08-07T20:33:10+08:00,20260926T093659
159915,创业板ETF易方达,SZSE,2016-07-07,2.145,2.152,2.116,2.141,2.145,2.152,2.116,2.141,1.0,217519100.0,464693136.0,腾讯日K/前复权日K,2026-08-07T20:33:10+08:00,20260926T093659
159915,创业板ETF易方达,SZSE,2016-07-08,2.137,2.16,2.127,2.145,2.137,2.16,2.127,2.145,1.0,269298100.0,577716496.0,腾讯日K/前复权日K,2026-08-07T20:33:10+08:00,20260926T093659
159915,创业板ETF易方达,SZSE,2016-07-11,2.147,2.157,2.12,2.125,2.147,2.157,2.12,2.125,1.0,187731800.0,402537552.0,腾讯日K/前复权日K,2026-08-07T20:33:10+08:00,20260926T093659
159915,创业板ETF易方达,SZSE,2016-07-12,2.123,2.155,2.092,2.155,2.123,2.155,2.092,2.155,1.0,365527900.0,775995808.0,腾讯日K/前复权日K,2026-08-07T20:33:10+08:00,20260926T093659
159915,创业板ETF易方达,SZSE,2016-07-13,2.16,2.201,2.151,2.188,2.16,2.201,2.151,2.188,1.0,423604400.0,922693216.0,腾讯日K/前复权日K,2026-08-07T20:33:10+08:00,20260926T093659
159915,创业板ETF易方达,SZSE,2016-07-14,2.188,2.194,2.173,2.19,2.188,2.194,2.173,2.19,1.0,333947800.0,729436976.0,腾讯日K/前复权日K,2026-08-07T20:33:10+08:00,20260926T093659
159915,创业板ETF易方达,SZSE,2016-07-15,2.19,2.192,2.16,2.164,2.19,2.192,2.16,2.164,1.0,313897000.0,681817504.0,腾讯日K/前复权日K,2026-08-07T20:33:10+08:00,20260926T093659
159915,创业板ETF易方达,SZSE,2016-07-18,2.162,2.168,2.136,2.148,2.162,2.168,2.136,2.148,1.0,376967200.0,811263088.0,腾讯日K/前复权日K,2026-08-07T20:33:10+08:00,20260926T093659
159915,创业板ETF易方达,SZSE,2016-07-19,2.148,2.176,2.138,2.173,2.148,2.176,2.138,2.173,1.0,345159700.0,744453824.0,腾讯日K/前复权日K,2026-08-07T20:33:10+08:00,20260926T093659
159915,创业板ETF易方达,SZSE,2016-07-20,2.174,2.188,2.165,2.165,2.174,2.188,2.165,2.165,1.0,269747100.0,587356528.0,腾讯日K/前复权日K,2026-08-07T20:33:10+08:00,20260926T093659
159915,创业板ETF易方达,SZSE,2016-07-21,2.164,2.189,2.16,2.167,2.164,2.189,2.16,2.167,1.0,241205800.0,524294848.0,腾讯日K/前复权日K,2026-08-07T20:33:10+08:00,20260926T093659
159915,创业板ETF易方达,SZSE,2016-07-22,2.163,2.169,2.15,2.154,2.163,2.169,2.15,2.154,1.0,209215800.0,451820016.0,腾讯日K/前复权日K,2026-08-07T20:33:10+08:00,20260926T093659
159915,创业板ETF易方达,SZSE,2016-07-25,2.147,2.165,2.139,2.146,2.147,2.165,2.139,2.146,1.0,168328600.0,361954944.0,腾讯日K/前复权日K,2026-08-07T20:33:10+08:00,20260926T093659
159915,创业板ETF易方达,SZSE,2016-07-26,2.147,2.182,2.146,2.182,2.147,2.182,2.146,2.182,1.0,230850400.0,500350000.0,腾讯日K/前复权日K,2026-08-07T20:33:10+08:00,20260926T093659
159915,创业板ETF易方达,SZSE,2016-07-27,2.181,2.185,2.048,2.061,2.181,2.185,2.048,2.061,1.0,651448200.0,1364609568.0,腾讯日K/前复权日K,2026-08-07T20:33:10+08:00,20260926T093659
159915,创业板ETF易方达,SZSE,2016-07-28,2.06,2.075,2.023,2.044,2.06,2.075,2.023,2.044,1.0,395670300.0,810674784.0,腾讯日K/前复权日K,2026-08-07T20:33:10+08:00,20260926T093659
159915,创业板ETF易方达,SZSE,2016-07-29,2.053,2.055,2.017,2.031,2.053,2.055,2.017,2.031,1.0,235132500.0,478998864.0,腾讯日K/前复权日K,2026-08-07T20:33:10+08:00,20260926T093659
159915,创业板ETF易方达,SZSE,2016-08-01,2.024,2.028,1.981,2.013,2.024,2.028,1.981,2.013,1.0,394398300.0,788439632.0,腾讯日K/前复权日K,2026-08-07T20:33:10+08:00,20260926T093659
159915,创业板ETF易方达,SZSE,2016-08-02,2.012,2.027,2.008,2.025,2.012,2.027,2.008,2.025,1.0,217984100.0,440132608.0,腾讯日K/前复权日K,2026-08-07T20:33:10+08:00,20260926T093659
159915,创业板ETF易方达,SZSE,2016-08-03,2.021,2.031,2.009,2.017,2.021,2.031,2.009,2.017,1.0,179720200.0,362889712.0,腾讯日K/前复权日K,2026-08-07T20:33:10+08:00,20260926T093659
159915,创业板ETF易方达,SZSE,2016-08-04,2.017,2.044,2.013,2.04,2.017,2.044,2.013,2.04,1.0,179540800.0,364417872.0,腾讯日K/前复权日K,2026-08-07T20:33:10+08:00,20260926T093659
159915,创业板ETF易方达,SZSE,2016-08-05,2.036,2.04,2.02,2.022,2.036,2.04,2.02,2.022,1.0,147487600.0,299109728.0,腾讯日K/前复权日K,2026-08-07T20:33:10+08:00,20260926T093659
159915,创业板ETF易方达,SZSE,2016-08-08,2.019,2.042,1.996,2.041,2.019,2.042,1.996,2.041,1.0,215686600.0,436086112.0,腾讯日K/前复权日K,2026-08-07T20:33:10+08:00,20260926T093659
159915,创业板ETF易方达,SZSE,2016-08-09,2.041,2.062,2.035,2.061,2.041,2.062,2.035,2.061,1.0,234351700.0,480852720.0,腾讯日K/前复权日K,2026-08-07T20:33:10+08:00,20260926T093659
159915,创业板ETF易方达,SZSE,2016-08-10,2.063,2.071,2.043,2.043,2.063,2.071,2.043,2.043,1.0,268811400.0,552569328.0,腾讯日K/前复权日K,2026-08-07T20:33:10+08:00,20260926T093659
159915,创业板ETF易方达,SZSE,2016-08-11,2.04,2.047,2.015,2.017,2.04,2.047,2.015,2.017,1.0,198986000.0,403848176.0,腾讯日K/前复权日K,2026-08-07T20:33:10+08:00,20260926T093659
159915,创业板ETF易方达,SZSE,2016-08-12,2.013,2.035,2.01,2.035,2.013,2.035,2.01,2.035,1.0,167124700.0,338009488.0,腾讯日K/前复权日K,2026-08-07T20:33:10+08:00,20260926T093659
159915,创业板ETF易方达,SZSE,2016-08-15,2.035,2.109,2.02,2.103,2.035,2.109,2.02,2.103,1.0,559411300.0,1162832976.0,腾讯日K/前复权日K,2026-08-07T20:33:10+08:00,20260926T093659
159915,创业板ETF易方达,SZSE,2016-08-16,2.101,2.116,2.097,2.105,2.101,2.116,2.097,2.105,1.0,296246000.0,624540048.0,腾讯日K/前复权日K,2026-08-07T20:33:10+08:00,20260926T093659
159915,创业板ETF易方达,SZSE,2016-08-17,2.106,2.122,2.099,2.112,2.106,2.122,2.099,2.112,1.0,238191200.0,503026880.0,腾讯日K/前复权日K,2026-08-07T20:33:10+08:00,20260926T093659
159915,创业板ETF易方达,SZSE,2016-08-18,2.108,2.119,2.097,2.108,2.108,2.119,2.097,2.108,1.0,205927600.0,433969248.0,腾讯日K/前复权日K,2026-08-07T20:33:10+08:00,20260926T093659
159915,创业板ETF易方达,SZSE,2016-08-19,2.108,2.116,2.099,2.112,2.108,2.116,2.099,2.112,1.0,142776300.0,300807536.0,腾讯日K/前复权日K,2026-08-07T20:33:10+08:00,20260926T093659
159915,创业板ETF易方达,SZSE,2016-08-22,2.112,2.119,2.072,2.072,2.112,2.119,2.072,2.072,1.0,181929200.0,381658608.0,腾讯日K/前复权日K,2026-08-07T20:33:10+08:00,20260926T093659
159915,创业板ETF易方达,SZSE,2016-08-23,2.073,2.093,2.058,2.084,2.073,2.093,2.058,2.084,1.0,217001000.0,452085952.0,腾讯日K/前复权日K,2026-08-07T20:33:10+08:00,20260926T093659
159915,创业板ETF易方达,SZSE,2016-08-24,2.084,2.108,2.082,2.098,2.084,2.108,2.082,2.098,1.0,255087000.0,535253696.0,腾讯日K/前复权日K,2026-08-07T20:33:10+08:00,20260926T093659
159915,创业板ETF易方达,SZSE,2016-08-25,2.089,2.089,2.061,2.088,2.089,2.089,2.061,2.088,1.0,263616200.0,545954320.0,腾讯日K/前复权日K,2026-08-07T20:33:10+08:00,20260926T093659
159915,创业板ETF易方达,SZSE,2016-08-26,2.091,2.117,2.087,2.095,2.091,2.117,2.087,2.095,1.0,200732900.0,422531776.0,腾讯日K/前复权日K,2026-08-07T20:33:10+08:00,20260926T093659
159915,创业板ETF易方达,SZSE,2016-08-29,2.089,2.116,2.088,2.101,2.089,2.116,2.088,2.101,1.0,132536200.0,278423104.0,腾讯日K/前复权日K,2026-08-07T20:33:10+08:00,20260926T093659
159915,创业板ETF易方达,SZSE,2016-08-30,2.103,2.115,2.097,2.104,2.103,2.115,2.097,2.104,1.0,128523800.0,270748688.0,腾讯日K/前复权日K,2026-08-07T20:33:10+08:00,20260926T093659
159915,创业板ETF易方达,SZSE,2016-08-31,2.099,2.104,2.081,2.099,2.099,2.104,2.081,2.099,1.0,167285200.0,349816400.0,腾讯日K/前复权日K,2026-08-07T20:33:10+08:00,20260926T093659
159915,创业板ETF易方达,SZSE,2016-09-01,2.099,2.107,2.084,2.084,2.099,2.107,2.084,2.084,1.0,153777200.0,322676208.0,腾讯日K/前复权日K,2026-08-07T20:33:10+08:00,20260926T093659
159915,创业板ETF易方达,SZSE,2016-09-02,2.079,2.093,2.068,2.081,2.079,2.093,2.068,2.081,1.0,125471100.0,261142228.0,腾讯日K/前复权日K,2026-08-07T20:33:10+08:00,20260926T093659
159915,创业板ETF易方达,SZSE,2016-09-05,2.081,2.105,2.081,2.088,2.081,2.105,2.081,2.088,1.0,142201000.0,297738400.0,腾讯日K/前复权日K,2026-08-07T20:33:10+08:00,20260926T093659
159915,创业板ETF易方达,SZSE,2016-09-06,2.086,2.133,2.069,2.128,2.086,2.133,2.069,2.128,1.0,297089700.0,624940704.0,腾讯日K/前复权日K,2026-08-07T20:33:10+08:00,20260926T093659
159915,创业板ETF易方达,SZSE,2016-09-07,2.126,2.135,2.109,2.114,2.126,2.135,2.109,2.114,1.0,312435200.0,665123776.0,腾讯日K/前复权日K,2026-08-07T20:33:10+08:00,20260926T093659
159915,创业板ETF易方达,SZSE,2016-09-08,2.115,2.128,2.112,2.128,2.115,2.128,2.112,2.128,1.0,123286400.0,261464140.0,腾讯日K/前复权日K,2026-08-07T20:33:10+08:00,20260926T093659
159915,创业板ETF易方达,SZSE,2016-09-09,2.127,2.131,2.107,2.109,2.127,2.131,2.107,2.109,1.0,115294100.0,244489137.0,腾讯日K/前复权日K,2026-08-07T20:33:10+08:00,20260926T093659
159915,创业板ETF易方达,SZSE,2016-09-12,2.075,2.087,2.054,2.06,2.075,2.087,2.054,2.06,1.0,353016500.0,729962336.0,腾讯日K/前复权日K,2026-08-07T20:33:10+08:00,20260926T093659
159915,创业板ETF易方达,SZSE,2016-09-13,2.066,2.072,2.05,2.055,2.066,2.072,2.05,2.055,1.0,156222800.0,321969376.0,腾讯日K/前复权日K,2026-08-07T20:33:10+08:00,20260926T093659
159915,创业板ETF易方达,SZSE,2016-09-14,2.046,2.065,2.04,2.051,2.046,2.065,2.04,2.051,1.0,132687000.0,272445520.0,腾讯日K/前复权日K,2026-08-07T20:33:10+08:00,20260926T093659
159915,创业板ETF易方达,SZSE,2016-09-19,2.054,2.083,2.054,2.072,2.054,2.083,2.054,2.072,1.0,117523700.0,243331683.0,腾讯日K/前复权日K,2026-08-07T20:33:10+08:00,20260926T093659
159915,创业板ETF易方达,SZSE,2016-09-20,2.07,2.075,2.062,2.066,2.07,2.075,2.062,2.066,1.0,74112900.0,153237148.0,腾讯日K/前复权日K,2026-08-07T20:33:10+08:00,20260926T093659
159915,创业板ETF易方达,SZSE,2016-09-21,2.068,2.08,2.063,2.068,2.068,2.08,2.063,2.068,1.0,71891300.0,148953278.0,腾讯日K/前复权日K,2026-08-07T20:33:10+08:00,20260926T093659
159915,创业板ETF易方达,SZSE,2016-09-22,2.08,2.085,2.07,2.072,2.08,2.085,2.07,2.072,1.0,91252200.0,189620785.0,腾讯日K/前复权日K,2026-08-07T20:33:10+08:00,20260926T093659
159915,创业板ETF易方达,SZSE,2016-09-23,2.076,2.078,2.065,2.065,2.076,2.078,2.065,2.065,1.0,64953500.0,134482361.0,腾讯日K/前复权日K,2026-08-07T20:33:10+08:00,20260926T093659
159915,创业板ETF易方达,SZSE,2016-09-26,2.061,2.07,2.029,2.032,2.061,2.07,2.029,2.032,1.0,141423900.0,290422608.0,腾讯日K/前复权日K,2026-08-07T20:33:10+08:00,20260926T093659
159915,创业板ETF易方达,SZSE,2016-09-27,2.031,2.051,2.025,2.049,2.031,2.051,2.025,2.049,1.0,185472900.0,377924096.0,腾讯日K/前复权日K,2026-08-07T20:33:10+08:00,20260926T093659
159915,创业板ETF易方达,SZSE,2016-09-28,2.052,2.053,2.04,2.05,2.052,2.053,2.04,2.05,1.0,115193800.0,235648350.0,腾讯日K/前复权日K,2026-08-07T20:33:10+08:00,20260926T093659
159915,创业板ETF易方达,SZSE,2016-09-29,2.052,2.065,2.049,2.058,2.052,2.065,2.049,2.058,1.0,77650400.0,159790751.0,腾讯日K/前复权日K,2026-08-07T20:33:10+08:00,20260926T093659
159915,创业板ETF易方达,SZSE,2016-09-30,2.057,2.063,2.054,2.062,2.057,2.063,2.054,2.062,1.0,51211000.0,105448565.0,腾讯日K/前复权日K,2026-08-07T20:33:10+08:00,20260926T093659
159915,创业板ETF易方达,SZSE,2016-10-10,2.071,2.12,2.068,2.119,2.071,2.12,2.068,2.119,1.0,176030500.0,370166640.0,腾讯日K/前复权日K,2026-08-07T20:33:10+08:00,20260926T093659
159915,创业板ETF易方达,SZSE,2016-10-11,2.119,2.119,2.106,2.118,2.119,2.119,2.106,2.118,1.0,103759000.0,219187386.0,腾讯日K/前复权日K,2026-08-07T20:33:10+08:00,20260926T093659
159915,创业板ETF易方达,SZSE,2016-10-12,2.111,2.125,2.108,2.116,2.111,2.125,2.108,2.116,1.0,89365500.0,189058453.0,腾讯日K/前复权日K,2026-08-07T20:33:10+08:00,20260926T093659
159915,创业板ETF易方达,SZSE,2016-10-13,2.117,2.122,2.107,2.113,2.117,2.122,2.107,2.113,1.0,110935300.0,234706138.0,腾讯日K/前复权日K,2026-08-07T20:33:10+08:00,20260926T093659
159915,创业板ETF易方达,SZSE,2016-10-14,2.114,2.114,2.088,2.104,2.114,2.114,2.088,2.104,1.0,89425700.0,187584593.0,腾讯日K/前复权日K,2026-08-07T20:33:10+08:00,20260926T093659
159915,创业板ETF易方达,SZSE,2016-10-17,2.104,2.106,2.068,2.079,2.104,2.106,2.068,2.079,1.0,117462900.0,245419232.0,腾讯日K/前复权日K,2026-08-07T20:33:10+08:00,20260926T093659
159915,创业板ETF易方达,SZSE,2016-10-18,2.078,2.108,2.076,2.107,2.078,2.108,2.076,2.107,1.0,153436600.0,321326256.0,腾讯日K/前复权日K,2026-08-07T20:33:10+08:00,20260926T093659
159915,创业板ETF易方达,SZSE,2016-10-19,2.107,2.108,2.089,2.092,2.107,2.108,2.089,2.092,1.0,105878800.0,222265250.0,腾讯日K/前复权日K,2026-08-07T20:33:10+08:00,20260926T093659
159915,创业板ETF易方达,SZSE,2016-10-20,2.093,2.107,2.092,2.101,2.093,2.107,2.092,2.101,1.0,78952300.0,165856226.0,腾讯日K/前复权日K,2026-08-07T20:33:10+08:00,20260926T093659
159915,创业板ETF易方达,SZSE,2016-10-21,2.102,2.11,2.079,2.09,2.102,2.11,2.079,2.09,1.0,101366300.0,212018762.0,腾讯日K/前复权日K,2026-08-07T20:33:10+08:00,20260926T093659
159915,创业板ETF易方达,SZSE,2016-10-24,2.09,2.116,2.086,2.109,2.09,2.116,2.086,2.109,1.0,220241700.0,463282064.0,腾讯日K/前复权日K,2026-08-07T20:33:10+08:00,20260926T093659
159915,创业板ETF易方达,SZSE,2016-10-25,2.111,2.117,2.104,2.109,2.111,2.117,2.104,2.109,1.0,103745000.0,218955787.0,腾讯日K/前复权日K,2026-08-07T20:33:10+08:00,20260926T093659
159915,创业板ETF易方达,SZSE,2016-10-26,2.106,2.112,2.088,2.094,2.106,2.112,2.088,2.094,1.0,115214800.0,241667421.0,腾讯日K/前复权日K,2026-08-07T20:33:10+08:00,20260926T093659
159915,创业板ETF易方达,SZSE,2016-10-27,2.092,2.095,2.081,2.092,2.092,2.095,2.081,2.092,1.0,66624800.0,139179926.0,腾讯日K/前复权日K,2026-08-07T20:33:10+08:00,20260926T093659
159915,创业板ETF易方达,SZSE,2016-10-28,2.09,2.105,2.071,2.071,2.09,2.105,2.071,2.071,1.0,148941800.0,311160448.0,腾讯日K/前复权日K,2026-08-07T20:33:10+08:00,20260926T093659
159915,创业板ETF易方达,SZSE,2016-10-31,2.07,2.074,2.057,2.071,2.07,2.074,2.057,2.071,1.0,123852300.0,255680808.0,腾讯日K/前复权日K,2026-08-07T20:33:10+08:00,20260926T093659
159915,创业板ETF易方达,SZSE,2016-11-01,2.071,2.087,2.069,2.082,2.071,2.087,2.069,2.082,1.0,134030800.0,278405392.0,腾讯日K/前复权日K,2026-08-07T20:33:10+08:00,20260926T093659
159915,创业板ETF易方达,SZSE,2016-11-02,2.079,2.081,2.053,2.054,2.079,2.081,2.053,2.054,1.0,133670100.0,276273600.0,腾讯日K/前复权日K,2026-08-07T20:33:10+08:00,20260926T093659
159915,创业板ETF易方达,SZSE,2016-11-03,2.045,2.076,2.045,2.062,2.045,2.076,2.045,2.062,1.0,210573700.0,434113520.0,腾讯日K/前复权日K,2026-08-07T20:33:10+08:00,20260926T093659
159915,创业板ETF易方达,SZSE,2016-11-04,2.059,2.08,2.05,2.056,2.059,2.08,2.05,2.056,1.0,168728700.0,348234544.0,腾讯日K/前复权日K,2026-08-07T20:33:10+08:00,20260926T093659
159915,创业板ETF易方达,SZSE,2016-11-07,2.054,2.057,2.038,2.043,2.054,2.057,2.038,2.043,1.0,110871700.0,226919181.0,腾讯日K/前复权日K,2026-08-07T20:33:10+08:00,20260926T093659
159915,创业板ETF易方达,SZSE,2016-11-08,2.048,2.068,2.046,2.063,2.048,2.068,2.046,2.063,1.0,159279100.0,328011104.0,腾讯日K/前复权日K,2026-08-07T20:33:10+08:00,20260926T093659
159915,创业板ETF易方达,SZSE,2016-11-09,2.062,2.066,2.012,2.032,2.062,2.066,2.012,2.032,1.0,181459800.0,370359328.0,腾讯日K/前复权日K,2026-08-07T20:33:10+08:00,20260926T093659
159915,创业板ETF易方达,SZSE,2016-11-10,2.052,2.062,2.051,2.053,2.052,2.062,2.051,2.053,1.0,172397400.0,354559888.0,腾讯日K/前复权日K,2026-08-07T20:33:10+08:00,20260926T093659
159915,创业板ETF易方达,SZSE,2016-11-11,2.051,2.062,2.037,2.06,2.051,2.062,2.037,2.06,1.0,168673800.0,345829648.0,腾讯日K/前复权日K,2026-08-07T20:33:10+08:00,20260926T093659
159915,创业板ETF易方达,SZSE,2016-11-14,2.057,2.087,2.057,2.07,2.057,2.087,2.057,2.07,1.0,213528800.0,443480640.0,腾讯日K/前复权日K,2026-08-07T20:33:10+08:00,20260926T093659
159915,创业板ETF易方达,SZSE,2016-11-15,2.07,2.089,2.061,2.089,2.07,2.089,2.061,2.089,1.0,203741100.0,422741792.0,腾讯日K/前复权日K,2026-08-07T20:33:10+08:00,20260926T093659
159915,创业板ETF易方达,SZSE,2016-11-16,2.096,2.118,2.09,2.091,2.096,2.118,2.09,2.091,1.0,266278000.0,560558480.0,腾讯日K/前复权日K,2026-08-07T20:33:10+08:00,20260926T093659
159915,创业板ETF易方达,SZSE,2016-11-17,2.085,2.085,2.067,2.074,2.085,2.085,2.067,2.074,1.0,123415500.0,256055822.0,腾讯日K/前复权日K,2026-08-07T20:33:10+08:00,20260926T093659
159915,创业板ETF易方达,SZSE,2016-11-18,2.074,2.081,2.065,2.07,2.074,2.081,2.065,2.07,1.0,86281900.0,178860753.0,腾讯日K/前复权日K,2026-08-07T20:33:10+08:00,20260926T093659
159915,创业板ETF易方达,SZSE,2016-11-21,2.065,2.075,2.056,2.061,2.065,2.075,2.056,2.061,1.0,114539800.0,236595906.0,腾讯日K/前复权日K,2026-08-07T20:33:10+08:00,20260926T093659
159915,创业板ETF易方达,SZSE,2016-11-22,2.064,2.086,2.059,2.086,2.064,2.086,2.059,2.086,1.0,215068800.0,445694912.0,腾讯日K/前复权日K,2026-08-07T20:33:10+08:00,20260926T093659
159915,创业板ETF易方达,SZSE,2016-11-23,2.09,2.1,2.073,2.075,2.09,2.1,2.073,2.075,1.0,243643700.0,508367248.0,腾讯日K/前复权日K,2026-08-07T20:33:10+08:00,20260926T093659
159915,创业板ETF易方达,SZSE,2016-11-24,2.067,2.08,2.054,2.054,2.067,2.08,2.054,2.054,1.0,155916500.0,322423920.0,腾讯日K/前复权日K,2026-08-07T20:33:10+08:00,20260926T093659
159915,创业板ETF易方达,SZSE,2016-11-25,2.052,2.078,2.03,2.076,2.052,2.078,2.03,2.076,1.0,205885600.0,423535104.0,腾讯日K/前复权日K,2026-08-07T20:33:10+08:00,20260926T093659
159915,创业板ETF易方达,SZSE,2016-11-28,2.079,2.086,2.067,2.071,2.079,2.086,2.067,2.071,1.0,160587000.0,333733744.0,腾讯日K/前复权日K,2026-08-07T20:33:10+08:00,20260926T093659
159915,创业板ETF易方达,SZSE,2016-11-29,2.068,2.086,2.064,2.073,2.068,2.086,2.064,2.073,1.0,205993700.0,427638608.0,腾讯日K/前复权日K,2026-08-07T20:33:10+08:00,20260926T093659
159915,创业板ETF易方达,SZSE,2016-11-30,2.068,2.11,2.063,2.092,2.068,2.11,2.063,2.092,1.0,304228700.0,636902240.0,腾讯日K/前复权日K,2026-08-07T20:33:10+08:00,20260926T093659
159915,创业板ETF易方达,SZSE,2016-12-01,2.09,2.097,2.083,2.089,2.09,2.097,2.083,2.089,1.0,133825000.0,279487456.0,腾讯日K/前复权日K,2026-08-07T20:33:10+08:00,20260926T093659
159915,创业板ETF易方达,SZSE,2016-12-02,2.087,2.096,2.055,2.055,2.087,2.096,2.055,2.055,1.0,222767600.0,461522640.0,腾讯日K/前复权日K,2026-08-07T20:33:10+08:00,20260926T093659
159915,创业板ETF易方达,SZSE,2016-12-05,2.045,2.071,2.038,2.055,2.045,2.071,2.038,2.055,1.0,191026800.0,393002336.0,腾讯日K/前复权日K,2026-08-07T20:33:10+08:00,20260926T093659
159915,创业板ETF易方达,SZSE,2016-12-06,2.058,2.066,2.033,2.036,2.058,2.066,2.033,2.036,1.0,166237400.0,340406560.0,腾讯日K/前复权日K,2026-08-07T20:33:10+08:00,20260926T093659
159915,创业板ETF易方达,SZSE,2016-12-07,2.04,2.045,2.025,2.044,2.04,2.045,2.025,2.044,1.0,104324300.0,212243832.0,腾讯日K/前复权日K,2026-08-07T20:33:10+08:00,20260926T093659
159915,创业板ETF易方达,SZSE,2016-12-08,2.044,2.045,2.026,2.028,2.044,2.045,2.026,2.028,1.0,108834900.0,221128132.0,腾讯日K/前复权日K,2026-08-07T20:33:10+08:00,20260926T093659
159915,创业板ETF易方达,SZSE,2016-12-09,2.025,2.029,2.011,2.013,2.025,2.029,2.011,2.013,1.0,147766800.0,298445312.0,腾讯日K/前复权日K,2026-08-07T20:33:10+08:00,20260926T093659
159915,创业板ETF易方达,SZSE,2016-12-12,2.01,2.011,1.895,1.902,2.01,2.011,1.895,1.902,1.0,358086700.0,697865728.0,腾讯日K/前复权日K,2026-08-07T20:33:10+08:00,20260926T093659
159915,创业板ETF易方达,SZSE,2016-12-13,1.9,1.911,1.879,1.9,1.9,1.911,1.879,1.9,1.0,256592100.0,486450288.0,腾讯日K/前复权日K,2026-08-07T20:33:10+08:00,20260926T093659
159915,创业板ETF易方达,SZSE,2016-12-14,1.898,1.905,1.873,1.88,1.898,1.905,1.873,1.88,1.0,145580200.0,275129984.0,腾讯日K/前复权日K,2026-08-07T20:33:10+08:00,20260926T093659
159915,创业板ETF易方达,SZSE,2016-12-15,1.877,1.908,1.873,1.893,1.877,1.908,1.873,1.893,1.0,155387800.0,293984272.0,腾讯日K/前复权日K,2026-08-07T20:33:10+08:00,20260926T093659
159915,创业板ETF易方达,SZSE,2016-12-16,1.888,1.922,1.886,1.908,1.888,1.922,1.886,1.908,1.0,154420500.0,295061776.0,腾讯日K/前复权日K,2026-08-07T20:33:10+08:00,20260926T093659
159915,创业板ETF易方达,SZSE,2016-12-19,1.907,1.909,1.891,1.896,1.907,1.909,1.891,1.896,1.0,57697600.0,109548498.0,腾讯日K/前复权日K,2026-08-07T20:33:10+08:00,20260926T093659
159915,创业板ETF易方达,SZSE,2016-12-20,1.897,1.906,1.89,1.897,1.897,1.906,1.89,1.897,1.0,96609900.0,183398655.0,腾讯日K/前复权日K,2026-08-07T20:33:10+08:00,20260926T093659
159915,创业板ETF易方达,SZSE,2016-12-21,1.899,1.912,1.897,1.904,1.899,1.912,1.897,1.904,1.0,87211500.0,166079634.0,腾讯日K/前复权日K,2026-08-07T20:33:10+08:00,20260926T093659
159915,创业板ETF易方达,SZSE,2016-12-22,1.903,1.904,1.889,1.897,1.903,1.904,1.889,1.897,1.0,53397400.0,101291791.0,腾讯日K/前复权日K,2026-08-07T20:33:10+08:00,20260926T093659
159915,创业板ETF易方达,SZSE,2016-12-23,1.893,1.903,1.874,1.874,1.893,1.903,1.874,1.874,1.0,67552300.0,127584145.0,腾讯日K/前复权日K,2026-08-07T20:33:10+08:00,20260926T093659
159915,创业板ETF易方达,SZSE,2016-12-26,1.869,1.887,1.848,1.886,1.869,1.887,1.848,1.886,1.0,93858600.0,174914844.0,腾讯日K/前复权日K,2026-08-07T20:33:10+08:00,20260926T093659
159915,创业板ETF易方达,SZSE,2016-12-27,1.883,1.892,1.879,1.881,1.883,1.892,1.879,1.881,1.0,70009400.0,131998753.0,腾讯日K/前复权日K,2026-08-07T20:33:10+08:00,20260926T093659
159915,创业板ETF易方达,SZSE,2016-12-28,1.879,1.884,1.861,1.87,1.879,1.884,1.861,1.87,1.0,59814300.0,112138837.0,腾讯日K/前复权日K,2026-08-07T20:33:10+08:00,20260926T093659
159915,创业板ETF易方达,SZSE,2016-12-29,1.869,1.887,1.866,1.876,1.869,1.887,1.866,1.876,1.0,59737700.0,112222392.0,腾讯日K/前复权日K,2026-08-07T20:33:10+08:00,20260926T093659
159915,创业板ETF易方达,SZSE,2016-12-30,1.878,1.885,1.871,1.881,1.878,1.885,1.871,1.881,1.0,120816400.0,226871327.0,腾讯日K/前复权日K,2026-08-07T20:33:10+08:00,20260926T093659
159915,创业板ETF易方达,SZSE,2017-01-03,1.882,1.89,1.876,1.881,1.882,1.89,1.876,1.881,1.0,56914100.0,107178845.0,腾讯日K/前复权日K,2026-08-07T20:33:10+08:00,20260926T093659
159915,创业板ETF易方达,SZSE,2017-01-04,1.882,1.909,1.876,1.907,1.882,1.909,1.876,1.907,1.0,126843300.0,240595462.0,腾讯日K/前复权日K,2026-08-07T20:33:10+08:00,20260926T093659
159915,创业板ETF易方达,SZSE,2017-01-05,1.904,1.908,1.897,1.901,1.904,1.908,1.897,1.901,1.0,80878500.0,153887085.0,腾讯日K/前复权日K,2026-08-07T20:33:10+08:00,20260926T093659
159915,创业板ETF易方达,SZSE,2017-01-06,1.897,1.897,1.88,1.886,1.897,1.897,1.88,1.886,1.0,63727200.0,120224778.0,腾讯日K/前复权日K,2026-08-07T20:33:10+08:00,20260926T093659
159915,创业板ETF易方达,SZSE,2017-01-09,1.883,1.889,1.869,1.878,1.883,1.889,1.869,1.878,1.0,45554500.0,85535738.0,腾讯日K/前复权日K,2026-08-07T20:33:10+08:00,20260926T093659
159915,创业板ETF易方达,SZSE,2017-01-10,1.877,1.885,1.868,1.869,1.877,1.885,1.868,1.869,1.0,63724400.0,119621380.0,腾讯日K/前复权日K,2026-08-07T20:33:10+08:00,20260926T093659
159915,创业板ETF易方达,SZSE,2017-01-11,1.863,1.877,1.853,1.857,1.863,1.877,1.853,1.857,1.0,97710500.0,181990159.0,腾讯日K/前复权日K,2026-08-07T20:33:10+08:00,20260926T093659
159915,创业板ETF易方达,SZSE,2017-01-12,1.851,1.867,1.849,1.849,1.851,1.867,1.849,1.849,1.0,106476700.0,197737738.0,腾讯日K/前复权日K,2026-08-07T20:33:10+08:00,20260926T093659
159915,创业板ETF易方达,SZSE,2017-01-13,1.849,1.854,1.816,1.82,1.849,1.854,1.816,1.82,1.0,110122200.0,202323190.0,腾讯日K/前复权日K,2026-08-07T20:33:10+08:00,20260926T093659
159915,创业板ETF易方达,SZSE,2017-01-16,1.82,1.82,1.711,1.756,1.82,1.82,1.711,1.756,1.0,257160000.0,456937504.0,腾讯日K/前复权日K,2026-08-07T20:33:10+08:00,20260926T093659
159915,创业板ETF易方达,SZSE,2017-01-17,1.748,1.797,1.73,1.787,1.748,1.797,1.73,1.787,1.0,290781600.0,514410896.0,腾讯日K/前复权日K,2026-08-07T20:33:10+08:00,20260926T093659
159915,创业板ETF易方达,SZSE,2017-01-18,1.78,1.785,1.763,1.767,1.78,1.785,1.763,1.767,1.0,150593000.0,267403809.0,腾讯日K/前复权日K,2026-08-07T20:33:10+08:00,20260926T093659
159915,创业板ETF易方达,SZSE,2017-01-19,1.765,1.775,1.756,1.768,1.765,1.775,1.756,1.768,1.0,116728800.0,206294108.0,腾讯日K/前复权日K,2026-08-07T20:33:10+08:00,20260926T093659
159915,创业板ETF易方达,SZSE,2017-01-20,1.762,1.813,1.762,1.801,1.762,1.813,1.762,1.801,1.0,182148000.0,327812000.0,腾讯日K/前复权日K,2026-08-07T20:33:10+08:00,20260926T093659
159915,创业板ETF易方达,SZSE,2017-01-23,1.798,1.818,1.797,1.807,1.798,1.818,1.797,1.807,1.0,62670400.0,113469294.0,腾讯日K/前复权日K,2026-08-07T20:33:10+08:00,20260926T093659
159915,创业板ETF易方达,SZSE,2017-01-24,1.807,1.807,1.78,1.786,1.807,1.807,1.78,1.786,1.0,70805900.0,126819088.0,腾讯日K/前复权日K,2026-08-07T20:33:10+08:00,20260926T093659
159915,创业板ETF易方达,SZSE,2017-01-25,1.78,1.798,1.777,1.794,1.78,1.798,1.777,1.794,1.0,47382500.0,84850398.0,腾讯日K/前复权日K,2026-08-07T20:33:10+08:00,20260926T093659
159915,创业板ETF易方达,SZSE,2017-01-26,1.794,1.81,1.794,1.804,1.794,1.81,1.794,1.804,1.0,43082500.0,77772028.0,腾讯日K/前复权日K,2026-08-07T20:33:10+08:00,20260926T093659
159915,创业板ETF易方达,SZSE,2017-02-03,1.806,1.809,1.794,1.802,1.806,1.809,1.794,1.802,1.0,41205100.0,74180664.0,腾讯日K/前复权日K,2026-08-07T20:33:10+08:00,20260926T093659
159915,创业板ETF易方达,SZSE,2017-02-06,1.799,1.825,1.796,1.82,1.799,1.825,1.796,1.82,1.0,92886400.0,168414983.0,腾讯日K/前复权日K,2026-08-07T20:33:10+08:00,20260926T093659
159915,创业板ETF易方达,SZSE,2017-02-07,1.816,1.822,1.803,1.807,1.816,1.822,1.803,1.807,1.0,71348800.0,129207055.0,腾讯日K/前复权日K,2026-08-07T20:33:10+08:00,20260926T093659
159915,创业板ETF易方达,SZSE,2017-02-08,1.806,1.825,1.803,1.822,1.806,1.825,1.803,1.822,1.0,91902000.0,166642084.0,腾讯日K/前复权日K,2026-08-07T20:33:10+08:00,20260926T093659
159915,创业板ETF易方达,SZSE,2017-02-09,1.822,1.84,1.821,1.833,1.822,1.84,1.821,1.833,1.0,104992500.0,192282956.0,腾讯日K/前复权日K,2026-08-07T20:33:10+08:00,20260926T093659
159915,创业板ETF易方达,SZSE,2017-02-10,1.833,1.835,1.821,1.824,1.833,1.835,1.821,1.824,1.0,70252500.0,128295215.0,腾讯日K/前复权日K,2026-08-07T20:33:10+08:00,20260926T093659
159915,创业板ETF易方达,SZSE,2017-02-13,1.82,1.842,1.815,1.833,1.82,1.842,1.815,1.833,1.0,93869400.0,171803120.0,腾讯日K/前复权日K,2026-08-07T20:33:10+08:00,20260926T093659
159915,创业板ETF易方达,SZSE,2017-02-14,1.831,1.839,1.826,1.827,1.831,1.839,1.826,1.827,1.0,89703200.0,164405623.0,腾讯日K/前复权日K,2026-08-07T20:33:10+08:00,20260926T093659
159915,创业板ETF易方达,SZSE,2017-02-15,1.828,1.842,1.81,1.812,1.828,1.842,1.81,1.812,1.0,65994800.0,120533979.0,腾讯日K/前复权日K,2026-08-07T20:33:10+08:00,20260926T093659
159915,创业板ETF易方达,SZSE,2017-02-16,1.808,1.822,1.807,1.817,1.808,1.822,1.807,1.817,1.0,67677800.0,122862188.0,腾讯日K/前复权日K,2026-08-07T20:33:10+08:00,20260926T093659
159915,创业板ETF易方达,SZSE,2017-02-17,1.817,1.826,1.8,1.801,1.817,1.826,1.8,1.801,1.0,84723000.0,153457721.0,腾讯日K/前复权日K,2026-08-07T20:33:10+08:00,20260926T093659
159915,创业板ETF易方达,SZSE,2017-02-20,1.804,1.817,1.798,1.817,1.804,1.817,1.798,1.817,1.0,98991400.0,179040135.0,腾讯日K/前复权日K,2026-08-07T20:33:10+08:00,20260926T093659
159915,创业板ETF易方达,SZSE,2017-02-21,1.817,1.845,1.815,1.842,1.817,1.845,1.815,1.842,1.0,115299200.0,211397860.0,腾讯日K/前复权日K,2026-08-07T20:33:10+08:00,20260926T093659
159915,创业板ETF易方达,SZSE,2017-02-22,1.844,1.845,1.83,1.838,1.844,1.845,1.83,1.838,1.0,102132700.0,187733887.0,腾讯日K/前复权日K,2026-08-07T20:33:10+08:00,20260926T093659
159915,创业板ETF易方达,SZSE,2017-02-23,1.838,1.848,1.825,1.848,1.838,1.848,1.825,1.848,1.0,111345000.0,204384340.0,腾讯日K/前复权日K,2026-08-07T20:33:10+08:00,20260926T093659
159915,创业板ETF易方达,SZSE,2017-02-24,1.846,1.859,1.841,1.859,1.846,1.859,1.841,1.859,1.0,104411200.0,193378161.0,腾讯日K/前复权日K,2026-08-07T20:33:10+08:00,20260926T093659
159915,创业板ETF易方达,SZSE,2017-02-27,1.859,1.864,1.841,1.847,1.859,1.864,1.841,1.847,1.0,87968200.0,163117297.0,腾讯日K/前复权日K,2026-08-07T20:33:10+08:00,20260926T093659
159915,创业板ETF易方达,SZSE,2017-02-28,1.847,1.85,1.836,1.846,1.847,1.85,1.836,1.846,1.0,86510200.0,159420322.0,腾讯日K/前复权日K,2026-08-07T20:33:10+08:00,20260926T093659
159915,创业板ETF易方达,SZSE,2017-03-01,1.842,1.86,1.842,1.85,1.842,1.86,1.842,1.85,1.0,87185700.0,161545604.0,腾讯日K/前复权日K,2026-08-07T20:33:10+08:00,20260926T093659
159915,创业板ETF易方达,SZSE,2017-03-02,1.851,1.856,1.84,1.841,1.851,1.856,1.84,1.841,1.0,54704200.0,101023148.0,腾讯日K/前复权日K,2026-08-07T20:33:10+08:00,20260926T093659
159915,创业板ETF易方达,SZSE,2017-03-03,1.836,1.852,1.829,1.849,1.836,1.852,1.829,1.849,1.0,73707500.0,135740133.0,腾讯日K/前复权日K,2026-08-07T20:33:10+08:00,20260926T093659
159915,创业板ETF易方达,SZSE,2017-03-06,1.848,1.884,1.847,1.883,1.848,1.884,1.847,1.883,1.0,146407100.0,274466848.0,腾讯日K/前复权日K,2026-08-07T20:33:10+08:00,20260926T093659
159915,创业板ETF易方达,SZSE,2017-03-07,1.885,1.896,1.875,1.895,1.885,1.896,1.875,1.895,1.0,108800800.0,205396544.0,腾讯日K/前复权日K,2026-08-07T20:33:10+08:00,20260926T093659
159915,创业板ETF易方达,SZSE,2017-03-08,1.895,1.895,1.879,1.884,1.895,1.895,1.879,1.884,1.0,77968200.0,147008854.0,腾讯日K/前复权日K,2026-08-07T20:33:10+08:00,20260926T093659
159915,创业板ETF易方达,SZSE,2017-03-09,1.877,1.881,1.867,1.869,1.877,1.881,1.867,1.869,1.0,84952600.0,159154934.0,腾讯日K/前复权日K,2026-08-07T20:33:10+08:00,20260926T093659
159915,创业板ETF易方达,SZSE,2017-03-10,1.868,1.876,1.863,1.868,1.868,1.876,1.863,1.868,1.0,59048100.0,110403829.0,腾讯日K/前复权日K,2026-08-07T20:33:10+08:00,20260926T093659
159915,创业板ETF易方达,SZSE,2017-03-13,1.864,1.89,1.857,1.89,1.864,1.89,1.857,1.89,1.0,121581600.0,228174383.0,腾讯日K/前复权日K,2026-08-07T20:33:10+08:00,20260926T093659
159915,创业板ETF易方达,SZSE,2017-03-14,1.888,1.888,1.868,1.875,1.888,1.888,1.868,1.875,1.0,112481100.0,211165936.0,腾讯日K/前复权日K,2026-08-07T20:33:10+08:00,20260926T093659
159915,创业板ETF易方达,SZSE,2017-03-15,1.871,1.882,1.863,1.876,1.871,1.882,1.863,1.876,1.0,77193200.0,144644272.0,腾讯日K/前复权日K,2026-08-07T20:33:10+08:00,20260926T093659
159915,创业板ETF易方达,SZSE,2017-03-16,1.875,1.886,1.875,1.882,1.875,1.886,1.875,1.882,1.0,72198600.0,135875459.0,腾讯日K/前复权日K,2026-08-07T20:33:10+08:00,20260926T093659
159915,创业板ETF易方达,SZSE,2017-03-17,1.883,1.9,1.862,1.862,1.883,1.9,1.862,1.862,1.0,111707300.0,210588723.0,腾讯日K/前复权日K,2026-08-07T20:33:10+08:00,20260926T093659
159915,创业板ETF易方达,SZSE,2017-03-20,1.863,1.871,1.856,1.87,1.863,1.871,1.856,1.87,1.0,89270800.0,166421448.0,腾讯日K/前复权日K,2026-08-07T20:33:10+08:00,20260926T093659
159915,创业板ETF易方达,SZSE,2017-03-21,1.869,1.879,1.866,1.879,1.869,1.879,1.866,1.879,1.0,51569900.0,96557588.0,腾讯日K/前复权日K,2026-08-07T20:33:10+08:00,20260926T093659
159915,创业板ETF易方达,SZSE,2017-03-22,1.87,1.879,1.858,1.864,1.87,1.879,1.858,1.864,1.0,152980300.0,285377456.0,腾讯日K/前复权日K,2026-08-07T20:33:10+08:00,20260926T093659
159915,创业板ETF易方达,SZSE,2017-03-23,1.866,1.879,1.85,1.865,1.866,1.879,1.85,1.865,1.0,173110500.0,322406640.0,腾讯日K/前复权日K,2026-08-07T20:33:10+08:00,20260926T093659
159915,创业板ETF易方达,SZSE,2017-03-24,1.865,1.884,1.863,1.882,1.865,1.884,1.863,1.882,1.0,72559700.0,136133231.0,腾讯日K/前复权日K,2026-08-07T20:33:10+08:00,20260926T093659
159915,创业板ETF易方达,SZSE,2017-03-27,1.878,1.885,1.863,1.864,1.878,1.885,1.863,1.864,1.0,66547800.0,124456752.0,腾讯日K/前复权日K,2026-08-07T20:33:10+08:00,20260926T093659
159915,创业板ETF易方达,SZSE,2017-03-28,1.863,1.871,1.859,1.863,1.863,1.871,1.859,1.863,1.0,41869600.0,78072231.0,腾讯日K/前复权日K,2026-08-07T20:33:10+08:00,20260926T093659
159915,创业板ETF易方达,SZSE,2017-03-29,1.865,1.869,1.844,1.845,1.865,1.869,1.844,1.845,1.0,100764200.0,186918100.0,腾讯日K/前复权日K,2026-08-07T20:33:10+08:00,20260926T093659
159915,创业板ETF易方达,SZSE,2017-03-30,1.841,1.845,1.811,1.813,1.841,1.845,1.811,1.813,1.0,147410200.0,269193312.0,腾讯日K/前复权日K,2026-08-07T20:33:10+08:00,20260926T093659
159915,创业板ETF易方达,SZSE,2017-03-31,1.814,1.827,1.814,1.826,1.814,1.827,1.814,1.826,1.0,90151000.0,164251518.0,腾讯日K/前复权日K,2026-08-07T20:33:10+08:00,20260926T093659
159915,创业板ETF易方达,SZSE,2017-04-05,1.831,1.861,1.831,1.861,1.831,1.861,1.831,1.861,1.0,66562700.0,123156662.0,腾讯日K/前复权日K,2026-08-07T20:33:10+08:00,20260926T093659
159915,创业板ETF易方达,SZSE,2017-04-06,1.863,1.869,1.855,1.859,1.863,1.869,1.855,1.859,1.0,50145600.0,93346439.0,腾讯日K/前复权日K,2026-08-07T20:33:10+08:00,20260926T093659
159915,创业板ETF易方达,SZSE,2017-04-07,1.859,1.871,1.852,1.865,1.859,1.871,1.852,1.865,1.0,54122300.0,100831619.0,腾讯日K/前复权日K,2026-08-07T20:33:10+08:00,20260926T093659
159915,创业板ETF易方达,SZSE,2017-04-10,1.865,1.865,1.828,1.832,1.865,1.865,1.828,1.832,1.0,47698500.0,87851964.0,腾讯日K/前复权日K,2026-08-07T20:33:10+08:00,20260926T093659
159915,创业板ETF易方达,SZSE,2017-04-11,1.829,1.84,1.81,1.836,1.829,1.84,1.81,1.836,1.0,112788300.0,205783631.0,腾讯日K/前复权日K,2026-08-07T20:33:10+08:00,20260926T093659
159915,创业板ETF易方达,SZSE,2017-04-12,1.832,1.834,1.815,1.819,1.832,1.834,1.815,1.819,1.0,57701800.0,105362257.0,腾讯日K/前复权日K,2026-08-07T20:33:10+08:00,20260926T093659
159915,创业板ETF易方达,SZSE,2017-04-13,1.819,1.84,1.814,1.835,1.819,1.84,1.814,1.835,1.0,68769200.0,126041845.0,腾讯日K/前复权日K,2026-08-07T20:33:10+08:00,20260926T093659
159915,创业板ETF易方达,SZSE,2017-04-14,1.829,1.834,1.808,1.81,1.829,1.834,1.808,1.81,1.0,86270900.0,156652324.0,腾讯日K/前复权日K,2026-08-07T20:33:10+08:00,20260926T093659
159915,创业板ETF易方达,SZSE,2017-04-17,1.806,1.809,1.785,1.79,1.806,1.809,1.785,1.79,1.0,129957800.0,233566820.0,腾讯日K/前复权日K,2026-08-07T20:33:10+08:00,20260926T093659
159915,创业板ETF易方达,SZSE,2017-04-18,1.79,1.799,1.77,1.772,1.79,1.799,1.77,1.772,1.0,83239500.0,148672136.0,腾讯日K/前复权日K,2026-08-07T20:33:10+08:00,20260926T093659
159915,创业板ETF易方达,SZSE,2017-04-19,1.767,1.77,1.738,1.763,1.767,1.77,1.738,1.763,1.0,150086600.0,262950426.0,腾讯日K/前复权日K,2026-08-07T20:33:10+08:00,20260926T093659
159915,创业板ETF易方达,SZSE,2017-04-20,1.765,1.778,1.758,1.77,1.765,1.778,1.758,1.77,1.0,100361000.0,177607690.0,腾讯日K/前复权日K,2026-08-07T20:33:10+08:00,20260926T093659
159915,创业板ETF易方达,SZSE,2017-04-21,1.77,1.784,1.756,1.761,1.77,1.784,1.756,1.761,1.0,88033100.0,156023292.0,腾讯日K/前复权日K,2026-08-07T20:33:10+08:00,20260926T093659
159915,创业板ETF易方达,SZSE,2017-04-24,1.759,1.759,1.723,1.737,1.759,1.759,1.723,1.737,1.0,132422800.0,229845186.0,腾讯日K/前复权日K,2026-08-07T20:33:10+08:00,20260926T093659
159915,创业板ETF易方达,SZSE,2017-04-25,1.736,1.755,1.732,1.742,1.736,1.755,1.732,1.742,1.0,79240400.0,138260087.0,腾讯日K/前复权日K,2026-08-07T20:33:10+08:00,20260926T093659
159915,创业板ETF易方达,SZSE,2017-04-26,1.74,1.747,1.734,1.743,1.74,1.747,1.734,1.743,1.0,36364300.0,63329683.0,腾讯日K/前复权日K,2026-08-07T20:33:10+08:00,20260926T093659
159915,创业板ETF易方达,SZSE,2017-04-27,1.739,1.774,1.721,1.764,1.739,1.774,1.721,1.764,1.0,150260400.0,262127995.0,腾讯日K/前复权日K,2026-08-07T20:33:10+08:00,20260926T093659
159915,创业板ETF易方达,SZSE,2017-04-28,1.76,1.779,1.758,1.777,1.76,1.779,1.758,1.777,1.0,86699200.0,153511342.0,腾讯日K/前复权日K,2026-08-07T20:33:10+08:00,20260926T093659
159915,创业板ETF易方达,SZSE,2017-05-02,1.775,1.778,1.766,1.773,1.775,1.778,1.766,1.773,1.0,50128400.0,88855545.0,腾讯日K/前复权日K,2026-08-07T20:33:10+08:00,20260926T093659
159915,创业板ETF易方达,SZSE,2017-05-03,1.767,1.778,1.755,1.763,1.767,1.778,1.755,1.763,1.0,51127800.0,90252808.0,腾讯日K/前复权日K,2026-08-07T20:33:10+08:00,20260926T093659
159915,创业板ETF易方达,SZSE,2017-05-04,1.761,1.781,1.753,1.769,1.761,1.781,1.753,1.769,1.0,108463700.0,191762746.0,腾讯日K/前复权日K,2026-08-07T20:33:10+08:00,20260926T093659
159915,创业板ETF易方达,SZSE,2017-05-05,1.76,1.765,1.743,1.743,1.76,1.765,1.743,1.743,1.0,155391100.0,272700128.0,腾讯日K/前复权日K,2026-08-07T20:33:10+08:00,20260926T093659
159915,创业板ETF易方达,SZSE,2017-05-08,1.735,1.75,1.715,1.716,1.735,1.75,1.715,1.716,1.0,172897800.0,299627920.0,腾讯日K/前复权日K,2026-08-07T20:33:10+08:00,20260926T093659
159915,创业板ETF易方达,SZSE,2017-05-09,1.709,1.73,1.699,1.726,1.709,1.73,1.699,1.726,1.0,217147900.0,371764688.0,腾讯日K/前复权日K,2026-08-07T20:33:10+08:00,20260926T093659
159915,创业板ETF易方达,SZSE,2017-05-10,1.725,1.74,1.699,1.7,1.725,1.74,1.699,1.7,1.0,239347700.0,412446384.0,腾讯日K/前复权日K,2026-08-07T20:33:10+08:00,20260926T093659
159915,创业板ETF易方达,SZSE,2017-05-11,1.69,1.698,1.657,1.696,1.69,1.698,1.657,1.696,1.0,334857400.0,562541776.0,腾讯日K/前复权日K,2026-08-07T20:33:10+08:00,20260926T093659
159915,创业板ETF易方达,SZSE,2017-05-12,1.692,1.7,1.677,1.698,1.692,1.7,1.677,1.698,1.0,163612900.0,276100464.0,腾讯日K/前复权日K,2026-08-07T20:33:10+08:00,20260926T093659
159915,创业板ETF易方达,SZSE,2017-05-15,1.701,1.713,1.698,1.704,1.701,1.713,1.698,1.704,1.0,89594700.0,152810443.0,腾讯日K/前复权日K,2026-08-07T20:33:10+08:00,20260926T093659
159915,创业板ETF易方达,SZSE,2017-05-16,1.698,1.741,1.69,1.741,1.698,1.741,1.69,1.741,1.0,179443000.0,308032672.0,腾讯日K/前复权日K,2026-08-07T20:33:10+08:00,20260926T093659
159915,创业板ETF易方达,SZSE,2017-05-17,1.74,1.759,1.737,1.743,1.74,1.759,1.737,1.743,1.0,172884100.0,301857872.0,腾讯日K/前复权日K,2026-08-07T20:33:10+08:00,20260926T093659
159915,创业板ETF易方达,SZSE,2017-05-18,1.734,1.752,1.731,1.738,1.734,1.752,1.731,1.738,1.0,131522200.0,229008516.0,腾讯日K/前复权日K,2026-08-07T20:33:10+08:00,20260926T093659
159915,创业板ETF易方达,SZSE,2017-05-19,1.737,1.739,1.719,1.725,1.737,1.739,1.719,1.725,1.0,98246500.0,169697665.0,腾讯日K/前复权日K,2026-08-07T20:33:10+08:00,20260926T093659
159915,创业板ETF易方达,SZSE,2017-05-22,1.723,1.738,1.702,1.711,1.723,1.738,1.702,1.711,1.0,128838200.0,221527959.0,腾讯日K/前复权日K,2026-08-07T20:33:10+08:00,20260926T093659
159915,创业板ETF易方达,SZSE,2017-05-23,1.706,1.714,1.681,1.681,1.706,1.714,1.681,1.681,1.0,204940900.0,347520160.0,腾讯日K/前复权日K,2026-08-07T20:33:10+08:00,20260926T093659
159915,创业板ETF易方达,SZSE,2017-05-24,1.676,1.703,1.658,1.703,1.676,1.703,1.658,1.703,1.0,287080600.0,483393440.0,腾讯日K/前复权日K,2026-08-07T20:33:10+08:00,20260926T093659
159915,创业板ETF易方达,SZSE,2017-05-25,1.698,1.713,1.671,1.703,1.698,1.713,1.671,1.703,1.0,405808100.0,687749456.0,腾讯日K/前复权日K,2026-08-07T20:33:10+08:00,20260926T093659
159915,创业板ETF易方达,SZSE,2017-05-26,1.696,1.705,1.684,1.689,1.696,1.705,1.684,1.689,1.0,265576100.0,450175760.0,腾讯日K/前复权日K,2026-08-07T20:33:10+08:00,20260926T093659
159915,创业板ETF易方达,SZSE,2017-05-31,1.719,1.719,1.692,1.692,1.719,1.719,1.692,1.692,1.0,318902800.0,542541968.0,腾讯日K/前复权日K,2026-08-07T20:33:10+08:00,20260926T093659
159915,创业板ETF易方达,SZSE,2017-06-01,1.687,1.688,1.66,1.661,1.687,1.688,1.66,1.661,1.0,166342900.0,278949856.0,腾讯日K/前复权日K,2026-08-07T20:33:10+08:00,20260926T093659
159915,创业板ETF易方达,SZSE,2017-06-02,1.652,1.687,1.643,1.678,1.652,1.687,1.643,1.678,1.0,350769400.0,583775664.0,腾讯日K/前复权日K,2026-08-07T20:33:10+08:00,20260926T093659
159915,创业板ETF易方达,SZSE,2017-06-05,1.681,1.699,1.68,1.689,1.681,1.699,1.68,1.689,1.0,220706400.0,373018448.0,腾讯日K/前复权日K,2026-08-07T20:33:10+08:00,20260926T093659
159915,创业板ETF易方达,SZSE,2017-06-06,1.686,1.702,1.684,1.692,1.686,1.702,1.684,1.692,1.0,131403500.0,222527392.0,腾讯日K/前复权日K,2026-08-07T20:33:10+08:00,20260926T093659
159915,创业板ETF易方达,SZSE,2017-06-07,1.692,1.733,1.689,1.73,1.692,1.733,1.689,1.73,1.0,314669800.0,539653008.0,腾讯日K/前复权日K,2026-08-07T20:33:10+08:00,20260926T093659
159915,创业板ETF易方达,SZSE,2017-06-08,1.728,1.733,1.718,1.722,1.728,1.733,1.718,1.722,1.0,168923700.0,291306416.0,腾讯日K/前复权日K,2026-08-07T20:33:10+08:00,20260926T093659
159915,创业板ETF易方达,SZSE,2017-06-09,1.718,1.726,1.71,1.725,1.718,1.726,1.71,1.725,1.0,166267100.0,285614800.0,腾讯日K/前复权日K,2026-08-07T20:33:10+08:00,20260926T093659
159915,创业板ETF易方达,SZSE,2017-06-12,1.715,1.718,1.7,1.702,1.715,1.718,1.7,1.702,1.0,160871900.0,274790800.0,腾讯日K/前复权日K,2026-08-07T20:33:10+08:00,20260926T093659
159915,创业板ETF易方达,SZSE,2017-06-13,1.702,1.728,1.699,1.723,1.702,1.728,1.699,1.723,1.0,218076100.0,374836992.0,腾讯日K/前复权日K,2026-08-07T20:33:10+08:00,20260926T093659
159915,创业板ETF易方达,SZSE,2017-06-14,1.721,1.726,1.713,1.72,1.721,1.726,1.713,1.72,1.0,133308000.0,229306046.0,腾讯日K/前复权日K,2026-08-07T20:33:10+08:00,20260926T093659
159915,创业板ETF易方达,SZSE,2017-06-15,1.719,1.753,1.717,1.744,1.719,1.753,1.717,1.744,1.0,335244600.0,583855216.0,腾讯日K/前复权日K,2026-08-07T20:33:10+08:00,20260926T093659
159915,创业板ETF易方达,SZSE,2017-06-16,1.744,1.747,1.736,1.739,1.744,1.747,1.736,1.739,1.0,131849400.0,229588306.0,腾讯日K/前复权日K,2026-08-07T20:33:10+08:00,20260926T093659
159915,创业板ETF易方达,SZSE,2017-06-19,1.737,1.747,1.736,1.746,1.737,1.747,1.736,1.746,1.0,113784100.0,198191200.0,腾讯日K/前复权日K,2026-08-07T20:33:10+08:00,20260926T093659
159915,创业板ETF易方达,SZSE,2017-06-20,1.747,1.763,1.745,1.748,1.747,1.763,1.745,1.748,1.0,181570100.0,318715280.0,腾讯日K/前复权日K,2026-08-07T20:33:10+08:00,20260926T093659
159915,创业板ETF易方达,SZSE,2017-06-21,1.756,1.758,1.737,1.753,1.756,1.758,1.737,1.753,1.0,111186000.0,194312827.0,腾讯日K/前复权日K,2026-08-07T20:33:10+08:00,20260926T093659
159915,创业板ETF易方达,SZSE,2017-06-22,1.752,1.758,1.721,1.725,1.752,1.758,1.721,1.725,1.0,106756100.0,186183714.0,腾讯日K/前复权日K,2026-08-07T20:33:10+08:00,20260926T093659
159915,创业板ETF易方达,SZSE,2017-06-23,1.724,1.737,1.706,1.737,1.724,1.737,1.706,1.737,1.0,186122700.0,320078864.0,腾讯日K/前复权日K,2026-08-07T20:33:10+08:00,20260926T093659
159915,创业板ETF易方达,SZSE,2017-06-26,1.734,1.75,1.725,1.749,1.734,1.75,1.725,1.749,1.0,147628300.0,256702631.0,腾讯日K/前复权日K,2026-08-07T20:33:10+08:00,20260926T093659
159915,创业板ETF易方达,SZSE,2017-06-27,1.749,1.758,1.743,1.746,1.749,1.758,1.743,1.746,1.0,132441700.0,231860208.0,腾讯日K/前复权日K,2026-08-07T20:33:10+08:00,20260926T093659
159915,创业板ETF易方达,SZSE,2017-06-28,1.743,1.745,1.73,1.734,1.743,1.745,1.73,1.734,1.0,109378300.0,189814127.0,腾讯日K/前复权日K,2026-08-07T20:33:10+08:00,20260926T093659
159915,创业板ETF易方达,SZSE,2017-06-29,1.733,1.751,1.731,1.742,1.733,1.751,1.731,1.742,1.0,106699100.0,185837316.0,腾讯日K/前复权日K,2026-08-07T20:33:10+08:00,20260926T093659
159915,创业板ETF易方达,SZSE,2017-06-30,1.737,1.748,1.731,1.748,1.737,1.748,1.731,1.748,1.0,118410500.0,205920904.0,腾讯日K/前复权日K,2026-08-07T20:33:10+08:00,20260926T093659
159915,创业板ETF易方达,SZSE,2017-07-03,1.747,1.764,1.743,1.764,1.747,1.764,1.743,1.764,1.0,161459500.0,283419760.0,腾讯日K/前复权日K,2026-08-07T20:33:10+08:00,20260926T093659
159915,创业板ETF易方达,SZSE,2017-07-04,1.764,1.764,1.749,1.755,1.764,1.764,1.749,1.755,1.0,112042000.0,196661228.0,腾讯日K/前复权日K,2026-08-07T20:33:10+08:00,20260926T093659
159915,创业板ETF易方达,SZSE,2017-07-05,1.753,1.763,1.745,1.761,1.753,1.763,1.745,1.761,1.0,109474500.0,192009435.0,腾讯日K/前复权日K,2026-08-07T20:33:10+08:00,20260926T093659
159915,创业板ETF易方达,SZSE,2017-07-06,1.76,1.766,1.743,1.753,1.76,1.766,1.743,1.753,1.0,133570600.0,234486219.0,腾讯日K/前复权日K,2026-08-07T20:33:10+08:00,20260926T093659
159915,创业板ETF易方达,SZSE,2017-07-07,1.747,1.752,1.743,1.75,1.747,1.752,1.743,1.75,1.0,71699800.0,125282766.0,腾讯日K/前复权日K,2026-08-07T20:33:10+08:00,20260926T093659
159915,创业板ETF易方达,SZSE,2017-07-10,1.745,1.745,1.715,1.716,1.745,1.745,1.715,1.716,1.0,153869600.0,265984302.0,腾讯日K/前复权日K,2026-08-07T20:33:10+08:00,20260926T093659
159915,创业板ETF易方达,SZSE,2017-07-11,1.712,1.719,1.696,1.696,1.712,1.719,1.696,1.696,1.0,146193300.0,249616924.0,腾讯日K/前复权日K,2026-08-07T20:33:10+08:00,20260926T093659
159915,创业板ETF易方达,SZSE,2017-07-12,1.694,1.703,1.678,1.697,1.694,1.703,1.678,1.697,1.0,189194600.0,319582384.0,腾讯日K/前复权日K,2026-08-07T20:33:10+08:00,20260926T093659
159915,创业板ETF易方达,SZSE,2017-07-13,1.693,1.696,1.68,1.686,1.693,1.696,1.68,1.686,1.0,120706500.0,203911926.0,腾讯日K/前复权日K,2026-08-07T20:33:10+08:00,20260926T093659
159915,创业板ETF易方达,SZSE,2017-07-14,1.68,1.682,1.661,1.662,1.68,1.682,1.661,1.662,1.0,196398900.0,328168752.0,腾讯日K/前复权日K,2026-08-07T20:33:10+08:00,20260926T093659
159915,创业板ETF易方达,SZSE,2017-07-17,1.647,1.648,1.569,1.57,1.647,1.648,1.569,1.57,1.0,356188800.0,571619152.0,腾讯日K/前复权日K,2026-08-07T20:33:10+08:00,20260926T093659
159915,创业板ETF易方达,SZSE,2017-07-18,1.561,1.589,1.554,1.579,1.561,1.589,1.554,1.579,1.0,221334100.0,348115408.0,腾讯日K/前复权日K,2026-08-07T20:33:10+08:00,20260926T093659
159915,创业板ETF易方达,SZSE,2017-07-19,1.573,1.595,1.561,1.593,1.573,1.595,1.561,1.593,1.0,162813100.0,257042337.0,腾讯日K/前复权日K,2026-08-07T20:33:10+08:00,20260926T093659
159915,创业板ETF易方达,SZSE,2017-07-20,1.59,1.617,1.587,1.59,1.59,1.617,1.587,1.59,1.0,162074900.0,259995376.0,腾讯日K/前复权日K,2026-08-07T20:33:10+08:00,20260926T093659
159915,创业板ETF易方达,SZSE,2017-07-21,1.588,1.602,1.586,1.591,1.588,1.602,1.586,1.591,1.0,74724700.0,119211178.0,腾讯日K/前复权日K,2026-08-07T20:33:10+08:00,20260926T093659
159915,创业板ETF易方达,SZSE,2017-07-24,1.589,1.602,1.582,1.599,1.589,1.602,1.582,1.599,1.0,94649700.0,150676255.0,腾讯日K/前复权日K,2026-08-07T20:33:10+08:00,20260926T093659
159915,创业板ETF易方达,SZSE,2017-07-25,1.598,1.606,1.59,1.599,1.598,1.606,1.59,1.599,1.0,73577700.0,117549609.0,腾讯日K/前复权日K,2026-08-07T20:33:10+08:00,20260926T093659
159915,创业板ETF易方达,SZSE,2017-07-26,1.597,1.6,1.586,1.588,1.597,1.6,1.586,1.588,1.0,73534600.0,117107550.0,腾讯日K/前复权日K,2026-08-07T20:33:10+08:00,20260926T093659
159915,创业板ETF易方达,SZSE,2017-07-27,1.588,1.665,1.584,1.665,1.588,1.665,1.584,1.665,1.0,295904400.0,483583424.0,腾讯日K/前复权日K,2026-08-07T20:33:10+08:00,20260926T093659
159915,创业板ETF易方达,SZSE,2017-07-28,1.659,1.662,1.643,1.647,1.659,1.662,1.643,1.647,1.0,192426400.0,317980080.0,腾讯日K/前复权日K,2026-08-07T20:33:10+08:00,20260926T093659
159915,创业板ETF易方达,SZSE,2017-07-31,1.645,1.654,1.636,1.652,1.645,1.654,1.636,1.652,1.0,101128800.0,166423450.0,腾讯日K/前复权日K,2026-08-07T20:33:10+08:00,20260926T093659
159915,创业板ETF易方达,SZSE,2017-08-01,1.651,1.654,1.639,1.65,1.651,1.654,1.639,1.65,1.0,119031100.0,196061875.0,腾讯日K/前复权日K,2026-08-07T20:33:10+08:00,20260926T093659
159915,创业板ETF易方达,SZSE,2017-08-02,1.65,1.658,1.638,1.638,1.65,1.658,1.638,1.638,1.0,137166100.0,226185155.0,腾讯日K/前复权日K,2026-08-07T20:33:10+08:00,20260926T093659
159915,创业板ETF易方达,SZSE,2017-08-03,1.634,1.672,1.63,1.651,1.634,1.672,1.63,1.651,1.0,199833900.0,330630192.0,腾讯日K/前复权日K,2026-08-07T20:33:10+08:00,20260926T093659
159915,创业板ETF易方达,SZSE,2017-08-04,1.648,1.65,1.635,1.636,1.648,1.65,1.635,1.636,1.0,103183000.0,169463097.0,腾讯日K/前复权日K,2026-08-07T20:33:10+08:00,20260926T093659
159915,创业板ETF易方达,SZSE,2017-08-07,1.636,1.66,1.635,1.651,1.636,1.66,1.635,1.651,1.0,107092000.0,176894386.0,腾讯日K/前复权日K,2026-08-07T20:33:10+08:00,20260926T093659
159915,创业板ETF易方达,SZSE,2017-08-08,1.652,1.679,1.646,1.678,1.652,1.679,1.646,1.678,1.0,219925200.0,366490592.0,腾讯日K/前复权日K,2026-08-07T20:33:10+08:00,20260926T093659
159915,创业板ETF易方达,SZSE,2017-08-09,1.677,1.688,1.668,1.675,1.677,1.688,1.668,1.675,1.0,139226500.0,233621334.0,腾讯日K/前复权日K,2026-08-07T20:33:10+08:00,20260926T093659
159915,创业板ETF易方达,SZSE,2017-08-10,1.674,1.69,1.661,1.669,1.674,1.69,1.661,1.669,1.0,110894400.0,185775541.0,腾讯日K/前复权日K,2026-08-07T20:33:10+08:00,20260926T093659
159915,创业板ETF易方达,SZSE,2017-08-11,1.661,1.678,1.656,1.659,1.661,1.678,1.656,1.659,1.0,171893200.0,286724192.0,腾讯日K/前复权日K,2026-08-07T20:33:10+08:00,20260926T093659
159915,创业板ETF易方达,SZSE,2017-08-14,1.664,1.702,1.662,1.702,1.664,1.702,1.662,1.702,1.0,236429600.0,399552000.0,腾讯日K/前复权日K,2026-08-07T20:33:10+08:00,20260926T093659
159915,创业板ETF易方达,SZSE,2017-08-15,1.704,1.71,1.695,1.706,1.704,1.71,1.695,1.706,1.0,149696500.0,254988656.0,腾讯日K/前复权日K,2026-08-07T20:33:10+08:00,20260926T093659
159915,创业板ETF易方达,SZSE,2017-08-16,1.704,1.745,1.701,1.735,1.704,1.745,1.701,1.735,1.0,192410100.0,332345504.0,腾讯日K/前复权日K,2026-08-07T20:33:10+08:00,20260926T093659
159915,创业板ETF易方达,SZSE,2017-08-17,1.728,1.753,1.725,1.746,1.728,1.753,1.725,1.746,1.0,253653100.0,441654992.0,腾讯日K/前复权日K,2026-08-07T20:33:10+08:00,20260926T093659
159915,创业板ETF易方达,SZSE,2017-08-18,1.738,1.746,1.728,1.733,1.738,1.746,1.728,1.733,1.0,141786100.0,246227716.0,腾讯日K/前复权日K,2026-08-07T20:33:10+08:00,20260926T093659
159915,创业板ETF易方达,SZSE,2017-08-21,1.737,1.743,1.728,1.737,1.737,1.743,1.728,1.737,1.0,126474600.0,219416648.0,腾讯日K/前复权日K,2026-08-07T20:33:10+08:00,20260926T093659
159915,创业板ETF易方达,SZSE,2017-08-22,1.737,1.742,1.72,1.726,1.737,1.742,1.72,1.726,1.0,116243700.0,201043042.0,腾讯日K/前复权日K,2026-08-07T20:33:10+08:00,20260926T093659
159915,创业板ETF易方达,SZSE,2017-08-23,1.722,1.732,1.714,1.717,1.722,1.732,1.714,1.717,1.0,123091400.0,211834376.0,腾讯日K/前复权日K,2026-08-07T20:33:10+08:00,20260926T093659
159915,创业板ETF易方达,SZSE,2017-08-24,1.716,1.726,1.705,1.705,1.716,1.726,1.705,1.705,1.0,127975700.0,219382488.0,腾讯日K/前复权日K,2026-08-07T20:33:10+08:00,20260926T093659
159915,创业板ETF易方达,SZSE,2017-08-25,1.702,1.729,1.702,1.723,1.702,1.729,1.702,1.723,1.0,145457100.0,250144026.0,腾讯日K/前复权日K,2026-08-07T20:33:10+08:00,20260926T093659
159915,创业板ETF易方达,SZSE,2017-08-28,1.729,1.772,1.727,1.755,1.729,1.772,1.727,1.755,1.0,240290800.0,422238192.0,腾讯日K/前复权日K,2026-08-07T20:33:10+08:00,20260926T093659
159915,创业板ETF易方达,SZSE,2017-08-29,1.753,1.766,1.743,1.743,1.753,1.766,1.743,1.743,1.0,153501800.0,269173872.0,腾讯日K/前复权日K,2026-08-07T20:33:10+08:00,20260926T093659
159915,创业板ETF易方达,SZSE,2017-08-30,1.745,1.768,1.743,1.756,1.745,1.768,1.743,1.756,1.0,161367900.0,283467232.0,腾讯日K/前复权日K,2026-08-07T20:33:10+08:00,20260926T093659
159915,创业板ETF易方达,SZSE,2017-08-31,1.758,1.767,1.755,1.765,1.758,1.767,1.755,1.765,1.0,134371300.0,236760541.0,腾讯日K/前复权日K,2026-08-07T20:33:10+08:00,20260926T093659
159915,创业板ETF易方达,SZSE,2017-09-01,1.768,1.78,1.755,1.776,1.768,1.78,1.755,1.776,1.0,175343500.0,309891088.0,腾讯日K/前复权日K,2026-08-07T20:33:10+08:00,20260926T093659
159915,创业板ETF易方达,SZSE,2017-09-04,1.773,1.799,1.769,1.796,1.773,1.799,1.769,1.796,1.0,145584100.0,260343930.0,腾讯日K/前复权日K,2026-08-07T20:33:10+08:00,20260926T093659
159915,创业板ETF易方达,SZSE,2017-09-05,1.795,1.804,1.785,1.796,1.795,1.804,1.785,1.796,1.0,139420400.0,250347097.0,腾讯日K/前复权日K,2026-08-07T20:33:10+08:00,20260926T093659
159915,创业板ETF易方达,SZSE,2017-09-06,1.792,1.814,1.79,1.813,1.792,1.814,1.79,1.813,1.0,161186300.0,290327648.0,腾讯日K/前复权日K,2026-08-07T20:33:10+08:00,20260926T093659
159915,创业板ETF易方达,SZSE,2017-09-07,1.813,1.828,1.797,1.8,1.813,1.828,1.797,1.8,1.0,163236900.0,296344192.0,腾讯日K/前复权日K,2026-08-07T20:33:10+08:00,20260926T093659
159915,创业板ETF易方达,SZSE,2017-09-08,1.797,1.807,1.783,1.791,1.797,1.807,1.783,1.791,1.0,139855600.0,251025855.0,腾讯日K/前复权日K,2026-08-07T20:33:10+08:00,20260926T093659
159915,创业板ETF易方达,SZSE,2017-09-11,1.79,1.807,1.788,1.807,1.79,1.807,1.788,1.807,1.0,102314700.0,184131587.0,腾讯日K/前复权日K,2026-08-07T20:33:10+08:00,20260926T093659
159915,创业板ETF易方达,SZSE,2017-09-12,1.811,1.815,1.792,1.793,1.811,1.815,1.792,1.793,1.0,122254600.0,220494664.0,腾讯日K/前复权日K,2026-08-07T20:33:10+08:00,20260926T093659
159915,创业板ETF易方达,SZSE,2017-09-13,1.792,1.798,1.784,1.797,1.792,1.798,1.784,1.797,1.0,97223900.0,174212687.0,腾讯日K/前复权日K,2026-08-07T20:33:10+08:00,20260926T093659
159915,创业板ETF易方达,SZSE,2017-09-14,1.797,1.803,1.783,1.787,1.797,1.803,1.783,1.787,1.0,83901200.0,150416300.0,腾讯日K/前复权日K,2026-08-07T20:33:10+08:00,20260926T093659
159915,创业板ETF易方达,SZSE,2017-09-15,1.785,1.792,1.78,1.782,1.785,1.792,1.78,1.782,1.0,89552900.0,159878870.0,腾讯日K/前复权日K,2026-08-07T20:33:10+08:00,20260926T093659
159915,创业板ETF易方达,SZSE,2017-09-18,1.782,1.808,1.78,1.808,1.782,1.808,1.78,1.808,1.0,114135800.0,205056836.0,腾讯日K/前复权日K,2026-08-07T20:33:10+08:00,20260926T093659
159915,创业板ETF易方达,SZSE,2017-09-19,1.807,1.811,1.785,1.79,1.807,1.811,1.785,1.79,1.0,115082500.0,207097411.0,腾讯日K/前复权日K,2026-08-07T20:33:10+08:00,20260926T093659
159915,创业板ETF易方达,SZSE,2017-09-20,1.788,1.803,1.786,1.801,1.788,1.803,1.786,1.801,1.0,76199600.0,136795706.0,腾讯日K/前复权日K,2026-08-07T20:33:10+08:00,20260926T093659
159915,创业板ETF易方达,SZSE,2017-09-21,1.802,1.808,1.78,1.78,1.802,1.808,1.78,1.78,1.0,76490300.0,137266294.0,腾讯日K/前复权日K,2026-08-07T20:33:10+08:00,20260926T093659
159915,创业板ETF易方达,SZSE,2017-09-22,1.775,1.78,1.762,1.773,1.775,1.78,1.762,1.773,1.0,107924800.0,191300260.0,腾讯日K/前复权日K,2026-08-07T20:33:10+08:00,20260926T093659
159915,创业板ETF易方达,SZSE,2017-09-25,1.77,1.778,1.748,1.75,1.77,1.778,1.748,1.75,1.0,80722300.0,142398148.0,腾讯日K/前复权日K,2026-08-07T20:33:10+08:00,20260926T093659
159915,创业板ETF易方达,SZSE,2017-09-26,1.749,1.758,1.734,1.746,1.749,1.758,1.734,1.746,1.0,96642500.0,168631756.0,腾讯日K/前复权日K,2026-08-07T20:33:10+08:00,20260926T093659
159915,创业板ETF易方达,SZSE,2017-09-27,1.75,1.766,1.748,1.757,1.75,1.766,1.748,1.757,1.0,81579300.0,143255488.0,腾讯日K/前复权日K,2026-08-07T20:33:10+08:00,20260926T093659
159915,创业板ETF易方达,SZSE,2017-09-28,1.758,1.771,1.757,1.761,1.758,1.771,1.757,1.761,1.0,73049000.0,128804556.0,腾讯日K/前复权日K,2026-08-07T20:33:10+08:00,20260926T093659
159915,创业板ETF易方达,SZSE,2017-09-29,1.764,1.78,1.764,1.78,1.764,1.78,1.764,1.78,1.0,57051400.0,101193632.0,腾讯日K/前复权日K,2026-08-07T20:33:10+08:00,20260926T093659
159915,创业板ETF易方达,SZSE,2017-10-09,1.797,1.81,1.79,1.8,1.797,1.81,1.79,1.8,1.0,90255300.0,162208355.0,腾讯日K/前复权日K,2026-08-07T20:33:10+08:00,20260926T093659
159915,创业板ETF易方达,SZSE,2017-10-10,1.798,1.828,1.797,1.828,1.798,1.828,1.797,1.828,1.0,128346400.0,232829319.0,腾讯日K/前复权日K,2026-08-07T20:33:10+08:00,20260926T093659
159915,创业板ETF易方达,SZSE,2017-10-11,1.83,1.835,1.811,1.814,1.83,1.835,1.811,1.814,1.0,114773200.0,208922109.0,腾讯日K/前复权日K,2026-08-07T20:33:10+08:00,20260926T093659
159915,创业板ETF易方达,SZSE,2017-10-12,1.812,1.819,1.799,1.811,1.812,1.819,1.799,1.811,1.0,78569200.0,142223062.0,腾讯日K/前复权日K,2026-08-07T20:33:10+08:00,20260926T093659
159915,创业板ETF易方达,SZSE,2017-10-13,1.811,1.84,1.806,1.84,1.811,1.84,1.806,1.84,1.0,118863800.0,216937353.0,腾讯日K/前复权日K,2026-08-07T20:33:10+08:00,20260926T093659
159915,创业板ETF易方达,SZSE,2017-10-16,1.84,1.84,1.795,1.796,1.84,1.84,1.795,1.796,1.0,219489300.0,396814976.0,腾讯日K/前复权日K,2026-08-07T20:33:10+08:00,20260926T093659
159915,创业板ETF易方达,SZSE,2017-10-17,1.791,1.798,1.781,1.786,1.791,1.798,1.781,1.786,1.0,92273800.0,164973103.0,腾讯日K/前复权日K,2026-08-07T20:33:10+08:00,20260926T093659
159915,创业板ETF易方达,SZSE,2017-10-18,1.789,1.8,1.778,1.778,1.789,1.8,1.778,1.778,1.0,84606200.0,151658517.0,腾讯日K/前复权日K,2026-08-07T20:33:10+08:00,20260926T093659
159915,创业板ETF易方达,SZSE,2017-10-19,1.777,1.787,1.767,1.775,1.777,1.787,1.767,1.775,1.0,85996200.0,152934960.0,腾讯日K/前复权日K,2026-08-07T20:33:10+08:00,20260926T093659
159915,创业板ETF易方达,SZSE,2017-10-20,1.773,1.795,1.771,1.794,1.773,1.795,1.771,1.794,1.0,71227600.0,126972707.0,腾讯日K/前复权日K,2026-08-07T20:33:10+08:00,20260926T093659
159915,创业板ETF易方达,SZSE,2017-10-23,1.791,1.812,1.788,1.806,1.791,1.812,1.788,1.806,1.0,120425000.0,217029908.0,腾讯日K/前复权日K,2026-08-07T20:33:10+08:00,20260926T093659
159915,创业板ETF易方达,SZSE,2017-10-24,1.805,1.812,1.791,1.812,1.805,1.812,1.791,1.812,1.0,75079500.0,135096771.0,腾讯日K/前复权日K,2026-08-07T20:33:10+08:00,20260926T093659
159915,创业板ETF易方达,SZSE,2017-10-25,1.808,1.822,1.802,1.818,1.808,1.822,1.802,1.818,1.0,77526100.0,140635222.0,腾讯日K/前复权日K,2026-08-07T20:33:10+08:00,20260926T093659
159915,创业板ETF易方达,SZSE,2017-10-26,1.819,1.826,1.808,1.823,1.819,1.826,1.808,1.823,1.0,94733200.0,172369305.0,腾讯日K/前复权日K,2026-08-07T20:33:10+08:00,20260926T093659
159915,创业板ETF易方达,SZSE,2017-10-27,1.821,1.822,1.801,1.801,1.821,1.822,1.801,1.801,1.0,70848800.0,128277233.0,腾讯日K/前复权日K,2026-08-07T20:33:10+08:00,20260926T093659
159915,创业板ETF易方达,SZSE,2017-10-30,1.801,1.807,1.759,1.764,1.801,1.807,1.759,1.764,1.0,157910600.0,280053264.0,腾讯日K/前复权日K,2026-08-07T20:33:10+08:00,20260926T093659
159915,创业板ETF易方达,SZSE,2017-10-31,1.764,1.778,1.762,1.773,1.764,1.778,1.762,1.773,1.0,89869900.0,159141759.0,腾讯日K/前复权日K,2026-08-07T20:33:10+08:00,20260926T093659
159915,创业板ETF易方达,SZSE,2017-11-01,1.773,1.781,1.768,1.769,1.773,1.781,1.768,1.769,1.0,92927700.0,164908382.0,腾讯日K/前复权日K,2026-08-07T20:33:10+08:00,20260926T093659
159915,创业板ETF易方达,SZSE,2017-11-02,1.766,1.767,1.745,1.745,1.766,1.767,1.745,1.745,1.0,84463400.0,148274262.0,腾讯日K/前复权日K,2026-08-07T20:33:10+08:00,20260926T093659
159915,创业板ETF易方达,SZSE,2017-11-03,1.742,1.757,1.726,1.732,1.742,1.757,1.726,1.732,1.0,134118100.0,233255287.0,腾讯日K/前复权日K,2026-08-07T20:33:10+08:00,20260926T093659
159915,创业板ETF易方达,SZSE,2017-11-06,1.732,1.754,1.719,1.754,1.732,1.754,1.719,1.754,1.0,77044500.0,133756193.0,腾讯日K/前复权日K,2026-08-07T20:33:10+08:00,20260926T093659
159915,创业板ETF易方达,SZSE,2017-11-07,1.753,1.76,1.742,1.76,1.753,1.76,1.742,1.76,1.0,71643500.0,125319493.0,腾讯日K/前复权日K,2026-08-07T20:33:10+08:00,20260926T093659
159915,创业板ETF易方达,SZSE,2017-11-08,1.758,1.783,1.755,1.765,1.758,1.783,1.755,1.765,1.0,103865000.0,183714963.0,腾讯日K/前复权日K,2026-08-07T20:33:10+08:00,20260926T093659
159915,创业板ETF易方达,SZSE,2017-11-09,1.764,1.783,1.755,1.779,1.764,1.783,1.755,1.779,1.0,68347900.0,121051879.0,腾讯日K/前复权日K,2026-08-07T20:33:10+08:00,20260926T093659
159915,创业板ETF易方达,SZSE,2017-11-10,1.778,1.8,1.775,1.8,1.778,1.8,1.775,1.8,1.0,101993900.0,182887078.0,腾讯日K/前复权日K,2026-08-07T20:33:10+08:00,20260926T093659
159915,创业板ETF易方达,SZSE,2017-11-13,1.799,1.807,1.794,1.799,1.799,1.807,1.794,1.799,1.0,62901300.0,113187797.0,腾讯日K/前复权日K,2026-08-07T20:33:10+08:00,20260926T093659
159915,创业板ETF易方达,SZSE,2017-11-14,1.8,1.808,1.781,1.788,1.8,1.808,1.781,1.788,1.0,83959900.0,150864310.0,腾讯日K/前复权日K,2026-08-07T20:33:10+08:00,20260926T093659
159915,创业板ETF易方达,SZSE,2017-11-15,1.786,1.789,1.755,1.758,1.786,1.789,1.755,1.758,1.0,89609500.0,158323051.0,腾讯日K/前复权日K,2026-08-07T20:33:10+08:00,20260926T093659
159915,创业板ETF易方达,SZSE,2017-11-16,1.756,1.771,1.751,1.765,1.756,1.771,1.751,1.765,1.0,90713700.0,159809970.0,腾讯日K/前复权日K,2026-08-07T20:33:10+08:00,20260926T093659
159915,创业板ETF易方达,SZSE,2017-11-17,1.762,1.771,1.722,1.723,1.762,1.771,1.722,1.723,1.0,144411300.0,251693346.0,腾讯日K/前复权日K,2026-08-07T20:33:10+08:00,20260926T093659
159915,创业板ETF易方达,SZSE,2017-11-20,1.719,1.755,1.697,1.755,1.719,1.755,1.697,1.755,1.0,132603300.0,228152092.0,腾讯日K/前复权日K,2026-08-07T20:33:10+08:00,20260926T093659
159915,创业板ETF易方达,SZSE,2017-11-21,1.747,1.759,1.737,1.75,1.747,1.759,1.737,1.75,1.0,108058900.0,188781134.0,腾讯日K/前复权日K,2026-08-07T20:33:10+08:00,20260926T093659
159915,创业板ETF易方达,SZSE,2017-11-22,1.748,1.762,1.732,1.744,1.748,1.762,1.732,1.744,1.0,115199100.0,201255732.0,腾讯日K/前复权日K,2026-08-07T20:33:10+08:00,20260926T093659
159915,创业板ETF易方达,SZSE,2017-11-23,1.737,1.74,1.691,1.692,1.737,1.74,1.691,1.692,1.0,135930400.0,232912790.0,腾讯日K/前复权日K,2026-08-07T20:33:10+08:00,20260926T093659
159915,创业板ETF易方达,SZSE,2017-11-24,1.687,1.695,1.678,1.678,1.687,1.695,1.678,1.678,1.0,99767600.0,168382604.0,腾讯日K/前复权日K,2026-08-07T20:33:10+08:00,20260926T093659
159915,创业板ETF易方达,SZSE,2017-11-27,1.671,1.692,1.657,1.66,1.671,1.692,1.657,1.66,1.0,106821600.0,178740678.0,腾讯日K/前复权日K,2026-08-07T20:33:10+08:00,20260926T093659
159915,创业板ETF易方达,SZSE,2017-11-28,1.66,1.686,1.658,1.682,1.66,1.686,1.658,1.682,1.0,135676100.0,227008829.0,腾讯日K/前复权日K,2026-08-07T20:33:10+08:00,20260926T093659
159915,创业板ETF易方达,SZSE,2017-11-29,1.682,1.684,1.661,1.674,1.682,1.684,1.661,1.674,1.0,78718100.0,131678938.0,腾讯日K/前复权日K,2026-08-07T20:33:10+08:00,20260926T093659
159915,创业板ETF易方达,SZSE,2017-11-30,1.673,1.681,1.657,1.663,1.673,1.681,1.657,1.663,1.0,64833300.0,108244149.0,腾讯日K/前复权日K,2026-08-07T20:33:10+08:00,20260926T093659
159915,创业板ETF易方达,SZSE,2017-12-01,1.665,1.695,1.662,1.687,1.665,1.695,1.662,1.687,1.0,146677800.0,247085286.0,腾讯日K/前复权日K,2026-08-07T20:33:10+08:00,20260926T093659
159915,创业板ETF易方达,SZSE,2017-12-04,1.683,1.692,1.673,1.676,1.683,1.692,1.673,1.676,1.0,115624100.0,194697807.0,腾讯日K/前复权日K,2026-08-07T20:33:10+08:00,20260926T093659
159915,创业板ETF易方达,SZSE,2017-12-05,1.674,1.679,1.632,1.644,1.674,1.679,1.632,1.644,1.0,120939600.0,199778563.0,腾讯日K/前复权日K,2026-08-07T20:33:10+08:00,20260926T093659
159915,创业板ETF易方达,SZSE,2017-12-06,1.647,1.664,1.631,1.663,1.647,1.664,1.631,1.663,1.0,272513100.0,449955328.0,腾讯日K/前复权日K,2026-08-07T20:33:10+08:00,20260926T093659
159915,创业板ETF易方达,SZSE,2017-12-07,1.662,1.673,1.654,1.656,1.662,1.673,1.654,1.656,1.0,132784000.0,220821668.0,腾讯日K/前复权日K,2026-08-07T20:33:10+08:00,20260926T093659
159915,创业板ETF易方达,SZSE,2017-12-08,1.656,1.688,1.654,1.675,1.656,1.688,1.654,1.675,1.0,108858400.0,182349395.0,腾讯日K/前复权日K,2026-08-07T20:33:10+08:00,20260926T093659
159915,创业板ETF易方达,SZSE,2017-12-11,1.682,1.698,1.678,1.698,1.682,1.698,1.678,1.698,1.0,117463000.0,198409111.0,腾讯日K/前复权日K,2026-08-07T20:33:10+08:00,20260926T093659
159915,创业板ETF易方达,SZSE,2017-12-12,1.698,1.699,1.675,1.675,1.698,1.699,1.675,1.675,1.0,70796400.0,119597301.0,腾讯日K/前复权日K,2026-08-07T20:33:10+08:00,20260926T093659
159915,创业板ETF易方达,SZSE,2017-12-13,1.679,1.692,1.67,1.691,1.679,1.692,1.67,1.691,1.0,78622200.0,132199735.0,腾讯日K/前复权日K,2026-08-07T20:33:10+08:00,20260926T093659
159915,创业板ETF易方达,SZSE,2017-12-14,1.689,1.692,1.674,1.68,1.689,1.692,1.674,1.68,1.0,74136600.0,124568443.0,腾讯日K/前复权日K,2026-08-07T20:33:10+08:00,20260926T093659
159915,创业板ETF易方达,SZSE,2017-12-15,1.681,1.684,1.666,1.673,1.681,1.684,1.666,1.673,1.0,95779000.0,160367344.0,腾讯日K/前复权日K,2026-08-07T20:33:10+08:00,20260926T093659
159915,创业板ETF易方达,SZSE,2017-12-18,1.673,1.676,1.66,1.667,1.673,1.676,1.66,1.667,1.0,57002700.0,95003881.0,腾讯日K/前复权日K,2026-08-07T20:33:10+08:00,20260926T093659
159915,创业板ETF易方达,SZSE,2017-12-19,1.668,1.688,1.668,1.683,1.668,1.688,1.668,1.683,1.0,122098900.0,205326316.0,腾讯日K/前复权日K,2026-08-07T20:33:10+08:00,20260926T093659
159915,创业板ETF易方达,SZSE,2017-12-20,1.68,1.682,1.661,1.661,1.68,1.682,1.661,1.661,1.0,66801900.0,111648626.0,腾讯日K/前复权日K,2026-08-07T20:33:10+08:00,20260926T093659
159915,创业板ETF易方达,SZSE,2017-12-21,1.659,1.68,1.647,1.668,1.659,1.68,1.647,1.668,1.0,87827900.0,146251146.0,腾讯日K/前复权日K,2026-08-07T20:33:10+08:00,20260926T093659
159915,创业板ETF易方达,SZSE,2017-12-22,1.669,1.676,1.662,1.663,1.669,1.676,1.662,1.663,1.0,55883300.0,93269899.0,腾讯日K/前复权日K,2026-08-07T20:33:10+08:00,20260926T093659
159915,创业板ETF易方达,SZSE,2017-12-25,1.662,1.663,1.634,1.642,1.662,1.663,1.634,1.642,1.0,103744900.0,170675380.0,腾讯日K/前复权日K,2026-08-07T20:33:10+08:00,20260926T093659
159915,创业板ETF易方达,SZSE,2017-12-26,1.642,1.646,1.631,1.644,1.642,1.646,1.631,1.644,1.0,106696000.0,174894030.0,腾讯日K/前复权日K,2026-08-07T20:33:10+08:00,20260926T093659
159915,创业板ETF易方达,SZSE,2017-12-27,1.644,1.647,1.626,1.63,1.644,1.647,1.626,1.63,1.0,87337500.0,143061507.0,腾讯日K/前复权日K,2026-08-07T20:33:10+08:00,20260926T093659
159915,创业板ETF易方达,SZSE,2017-12-28,1.629,1.647,1.627,1.637,1.629,1.647,1.627,1.637,1.0,98456000.0,161246661.0,腾讯日K/前复权日K,2026-08-07T20:33:10+08:00,20260926T093659
159915,创业板ETF易方达,SZSE,2017-12-29,1.638,1.644,1.632,1.644,1.638,1.644,1.632,1.644,1.0,93502000.0,153104072.0,腾讯日K/前复权日K,2026-08-07T20:33:10+08:00,20260926T093659
159915,创业板ETF易方达,SZSE,2018-01-02,1.65,1.676,1.646,1.665,1.65,1.676,1.646,1.665,1.0,98312700.0,163062394.0,腾讯日K/前复权日K,2026-08-07T20:33:10+08:00,20260926T093659
159915,创业板ETF易方达,SZSE,2018-01-03,1.666,1.693,1.663,1.689,1.666,1.693,1.663,1.689,1.0,191228300.0,321261920.0,腾讯日K/前复权日K,2026-08-07T20:33:10+08:00,20260926T093659
159915,创业板ETF易方达,SZSE,2018-01-04,1.686,1.693,1.682,1.693,1.686,1.693,1.682,1.693,1.0,92557700.0,156329152.0,腾讯日K/前复权日K,2026-08-07T20:33:10+08:00,20260926T093659
159915,创业板ETF易方达,SZSE,2018-01-05,1.693,1.7,1.691,1.696,1.693,1.7,1.691,1.696,1.0,89040700.0,151083448.0,腾讯日K/前复权日K,2026-08-07T20:33:10+08:00,20260926T093659
159915,创业板ETF易方达,SZSE,2018-01-08,1.694,1.701,1.682,1.701,1.694,1.701,1.682,1.701,1.0,70612800.0,119464243.0,腾讯日K/前复权日K,2026-08-07T20:33:10+08:00,20260926T093659
159915,创业板ETF易方达,SZSE,2018-01-09,1.699,1.702,1.694,1.699,1.699,1.702,1.694,1.699,1.0,57703400.0,97981048.0,腾讯日K/前复权日K,2026-08-07T20:33:10+08:00,20260926T093659
159915,创业板ETF易方达,SZSE,2018-01-10,1.695,1.699,1.679,1.689,1.695,1.699,1.679,1.689,1.0,71580200.0,120750211.0,腾讯日K/前复权日K,2026-08-07T20:33:10+08:00,20260926T093659
159915,创业板ETF易方达,SZSE,2018-01-11,1.686,1.707,1.675,1.701,1.686,1.707,1.675,1.701,1.0,146851900.0,248536899.0,腾讯日K/前复权日K,2026-08-07T20:33:10+08:00,20260926T093659
159915,创业板ETF易方达,SZSE,2018-01-12,1.7,1.7,1.684,1.685,1.7,1.7,1.684,1.685,1.0,80490900.0,136125215.0,腾讯日K/前复权日K,2026-08-07T20:33:10+08:00,20260926T093659
159915,创业板ETF易方达,SZSE,2018-01-15,1.68,1.681,1.63,1.634,1.68,1.681,1.63,1.634,1.0,198965500.0,328814256.0,腾讯日K/前复权日K,2026-08-07T20:33:10+08:00,20260926T093659
159915,创业板ETF易方达,SZSE,2018-01-16,1.632,1.642,1.621,1.631,1.632,1.642,1.621,1.631,1.0,144113200.0,235117492.0,腾讯日K/前复权日K,2026-08-07T20:33:10+08:00,20260926T093659
159915,创业板ETF易方达,SZSE,2018-01-17,1.628,1.647,1.601,1.639,1.628,1.647,1.601,1.639,1.0,328903600.0,534264992.0,腾讯日K/前复权日K,2026-08-07T20:33:10+08:00,20260926T093659
159915,创业板ETF易方达,SZSE,2018-01-18,1.633,1.651,1.631,1.636,1.633,1.651,1.631,1.636,1.0,199395800.0,327304672.0,腾讯日K/前复权日K,2026-08-07T20:33:10+08:00,20260926T093659
159915,创业板ETF易方达,SZSE,2018-01-19,1.64,1.648,1.629,1.63,1.64,1.648,1.629,1.63,1.0,183248500.0,299930576.0,腾讯日K/前复权日K,2026-08-07T20:33:10+08:00,20260926T093659
159915,创业板ETF易方达,SZSE,2018-01-22,1.623,1.674,1.616,1.67,1.623,1.674,1.616,1.67,1.0,294823800.0,486756208.0,腾讯日K/前复权日K,2026-08-07T20:33:10+08:00,20260926T093659
159915,创业板ETF易方达,SZSE,2018-01-23,1.668,1.676,1.661,1.667,1.668,1.676,1.661,1.667,1.0,204067200.0,340268752.0,腾讯日K/前复权日K,2026-08-07T20:33:10+08:00,20260926T093659
159915,创业板ETF易方达,SZSE,2018-01-24,1.672,1.723,1.653,1.714,1.672,1.723,1.653,1.714,1.0,585031600.0,988016912.0,腾讯日K/前复权日K,2026-08-07T20:33:10+08:00,20260926T093659
159915,创业板ETF易方达,SZSE,2018-01-25,1.714,1.751,1.705,1.708,1.714,1.751,1.705,1.708,1.0,704903200.0,1219092272.0,腾讯日K/前复权日K,2026-08-07T20:33:10+08:00,20260926T093659
159915,创业板ETF易方达,SZSE,2018-01-26,1.708,1.733,1.705,1.72,1.708,1.733,1.705,1.72,1.0,358647700.0,617135488.0,腾讯日K/前复权日K,2026-08-07T20:33:10+08:00,20260926T093659
159915,创业板ETF易方达,SZSE,2018-01-29,1.72,1.725,1.692,1.701,1.72,1.725,1.692,1.701,1.0,496578700.0,847216400.0,腾讯日K/前复权日K,2026-08-07T20:33:10+08:00,20260926T093659
159915,创业板ETF易方达,SZSE,2018-01-30,1.698,1.709,1.681,1.687,1.698,1.709,1.681,1.687,1.0,404914200.0,685449152.0,腾讯日K/前复权日K,2026-08-07T20:33:10+08:00,20260926T093659
159915,创业板ETF易方达,SZSE,2018-01-31,1.68,1.68,1.632,1.633,1.68,1.68,1.632,1.633,1.0,528166000.0,871475584.0,腾讯日K/前复权日K,2026-08-07T20:33:10+08:00,20260926T093659
159915,创业板ETF易方达,SZSE,2018-02-01,1.634,1.647,1.602,1.603,1.634,1.647,1.602,1.603,1.0,562271900.0,913368720.0,腾讯日K/前复权日K,2026-08-07T20:33:10+08:00,20260926T093659
159915,创业板ETF易方达,SZSE,2018-02-02,1.593,1.627,1.582,1.607,1.593,1.627,1.582,1.607,1.0,498830200.0,802212352.0,腾讯日K/前复权日K,2026-08-07T20:33:10+08:00,20260926T093659
159915,创业板ETF易方达,SZSE,2018-02-05,1.586,1.601,1.582,1.594,1.586,1.601,1.582,1.594,1.0,326021600.0,518994464.0,腾讯日K/前复权日K,2026-08-07T20:33:10+08:00,20260926T093659
159915,创业板ETF易方达,SZSE,2018-02-06,1.57,1.578,1.502,1.505,1.57,1.578,1.502,1.505,1.0,614877400.0,953692720.0,腾讯日K/前复权日K,2026-08-07T20:33:10+08:00,20260926T093659
159915,创业板ETF易方达,SZSE,2018-02-07,1.539,1.543,1.48,1.523,1.539,1.543,1.48,1.523,1.0,633294700.0,963662976.0,腾讯日K/前复权日K,2026-08-07T20:33:10+08:00,20260926T093659
159915,创业板ETF易方达,SZSE,2018-02-08,1.515,1.556,1.512,1.548,1.515,1.556,1.512,1.548,1.0,419542000.0,646892368.0,腾讯日K/前复权日K,2026-08-07T20:33:10+08:00,20260926T093659
159915,创业板ETF易方达,SZSE,2018-02-09,1.51,1.535,1.482,1.502,1.51,1.535,1.482,1.502,1.0,580171300.0,877744048.0,腾讯日K/前复权日K,2026-08-07T20:33:10+08:00,20260926T093659
159915,创业板ETF易方达,SZSE,2018-02-12,1.515,1.562,1.51,1.553,1.515,1.562,1.51,1.553,1.0,516794300.0,796551152.0,腾讯日K/前复权日K,2026-08-07T20:33:10+08:00,20260926T093659
159915,创业板ETF易方达,SZSE,2018-02-13,1.561,1.574,1.547,1.557,1.561,1.574,1.547,1.557,1.0,320840100.0,500876784.0,腾讯日K/前复权日K,2026-08-07T20:33:10+08:00,20260926T093659
159915,创业板ETF易方达,SZSE,2018-02-14,1.555,1.556,1.539,1.549,1.555,1.556,1.539,1.549,1.0,191300300.0,295943376.0,腾讯日K/前复权日K,2026-08-07T20:33:10+08:00,20260926T093659
159915,创业板ETF易方达,SZSE,2018-02-22,1.563,1.581,1.554,1.58,1.563,1.581,1.554,1.58,1.0,303028800.0,476359040.0,腾讯日K/前复权日K,2026-08-07T20:33:10+08:00,20260926T093659
159915,创业板ETF易方达,SZSE,2018-02-23,1.576,1.584,1.561,1.572,1.576,1.584,1.561,1.572,1.0,188053900.0,295671376.0,腾讯日K/前复权日K,2026-08-07T20:33:10+08:00,20260926T093659
159915,创业板ETF易方达,SZSE,2018-02-26,1.585,1.633,1.575,1.63,1.585,1.633,1.575,1.63,1.0,517519800.0,831373168.0,腾讯日K/前复权日K,2026-08-07T20:33:10+08:00,20260926T093659
159915,创业板ETF易方达,SZSE,2018-02-27,1.63,1.656,1.625,1.639,1.63,1.656,1.625,1.639,1.0,462852300.0,760274944.0,腾讯日K/前复权日K,2026-08-07T20:33:10+08:00,20260926T093659
159915,创业板ETF易方达,SZSE,2018-02-28,1.628,1.672,1.622,1.651,1.628,1.672,1.622,1.651,1.0,419762800.0,693341152.0,腾讯日K/前复权日K,2026-08-07T20:33:10+08:00,20260926T093659
159915,创业板ETF易方达,SZSE,2018-03-01,1.64,1.687,1.632,1.687,1.64,1.687,1.632,1.687,1.0,367858700.0,613346096.0,腾讯日K/前复权日K,2026-08-07T20:33:10+08:00,20260926T093659
159915,创业板ETF易方达,SZSE,2018-03-02,1.68,1.699,1.664,1.669,1.68,1.699,1.664,1.669,1.0,451540300.0,758910800.0,腾讯日K/前复权日K,2026-08-07T20:33:10+08:00,20260926T093659
159915,创业板ETF易方达,SZSE,2018-03-05,1.678,1.693,1.665,1.69,1.678,1.693,1.665,1.69,1.0,294983500.0,495291536.0,腾讯日K/前复权日K,2026-08-07T20:33:10+08:00,20260926T093659
159915,创业板ETF易方达,SZSE,2018-03-06,1.693,1.705,1.685,1.693,1.693,1.705,1.685,1.693,1.0,337391000.0,572301872.0,腾讯日K/前复权日K,2026-08-07T20:33:10+08:00,20260926T093659
159915,创业板ETF易方达,SZSE,2018-03-07,1.691,1.695,1.675,1.679,1.691,1.695,1.675,1.679,1.0,221732400.0,373416976.0,腾讯日K/前复权日K,2026-08-07T20:33:10+08:00,20260926T093659
159915,创业板ETF易方达,SZSE,2018-03-08,1.679,1.692,1.674,1.686,1.679,1.692,1.674,1.686,1.0,227474700.0,382777744.0,腾讯日K/前复权日K,2026-08-07T20:33:10+08:00,20260926T093659
159915,创业板ETF易方达,SZSE,2018-03-09,1.688,1.755,1.685,1.755,1.688,1.755,1.685,1.755,1.0,787841400.0,1364568128.0,腾讯日K/前复权日K,2026-08-07T20:33:10+08:00,20260926T093659
159915,创业板ETF易方达,SZSE,2018-03-12,1.773,1.795,1.763,1.777,1.773,1.795,1.763,1.777,1.0,686706400.0,1220360112.0,腾讯日K/前复权日K,2026-08-07T20:33:10+08:00,20260926T093659
159915,创业板ETF易方达,SZSE,2018-03-13,1.772,1.791,1.758,1.767,1.772,1.791,1.758,1.767,1.0,368588000.0,652901344.0,腾讯日K/前复权日K,2026-08-07T20:33:10+08:00,20260926T093659
159915,创业板ETF易方达,SZSE,2018-03-14,1.761,1.767,1.735,1.741,1.761,1.767,1.735,1.741,1.0,446805200.0,782882928.0,腾讯日K/前复权日K,2026-08-07T20:33:10+08:00,20260926T093659
159915,创业板ETF易方达,SZSE,2018-03-15,1.73,1.743,1.707,1.742,1.73,1.743,1.707,1.742,1.0,670145900.0,1156915120.0,腾讯日K/前复权日K,2026-08-07T20:33:10+08:00,20260926T093659
159915,创业板ETF易方达,SZSE,2018-03-16,1.74,1.75,1.715,1.716,1.74,1.75,1.715,1.716,1.0,429846800.0,746399936.0,腾讯日K/前复权日K,2026-08-07T20:33:10+08:00,20260926T093659
159915,创业板ETF易方达,SZSE,2018-03-19,1.712,1.754,1.711,1.736,1.712,1.754,1.711,1.736,1.0,414509800.0,719170032.0,腾讯日K/前复权日K,2026-08-07T20:33:10+08:00,20260926T093659
159915,创业板ETF易方达,SZSE,2018-03-20,1.721,1.762,1.719,1.76,1.721,1.762,1.719,1.76,1.0,531453400.0,926038960.0,腾讯日K/前复权日K,2026-08-07T20:33:10+08:00,20260926T093659
159915,创业板ETF易方达,SZSE,2018-03-21,1.76,1.768,1.718,1.72,1.76,1.768,1.718,1.72,1.0,414258200.0,724969088.0,腾讯日K/前复权日K,2026-08-07T20:33:10+08:00,20260926T093659
159915,创业板ETF易方达,SZSE,2018-03-22,1.726,1.735,1.71,1.711,1.726,1.735,1.71,1.711,1.0,365848000.0,629648144.0,腾讯日K/前复权日K,2026-08-07T20:33:10+08:00,20260926T093659
159915,创业板ETF易方达,SZSE,2018-03-23,1.666,1.688,1.61,1.622,1.666,1.688,1.61,1.622,1.0,1143222300.0,1890952816.0,腾讯日K/前复权日K,2026-08-07T20:33:10+08:00,20260926T093659
159915,创业板ETF易方达,SZSE,2018-03-26,1.609,1.679,1.595,1.673,1.609,1.679,1.595,1.673,1.0,832862400.0,1365103696.0,腾讯日K/前复权日K,2026-08-07T20:33:10+08:00,20260926T093659
159915,创业板ETF易方达,SZSE,2018-03-27,1.69,1.74,1.686,1.738,1.69,1.74,1.686,1.738,1.0,848697300.0,1457090528.0,腾讯日K/前复权日K,2026-08-07T20:33:10+08:00,20260926T093659
159915,创业板ETF易方达,SZSE,2018-03-28,1.717,1.748,1.714,1.73,1.717,1.748,1.714,1.73,1.0,682959200.0,1185120384.0,腾讯日K/前复权日K,2026-08-07T20:33:10+08:00,20260926T093659
159915,创业板ETF易方达,SZSE,2018-03-29,1.736,1.75,1.719,1.739,1.736,1.75,1.719,1.739,1.0,424298300.0,736141504.0,腾讯日K/前复权日K,2026-08-07T20:33:10+08:00,20260926T093659
159915,创业板ETF易方达,SZSE,2018-03-30,1.744,1.791,1.739,1.791,1.744,1.791,1.739,1.791,1.0,855265100.0,1512740128.0,腾讯日K/前复权日K,2026-08-07T20:33:10+08:00,20260926T093659
159915,创业板ETF易方达,SZSE,2018-04-02,1.805,1.81,1.781,1.788,1.805,1.81,1.781,1.788,1.0,730246300.0,1311747728.0,腾讯日K/前复权日K,2026-08-07T20:33:10+08:00,20260926T093659
159915,创业板ETF易方达,SZSE,2018-04-03,1.765,1.778,1.744,1.764,1.765,1.778,1.744,1.764,1.0,697130400.0,1229546352.0,腾讯日K/前复权日K,2026-08-07T20:33:10+08:00,20260926T093659
159915,创业板ETF易方达,SZSE,2018-04-04,1.773,1.779,1.732,1.732,1.773,1.779,1.732,1.732,1.0,526926100.0,924709712.0,腾讯日K/前复权日K,2026-08-07T20:33:10+08:00,20260926T093659
159915,创业板ETF易方达,SZSE,2018-04-09,1.732,1.757,1.716,1.737,1.732,1.757,1.716,1.737,1.0,559983900.0,973559936.0,腾讯日K/前复权日K,2026-08-07T20:33:10+08:00,20260926T093659
159915,创业板ETF易方达,SZSE,2018-04-10,1.733,1.738,1.71,1.732,1.733,1.738,1.71,1.732,1.0,578306900.0,995625280.0,腾讯日K/前复权日K,2026-08-07T20:33:10+08:00,20260926T093659
159915,创业板ETF易方达,SZSE,2018-04-11,1.737,1.753,1.728,1.729,1.737,1.753,1.728,1.729,1.0,480965000.0,837265472.0,腾讯日K/前复权日K,2026-08-07T20:33:10+08:00,20260926T093659
159915,创业板ETF易方达,SZSE,2018-04-12,1.725,1.745,1.72,1.72,1.725,1.745,1.72,1.72,1.0,366597500.0,635696592.0,腾讯日K/前复权日K,2026-08-07T20:33:10+08:00,20260926T093659
159915,创业板ETF易方达,SZSE,2018-04-13,1.736,1.743,1.72,1.721,1.736,1.743,1.72,1.721,1.0,397837600.0,688896880.0,腾讯日K/前复权日K,2026-08-07T20:33:10+08:00,20260926T093659
159915,创业板ETF易方达,SZSE,2018-04-16,1.722,1.748,1.714,1.736,1.722,1.748,1.714,1.736,1.0,556054000.0,961752752.0,腾讯日K/前复权日K,2026-08-07T20:33:10+08:00,20260926T093659
159915,创业板ETF易方达,SZSE,2018-04-17,1.737,1.745,1.681,1.683,1.737,1.745,1.681,1.683,1.0,749272000.0,1280492176.0,腾讯日K/前复权日K,2026-08-07T20:33:10+08:00,20260926T093659
159915,创业板ETF易方达,SZSE,2018-04-18,1.692,1.732,1.659,1.718,1.692,1.732,1.659,1.718,1.0,947569400.0,1603547760.0,腾讯日K/前复权日K,2026-08-07T20:33:10+08:00,20260926T093659
159915,创业板ETF易方达,SZSE,2018-04-19,1.711,1.735,1.707,1.715,1.711,1.735,1.707,1.715,1.0,575756300.0,990967184.0,腾讯日K/前复权日K,2026-08-07T20:33:10+08:00,20260926T093659
159915,创业板ETF易方达,SZSE,2018-04-20,1.711,1.726,1.679,1.684,1.711,1.726,1.679,1.684,1.0,575746400.0,980923376.0,腾讯日K/前复权日K,2026-08-07T20:33:10+08:00,20260926T093659
159915,创业板ETF易方达,SZSE,2018-04-23,1.684,1.692,1.631,1.653,1.684,1.692,1.631,1.653,1.0,567570400.0,942863888.0,腾讯日K/前复权日K,2026-08-07T20:33:10+08:00,20260926T093659
159915,创业板ETF易方达,SZSE,2018-04-24,1.653,1.705,1.651,1.705,1.653,1.705,1.651,1.705,1.0,620201600.0,1043877776.0,腾讯日K/前复权日K,2026-08-07T20:33:10+08:00,20260926T093659
159915,创业板ETF易方达,SZSE,2018-04-25,1.698,1.724,1.695,1.715,1.698,1.724,1.695,1.715,1.0,535302700.0,915887008.0,腾讯日K/前复权日K,2026-08-07T20:33:10+08:00,20260926T093659
159915,创业板ETF易方达,SZSE,2018-04-26,1.713,1.716,1.68,1.681,1.713,1.716,1.68,1.681,1.0,444548100.0,754087888.0,腾讯日K/前复权日K,2026-08-07T20:33:10+08:00,20260926T093659
159915,创业板ETF易方达,SZSE,2018-04-27,1.689,1.711,1.681,1.707,1.689,1.711,1.681,1.707,1.0,433807900.0,737373696.0,腾讯日K/前复权日K,2026-08-07T20:33:10+08:00,20260926T093659
159915,创业板ETF易方达,SZSE,2018-05-02,1.711,1.729,1.687,1.701,1.711,1.729,1.687,1.701,1.0,426639900.0,728399712.0,腾讯日K/前复权日K,2026-08-07T20:33:10+08:00,20260926T093659
159915,创业板ETF易方达,SZSE,2018-05-03,1.697,1.726,1.668,1.726,1.697,1.726,1.668,1.726,1.0,679398100.0,1153767232.0,腾讯日K/前复权日K,2026-08-07T20:33:10+08:00,20260926T093659
159915,创业板ETF易方达,SZSE,2018-05-04,1.72,1.728,1.71,1.712,1.72,1.728,1.71,1.712,1.0,459861500.0,791003296.0,腾讯日K/前复权日K,2026-08-07T20:33:10+08:00,20260926T093659
159915,创业板ETF易方达,SZSE,2018-05-07,1.717,1.753,1.715,1.749,1.717,1.753,1.715,1.749,1.0,559069100.0,971893952.0,腾讯日K/前复权日K,2026-08-07T20:33:10+08:00,20260926T093659
159915,创业板ETF易方达,SZSE,2018-05-08,1.751,1.753,1.736,1.753,1.751,1.753,1.736,1.753,1.0,387121100.0,676355456.0,腾讯日K/前复权日K,2026-08-07T20:33:10+08:00,20260926T093659
159915,创业板ETF易方达,SZSE,2018-05-09,1.75,1.756,1.741,1.749,1.75,1.756,1.741,1.749,1.0,301520500.0,527669648.0,腾讯日K/前复权日K,2026-08-07T20:33:10+08:00,20260926T093659
159915,创业板ETF易方达,SZSE,2018-05-10,1.751,1.763,1.743,1.762,1.751,1.763,1.743,1.762,1.0,407074400.0,713640096.0,腾讯日K/前复权日K,2026-08-07T20:33:10+08:00,20260926T093659
159915,创业板ETF易方达,SZSE,2018-05-11,1.762,1.765,1.732,1.734,1.762,1.765,1.732,1.734,1.0,485143000.0,846975232.0,腾讯日K/前复权日K,2026-08-07T20:33:10+08:00,20260926T093659
159915,创业板ETF易方达,SZSE,2018-05-14,1.732,1.741,1.724,1.728,1.732,1.741,1.724,1.728,1.0,294356200.0,510032176.0,腾讯日K/前复权日K,2026-08-07T20:33:10+08:00,20260926T093659
159915,创业板ETF易方达,SZSE,2018-05-15,1.726,1.757,1.724,1.756,1.726,1.757,1.724,1.756,1.0,432216400.0,751896336.0,腾讯日K/前复权日K,2026-08-07T20:33:10+08:00,20260926T093659
159915,创业板ETF易方达,SZSE,2018-05-16,1.749,1.758,1.742,1.745,1.749,1.758,1.742,1.745,1.0,394382900.0,689802768.0,腾讯日K/前复权日K,2026-08-07T20:33:10+08:00,20260926T093659
159915,创业板ETF易方达,SZSE,2018-05-17,1.742,1.747,1.725,1.729,1.742,1.747,1.725,1.729,1.0,313917700.0,543953056.0,腾讯日K/前复权日K,2026-08-07T20:33:10+08:00,20260926T093659
159915,创业板ETF易方达,SZSE,2018-05-18,1.726,1.736,1.712,1.731,1.726,1.736,1.712,1.731,1.0,463373600.0,799011072.0,腾讯日K/前复权日K,2026-08-07T20:33:10+08:00,20260926T093659
159915,创业板ETF易方达,SZSE,2018-05-21,1.742,1.767,1.742,1.757,1.742,1.767,1.742,1.757,1.0,561853300.0,987077072.0,腾讯日K/前复权日K,2026-08-07T20:33:10+08:00,20260926T093659
159915,创业板ETF易方达,SZSE,2018-05-22,1.757,1.772,1.752,1.77,1.757,1.772,1.752,1.77,1.0,437853100.0,771556992.0,腾讯日K/前复权日K,2026-08-07T20:33:10+08:00,20260926T093659
159915,创业板ETF易方达,SZSE,2018-05-23,1.764,1.771,1.744,1.745,1.764,1.771,1.744,1.745,1.0,332778900.0,584988064.0,腾讯日K/前复权日K,2026-08-07T20:33:10+08:00,20260926T093659
159915,创业板ETF易方达,SZSE,2018-05-24,1.744,1.752,1.735,1.737,1.744,1.752,1.735,1.737,1.0,284684600.0,496240848.0,腾讯日K/前复权日K,2026-08-07T20:33:10+08:00,20260926T093659
159915,创业板ETF易方达,SZSE,2018-05-25,1.736,1.739,1.704,1.705,1.736,1.739,1.704,1.705,1.0,506406800.0,869941136.0,腾讯日K/前复权日K,2026-08-07T20:33:10+08:00,20260926T093659
159915,创业板ETF易方达,SZSE,2018-05-28,1.702,1.716,1.69,1.698,1.702,1.716,1.69,1.698,1.0,323826200.0,550994496.0,腾讯日K/前复权日K,2026-08-07T20:33:10+08:00,20260926T093659
159915,创业板ETF易方达,SZSE,2018-05-29,1.698,1.713,1.677,1.678,1.698,1.713,1.677,1.678,1.0,415286600.0,704959984.0,腾讯日K/前复权日K,2026-08-07T20:33:10+08:00,20260926T093659
159915,创业板ETF易方达,SZSE,2018-05-30,1.659,1.662,1.626,1.633,1.659,1.662,1.626,1.633,1.0,597313900.0,983604704.0,腾讯日K/前复权日K,2026-08-07T20:33:10+08:00,20260926T093659
159915,创业板ETF易方达,SZSE,2018-05-31,1.646,1.652,1.621,1.649,1.646,1.652,1.621,1.649,1.0,565048800.0,926869088.0,腾讯日K/前复权日K,2026-08-07T20:33:10+08:00,20260926T093659
159915,创业板ETF易方达,SZSE,2018-06-01,1.641,1.648,1.609,1.62,1.641,1.648,1.609,1.62,1.0,450119700.0,731478496.0,腾讯日K/前复权日K,2026-08-07T20:33:10+08:00,20260926T093659
159915,创业板ETF易方达,SZSE,2018-06-04,1.624,1.627,1.602,1.613,1.624,1.627,1.602,1.613,1.0,422886700.0,682312720.0,腾讯日K/前复权日K,2026-08-07T20:33:10+08:00,20260926T093659
159915,创业板ETF易方达,SZSE,2018-06-05,1.615,1.655,1.613,1.653,1.615,1.655,1.613,1.653,1.0,563908600.0,922301312.0,腾讯日K/前复权日K,2026-08-07T20:33:10+08:00,20260926T093659
159915,创业板ETF易方达,SZSE,2018-06-06,1.648,1.656,1.642,1.65,1.648,1.656,1.642,1.65,1.0,321752600.0,530674160.0,腾讯日K/前复权日K,2026-08-07T20:33:10+08:00,20260926T093659
159915,创业板ETF易方达,SZSE,2018-06-07,1.653,1.657,1.634,1.636,1.653,1.657,1.634,1.636,1.0,222724800.0,365900544.0,腾讯日K/前复权日K,2026-08-07T20:33:10+08:00,20260926T093659
159915,创业板ETF易方达,SZSE,2018-06-08,1.63,1.633,1.607,1.62,1.63,1.633,1.607,1.62,1.0,380528500.0,615686832.0,腾讯日K/前复权日K,2026-08-07T20:33:10+08:00,20260926T093659
159915,创业板ETF易方达,SZSE,2018-06-11,1.617,1.618,1.596,1.601,1.617,1.618,1.596,1.601,1.0,378494200.0,607749232.0,腾讯日K/前复权日K,2026-08-07T20:33:10+08:00,20260926T093659
159915,创业板ETF易方达,SZSE,2018-06-12,1.602,1.624,1.592,1.619,1.602,1.624,1.592,1.619,1.0,483000400.0,777843440.0,腾讯日K/前复权日K,2026-08-07T20:33:10+08:00,20260926T093659
159915,创业板ETF易方达,SZSE,2018-06-13,1.616,1.618,1.596,1.597,1.616,1.618,1.596,1.597,1.0,334701100.0,538670368.0,腾讯日K/前复权日K,2026-08-07T20:33:10+08:00,20260926T093659
159915,创业板ETF易方达,SZSE,2018-06-14,1.591,1.613,1.581,1.587,1.591,1.613,1.581,1.587,1.0,465149000.0,741824592.0,腾讯日K/前复权日K,2026-08-07T20:33:10+08:00,20260926T093659
159915,创业板ETF易方达,SZSE,2018-06-15,1.586,1.593,1.55,1.554,1.586,1.593,1.55,1.554,1.0,540017800.0,845181904.0,腾讯日K/前复权日K,2026-08-07T20:33:10+08:00,20260926T093659
159915,创业板ETF易方达,SZSE,2018-06-19,1.535,1.54,1.449,1.467,1.535,1.54,1.449,1.467,1.0,796738500.0,1196499168.0,腾讯日K/前复权日K,2026-08-07T20:33:10+08:00,20260926T093659
159915,创业板ETF易方达,SZSE,2018-06-20,1.461,1.492,1.444,1.478,1.461,1.492,1.444,1.478,1.0,752133600.0,1106341584.0,腾讯日K/前复权日K,2026-08-07T20:33:10+08:00,20260926T093659
159915,创业板ETF易方达,SZSE,2018-06-21,1.475,1.486,1.441,1.441,1.475,1.486,1.441,1.441,1.0,617408800.0,902225808.0,腾讯日K/前复权日K,2026-08-07T20:33:10+08:00,20260926T093659
159915,创业板ETF易方达,SZSE,2018-06-22,1.434,1.473,1.427,1.466,1.434,1.473,1.427,1.466,1.0,650918800.0,948090848.0,腾讯日K/前复权日K,2026-08-07T20:33:10+08:00,20260926T093659
159915,创业板ETF易方达,SZSE,2018-06-25,1.479,1.482,1.454,1.455,1.479,1.482,1.454,1.455,1.0,423709500.0,623580992.0,腾讯日K/前复权日K,2026-08-07T20:33:10+08:00,20260926T093659
159915,创业板ETF易方达,SZSE,2018-06-26,1.444,1.488,1.437,1.485,1.444,1.488,1.437,1.485,1.0,666832600.0,978447296.0,腾讯日K/前复权日K,2026-08-07T20:33:10+08:00,20260926T093659
159915,创业板ETF易方达,SZSE,2018-06-27,1.479,1.489,1.462,1.466,1.479,1.489,1.462,1.466,1.0,515196800.0,758594400.0,腾讯日K/前复权日K,2026-08-07T20:33:10+08:00,20260926T093659
159915,创业板ETF易方达,SZSE,2018-06-28,1.463,1.487,1.459,1.462,1.463,1.487,1.459,1.462,1.0,466106300.0,686804640.0,腾讯日K/前复权日K,2026-08-07T20:33:10+08:00,20260926T093659
159915,创业板ETF易方达,SZSE,2018-06-29,1.464,1.527,1.464,1.524,1.464,1.527,1.464,1.524,1.0,674812500.0,1011543152.0,腾讯日K/前复权日K,2026-08-07T20:33:10+08:00,20260926T093659
159915,创业板ETF易方达,SZSE,2018-07-02,1.522,1.526,1.489,1.503,1.522,1.526,1.489,1.503,1.0,561923800.0,848615552.0,腾讯日K/前复权日K,2026-08-07T20:33:10+08:00,20260926T093659
159915,创业板ETF易方达,SZSE,2018-07-03,1.507,1.531,1.477,1.52,1.507,1.531,1.477,1.52,1.0,793799700.0,1195307440.0,腾讯日K/前复权日K,2026-08-07T20:33:10+08:00,20260926T093659
159915,创业板ETF易方达,SZSE,2018-07-04,1.511,1.514,1.476,1.486,1.511,1.514,1.476,1.486,1.0,481575000.0,720058048.0,腾讯日K/前复权日K,2026-08-07T20:33:10+08:00,20260926T093659
159915,创业板ETF易方达,SZSE,2018-07-05,1.479,1.496,1.451,1.452,1.479,1.496,1.451,1.452,1.0,532649000.0,784496288.0,腾讯日K/前复权日K,2026-08-07T20:33:10+08:00,20260926T093659
159915,创业板ETF易方达,SZSE,2018-07-06,1.451,1.493,1.443,1.464,1.451,1.493,1.443,1.464,1.0,765353800.0,1125618240.0,腾讯日K/前复权日K,2026-08-07T20:33:10+08:00,20260926T093659
159915,创业板ETF易方达,SZSE,2018-07-09,1.474,1.505,1.47,1.504,1.474,1.505,1.47,1.504,1.0,656216500.0,978048480.0,腾讯日K/前复权日K,2026-08-07T20:33:10+08:00,20260926T093659
159915,创业板ETF易方达,SZSE,2018-07-10,1.505,1.517,1.5,1.516,1.505,1.517,1.5,1.516,1.0,465350000.0,701882880.0,腾讯日K/前复权日K,2026-08-07T20:33:10+08:00,20260926T093659
159915,创业板ETF易方达,SZSE,2018-07-11,1.49,1.5,1.468,1.488,1.49,1.5,1.468,1.488,1.0,705609000.0,1047805888.0,腾讯日K/前复权日K,2026-08-07T20:33:10+08:00,20260926T093659
159915,创业板ETF易方达,SZSE,2018-07-12,1.49,1.545,1.489,1.54,1.49,1.545,1.489,1.54,1.0,773575200.0,1179858896.0,腾讯日K/前复权日K,2026-08-07T20:33:10+08:00,20260926T093659
159915,创业板ETF易方达,SZSE,2018-07-13,1.537,1.548,1.532,1.542,1.537,1.548,1.532,1.542,1.0,469487300.0,722846656.0,腾讯日K/前复权日K,2026-08-07T20:33:10+08:00,20260926T093659
159915,创业板ETF易方达,SZSE,2018-07-16,1.536,1.546,1.528,1.542,1.536,1.546,1.528,1.542,1.0,291748500.0,447756320.0,腾讯日K/前复权日K,2026-08-07T20:33:10+08:00,20260926T093659
159915,创业板ETF易方达,SZSE,2018-07-17,1.54,1.545,1.521,1.543,1.54,1.545,1.521,1.543,1.0,378066900.0,579864832.0,腾讯日K/前复权日K,2026-08-07T20:33:10+08:00,20260926T093659
159915,创业板ETF易方达,SZSE,2018-07-18,1.545,1.557,1.531,1.532,1.545,1.557,1.531,1.532,1.0,398545800.0,616009360.0,腾讯日K/前复权日K,2026-08-07T20:33:10+08:00,20260926T093659
159915,创业板ETF易方达,SZSE,2018-07-19,1.532,1.543,1.508,1.514,1.532,1.543,1.508,1.514,1.0,442370000.0,672792960.0,腾讯日K/前复权日K,2026-08-07T20:33:10+08:00,20260926T093659
159915,创业板ETF易方达,SZSE,2018-07-20,1.511,1.54,1.505,1.535,1.511,1.54,1.505,1.535,1.0,501005700.0,763760416.0,腾讯日K/前复权日K,2026-08-07T20:33:10+08:00,20260926T093659
159915,创业板ETF易方达,SZSE,2018-07-23,1.534,1.541,1.515,1.54,1.534,1.541,1.515,1.54,1.0,516696200.0,789030560.0,腾讯日K/前复权日K,2026-08-07T20:33:10+08:00,20260926T093659
159915,创业板ETF易方达,SZSE,2018-07-24,1.54,1.562,1.53,1.549,1.54,1.562,1.53,1.549,1.0,565866100.0,875600576.0,腾讯日K/前复权日K,2026-08-07T20:33:10+08:00,20260926T093659
159915,创业板ETF易方达,SZSE,2018-07-25,1.549,1.567,1.547,1.551,1.549,1.567,1.547,1.551,1.0,460327100.0,716231808.0,腾讯日K/前复权日K,2026-08-07T20:33:10+08:00,20260926T093659
159915,创业板ETF易方达,SZSE,2018-07-26,1.551,1.557,1.526,1.534,1.551,1.557,1.526,1.534,1.0,418610700.0,643905472.0,腾讯日K/前复权日K,2026-08-07T20:33:10+08:00,20260926T093659
159915,创业板ETF易方达,SZSE,2018-07-27,1.529,1.532,1.515,1.518,1.529,1.532,1.515,1.518,1.0,446220500.0,680220032.0,腾讯日K/前复权日K,2026-08-07T20:33:10+08:00,20260926T093659
159915,创业板ETF易方达,SZSE,2018-07-30,1.514,1.52,1.482,1.484,1.514,1.52,1.482,1.484,1.0,627848700.0,940162560.0,腾讯日K/前复权日K,2026-08-07T20:33:10+08:00,20260926T093659
159915,创业板ETF易方达,SZSE,2018-07-31,1.483,1.499,1.481,1.489,1.483,1.499,1.481,1.489,1.0,424435000.0,632526528.0,腾讯日K/前复权日K,2026-08-07T20:33:10+08:00,20260926T093659
159915,创业板ETF易方达,SZSE,2018-08-01,1.494,1.507,1.471,1.471,1.494,1.507,1.471,1.471,1.0,447031600.0,666099680.0,腾讯日K/前复权日K,2026-08-07T20:33:10+08:00,20260926T093659
159915,创业板ETF易方达,SZSE,2018-08-02,1.465,1.467,1.415,1.44,1.465,1.467,1.415,1.44,1.0,812704500.0,1169029296.0,腾讯日K/前复权日K,2026-08-07T20:33:10+08:00,20260926T093659
159915,创业板ETF易方达,SZSE,2018-08-03,1.44,1.45,1.411,1.414,1.44,1.45,1.411,1.414,1.0,734884700.0,1051125520.0,腾讯日K/前复权日K,2026-08-07T20:33:10+08:00,20260926T093659
159915,创业板ETF易方达,SZSE,2018-08-06,1.405,1.416,1.368,1.374,1.405,1.416,1.368,1.374,1.0,1201911200.0,1676927024.0,腾讯日K/前复权日K,2026-08-07T20:33:10+08:00,20260926T093659
159915,创业板ETF易方达,SZSE,2018-08-07,1.381,1.412,1.369,1.412,1.381,1.412,1.369,1.412,1.0,923415300.0,1285234272.0,腾讯日K/前复权日K,2026-08-07T20:33:10+08:00,20260926T093659
159915,创业板ETF易方达,SZSE,2018-08-08,1.403,1.408,1.379,1.381,1.403,1.408,1.379,1.381,1.0,686612900.0,956449216.0,腾讯日K/前复权日K,2026-08-07T20:33:10+08:00,20260926T093659
159915,创业板ETF易方达,SZSE,2018-08-09,1.379,1.437,1.376,1.426,1.379,1.437,1.376,1.426,1.0,1002565200.0,1418011040.0,腾讯日K/前复权日K,2026-08-07T20:33:10+08:00,20260926T093659
159915,创业板ETF易方达,SZSE,2018-08-10,1.424,1.441,1.421,1.437,1.424,1.441,1.421,1.437,1.0,570060900.0,816509072.0,腾讯日K/前复权日K,2026-08-07T20:33:10+08:00,20260926T093659
159915,创业板ETF易方达,SZSE,2018-08-13,1.422,1.46,1.42,1.458,1.422,1.46,1.42,1.458,1.0,664620200.0,955990432.0,腾讯日K/前复权日K,2026-08-07T20:33:10+08:00,20260926T093659
159915,创业板ETF易方达,SZSE,2018-08-14,1.454,1.458,1.44,1.446,1.454,1.458,1.44,1.446,1.0,520563800.0,753486432.0,腾讯日K/前复权日K,2026-08-07T20:33:10+08:00,20260926T093659
159915,创业板ETF易方达,SZSE,2018-08-15,1.445,1.446,1.403,1.409,1.445,1.446,1.403,1.409,1.0,709061400.0,1007923536.0,腾讯日K/前复权日K,2026-08-07T20:33:10+08:00,20260926T093659
159915,创业板ETF易方达,SZSE,2018-08-16,1.391,1.419,1.381,1.396,1.391,1.419,1.381,1.396,1.0,783364900.0,1098295008.0,腾讯日K/前复权日K,2026-08-07T20:33:10+08:00,20260926T093659
159915,创业板ETF易方达,SZSE,2018-08-17,1.407,1.41,1.366,1.369,1.407,1.41,1.366,1.369,1.0,912050600.0,1263718544.0,腾讯日K/前复权日K,2026-08-07T20:33:10+08:00,20260926T093659
159915,创业板ETF易方达,SZSE,2018-08-20,1.363,1.376,1.34,1.367,1.363,1.376,1.34,1.367,1.0,1016869100.0,1380052464.0,腾讯日K/前复权日K,2026-08-07T20:33:10+08:00,20260926T093659
159915,创业板ETF易方达,SZSE,2018-08-21,1.366,1.393,1.363,1.387,1.366,1.393,1.363,1.387,1.0,854749300.0,1179618704.0,腾讯日K/前复权日K,2026-08-07T20:33:10+08:00,20260926T093659
159915,创业板ETF易方达,SZSE,2018-08-22,1.385,1.389,1.37,1.375,1.385,1.389,1.37,1.375,1.0,448810000.0,619306368.0,腾讯日K/前复权日K,2026-08-07T20:33:10+08:00,20260926T093659
159915,创业板ETF易方达,SZSE,2018-08-23,1.376,1.395,1.373,1.388,1.376,1.395,1.373,1.388,1.0,605913700.0,839387824.0,腾讯日K/前复权日K,2026-08-07T20:33:10+08:00,20260926T093659
159915,创业板ETF易方达,SZSE,2018-08-24,1.38,1.394,1.376,1.382,1.38,1.394,1.376,1.382,1.0,389629100.0,539105216.0,腾讯日K/前复权日K,2026-08-07T20:33:10+08:00,20260926T093659
159915,创业板ETF易方达,SZSE,2018-08-27,1.387,1.426,1.385,1.426,1.387,1.426,1.385,1.426,1.0,823742100.0,1161330672.0,腾讯日K/前复权日K,2026-08-07T20:33:10+08:00,20260926T093659
159915,创业板ETF易方达,SZSE,2018-08-28,1.425,1.429,1.416,1.423,1.425,1.429,1.416,1.423,1.0,408248000.0,580853904.0,腾讯日K/前复权日K,2026-08-07T20:33:10+08:00,20260926T093659
159915,创业板ETF易方达,SZSE,2018-08-29,1.42,1.421,1.405,1.411,1.42,1.421,1.405,1.411,1.0,386606200.0,545976656.0,腾讯日K/前复权日K,2026-08-07T20:33:10+08:00,20260926T093659
159915,创业板ETF易方达,SZSE,2018-08-30,1.41,1.415,1.389,1.389,1.41,1.415,1.389,1.389,1.0,514406600.0,718996048.0,腾讯日K/前复权日K,2026-08-07T20:33:10+08:00,20260926T093659
159915,创业板ETF易方达,SZSE,2018-08-31,1.383,1.387,1.366,1.369,1.383,1.387,1.366,1.369,1.0,561449300.0,772512960.0,腾讯日K/前复权日K,2026-08-07T20:33:10+08:00,20260926T093659
159915,创业板ETF易方达,SZSE,2018-09-03,1.364,1.379,1.35,1.375,1.364,1.379,1.35,1.375,1.0,583682500.0,795335904.0,腾讯日K/前复权日K,2026-08-07T20:33:10+08:00,20260926T093659
159915,创业板ETF易方达,SZSE,2018-09-04,1.373,1.394,1.365,1.385,1.373,1.394,1.365,1.385,1.0,674040900.0,929244496.0,腾讯日K/前复权日K,2026-08-07T20:33:10+08:00,20260926T093659
159915,创业板ETF易方达,SZSE,2018-09-05,1.38,1.387,1.363,1.363,1.38,1.387,1.363,1.363,1.0,513193700.0,706973504.0,腾讯日K/前复权日K,2026-08-07T20:33:10+08:00,20260926T093659
159915,创业板ETF易方达,SZSE,2018-09-06,1.358,1.377,1.351,1.355,1.358,1.377,1.351,1.355,1.0,699445800.0,953927056.0,腾讯日K/前复权日K,2026-08-07T20:33:10+08:00,20260926T093659
159915,创业板ETF易方达,SZSE,2018-09-07,1.36,1.386,1.351,1.36,1.36,1.386,1.351,1.36,1.0,861288200.0,1179201104.0,腾讯日K/前复权日K,2026-08-07T20:33:10+08:00,20260926T093659
159915,创业板ETF易方达,SZSE,2018-09-10,1.353,1.36,1.325,1.327,1.353,1.36,1.325,1.327,1.0,835087800.0,1118646320.0,腾讯日K/前复权日K,2026-08-07T20:33:10+08:00,20260926T093659
159915,创业板ETF易方达,SZSE,2018-09-11,1.327,1.342,1.32,1.332,1.327,1.342,1.32,1.332,1.0,571735200.0,759902112.0,腾讯日K/前复权日K,2026-08-07T20:33:10+08:00,20260926T093659
159915,创业板ETF易方达,SZSE,2018-09-12,1.331,1.341,1.32,1.32,1.331,1.341,1.32,1.32,1.0,714772100.0,950209728.0,腾讯日K/前复权日K,2026-08-07T20:33:10+08:00,20260926T093659
159915,创业板ETF易方达,SZSE,2018-09-13,1.336,1.341,1.307,1.326,1.336,1.341,1.307,1.326,1.0,1102697000.0,1460488592.0,腾讯日K/前复权日K,2026-08-07T20:33:10+08:00,20260926T093659
159915,创业板ETF易方达,SZSE,2018-09-14,1.326,1.332,1.304,1.304,1.326,1.332,1.304,1.304,1.0,811994400.0,1069370656.0,腾讯日K/前复权日K,2026-08-07T20:33:10+08:00,20260926T093659
159915,创业板ETF易方达,SZSE,2018-09-17,1.296,1.302,1.282,1.288,1.296,1.302,1.282,1.288,1.0,713533500.0,922151472.0,腾讯日K/前复权日K,2026-08-07T20:33:10+08:00,20260926T093659
159915,创业板ETF易方达,SZSE,2018-09-18,1.286,1.314,1.283,1.312,1.286,1.314,1.283,1.312,1.0,790501400.0,1026503488.0,腾讯日K/前复权日K,2026-08-07T20:33:10+08:00,20260926T093659
159915,创业板ETF易方达,SZSE,2018-09-19,1.308,1.339,1.303,1.324,1.308,1.339,1.303,1.324,1.0,987834200.0,1305036656.0,腾讯日K/前复权日K,2026-08-07T20:33:10+08:00,20260926T093659
159915,创业板ETF易方达,SZSE,2018-09-20,1.321,1.333,1.319,1.32,1.321,1.333,1.319,1.32,1.0,445515300.0,590303328.0,腾讯日K/前复权日K,2026-08-07T20:33:10+08:00,20260926T093659
159915,创业板ETF易方达,SZSE,2018-09-21,1.325,1.346,1.317,1.343,1.325,1.346,1.317,1.343,1.0,768413800.0,1024990848.0,腾讯日K/前复权日K,2026-08-07T20:33:10+08:00,20260926T093659
159915,创业板ETF易方达,SZSE,2018-09-25,1.333,1.347,1.331,1.338,1.333,1.347,1.331,1.338,1.0,690189500.0,923984736.0,腾讯日K/前复权日K,2026-08-07T20:33:10+08:00,20260926T093659
159915,创业板ETF易方达,SZSE,2018-09-26,1.339,1.361,1.334,1.352,1.339,1.361,1.334,1.352,1.0,676744000.0,912659792.0,腾讯日K/前复权日K,2026-08-07T20:33:10+08:00,20260926T093659
159915,创业板ETF易方达,SZSE,2018-09-27,1.35,1.353,1.332,1.333,1.35,1.353,1.332,1.333,1.0,522258300.0,700940528.0,腾讯日K/前复权日K,2026-08-07T20:33:10+08:00,20260926T093659
159915,创业板ETF易方达,SZSE,2018-09-28,1.337,1.346,1.327,1.346,1.337,1.346,1.327,1.346,1.0,612598500.0,819172288.0,腾讯日K/前复权日K,2026-08-07T20:33:10+08:00,20260926T093659
159915,创业板ETF易方达,SZSE,2018-10-08,1.317,1.322,1.286,1.289,1.317,1.322,1.286,1.289,1.0,721193400.0,942760208.0,腾讯日K/前复权日K,2026-08-07T20:33:10+08:00,20260926T093659
159915,创业板ETF易方达,SZSE,2018-10-09,1.294,1.301,1.275,1.283,1.294,1.301,1.275,1.283,1.0,641496600.0,825557136.0,腾讯日K/前复权日K,2026-08-07T20:33:10+08:00,20260926T093659
159915,创业板ETF易方达,SZSE,2018-10-10,1.284,1.293,1.271,1.282,1.284,1.293,1.271,1.282,1.0,567926900.0,728727648.0,腾讯日K/前复权日K,2026-08-07T20:33:10+08:00,20260926T093659
159915,创业板ETF易方达,SZSE,2018-10-11,1.243,1.249,1.19,1.196,1.243,1.249,1.19,1.196,1.0,1113368600.0,1363904672.0,腾讯日K/前复权日K,2026-08-07T20:33:10+08:00,20260926T093659
159915,创业板ETF易方达,SZSE,2018-10-12,1.192,1.215,1.173,1.206,1.192,1.215,1.173,1.206,1.0,992660600.0,1185754496.0,腾讯日K/前复权日K,2026-08-07T20:33:10+08:00,20260926T093659
159915,创业板ETF易方达,SZSE,2018-10-15,1.205,1.22,1.189,1.19,1.205,1.22,1.189,1.19,1.0,574788800.0,692749520.0,腾讯日K/前复权日K,2026-08-07T20:33:10+08:00,20260926T093659
159915,创业板ETF易方达,SZSE,2018-10-16,1.192,1.195,1.154,1.16,1.192,1.195,1.154,1.16,1.0,949381000.0,1115771152.0,腾讯日K/前复权日K,2026-08-07T20:33:10+08:00,20260926T093659
159915,创业板ETF易方达,SZSE,2018-10-17,1.173,1.182,1.149,1.174,1.173,1.182,1.149,1.174,1.0,1251677200.0,1460973648.0,腾讯日K/前复权日K,2026-08-07T20:33:10+08:00,20260926T093659
159915,创业板ETF易方达,SZSE,2018-10-18,1.163,1.173,1.151,1.153,1.163,1.173,1.151,1.153,1.0,1250452800.0,1451090240.0,腾讯日K/前复权日K,2026-08-07T20:33:10+08:00,20260926T093659
159915,创业板ETF易方达,SZSE,2018-10-19,1.141,1.197,1.136,1.189,1.141,1.197,1.136,1.189,1.0,1397131700.0,1634560976.0,腾讯日K/前复权日K,2026-08-07T20:33:10+08:00,20260926T093659
159915,创业板ETF易方达,SZSE,2018-10-22,1.22,1.268,1.211,1.26,1.22,1.268,1.211,1.26,1.0,1808360100.0,2241899120.0,腾讯日K/前复权日K,2026-08-07T20:33:10+08:00,20260926T093659
159915,创业板ETF易方达,SZSE,2018-10-23,1.26,1.263,1.222,1.231,1.26,1.263,1.222,1.231,1.0,1124307500.0,1396262096.0,腾讯日K/前复权日K,2026-08-07T20:33:10+08:00,20260926T093659
159915,创业板ETF易方达,SZSE,2018-10-24,1.231,1.246,1.22,1.226,1.231,1.246,1.22,1.226,1.0,866827900.0,1067748880.0,腾讯日K/前复权日K,2026-08-07T20:33:10+08:00,20260926T093659
159915,创业板ETF易方达,SZSE,2018-10-25,1.19,1.224,1.183,1.216,1.19,1.224,1.183,1.216,1.0,1347196400.0,1613049696.0,腾讯日K/前复权日K,2026-08-07T20:33:10+08:00,20260926T093659
159915,创业板ETF易方达,SZSE,2018-10-26,1.221,1.233,1.198,1.203,1.221,1.233,1.198,1.203,1.0,820054600.0,996296464.0,腾讯日K/前复权日K,2026-08-07T20:33:10+08:00,20260926T093659
159915,创业板ETF易方达,SZSE,2018-10-29,1.205,1.213,1.188,1.192,1.205,1.213,1.188,1.192,1.0,823147700.0,989255712.0,腾讯日K/前复权日K,2026-08-07T20:33:10+08:00,20260926T093659
159915,创业板ETF易方达,SZSE,2018-10-30,1.189,1.221,1.168,1.204,1.189,1.221,1.168,1.204,1.0,1158494700.0,1387339856.0,腾讯日K/前复权日K,2026-08-07T20:33:10+08:00,20260926T093659
159915,创业板ETF易方达,SZSE,2018-10-31,1.205,1.229,1.201,1.216,1.205,1.229,1.201,1.216,1.0,1136081300.0,1383473344.0,腾讯日K/前复权日K,2026-08-07T20:33:10+08:00,20260926T093659
159915,创业板ETF易方达,SZSE,2018-11-01,1.231,1.253,1.227,1.227,1.231,1.253,1.227,1.227,1.0,1394336400.0,1727519392.0,腾讯日K/前复权日K,2026-08-07T20:33:10+08:00,20260926T093659
159915,创业板ETF易方达,SZSE,2018-11-02,1.28,1.292,1.257,1.291,1.28,1.292,1.257,1.291,1.0,1939605800.0,2467666576.0,腾讯日K/前复权日K,2026-08-07T20:33:10+08:00,20260926T093659
159915,创业板ETF易方达,SZSE,2018-11-05,1.284,1.308,1.261,1.287,1.284,1.308,1.261,1.287,1.0,1678620800.0,2157876880.0,腾讯日K/前复权日K,2026-08-07T20:33:10+08:00,20260926T093659
159915,创业板ETF易方达,SZSE,2018-11-06,1.278,1.287,1.263,1.286,1.278,1.287,1.263,1.286,1.0,935563700.0,1191332976.0,腾讯日K/前复权日K,2026-08-07T20:33:10+08:00,20260926T093659
159915,创业板ETF易方达,SZSE,2018-11-07,1.287,1.303,1.28,1.282,1.287,1.303,1.28,1.282,1.0,910579300.0,1175793488.0,腾讯日K/前复权日K,2026-08-07T20:33:10+08:00,20260926T093659
159915,创业板ETF易方达,SZSE,2018-11-08,1.293,1.295,1.264,1.265,1.293,1.295,1.264,1.265,1.0,660807100.0,845284512.0,腾讯日K/前复权日K,2026-08-07T20:33:10+08:00,20260926T093659
159915,创业板ETF易方达,SZSE,2018-11-09,1.256,1.272,1.252,1.26,1.256,1.272,1.252,1.26,1.0,701614900.0,885728192.0,腾讯日K/前复权日K,2026-08-07T20:33:10+08:00,20260926T093659
159915,创业板ETF易方达,SZSE,2018-11-12,1.258,1.307,1.256,1.305,1.258,1.307,1.256,1.305,1.0,1201553500.0,1546244304.0,腾讯日K/前复权日K,2026-08-07T20:33:10+08:00,20260926T093659
159915,创业板ETF易方达,SZSE,2018-11-13,1.293,1.333,1.291,1.326,1.293,1.333,1.291,1.326,1.0,1761875200.0,2314208352.0,腾讯日K/前复权日K,2026-08-07T20:33:10+08:00,20260926T093659
159915,创业板ETF易方达,SZSE,2018-11-14,1.321,1.333,1.315,1.32,1.321,1.333,1.315,1.32,1.0,753617900.0,995978512.0,腾讯日K/前复权日K,2026-08-07T20:33:10+08:00,20260926T093659
159915,创业板ETF易方达,SZSE,2018-11-15,1.315,1.338,1.314,1.336,1.315,1.338,1.314,1.336,1.0,678250900.0,899095200.0,腾讯日K/前复权日K,2026-08-07T20:33:10+08:00,20260926T093659
159915,创业板ETF易方达,SZSE,2018-11-16,1.337,1.345,1.322,1.332,1.337,1.345,1.322,1.332,1.0,907042100.0,1210790656.0,腾讯日K/前复权日K,2026-08-07T20:33:10+08:00,20260926T093659
159915,创业板ETF易方达,SZSE,2018-11-19,1.328,1.332,1.31,1.325,1.328,1.332,1.31,1.325,1.0,1007134000.0,1328533536.0,腾讯日K/前复权日K,2026-08-07T20:33:10+08:00,20260926T093659
159915,创业板ETF易方达,SZSE,2018-11-20,1.316,1.317,1.282,1.291,1.316,1.317,1.282,1.291,1.0,870246900.0,1133503984.0,腾讯日K/前复权日K,2026-08-07T20:33:10+08:00,20260926T093659
159915,创业板ETF易方达,SZSE,2018-11-21,1.285,1.296,1.274,1.294,1.285,1.296,1.274,1.294,1.0,823944000.0,1059126768.0,腾讯日K/前复权日K,2026-08-07T20:33:10+08:00,20260926T093659
159915,创业板ETF易方达,SZSE,2018-11-22,1.294,1.302,1.282,1.285,1.294,1.302,1.282,1.285,1.0,643584400.0,830050688.0,腾讯日K/前复权日K,2026-08-07T20:33:10+08:00,20260926T093659
159915,创业板ETF易方达,SZSE,2018-11-23,1.289,1.289,1.244,1.248,1.289,1.289,1.244,1.248,1.0,905606100.0,1142474432.0,腾讯日K/前复权日K,2026-08-07T20:33:10+08:00,20260926T093659
159915,创业板ETF易方达,SZSE,2018-11-26,1.247,1.254,1.234,1.244,1.247,1.254,1.234,1.244,1.0,440778400.0,548534000.0,腾讯日K/前复权日K,2026-08-07T20:33:10+08:00,20260926T093659
159915,创业板ETF易方达,SZSE,2018-11-27,1.251,1.259,1.245,1.253,1.251,1.259,1.245,1.253,1.0,513019700.0,642337024.0,腾讯日K/前复权日K,2026-08-07T20:33:10+08:00,20260926T093659
159915,创业板ETF易方达,SZSE,2018-11-28,1.253,1.277,1.243,1.277,1.253,1.277,1.243,1.277,1.0,653465900.0,826287344.0,腾讯日K/前复权日K,2026-08-07T20:33:10+08:00,20260926T093659
159915,创业板ETF易方达,SZSE,2018-11-29,1.284,1.287,1.245,1.247,1.284,1.287,1.245,1.247,1.0,726823600.0,924483392.0,腾讯日K/前复权日K,2026-08-07T20:33:10+08:00,20260926T093659
159915,创业板ETF易方达,SZSE,2018-11-30,1.244,1.269,1.241,1.264,1.244,1.269,1.241,1.264,1.0,661689100.0,830518336.0,腾讯日K/前复权日K,2026-08-07T20:33:10+08:00,20260926T093659
159915,创业板ETF易方达,SZSE,2018-12-03,1.301,1.316,1.292,1.31,1.301,1.316,1.292,1.31,1.0,930341900.0,1214136640.0,腾讯日K/前复权日K,2026-08-07T20:33:10+08:00,20260926T093659
159915,创业板ETF易方达,SZSE,2018-12-04,1.308,1.315,1.303,1.315,1.308,1.315,1.303,1.315,1.0,534553300.0,700085024.0,腾讯日K/前复权日K,2026-08-07T20:33:10+08:00,20260926T093659
159915,创业板ETF易方达,SZSE,2018-12-05,1.297,1.326,1.293,1.315,1.297,1.326,1.293,1.315,1.0,807198000.0,1058167280.0,腾讯日K/前复权日K,2026-08-07T20:33:10+08:00,20260926T093659
159915,创业板ETF易方达,SZSE,2018-12-06,1.305,1.313,1.277,1.28,1.305,1.313,1.277,1.28,1.0,660117600.0,854446544.0,腾讯日K/前复权日K,2026-08-07T20:33:10+08:00,20260926T093659
159915,创业板ETF易方达,SZSE,2018-12-07,1.284,1.287,1.273,1.275,1.284,1.287,1.273,1.275,1.0,369263800.0,471984704.0,腾讯日K/前复权日K,2026-08-07T20:33:10+08:00,20260926T093659
159915,创业板ETF易方达,SZSE,2018-12-10,1.269,1.277,1.263,1.264,1.269,1.277,1.263,1.264,1.0,388018800.0,492588976.0,腾讯日K/前复权日K,2026-08-07T20:33:10+08:00,20260926T093659
159915,创业板ETF易方达,SZSE,2018-12-11,1.269,1.277,1.266,1.277,1.269,1.277,1.266,1.277,1.0,381090600.0,485039264.0,腾讯日K/前复权日K,2026-08-07T20:33:10+08:00,20260926T093659
159915,创业板ETF易方达,SZSE,2018-12-12,1.283,1.286,1.273,1.276,1.283,1.286,1.273,1.276,1.0,379547900.0,485664560.0,腾讯日K/前复权日K,2026-08-07T20:33:10+08:00,20260926T093659
159915,创业板ETF易方达,SZSE,2018-12-13,1.277,1.295,1.265,1.286,1.277,1.295,1.265,1.286,1.0,708338000.0,908374720.0,腾讯日K/前复权日K,2026-08-07T20:33:10+08:00,20260926T093659
159915,创业板ETF易方达,SZSE,2018-12-14,1.282,1.283,1.247,1.248,1.282,1.283,1.247,1.248,1.0,786251500.0,993991920.0,腾讯日K/前复权日K,2026-08-07T20:33:10+08:00,20260926T093659
159915,创业板ETF易方达,SZSE,2018-12-17,1.242,1.247,1.227,1.24,1.242,1.247,1.227,1.24,1.0,742826200.0,918529888.0,腾讯日K/前复权日K,2026-08-07T20:33:10+08:00,20260926T093659
159915,创业板ETF易方达,SZSE,2018-12-18,1.232,1.248,1.224,1.232,1.232,1.248,1.224,1.232,1.0,834971800.0,1031565920.0,腾讯日K/前复权日K,2026-08-07T20:33:10+08:00,20260926T093659
159915,创业板ETF易方达,SZSE,2018-12-19,1.234,1.235,1.207,1.209,1.234,1.235,1.207,1.209,1.0,641367700.0,783048784.0,腾讯日K/前复权日K,2026-08-07T20:33:10+08:00,20260926T093659
159915,创业板ETF易方达,SZSE,2018-12-20,1.209,1.223,1.206,1.219,1.209,1.223,1.206,1.219,1.0,623531700.0,757899424.0,腾讯日K/前复权日K,2026-08-07T20:33:10+08:00,20260926T093659
159915,创业板ETF易方达,SZSE,2018-12-21,1.216,1.22,1.203,1.213,1.216,1.22,1.203,1.213,1.0,638417300.0,773884864.0,腾讯日K/前复权日K,2026-08-07T20:33:10+08:00,20260926T093659
159915,创业板ETF易方达,SZSE,2018-12-24,1.212,1.228,1.206,1.226,1.212,1.228,1.206,1.226,1.0,691322300.0,844408160.0,腾讯日K/前复权日K,2026-08-07T20:33:10+08:00,20260926T093659
159915,创业板ETF易方达,SZSE,2018-12-25,1.216,1.224,1.191,1.217,1.216,1.224,1.191,1.217,1.0,932652600.0,1126352784.0,腾讯日K/前复权日K,2026-08-07T20:33:10+08:00,20260926T093659
159915,创业板ETF易方达,SZSE,2018-12-26,1.216,1.225,1.209,1.211,1.216,1.225,1.209,1.211,1.0,553874700.0,673597200.0,腾讯日K/前复权日K,2026-08-07T20:33:10+08:00,20260926T093659
159915,创业板ETF易方达,SZSE,2018-12-27,1.229,1.232,1.191,1.192,1.229,1.232,1.191,1.192,1.0,645376300.0,783091904.0,腾讯日K/前复权日K,2026-08-07T20:33:10+08:00,20260926T093659
159915,创业板ETF易方达,SZSE,2018-12-28,1.194,1.202,1.186,1.194,1.194,1.202,1.186,1.194,1.0,515985600.0,615985024.0,腾讯日K/前复权日K,2026-08-07T20:33:10+08:00,20260926T093659
159915,创业板ETF易方达,SZSE,2019-01-02,1.198,1.199,1.176,1.178,1.198,1.199,1.176,1.178,1.0,600162200.0,711072512.0,腾讯日K/前复权日K,2026-08-07T20:33:10+08:00,20260926T093659
159915,创业板ETF易方达,SZSE,2019-01-03,1.176,1.189,1.163,1.164,1.176,1.189,1.163,1.164,1.0,678405900.0,797217968.0,腾讯日K/前复权日K,2026-08-07T20:33:10+08:00,20260926T093659
159915,创业板ETF易方达,SZSE,2019-01-04,1.155,1.195,1.152,1.195,1.155,1.195,1.152,1.195,1.0,1184044000.0,1394716032.0,腾讯日K/前复权日K,2026-08-07T20:33:10+08:00,20260926T093659
159915,创业板ETF易方达,SZSE,2019-01-07,1.197,1.218,1.193,1.214,1.197,1.218,1.193,1.214,1.0,979774300.0,1182027888.0,腾讯日K/前复权日K,2026-08-07T20:33:10+08:00,20260926T093659
159915,创业板ETF易方达,SZSE,2019-01-08,1.21,1.217,1.207,1.211,1.21,1.217,1.207,1.211,1.0,469910000.0,569627456.0,腾讯日K/前复权日K,2026-08-07T20:33:10+08:00,20260926T093659
159915,创业板ETF易方达,SZSE,2019-01-09,1.212,1.232,1.207,1.21,1.212,1.232,1.207,1.21,1.0,737043300.0,899897040.0,腾讯日K/前复权日K,2026-08-07T20:33:10+08:00,20260926T093659
159915,创业板ETF易方达,SZSE,2019-01-10,1.208,1.219,1.203,1.207,1.208,1.219,1.203,1.207,1.0,424488100.0,513995808.0,腾讯日K/前复权日K,2026-08-07T20:33:10+08:00,20260926T093659
159915,创业板ETF易方达,SZSE,2019-01-11,1.207,1.214,1.201,1.209,1.207,1.214,1.201,1.209,1.0,430608500.0,519954096.0,腾讯日K/前复权日K,2026-08-07T20:33:10+08:00,20260926T093659
159915,创业板ETF易方达,SZSE,2019-01-14,1.21,1.212,1.193,1.195,1.21,1.212,1.193,1.195,1.0,423797700.0,508589328.0,腾讯日K/前复权日K,2026-08-07T20:33:10+08:00,20260926T093659
159915,创业板ETF易方达,SZSE,2019-01-15,1.194,1.216,1.189,1.216,1.194,1.216,1.189,1.216,1.0,672499800.0,809254368.0,腾讯日K/前复权日K,2026-08-07T20:33:10+08:00,20260926T093659
159915,创业板ETF易方达,SZSE,2019-01-16,1.214,1.224,1.21,1.214,1.214,1.224,1.21,1.214,1.0,589714200.0,717668336.0,腾讯日K/前复权日K,2026-08-07T20:33:10+08:00,20260926T093659
159915,创业板ETF易方达,SZSE,2019-01-17,1.215,1.215,1.198,1.198,1.215,1.215,1.198,1.198,1.0,590628000.0,712958608.0,腾讯日K/前复权日K,2026-08-07T20:33:10+08:00,20260926T093659
159915,创业板ETF易方达,SZSE,2019-01-18,1.203,1.218,1.198,1.216,1.203,1.218,1.198,1.216,1.0,640024000.0,773286432.0,腾讯日K/前复权日K,2026-08-07T20:33:10+08:00,20260926T093659
159915,创业板ETF易方达,SZSE,2019-01-21,1.218,1.231,1.213,1.222,1.218,1.231,1.213,1.222,1.0,660416600.0,807735712.0,腾讯日K/前复权日K,2026-08-07T20:33:10+08:00,20260926T093659
159915,创业板ETF易方达,SZSE,2019-01-22,1.219,1.22,1.196,1.201,1.219,1.22,1.196,1.201,1.0,568673500.0,686557392.0,腾讯日K/前复权日K,2026-08-07T20:33:10+08:00,20260926T093659
159915,创业板ETF易方达,SZSE,2019-01-23,1.198,1.204,1.194,1.197,1.198,1.204,1.194,1.197,1.0,332900800.0,398752320.0,腾讯日K/前复权日K,2026-08-07T20:33:10+08:00,20260926T093659
159915,创业板ETF易方达,SZSE,2019-01-24,1.199,1.221,1.197,1.211,1.199,1.221,1.197,1.211,1.0,684433700.0,829071264.0,腾讯日K/前复权日K,2026-08-07T20:33:10+08:00,20260926T093659
159915,创业板ETF易方达,SZSE,2019-01-25,1.212,1.224,1.209,1.214,1.212,1.224,1.209,1.214,1.0,622312900.0,757284944.0,腾讯日K/前复权日K,2026-08-07T20:33:10+08:00,20260926T093659
159915,创业板ETF易方达,SZSE,2019-01-28,1.22,1.227,1.205,1.208,1.22,1.227,1.205,1.208,1.0,548522000.0,667701360.0,腾讯日K/前复权日K,2026-08-07T20:33:10+08:00,20260926T093659
159915,创业板ETF易方达,SZSE,2019-01-29,1.205,1.207,1.18,1.192,1.205,1.207,1.18,1.192,1.0,762072500.0,907947216.0,腾讯日K/前复权日K,2026-08-07T20:33:10+08:00,20260926T093659
159915,创业板ETF易方达,SZSE,2019-01-30,1.183,1.197,1.182,1.183,1.183,1.197,1.182,1.183,1.0,456277200.0,542973520.0,腾讯日K/前复权日K,2026-08-07T20:33:10+08:00,20260926T093659
159915,创业板ETF易方达,SZSE,2019-01-31,1.183,1.194,1.172,1.178,1.183,1.194,1.172,1.178,1.0,747624400.0,884261504.0,腾讯日K/前复权日K,2026-08-07T20:33:10+08:00,20260926T093659
159915,创业板ETF易方达,SZSE,2019-02-01,1.182,1.222,1.182,1.221,1.182,1.222,1.182,1.221,1.0,1038576400.0,1250855312.0,腾讯日K/前复权日K,2026-08-07T20:33:10+08:00,20260926T093659
159915,创业板ETF易方达,SZSE,2019-02-11,1.223,1.266,1.223,1.264,1.223,1.266,1.223,1.264,1.0,1099841000.0,1370907952.0,腾讯日K/前复权日K,2026-08-07T20:33:10+08:00,20260926T093659
159915,创业板ETF易方达,SZSE,2019-02-12,1.262,1.281,1.259,1.278,1.262,1.281,1.259,1.278,1.0,842474700.0,1072222112.0,腾讯日K/前复权日K,2026-08-07T20:33:10+08:00,20260926T093659
159915,创业板ETF易方达,SZSE,2019-02-13,1.279,1.305,1.277,1.301,1.279,1.305,1.277,1.301,1.0,878525300.0,1136574464.0,腾讯日K/前复权日K,2026-08-07T20:33:10+08:00,20260926T093659
159915,创业板ETF易方达,SZSE,2019-02-14,1.3,1.313,1.293,1.304,1.3,1.313,1.293,1.304,1.0,618071400.0,804666384.0,腾讯日K/前复权日K,2026-08-07T20:33:10+08:00,20260926T093659
159915,创业板ETF易方达,SZSE,2019-02-15,1.301,1.314,1.299,1.302,1.301,1.314,1.299,1.302,1.0,831774200.0,1086517440.0,腾讯日K/前复权日K,2026-08-07T20:33:10+08:00,20260926T093659
159915,创业板ETF易方达,SZSE,2019-02-18,1.31,1.357,1.308,1.357,1.31,1.357,1.308,1.357,1.0,862815400.0,1151787424.0,腾讯日K/前复权日K,2026-08-07T20:33:10+08:00,20260926T093659
159915,创业板ETF易方达,SZSE,2019-02-19,1.359,1.368,1.333,1.346,1.359,1.368,1.333,1.346,1.0,1218171000.0,1647296320.0,腾讯日K/前复权日K,2026-08-07T20:33:10+08:00,20260926T093659
159915,创业板ETF易方达,SZSE,2019-02-20,1.346,1.357,1.33,1.348,1.346,1.357,1.33,1.348,1.0,695576100.0,934374656.0,腾讯日K/前复权日K,2026-08-07T20:33:10+08:00,20260926T093659
159915,创业板ETF易方达,SZSE,2019-02-21,1.344,1.391,1.34,1.355,1.344,1.391,1.34,1.355,1.0,1125811400.0,1533617408.0,腾讯日K/前复权日K,2026-08-07T20:33:10+08:00,20260926T093659
159915,创业板ETF易方达,SZSE,2019-02-22,1.348,1.406,1.347,1.406,1.348,1.406,1.347,1.406,1.0,1008246500.0,1386485968.0,腾讯日K/前复权日K,2026-08-07T20:33:10+08:00,20260926T093659
159915,创业板ETF易方达,SZSE,2019-02-25,1.432,1.495,1.416,1.492,1.432,1.495,1.416,1.492,1.0,1132208600.0,1643907408.0,腾讯日K/前复权日K,2026-08-07T20:33:10+08:00,20260926T093659
159915,创业板ETF易方达,SZSE,2019-02-26,1.487,1.519,1.459,1.479,1.487,1.519,1.459,1.479,1.0,1418302700.0,2112923536.0,腾讯日K/前复权日K,2026-08-07T20:33:10+08:00,20260926T093659
159915,创业板ETF易方达,SZSE,2019-02-27,1.475,1.491,1.436,1.458,1.475,1.491,1.436,1.458,1.0,1247473500.0,1828844736.0,腾讯日K/前复权日K,2026-08-07T20:33:10+08:00,20260926T093659
159915,创业板ETF易方达,SZSE,2019-02-28,1.456,1.482,1.454,1.47,1.456,1.482,1.454,1.47,1.0,799775500.0,1174326192.0,腾讯日K/前复权日K,2026-08-07T20:33:10+08:00,20260926T093659
159915,创业板ETF易方达,SZSE,2019-03-01,1.489,1.502,1.466,1.5,1.489,1.502,1.466,1.5,1.0,941094900.0,1398930832.0,腾讯日K/前复权日K,2026-08-07T20:33:10+08:00,20260926T093659
159915,创业板ETF易方达,SZSE,2019-03-04,1.526,1.582,1.525,1.556,1.526,1.582,1.525,1.556,1.0,1237655400.0,1915610080.0,腾讯日K/前复权日K,2026-08-07T20:33:10+08:00,20260926T093659
159915,创业板ETF易方达,SZSE,2019-03-05,1.548,1.615,1.526,1.615,1.548,1.615,1.526,1.615,1.0,1146040200.0,1807195968.0,腾讯日K/前复权日K,2026-08-07T20:33:10+08:00,20260926T093659
159915,创业板ETF易方达,SZSE,2019-03-06,1.624,1.641,1.59,1.635,1.624,1.641,1.59,1.635,1.0,1425000500.0,2302065552.0,腾讯日K/前复权日K,2026-08-07T20:33:10+08:00,20260926T093659
159915,创业板ETF易方达,SZSE,2019-03-07,1.628,1.648,1.597,1.621,1.628,1.648,1.597,1.621,1.0,1410783000.0,2291266704.0,腾讯日K/前复权日K,2026-08-07T20:33:10+08:00,20260926T093659
159915,创业板ETF易方达,SZSE,2019-03-08,1.572,1.644,1.564,1.584,1.572,1.644,1.564,1.584,1.0,2008767500.0,3233658288.0,腾讯日K/前复权日K,2026-08-07T20:33:10+08:00,20260926T093659
159915,创业板ETF易方达,SZSE,2019-03-11,1.6,1.658,1.581,1.658,1.6,1.658,1.581,1.658,1.0,1702480400.0,2767830208.0,腾讯日K/前复权日K,2026-08-07T20:33:10+08:00,20260926T093659
159915,创业板ETF易方达,SZSE,2019-03-12,1.675,1.715,1.659,1.696,1.675,1.715,1.659,1.696,1.0,2281453200.0,3839093840.0,腾讯日K/前复权日K,2026-08-07T20:33:10+08:00,20260926T093659
159915,创业板ETF易方达,SZSE,2019-03-13,1.69,1.69,1.608,1.618,1.69,1.69,1.608,1.618,1.0,2168807900.0,3571779648.0,腾讯日K/前复权日K,2026-08-07T20:33:10+08:00,20260926T093659
159915,创业板ETF易方达,SZSE,2019-03-14,1.604,1.625,1.556,1.583,1.604,1.625,1.556,1.583,1.0,1837918400.0,2916689600.0,腾讯日K/前复权日K,2026-08-07T20:33:10+08:00,20260926T093659
159915,创业板ETF易方达,SZSE,2019-03-15,1.596,1.612,1.572,1.589,1.596,1.612,1.572,1.589,1.0,1319889700.0,2106826656.0,腾讯日K/前复权日K,2026-08-07T20:33:10+08:00,20260926T093659
159915,创业板ETF易方达,SZSE,2019-03-18,1.598,1.634,1.581,1.634,1.598,1.634,1.581,1.634,1.0,1211471500.0,1947360416.0,腾讯日K/前复权日K,2026-08-07T20:33:10+08:00,20260926T093659
159915,创业板ETF易方达,SZSE,2019-03-19,1.633,1.655,1.619,1.633,1.633,1.655,1.619,1.633,1.0,1038336900.0,1697432000.0,腾讯日K/前复权日K,2026-08-07T20:33:10+08:00,20260926T093659
159915,创业板ETF易方达,SZSE,2019-03-20,1.628,1.632,1.583,1.613,1.628,1.632,1.583,1.613,1.0,969631000.0,1556244896.0,腾讯日K/前复权日K,2026-08-07T20:33:10+08:00,20260926T093659
159915,创业板ETF易方达,SZSE,2019-03-21,1.61,1.643,1.604,1.627,1.61,1.643,1.604,1.627,1.0,1169111000.0,1902099184.0,腾讯日K/前复权日K,2026-08-07T20:33:10+08:00,20260926T093659
159915,创业板ETF易方达,SZSE,2019-03-22,1.628,1.629,1.589,1.621,1.628,1.629,1.589,1.621,1.0,1307300800.0,2103966288.0,腾讯日K/前复权日K,2026-08-07T20:33:10+08:00,20260926T093659
159915,创业板ETF易方达,SZSE,2019-03-25,1.594,1.622,1.588,1.598,1.594,1.622,1.588,1.598,1.0,837728600.0,1345112464.0,腾讯日K/前复权日K,2026-08-07T20:33:10+08:00,20260926T093659
159915,创业板ETF易方达,SZSE,2019-03-26,1.608,1.61,1.554,1.556,1.608,1.61,1.554,1.556,1.0,783021200.0,1237447168.0,腾讯日K/前复权日K,2026-08-07T20:33:10+08:00,20260926T093659
159915,创业板ETF易方达,SZSE,2019-03-27,1.567,1.574,1.546,1.568,1.567,1.574,1.546,1.568,1.0,752600700.0,1176282784.0,腾讯日K/前复权日K,2026-08-07T20:33:10+08:00,20260926T093659
159915,创业板ETF易方达,SZSE,2019-03-28,1.557,1.588,1.553,1.556,1.557,1.588,1.553,1.556,1.0,755926000.0,1187543488.0,腾讯日K/前复权日K,2026-08-07T20:33:10+08:00,20260926T093659
159915,创业板ETF易方达,SZSE,2019-03-29,1.564,1.627,1.559,1.624,1.564,1.627,1.559,1.624,1.0,1187684500.0,1905978800.0,腾讯日K/前复权日K,2026-08-07T20:33:10+08:00,20260926T093659
159915,创业板ETF易方达,SZSE,2019-04-01,1.635,1.695,1.635,1.694,1.635,1.695,1.635,1.694,1.0,1059745700.0,1775243952.0,腾讯日K/前复权日K,2026-08-07T20:33:10+08:00,20260926T093659
159915,创业板ETF易方达,SZSE,2019-04-02,1.696,1.704,1.675,1.682,1.696,1.704,1.675,1.682,1.0,884264800.0,1495342624.0,腾讯日K/前复权日K,2026-08-07T20:33:10+08:00,20260926T093659
159915,创业板ETF易方达,SZSE,2019-04-03,1.673,1.701,1.669,1.7,1.673,1.701,1.669,1.7,1.0,662340000.0,1116334416.0,腾讯日K/前复权日K,2026-08-07T20:33:10+08:00,20260926T093659
159915,创业板ETF易方达,SZSE,2019-04-04,1.704,1.71,1.688,1.701,1.704,1.71,1.688,1.701,1.0,682736000.0,1159661088.0,腾讯日K/前复权日K,2026-08-07T20:33:10+08:00,20260926T093659
159915,创业板ETF易方达,SZSE,2019-04-08,1.709,1.716,1.645,1.665,1.709,1.716,1.645,1.665,1.0,854767600.0,1431801504.0,腾讯日K/前复权日K,2026-08-07T20:33:10+08:00,20260926T093659
159915,创业板ETF易方达,SZSE,2019-04-09,1.657,1.677,1.646,1.667,1.657,1.677,1.646,1.667,1.0,652720100.0,1085974784.0,腾讯日K/前复权日K,2026-08-07T20:33:10+08:00,20260926T093659
159915,创业板ETF易方达,SZSE,2019-04-10,1.657,1.668,1.639,1.654,1.657,1.668,1.639,1.654,1.0,610680000.0,1008779216.0,腾讯日K/前复权日K,2026-08-07T20:33:10+08:00,20260926T093659
159915,创业板ETF易方达,SZSE,2019-04-11,1.655,1.657,1.616,1.619,1.655,1.657,1.616,1.619,1.0,724528100.0,1181550192.0,腾讯日K/前复权日K,2026-08-07T20:33:10+08:00,20260926T093659
159915,创业板ETF易方达,SZSE,2019-04-12,1.616,1.63,1.611,1.624,1.616,1.63,1.611,1.624,1.0,589209500.0,954790816.0,腾讯日K/前复权日K,2026-08-07T20:33:10+08:00,20260926T093659
159915,创业板ETF易方达,SZSE,2019-04-15,1.647,1.651,1.594,1.596,1.647,1.651,1.594,1.596,1.0,659602100.0,1073984720.0,腾讯日K/前复权日K,2026-08-07T20:33:10+08:00,20260926T093659
159915,创业板ETF易方达,SZSE,2019-04-16,1.586,1.629,1.568,1.629,1.586,1.629,1.568,1.629,1.0,968538400.0,1547669920.0,腾讯日K/前复权日K,2026-08-07T20:33:10+08:00,20260926T093659
159915,创业板ETF易方达,SZSE,2019-04-17,1.623,1.655,1.621,1.642,1.623,1.655,1.621,1.642,1.0,867652900.0,1421519728.0,腾讯日K/前复权日K,2026-08-07T20:33:10+08:00,20260926T093659
159915,创业板ETF易方达,SZSE,2019-04-18,1.637,1.645,1.629,1.629,1.637,1.645,1.629,1.629,1.0,384124200.0,628750720.0,腾讯日K/前复权日K,2026-08-07T20:33:10+08:00,20260926T093659
159915,创业板ETF易方达,SZSE,2019-04-19,1.63,1.645,1.617,1.645,1.63,1.645,1.617,1.645,1.0,412543800.0,672817888.0,腾讯日K/前复权日K,2026-08-07T20:33:10+08:00,20260926T093659
159915,创业板ETF易方达,SZSE,2019-04-22,1.645,1.649,1.617,1.624,1.645,1.649,1.617,1.624,1.0,526563900.0,860784976.0,腾讯日K/前复权日K,2026-08-07T20:33:10+08:00,20260926T093659
159915,创业板ETF易方达,SZSE,2019-04-23,1.619,1.636,1.603,1.61,1.619,1.636,1.603,1.61,1.0,435621400.0,704956848.0,腾讯日K/前复权日K,2026-08-07T20:33:10+08:00,20260926T093659
159915,创业板ETF易方达,SZSE,2019-04-24,1.616,1.648,1.603,1.646,1.616,1.648,1.603,1.646,1.0,808834700.0,1316404624.0,腾讯日K/前复权日K,2026-08-07T20:33:10+08:00,20260926T093659
159915,创业板ETF易方达,SZSE,2019-04-25,1.635,1.649,1.596,1.598,1.635,1.649,1.596,1.598,1.0,832796700.0,1356370192.0,腾讯日K/前复权日K,2026-08-07T20:33:10+08:00,20260926T093659
159915,创业板ETF易方达,SZSE,2019-04-26,1.591,1.61,1.584,1.589,1.591,1.61,1.584,1.589,1.0,639889200.0,1021292144.0,腾讯日K/前复权日K,2026-08-07T20:33:10+08:00,20260926T093659
159915,创业板ETF易方达,SZSE,2019-04-29,1.589,1.594,1.541,1.549,1.589,1.594,1.541,1.549,1.0,914815100.0,1433020800.0,腾讯日K/前复权日K,2026-08-07T20:33:10+08:00,20260926T093659
159915,创业板ETF易方达,SZSE,2019-04-30,1.546,1.565,1.54,1.553,1.546,1.565,1.54,1.553,1.0,522653500.0,812501232.0,腾讯日K/前复权日K,2026-08-07T20:33:10+08:00,20260926T093659
159915,创业板ETF易方达,SZSE,2019-05-06,1.496,1.497,1.421,1.424,1.496,1.497,1.421,1.424,1.0,1421437100.0,2081644688.0,腾讯日K/前复权日K,2026-08-07T20:33:10+08:00,20260926T093659
159915,创业板ETF易方达,SZSE,2019-05-07,1.442,1.46,1.413,1.438,1.442,1.46,1.413,1.438,1.0,988560400.0,1423184192.0,腾讯日K/前复权日K,2026-08-07T20:33:10+08:00,20260926T093659
159915,创业板ETF易方达,SZSE,2019-05-08,1.41,1.45,1.405,1.419,1.41,1.45,1.405,1.419,1.0,948146700.0,1353802800.0,腾讯日K/前复权日K,2026-08-07T20:33:10+08:00,20260926T093659
159915,创业板ETF易方达,SZSE,2019-05-09,1.41,1.429,1.405,1.409,1.41,1.429,1.405,1.409,1.0,874863100.0,1239228640.0,腾讯日K/前复权日K,2026-08-07T20:33:10+08:00,20260926T093659
159915,创业板ETF易方达,SZSE,2019-05-10,1.427,1.473,1.402,1.465,1.427,1.473,1.402,1.465,1.0,1432141000.0,2069524656.0,腾讯日K/前复权日K,2026-08-07T20:33:10+08:00,20260926T093659
159915,创业板ETF易方达,SZSE,2019-05-13,1.448,1.457,1.43,1.441,1.448,1.457,1.43,1.441,1.0,756719100.0,1094202576.0,腾讯日K/前复权日K,2026-08-07T20:33:10+08:00,20260926T093659
159915,创业板ETF易方达,SZSE,2019-05-14,1.432,1.453,1.43,1.431,1.432,1.453,1.43,1.431,1.0,684159700.0,985784544.0,腾讯日K/前复权日K,2026-08-07T20:33:10+08:00,20260926T093659
159915,创业板ETF易方达,SZSE,2019-05-15,1.444,1.469,1.438,1.462,1.444,1.469,1.438,1.462,1.0,669114500.0,971895600.0,腾讯日K/前复权日K,2026-08-07T20:33:10+08:00,20260926T093659
159915,创业板ETF易方达,SZSE,2019-05-16,1.461,1.472,1.451,1.468,1.461,1.472,1.451,1.468,1.0,464914000.0,679623072.0,腾讯日K/前复权日K,2026-08-07T20:33:10+08:00,20260926T093659
159915,创业板ETF易方达,SZSE,2019-05-17,1.469,1.471,1.411,1.416,1.469,1.471,1.411,1.416,1.0,631317100.0,910441424.0,腾讯日K/前复权日K,2026-08-07T20:33:10+08:00,20260926T093659
159915,创业板ETF易方达,SZSE,2019-05-20,1.412,1.418,1.391,1.407,1.412,1.418,1.391,1.407,1.0,755009900.0,1058113184.0,腾讯日K/前复权日K,2026-08-07T20:33:10+08:00,20260926T093659
159915,创业板ETF易方达,SZSE,2019-05-21,1.409,1.441,1.405,1.43,1.409,1.441,1.405,1.43,1.0,613807700.0,874793584.0,腾讯日K/前复权日K,2026-08-07T20:33:10+08:00,20260926T093659
159915,创业板ETF易方达,SZSE,2019-05-22,1.428,1.44,1.415,1.427,1.428,1.44,1.415,1.427,1.0,460394300.0,656986160.0,腾讯日K/前复权日K,2026-08-07T20:33:10+08:00,20260926T093659
159915,创业板ETF易方达,SZSE,2019-05-23,1.42,1.422,1.389,1.392,1.42,1.422,1.389,1.392,1.0,738402700.0,1035834544.0,腾讯日K/前复权日K,2026-08-07T20:33:10+08:00,20260926T093659
159915,创业板ETF易方达,SZSE,2019-05-24,1.392,1.403,1.377,1.384,1.392,1.403,1.377,1.384,1.0,669934900.0,930957184.0,腾讯日K/前复权日K,2026-08-07T20:33:10+08:00,20260926T093659
159915,创业板ETF易方达,SZSE,2019-05-27,1.387,1.436,1.383,1.428,1.387,1.436,1.383,1.428,1.0,969234300.0,1368770592.0,腾讯日K/前复权日K,2026-08-07T20:33:10+08:00,20260926T093659
159915,创业板ETF易方达,SZSE,2019-05-28,1.431,1.442,1.421,1.432,1.431,1.442,1.421,1.432,1.0,762880400.0,1093672096.0,腾讯日K/前复权日K,2026-08-07T20:33:10+08:00,20260926T093659
159915,创业板ETF易方达,SZSE,2019-05-29,1.428,1.445,1.424,1.432,1.428,1.445,1.424,1.432,1.0,473871300.0,679872544.0,腾讯日K/前复权日K,2026-08-07T20:33:10+08:00,20260926T093659
159915,创业板ETF易方达,SZSE,2019-05-30,1.429,1.433,1.405,1.422,1.429,1.433,1.405,1.422,1.0,488676600.0,692734096.0,腾讯日K/前复权日K,2026-08-07T20:33:10+08:00,20260926T093659
159915,创业板ETF易方达,SZSE,2019-05-31,1.423,1.437,1.416,1.425,1.423,1.437,1.416,1.425,1.0,468630500.0,668795552.0,腾讯日K/前复权日K,2026-08-07T20:33:10+08:00,20260926T093659
159915,创业板ETF易方达,SZSE,2019-06-03,1.428,1.438,1.407,1.411,1.428,1.438,1.407,1.411,1.0,518712500.0,735971024.0,腾讯日K/前复权日K,2026-08-07T20:33:10+08:00,20260926T093659
159915,创业板ETF易方达,SZSE,2019-06-04,1.407,1.416,1.392,1.4,1.407,1.416,1.392,1.4,1.0,495611600.0,695336192.0,腾讯日K/前复权日K,2026-08-07T20:33:10+08:00,20260926T093659
159915,创业板ETF易方达,SZSE,2019-06-05,1.412,1.415,1.391,1.393,1.412,1.415,1.391,1.393,1.0,533183000.0,746679200.0,腾讯日K/前复权日K,2026-08-07T20:33:10+08:00,20260926T093659
159915,创业板ETF易方达,SZSE,2019-06-06,1.391,1.394,1.355,1.363,1.391,1.394,1.355,1.363,1.0,786068300.0,1078153888.0,腾讯日K/前复权日K,2026-08-07T20:33:10+08:00,20260926T093659
159915,创业板ETF易方达,SZSE,2019-06-10,1.364,1.383,1.356,1.376,1.364,1.383,1.356,1.376,1.0,523949100.0,718712464.0,腾讯日K/前复权日K,2026-08-07T20:33:10+08:00,20260926T093659
159915,创业板ETF易方达,SZSE,2019-06-11,1.374,1.432,1.373,1.43,1.374,1.432,1.373,1.43,1.0,970059800.0,1365339168.0,腾讯日K/前复权日K,2026-08-07T20:33:10+08:00,20260926T093659
159915,创业板ETF易方达,SZSE,2019-06-12,1.425,1.427,1.41,1.412,1.425,1.427,1.41,1.412,1.0,689854300.0,978373568.0,腾讯日K/前复权日K,2026-08-07T20:33:10+08:00,20260926T093659
159915,创业板ETF易方达,SZSE,2019-06-13,1.412,1.426,1.406,1.422,1.412,1.426,1.406,1.422,1.0,551166400.0,781136256.0,腾讯日K/前复权日K,2026-08-07T20:33:10+08:00,20260926T093659
159915,创业板ETF易方达,SZSE,2019-06-14,1.421,1.428,1.395,1.397,1.421,1.428,1.395,1.397,1.0,619039900.0,875068992.0,腾讯日K/前复权日K,2026-08-07T20:33:10+08:00,20260926T093659
159915,创业板ETF易方达,SZSE,2019-06-17,1.395,1.405,1.385,1.39,1.395,1.405,1.385,1.39,1.0,424300300.0,590340816.0,腾讯日K/前复权日K,2026-08-07T20:33:10+08:00,20260926T093659
159915,创业板ETF易方达,SZSE,2019-06-18,1.392,1.405,1.383,1.4,1.392,1.405,1.383,1.4,1.0,504702600.0,705262640.0,腾讯日K/前复权日K,2026-08-07T20:33:10+08:00,20260926T093659
159915,创业板ETF易方达,SZSE,2019-06-19,1.445,1.466,1.414,1.417,1.445,1.466,1.414,1.417,1.0,963633400.0,1378779392.0,腾讯日K/前复权日K,2026-08-07T20:33:10+08:00,20260926T093659
159915,创业板ETF易方达,SZSE,2019-06-20,1.415,1.454,1.41,1.442,1.415,1.454,1.41,1.442,1.0,926334500.0,1328203952.0,腾讯日K/前复权日K,2026-08-07T20:33:10+08:00,20260926T093659
159915,创业板ETF易方达,SZSE,2019-06-21,1.491,1.494,1.462,1.473,1.491,1.494,1.462,1.473,1.0,1785813200.0,2634031392.0,腾讯日K/前复权日K,2026-08-07T20:33:10+08:00,20260926T093659
159915,创业板ETF易方达,SZSE,2019-06-24,1.467,1.47,1.453,1.46,1.467,1.47,1.453,1.46,1.0,648221400.0,946116240.0,腾讯日K/前复权日K,2026-08-07T20:33:10+08:00,20260926T093659
159915,创业板ETF易方达,SZSE,2019-06-25,1.458,1.458,1.426,1.442,1.458,1.458,1.426,1.442,1.0,687271800.0,988833648.0,腾讯日K/前复权日K,2026-08-07T20:33:10+08:00,20260926T093659
159915,创业板ETF易方达,SZSE,2019-06-26,1.433,1.455,1.431,1.448,1.433,1.455,1.431,1.448,1.0,523825700.0,757952016.0,腾讯日K/前复权日K,2026-08-07T20:33:10+08:00,20260926T093659
159915,创业板ETF易方达,SZSE,2019-06-27,1.45,1.473,1.45,1.469,1.45,1.473,1.45,1.469,1.0,707272300.0,1036596576.0,腾讯日K/前复权日K,2026-08-07T20:33:10+08:00,20260926T093659
159915,创业板ETF易方达,SZSE,2019-06-28,1.468,1.468,1.444,1.457,1.468,1.468,1.444,1.457,1.0,586731800.0,852765456.0,腾讯日K/前复权日K,2026-08-07T20:33:10+08:00,20260926T093659
159915,创业板ETF易方达,SZSE,2019-07-01,1.487,1.512,1.477,1.511,1.487,1.512,1.477,1.511,1.0,1013969100.0,1517431216.0,腾讯日K/前复权日K,2026-08-07T20:33:10+08:00,20260926T093659
159915,创业板ETF易方达,SZSE,2019-07-02,1.506,1.518,1.503,1.511,1.506,1.518,1.503,1.511,1.0,467265400.0,706458784.0,腾讯日K/前复权日K,2026-08-07T20:33:10+08:00,20260926T093659
159915,创业板ETF易方达,SZSE,2019-07-03,1.506,1.506,1.482,1.488,1.506,1.506,1.482,1.488,1.0,442490000.0,660271616.0,腾讯日K/前复权日K,2026-08-07T20:33:10+08:00,20260926T093659
159915,创业板ETF易方达,SZSE,2019-07-04,1.489,1.494,1.469,1.476,1.489,1.494,1.469,1.476,1.0,459231500.0,679582800.0,腾讯日K/前复权日K,2026-08-07T20:33:10+08:00,20260926T093659
159915,创业板ETF易方达,SZSE,2019-07-05,1.475,1.496,1.474,1.492,1.475,1.496,1.474,1.492,1.0,412719900.0,613067440.0,腾讯日K/前复权日K,2026-08-07T20:33:10+08:00,20260926T093659
159915,创业板ETF易方达,SZSE,2019-07-08,1.488,1.488,1.439,1.45,1.488,1.488,1.439,1.45,1.0,589092800.0,859786624.0,腾讯日K/前复权日K,2026-08-07T20:33:10+08:00,20260926T093659
159915,创业板ETF易方达,SZSE,2019-07-09,1.45,1.467,1.447,1.462,1.45,1.467,1.447,1.462,1.0,393725900.0,573417664.0,腾讯日K/前复权日K,2026-08-07T20:33:10+08:00,20260926T093659
159915,创业板ETF易方达,SZSE,2019-07-10,1.465,1.468,1.45,1.456,1.465,1.468,1.45,1.456,1.0,284537600.0,415331216.0,腾讯日K/前复权日K,2026-08-07T20:33:10+08:00,20260926T093659
159915,创业板ETF易方达,SZSE,2019-07-11,1.464,1.476,1.452,1.458,1.464,1.476,1.452,1.458,1.0,323050300.0,473267056.0,腾讯日K/前复权日K,2026-08-07T20:33:10+08:00,20260926T093659
159915,创业板ETF易方达,SZSE,2019-07-12,1.458,1.472,1.451,1.465,1.458,1.472,1.451,1.465,1.0,313513600.0,458763776.0,腾讯日K/前复权日K,2026-08-07T20:33:10+08:00,20260926T093659
159915,创业板ETF易方达,SZSE,2019-07-15,1.458,1.502,1.441,1.489,1.458,1.502,1.441,1.489,1.0,998554100.0,1478474000.0,腾讯日K/前复权日K,2026-08-07T20:33:10+08:00,20260926T093659
159915,创业板ETF易方达,SZSE,2019-07-16,1.486,1.494,1.481,1.489,1.486,1.494,1.481,1.489,1.0,418216100.0,622033664.0,腾讯日K/前复权日K,2026-08-07T20:33:10+08:00,20260926T093659
159915,创业板ETF易方达,SZSE,2019-07-17,1.486,1.505,1.483,1.492,1.486,1.505,1.483,1.492,1.0,440130100.0,658665168.0,腾讯日K/前复权日K,2026-08-07T20:33:10+08:00,20260926T093659
159915,创业板ETF易方达,SZSE,2019-07-18,1.486,1.487,1.469,1.47,1.486,1.487,1.469,1.47,1.0,348806500.0,515231776.0,腾讯日K/前复权日K,2026-08-07T20:33:10+08:00,20260926T093659
159915,创业板ETF易方达,SZSE,2019-07-19,1.473,1.497,1.473,1.486,1.473,1.497,1.473,1.486,1.0,641055000.0,953352416.0,腾讯日K/前复权日K,2026-08-07T20:33:10+08:00,20260926T093659
159915,创业板ETF易方达,SZSE,2019-07-22,1.488,1.491,1.453,1.461,1.488,1.491,1.453,1.461,1.0,494470600.0,726277936.0,腾讯日K/前复权日K,2026-08-07T20:33:10+08:00,20260926T093659
159915,创业板ETF易方达,SZSE,2019-07-23,1.46,1.481,1.46,1.481,1.46,1.481,1.46,1.481,1.0,396166800.0,582821824.0,腾讯日K/前复权日K,2026-08-07T20:33:10+08:00,20260926T093659
159915,创业板ETF易方达,SZSE,2019-07-24,1.483,1.506,1.482,1.498,1.483,1.506,1.482,1.498,1.0,451535800.0,675722800.0,腾讯日K/前复权日K,2026-08-07T20:33:10+08:00,20260926T093659
159915,创业板ETF易方达,SZSE,2019-07-25,1.493,1.511,1.493,1.506,1.493,1.511,1.493,1.506,1.0,389902400.0,585696752.0,腾讯日K/前复权日K,2026-08-07T20:33:10+08:00,20260926T093659
159915,创业板ETF易方达,SZSE,2019-07-26,1.502,1.508,1.495,1.506,1.502,1.508,1.495,1.506,1.0,351360200.0,527726784.0,腾讯日K/前复权日K,2026-08-07T20:33:10+08:00,20260926T093659
159915,创业板ETF易方达,SZSE,2019-07-29,1.504,1.509,1.497,1.509,1.504,1.509,1.497,1.509,1.0,281380400.0,423169440.0,腾讯日K/前复权日K,2026-08-07T20:33:10+08:00,20260926T093659
159915,创业板ETF易方达,SZSE,2019-07-30,1.508,1.536,1.506,1.522,1.508,1.536,1.506,1.522,1.0,490774500.0,748047360.0,腾讯日K/前复权日K,2026-08-07T20:33:10+08:00,20260926T093659
159915,创业板ETF易方达,SZSE,2019-07-31,1.515,1.521,1.51,1.512,1.515,1.521,1.51,1.512,1.0,384993600.0,583207168.0,腾讯日K/前复权日K,2026-08-07T20:33:10+08:00,20260926T093659
159915,创业板ETF易方达,SZSE,2019-08-01,1.506,1.52,1.502,1.516,1.506,1.52,1.502,1.516,1.0,406948500.0,615624720.0,腾讯日K/前复权日K,2026-08-07T20:33:10+08:00,20260926T093659
159915,创业板ETF易方达,SZSE,2019-08-02,1.486,1.504,1.481,1.501,1.486,1.504,1.481,1.501,1.0,536703500.0,800549968.0,腾讯日K/前复权日K,2026-08-07T20:33:10+08:00,20260926T093659
159915,创业板ETF易方达,SZSE,2019-08-05,1.495,1.509,1.472,1.473,1.495,1.509,1.472,1.473,1.0,440157400.0,656190800.0,腾讯日K/前复权日K,2026-08-07T20:33:10+08:00,20260926T093659
159915,创业板ETF易方达,SZSE,2019-08-06,1.445,1.462,1.423,1.451,1.445,1.462,1.423,1.451,1.0,733810700.0,1059788336.0,腾讯日K/前复权日K,2026-08-07T20:33:10+08:00,20260926T093659
159915,创业板ETF易方达,SZSE,2019-08-07,1.462,1.467,1.446,1.447,1.462,1.467,1.446,1.447,1.0,369131400.0,537946784.0,腾讯日K/前复权日K,2026-08-07T20:33:10+08:00,20260926T093659
159915,创业板ETF易方达,SZSE,2019-08-08,1.452,1.47,1.452,1.468,1.452,1.47,1.452,1.468,1.0,296121800.0,432946672.0,腾讯日K/前复权日K,2026-08-07T20:33:10+08:00,20260926T093659
159915,创业板ETF易方达,SZSE,2019-08-09,1.474,1.48,1.449,1.45,1.474,1.48,1.449,1.45,1.0,320995700.0,469676784.0,腾讯日K/前复权日K,2026-08-07T20:33:10+08:00,20260926T093659
159915,创业板ETF易方达,SZSE,2019-08-12,1.457,1.486,1.452,1.486,1.457,1.486,1.452,1.486,1.0,318829600.0,467704160.0,腾讯日K/前复权日K,2026-08-07T20:33:10+08:00,20260926T093659
159915,创业板ETF易方达,SZSE,2019-08-13,1.473,1.479,1.463,1.47,1.473,1.479,1.463,1.47,1.0,276023500.0,405821664.0,腾讯日K/前复权日K,2026-08-07T20:33:10+08:00,20260926T093659
159915,创业板ETF易方达,SZSE,2019-08-14,1.488,1.494,1.476,1.477,1.488,1.494,1.476,1.477,1.0,442778800.0,657758896.0,腾讯日K/前复权日K,2026-08-07T20:33:10+08:00,20260926T093659
159915,创业板ETF易方达,SZSE,2019-08-15,1.459,1.5,1.451,1.498,1.459,1.5,1.451,1.498,1.0,545858000.0,807305568.0,腾讯日K/前复权日K,2026-08-07T20:33:10+08:00,20260926T093659
159915,创业板ETF易方达,SZSE,2019-08-16,1.497,1.527,1.491,1.512,1.497,1.527,1.491,1.512,1.0,552038900.0,834130064.0,腾讯日K/前复权日K,2026-08-07T20:33:10+08:00,20260926T093659
159915,创业板ETF易方达,SZSE,2019-08-19,1.528,1.573,1.524,1.568,1.528,1.573,1.524,1.568,1.0,807887600.0,1250126496.0,腾讯日K/前复权日K,2026-08-07T20:33:10+08:00,20260926T093659
159915,创业板ETF易方达,SZSE,2019-08-20,1.565,1.571,1.549,1.553,1.565,1.571,1.549,1.553,1.0,553323500.0,862848896.0,腾讯日K/前复权日K,2026-08-07T20:33:10+08:00,20260926T093659
159915,创业板ETF易方达,SZSE,2019-08-21,1.55,1.557,1.545,1.549,1.55,1.557,1.545,1.549,1.0,432159900.0,670373776.0,腾讯日K/前复权日K,2026-08-07T20:33:10+08:00,20260926T093659
159915,创业板ETF易方达,SZSE,2019-08-22,1.553,1.556,1.539,1.554,1.553,1.556,1.539,1.554,1.0,395692000.0,612815904.0,腾讯日K/前复权日K,2026-08-07T20:33:10+08:00,20260926T093659
159915,创业板ETF易方达,SZSE,2019-08-23,1.553,1.563,1.544,1.555,1.553,1.563,1.544,1.555,1.0,374734900.0,582706208.0,腾讯日K/前复权日K,2026-08-07T20:33:10+08:00,20260926T093659
159915,创业板ETF易方达,SZSE,2019-08-26,1.54,1.549,1.529,1.54,1.54,1.549,1.529,1.54,1.0,470149300.0,724143264.0,腾讯日K/前复权日K,2026-08-07T20:33:10+08:00,20260926T093659
159915,创业板ETF易方达,SZSE,2019-08-27,1.549,1.586,1.548,1.567,1.549,1.586,1.548,1.567,1.0,787723600.0,1235914880.0,腾讯日K/前复权日K,2026-08-07T20:33:10+08:00,20260926T093659
159915,创业板ETF易方达,SZSE,2019-08-28,1.566,1.572,1.555,1.565,1.566,1.572,1.555,1.565,1.0,378610400.0,591739616.0,腾讯日K/前复权日K,2026-08-07T20:33:10+08:00,20260926T093659
159915,创业板ETF易方达,SZSE,2019-08-29,1.566,1.573,1.557,1.558,1.566,1.573,1.557,1.558,1.0,331930700.0,518872176.0,腾讯日K/前复权日K,2026-08-07T20:33:10+08:00,20260926T093659
159915,创业板ETF易方达,SZSE,2019-08-30,1.569,1.577,1.541,1.549,1.569,1.577,1.541,1.549,1.0,449885200.0,701180672.0,腾讯日K/前复权日K,2026-08-07T20:33:10+08:00,20260926T093659
159915,创业板ETF易方达,SZSE,2019-09-02,1.55,1.595,1.55,1.592,1.55,1.595,1.55,1.592,1.0,482725800.0,760787344.0,腾讯日K/前复权日K,2026-08-07T20:33:10+08:00,20260926T093659
159915,创业板ETF易方达,SZSE,2019-09-03,1.592,1.6,1.585,1.595,1.592,1.6,1.585,1.595,1.0,352288400.0,561098784.0,腾讯日K/前复权日K,2026-08-07T20:33:10+08:00,20260926T093659
159915,创业板ETF易方达,SZSE,2019-09-04,1.595,1.609,1.587,1.607,1.595,1.609,1.587,1.607,1.0,382470500.0,610907616.0,腾讯日K/前复权日K,2026-08-07T20:33:10+08:00,20260926T093659
159915,创业板ETF易方达,SZSE,2019-09-05,1.618,1.647,1.618,1.627,1.618,1.647,1.618,1.627,1.0,532068900.0,869088848.0,腾讯日K/前复权日K,2026-08-07T20:33:10+08:00,20260926T093659
159915,创业板ETF易方达,SZSE,2019-09-06,1.634,1.637,1.611,1.631,1.634,1.637,1.611,1.631,1.0,406414600.0,660451216.0,腾讯日K/前复权日K,2026-08-07T20:33:10+08:00,20260926T093659
159915,创业板ETF易方达,SZSE,2019-09-09,1.639,1.672,1.628,1.67,1.639,1.672,1.628,1.67,1.0,639889300.0,1054795856.0,腾讯日K/前复权日K,2026-08-07T20:33:10+08:00,20260926T093659
159915,创业板ETF易方达,SZSE,2019-09-10,1.666,1.67,1.65,1.661,1.666,1.67,1.65,1.661,1.0,387048800.0,643004592.0,腾讯日K/前复权日K,2026-08-07T20:33:10+08:00,20260926T093659
159915,创业板ETF易方达,SZSE,2019-09-11,1.665,1.67,1.636,1.638,1.665,1.67,1.636,1.638,1.0,410010600.0,676492944.0,腾讯日K/前复权日K,2026-08-07T20:33:10+08:00,20260926T093659
159915,创业板ETF易方达,SZSE,2019-09-12,1.647,1.649,1.632,1.646,1.647,1.649,1.632,1.646,1.0,301832400.0,495634832.0,腾讯日K/前复权日K,2026-08-07T20:33:10+08:00,20260926T093659
159915,创业板ETF易方达,SZSE,2019-09-16,1.649,1.658,1.639,1.65,1.649,1.658,1.639,1.65,1.0,376530600.0,621110352.0,腾讯日K/前复权日K,2026-08-07T20:33:10+08:00,20260926T093659
159915,创业板ETF易方达,SZSE,2019-09-17,1.646,1.646,1.609,1.618,1.646,1.646,1.609,1.618,1.0,481261600.0,781250288.0,腾讯日K/前复权日K,2026-08-07T20:33:10+08:00,20260926T093659
159915,创业板ETF易方达,SZSE,2019-09-18,1.618,1.624,1.607,1.617,1.618,1.624,1.607,1.617,1.0,356663700.0,575953632.0,腾讯日K/前复权日K,2026-08-07T20:33:10+08:00,20260926T093659
159915,创业板ETF易方达,SZSE,2019-09-19,1.62,1.646,1.612,1.642,1.62,1.646,1.612,1.642,1.0,465841200.0,758063904.0,腾讯日K/前复权日K,2026-08-07T20:33:10+08:00,20260926T093659
159915,创业板ETF易方达,SZSE,2019-09-20,1.643,1.652,1.637,1.638,1.643,1.652,1.637,1.638,1.0,366983800.0,602897504.0,腾讯日K/前复权日K,2026-08-07T20:33:10+08:00,20260926T093659
159915,创业板ETF易方达,SZSE,2019-09-23,1.635,1.635,1.607,1.62,1.635,1.635,1.607,1.62,1.0,375112700.0,606485696.0,腾讯日K/前复权日K,2026-08-07T20:33:10+08:00,20260926T093659
159915,创业板ETF易方达,SZSE,2019-09-24,1.619,1.642,1.614,1.629,1.619,1.642,1.614,1.629,1.0,442466100.0,721217712.0,腾讯日K/前复权日K,2026-08-07T20:33:10+08:00,20260926T093659
159915,创业板ETF易方达,SZSE,2019-09-25,1.62,1.625,1.608,1.611,1.62,1.625,1.608,1.611,1.0,320000800.0,517019616.0,腾讯日K/前复权日K,2026-08-07T20:33:10+08:00,20260926T093659
159915,创业板ETF易方达,SZSE,2019-09-26,1.615,1.617,1.56,1.561,1.615,1.617,1.56,1.561,1.0,531169800.0,840824880.0,腾讯日K/前复权日K,2026-08-07T20:33:10+08:00,20260926T093659
159915,创业板ETF易方达,SZSE,2019-09-27,1.562,1.59,1.561,1.587,1.562,1.59,1.561,1.587,1.0,429094200.0,677400704.0,腾讯日K/前复权日K,2026-08-07T20:33:10+08:00,20260926T093659
159915,创业板ETF易方达,SZSE,2019-09-30,1.585,1.59,1.565,1.57,1.585,1.59,1.565,1.57,1.0,276484600.0,435864752.0,腾讯日K/前复权日K,2026-08-07T20:33:10+08:00,20260926T093659
159915,创业板ETF易方达,SZSE,2019-10-08,1.571,1.577,1.554,1.556,1.571,1.577,1.554,1.556,1.0,259417500.0,406277456.0,腾讯日K/前复权日K,2026-08-07T20:33:10+08:00,20260926T093659
159915,创业板ETF易方达,SZSE,2019-10-09,1.549,1.563,1.543,1.561,1.549,1.563,1.543,1.561,1.0,401633300.0,623226960.0,腾讯日K/前复权日K,2026-08-07T20:33:10+08:00,20260926T093659
159915,创业板ETF易方达,SZSE,2019-10-10,1.568,1.606,1.563,1.604,1.568,1.606,1.563,1.604,1.0,598888000.0,950547664.0,腾讯日K/前复权日K,2026-08-07T20:33:10+08:00,20260926T093659
159915,创业板ETF易方达,SZSE,2019-10-11,1.605,1.615,1.592,1.606,1.605,1.615,1.592,1.606,1.0,435043800.0,697988480.0,腾讯日K/前复权日K,2026-08-07T20:33:10+08:00,20260926T093659
159915,创业板ETF易方达,SZSE,2019-10-14,1.615,1.63,1.611,1.617,1.615,1.63,1.611,1.617,1.0,338518700.0,548329008.0,腾讯日K/前复权日K,2026-08-07T20:33:10+08:00,20260926T093659
159915,创业板ETF易方达,SZSE,2019-10-15,1.613,1.614,1.596,1.597,1.613,1.614,1.596,1.597,1.0,219739700.0,352196400.0,腾讯日K/前复权日K,2026-08-07T20:33:10+08:00,20260926T093659
159915,创业板ETF易方达,SZSE,2019-10-16,1.602,1.61,1.592,1.592,1.602,1.61,1.592,1.592,1.0,414705400.0,664018016.0,腾讯日K/前复权日K,2026-08-07T20:33:10+08:00,20260926T093659
159915,创业板ETF易方达,SZSE,2019-10-17,1.594,1.602,1.591,1.595,1.594,1.602,1.591,1.595,1.0,313687300.0,500440544.0,腾讯日K/前复权日K,2026-08-07T20:33:10+08:00,20260926T093659
159915,创业板ETF易方达,SZSE,2019-10-18,1.6,1.613,1.582,1.589,1.6,1.613,1.582,1.589,1.0,367419000.0,587484304.0,腾讯日K/前复权日K,2026-08-07T20:33:10+08:00,20260926T093659
159915,创业板ETF易方达,SZSE,2019-10-21,1.588,1.591,1.57,1.585,1.588,1.591,1.57,1.585,1.0,370505800.0,585581488.0,腾讯日K/前复权日K,2026-08-07T20:33:10+08:00,20260926T093659
159915,创业板ETF易方达,SZSE,2019-10-22,1.587,1.606,1.585,1.606,1.587,1.606,1.585,1.606,1.0,383228800.0,611910768.0,腾讯日K/前复权日K,2026-08-07T20:33:10+08:00,20260926T093659
159915,创业板ETF易方达,SZSE,2019-10-23,1.608,1.61,1.587,1.589,1.608,1.61,1.587,1.589,1.0,279349600.0,446274976.0,腾讯日K/前复权日K,2026-08-07T20:33:10+08:00,20260926T093659
159915,创业板ETF易方达,SZSE,2019-10-24,1.59,1.6,1.581,1.593,1.59,1.6,1.581,1.593,1.0,245789600.0,391136576.0,腾讯日K/前复权日K,2026-08-07T20:33:10+08:00,20260926T093659
159915,创业板ETF易方达,SZSE,2019-10-25,1.593,1.616,1.586,1.616,1.593,1.616,1.586,1.616,1.0,420712700.0,674647392.0,腾讯日K/前复权日K,2026-08-07T20:33:10+08:00,20260926T093659
159915,创业板ETF易方达,SZSE,2019-10-28,1.63,1.646,1.622,1.646,1.63,1.646,1.622,1.646,1.0,446601100.0,730058992.0,腾讯日K/前复权日K,2026-08-07T20:33:10+08:00,20260926T093659
159915,创业板ETF易方达,SZSE,2019-10-29,1.642,1.643,1.622,1.624,1.642,1.643,1.622,1.624,1.0,337028200.0,550829072.0,腾讯日K/前复权日K,2026-08-07T20:33:10+08:00,20260926T093659
159915,创业板ETF易方达,SZSE,2019-10-30,1.623,1.627,1.609,1.619,1.623,1.627,1.609,1.619,1.0,240390500.0,389210560.0,腾讯日K/前复权日K,2026-08-07T20:33:10+08:00,20260926T093659
159915,创业板ETF易方达,SZSE,2019-10-31,1.624,1.63,1.607,1.608,1.624,1.63,1.607,1.608,1.0,297535500.0,481495104.0,腾讯日K/前复权日K,2026-08-07T20:33:10+08:00,20260926T093659
159915,创业板ETF易方达,SZSE,2019-11-01,1.609,1.628,1.602,1.625,1.609,1.628,1.602,1.625,1.0,303828200.0,491396096.0,腾讯日K/前复权日K,2026-08-07T20:33:10+08:00,20260926T093659
159915,创业板ETF易方达,SZSE,2019-11-04,1.624,1.643,1.624,1.634,1.624,1.643,1.624,1.634,1.0,353322700.0,577725840.0,腾讯日K/前复权日K,2026-08-07T20:33:10+08:00,20260926T093659
159915,创业板ETF易方达,SZSE,2019-11-05,1.637,1.655,1.631,1.649,1.637,1.655,1.631,1.649,1.0,341915100.0,562183184.0,腾讯日K/前复权日K,2026-08-07T20:33:10+08:00,20260926T093659
159915,创业板ETF易方达,SZSE,2019-11-06,1.652,1.655,1.632,1.638,1.652,1.655,1.632,1.638,1.0,270517600.0,445166160.0,腾讯日K/前复权日K,2026-08-07T20:33:10+08:00,20260926T093659
159915,创业板ETF易方达,SZSE,2019-11-07,1.634,1.66,1.632,1.651,1.634,1.66,1.632,1.651,1.0,291193600.0,480363696.0,腾讯日K/前复权日K,2026-08-07T20:33:10+08:00,20260926T093659
159915,创业板ETF易方达,SZSE,2019-11-08,1.655,1.666,1.645,1.645,1.655,1.666,1.645,1.645,1.0,362405500.0,600012096.0,腾讯日K/前复权日K,2026-08-07T20:33:10+08:00,20260926T093659
159915,创业板ETF易方达,SZSE,2019-11-11,1.641,1.641,1.609,1.61,1.641,1.641,1.609,1.61,1.0,271683900.0,440940704.0,腾讯日K/前复权日K,2026-08-07T20:33:10+08:00,20260926T093659
159915,创业板ETF易方达,SZSE,2019-11-12,1.61,1.616,1.593,1.611,1.61,1.616,1.593,1.611,1.0,278394000.0,446876480.0,腾讯日K/前复权日K,2026-08-07T20:33:10+08:00,20260926T093659
159915,创业板ETF易方达,SZSE,2019-11-13,1.608,1.621,1.604,1.62,1.608,1.621,1.604,1.62,1.0,253096800.0,408310128.0,腾讯日K/前复权日K,2026-08-07T20:33:10+08:00,20260926T093659
159915,创业板ETF易方达,SZSE,2019-11-14,1.619,1.634,1.616,1.63,1.619,1.634,1.616,1.63,1.0,201853500.0,327966832.0,腾讯日K/前复权日K,2026-08-07T20:33:10+08:00,20260926T093659
159915,创业板ETF易方达,SZSE,2019-11-15,1.626,1.632,1.614,1.614,1.626,1.632,1.614,1.614,1.0,204913100.0,332186944.0,腾讯日K/前复权日K,2026-08-07T20:33:10+08:00,20260926T093659
159915,创业板ETF易方达,SZSE,2019-11-18,1.613,1.623,1.603,1.621,1.613,1.623,1.603,1.621,1.0,209268800.0,337860864.0,腾讯日K/前复权日K,2026-08-07T20:33:10+08:00,20260926T093659
159915,创业板ETF易方达,SZSE,2019-11-19,1.62,1.666,1.618,1.666,1.62,1.666,1.618,1.666,1.0,477652800.0,788222848.0,腾讯日K/前复权日K,2026-08-07T20:33:10+08:00,20260926T093659
159915,创业板ETF易方达,SZSE,2019-11-20,1.664,1.679,1.654,1.655,1.664,1.679,1.654,1.655,1.0,380288400.0,634036656.0,腾讯日K/前复权日K,2026-08-07T20:33:10+08:00,20260926T093659
159915,创业板ETF易方达,SZSE,2019-11-21,1.65,1.663,1.643,1.65,1.65,1.663,1.643,1.65,1.0,228755000.0,377737008.0,腾讯日K/前复权日K,2026-08-07T20:33:10+08:00,20260926T093659
159915,创业板ETF易方达,SZSE,2019-11-22,1.653,1.672,1.608,1.614,1.653,1.672,1.608,1.614,1.0,508939000.0,832603952.0,腾讯日K/前复权日K,2026-08-07T20:33:10+08:00,20260926T093659
159915,创业板ETF易方达,SZSE,2019-11-25,1.616,1.619,1.591,1.599,1.616,1.619,1.591,1.599,1.0,342267900.0,547441024.0,腾讯日K/前复权日K,2026-08-07T20:33:10+08:00,20260926T093659
159915,创业板ETF易方达,SZSE,2019-11-26,1.603,1.617,1.596,1.608,1.603,1.617,1.596,1.608,1.0,314216100.0,505140336.0,腾讯日K/前复权日K,2026-08-07T20:33:10+08:00,20260926T093659
159915,创业板ETF易方达,SZSE,2019-11-27,1.605,1.622,1.594,1.611,1.605,1.622,1.594,1.611,1.0,263692000.0,424397584.0,腾讯日K/前复权日K,2026-08-07T20:33:10+08:00,20260926T093659
159915,创业板ETF易方达,SZSE,2019-11-28,1.608,1.62,1.605,1.611,1.608,1.62,1.605,1.611,1.0,174542800.0,281463776.0,腾讯日K/前复权日K,2026-08-07T20:33:10+08:00,20260926T093659
159915,创业板ETF易方达,SZSE,2019-11-29,1.608,1.61,1.585,1.6,1.608,1.61,1.585,1.6,1.0,255021200.0,407518784.0,腾讯日K/前复权日K,2026-08-07T20:33:10+08:00,20260926T093659
159915,创业板ETF易方达,SZSE,2019-12-02,1.605,1.618,1.601,1.606,1.605,1.618,1.601,1.606,1.0,215841600.0,347145408.0,腾讯日K/前复权日K,2026-08-07T20:33:10+08:00,20260926T093659
159915,创业板ETF易方达,SZSE,2019-12-03,1.6,1.613,1.586,1.613,1.6,1.613,1.586,1.613,1.0,261019200.0,417574912.0,腾讯日K/前复权日K,2026-08-07T20:33:10+08:00,20260926T093659
159915,创业板ETF易方达,SZSE,2019-12-04,1.606,1.62,1.602,1.612,1.606,1.62,1.602,1.612,1.0,214455400.0,345616192.0,腾讯日K/前复权日K,2026-08-07T20:33:10+08:00,20260926T093659
159915,创业板ETF易方达,SZSE,2019-12-05,1.615,1.65,1.615,1.648,1.615,1.65,1.615,1.648,1.0,398267100.0,651809840.0,腾讯日K/前复权日K,2026-08-07T20:33:10+08:00,20260926T093659
159915,创业板ETF易方达,SZSE,2019-12-06,1.646,1.662,1.641,1.662,1.646,1.662,1.641,1.662,1.0,288588000.0,476840768.0,腾讯日K/前复权日K,2026-08-07T20:33:10+08:00,20260926T093659
159915,创业板ETF易方达,SZSE,2019-12-09,1.667,1.669,1.65,1.656,1.667,1.669,1.65,1.656,1.0,276077400.0,457341264.0,腾讯日K/前复权日K,2026-08-07T20:33:10+08:00,20260926T093659
159915,创业板ETF易方达,SZSE,2019-12-10,1.651,1.67,1.645,1.67,1.651,1.67,1.645,1.67,1.0,245073400.0,406620432.0,腾讯日K/前复权日K,2026-08-07T20:33:10+08:00,20260926T093659
159915,创业板ETF易方达,SZSE,2019-12-11,1.667,1.669,1.649,1.653,1.667,1.669,1.649,1.653,1.0,207574200.0,344015136.0,腾讯日K/前复权日K,2026-08-07T20:33:10+08:00,20260926T093659
159915,创业板ETF易方达,SZSE,2019-12-12,1.651,1.668,1.651,1.657,1.651,1.668,1.651,1.657,1.0,222315000.0,369197088.0,腾讯日K/前复权日K,2026-08-07T20:33:10+08:00,20260926T093659
159915,创业板ETF易方达,SZSE,2019-12-13,1.67,1.695,1.667,1.693,1.67,1.695,1.667,1.693,1.0,453932500.0,763312320.0,腾讯日K/前复权日K,2026-08-07T20:33:10+08:00,20260926T093659
159915,创业板ETF易方达,SZSE,2019-12-16,1.693,1.716,1.686,1.715,1.693,1.716,1.686,1.715,1.0,381406400.0,649084592.0,腾讯日K/前复权日K,2026-08-07T20:33:10+08:00,20260926T093659
159915,创业板ETF易方达,SZSE,2019-12-17,1.715,1.741,1.713,1.738,1.715,1.741,1.713,1.738,1.0,463768900.0,802963008.0,腾讯日K/前复权日K,2026-08-07T20:33:10+08:00,20260926T093659
159915,创业板ETF易方达,SZSE,2019-12-18,1.734,1.739,1.721,1.725,1.734,1.739,1.721,1.725,1.0,253307100.0,438241664.0,腾讯日K/前复权日K,2026-08-07T20:33:10+08:00,20260926T093659
159915,创业板ETF易方达,SZSE,2019-12-19,1.725,1.73,1.714,1.724,1.725,1.73,1.714,1.724,1.0,264483500.0,455270864.0,腾讯日K/前复权日K,2026-08-07T20:33:10+08:00,20260926T093659
159915,创业板ETF易方达,SZSE,2019-12-20,1.724,1.73,1.705,1.708,1.724,1.73,1.705,1.708,1.0,253823800.0,435005296.0,腾讯日K/前复权日K,2026-08-07T20:33:10+08:00,20260926T093659
159915,创业板ETF易方达,SZSE,2019-12-23,1.703,1.708,1.667,1.671,1.703,1.708,1.667,1.671,1.0,375954400.0,635116960.0,腾讯日K/前复权日K,2026-08-07T20:33:10+08:00,20260926T093659
159915,创业板ETF易方达,SZSE,2019-12-24,1.676,1.706,1.675,1.704,1.676,1.706,1.675,1.704,1.0,311361800.0,525817088.0,腾讯日K/前复权日K,2026-08-07T20:33:10+08:00,20260926T093659
159915,创业板ETF易方达,SZSE,2019-12-25,1.7,1.719,1.697,1.718,1.7,1.719,1.697,1.718,1.0,272986900.0,466617984.0,腾讯日K/前复权日K,2026-08-07T20:33:10+08:00,20260926T093659
159915,创业板ETF易方达,SZSE,2019-12-26,1.716,1.727,1.711,1.726,1.716,1.727,1.711,1.726,1.0,215221000.0,370131872.0,腾讯日K/前复权日K,2026-08-07T20:33:10+08:00,20260926T093659
159915,创业板ETF易方达,SZSE,2019-12-27,1.728,1.737,1.698,1.698,1.728,1.737,1.698,1.698,1.0,301534100.0,518302672.0,腾讯日K/前复权日K,2026-08-07T20:33:10+08:00,20260926T093659
159915,创业板ETF易方达,SZSE,2019-12-30,1.695,1.727,1.684,1.727,1.695,1.727,1.684,1.727,1.0,269359400.0,461047328.0,腾讯日K/前复权日K,2026-08-07T20:33:10+08:00,20260926T093659
159915,创业板ETF易方达,SZSE,2019-12-31,1.72,1.736,1.718,1.73,1.72,1.736,1.718,1.73,1.0,305108400.0,527289200.0,腾讯日K/前复权日K,2026-08-07T20:33:10+08:00,20260926T093659
159915,创业板ETF易方达,SZSE,2020-01-02,1.743,1.771,1.731,1.765,1.743,1.771,1.731,1.765,1.0,338082500.0,593821312.0,腾讯日K/前复权日K,2026-08-07T20:33:10+08:00,20260926T093659
159915,创业板ETF易方达,SZSE,2020-01-03,1.766,1.774,1.751,1.764,1.766,1.774,1.751,1.764,1.0,274686000.0,484657152.0,腾讯日K/前复权日K,2026-08-07T20:33:10+08:00,20260926T093659
159915,创业板ETF易方达,SZSE,2020-01-06,1.756,1.806,1.753,1.788,1.756,1.806,1.753,1.788,1.0,416699100.0,744384656.0,腾讯日K/前复权日K,2026-08-07T20:33:10+08:00,20260926T093659
159915,创业板ETF易方达,SZSE,2020-01-07,1.792,1.823,1.792,1.822,1.792,1.823,1.792,1.822,1.0,394559000.0,713661488.0,腾讯日K/前复权日K,2026-08-07T20:33:10+08:00,20260926T093659
159915,创业板ETF易方达,SZSE,2020-01-08,1.808,1.822,1.789,1.792,1.808,1.822,1.789,1.792,1.0,495910700.0,894926576.0,腾讯日K/前复权日K,2026-08-07T20:33:10+08:00,20260926T093659
159915,创业板ETF易方达,SZSE,2020-01-09,1.811,1.842,1.811,1.839,1.811,1.842,1.811,1.839,1.0,447568900.0,818555088.0,腾讯日K/前复权日K,2026-08-07T20:33:10+08:00,20260926T093659
159915,创业板ETF易方达,SZSE,2020-01-10,1.847,1.847,1.821,1.831,1.847,1.847,1.821,1.831,1.0,354645100.0,650123952.0,腾讯日K/前复权日K,2026-08-07T20:33:10+08:00,20260926T093659
159915,创业板ETF易方达,SZSE,2020-01-13,1.834,1.862,1.82,1.862,1.834,1.862,1.82,1.862,1.0,440077100.0,812006320.0,腾讯日K/前复权日K,2026-08-07T20:33:10+08:00,20260926T093659
159915,创业板ETF易方达,SZSE,2020-01-14,1.864,1.871,1.849,1.85,1.864,1.871,1.849,1.85,1.0,380667900.0,707363696.0,腾讯日K/前复权日K,2026-08-07T20:33:10+08:00,20260926T093659
159915,创业板ETF易方达,SZSE,2020-01-15,1.848,1.856,1.829,1.847,1.848,1.856,1.829,1.847,1.0,262788200.0,484326112.0,腾讯日K/前复权日K,2026-08-07T20:33:10+08:00,20260926T093659
159915,创业板ETF易方达,SZSE,2020-01-16,1.851,1.863,1.842,1.856,1.851,1.863,1.842,1.856,1.0,270307300.0,501536384.0,腾讯日K/前复权日K,2026-08-07T20:33:10+08:00,20260926T093659
159915,创业板ETF易方达,SZSE,2020-01-17,1.861,1.874,1.853,1.858,1.861,1.874,1.853,1.858,1.0,299122500.0,557328144.0,腾讯日K/前复权日K,2026-08-07T20:33:10+08:00,20260926T093659
159915,创业板ETF易方达,SZSE,2020-01-20,1.862,1.911,1.861,1.905,1.862,1.911,1.861,1.905,1.0,415155500.0,785167600.0,腾讯日K/前复权日K,2026-08-07T20:33:10+08:00,20260926T093659
159915,创业板ETF易方达,SZSE,2020-01-21,1.9,1.911,1.881,1.892,1.9,1.911,1.881,1.892,1.0,533401800.0,1010621920.0,腾讯日K/前复权日K,2026-08-07T20:33:10+08:00,20260926T093659
159915,创业板ETF易方达,SZSE,2020-01-22,1.882,1.93,1.852,1.918,1.882,1.93,1.852,1.918,1.0,490221200.0,925446976.0,腾讯日K/前复权日K,2026-08-07T20:33:10+08:00,20260926T093659
159915,创业板ETF易方达,SZSE,2020-01-23,1.892,1.918,1.829,1.853,1.892,1.918,1.829,1.853,1.0,652327800.0,1220349856.0,腾讯日K/前复权日K,2026-08-07T20:33:10+08:00,20260926T093659
159915,创业板ETF易方达,SZSE,2020-02-03,1.67,1.766,1.669,1.708,1.67,1.766,1.669,1.708,1.0,1022628000.0,1759930592.0,腾讯日K/前复权日K,2026-08-07T20:33:10+08:00,20260926T093659
159915,创业板ETF易方达,SZSE,2020-02-04,1.716,1.82,1.715,1.816,1.716,1.82,1.715,1.816,1.0,695557500.0,1239347232.0,腾讯日K/前复权日K,2026-08-07T20:33:10+08:00,20260926T093659
159915,创业板ETF易方达,SZSE,2020-02-05,1.833,1.896,1.818,1.871,1.833,1.896,1.818,1.871,1.0,623023700.0,1159567344.0,腾讯日K/前复权日K,2026-08-07T20:33:10+08:00,20260926T093659
159915,创业板ETF易方达,SZSE,2020-02-06,1.855,1.94,1.836,1.93,1.855,1.94,1.836,1.93,1.0,705975400.0,1340342448.0,腾讯日K/前复权日K,2026-08-07T20:33:10+08:00,20260926T093659
159915,创业板ETF易方达,SZSE,2020-02-07,1.932,1.949,1.9,1.94,1.932,1.949,1.9,1.94,1.0,502075700.0,968173696.0,腾讯日K/前复权日K,2026-08-07T20:33:10+08:00,20260926T093659
159915,创业板ETF易方达,SZSE,2020-02-10,1.938,1.966,1.924,1.961,1.938,1.966,1.924,1.961,1.0,437752200.0,853349840.0,腾讯日K/前复权日K,2026-08-07T20:33:10+08:00,20260926T093659
159915,创业板ETF易方达,SZSE,2020-02-11,1.964,1.964,1.935,1.947,1.964,1.964,1.935,1.947,1.0,277137800.0,540477056.0,腾讯日K/前复权日K,2026-08-07T20:33:10+08:00,20260926T093659
159915,创业板ETF易方达,SZSE,2020-02-12,1.943,2.012,1.939,2.006,1.943,2.012,1.939,2.006,1.0,394270700.0,782098800.0,腾讯日K/前复权日K,2026-08-07T20:33:10+08:00,20260926T093659
159915,创业板ETF易方达,SZSE,2020-02-13,2.005,2.01,1.971,1.988,2.005,2.01,1.971,1.988,1.0,426844300.0,849396208.0,腾讯日K/前复权日K,2026-08-07T20:33:10+08:00,20260926T093659
159915,创业板ETF易方达,SZSE,2020-02-14,1.983,2.022,1.965,1.987,1.983,2.022,1.965,1.987,1.0,338313000.0,675301616.0,腾讯日K/前复权日K,2026-08-07T20:33:10+08:00,20260926T093659
159915,创业板ETF易方达,SZSE,2020-02-17,2.005,2.071,2.004,2.071,2.005,2.071,2.004,2.071,1.0,689679500.0,1411302160.0,腾讯日K/前复权日K,2026-08-07T20:33:10+08:00,20260926T093659
159915,创业板ETF易方达,SZSE,2020-02-18,2.072,2.09,2.05,2.09,2.072,2.09,2.05,2.09,1.0,704272900.0,1461049104.0,腾讯日K/前复权日K,2026-08-07T20:33:10+08:00,20260926T093659
159915,创业板ETF易方达,SZSE,2020-02-19,2.08,2.087,2.052,2.054,2.08,2.087,2.052,2.054,1.0,572403700.0,1184645184.0,腾讯日K/前复权日K,2026-08-07T20:33:10+08:00,20260926T093659
159915,创业板ETF易方达,SZSE,2020-02-20,2.062,2.118,2.056,2.105,2.062,2.118,2.056,2.105,1.0,564853800.0,1179806160.0,腾讯日K/前复权日K,2026-08-07T20:33:10+08:00,20260926T093659
159915,创业板ETF易方达,SZSE,2020-02-21,2.1,2.162,2.092,2.145,2.1,2.162,2.092,2.145,1.0,533741200.0,1138639744.0,腾讯日K/前复权日K,2026-08-07T20:33:10+08:00,20260926T093659
159915,创业板ETF易方达,SZSE,2020-02-24,2.137,2.185,2.127,2.178,2.137,2.185,2.127,2.178,1.0,504084200.0,1086958000.0,腾讯日K/前复权日K,2026-08-07T20:33:10+08:00,20260926T093659
159915,创业板ETF易方达,SZSE,2020-02-25,2.145,2.21,2.082,2.195,2.145,2.21,2.082,2.195,1.0,714184200.0,1540210400.0,腾讯日K/前复权日K,2026-08-07T20:33:10+08:00,20260926T093659
159915,创业板ETF易方达,SZSE,2020-02-26,2.162,2.176,2.086,2.102,2.162,2.176,2.086,2.102,1.0,643676900.0,1371540256.0,腾讯日K/前复权日K,2026-08-07T20:33:10+08:00,20260926T093659
159915,创业板ETF易方达,SZSE,2020-02-27,2.111,2.148,2.076,2.111,2.111,2.148,2.076,2.111,1.0,762019600.0,1609806400.0,腾讯日K/前复权日K,2026-08-07T20:33:10+08:00,20260926T093659
159915,创业板ETF易方达,SZSE,2020-02-28,2.041,2.074,1.985,1.995,2.041,2.074,1.985,1.995,1.0,1144950200.0,2320203312.0,腾讯日K/前复权日K,2026-08-07T20:33:10+08:00,20260926T093659
159915,创业板ETF易方达,SZSE,2020-03-02,2.026,2.071,1.999,2.054,2.026,2.071,1.999,2.054,1.0,640949000.0,1304480320.0,腾讯日K/前复权日K,2026-08-07T20:33:10+08:00,20260926T093659
159915,创业板ETF易方达,SZSE,2020-03-03,2.101,2.155,2.066,2.092,2.101,2.155,2.066,2.092,1.0,758934900.0,1604280864.0,腾讯日K/前复权日K,2026-08-07T20:33:10+08:00,20260926T093659
159915,创业板ETF易方达,SZSE,2020-03-04,2.077,2.097,2.04,2.088,2.077,2.097,2.04,2.088,1.0,446850500.0,924792448.0,腾讯日K/前复权日K,2026-08-07T20:33:10+08:00,20260926T093659
159915,创业板ETF易方达,SZSE,2020-03-05,2.121,2.131,2.09,2.121,2.121,2.131,2.09,2.121,1.0,537126800.0,1134560352.0,腾讯日K/前复权日K,2026-08-07T20:33:10+08:00,20260926T093659
159915,创业板ETF易方达,SZSE,2020-03-06,2.09,2.14,2.087,2.111,2.09,2.14,2.087,2.111,1.0,290952300.0,614750208.0,腾讯日K/前复权日K,2026-08-07T20:33:10+08:00,20260926T093659
159915,创业板ETF易方达,SZSE,2020-03-09,2.068,2.09,2.011,2.013,2.068,2.09,2.011,2.013,1.0,424604200.0,868558240.0,腾讯日K/前复权日K,2026-08-07T20:33:10+08:00,20260926T093659
159915,创业板ETF易方达,SZSE,2020-03-10,2.016,2.068,1.974,2.063,2.016,2.068,1.974,2.063,1.0,636702100.0,1291227936.0,腾讯日K/前复权日K,2026-08-07T20:33:10+08:00,20260926T093659
159915,创业板ETF易方达,SZSE,2020-03-11,2.07,2.078,2.017,2.024,2.07,2.078,2.017,2.024,1.0,442957300.0,906930144.0,腾讯日K/前复权日K,2026-08-07T20:33:10+08:00,20260926T093659
159915,创业板ETF易方达,SZSE,2020-03-12,1.996,1.998,1.948,1.971,1.996,1.998,1.948,1.971,1.0,416047000.0,820946976.0,腾讯日K/前复权日K,2026-08-07T20:33:10+08:00,20260926T093659
159915,创业板ETF易方达,SZSE,2020-03-13,1.895,1.978,1.85,1.952,1.895,1.978,1.85,1.952,1.0,828071200.0,1584748400.0,腾讯日K/前复权日K,2026-08-07T20:33:10+08:00,20260926T093659
159915,创业板ETF易方达,SZSE,2020-03-16,1.953,1.96,1.83,1.832,1.953,1.96,1.83,1.832,1.0,629317100.0,1191112096.0,腾讯日K/前复权日K,2026-08-07T20:33:10+08:00,20260926T093659
159915,创业板ETF易方达,SZSE,2020-03-17,1.863,1.886,1.776,1.842,1.863,1.886,1.776,1.842,1.0,853714700.0,1563509728.0,腾讯日K/前复权日K,2026-08-07T20:33:10+08:00,20260926T093659
159915,创业板ETF易方达,SZSE,2020-03-18,1.86,1.907,1.816,1.818,1.86,1.907,1.816,1.818,1.0,808958800.0,1512016752.0,腾讯日K/前复权日K,2026-08-07T20:33:10+08:00,20260926T093659
159915,创业板ETF易方达,SZSE,2020-03-19,1.833,1.839,1.768,1.825,1.833,1.839,1.768,1.825,1.0,1111266900.0,2007773584.0,腾讯日K/前复权日K,2026-08-07T20:33:10+08:00,20260926T093659
159915,创业板ETF易方达,SZSE,2020-03-20,1.847,1.854,1.805,1.847,1.847,1.854,1.805,1.847,1.0,736210200.0,1351892032.0,腾讯日K/前复权日K,2026-08-07T20:33:10+08:00,20260926T093659
159915,创业板ETF易方达,SZSE,2020-03-23,1.79,1.816,1.75,1.761,1.79,1.816,1.75,1.761,1.0,733394700.0,1305813920.0,腾讯日K/前复权日K,2026-08-07T20:33:10+08:00,20260926T093659
159915,创业板ETF易方达,SZSE,2020-03-24,1.797,1.81,1.748,1.806,1.797,1.81,1.748,1.806,1.0,789514600.0,1410852880.0,腾讯日K/前复权日K,2026-08-07T20:33:10+08:00,20260926T093659
159915,创业板ETF易方达,SZSE,2020-03-25,1.845,1.867,1.833,1.86,1.845,1.867,1.833,1.86,1.0,880115500.0,1630786976.0,腾讯日K/前复权日K,2026-08-07T20:33:10+08:00,20260926T093659
159915,创业板ETF易方达,SZSE,2020-03-26,1.845,1.874,1.841,1.853,1.845,1.874,1.841,1.853,1.0,484313700.0,900324464.0,腾讯日K/前复权日K,2026-08-07T20:33:10+08:00,20260926T093659
159915,创业板ETF易方达,SZSE,2020-03-27,1.878,1.882,1.828,1.83,1.878,1.882,1.828,1.83,1.0,647218300.0,1197067632.0,腾讯日K/前复权日K,2026-08-07T20:33:10+08:00,20260926T093659
159915,创业板ETF易方达,SZSE,2020-03-30,1.807,1.808,1.762,1.791,1.807,1.808,1.762,1.791,1.0,632104200.0,1128069456.0,腾讯日K/前复权日K,2026-08-07T20:33:10+08:00,20260926T093659
159915,创业板ETF易方达,SZSE,2020-03-31,1.805,1.813,1.79,1.795,1.805,1.813,1.79,1.795,1.0,428000000.0,771482304.0,腾讯日K/前复权日K,2026-08-07T20:33:10+08:00,20260926T093659
159915,创业板ETF易方达,SZSE,2020-04-01,1.798,1.829,1.79,1.792,1.798,1.829,1.79,1.792,1.0,397434500.0,718993776.0,腾讯日K/前复权日K,2026-08-07T20:33:10+08:00,20260926T093659
159915,创业板ETF易方达,SZSE,2020-04-02,1.786,1.845,1.784,1.844,1.786,1.845,1.784,1.844,1.0,621360200.0,1125309792.0,腾讯日K/前复权日K,2026-08-07T20:33:10+08:00,20260926T093659
159915,创业板ETF易方达,SZSE,2020-04-03,1.834,1.854,1.825,1.834,1.834,1.854,1.825,1.834,1.0,414494100.0,762594144.0,腾讯日K/前复权日K,2026-08-07T20:33:10+08:00,20260926T093659
159915,创业板ETF易方达,SZSE,2020-04-07,1.871,1.898,1.866,1.894,1.871,1.898,1.866,1.894,1.0,696557500.0,1312190880.0,腾讯日K/前复权日K,2026-08-07T20:33:10+08:00,20260926T093659
159915,创业板ETF易方达,SZSE,2020-04-08,1.886,1.901,1.879,1.89,1.886,1.901,1.879,1.89,1.0,297942400.0,562745120.0,腾讯日K/前复权日K,2026-08-07T20:33:10+08:00,20260926T093659
159915,创业板ETF易方达,SZSE,2020-04-09,1.905,1.925,1.896,1.921,1.905,1.925,1.896,1.921,1.0,469048100.0,897401392.0,腾讯日K/前复权日K,2026-08-07T20:33:10+08:00,20260926T093659
159915,创业板ETF易方达,SZSE,2020-04-10,1.921,1.921,1.868,1.877,1.921,1.921,1.868,1.877,1.0,388882700.0,735521440.0,腾讯日K/前复权日K,2026-08-07T20:33:10+08:00,20260926T093659
159915,创业板ETF易方达,SZSE,2020-04-13,1.872,1.872,1.84,1.853,1.872,1.872,1.84,1.853,1.0,348866700.0,645264336.0,腾讯日K/前复权日K,2026-08-07T20:33:10+08:00,20260926T093659
159915,创业板ETF易方达,SZSE,2020-04-14,1.862,1.91,1.856,1.909,1.862,1.91,1.856,1.909,1.0,485091000.0,914603648.0,腾讯日K/前复权日K,2026-08-07T20:33:10+08:00,20260926T093659
159915,创业板ETF易方达,SZSE,2020-04-15,1.911,1.927,1.899,1.899,1.911,1.927,1.899,1.899,1.0,391673300.0,749693136.0,腾讯日K/前复权日K,2026-08-07T20:33:10+08:00,20260926T093659
159915,创业板ETF易方达,SZSE,2020-04-16,1.893,1.938,1.891,1.932,1.893,1.938,1.891,1.932,1.0,343659900.0,659893808.0,腾讯日K/前复权日K,2026-08-07T20:33:10+08:00,20260926T093659
159915,创业板ETF易方达,SZSE,2020-04-17,1.948,1.969,1.936,1.943,1.948,1.969,1.936,1.943,1.0,423549800.0,827242032.0,腾讯日K/前复权日K,2026-08-07T20:33:10+08:00,20260926T093659
159915,创业板ETF易方达,SZSE,2020-04-20,1.945,1.969,1.94,1.969,1.945,1.969,1.94,1.969,1.0,233852600.0,457862512.0,腾讯日K/前复权日K,2026-08-07T20:33:10+08:00,20260926T093659
159915,创业板ETF易方达,SZSE,2020-04-21,1.96,1.96,1.92,1.949,1.96,1.96,1.92,1.949,1.0,320577400.0,622482688.0,腾讯日K/前复权日K,2026-08-07T20:33:10+08:00,20260926T093659
159915,创业板ETF易方达,SZSE,2020-04-22,1.932,1.967,1.927,1.967,1.932,1.967,1.927,1.967,1.0,322109400.0,627374192.0,腾讯日K/前复权日K,2026-08-07T20:33:10+08:00,20260926T093659
159915,创业板ETF易方达,SZSE,2020-04-23,1.97,1.978,1.947,1.951,1.97,1.978,1.947,1.951,1.0,312795900.0,613241024.0,腾讯日K/前复权日K,2026-08-07T20:33:10+08:00,20260926T093659
159915,创业板ETF易方达,SZSE,2020-04-24,1.951,1.959,1.921,1.93,1.951,1.959,1.921,1.93,1.0,248955000.0,482010976.0,腾讯日K/前复权日K,2026-08-07T20:33:10+08:00,20260926T093659
159915,创业板ETF易方达,SZSE,2020-04-27,1.938,1.957,1.919,1.939,1.938,1.957,1.919,1.939,1.0,332056600.0,645358320.0,腾讯日K/前复权日K,2026-08-07T20:33:10+08:00,20260926T093659
159915,创业板ETF易方达,SZSE,2020-04-28,1.947,1.969,1.89,1.951,1.947,1.969,1.89,1.951,1.0,446927500.0,865921536.0,腾讯日K/前复权日K,2026-08-07T20:33:10+08:00,20260926T093659
159915,创业板ETF易方达,SZSE,2020-04-29,1.943,1.973,1.94,1.952,1.943,1.973,1.94,1.952,1.0,356095700.0,696005744.0,腾讯日K/前复权日K,2026-08-07T20:33:10+08:00,20260926T093659
159915,创业板ETF易方达,SZSE,2020-04-30,1.964,1.999,1.96,1.993,1.964,1.999,1.96,1.993,1.0,411736100.0,817442896.0,腾讯日K/前复权日K,2026-08-07T20:33:10+08:00,20260926T093659
159915,创业板ETF易方达,SZSE,2020-05-06,1.98,2.032,1.974,2.029,1.98,2.032,1.974,2.029,1.0,367767600.0,737917200.0,腾讯日K/前复权日K,2026-08-07T20:33:10+08:00,20260926T093659
159915,创业板ETF易方达,SZSE,2020-05-07,2.03,2.035,2.014,2.025,2.03,2.035,2.014,2.025,1.0,265935100.0,538456240.0,腾讯日K/前复权日K,2026-08-07T20:33:10+08:00,20260926T093659
159915,创业板ETF易方达,SZSE,2020-05-08,2.035,2.058,2.033,2.042,2.035,2.058,2.033,2.042,1.0,304340400.0,622569008.0,腾讯日K/前复权日K,2026-08-07T20:33:10+08:00,20260926T093659
159915,创业板ETF易方达,SZSE,2020-05-11,2.054,2.057,2.01,2.024,2.054,2.057,2.01,2.024,1.0,372383000.0,755905408.0,腾讯日K/前复权日K,2026-08-07T20:33:10+08:00,20260926T093659
159915,创业板ETF易方达,SZSE,2020-05-12,2.021,2.045,2.012,2.043,2.021,2.045,2.012,2.043,1.0,273309800.0,554753040.0,腾讯日K/前复权日K,2026-08-07T20:33:10+08:00,20260926T093659
159915,创业板ETF易方达,SZSE,2020-05-13,2.033,2.063,2.033,2.058,2.033,2.063,2.033,2.058,1.0,228528700.0,468032256.0,腾讯日K/前复权日K,2026-08-07T20:33:10+08:00,20260926T093659
159915,创业板ETF易方达,SZSE,2020-05-14,2.047,2.058,2.035,2.036,2.047,2.058,2.035,2.036,1.0,241709400.0,494059216.0,腾讯日K/前复权日K,2026-08-07T20:33:10+08:00,20260926T093659
159915,创业板ETF易方达,SZSE,2020-05-15,2.047,2.056,2.03,2.042,2.047,2.056,2.03,2.042,1.0,228085900.0,466146592.0,腾讯日K/前复权日K,2026-08-07T20:33:10+08:00,20260926T093659
159915,创业板ETF易方达,SZSE,2020-05-18,2.045,2.057,2.015,2.039,2.045,2.057,2.015,2.039,1.0,255364300.0,520926432.0,腾讯日K/前复权日K,2026-08-07T20:33:10+08:00,20260926T093659
159915,创业板ETF易方达,SZSE,2020-05-19,2.052,2.061,2.046,2.061,2.052,2.061,2.046,2.061,1.0,372748800.0,766492304.0,腾讯日K/前复权日K,2026-08-07T20:33:10+08:00,20260926T093659
159915,创业板ETF易方达,SZSE,2020-05-20,2.061,2.074,2.033,2.041,2.061,2.074,2.033,2.041,1.0,315427900.0,648502016.0,腾讯日K/前复权日K,2026-08-07T20:33:10+08:00,20260926T093659
159915,创业板ETF易方达,SZSE,2020-05-21,2.045,2.058,2.015,2.02,2.045,2.058,2.015,2.02,1.0,286282900.0,583607040.0,腾讯日K/前复权日K,2026-08-07T20:33:10+08:00,20260926T093659
159915,创业板ETF易方达,SZSE,2020-05-22,2.015,2.018,1.96,1.972,2.015,2.018,1.96,1.972,1.0,422028800.0,837242320.0,腾讯日K/前复权日K,2026-08-07T20:33:10+08:00,20260926T093659
159915,创业板ETF易方达,SZSE,2020-05-25,1.968,1.977,1.958,1.975,1.968,1.977,1.958,1.975,1.0,255996500.0,504052560.0,腾讯日K/前复权日K,2026-08-07T20:33:10+08:00,20260926T093659
159915,创业板ETF易方达,SZSE,2020-05-26,1.989,2.038,1.986,2.038,1.989,2.038,1.986,2.038,1.0,345773700.0,696891568.0,腾讯日K/前复权日K,2026-08-07T20:33:10+08:00,20260926T093659
159915,创业板ETF易方达,SZSE,2020-05-27,2.034,2.035,1.986,1.997,2.034,2.035,1.986,1.997,1.0,428797000.0,859890896.0,腾讯日K/前复权日K,2026-08-07T20:33:10+08:00,20260926T093659
159915,创业板ETF易方达,SZSE,2020-05-28,1.99,1.999,1.948,1.982,1.99,1.999,1.948,1.982,1.0,446455100.0,878971376.0,腾讯日K/前复权日K,2026-08-07T20:33:10+08:00,20260926T093659
159915,创业板ETF易方达,SZSE,2020-05-29,1.969,2.012,1.967,2.006,1.969,2.012,1.967,2.006,1.0,365781400.0,731316336.0,腾讯日K/前复权日K,2026-08-07T20:33:10+08:00,20260926T093659
159915,创业板ETF易方达,SZSE,2020-06-01,2.024,2.087,2.02,2.082,2.024,2.087,2.02,2.082,1.0,401752800.0,829581440.0,腾讯日K/前复权日K,2026-08-07T20:33:10+08:00,20260926T093659
159915,创业板ETF易方达,SZSE,2020-06-02,2.083,2.085,2.054,2.067,2.083,2.085,2.054,2.067,1.0,302634600.0,625496288.0,腾讯日K/前复权日K,2026-08-07T20:33:10+08:00,20260926T093659
159915,创业板ETF易方达,SZSE,2020-06-03,2.075,2.085,2.059,2.06,2.075,2.085,2.059,2.06,1.0,249887100.0,517396640.0,腾讯日K/前复权日K,2026-08-07T20:33:10+08:00,20260926T093659
159915,创业板ETF易方达,SZSE,2020-06-04,2.067,2.077,2.057,2.073,2.067,2.077,2.057,2.073,1.0,257369100.0,532624128.0,腾讯日K/前复权日K,2026-08-07T20:33:10+08:00,20260926T093659
159915,创业板ETF易方达,SZSE,2020-06-05,2.069,2.087,2.062,2.087,2.069,2.087,2.062,2.087,1.0,219826900.0,456286880.0,腾讯日K/前复权日K,2026-08-07T20:33:10+08:00,20260926T093659
159915,创业板ETF易方达,SZSE,2020-06-08,2.101,2.111,2.07,2.073,2.101,2.111,2.07,2.073,1.0,239640100.0,500333440.0,腾讯日K/前复权日K,2026-08-07T20:33:10+08:00,20260926T093659
159915,创业板ETF易方达,SZSE,2020-06-09,2.076,2.106,2.068,2.102,2.076,2.106,2.068,2.102,1.0,256076300.0,535995824.0,腾讯日K/前复权日K,2026-08-07T20:33:10+08:00,20260926T093659
159915,创业板ETF易方达,SZSE,2020-06-10,2.102,2.124,2.099,2.122,2.102,2.124,2.099,2.122,1.0,299262200.0,632269232.0,腾讯日K/前复权日K,2026-08-07T20:33:10+08:00,20260926T093659
159915,创业板ETF易方达,SZSE,2020-06-11,2.123,2.161,2.103,2.119,2.123,2.161,2.103,2.119,1.0,324574000.0,691810128.0,腾讯日K/前复权日K,2026-08-07T20:33:10+08:00,20260926T093659
159915,创业板ETF易方达,SZSE,2020-06-12,2.08,2.147,2.078,2.141,2.08,2.147,2.078,2.141,1.0,395880600.0,839264064.0,腾讯日K/前复权日K,2026-08-07T20:33:10+08:00,20260926T093659
159915,创业板ETF易方达,SZSE,2020-06-15,2.143,2.181,2.14,2.141,2.143,2.181,2.14,2.141,1.0,350946400.0,757264000.0,腾讯日K/前复权日K,2026-08-07T20:33:10+08:00,20260926T093659
159915,创业板ETF易方达,SZSE,2020-06-16,2.169,2.188,2.161,2.183,2.169,2.188,2.161,2.183,1.0,381432800.0,829913776.0,腾讯日K/前复权日K,2026-08-07T20:33:10+08:00,20260926T093659
159915,创业板ETF易方达,SZSE,2020-06-17,2.184,2.198,2.171,2.188,2.184,2.198,2.171,2.188,1.0,288225900.0,629367520.0,腾讯日K/前复权日K,2026-08-07T20:33:10+08:00,20260926T093659
159915,创业板ETF易方达,SZSE,2020-06-18,2.187,2.196,2.17,2.194,2.187,2.196,2.17,2.194,1.0,361883300.0,790565840.0,腾讯日K/前复权日K,2026-08-07T20:33:10+08:00,20260926T093659
159915,创业板ETF易方达,SZSE,2020-06-19,2.196,2.253,2.191,2.238,2.196,2.253,2.191,2.238,1.0,339270500.0,757480672.0,腾讯日K/前复权日K,2026-08-07T20:33:10+08:00,20260926T093659
159915,创业板ETF易方达,SZSE,2020-06-22,2.246,2.282,2.245,2.263,2.246,2.282,2.245,2.263,1.0,343573400.0,778089552.0,腾讯日K/前复权日K,2026-08-07T20:33:10+08:00,20260926T093659
159915,创业板ETF易方达,SZSE,2020-06-23,2.26,2.307,2.255,2.307,2.26,2.307,2.255,2.307,1.0,269737500.0,615432640.0,腾讯日K/前复权日K,2026-08-07T20:33:10+08:00,20260926T093659
159915,创业板ETF易方达,SZSE,2020-06-24,2.318,2.318,2.29,2.307,2.318,2.318,2.29,2.307,1.0,280117800.0,644657424.0,腾讯日K/前复权日K,2026-08-07T20:33:10+08:00,20260926T093659
159915,创业板ETF易方达,SZSE,2020-06-29,2.292,2.307,2.28,2.295,2.292,2.307,2.28,2.295,1.0,257396700.0,589922240.0,腾讯日K/前复权日K,2026-08-07T20:33:10+08:00,20260926T093659
159915,创业板ETF易方达,SZSE,2020-06-30,2.304,2.363,2.304,2.359,2.304,2.363,2.304,2.359,1.0,275878700.0,645987872.0,腾讯日K/前复权日K,2026-08-07T20:33:10+08:00,20260926T093659
159915,创业板ETF易方达,SZSE,2020-07-01,2.363,2.37,2.303,2.342,2.363,2.37,2.303,2.342,1.0,431263600.0,1008298496.0,腾讯日K/前复权日K,2026-08-07T20:33:10+08:00,20260926T093659
159915,创业板ETF易方达,SZSE,2020-07-02,2.337,2.355,2.314,2.35,2.337,2.355,2.314,2.35,1.0,363142200.0,848789792.0,腾讯日K/前复权日K,2026-08-07T20:33:10+08:00,20260926T093659
159915,创业板ETF易方达,SZSE,2020-07-03,2.349,2.39,2.325,2.38,2.349,2.39,2.325,2.38,1.0,392494300.0,926308192.0,腾讯日K/前复权日K,2026-08-07T20:33:10+08:00,20260926T093659
159915,创业板ETF易方达,SZSE,2020-07-06,2.384,2.459,2.375,2.45,2.384,2.459,2.375,2.45,1.0,537357600.0,1298220544.0,腾讯日K/前复权日K,2026-08-07T20:33:10+08:00,20260926T093659
159915,创业板ETF易方达,SZSE,2020-07-07,2.459,2.561,2.45,2.503,2.459,2.561,2.45,2.503,1.0,439699200.0,1104592912.0,腾讯日K/前复权日K,2026-08-07T20:33:10+08:00,20260926T093659
159915,创业板ETF易方达,SZSE,2020-07-08,2.515,2.58,2.489,2.574,2.515,2.58,2.489,2.574,1.0,346433700.0,877417264.0,腾讯日K/前复权日K,2026-08-07T20:33:10+08:00,20260926T093659
159915,创业板ETF易方达,SZSE,2020-07-09,2.576,2.681,2.56,2.674,2.576,2.681,2.56,2.674,1.0,498913500.0,1314914800.0,腾讯日K/前复权日K,2026-08-07T20:33:10+08:00,20260926T093659
159915,创业板ETF易方达,SZSE,2020-07-10,2.66,2.706,2.64,2.685,2.66,2.706,2.64,2.685,1.0,477182100.0,1279620064.0,腾讯日K/前复权日K,2026-08-07T20:33:10+08:00,20260926T093659
159915,创业板ETF易方达,SZSE,2020-07-13,2.693,2.81,2.693,2.802,2.693,2.81,2.693,2.802,1.0,534279400.0,1474933376.0,腾讯日K/前复权日K,2026-08-07T20:33:10+08:00,20260926T093659
159915,创业板ETF易方达,SZSE,2020-07-14,2.798,2.798,2.695,2.767,2.798,2.798,2.695,2.767,1.0,726061200.0,1996260336.0,腾讯日K/前复权日K,2026-08-07T20:33:10+08:00,20260926T093659
159915,创业板ETF易方达,SZSE,2020-07-15,2.766,2.797,2.688,2.722,2.766,2.797,2.688,2.722,1.0,781743900.0,2153845856.0,腾讯日K/前复权日K,2026-08-07T20:33:10+08:00,20260926T093659
159915,创业板ETF易方达,SZSE,2020-07-16,2.718,2.755,2.538,2.558,2.718,2.755,2.538,2.558,1.0,1269181900.0,3351186160.0,腾讯日K/前复权日K,2026-08-07T20:33:10+08:00,20260926T093659
159915,创业板ETF易方达,SZSE,2020-07-17,2.558,2.635,2.529,2.583,2.558,2.635,2.529,2.583,1.0,900005700.0,2321894448.0,腾讯日K/前复权日K,2026-08-07T20:33:10+08:00,20260926T093659
159915,创业板ETF易方达,SZSE,2020-07-20,2.62,2.629,2.528,2.611,2.62,2.629,2.528,2.611,1.0,686034700.0,1770602912.0,腾讯日K/前复权日K,2026-08-07T20:33:10+08:00,20260926T093659
159915,创业板ETF易方达,SZSE,2020-07-21,2.62,2.653,2.596,2.643,2.62,2.653,2.596,2.643,1.0,659815400.0,1737413408.0,腾讯日K/前复权日K,2026-08-07T20:33:10+08:00,20260926T093659
159915,创业板ETF易方达,SZSE,2020-07-22,2.628,2.713,2.621,2.678,2.628,2.713,2.621,2.678,1.0,618928100.0,1659035424.0,腾讯日K/前复权日K,2026-08-07T20:33:10+08:00,20260926T093659
159915,创业板ETF易方达,SZSE,2020-07-23,2.657,2.706,2.613,2.706,2.657,2.706,2.613,2.706,1.0,496272400.0,1324355248.0,腾讯日K/前复权日K,2026-08-07T20:33:10+08:00,20260926T093659
159915,创业板ETF易方达,SZSE,2020-07-24,2.68,2.695,2.525,2.537,2.68,2.695,2.525,2.537,1.0,817839800.0,2120347856.0,腾讯日K/前复权日K,2026-08-07T20:33:10+08:00,20260926T093659
159915,创业板ETF易方达,SZSE,2020-07-27,2.544,2.577,2.513,2.54,2.544,2.577,2.513,2.54,1.0,423595300.0,1080018864.0,腾讯日K/前复权日K,2026-08-07T20:33:10+08:00,20260926T093659
159915,创业板ETF易方达,SZSE,2020-07-28,2.576,2.587,2.539,2.573,2.576,2.587,2.539,2.573,1.0,437831300.0,1122978640.0,腾讯日K/前复权日K,2026-08-07T20:33:10+08:00,20260926T093659
159915,创业板ETF易方达,SZSE,2020-07-29,2.564,2.685,2.561,2.68,2.564,2.685,2.561,2.68,1.0,485217500.0,1278752608.0,腾讯日K/前复权日K,2026-08-07T20:33:10+08:00,20260926T093659
159915,创业板ETF易方达,SZSE,2020-07-30,2.68,2.692,2.641,2.652,2.68,2.692,2.641,2.652,1.0,429584100.0,1146614624.0,腾讯日K/前复权日K,2026-08-07T20:33:10+08:00,20260926T093659
159915,创业板ETF易方达,SZSE,2020-07-31,2.658,2.724,2.646,2.708,2.658,2.724,2.646,2.708,1.0,468958700.0,1262589296.0,腾讯日K/前复权日K,2026-08-07T20:33:10+08:00,20260926T093659
159915,创业板ETF易方达,SZSE,2020-08-03,2.734,2.774,2.704,2.774,2.734,2.774,2.704,2.774,1.0,405796400.0,1114103920.0,腾讯日K/前复权日K,2026-08-07T20:33:10+08:00,20260926T093659
159915,创业板ETF易方达,SZSE,2020-08-04,2.772,2.794,2.721,2.738,2.772,2.794,2.721,2.738,1.0,441102600.0,1216085616.0,腾讯日K/前复权日K,2026-08-07T20:33:10+08:00,20260926T093659
159915,创业板ETF易方达,SZSE,2020-08-05,2.74,2.779,2.707,2.763,2.74,2.779,2.707,2.763,1.0,324932500.0,891682560.0,腾讯日K/前复权日K,2026-08-07T20:33:10+08:00,20260926T093659
159915,创业板ETF易方达,SZSE,2020-08-06,2.767,2.77,2.682,2.719,2.767,2.77,2.682,2.719,1.0,431876700.0,1173644624.0,腾讯日K/前复权日K,2026-08-07T20:33:10+08:00,20260926T093659
159915,创业板ETF易方达,SZSE,2020-08-07,2.701,2.726,2.61,2.657,2.701,2.726,2.61,2.657,1.0,449797100.0,1198850624.0,腾讯日K/前复权日K,2026-08-07T20:33:10+08:00,20260926T093659
159915,创业板ETF易方达,SZSE,2020-08-10,2.641,2.666,2.603,2.641,2.641,2.666,2.603,2.641,1.0,301159300.0,793749024.0,腾讯日K/前复权日K,2026-08-07T20:33:10+08:00,20260926T093659
159915,创业板ETF易方达,SZSE,2020-08-11,2.643,2.68,2.59,2.6,2.643,2.68,2.59,2.6,1.0,398901400.0,1052834048.0,腾讯日K/前复权日K,2026-08-07T20:33:10+08:00,20260926T093659
159915,创业板ETF易方达,SZSE,2020-08-12,2.596,2.604,2.492,2.548,2.596,2.604,2.492,2.548,1.0,701878300.0,1776970112.0,腾讯日K/前复权日K,2026-08-07T20:33:10+08:00,20260926T093659
159915,创业板ETF易方达,SZSE,2020-08-13,2.56,2.566,2.521,2.535,2.56,2.566,2.521,2.535,1.0,337884300.0,860036384.0,腾讯日K/前复权日K,2026-08-07T20:33:10+08:00,20260926T093659
159915,创业板ETF易方达,SZSE,2020-08-14,2.533,2.58,2.528,2.579,2.533,2.58,2.528,2.579,1.0,484820200.0,1240668240.0,腾讯日K/前复权日K,2026-08-07T20:33:10+08:00,20260926T093659
159915,创业板ETF易方达,SZSE,2020-08-17,2.591,2.608,2.56,2.607,2.591,2.608,2.56,2.607,1.0,570620300.0,1477528128.0,腾讯日K/前复权日K,2026-08-07T20:33:10+08:00,20260926T093659
159915,创业板ETF易方达,SZSE,2020-08-18,2.608,2.631,2.595,2.605,2.608,2.631,2.595,2.605,1.0,332642800.0,868339536.0,腾讯日K/前复权日K,2026-08-07T20:33:10+08:00,20260926T093659
159915,创业板ETF易方达,SZSE,2020-08-19,2.604,2.61,2.521,2.524,2.604,2.61,2.521,2.524,1.0,336320300.0,859262800.0,腾讯日K/前复权日K,2026-08-07T20:33:10+08:00,20260926T093659
159915,创业板ETF易方达,SZSE,2020-08-20,2.503,2.541,2.272,2.503,2.503,2.541,2.272,2.503,1.0,331196700.0,831085472.0,腾讯日K/前复权日K,2026-08-07T20:33:10+08:00,20260926T093659
159915,创业板ETF易方达,SZSE,2020-08-21,2.519,2.554,2.518,2.546,2.519,2.554,2.518,2.546,1.0,334956800.0,850586320.0,腾讯日K/前复权日K,2026-08-07T20:33:10+08:00,20260926T093659
159915,创业板ETF易方达,SZSE,2020-08-24,2.563,2.612,2.503,2.597,2.563,2.612,2.503,2.597,1.0,444975000.0,1144983920.0,腾讯日K/前复权日K,2026-08-07T20:33:10+08:00,20260926T093659
159915,创业板ETF易方达,SZSE,2020-08-25,2.591,2.65,2.589,2.611,2.591,2.65,2.589,2.611,1.0,404288400.0,1057606848.0,腾讯日K/前复权日K,2026-08-07T20:33:10+08:00,20260926T093659
159915,创业板ETF易方达,SZSE,2020-08-26,2.608,2.627,2.546,2.551,2.608,2.627,2.546,2.551,1.0,437208400.0,1130157872.0,腾讯日K/前复权日K,2026-08-07T20:33:10+08:00,20260926T093659
159915,创业板ETF易方达,SZSE,2020-08-27,2.561,2.609,2.547,2.602,2.561,2.609,2.547,2.602,1.0,377358500.0,974798256.0,腾讯日K/前复权日K,2026-08-07T20:33:10+08:00,20260926T093659
159915,创业板ETF易方达,SZSE,2020-08-28,2.59,2.67,2.586,2.666,2.59,2.67,2.586,2.666,1.0,400813600.0,1056256944.0,腾讯日K/前复权日K,2026-08-07T20:33:10+08:00,20260926T093659
159915,创业板ETF易方达,SZSE,2020-08-31,2.676,2.687,2.633,2.637,2.676,2.687,2.633,2.637,1.0,348585700.0,927733040.0,腾讯日K/前复权日K,2026-08-07T20:33:10+08:00,20260926T093659
159915,创业板ETF易方达,SZSE,2020-09-01,2.628,2.659,2.611,2.658,2.628,2.659,2.611,2.658,1.0,259464000.0,684918224.0,腾讯日K/前复权日K,2026-08-07T20:33:10+08:00,20260926T093659
159915,创业板ETF易方达,SZSE,2020-09-02,2.657,2.692,2.634,2.676,2.657,2.692,2.634,2.676,1.0,331958200.0,885461824.0,腾讯日K/前复权日K,2026-08-07T20:33:10+08:00,20260926T093659
159915,创业板ETF易方达,SZSE,2020-09-03,2.667,2.696,2.642,2.653,2.667,2.696,2.642,2.653,1.0,343135800.0,915507472.0,腾讯日K/前复权日K,2026-08-07T20:33:10+08:00,20260926T093659
159915,创业板ETF易方达,SZSE,2020-09-04,2.609,2.649,2.596,2.638,2.609,2.649,2.596,2.638,1.0,313760200.0,821326560.0,腾讯日K/前复权日K,2026-08-07T20:33:10+08:00,20260926T093659
159915,创业板ETF易方达,SZSE,2020-09-07,2.628,2.65,2.541,2.549,2.628,2.65,2.541,2.549,1.0,423258900.0,1097756000.0,腾讯日K/前复权日K,2026-08-07T20:33:10+08:00,20260926T093659
159915,创业板ETF易方达,SZSE,2020-09-08,2.554,2.574,2.524,2.564,2.554,2.574,2.524,2.564,1.0,339692400.0,866442624.0,腾讯日K/前复权日K,2026-08-07T20:33:10+08:00,20260926T093659
159915,创业板ETF易方达,SZSE,2020-09-09,2.533,2.533,2.421,2.44,2.533,2.533,2.421,2.44,1.0,522864800.0,1290302256.0,腾讯日K/前复权日K,2026-08-07T20:33:10+08:00,20260926T093659
159915,创业板ETF易方达,SZSE,2020-09-10,2.462,2.478,2.39,2.403,2.462,2.478,2.39,2.403,1.0,364836300.0,890871792.0,腾讯日K/前复权日K,2026-08-07T20:33:10+08:00,20260926T093659
159915,创业板ETF易方达,SZSE,2020-09-11,2.391,2.457,2.39,2.449,2.391,2.457,2.39,2.449,1.0,292043300.0,708370144.0,腾讯日K/前复权日K,2026-08-07T20:33:10+08:00,20260926T093659
159915,创业板ETF易方达,SZSE,2020-09-14,2.476,2.515,2.461,2.484,2.476,2.515,2.461,2.484,1.0,326308000.0,811189488.0,腾讯日K/前复权日K,2026-08-07T20:33:10+08:00,20260926T093659
159915,创业板ETF易方达,SZSE,2020-09-15,2.484,2.51,2.473,2.504,2.484,2.51,2.473,2.504,1.0,227161100.0,566728528.0,腾讯日K/前复权日K,2026-08-07T20:33:10+08:00,20260926T093659
159915,创业板ETF易方达,SZSE,2020-09-16,2.506,2.507,2.454,2.47,2.506,2.507,2.454,2.47,1.0,171690900.0,425309584.0,腾讯日K/前复权日K,2026-08-07T20:33:10+08:00,20260926T093659
159915,创业板ETF易方达,SZSE,2020-09-17,2.46,2.495,2.437,2.467,2.46,2.495,2.437,2.467,1.0,238430200.0,587710512.0,腾讯日K/前复权日K,2026-08-07T20:33:10+08:00,20260926T093659
159915,创业板ETF易方达,SZSE,2020-09-18,2.468,2.514,2.45,2.513,2.468,2.514,2.45,2.513,1.0,303412200.0,753809184.0,腾讯日K/前复权日K,2026-08-07T20:33:10+08:00,20260926T093659
159915,创业板ETF易方达,SZSE,2020-09-21,2.516,2.517,2.479,2.48,2.516,2.517,2.479,2.48,1.0,224876500.0,561392736.0,腾讯日K/前复权日K,2026-08-07T20:33:10+08:00,20260926T093659
159915,创业板ETF易方达,SZSE,2020-09-22,2.47,2.508,2.462,2.469,2.47,2.508,2.462,2.469,1.0,228320500.0,568003024.0,腾讯日K/前复权日K,2026-08-07T20:33:10+08:00,20260926T093659
159915,创业板ETF易方达,SZSE,2020-09-23,2.472,2.52,2.459,2.508,2.472,2.52,2.459,2.508,1.0,222709900.0,555643088.0,腾讯日K/前复权日K,2026-08-07T20:33:10+08:00,20260926T093659
159915,创业板ETF易方达,SZSE,2020-09-24,2.49,2.496,2.451,2.454,2.49,2.496,2.451,2.454,1.0,226518800.0,559422768.0,腾讯日K/前复权日K,2026-08-07T20:33:10+08:00,20260926T093659
159915,创业板ETF易方达,SZSE,2020-09-25,2.46,2.482,2.444,2.457,2.46,2.482,2.444,2.457,1.0,200706700.0,494279360.0,腾讯日K/前复权日K,2026-08-07T20:33:10+08:00,20260926T093659
159915,创业板ETF易方达,SZSE,2020-09-28,2.465,2.467,2.432,2.434,2.465,2.467,2.432,2.434,1.0,165632400.0,405194144.0,腾讯日K/前复权日K,2026-08-07T20:33:10+08:00,20260926T093659
159915,创业板ETF易方达,SZSE,2020-09-29,2.453,2.49,2.436,2.479,2.453,2.49,2.436,2.479,1.0,208620100.0,514655904.0,腾讯日K/前复权日K,2026-08-07T20:33:10+08:00,20260926T093659
159915,创业板ETF易方达,SZSE,2020-09-30,2.478,2.513,2.472,2.489,2.478,2.513,2.472,2.489,1.0,219507400.0,547313040.0,腾讯日K/前复权日K,2026-08-07T20:33:10+08:00,20260926T093659
159915,创业板ETF易方达,SZSE,2020-10-09,2.539,2.586,2.534,2.581,2.539,2.586,2.534,2.581,1.0,244202500.0,626372576.0,腾讯日K/前复权日K,2026-08-07T20:33:10+08:00,20260926T093659
159915,创业板ETF易方达,SZSE,2020-10-12,2.606,2.683,2.601,2.683,2.606,2.683,2.601,2.683,1.0,364837000.0,968069584.0,腾讯日K/前复权日K,2026-08-07T20:33:10+08:00,20260926T093659
159915,创业板ETF易方达,SZSE,2020-10-13,2.679,2.697,2.66,2.688,2.679,2.697,2.66,2.688,1.0,249894200.0,669090512.0,腾讯日K/前复权日K,2026-08-07T20:33:10+08:00,20260926T093659
159915,创业板ETF易方达,SZSE,2020-10-14,2.682,2.696,2.664,2.668,2.682,2.696,2.664,2.668,1.0,201838800.0,540189392.0,腾讯日K/前复权日K,2026-08-07T20:33:10+08:00,20260926T093659
159915,创业板ETF易方达,SZSE,2020-10-15,2.668,2.675,2.642,2.65,2.668,2.675,2.642,2.65,1.0,217480000.0,577161104.0,腾讯日K/前复权日K,2026-08-07T20:33:10+08:00,20260926T093659
159915,创业板ETF易方达,SZSE,2020-10-16,2.641,2.658,2.602,2.634,2.641,2.658,2.602,2.634,1.0,202792400.0,533554912.0,腾讯日K/前复权日K,2026-08-07T20:33:10+08:00,20260926T093659
159915,创业板ETF易方达,SZSE,2020-10-19,2.648,2.656,2.593,2.6,2.648,2.656,2.593,2.6,1.0,224153100.0,587731856.0,腾讯日K/前复权日K,2026-08-07T20:33:10+08:00,20260926T093659
159915,创业板ETF易方达,SZSE,2020-10-20,2.594,2.646,2.594,2.645,2.594,2.646,2.594,2.645,1.0,249686300.0,654281616.0,腾讯日K/前复权日K,2026-08-07T20:33:10+08:00,20260926T093659
159915,创业板ETF易方达,SZSE,2020-10-21,2.647,2.65,2.597,2.612,2.647,2.65,2.597,2.612,1.0,245499400.0,642838112.0,腾讯日K/前复权日K,2026-08-07T20:33:10+08:00,20260926T093659
159915,创业板ETF易方达,SZSE,2020-10-22,2.594,2.599,2.556,2.582,2.594,2.599,2.556,2.582,1.0,280517100.0,722984048.0,腾讯日K/前复权日K,2026-08-07T20:33:10+08:00,20260926T093659
159915,创业板ETF易方达,SZSE,2020-10-23,2.579,2.609,2.504,2.516,2.579,2.609,2.504,2.516,1.0,411905900.0,1049439840.0,腾讯日K/前复权日K,2026-08-07T20:33:10+08:00,20260926T093659
159915,创业板ETF易方达,SZSE,2020-10-26,2.5,2.539,2.468,2.533,2.5,2.539,2.468,2.533,1.0,312465800.0,783906640.0,腾讯日K/前复权日K,2026-08-07T20:33:10+08:00,20260926T093659
159915,创业板ETF易方达,SZSE,2020-10-27,2.52,2.563,2.52,2.56,2.52,2.563,2.52,2.56,1.0,253441700.0,645580448.0,腾讯日K/前复权日K,2026-08-07T20:33:10+08:00,20260926T093659
159915,创业板ETF易方达,SZSE,2020-10-28,2.552,2.591,2.536,2.577,2.552,2.591,2.536,2.577,1.0,269907000.0,692050496.0,腾讯日K/前复权日K,2026-08-07T20:33:10+08:00,20260926T093659
159915,创业板ETF易方达,SZSE,2020-10-29,2.548,2.619,2.542,2.607,2.548,2.619,2.542,2.607,1.0,277429500.0,717854992.0,腾讯日K/前复权日K,2026-08-07T20:33:10+08:00,20260926T093659
159915,创业板ETF易方达,SZSE,2020-10-30,2.607,2.618,2.553,2.563,2.607,2.618,2.553,2.563,1.0,252842100.0,653686608.0,腾讯日K/前复权日K,2026-08-07T20:33:10+08:00,20260926T093659
159915,创业板ETF易方达,SZSE,2020-11-02,2.57,2.628,2.57,2.617,2.57,2.628,2.57,2.617,1.0,289130900.0,751996912.0,腾讯日K/前复权日K,2026-08-07T20:33:10+08:00,20260926T093659
159915,创业板ETF易方达,SZSE,2020-11-03,2.622,2.657,2.605,2.649,2.622,2.657,2.605,2.649,1.0,202761300.0,533933856.0,腾讯日K/前复权日K,2026-08-07T20:33:10+08:00,20260926T093659
159915,创业板ETF易方达,SZSE,2020-11-04,2.644,2.661,2.629,2.658,2.644,2.661,2.629,2.658,1.0,219037300.0,580280192.0,腾讯日K/前复权日K,2026-08-07T20:33:10+08:00,20260926T093659
159915,创业板ETF易方达,SZSE,2020-11-05,2.682,2.695,2.651,2.69,2.682,2.695,2.651,2.69,1.0,260605800.0,698627104.0,腾讯日K/前复权日K,2026-08-07T20:33:10+08:00,20260926T093659
159915,创业板ETF易方达,SZSE,2020-11-06,2.693,2.697,2.618,2.637,2.693,2.697,2.618,2.637,1.0,304082300.0,803744480.0,腾讯日K/前复权日K,2026-08-07T20:33:10+08:00,20260926T093659
159915,创业板ETF易方达,SZSE,2020-11-09,2.653,2.736,2.653,2.719,2.653,2.736,2.653,2.719,1.0,372103500.0,1004789888.0,腾讯日K/前复权日K,2026-08-07T20:33:10+08:00,20260926T093659
159915,创业板ETF易方达,SZSE,2020-11-10,2.717,2.717,2.619,2.674,2.717,2.717,2.619,2.674,1.0,385982600.0,1034456192.0,腾讯日K/前复权日K,2026-08-07T20:33:10+08:00,20260926T093659
159915,创业板ETF易方达,SZSE,2020-11-11,2.664,2.671,2.592,2.595,2.664,2.671,2.592,2.595,1.0,327201400.0,856982464.0,腾讯日K/前复权日K,2026-08-07T20:33:10+08:00,20260926T093659
159915,创业板ETF易方达,SZSE,2020-11-12,2.602,2.628,2.595,2.607,2.602,2.628,2.595,2.607,1.0,207614400.0,541944560.0,腾讯日K/前复权日K,2026-08-07T20:33:10+08:00,20260926T093659
159915,创业板ETF易方达,SZSE,2020-11-13,2.591,2.628,2.59,2.619,2.591,2.628,2.59,2.619,1.0,241043600.0,628170432.0,腾讯日K/前复权日K,2026-08-07T20:33:10+08:00,20260926T093659
159915,创业板ETF易方达,SZSE,2020-11-16,2.626,2.627,2.583,2.62,2.626,2.627,2.583,2.62,1.0,228480100.0,596375648.0,腾讯日K/前复权日K,2026-08-07T20:33:10+08:00,20260926T093659
159915,创业板ETF易方达,SZSE,2020-11-17,2.614,2.622,2.538,2.572,2.614,2.622,2.538,2.572,1.0,398273700.0,1021474736.0,腾讯日K/前复权日K,2026-08-07T20:33:10+08:00,20260926T093659
159915,创业板ETF易方达,SZSE,2020-11-18,2.57,2.59,2.523,2.534,2.57,2.59,2.523,2.534,1.0,466233600.0,1185926304.0,腾讯日K/前复权日K,2026-08-07T20:33:10+08:00,20260926T093659
159915,创业板ETF易方达,SZSE,2020-11-19,2.527,2.56,2.506,2.556,2.527,2.56,2.506,2.556,1.0,347370000.0,882134448.0,腾讯日K/前复权日K,2026-08-07T20:33:10+08:00,20260926T093659
159915,创业板ETF易方达,SZSE,2020-11-20,2.553,2.584,2.552,2.576,2.553,2.584,2.552,2.576,1.0,306170500.0,787255424.0,腾讯日K/前复权日K,2026-08-07T20:33:10+08:00,20260926T093659
159915,创业板ETF易方达,SZSE,2020-11-23,2.579,2.612,2.557,2.593,2.579,2.612,2.557,2.593,1.0,320296600.0,828386720.0,腾讯日K/前复权日K,2026-08-07T20:33:10+08:00,20260926T093659
159915,创业板ETF易方达,SZSE,2020-11-24,2.591,2.604,2.571,2.582,2.591,2.604,2.571,2.582,1.0,177123500.0,457547120.0,腾讯日K/前复权日K,2026-08-07T20:33:10+08:00,20260926T093659
159915,创业板ETF易方达,SZSE,2020-11-25,2.583,2.585,2.526,2.528,2.583,2.585,2.526,2.528,1.0,291116100.0,741594592.0,腾讯日K/前复权日K,2026-08-07T20:33:10+08:00,20260926T093659
159915,创业板ETF易方达,SZSE,2020-11-26,2.529,2.542,2.498,2.522,2.529,2.542,2.498,2.522,1.0,326072900.0,820162176.0,腾讯日K/前复权日K,2026-08-07T20:33:10+08:00,20260926T093659
159915,创业板ETF易方达,SZSE,2020-11-27,2.519,2.546,2.504,2.532,2.519,2.546,2.504,2.532,1.0,283537800.0,715239088.0,腾讯日K/前复权日K,2026-08-07T20:33:10+08:00,20260926T093659
159915,创业板ETF易方达,SZSE,2020-11-30,2.532,2.563,2.506,2.541,2.532,2.563,2.506,2.541,1.0,363223200.0,922464800.0,腾讯日K/前复权日K,2026-08-07T20:33:10+08:00,20260926T093659
159915,创业板ETF易方达,SZSE,2020-12-01,2.535,2.608,2.53,2.602,2.535,2.608,2.53,2.602,1.0,445009800.0,1148264656.0,腾讯日K/前复权日K,2026-08-07T20:33:10+08:00,20260926T093659
159915,创业板ETF易方达,SZSE,2020-12-02,2.602,2.607,2.572,2.593,2.602,2.607,2.572,2.593,1.0,253875100.0,656776880.0,腾讯日K/前复权日K,2026-08-07T20:33:10+08:00,20260926T093659
159915,创业板ETF易方达,SZSE,2020-12-03,2.583,2.628,2.577,2.619,2.583,2.628,2.577,2.619,1.0,307006100.0,800328224.0,腾讯日K/前复权日K,2026-08-07T20:33:10+08:00,20260926T093659
159915,创业板ETF易方达,SZSE,2020-12-04,2.608,2.64,2.604,2.637,2.608,2.64,2.604,2.637,1.0,218982800.0,574346176.0,腾讯日K/前复权日K,2026-08-07T20:33:10+08:00,20260926T093659
159915,创业板ETF易方达,SZSE,2020-12-07,2.625,2.643,2.62,2.628,2.625,2.643,2.62,2.628,1.0,198281900.0,521625216.0,腾讯日K/前复权日K,2026-08-07T20:33:10+08:00,20260926T093659
159915,创业板ETF易方达,SZSE,2020-12-08,2.633,2.659,2.633,2.646,2.633,2.659,2.633,2.646,1.0,211423500.0,560166000.0,腾讯日K/前复权日K,2026-08-07T20:33:10+08:00,20260926T093659
159915,创业板ETF易方达,SZSE,2020-12-09,2.65,2.665,2.596,2.598,2.65,2.665,2.596,2.598,1.0,294426500.0,773982160.0,腾讯日K/前复权日K,2026-08-07T20:33:10+08:00,20260926T093659
159915,创业板ETF易方达,SZSE,2020-12-10,2.587,2.642,2.582,2.627,2.587,2.642,2.582,2.627,1.0,197931500.0,517199328.0,腾讯日K/前复权日K,2026-08-07T20:33:10+08:00,20260926T093659
159915,创业板ETF易方达,SZSE,2020-12-11,2.629,2.637,2.575,2.601,2.629,2.637,2.575,2.601,1.0,222666000.0,579549840.0,腾讯日K/前复权日K,2026-08-07T20:33:10+08:00,20260926T093659
159915,创业板ETF易方达,SZSE,2020-12-14,2.6,2.641,2.585,2.641,2.6,2.641,2.585,2.641,1.0,195953000.0,512961200.0,腾讯日K/前复权日K,2026-08-07T20:33:10+08:00,20260926T093659
159915,创业板ETF易方达,SZSE,2020-12-15,2.633,2.668,2.629,2.667,2.633,2.668,2.629,2.667,1.0,220610400.0,585048064.0,腾讯日K/前复权日K,2026-08-07T20:33:10+08:00,20260926T093659
159915,创业板ETF易方达,SZSE,2020-12-16,2.666,2.677,2.638,2.667,2.666,2.677,2.638,2.667,1.0,150552500.0,400176176.0,腾讯日K/前复权日K,2026-08-07T20:33:10+08:00,20260926T093659
159915,创业板ETF易方达,SZSE,2020-12-17,2.659,2.695,2.646,2.694,2.659,2.695,2.646,2.694,1.0,185087700.0,495452800.0,腾讯日K/前复权日K,2026-08-07T20:33:10+08:00,20260926T093659
159915,创业板ETF易方达,SZSE,2020-12-18,2.699,2.706,2.672,2.688,2.699,2.706,2.672,2.688,1.0,257718400.0,693602896.0,腾讯日K/前复权日K,2026-08-07T20:33:10+08:00,20260926T093659
159915,创业板ETF易方达,SZSE,2020-12-21,2.687,2.781,2.686,2.778,2.687,2.781,2.686,2.778,1.0,424157700.0,1164673056.0,腾讯日K/前复权日K,2026-08-07T20:33:10+08:00,20260926T093659
159915,创业板ETF易方达,SZSE,2020-12-22,2.767,2.792,2.716,2.718,2.767,2.792,2.716,2.718,1.0,272538500.0,750971184.0,腾讯日K/前复权日K,2026-08-07T20:33:10+08:00,20260926T093659
159915,创业板ETF易方达,SZSE,2020-12-23,2.721,2.768,2.717,2.745,2.721,2.768,2.717,2.745,1.0,328848500.0,901276400.0,腾讯日K/前复权日K,2026-08-07T20:33:10+08:00,20260926T093659
159915,创业板ETF易方达,SZSE,2020-12-24,2.741,2.753,2.718,2.726,2.741,2.753,2.718,2.726,1.0,388445600.0,1062296688.0,腾讯日K/前复权日K,2026-08-07T20:33:10+08:00,20260926T093659
159915,创业板ETF易方达,SZSE,2020-12-25,2.715,2.749,2.695,2.749,2.715,2.749,2.695,2.749,1.0,521301000.0,1418883200.0,腾讯日K/前复权日K,2026-08-07T20:33:10+08:00,20260926T093659
159915,创业板ETF易方达,SZSE,2020-12-28,2.748,2.764,2.724,2.745,2.748,2.764,2.724,2.745,1.0,191038800.0,524052496.0,腾讯日K/前复权日K,2026-08-07T20:33:10+08:00,20260926T093659
159915,创业板ETF易方达,SZSE,2020-12-29,2.733,2.747,2.702,2.717,2.733,2.747,2.702,2.717,1.0,155320700.0,423359984.0,腾讯日K/前复权日K,2026-08-07T20:33:10+08:00,20260926T093659
159915,创业板ETF易方达,SZSE,2020-12-30,2.72,2.807,2.72,2.799,2.72,2.807,2.72,2.799,1.0,263980800.0,733734976.0,腾讯日K/前复权日K,2026-08-07T20:33:10+08:00,20260926T093659
159915,创业板ETF易方达,SZSE,2020-12-31,2.809,2.869,2.805,2.866,2.809,2.869,2.805,2.866,1.0,310691600.0,883262480.0,腾讯日K/前复权日K,2026-08-07T20:33:10+08:00,20260926T093659
159915,创业板ETF易方达,SZSE,2021-01-04,2.864,2.99,2.861,2.976,2.864,2.99,2.861,2.976,1.0,247276400.0,727814960.0,腾讯日K/前复权日K,2026-08-07T20:33:10+08:00,20260926T093659
159915,创业板ETF易方达,SZSE,2021-01-05,2.94,2.997,2.925,2.988,2.94,2.997,2.925,2.988,1.0,247000400.0,734648144.0,腾讯日K/前复权日K,2026-08-07T20:33:10+08:00,20260926T093659
159915,创业板ETF易方达,SZSE,2021-01-06,3.0,3.03,2.953,3.003,3.0,3.03,2.953,3.003,1.0,229043800.0,684446080.0,腾讯日K/前复权日K,2026-08-07T20:33:10+08:00,20260926T093659
159915,创业板ETF易方达,SZSE,2021-01-07,2.996,3.056,2.978,3.056,2.996,3.056,2.978,3.056,1.0,202999000.0,611873216.0,腾讯日K/前复权日K,2026-08-07T20:33:10+08:00,20260926T093659
159915,创业板ETF易方达,SZSE,2021-01-08,3.065,3.086,3.011,3.036,3.065,3.086,3.011,3.036,1.0,186743100.0,566629504.0,腾讯日K/前复权日K,2026-08-07T20:33:10+08:00,20260926T093659
159915,创业板ETF易方达,SZSE,2021-01-11,3.052,3.054,2.962,2.989,3.052,3.054,2.962,2.989,1.0,206808500.0,622614208.0,腾讯日K/前复权日K,2026-08-07T20:33:10+08:00,20260926T093659
159915,创业板ETF易方达,SZSE,2021-01-12,2.98,3.076,2.954,3.076,2.98,3.076,2.954,3.076,1.0,185768100.0,560342112.0,腾讯日K/前复权日K,2026-08-07T20:33:10+08:00,20260926T093659
159915,创业板ETF易方达,SZSE,2021-01-13,3.071,3.094,2.997,3.025,3.071,3.094,2.997,3.025,1.0,214104700.0,650804288.0,腾讯日K/前复权日K,2026-08-07T20:33:10+08:00,20260926T093659
159915,创业板ETF易方达,SZSE,2021-01-14,3.01,3.036,2.959,2.987,3.01,3.036,2.959,2.987,1.0,235351200.0,705882912.0,腾讯日K/前复权日K,2026-08-07T20:33:10+08:00,20260926T093659
159915,创业板ETF易方达,SZSE,2021-01-15,2.98,3.004,2.919,2.99,2.98,3.004,2.919,2.99,1.0,271267800.0,805189712.0,腾讯日K/前复权日K,2026-08-07T20:33:10+08:00,20260926T093659
159915,创业板ETF易方达,SZSE,2021-01-18,2.969,3.058,2.949,3.046,2.969,3.058,2.949,3.046,1.0,231231300.0,698319136.0,腾讯日K/前复权日K,2026-08-07T20:33:10+08:00,20260926T093659
159915,创业板ETF易方达,SZSE,2021-01-19,3.034,3.046,2.966,2.976,3.034,3.046,2.966,2.976,1.0,218122800.0,655650576.0,腾讯日K/前复权日K,2026-08-07T20:33:10+08:00,20260926T093659
159915,创业板ETF易方达,SZSE,2021-01-20,2.992,3.098,2.987,3.096,2.992,3.098,2.987,3.096,1.0,298608100.0,913406720.0,腾讯日K/前复权日K,2026-08-07T20:33:10+08:00,20260926T093659
159915,创业板ETF易方达,SZSE,2021-01-21,3.103,3.19,3.101,3.176,3.103,3.19,3.101,3.176,1.0,220790800.0,696148912.0,腾讯日K/前复权日K,2026-08-07T20:33:10+08:00,20260926T093659
159915,创业板ETF易方达,SZSE,2021-01-22,3.17,3.252,3.165,3.241,3.17,3.252,3.165,3.241,1.0,256105600.0,821750432.0,腾讯日K/前复权日K,2026-08-07T20:33:10+08:00,20260926T093659
159915,创业板ETF易方达,SZSE,2021-01-25,3.242,3.307,3.215,3.242,3.242,3.307,3.215,3.242,1.0,213678400.0,695590816.0,腾讯日K/前复权日K,2026-08-07T20:33:10+08:00,20260926T093659
159915,创业板ETF易方达,SZSE,2021-01-26,3.222,3.228,3.14,3.152,3.222,3.228,3.14,3.152,1.0,333004200.0,1054569344.0,腾讯日K/前复权日K,2026-08-07T20:33:10+08:00,20260926T093659
159915,创业板ETF易方达,SZSE,2021-01-27,3.151,3.184,3.085,3.166,3.151,3.184,3.085,3.166,1.0,227921700.0,714569088.0,腾讯日K/前复权日K,2026-08-07T20:33:10+08:00,20260926T093659
159915,创业板ETF易方达,SZSE,2021-01-28,3.111,3.139,3.053,3.057,3.111,3.139,3.053,3.057,1.0,276317200.0,853132048.0,腾讯日K/前复权日K,2026-08-07T20:33:10+08:00,20260926T093659
159915,创业板ETF易方达,SZSE,2021-01-29,3.089,3.108,2.966,3.029,3.089,3.108,2.966,3.029,1.0,319313200.0,971033488.0,腾讯日K/前复权日K,2026-08-07T20:33:10+08:00,20260926T093659
159915,创业板ETF易方达,SZSE,2021-02-01,3.024,3.08,3.001,3.056,3.024,3.08,3.001,3.056,1.0,200811100.0,613122880.0,腾讯日K/前复权日K,2026-08-07T20:33:10+08:00,20260926T093659
159915,创业板ETF易方达,SZSE,2021-02-02,3.062,3.12,3.023,3.118,3.062,3.12,3.023,3.118,1.0,270143400.0,833896288.0,腾讯日K/前复权日K,2026-08-07T20:33:10+08:00,20260926T093659
159915,创业板ETF易方达,SZSE,2021-02-03,3.128,3.16,3.105,3.106,3.128,3.16,3.105,3.106,1.0,220223700.0,690037296.0,腾讯日K/前复权日K,2026-08-07T20:33:10+08:00,20260926T093659
159915,创业板ETF易方达,SZSE,2021-02-04,3.09,3.134,3.048,3.098,3.09,3.134,3.048,3.098,1.0,209769700.0,648337312.0,腾讯日K/前复权日K,2026-08-07T20:33:10+08:00,20260926T093659
159915,创业板ETF易方达,SZSE,2021-02-05,3.102,3.144,3.08,3.084,3.102,3.144,3.08,3.084,1.0,196770200.0,612708352.0,腾讯日K/前复权日K,2026-08-07T20:33:10+08:00,20260926T093659
159915,创业板ETF易方达,SZSE,2021-02-09,3.171,3.223,3.163,3.222,3.171,3.223,3.163,3.222,1.0,234391200.0,749138288.0,腾讯日K/前复权日K,2026-08-07T20:33:10+08:00,20260926T093659
159915,创业板ETF易方达,SZSE,2021-02-10,3.23,3.309,3.195,3.293,3.23,3.309,3.195,3.293,1.0,242315400.0,791269872.0,腾讯日K/前复权日K,2026-08-07T20:33:10+08:00,20260926T093659
159915,创业板ETF易方达,SZSE,2021-02-18,3.353,3.359,3.186,3.202,3.353,3.359,3.186,3.202,1.0,319599900.0,1036753344.0,腾讯日K/前复权日K,2026-08-07T20:33:10+08:00,20260926T093659
159915,创业板ETF易方达,SZSE,2021-02-19,3.191,3.192,3.086,3.17,3.191,3.192,3.086,3.17,1.0,374773600.0,1174621776.0,腾讯日K/前复权日K,2026-08-07T20:33:10+08:00,20260926T093659
159915,创业板ETF易方达,SZSE,2021-02-22,3.156,3.159,3.03,3.032,3.156,3.159,3.03,3.032,1.0,389725500.0,1203307680.0,腾讯日K/前复权日K,2026-08-07T20:33:10+08:00,20260926T093659
159915,创业板ETF易方达,SZSE,2021-02-23,3.0,3.046,2.988,3.009,3.0,3.046,2.988,3.009,1.0,311137000.0,936301632.0,腾讯日K/前复权日K,2026-08-07T20:33:10+08:00,20260926T093659
159915,创业板ETF易方达,SZSE,2021-02-24,3.01,3.016,2.87,2.904,3.01,3.016,2.87,2.904,1.0,798068300.0,2338730960.0,腾讯日K/前复权日K,2026-08-07T20:33:10+08:00,20260926T093659
159915,创业板ETF易方达,SZSE,2021-02-25,2.929,2.934,2.866,2.878,2.929,2.934,2.866,2.878,1.0,491826000.0,1426992416.0,腾讯日K/前复权日K,2026-08-07T20:33:10+08:00,20260926T093659
159915,创业板ETF易方达,SZSE,2021-02-26,2.854,2.858,2.79,2.814,2.854,2.858,2.79,2.814,1.0,585085100.0,1649457360.0,腾讯日K/前复权日K,2026-08-07T20:33:10+08:00,20260926T093659
159915,创业板ETF易方达,SZSE,2021-03-01,2.85,2.895,2.831,2.894,2.85,2.895,2.831,2.894,1.0,494000400.0,1416027184.0,腾讯日K/前复权日K,2026-08-07T20:33:10+08:00,20260926T093659
159915,创业板ETF易方达,SZSE,2021-03-02,2.908,2.915,2.834,2.859,2.908,2.915,2.834,2.859,1.0,388716100.0,1118995408.0,腾讯日K/前复权日K,2026-08-07T20:33:10+08:00,20260926T093659
159915,创业板ETF易方达,SZSE,2021-03-03,2.848,2.9,2.833,2.9,2.848,2.9,2.833,2.9,1.0,283152200.0,811821936.0,腾讯日K/前复权日K,2026-08-07T20:33:10+08:00,20260926T093659
159915,创业板ETF易方达,SZSE,2021-03-04,2.863,2.863,2.743,2.751,2.863,2.863,2.743,2.751,1.0,750182900.0,2089982000.0,腾讯日K/前复权日K,2026-08-07T20:33:10+08:00,20260926T093659
159915,创业板ETF易方达,SZSE,2021-03-05,2.706,2.795,2.705,2.772,2.706,2.795,2.705,2.772,1.0,527080700.0,1451448560.0,腾讯日K/前复权日K,2026-08-07T20:33:10+08:00,20260926T093659
159915,创业板ETF易方达,SZSE,2021-03-08,2.783,2.803,2.631,2.633,2.783,2.803,2.631,2.633,1.0,805462500.0,2178710624.0,腾讯日K/前复权日K,2026-08-07T20:33:10+08:00,20260926T093659
159915,创业板ETF易方达,SZSE,2021-03-09,2.618,2.64,2.52,2.547,2.618,2.64,2.52,2.547,1.0,810763300.0,2092868816.0,腾讯日K/前复权日K,2026-08-07T20:33:10+08:00,20260926T093659
159915,创业板ETF易方达,SZSE,2021-03-10,2.607,2.622,2.572,2.586,2.607,2.622,2.572,2.586,1.0,605119600.0,1575015536.0,腾讯日K/前复权日K,2026-08-07T20:33:10+08:00,20260926T093659
159915,创业板ETF易方达,SZSE,2021-03-11,2.585,2.67,2.581,2.65,2.585,2.67,2.581,2.65,1.0,514914900.0,1358033328.0,腾讯日K/前复权日K,2026-08-07T20:33:10+08:00,20260926T093659
159915,创业板ETF易方达,SZSE,2021-03-12,2.666,2.673,2.616,2.658,2.666,2.673,2.616,2.658,1.0,348258300.0,921889776.0,腾讯日K/前复权日K,2026-08-07T20:33:10+08:00,20260926T093659
159915,创业板ETF易方达,SZSE,2021-03-15,2.64,2.64,2.523,2.555,2.64,2.64,2.523,2.555,1.0,502876100.0,1292687120.0,腾讯日K/前复权日K,2026-08-07T20:33:10+08:00,20260926T093659
159915,创业板ETF易方达,SZSE,2021-03-16,2.562,2.583,2.539,2.579,2.562,2.583,2.539,2.579,1.0,341410900.0,876211552.0,腾讯日K/前复权日K,2026-08-07T20:33:10+08:00,20260926T093659
159915,创业板ETF易方达,SZSE,2021-03-17,2.56,2.622,2.54,2.607,2.56,2.622,2.54,2.607,1.0,363628300.0,942558048.0,腾讯日K/前复权日K,2026-08-07T20:33:10+08:00,20260926T093659
159915,创业板ETF易方达,SZSE,2021-03-18,2.619,2.661,2.614,2.65,2.619,2.661,2.614,2.65,1.0,353970100.0,935917552.0,腾讯日K/前复权日K,2026-08-07T20:33:10+08:00,20260926T093659
159915,创业板ETF易方达,SZSE,2021-03-19,2.608,2.632,2.562,2.579,2.608,2.632,2.562,2.579,1.0,294730900.0,764112368.0,腾讯日K/前复权日K,2026-08-07T20:33:10+08:00,20260926T093659
159915,创业板ETF易方达,SZSE,2021-03-22,2.583,2.632,2.573,2.607,2.583,2.632,2.573,2.607,1.0,292607300.0,761576656.0,腾讯日K/前复权日K,2026-08-07T20:33:10+08:00,20260926T093659
159915,创业板ETF易方达,SZSE,2021-03-23,2.595,2.614,2.551,2.579,2.595,2.614,2.551,2.579,1.0,275605900.0,710164768.0,腾讯日K/前复权日K,2026-08-07T20:33:10+08:00,20260926T093659
159915,创业板ETF易方达,SZSE,2021-03-24,2.558,2.586,2.533,2.543,2.558,2.586,2.533,2.543,1.0,338689200.0,864354144.0,腾讯日K/前复权日K,2026-08-07T20:33:10+08:00,20260926T093659
159915,创业板ETF易方达,SZSE,2021-03-25,2.522,2.578,2.515,2.567,2.522,2.578,2.515,2.567,1.0,331559500.0,845104560.0,腾讯日K/前复权日K,2026-08-07T20:33:10+08:00,20260926T093659
159915,创业板ETF易方达,SZSE,2021-03-26,2.576,2.658,2.576,2.65,2.576,2.658,2.576,2.65,1.0,545183200.0,1431652368.0,腾讯日K/前复权日K,2026-08-07T20:33:10+08:00,20260926T093659
159915,创业板ETF易方达,SZSE,2021-03-29,2.644,2.669,2.621,2.637,2.644,2.669,2.621,2.637,1.0,322720300.0,854263488.0,腾讯日K/前复权日K,2026-08-07T20:33:10+08:00,20260926T093659
159915,创业板ETF易方达,SZSE,2021-03-30,2.627,2.682,2.625,2.673,2.627,2.682,2.625,2.673,1.0,258293300.0,687546256.0,腾讯日K/前复权日K,2026-08-07T20:33:10+08:00,20260926T093659
159915,创业板ETF易方达,SZSE,2021-03-31,2.662,2.68,2.637,2.665,2.662,2.68,2.637,2.665,1.0,191449400.0,508500224.0,腾讯日K/前复权日K,2026-08-07T20:33:10+08:00,20260926T093659
159915,创业板ETF易方达,SZSE,2021-04-01,2.665,2.72,2.665,2.718,2.665,2.72,2.665,2.718,1.0,274214900.0,740217408.0,腾讯日K/前复权日K,2026-08-07T20:33:10+08:00,20260926T093659
159915,创业板ETF易方达,SZSE,2021-04-02,2.725,2.769,2.718,2.756,2.725,2.769,2.718,2.756,1.0,296899300.0,815604784.0,腾讯日K/前复权日K,2026-08-07T20:33:10+08:00,20260926T093659
159915,创业板ETF易方达,SZSE,2021-04-06,2.762,2.769,2.711,2.73,2.762,2.769,2.711,2.73,1.0,233145200.0,637619888.0,腾讯日K/前复权日K,2026-08-07T20:33:10+08:00,20260926T093659
159915,创业板ETF易方达,SZSE,2021-04-07,2.74,2.744,2.678,2.707,2.74,2.744,2.678,2.707,1.0,215111600.0,580661056.0,腾讯日K/前复权日K,2026-08-07T20:33:10+08:00,20260926T093659
159915,创业板ETF易方达,SZSE,2021-04-08,2.694,2.74,2.682,2.728,2.694,2.74,2.682,2.728,1.0,180305400.0,490669312.0,腾讯日K/前复权日K,2026-08-07T20:33:10+08:00,20260926T093659
159915,创业板ETF易方达,SZSE,2021-04-09,2.722,2.729,2.677,2.69,2.722,2.729,2.677,2.69,1.0,195835300.0,527593056.0,腾讯日K/前复权日K,2026-08-07T20:33:10+08:00,20260926T093659
159915,创业板ETF易方达,SZSE,2021-04-12,2.683,2.715,2.618,2.627,2.683,2.715,2.618,2.627,1.0,278949700.0,741519328.0,腾讯日K/前复权日K,2026-08-07T20:33:10+08:00,20260926T093659
159915,创业板ETF易方达,SZSE,2021-04-13,2.618,2.688,2.618,2.649,2.618,2.688,2.618,2.649,1.0,295400900.0,785200592.0,腾讯日K/前复权日K,2026-08-07T20:33:10+08:00,20260926T093659
159915,创业板ETF易方达,SZSE,2021-04-14,2.654,2.71,2.652,2.707,2.654,2.71,2.652,2.707,1.0,228991200.0,615820096.0,腾讯日K/前复权日K,2026-08-07T20:33:10+08:00,20260926T093659
159915,创业板ETF易方达,SZSE,2021-04-15,2.695,2.698,2.663,2.698,2.695,2.698,2.663,2.698,1.0,241253100.0,647312832.0,腾讯日K/前复权日K,2026-08-07T20:33:10+08:00,20260926T093659
159915,创业板ETF易方达,SZSE,2021-04-16,2.707,2.709,2.65,2.688,2.707,2.709,2.65,2.688,1.0,243810300.0,652800000.0,腾讯日K/前复权日K,2026-08-07T20:33:10+08:00,20260926T093659
159915,创业板ETF易方达,SZSE,2021-04-19,2.681,2.799,2.672,2.798,2.681,2.799,2.672,2.798,1.0,375471000.0,1034483296.0,腾讯日K/前复权日K,2026-08-07T20:33:10+08:00,20260926T093659
159915,创业板ETF易方达,SZSE,2021-04-20,2.788,2.82,2.77,2.791,2.788,2.82,2.77,2.791,1.0,291873900.0,816627344.0,腾讯日K/前复权日K,2026-08-07T20:33:10+08:00,20260926T093659
159915,创业板ETF易方达,SZSE,2021-04-21,2.767,2.818,2.767,2.814,2.767,2.818,2.767,2.814,1.0,202214700.0,565760528.0,腾讯日K/前复权日K,2026-08-07T20:33:10+08:00,20260926T093659
159915,创业板ETF易方达,SZSE,2021-04-22,2.831,2.847,2.799,2.837,2.831,2.847,2.799,2.837,1.0,262163800.0,740860768.0,腾讯日K/前复权日K,2026-08-07T20:33:10+08:00,20260926T093659
159915,创业板ETF易方达,SZSE,2021-04-23,2.824,2.905,2.824,2.891,2.824,2.905,2.824,2.891,1.0,303740800.0,874385184.0,腾讯日K/前复权日K,2026-08-07T20:33:10+08:00,20260926T093659
159915,创业板ETF易方达,SZSE,2021-04-26,2.91,2.954,2.861,2.863,2.91,2.954,2.861,2.863,1.0,403539900.0,1176042832.0,腾讯日K/前复权日K,2026-08-07T20:33:10+08:00,20260926T093659
159915,创业板ETF易方达,SZSE,2021-04-27,2.857,2.889,2.846,2.884,2.857,2.889,2.846,2.884,1.0,217181700.0,622874928.0,腾讯日K/前复权日K,2026-08-07T20:33:10+08:00,20260926T093659
159915,创业板ETF易方达,SZSE,2021-04-28,2.884,2.95,2.877,2.949,2.884,2.95,2.877,2.949,1.0,265366400.0,775202848.0,腾讯日K/前复权日K,2026-08-07T20:33:10+08:00,20260926T093659
159915,创业板ETF易方达,SZSE,2021-04-29,2.946,2.964,2.91,2.952,2.946,2.964,2.91,2.952,1.0,192839300.0,567772912.0,腾讯日K/前复权日K,2026-08-07T20:33:10+08:00,20260926T093659
159915,创业板ETF易方达,SZSE,2021-04-30,2.941,3.004,2.932,2.989,2.941,3.004,2.932,2.989,1.0,252347600.0,750582144.0,腾讯日K/前复权日K,2026-08-07T20:33:10+08:00,20260926T093659
159915,创业板ETF易方达,SZSE,2021-05-06,2.963,2.963,2.862,2.904,2.963,2.963,2.862,2.904,1.0,254489400.0,740129712.0,腾讯日K/前复权日K,2026-08-07T20:33:10+08:00,20260926T093659
159915,创业板ETF易方达,SZSE,2021-05-07,2.91,2.925,2.816,2.819,2.91,2.925,2.816,2.819,1.0,313035700.0,895660608.0,腾讯日K/前复权日K,2026-08-07T20:33:10+08:00,20260926T093659
159915,创业板ETF易方达,SZSE,2021-05-10,2.82,2.863,2.805,2.827,2.82,2.863,2.805,2.827,1.0,247283200.0,699785104.0,腾讯日K/前复权日K,2026-08-07T20:33:10+08:00,20260926T093659
159915,创业板ETF易方达,SZSE,2021-05-11,2.796,2.837,2.769,2.823,2.796,2.837,2.769,2.823,1.0,283200300.0,794229936.0,腾讯日K/前复权日K,2026-08-07T20:33:10+08:00,20260926T093659
159915,创业板ETF易方达,SZSE,2021-05-12,2.813,2.868,2.788,2.865,2.813,2.868,2.788,2.865,1.0,218443200.0,618372560.0,腾讯日K/前复权日K,2026-08-07T20:33:10+08:00,20260926T093659
159915,创业板ETF易方达,SZSE,2021-05-13,2.836,2.871,2.814,2.845,2.836,2.871,2.814,2.845,1.0,205318600.0,583466640.0,腾讯日K/前复权日K,2026-08-07T20:33:10+08:00,20260926T093659
159915,创业板ETF易方达,SZSE,2021-05-14,2.857,2.938,2.846,2.937,2.857,2.938,2.846,2.937,1.0,267658600.0,777497328.0,腾讯日K/前复权日K,2026-08-07T20:33:10+08:00,20260926T093659
159915,创业板ETF易方达,SZSE,2021-05-17,2.945,3.024,2.945,3.007,2.945,3.024,2.945,3.007,1.0,340609000.0,1023735200.0,腾讯日K/前复权日K,2026-08-07T20:33:10+08:00,20260926T093659
159915,创业板ETF易方达,SZSE,2021-05-18,3.0,3.023,2.964,2.988,3.0,3.023,2.964,2.988,1.0,189854700.0,567480768.0,腾讯日K/前复权日K,2026-08-07T20:33:10+08:00,20260926T093659
159915,创业板ETF易方达,SZSE,2021-05-19,2.965,3.023,2.965,3.012,2.965,3.023,2.965,3.012,1.0,189132100.0,568364192.0,腾讯日K/前复权日K,2026-08-07T20:33:10+08:00,20260926T093659
159915,创业板ETF易方达,SZSE,2021-05-20,3.003,3.054,3.003,3.043,3.003,3.054,3.003,3.043,1.0,161446800.0,489333568.0,腾讯日K/前复权日K,2026-08-07T20:33:10+08:00,20260926T093659
159915,创业板ETF易方达,SZSE,2021-05-21,3.055,3.065,2.992,3.012,3.055,3.065,2.992,3.012,1.0,182912900.0,553115440.0,腾讯日K/前复权日K,2026-08-07T20:33:10+08:00,20260926T093659
159915,创业板ETF易方达,SZSE,2021-05-24,3.01,3.04,2.972,3.036,3.01,3.04,2.972,3.036,1.0,194088100.0,585452176.0,腾讯日K/前复权日K,2026-08-07T20:33:10+08:00,20260926T093659
159915,创业板ETF易方达,SZSE,2021-05-25,3.042,3.129,3.042,3.119,3.042,3.129,3.042,3.119,1.0,274275100.0,850821568.0,腾讯日K/前复权日K,2026-08-07T20:33:10+08:00,20260926T093659
159915,创业板ETF易方达,SZSE,2021-05-26,3.12,3.12,3.08,3.095,3.12,3.12,3.08,3.095,1.0,217890500.0,674613040.0,腾讯日K/前复权日K,2026-08-07T20:33:10+08:00,20260926T093659
159915,创业板ETF易方达,SZSE,2021-05-27,3.086,3.135,3.066,3.118,3.086,3.135,3.066,3.118,1.0,156756500.0,486549856.0,腾讯日K/前复权日K,2026-08-07T20:33:10+08:00,20260926T093659
159915,创业板ETF易方达,SZSE,2021-05-28,3.117,3.175,3.099,3.121,3.117,3.175,3.099,3.121,1.0,227136700.0,713557216.0,腾讯日K/前复权日K,2026-08-07T20:33:10+08:00,20260926T093659
159915,创业板ETF易方达,SZSE,2021-05-31,3.13,3.2,3.13,3.195,3.13,3.2,3.13,3.195,1.0,181396100.0,575852848.0,腾讯日K/前复权日K,2026-08-07T20:33:10+08:00,20260926T093659
159915,创业板ETF易方达,SZSE,2021-06-01,3.18,3.2,3.136,3.188,3.18,3.2,3.136,3.188,1.0,170758600.0,542181216.0,腾讯日K/前复权日K,2026-08-07T20:33:10+08:00,20260926T093659
159915,创业板ETF易方达,SZSE,2021-06-02,3.2,3.202,3.12,3.133,3.2,3.202,3.12,3.133,1.0,187009400.0,589869888.0,腾讯日K/前复权日K,2026-08-07T20:33:10+08:00,20260926T093659
159915,创业板ETF易方达,SZSE,2021-06-03,3.129,3.149,3.094,3.099,3.129,3.149,3.094,3.099,1.0,169549600.0,529315632.0,腾讯日K/前复权日K,2026-08-07T20:33:10+08:00,20260926T093659
159915,创业板ETF易方达,SZSE,2021-06-04,3.077,3.177,3.077,3.141,3.077,3.177,3.077,3.141,1.0,204934200.0,641448624.0,腾讯日K/前复权日K,2026-08-07T20:33:10+08:00,20260926T093659
159915,创业板ETF易方达,SZSE,2021-06-07,3.136,3.136,3.092,3.122,3.136,3.136,3.092,3.122,1.0,154103700.0,479806176.0,腾讯日K/前复权日K,2026-08-07T20:33:10+08:00,20260926T093659
159915,创业板ETF易方达,SZSE,2021-06-08,3.118,3.17,3.082,3.105,3.118,3.17,3.082,3.105,1.0,203091400.0,635032064.0,腾讯日K/前复权日K,2026-08-07T20:33:10+08:00,20260926T093659
159915,创业板ETF易方达,SZSE,2021-06-09,3.096,3.12,3.079,3.1,3.096,3.12,3.079,3.1,1.0,140482200.0,435578848.0,腾讯日K/前复权日K,2026-08-07T20:33:10+08:00,20260926T093659
159915,创业板ETF易方达,SZSE,2021-06-10,3.107,3.192,3.107,3.179,3.107,3.192,3.107,3.179,1.0,225094500.0,713270048.0,腾讯日K/前复权日K,2026-08-07T20:33:10+08:00,20260926T093659
159915,创业板ETF易方达,SZSE,2021-06-11,3.196,3.212,3.159,3.195,3.196,3.212,3.159,3.195,1.0,184316600.0,588267824.0,腾讯日K/前复权日K,2026-08-07T20:33:10+08:00,20260926T093659
159915,创业板ETF易方达,SZSE,2021-06-15,3.191,3.199,3.139,3.155,3.191,3.199,3.139,3.155,1.0,194039600.0,613732080.0,腾讯日K/前复权日K,2026-08-07T20:33:10+08:00,20260926T093659
159915,创业板ETF易方达,SZSE,2021-06-16,3.145,3.153,3.021,3.024,3.145,3.153,3.021,3.024,1.0,299958300.0,920087840.0,腾讯日K/前复权日K,2026-08-07T20:33:10+08:00,20260926T093659
159915,创业板ETF易方达,SZSE,2021-06-17,3.023,3.094,3.023,3.088,3.023,3.094,3.023,3.088,1.0,257679400.0,791342336.0,腾讯日K/前复权日K,2026-08-07T20:33:10+08:00,20260926T093659
159915,创业板ETF易方达,SZSE,2021-06-18,3.096,3.16,3.095,3.137,3.096,3.16,3.095,3.137,1.0,215212100.0,673787904.0,腾讯日K/前复权日K,2026-08-07T20:33:10+08:00,20260926T093659
159915,创业板ETF易方达,SZSE,2021-06-21,3.127,3.185,3.1,3.166,3.127,3.185,3.1,3.166,1.0,199220300.0,627736800.0,腾讯日K/前复权日K,2026-08-07T20:33:10+08:00,20260926T093659
159915,创业板ETF易方达,SZSE,2021-06-22,3.17,3.19,3.119,3.174,3.17,3.19,3.119,3.174,1.0,175381200.0,553574192.0,腾讯日K/前复权日K,2026-08-07T20:33:10+08:00,20260926T093659
159915,创业板ETF易方达,SZSE,2021-06-23,3.179,3.234,3.164,3.217,3.179,3.234,3.164,3.217,1.0,209371200.0,671310048.0,腾讯日K/前复权日K,2026-08-07T20:33:10+08:00,20260926T093659
159915,创业板ETF易方达,SZSE,2021-06-24,3.212,3.218,3.16,3.174,3.212,3.218,3.16,3.174,1.0,142519900.0,453456752.0,腾讯日K/前复权日K,2026-08-07T20:33:10+08:00,20260926T093659
159915,创业板ETF易方达,SZSE,2021-06-25,3.18,3.254,3.18,3.243,3.18,3.254,3.18,3.243,1.0,242235800.0,781184720.0,腾讯日K/前复权日K,2026-08-07T20:33:10+08:00,20260926T093659
159915,创业板ETF易方达,SZSE,2021-06-28,3.238,3.313,3.236,3.305,3.238,3.313,3.236,3.305,1.0,216485400.0,712544784.0,腾讯日K/前复权日K,2026-08-07T20:33:10+08:00,20260926T093659
159915,创业板ETF易方达,SZSE,2021-06-29,3.329,3.336,3.282,3.297,3.329,3.336,3.282,3.297,1.0,174542600.0,577444736.0,腾讯日K/前复权日K,2026-08-07T20:33:10+08:00,20260926T093659
159915,创业板ETF易方达,SZSE,2021-06-30,3.302,3.373,3.277,3.373,3.302,3.373,3.277,3.373,1.0,182971300.0,611149632.0,腾讯日K/前复权日K,2026-08-07T20:33:10+08:00,20260926T093659
159915,创业板ETF易方达,SZSE,2021-07-01,3.381,3.388,3.32,3.34,3.381,3.388,3.32,3.34,1.0,283594000.0,951824064.0,腾讯日K/前复权日K,2026-08-07T20:33:10+08:00,20260926T093659
159915,创业板ETF易方达,SZSE,2021-07-02,3.332,3.332,3.224,3.227,3.332,3.332,3.224,3.227,1.0,212085900.0,691956112.0,腾讯日K/前复权日K,2026-08-07T20:33:10+08:00,20260926T093659
159915,创业板ETF易方达,SZSE,2021-07-05,3.223,3.282,3.215,3.25,3.223,3.282,3.215,3.25,1.0,225886400.0,732915440.0,腾讯日K/前复权日K,2026-08-07T20:33:10+08:00,20260926T093659
159915,创业板ETF易方达,SZSE,2021-07-06,3.242,3.266,3.142,3.196,3.242,3.266,3.142,3.196,1.0,286668900.0,915970992.0,腾讯日K/前复权日K,2026-08-07T20:33:10+08:00,20260926T093659
159915,创业板ETF易方达,SZSE,2021-07-07,3.172,3.313,3.157,3.305,3.172,3.313,3.157,3.305,1.0,285329100.0,930426560.0,腾讯日K/前复权日K,2026-08-07T20:33:10+08:00,20260926T093659
159915,创业板ETF易方达,SZSE,2021-07-08,3.317,3.36,3.305,3.322,3.317,3.36,3.305,3.322,1.0,171582300.0,571683056.0,腾讯日K/前复权日K,2026-08-07T20:33:10+08:00,20260926T093659
159915,创业板ETF易方达,SZSE,2021-07-09,3.3,3.323,3.23,3.303,3.3,3.323,3.23,3.303,1.0,202969600.0,666538528.0,腾讯日K/前复权日K,2026-08-07T20:33:10+08:00,20260926T093659
159915,创业板ETF易方达,SZSE,2021-07-12,3.339,3.445,3.315,3.427,3.339,3.445,3.315,3.427,1.0,188015600.0,638762656.0,腾讯日K/前复权日K,2026-08-07T20:33:10+08:00,20260926T093659
159915,创业板ETF易方达,SZSE,2021-07-13,3.415,3.452,3.372,3.411,3.415,3.452,3.372,3.411,1.0,192648300.0,657281856.0,腾讯日K/前复权日K,2026-08-07T20:33:10+08:00,20260926T093659
159915,创业板ETF易方达,SZSE,2021-07-14,3.402,3.432,3.357,3.382,3.402,3.432,3.357,3.382,1.0,166100700.0,564682480.0,腾讯日K/前复权日K,2026-08-07T20:33:10+08:00,20260926T093659
159915,创业板ETF易方达,SZSE,2021-07-15,3.359,3.429,3.345,3.429,3.359,3.429,3.345,3.429,1.0,201328900.0,682489968.0,腾讯日K/前复权日K,2026-08-07T20:33:10+08:00,20260926T093659
159915,创业板ETF易方达,SZSE,2021-07-16,3.41,3.412,3.322,3.328,3.41,3.412,3.322,3.328,1.0,192483700.0,648178352.0,腾讯日K/前复权日K,2026-08-07T20:33:10+08:00,20260926T093659
159915,创业板ETF易方达,SZSE,2021-07-19,3.326,3.373,3.311,3.35,3.326,3.373,3.311,3.35,1.0,139312100.0,465561968.0,腾讯日K/前复权日K,2026-08-07T20:33:10+08:00,20260926T093659
159915,创业板ETF易方达,SZSE,2021-07-20,3.318,3.379,3.311,3.356,3.318,3.379,3.311,3.356,1.0,173855500.0,582846560.0,腾讯日K/前复权日K,2026-08-07T20:33:10+08:00,20260926T093659
159915,创业板ETF易方达,SZSE,2021-07-21,3.364,3.46,3.362,3.455,3.364,3.46,3.362,3.455,1.0,237359000.0,811990160.0,腾讯日K/前复权日K,2026-08-07T20:33:10+08:00,20260926T093659
159915,创业板ETF易方达,SZSE,2021-07-22,3.455,3.463,3.404,3.438,3.455,3.463,3.404,3.438,1.0,163581100.0,560469840.0,腾讯日K/前复权日K,2026-08-07T20:33:10+08:00,20260926T093659
159915,创业板ETF易方达,SZSE,2021-07-23,3.434,3.434,3.356,3.367,3.434,3.434,3.356,3.367,1.0,179582500.0,607636768.0,腾讯日K/前复权日K,2026-08-07T20:33:10+08:00,20260926T093659
159915,创业板ETF易方达,SZSE,2021-07-26,3.34,3.36,3.193,3.27,3.34,3.36,3.193,3.27,1.0,282971900.0,927839856.0,腾讯日K/前复权日K,2026-08-07T20:33:10+08:00,20260926T093659
159915,创业板ETF易方达,SZSE,2021-07-27,3.259,3.318,3.135,3.14,3.259,3.318,3.135,3.14,1.0,334982200.0,1085320944.0,腾讯日K/前复权日K,2026-08-07T20:33:10+08:00,20260926T093659
159915,创业板ETF易方达,SZSE,2021-07-28,3.11,3.201,3.063,3.183,3.11,3.201,3.063,3.183,1.0,336879100.0,1061721408.0,腾讯日K/前复权日K,2026-08-07T20:33:10+08:00,20260926T093659
159915,创业板ETF易方达,SZSE,2021-07-29,3.26,3.359,3.23,3.358,3.26,3.359,3.23,3.358,1.0,296178000.0,975237648.0,腾讯日K/前复权日K,2026-08-07T20:33:10+08:00,20260926T093659
159915,创业板ETF易方达,SZSE,2021-07-30,3.34,3.371,3.292,3.328,3.34,3.371,3.292,3.328,1.0,205915000.0,685764208.0,腾讯日K/前复权日K,2026-08-07T20:33:10+08:00,20260926T093659
159915,创业板ETF易方达,SZSE,2021-08-02,3.328,3.396,3.29,3.393,3.328,3.396,3.29,3.393,1.0,278473600.0,934241824.0,腾讯日K/前复权日K,2026-08-07T20:33:10+08:00,20260926T093659
159915,创业板ETF易方达,SZSE,2021-08-03,3.39,3.408,3.34,3.363,3.39,3.408,3.34,3.363,1.0,164722800.0,554656208.0,腾讯日K/前复权日K,2026-08-07T20:33:10+08:00,20260926T093659
159915,创业板ETF易方达,SZSE,2021-08-04,3.356,3.451,3.34,3.446,3.356,3.451,3.34,3.446,1.0,169479800.0,577360128.0,腾讯日K/前复权日K,2026-08-07T20:33:10+08:00,20260926T093659
159915,创业板ETF易方达,SZSE,2021-08-05,3.44,3.457,3.398,3.419,3.44,3.457,3.398,3.419,1.0,150910300.0,516418960.0,腾讯日K/前复权日K,2026-08-07T20:33:10+08:00,20260926T093659
159915,创业板ETF易方达,SZSE,2021-08-06,3.435,3.436,3.362,3.386,3.435,3.436,3.362,3.386,1.0,184136800.0,625516928.0,腾讯日K/前复权日K,2026-08-07T20:33:10+08:00,20260926T093659
159915,创业板ETF易方达,SZSE,2021-08-09,3.351,3.36,3.304,3.348,3.351,3.36,3.304,3.348,1.0,346903700.0,1156326384.0,腾讯日K/前复权日K,2026-08-07T20:33:10+08:00,20260926T093659
159915,创业板ETF易方达,SZSE,2021-08-10,3.34,3.366,3.315,3.366,3.34,3.366,3.315,3.366,1.0,171580600.0,573577344.0,腾讯日K/前复权日K,2026-08-07T20:33:10+08:00,20260926T093659
159915,创业板ETF易方达,SZSE,2021-08-11,3.355,3.363,3.314,3.326,3.355,3.363,3.314,3.326,1.0,141573200.0,472639536.0,腾讯日K/前复权日K,2026-08-07T20:33:10+08:00,20260926T093659
159915,创业板ETF易方达,SZSE,2021-08-12,3.32,3.33,3.276,3.28,3.32,3.33,3.276,3.28,1.0,149893700.0,494504752.0,腾讯日K/前复权日K,2026-08-07T20:33:10+08:00,20260926T093659
159915,创业板ETF易方达,SZSE,2021-08-13,3.26,3.329,3.228,3.249,3.26,3.329,3.228,3.249,1.0,166171100.0,543977760.0,腾讯日K/前复权日K,2026-08-07T20:33:10+08:00,20260926T093659
159915,创业板ETF易方达,SZSE,2021-08-16,3.225,3.244,3.187,3.206,3.225,3.244,3.187,3.206,1.0,180098000.0,578522400.0,腾讯日K/前复权日K,2026-08-07T20:33:10+08:00,20260926T093659
159915,创业板ETF易方达,SZSE,2021-08-17,3.204,3.223,3.115,3.126,3.204,3.223,3.115,3.126,1.0,273111800.0,865960512.0,腾讯日K/前复权日K,2026-08-07T20:33:10+08:00,20260926T093659
159915,创业板ETF易方达,SZSE,2021-08-18,3.134,3.171,3.123,3.16,3.134,3.171,3.123,3.16,1.0,223174000.0,701353920.0,腾讯日K/前复权日K,2026-08-07T20:33:10+08:00,20260926T093659
159915,创业板ETF易方达,SZSE,2021-08-19,3.148,3.202,3.134,3.177,3.148,3.202,3.134,3.177,1.0,235224900.0,744827920.0,腾讯日K/前复权日K,2026-08-07T20:33:10+08:00,20260926T093659
159915,创业板ETF易方达,SZSE,2021-08-20,3.155,3.167,3.067,3.1,3.155,3.167,3.067,3.1,1.0,292467700.0,908150032.0,腾讯日K/前复权日K,2026-08-07T20:33:10+08:00,20260926T093659
159915,创业板ETF易方达,SZSE,2021-08-23,3.105,3.196,3.102,3.195,3.105,3.196,3.102,3.195,1.0,246691200.0,779137824.0,腾讯日K/前复权日K,2026-08-07T20:33:10+08:00,20260926T093659
159915,创业板ETF易方达,SZSE,2021-08-24,3.195,3.247,3.169,3.225,3.195,3.247,3.169,3.225,1.0,207494500.0,667829696.0,腾讯日K/前复权日K,2026-08-07T20:33:10+08:00,20260926T093659
159915,创业板ETF易方达,SZSE,2021-08-25,3.225,3.244,3.193,3.241,3.225,3.244,3.193,3.241,1.0,133965100.0,431469088.0,腾讯日K/前复权日K,2026-08-07T20:33:10+08:00,20260926T093659
159915,创业板ETF易方达,SZSE,2021-08-26,3.247,3.261,3.161,3.164,3.247,3.261,3.161,3.164,1.0,156674700.0,501763344.0,腾讯日K/前复权日K,2026-08-07T20:33:10+08:00,20260926T093659
159915,创业板ETF易方达,SZSE,2021-08-27,3.16,3.197,3.141,3.158,3.16,3.197,3.141,3.158,1.0,143773500.0,454953280.0,腾讯日K/前复权日K,2026-08-07T20:33:10+08:00,20260926T093659
159915,创业板ETF易方达,SZSE,2021-08-30,3.17,3.214,3.147,3.164,3.17,3.214,3.147,3.164,1.0,168855200.0,536854672.0,腾讯日K/前复权日K,2026-08-07T20:33:10+08:00,20260926T093659
159915,创业板ETF易方达,SZSE,2021-08-31,3.163,3.168,3.086,3.106,3.163,3.168,3.086,3.106,1.0,195114200.0,608183536.0,腾讯日K/前复权日K,2026-08-07T20:33:10+08:00,20260926T093659
159915,创业板ETF易方达,SZSE,2021-09-01,3.11,3.124,3.035,3.094,3.11,3.124,3.035,3.094,1.0,209544900.0,644313456.0,腾讯日K/前复权日K,2026-08-07T20:33:10+08:00,20260926T093659
159915,创业板ETF易方达,SZSE,2021-09-02,3.08,3.097,3.039,3.046,3.08,3.097,3.039,3.046,1.0,194799800.0,596884960.0,腾讯日K/前复权日K,2026-08-07T20:33:10+08:00,20260926T093659
159915,创业板ETF易方达,SZSE,2021-09-03,3.046,3.071,2.996,3.01,3.046,3.071,2.996,3.01,1.0,228797200.0,693053344.0,腾讯日K/前复权日K,2026-08-07T20:33:10+08:00,20260926T093659
159915,创业板ETF易方达,SZSE,2021-09-06,3.012,3.13,2.993,3.129,3.012,3.13,2.993,3.129,1.0,288687300.0,888941408.0,腾讯日K/前复权日K,2026-08-07T20:33:10+08:00,20260926T093659
159915,创业板ETF易方达,SZSE,2021-09-07,3.113,3.159,3.107,3.147,3.113,3.159,3.107,3.147,1.0,200785200.0,629216448.0,腾讯日K/前复权日K,2026-08-07T20:33:10+08:00,20260926T093659
159915,创业板ETF易方达,SZSE,2021-09-08,3.152,3.18,3.115,3.123,3.152,3.18,3.115,3.123,1.0,133978400.0,420781312.0,腾讯日K/前复权日K,2026-08-07T20:33:10+08:00,20260926T093659
159915,创业板ETF易方达,SZSE,2021-09-09,3.116,3.145,3.076,3.126,3.116,3.145,3.076,3.126,1.0,166283300.0,516471504.0,腾讯日K/前复权日K,2026-08-07T20:33:10+08:00,20260926T093659
159915,创业板ETF易方达,SZSE,2021-09-10,3.113,3.145,3.089,3.135,3.113,3.145,3.089,3.135,1.0,138505200.0,431832880.0,腾讯日K/前复权日K,2026-08-07T20:33:10+08:00,20260926T093659
159915,创业板ETF易方达,SZSE,2021-09-13,3.127,3.156,3.085,3.095,3.127,3.156,3.085,3.095,1.0,154726700.0,481294896.0,腾讯日K/前复权日K,2026-08-07T20:33:10+08:00,20260926T093659
159915,创业板ETF易方达,SZSE,2021-09-14,3.094,3.174,3.085,3.14,3.094,3.174,3.085,3.14,1.0,195953300.0,615567744.0,腾讯日K/前复权日K,2026-08-07T20:33:10+08:00,20260926T093659
159915,创业板ETF易方达,SZSE,2021-09-15,3.122,3.133,3.088,3.105,3.122,3.133,3.088,3.105,1.0,149915200.0,465234512.0,腾讯日K/前复权日K,2026-08-07T20:33:10+08:00,20260926T093659
159915,创业板ETF易方达,SZSE,2021-09-16,3.103,3.103,3.032,3.035,3.103,3.103,3.032,3.035,1.0,155375600.0,475463024.0,腾讯日K/前复权日K,2026-08-07T20:33:10+08:00,20260926T093659
159915,创业板ETF易方达,SZSE,2021-09-17,3.027,3.101,3.026,3.097,3.027,3.101,3.026,3.097,1.0,135898700.0,416326544.0,腾讯日K/前复权日K,2026-08-07T20:33:10+08:00,20260926T093659
159915,创业板ETF易方达,SZSE,2021-09-22,3.057,3.1,3.051,3.068,3.057,3.1,3.051,3.068,1.0,129937900.0,399143232.0,腾讯日K/前复权日K,2026-08-07T20:33:10+08:00,20260926T093659
159915,创业板ETF易方达,SZSE,2021-09-23,3.087,3.111,3.059,3.086,3.087,3.111,3.059,3.086,1.0,128892500.0,397539184.0,腾讯日K/前复权日K,2026-08-07T20:33:10+08:00,20260926T093659
159915,创业板ETF易方达,SZSE,2021-09-24,3.077,3.147,3.071,3.109,3.077,3.147,3.071,3.109,1.0,220295900.0,686278128.0,腾讯日K/前复权日K,2026-08-07T20:33:10+08:00,20260926T093659
159915,创业板ETF易方达,SZSE,2021-09-27,3.119,3.177,3.111,3.13,3.119,3.177,3.111,3.13,1.0,172280400.0,542895648.0,腾讯日K/前复权日K,2026-08-07T20:33:10+08:00,20260926T093659
159915,创业板ETF易方达,SZSE,2021-09-28,3.118,3.17,3.102,3.114,3.118,3.17,3.102,3.114,1.0,132080900.0,413922400.0,腾讯日K/前复权日K,2026-08-07T20:33:10+08:00,20260926T093659
159915,创业板ETF易方达,SZSE,2021-09-29,3.095,3.109,3.067,3.083,3.095,3.109,3.067,3.083,1.0,128649400.0,397039744.0,腾讯日K/前复权日K,2026-08-07T20:33:10+08:00,20260926T093659
159915,创业板ETF易方达,SZSE,2021-09-30,3.088,3.155,3.084,3.148,3.088,3.155,3.084,3.148,1.0,168196300.0,526243728.0,腾讯日K/前复权日K,2026-08-07T20:33:10+08:00,20260926T093659
159915,创业板ETF易方达,SZSE,2021-10-08,3.169,3.186,3.125,3.138,3.169,3.186,3.125,3.138,1.0,146534800.0,462007152.0,腾讯日K/前复权日K,2026-08-07T20:33:10+08:00,20260926T093659
159915,创业板ETF易方达,SZSE,2021-10-11,3.147,3.156,3.092,3.096,3.147,3.156,3.092,3.096,1.0,123880600.0,386575056.0,腾讯日K/前复权日K,2026-08-07T20:33:10+08:00,20260926T093659
159915,创业板ETF易方达,SZSE,2021-10-12,3.081,3.102,3.013,3.042,3.081,3.102,3.013,3.042,1.0,191120000.0,584156112.0,腾讯日K/前复权日K,2026-08-07T20:33:10+08:00,20260926T093659
159915,创业板ETF易方达,SZSE,2021-10-13,3.04,3.11,3.04,3.109,3.04,3.11,3.04,3.109,1.0,160197200.0,493474528.0,腾讯日K/前复权日K,2026-08-07T20:33:10+08:00,20260926T093659
159915,创业板ETF易方达,SZSE,2021-10-14,3.1,3.138,3.1,3.112,3.1,3.138,3.1,3.112,1.0,141220200.0,440664704.0,腾讯日K/前复权日K,2026-08-07T20:33:10+08:00,20260926T093659
159915,创业板ETF易方达,SZSE,2021-10-15,3.11,3.18,3.088,3.176,3.11,3.18,3.088,3.176,1.0,148862000.0,469407104.0,腾讯日K/前复权日K,2026-08-07T20:33:10+08:00,20260926T093659
159915,创业板ETF易方达,SZSE,2021-10-18,3.178,3.185,3.128,3.172,3.178,3.185,3.128,3.172,1.0,136330900.0,429834368.0,腾讯日K/前复权日K,2026-08-07T20:33:10+08:00,20260926T093659
159915,创业板ETF易方达,SZSE,2021-10-19,3.18,3.208,3.168,3.191,3.18,3.208,3.168,3.191,1.0,115987400.0,370006960.0,腾讯日K/前复权日K,2026-08-07T20:33:10+08:00,20260926T093659
159915,创业板ETF易方达,SZSE,2021-10-20,3.19,3.215,3.172,3.185,3.19,3.215,3.172,3.185,1.0,99612900.0,318199424.0,腾讯日K/前复权日K,2026-08-07T20:33:10+08:00,20260926T093659
159915,创业板ETF易方达,SZSE,2021-10-21,3.188,3.2,3.155,3.174,3.188,3.2,3.155,3.174,1.0,84781500.0,269220240.0,腾讯日K/前复权日K,2026-08-07T20:33:10+08:00,20260926T093659
159915,创业板ETF易方达,SZSE,2021-10-22,3.184,3.205,3.166,3.185,3.184,3.205,3.166,3.185,1.0,127467700.0,406128192.0,腾讯日K/前复权日K,2026-08-07T20:33:10+08:00,20260926T093659
159915,创业板ETF易方达,SZSE,2021-10-25,3.182,3.237,3.182,3.236,3.182,3.237,3.182,3.236,1.0,116805800.0,376354448.0,腾讯日K/前复权日K,2026-08-07T20:33:10+08:00,20260926T093659
159915,创业板ETF易方达,SZSE,2021-10-26,3.256,3.262,3.217,3.221,3.256,3.262,3.217,3.221,1.0,110950900.0,359486736.0,腾讯日K/前复权日K,2026-08-07T20:33:10+08:00,20260926T093659
159915,创业板ETF易方达,SZSE,2021-10-27,3.221,3.221,3.182,3.205,3.221,3.221,3.182,3.205,1.0,85248600.0,272827856.0,腾讯日K/前复权日K,2026-08-07T20:33:10+08:00,20260926T093659
159915,创业板ETF易方达,SZSE,2021-10-28,3.196,3.232,3.163,3.178,3.196,3.232,3.163,3.178,1.0,129880000.0,415142992.0,腾讯日K/前复权日K,2026-08-07T20:33:10+08:00,20260926T093659
159915,创业板ETF易方达,SZSE,2021-10-29,3.186,3.25,3.151,3.249,3.186,3.25,3.151,3.249,1.0,162237000.0,519204480.0,腾讯日K/前复权日K,2026-08-07T20:33:10+08:00,20260926T093659
159915,创业板ETF易方达,SZSE,2021-11-01,3.245,3.268,3.201,3.224,3.245,3.268,3.201,3.224,1.0,121975800.0,394374048.0,腾讯日K/前复权日K,2026-08-07T20:33:10+08:00,20260926T093659
159915,创业板ETF易方达,SZSE,2021-11-02,3.227,3.266,3.205,3.228,3.227,3.266,3.205,3.228,1.0,130108200.0,421526528.0,腾讯日K/前复权日K,2026-08-07T20:33:10+08:00,20260926T093659
159915,创业板ETF易方达,SZSE,2021-11-03,3.213,3.26,3.198,3.222,3.213,3.26,3.198,3.222,1.0,119039200.0,384321856.0,腾讯日K/前复权日K,2026-08-07T20:33:10+08:00,20260926T093659
159915,创业板ETF易方达,SZSE,2021-11-04,3.233,3.275,3.233,3.26,3.233,3.275,3.233,3.26,1.0,115115300.0,374782368.0,腾讯日K/前复权日K,2026-08-07T20:33:10+08:00,20260926T093659
159915,创业板ETF易方达,SZSE,2021-11-05,3.243,3.276,3.243,3.248,3.243,3.276,3.243,3.248,1.0,98630700.0,321718704.0,腾讯日K/前复权日K,2026-08-07T20:33:10+08:00,20260926T093659
159915,创业板ETF易方达,SZSE,2021-11-08,3.24,3.287,3.234,3.278,3.24,3.287,3.234,3.278,1.0,106448900.0,347490992.0,腾讯日K/前复权日K,2026-08-07T20:33:10+08:00,20260926T093659
159915,创业板ETF易方达,SZSE,2021-11-09,3.278,3.302,3.269,3.3,3.278,3.302,3.269,3.3,1.0,97771700.0,321415216.0,腾讯日K/前复权日K,2026-08-07T20:33:10+08:00,20260926T093659
159915,创业板ETF易方达,SZSE,2021-11-10,3.287,3.3,3.236,3.296,3.287,3.3,3.236,3.296,1.0,144468100.0,472925648.0,腾讯日K/前复权日K,2026-08-07T20:33:10+08:00,20260926T093659
159915,创业板ETF易方达,SZSE,2021-11-11,3.284,3.333,3.279,3.324,3.284,3.333,3.279,3.324,1.0,92895000.0,308172880.0,腾讯日K/前复权日K,2026-08-07T20:33:10+08:00,20260926T093659
159915,创业板ETF易方达,SZSE,2021-11-12,3.318,3.335,3.3,3.324,3.318,3.335,3.3,3.324,1.0,91084000.0,302146416.0,腾讯日K/前复权日K,2026-08-07T20:33:10+08:00,20260926T093659
159915,创业板ETF易方达,SZSE,2021-11-15,3.324,3.329,3.284,3.295,3.324,3.329,3.284,3.295,1.0,109479100.0,361456656.0,腾讯日K/前复权日K,2026-08-07T20:33:10+08:00,20260926T093659
159915,创业板ETF易方达,SZSE,2021-11-16,3.292,3.315,3.28,3.282,3.292,3.315,3.28,3.282,1.0,99175300.0,326985008.0,腾讯日K/前复权日K,2026-08-07T20:33:10+08:00,20260926T093659
159915,创业板ETF易方达,SZSE,2021-11-17,3.284,3.319,3.284,3.317,3.284,3.319,3.284,3.317,1.0,87742000.0,290279984.0,腾讯日K/前复权日K,2026-08-07T20:33:10+08:00,20260926T093659
159915,创业板ETF易方达,SZSE,2021-11-18,3.305,3.308,3.268,3.274,3.305,3.308,3.268,3.274,1.0,135335000.0,444481600.0,腾讯日K/前复权日K,2026-08-07T20:33:10+08:00,20260926T093659
159915,创业板ETF易方达,SZSE,2021-11-19,3.273,3.315,3.271,3.313,3.273,3.315,3.271,3.313,1.0,119882900.0,395483408.0,腾讯日K/前复权日K,2026-08-07T20:33:10+08:00,20260926T093659
159915,创业板ETF易方达,SZSE,2021-11-22,3.322,3.395,3.314,3.393,3.322,3.395,3.314,3.393,1.0,138369200.0,465562688.0,腾讯日K/前复权日K,2026-08-07T20:33:10+08:00,20260926T093659
159915,创业板ETF易方达,SZSE,2021-11-23,3.392,3.402,3.371,3.38,3.392,3.402,3.371,3.38,1.0,87442900.0,296005008.0,腾讯日K/前复权日K,2026-08-07T20:33:10+08:00,20260926T093659
159915,创业板ETF易方达,SZSE,2021-11-24,3.381,3.392,3.357,3.362,3.381,3.392,3.357,3.362,1.0,90531000.0,305382864.0,腾讯日K/前复权日K,2026-08-07T20:33:10+08:00,20260926T093659
159915,创业板ETF易方达,SZSE,2021-11-25,3.366,3.386,3.353,3.368,3.366,3.386,3.353,3.368,1.0,112002300.0,377306224.0,腾讯日K/前复权日K,2026-08-07T20:33:10+08:00,20260926T093659
159915,创业板ETF易方达,SZSE,2021-11-26,3.367,3.39,3.35,3.364,3.367,3.39,3.35,3.364,1.0,64330800.0,216778344.0,腾讯日K/前复权日K,2026-08-07T20:33:10+08:00,20260926T093659
159915,创业板ETF易方达,SZSE,2021-11-29,3.345,3.411,3.338,3.389,3.345,3.411,3.338,3.389,1.0,147854300.0,501423040.0,腾讯日K/前复权日K,2026-08-07T20:33:10+08:00,20260926T093659
159915,创业板ETF易方达,SZSE,2021-11-30,3.395,3.408,3.364,3.386,3.395,3.408,3.364,3.386,1.0,131532100.0,444538656.0,腾讯日K/前复权日K,2026-08-07T20:33:10+08:00,20260926T093659
159915,创业板ETF易方达,SZSE,2021-12-01,3.377,3.389,3.352,3.365,3.377,3.389,3.352,3.365,1.0,78513000.0,264340175.0,腾讯日K/前复权日K,2026-08-07T20:33:10+08:00,20260926T093659
159915,创业板ETF易方达,SZSE,2021-12-02,3.354,3.375,3.346,3.355,3.354,3.375,3.346,3.355,1.0,71581200.0,240583837.0,腾讯日K/前复权日K,2026-08-07T20:33:10+08:00,20260926T093659
159915,创业板ETF易方达,SZSE,2021-12-03,3.355,3.372,3.34,3.37,3.355,3.372,3.34,3.37,1.0,91855800.0,308520256.0,腾讯日K/前复权日K,2026-08-07T20:33:10+08:00,20260926T093659
159915,创业板ETF易方达,SZSE,2021-12-06,3.354,3.368,3.293,3.294,3.354,3.368,3.293,3.294,1.0,135542200.0,450904336.0,腾讯日K/前复权日K,2026-08-07T20:33:10+08:00,20260926T093659
159915,创业板ETF易方达,SZSE,2021-12-07,3.314,3.317,3.235,3.266,3.314,3.317,3.235,3.266,1.0,132836200.0,433547040.0,腾讯日K/前复权日K,2026-08-07T20:33:10+08:00,20260926T093659
159915,创业板ETF易方达,SZSE,2021-12-08,3.266,3.32,3.266,3.314,3.266,3.32,3.266,3.314,1.0,113979500.0,375738224.0,腾讯日K/前复权日K,2026-08-07T20:33:10+08:00,20260926T093659
159915,创业板ETF易方达,SZSE,2021-12-09,3.304,3.353,3.29,3.353,3.304,3.353,3.29,3.353,1.0,129892600.0,432890832.0,腾讯日K/前复权日K,2026-08-07T20:33:10+08:00,20260926T093659
159915,创业板ETF易方达,SZSE,2021-12-10,3.335,3.377,3.324,3.37,3.335,3.377,3.324,3.37,1.0,79556700.0,266988997.0,腾讯日K/前复权日K,2026-08-07T20:33:10+08:00,20260926T093659
159915,创业板ETF易方达,SZSE,2021-12-13,3.362,3.4,3.347,3.389,3.362,3.4,3.347,3.389,1.0,103787400.0,351039664.0,腾讯日K/前复权日K,2026-08-07T20:33:10+08:00,20260926T093659
159915,创业板ETF易方达,SZSE,2021-12-14,3.37,3.396,3.37,3.384,3.37,3.396,3.37,3.384,1.0,77658700.0,262770210.0,腾讯日K/前复权日K,2026-08-07T20:33:10+08:00,20260926T093659
159915,创业板ETF易方达,SZSE,2021-12-15,3.382,3.411,3.355,3.355,3.382,3.411,3.355,3.355,1.0,80333000.0,271904784.0,腾讯日K/前复权日K,2026-08-07T20:33:10+08:00,20260926T093659
159915,创业板ETF易方达,SZSE,2021-12-16,3.361,3.384,3.357,3.378,3.361,3.384,3.357,3.378,1.0,74455900.0,250958262.0,腾讯日K/前复权日K,2026-08-07T20:33:10+08:00,20260926T093659
159915,创业板ETF易方达,SZSE,2021-12-17,3.376,3.376,3.32,3.328,3.376,3.376,3.32,3.328,1.0,91741200.0,306517648.0,腾讯日K/前复权日K,2026-08-07T20:33:10+08:00,20260926T093659
159915,创业板ETF易方达,SZSE,2021-12-20,3.322,3.328,3.218,3.225,3.322,3.328,3.218,3.225,1.0,181023500.0,589476640.0,腾讯日K/前复权日K,2026-08-07T20:33:10+08:00,20260926T093659
159915,创业板ETF易方达,SZSE,2021-12-21,3.227,3.25,3.204,3.247,3.227,3.25,3.204,3.247,1.0,160419200.0,518742688.0,腾讯日K/前复权日K,2026-08-07T20:33:10+08:00,20260926T093659
159915,创业板ETF易方达,SZSE,2021-12-22,3.249,3.273,3.248,3.26,3.249,3.273,3.248,3.26,1.0,95584900.0,311821728.0,腾讯日K/前复权日K,2026-08-07T20:33:10+08:00,20260926T093659
159915,创业板ETF易方达,SZSE,2021-12-23,3.269,3.282,3.252,3.269,3.269,3.282,3.252,3.269,1.0,74430300.0,243092924.0,腾讯日K/前复权日K,2026-08-07T20:33:10+08:00,20260926T093659
159915,创业板ETF易方达,SZSE,2021-12-24,3.268,3.275,3.181,3.196,3.268,3.275,3.181,3.196,1.0,118251200.0,379369584.0,腾讯日K/前复权日K,2026-08-07T20:33:10+08:00,20260926T093659
159915,创业板ETF易方达,SZSE,2021-12-27,3.183,3.212,3.173,3.19,3.183,3.212,3.173,3.19,1.0,102621500.0,327519840.0,腾讯日K/前复权日K,2026-08-07T20:33:10+08:00,20260926T093659
159915,创业板ETF易方达,SZSE,2021-12-28,3.193,3.229,3.178,3.226,3.193,3.229,3.178,3.226,1.0,142547800.0,456900672.0,腾讯日K/前复权日K,2026-08-07T20:33:10+08:00,20260926T093659
159915,创业板ETF易方达,SZSE,2021-12-29,3.216,3.218,3.176,3.182,3.216,3.218,3.176,3.182,1.0,141497200.0,451279120.0,腾讯日K/前复权日K,2026-08-07T20:33:10+08:00,20260926T093659
159915,创业板ETF易方达,SZSE,2021-12-30,3.18,3.233,3.176,3.219,3.18,3.233,3.176,3.219,1.0,194025400.0,623398576.0,腾讯日K/前复权日K,2026-08-07T20:33:10+08:00,20260926T093659
159915,创业板ETF易方达,SZSE,2021-12-31,3.231,3.247,3.207,3.218,3.231,3.247,3.207,3.218,1.0,113567200.0,365770848.0,腾讯日K/前复权日K,2026-08-07T20:33:10+08:00,20260926T093659
159915,创业板ETF易方达,SZSE,2022-01-04,3.236,3.242,3.14,3.154,3.236,3.242,3.14,3.154,1.0,132940800.0,420460016.0,腾讯日K/前复权日K,2026-08-07T20:33:10+08:00,20260926T093659
159915,创业板ETF易方达,SZSE,2022-01-05,3.151,3.151,3.049,3.064,3.151,3.151,3.049,3.064,1.0,332667600.0,1024198000.0,腾讯日K/前复权日K,2026-08-07T20:33:10+08:00,20260926T093659
159915,创业板ETF易方达,SZSE,2022-01-06,3.043,3.054,2.999,3.034,3.043,3.054,2.999,3.034,1.0,394002200.0,1191713456.0,腾讯日K/前复权日K,2026-08-07T20:33:10+08:00,20260926T093659
159915,创业板ETF易方达,SZSE,2022-01-07,3.035,3.046,2.998,3.003,3.035,3.046,2.998,3.003,1.0,253289800.0,763631792.0,腾讯日K/前复权日K,2026-08-07T20:33:10+08:00,20260926T093659
159915,创业板ETF易方达,SZSE,2022-01-10,3.0,3.018,2.958,2.998,3.0,3.018,2.958,2.998,1.0,256394000.0,766782192.0,腾讯日K/前复权日K,2026-08-07T20:33:10+08:00,20260926T093659
159915,创业板ETF易方达,SZSE,2022-01-11,2.998,3.008,2.956,2.96,2.998,3.008,2.956,2.96,1.0,246058000.0,731615232.0,腾讯日K/前复权日K,2026-08-07T20:33:10+08:00,20260926T093659
159915,创业板ETF易方达,SZSE,2022-01-12,2.984,3.039,2.984,3.035,2.984,3.039,2.984,3.035,1.0,339832200.0,1024275776.0,腾讯日K/前复权日K,2026-08-07T20:33:10+08:00,20260926T093659
159915,创业板ETF易方达,SZSE,2022-01-13,3.042,3.043,2.988,2.99,3.042,3.043,2.988,2.99,1.0,216175700.0,650933056.0,腾讯日K/前复权日K,2026-08-07T20:33:10+08:00,20260926T093659
159915,创业板ETF易方达,SZSE,2022-01-14,2.975,3.027,2.967,3.015,2.975,3.027,2.967,3.015,1.0,210134500.0,631548720.0,腾讯日K/前复权日K,2026-08-07T20:33:10+08:00,20260926T093659
159915,创业板ETF易方达,SZSE,2022-01-17,3.0,3.075,3.0,3.068,3.0,3.075,3.0,3.068,1.0,188036900.0,574324704.0,腾讯日K/前复权日K,2026-08-07T20:33:10+08:00,20260926T093659
159915,创业板ETF易方达,SZSE,2022-01-18,3.057,3.075,3.038,3.047,3.057,3.075,3.038,3.047,1.0,163349300.0,499162016.0,腾讯日K/前复权日K,2026-08-07T20:33:10+08:00,20260926T093659
159915,创业板ETF易方达,SZSE,2022-01-19,3.036,3.047,2.958,2.985,3.036,3.047,2.958,2.985,1.0,314388600.0,940912464.0,腾讯日K/前复权日K,2026-08-07T20:33:10+08:00,20260926T093659
159915,创业板ETF易方达,SZSE,2022-01-20,2.973,3.002,2.962,2.975,2.973,3.002,2.962,2.975,1.0,180663600.0,538084528.0,腾讯日K/前复权日K,2026-08-07T20:33:10+08:00,20260926T093659
159915,创业板ETF易方达,SZSE,2022-01-21,2.957,2.973,2.927,2.941,2.957,2.973,2.927,2.941,1.0,269310700.0,792706576.0,腾讯日K/前复权日K,2026-08-07T20:33:10+08:00,20260926T093659
159915,创业板ETF易方达,SZSE,2022-01-24,2.929,2.972,2.924,2.962,2.929,2.972,2.924,2.962,1.0,237572200.0,701816608.0,腾讯日K/前复权日K,2026-08-07T20:33:10+08:00,20260926T093659
159915,创业板ETF易方达,SZSE,2022-01-25,2.94,2.961,2.881,2.881,2.94,2.961,2.881,2.881,1.0,286977900.0,838924816.0,腾讯日K/前复权日K,2026-08-07T20:33:10+08:00,20260926T093659
159915,创业板ETF易方达,SZSE,2022-01-26,2.893,2.914,2.86,2.906,2.893,2.914,2.86,2.906,1.0,229204600.0,663438512.0,腾讯日K/前复权日K,2026-08-07T20:33:10+08:00,20260926T093659
159915,创业板ETF易方达,SZSE,2022-01-27,2.889,2.904,2.813,2.815,2.889,2.904,2.813,2.815,1.0,402578800.0,1146566928.0,腾讯日K/前复权日K,2026-08-07T20:33:10+08:00,20260926T093659
159915,创业板ETF易方达,SZSE,2022-01-28,2.848,2.869,2.794,2.819,2.848,2.869,2.794,2.819,1.0,305307400.0,866769776.0,腾讯日K/前复权日K,2026-08-07T20:33:10+08:00,20260926T093659
159915,创业板ETF易方达,SZSE,2022-02-07,2.87,2.891,2.815,2.83,2.87,2.891,2.815,2.83,1.0,257569800.0,734467152.0,腾讯日K/前复权日K,2026-08-07T20:33:10+08:00,20260926T093659
159915,创业板ETF易方达,SZSE,2022-02-08,2.826,2.826,2.697,2.758,2.826,2.826,2.697,2.758,1.0,454017500.0,1245274528.0,腾讯日K/前复权日K,2026-08-07T20:33:10+08:00,20260926T093659
159915,创业板ETF易方达,SZSE,2022-02-09,2.749,2.797,2.729,2.791,2.749,2.797,2.729,2.791,1.0,275942800.0,763262240.0,腾讯日K/前复权日K,2026-08-07T20:33:10+08:00,20260926T093659
159915,创业板ETF易方达,SZSE,2022-02-10,2.794,2.8,2.711,2.74,2.794,2.8,2.711,2.74,1.0,370924400.0,1016153808.0,腾讯日K/前复权日K,2026-08-07T20:33:10+08:00,20260926T093659
159915,创业板ETF易方达,SZSE,2022-02-11,2.715,2.725,2.655,2.66,2.715,2.725,2.655,2.66,1.0,434959900.0,1171177440.0,腾讯日K/前复权日K,2026-08-07T20:33:10+08:00,20260926T093659
159915,创业板ETF易方达,SZSE,2022-02-14,2.648,2.687,2.626,2.646,2.648,2.687,2.626,2.646,1.0,394346300.0,1047249840.0,腾讯日K/前复权日K,2026-08-07T20:33:10+08:00,20260926T093659
159915,创业板ETF易方达,SZSE,2022-02-15,2.653,2.728,2.653,2.726,2.653,2.728,2.653,2.726,1.0,468559600.0,1262875392.0,腾讯日K/前复权日K,2026-08-07T20:33:10+08:00,20260926T093659
159915,创业板ETF易方达,SZSE,2022-02-16,2.733,2.75,2.718,2.725,2.733,2.75,2.718,2.725,1.0,314085700.0,859252096.0,腾讯日K/前复权日K,2026-08-07T20:33:10+08:00,20260926T093659
159915,创业板ETF易方达,SZSE,2022-02-17,2.716,2.768,2.705,2.744,2.716,2.768,2.705,2.744,1.0,336007000.0,922856288.0,腾讯日K/前复权日K,2026-08-07T20:33:10+08:00,20260926T093659
159915,创业板ETF易方达,SZSE,2022-02-18,2.727,2.74,2.713,2.739,2.727,2.74,2.713,2.739,1.0,249115500.0,679899440.0,腾讯日K/前复权日K,2026-08-07T20:33:10+08:00,20260926T093659
159915,创业板ETF易方达,SZSE,2022-02-21,2.739,2.747,2.706,2.713,2.739,2.747,2.706,2.713,1.0,244861900.0,666516016.0,腾讯日K/前复权日K,2026-08-07T20:33:10+08:00,20260926T093659
159915,创业板ETF易方达,SZSE,2022-02-22,2.689,2.692,2.656,2.678,2.689,2.692,2.656,2.678,1.0,373309400.0,996241152.0,腾讯日K/前复权日K,2026-08-07T20:33:10+08:00,20260926T093659
159915,创业板ETF易方达,SZSE,2022-02-23,2.683,2.754,2.68,2.754,2.683,2.754,2.68,2.754,1.0,363214000.0,989582144.0,腾讯日K/前复权日K,2026-08-07T20:33:10+08:00,20260926T093659
159915,创业板ETF易方达,SZSE,2022-02-24,2.721,2.759,2.662,2.693,2.721,2.759,2.662,2.693,1.0,469738000.0,1275508048.0,腾讯日K/前复权日K,2026-08-07T20:33:10+08:00,20260926T093659
159915,创业板ETF易方达,SZSE,2022-02-25,2.732,2.79,2.732,2.763,2.732,2.79,2.732,2.763,1.0,417152100.0,1153131744.0,腾讯日K/前复权日K,2026-08-07T20:33:10+08:00,20260926T093659
159915,创业板ETF易方达,SZSE,2022-02-28,2.763,2.787,2.741,2.786,2.763,2.787,2.741,2.786,1.0,297335100.0,822801648.0,腾讯日K/前复权日K,2026-08-07T20:33:10+08:00,20260926T093659
159915,创业板ETF易方达,SZSE,2022-03-01,2.8,2.814,2.772,2.795,2.8,2.814,2.772,2.795,1.0,297159000.0,829887584.0,腾讯日K/前复权日K,2026-08-07T20:33:10+08:00,20260926T093659
159915,创业板ETF易方达,SZSE,2022-03-02,2.777,2.777,2.721,2.741,2.777,2.777,2.721,2.741,1.0,323907000.0,887831888.0,腾讯日K/前复权日K,2026-08-07T20:33:10+08:00,20260926T093659
159915,创业板ETF易方达,SZSE,2022-03-03,2.76,2.761,2.701,2.704,2.76,2.761,2.701,2.704,1.0,355783500.0,967361088.0,腾讯日K/前复权日K,2026-08-07T20:33:10+08:00,20260926T093659
159915,创业板ETF易方达,SZSE,2022-03-04,2.681,2.71,2.652,2.662,2.681,2.71,2.652,2.662,1.0,421568800.0,1129164384.0,腾讯日K/前复权日K,2026-08-07T20:33:10+08:00,20260926T093659
159915,创业板ETF易方达,SZSE,2022-03-07,2.641,2.642,2.535,2.543,2.641,2.642,2.535,2.543,1.0,657431100.0,1693028064.0,腾讯日K/前复权日K,2026-08-07T20:33:10+08:00,20260926T093659
159915,创业板ETF易方达,SZSE,2022-03-08,2.54,2.568,2.486,2.507,2.54,2.568,2.486,2.507,1.0,823474300.0,2081933920.0,腾讯日K/前复权日K,2026-08-07T20:33:10+08:00,20260926T093659
159915,创业板ETF易方达,SZSE,2022-03-09,2.515,2.526,2.388,2.483,2.515,2.526,2.388,2.483,1.0,1000329700.0,2464941040.0,腾讯日K/前复权日K,2026-08-07T20:33:10+08:00,20260926T093659
159915,创业板ETF易方达,SZSE,2022-03-10,2.552,2.578,2.525,2.547,2.552,2.578,2.525,2.547,1.0,937142200.0,2395099648.0,腾讯日K/前复权日K,2026-08-07T20:33:10+08:00,20260926T093659
159915,创业板ETF易方达,SZSE,2022-03-11,2.502,2.585,2.484,2.583,2.502,2.585,2.484,2.583,1.0,574145400.0,1451675040.0,腾讯日K/前复权日K,2026-08-07T20:33:10+08:00,20260926T093659
159915,创业板ETF易方达,SZSE,2022-03-14,2.547,2.564,2.489,2.49,2.547,2.564,2.489,2.49,1.0,500412900.0,1264484848.0,腾讯日K/前复权日K,2026-08-07T20:33:10+08:00,20260926T093659
159915,创业板ETF易方达,SZSE,2022-03-15,2.455,2.54,2.421,2.421,2.455,2.54,2.421,2.421,1.0,720371100.0,1782042416.0,腾讯日K/前复权日K,2026-08-07T20:33:10+08:00,20260926T093659
159915,创业板ETF易方达,SZSE,2022-03-16,2.46,2.557,2.4,2.552,2.46,2.557,2.4,2.552,1.0,1118256200.0,2779605344.0,腾讯日K/前复权日K,2026-08-07T20:33:10+08:00,20260926T093659
159915,创业板ETF易方达,SZSE,2022-03-17,2.595,2.674,2.59,2.624,2.595,2.674,2.59,2.624,1.0,981918000.0,2582585872.0,腾讯日K/前复权日K,2026-08-07T20:33:10+08:00,20260926T093659
159915,创业板ETF易方达,SZSE,2022-03-18,2.61,2.642,2.582,2.635,2.61,2.642,2.582,2.635,1.0,407462100.0,1064215120.0,腾讯日K/前复权日K,2026-08-07T20:33:10+08:00,20260926T093659
159915,创业板ETF易方达,SZSE,2022-03-21,2.639,2.666,2.614,2.636,2.639,2.666,2.614,2.636,1.0,459004000.0,1212819344.0,腾讯日K/前复权日K,2026-08-07T20:33:10+08:00,20260926T093659
159915,创业板ETF易方达,SZSE,2022-03-22,2.623,2.626,2.589,2.602,2.623,2.626,2.589,2.602,1.0,304342600.0,792870768.0,腾讯日K/前复权日K,2026-08-07T20:33:10+08:00,20260926T093659
159915,创业板ETF易方达,SZSE,2022-03-23,2.619,2.639,2.597,2.629,2.619,2.639,2.597,2.629,1.0,344175200.0,902277648.0,腾讯日K/前复权日K,2026-08-07T20:33:10+08:00,20260926T093659
159915,创业板ETF易方达,SZSE,2022-03-24,2.605,2.638,2.571,2.62,2.605,2.638,2.571,2.62,1.0,434296000.0,1128841040.0,腾讯日K/前复权日K,2026-08-07T20:33:10+08:00,20260926T093659
159915,创业板ETF易方达,SZSE,2022-03-25,2.612,2.627,2.559,2.565,2.612,2.627,2.559,2.565,1.0,508855400.0,1313441856.0,腾讯日K/前复权日K,2026-08-07T20:33:10+08:00,20260926T093659
159915,创业板ETF易方达,SZSE,2022-03-28,2.54,2.545,2.494,2.512,2.54,2.545,2.494,2.512,1.0,545915400.0,1374741680.0,腾讯日K/前复权日K,2026-08-07T20:33:10+08:00,20260926T093659
159915,创业板ETF易方达,SZSE,2022-03-29,2.517,2.548,2.499,2.511,2.517,2.548,2.499,2.511,1.0,413883200.0,1044201424.0,腾讯日K/前复权日K,2026-08-07T20:33:10+08:00,20260926T093659
159915,创业板ETF易方达,SZSE,2022-03-30,2.527,2.61,2.524,2.61,2.527,2.61,2.524,2.61,1.0,544344800.0,1401462032.0,腾讯日K/前复权日K,2026-08-07T20:33:10+08:00,20260926T093659
159915,创业板ETF易方达,SZSE,2022-03-31,2.595,2.6,2.563,2.574,2.595,2.6,2.563,2.574,1.0,390435400.0,1006760048.0,腾讯日K/前复权日K,2026-08-07T20:33:10+08:00,20260926T093659
159915,创业板ETF易方达,SZSE,2022-04-01,2.55,2.599,2.548,2.58,2.55,2.599,2.548,2.58,1.0,421010200.0,1086474048.0,腾讯日K/前复权日K,2026-08-07T20:33:10+08:00,20260926T093659
159915,创业板ETF易方达,SZSE,2022-04-06,2.566,2.577,2.533,2.55,2.566,2.577,2.533,2.55,1.0,353504300.0,900487024.0,腾讯日K/前复权日K,2026-08-07T20:33:10+08:00,20260926T093659
159915,创业板ETF易方达,SZSE,2022-04-07,2.535,2.547,2.495,2.496,2.535,2.547,2.495,2.496,1.0,442818600.0,1112917408.0,腾讯日K/前复权日K,2026-08-07T20:33:10+08:00,20260926T093659
159915,创业板ETF易方达,SZSE,2022-04-08,2.496,2.525,2.467,2.491,2.496,2.525,2.467,2.491,1.0,346639000.0,864112992.0,腾讯日K/前复权日K,2026-08-07T20:33:10+08:00,20260926T093659
159915,创业板ETF易方达,SZSE,2022-04-11,2.46,2.465,2.378,2.386,2.46,2.465,2.378,2.386,1.0,605010300.0,1456176624.0,腾讯日K/前复权日K,2026-08-07T20:33:10+08:00,20260926T093659
159915,创业板ETF易方达,SZSE,2022-04-12,2.386,2.442,2.381,2.44,2.386,2.442,2.381,2.44,1.0,471392800.0,1136473152.0,腾讯日K/前复权日K,2026-08-07T20:33:10+08:00,20260926T093659
159915,创业板ETF易方达,SZSE,2022-04-13,2.418,2.433,2.391,2.394,2.418,2.433,2.391,2.394,1.0,478173700.0,1152801776.0,腾讯日K/前复权日K,2026-08-07T20:33:10+08:00,20260926T093659
159915,创业板ETF易方达,SZSE,2022-04-14,2.42,2.43,2.365,2.389,2.42,2.43,2.365,2.389,1.0,757305700.0,1810300880.0,腾讯日K/前复权日K,2026-08-07T20:33:10+08:00,20260926T093659
159915,创业板ETF易方达,SZSE,2022-04-15,2.36,2.406,2.339,2.385,2.36,2.406,2.339,2.385,1.0,522694100.0,1238914352.0,腾讯日K/前复权日K,2026-08-07T20:33:10+08:00,20260926T093659
159915,创业板ETF易方达,SZSE,2022-04-18,2.361,2.413,2.335,2.412,2.361,2.413,2.335,2.412,1.0,538176400.0,1280920672.0,腾讯日K/前复权日K,2026-08-07T20:33:10+08:00,20260926T093659
159915,创业板ETF易方达,SZSE,2022-04-19,2.398,2.43,2.368,2.377,2.398,2.43,2.368,2.377,1.0,438886200.0,1049972640.0,腾讯日K/前复权日K,2026-08-07T20:33:10+08:00,20260926T093659
159915,创业板ETF易方达,SZSE,2022-04-20,2.376,2.376,2.284,2.288,2.376,2.376,2.284,2.288,1.0,818080200.0,1899263296.0,腾讯日K/前复权日K,2026-08-07T20:33:10+08:00,20260926T093659
159915,创业板ETF易方达,SZSE,2022-04-21,2.27,2.304,2.227,2.24,2.27,2.304,2.227,2.24,1.0,655445200.0,1485233312.0,腾讯日K/前复权日K,2026-08-07T20:33:10+08:00,20260926T093659
159915,创业板ETF易方达,SZSE,2022-04-22,2.221,2.252,2.207,2.225,2.221,2.252,2.207,2.225,1.0,594208600.0,1324393072.0,腾讯日K/前复权日K,2026-08-07T20:33:10+08:00,20260926T093659
159915,创业板ETF易方达,SZSE,2022-04-25,2.177,2.192,2.103,2.103,2.177,2.192,2.103,2.103,1.0,1044159500.0,2241221680.0,腾讯日K/前复权日K,2026-08-07T20:33:10+08:00,20260926T093659
159915,创业板ETF易方达,SZSE,2022-04-26,2.103,2.15,2.083,2.086,2.103,2.15,2.083,2.086,1.0,1020151700.0,2151858224.0,腾讯日K/前复权日K,2026-08-07T20:33:10+08:00,20260926T093659
159915,创业板ETF易方达,SZSE,2022-04-27,2.066,2.2,2.057,2.2,2.066,2.2,2.057,2.2,1.0,1365175100.0,2893832000.0,腾讯日K/前复权日K,2026-08-07T20:33:10+08:00,20260926T093659
159915,创业板ETF易方达,SZSE,2022-04-28,2.172,2.194,2.138,2.158,2.172,2.194,2.138,2.158,1.0,778832300.0,1683688128.0,腾讯日K/前复权日K,2026-08-07T20:33:10+08:00,20260926T093659
159915,创业板ETF易方达,SZSE,2022-04-29,2.166,2.25,2.152,2.244,2.166,2.25,2.152,2.244,1.0,838179900.0,1849314400.0,腾讯日K/前复权日K,2026-08-07T20:33:10+08:00,20260926T093659
159915,创业板ETF易方达,SZSE,2022-05-05,2.2,2.244,2.174,2.212,2.2,2.244,2.174,2.212,1.0,765492400.0,1693006832.0,腾讯日K/前复权日K,2026-08-07T20:33:10+08:00,20260926T093659
159915,创业板ETF易方达,SZSE,2022-05-06,2.16,2.203,2.148,2.177,2.16,2.203,2.148,2.177,1.0,733627000.0,1598495152.0,腾讯日K/前复权日K,2026-08-07T20:33:10+08:00,20260926T093659
159915,创业板ETF易方达,SZSE,2022-05-09,2.165,2.194,2.145,2.162,2.165,2.194,2.145,2.162,1.0,327422100.0,709048112.0,腾讯日K/前复权日K,2026-08-07T20:33:10+08:00,20260926T093659
159915,创业板ETF易方达,SZSE,2022-05-10,2.136,2.217,2.121,2.204,2.136,2.217,2.121,2.204,1.0,637878100.0,1394483024.0,腾讯日K/前复权日K,2026-08-07T20:33:10+08:00,20260926T093659
159915,创业板ETF易方达,SZSE,2022-05-11,2.206,2.323,2.203,2.272,2.206,2.323,2.203,2.272,1.0,1284483100.0,2927962880.0,腾讯日K/前复权日K,2026-08-07T20:33:10+08:00,20260926T093659
159915,创业板ETF易方达,SZSE,2022-05-12,2.256,2.295,2.251,2.277,2.256,2.295,2.251,2.277,1.0,611513000.0,1390418816.0,腾讯日K/前复权日K,2026-08-07T20:33:10+08:00,20260926T093659
159915,创业板ETF易方达,SZSE,2022-05-13,2.29,2.298,2.26,2.285,2.29,2.298,2.26,2.285,1.0,433217000.0,987480480.0,腾讯日K/前复权日K,2026-08-07T20:33:10+08:00,20260926T093659
159915,创业板ETF易方达,SZSE,2022-05-16,2.295,2.319,2.256,2.257,2.295,2.319,2.256,2.257,1.0,460000400.0,1048772704.0,腾讯日K/前复权日K,2026-08-07T20:33:10+08:00,20260926T093659
159915,创业板ETF易方达,SZSE,2022-05-17,2.256,2.297,2.249,2.293,2.256,2.297,2.249,2.293,1.0,340268000.0,775875472.0,腾讯日K/前复权日K,2026-08-07T20:33:10+08:00,20260926T093659
159915,创业板ETF易方达,SZSE,2022-05-18,2.291,2.31,2.277,2.29,2.291,2.31,2.277,2.29,1.0,297728000.0,682924960.0,腾讯日K/前复权日K,2026-08-07T20:33:10+08:00,20260926T093659
159915,创业板ETF易方达,SZSE,2022-05-19,2.255,2.306,2.255,2.306,2.255,2.306,2.255,2.306,1.0,394460800.0,900615504.0,腾讯日K/前复权日K,2026-08-07T20:33:10+08:00,20260926T093659
159915,创业板ETF易方达,SZSE,2022-05-20,2.317,2.352,2.31,2.347,2.317,2.352,2.31,2.347,1.0,384367500.0,896931088.0,腾讯日K/前复权日K,2026-08-07T20:33:10+08:00,20260926T093659
159915,创业板ETF易方达,SZSE,2022-05-23,2.347,2.348,2.313,2.332,2.347,2.348,2.313,2.332,1.0,300704600.0,700392448.0,腾讯日K/前复权日K,2026-08-07T20:33:10+08:00,20260926T093659
159915,创业板ETF易方达,SZSE,2022-05-24,2.331,2.331,2.246,2.246,2.331,2.331,2.246,2.246,1.0,571083100.0,1301870288.0,腾讯日K/前复权日K,2026-08-07T20:33:10+08:00,20260926T093659
159915,创业板ETF易方达,SZSE,2022-05-25,2.246,2.26,2.233,2.253,2.246,2.26,2.233,2.253,1.0,445035300.0,998804928.0,腾讯日K/前复权日K,2026-08-07T20:33:10+08:00,20260926T093659
159915,创业板ETF易方达,SZSE,2022-05-26,2.254,2.271,2.212,2.249,2.254,2.271,2.212,2.249,1.0,496380200.0,1114149056.0,腾讯日K/前复权日K,2026-08-07T20:33:10+08:00,20260926T093659
159915,创业板ETF易方达,SZSE,2022-05-27,2.268,2.304,2.238,2.251,2.268,2.304,2.238,2.251,1.0,463126700.0,1052158832.0,腾讯日K/前复权日K,2026-08-07T20:33:10+08:00,20260926T093659
159915,创业板ETF易方达,SZSE,2022-05-30,2.262,2.289,2.252,2.276,2.262,2.289,2.252,2.276,1.0,359269300.0,816599728.0,腾讯日K/前复权日K,2026-08-07T20:33:10+08:00,20260926T093659
159915,创业板ETF易方达,SZSE,2022-05-31,2.276,2.338,2.251,2.334,2.276,2.338,2.251,2.334,1.0,396981500.0,913288800.0,腾讯日K/前复权日K,2026-08-07T20:33:10+08:00,20260926T093659
159915,创业板ETF易方达,SZSE,2022-06-01,2.333,2.366,2.321,2.354,2.333,2.366,2.321,2.354,1.0,413110300.0,970268944.0,腾讯日K/前复权日K,2026-08-07T20:33:10+08:00,20260926T093659
159915,创业板ETF易方达,SZSE,2022-06-02,2.341,2.389,2.336,2.386,2.341,2.389,2.336,2.386,1.0,327388400.0,777180736.0,腾讯日K/前复权日K,2026-08-07T20:33:10+08:00,20260926T093659
159915,创业板ETF易方达,SZSE,2022-06-06,2.38,2.483,2.379,2.477,2.38,2.483,2.379,2.477,1.0,465679700.0,1141794048.0,腾讯日K/前复权日K,2026-08-07T20:33:10+08:00,20260926T093659
159915,创业板ETF易方达,SZSE,2022-06-07,2.474,2.498,2.457,2.478,2.474,2.498,2.457,2.478,1.0,316063500.0,782226848.0,腾讯日K/前复权日K,2026-08-07T20:33:10+08:00,20260926T093659
159915,创业板ETF易方达,SZSE,2022-06-08,2.477,2.498,2.433,2.494,2.477,2.498,2.433,2.494,1.0,392041000.0,966851632.0,腾讯日K/前复权日K,2026-08-07T20:33:10+08:00,20260926T093659
159915,创业板ETF易方达,SZSE,2022-06-09,2.477,2.487,2.419,2.423,2.477,2.487,2.419,2.423,1.0,332064300.0,813530320.0,腾讯日K/前复权日K,2026-08-07T20:33:10+08:00,20260926T093659
159915,创业板ETF易方达,SZSE,2022-06-10,2.408,2.481,2.404,2.48,2.408,2.481,2.404,2.48,1.0,314443000.0,771162256.0,腾讯日K/前复权日K,2026-08-07T20:33:10+08:00,20260926T093659
159915,创业板ETF易方达,SZSE,2022-06-13,2.458,2.488,2.448,2.469,2.458,2.488,2.448,2.469,1.0,279982900.0,690639936.0,腾讯日K/前复权日K,2026-08-07T20:33:10+08:00,20260926T093659
159915,创业板ETF易方达,SZSE,2022-06-14,2.443,2.48,2.388,2.475,2.443,2.48,2.388,2.475,1.0,420423200.0,1020709280.0,腾讯日K/前复权日K,2026-08-07T20:33:10+08:00,20260926T093659
159915,创业板ETF易方达,SZSE,2022-06-15,2.476,2.554,2.473,2.497,2.476,2.554,2.473,2.497,1.0,504100200.0,1265062240.0,腾讯日K/前复权日K,2026-08-07T20:33:10+08:00,20260926T093659
159915,创业板ETF易方达,SZSE,2022-06-16,2.498,2.539,2.494,2.507,2.498,2.539,2.494,2.507,1.0,365609700.0,920034928.0,腾讯日K/前复权日K,2026-08-07T20:33:10+08:00,20260926T093659
159915,创业板ETF易方达,SZSE,2022-06-17,2.482,2.588,2.482,2.584,2.482,2.588,2.482,2.584,1.0,463346500.0,1181373872.0,腾讯日K/前复权日K,2026-08-07T20:33:10+08:00,20260926T093659
159915,创业板ETF易方达,SZSE,2022-06-20,2.59,2.661,2.588,2.626,2.59,2.661,2.588,2.626,1.0,434266400.0,1139676096.0,腾讯日K/前复权日K,2026-08-07T20:33:10+08:00,20260926T093659
159915,创业板ETF易方达,SZSE,2022-06-21,2.626,2.643,2.586,2.615,2.626,2.643,2.586,2.615,1.0,343337700.0,896834432.0,腾讯日K/前复权日K,2026-08-07T20:33:10+08:00,20260926T093659
159915,创业板ETF易方达,SZSE,2022-06-22,2.614,2.642,2.595,2.596,2.614,2.642,2.595,2.596,1.0,337790500.0,885373232.0,腾讯日K/前复权日K,2026-08-07T20:33:10+08:00,20260926T093659
159915,创业板ETF易方达,SZSE,2022-06-23,2.601,2.68,2.594,2.68,2.601,2.68,2.594,2.68,1.0,333311100.0,879219376.0,腾讯日K/前复权日K,2026-08-07T20:33:10+08:00,20260926T093659
159915,创业板ETF易方达,SZSE,2022-06-24,2.697,2.74,2.678,2.738,2.697,2.74,2.678,2.738,1.0,344323300.0,934975888.0,腾讯日K/前复权日K,2026-08-07T20:33:10+08:00,20260926T093659
159915,创业板ETF易方达,SZSE,2022-06-27,2.751,2.78,2.735,2.741,2.751,2.78,2.735,2.741,1.0,351170800.0,967427232.0,腾讯日K/前复权日K,2026-08-07T20:33:10+08:00,20260926T093659
159915,创业板ETF易方达,SZSE,2022-06-28,2.739,2.767,2.69,2.754,2.739,2.767,2.69,2.754,1.0,301968600.0,821994192.0,腾讯日K/前复权日K,2026-08-07T20:33:10+08:00,20260926T093659
159915,创业板ETF易方达,SZSE,2022-06-29,2.734,2.76,2.68,2.683,2.734,2.76,2.68,2.683,1.0,418819600.0,1139624736.0,腾讯日K/前复权日K,2026-08-07T20:33:10+08:00,20260926T093659
159915,创业板ETF易方达,SZSE,2022-06-30,2.689,2.751,2.689,2.73,2.689,2.751,2.689,2.73,1.0,385120200.0,1049192624.0,腾讯日K/前复权日K,2026-08-07T20:33:10+08:00,20260926T093659
159915,创业板ETF易方达,SZSE,2022-07-01,2.728,2.738,2.687,2.699,2.728,2.738,2.687,2.699,1.0,373317700.0,1012247104.0,腾讯日K/前复权日K,2026-08-07T20:33:10+08:00,20260926T093659
159915,创业板ETF易方达,SZSE,2022-07-04,2.682,2.75,2.663,2.75,2.682,2.75,2.663,2.75,1.0,422454200.0,1149825968.0,腾讯日K/前复权日K,2026-08-07T20:33:10+08:00,20260926T093659
159915,创业板ETF易方达,SZSE,2022-07-05,2.758,2.784,2.701,2.739,2.758,2.784,2.701,2.739,1.0,319075500.0,872914384.0,腾讯日K/前复权日K,2026-08-07T20:33:10+08:00,20260926T093659
159915,创业板ETF易方达,SZSE,2022-07-06,2.734,2.773,2.694,2.725,2.734,2.773,2.694,2.725,1.0,355301300.0,973782192.0,腾讯日K/前复权日K,2026-08-07T20:33:10+08:00,20260926T093659
159915,创业板ETF易方达,SZSE,2022-07-07,2.721,2.77,2.709,2.769,2.721,2.77,2.709,2.769,1.0,297701800.0,817217264.0,腾讯日K/前复权日K,2026-08-07T20:33:10+08:00,20260926T093659
159915,创业板ETF易方达,SZSE,2022-07-08,2.779,2.803,2.727,2.731,2.779,2.803,2.727,2.731,1.0,341026100.0,940906416.0,腾讯日K/前复权日K,2026-08-07T20:33:10+08:00,20260926T093659
159915,创业板ETF易方达,SZSE,2022-07-11,2.729,2.729,2.661,2.69,2.729,2.729,2.661,2.69,1.0,331205300.0,889549024.0,腾讯日K/前复权日K,2026-08-07T20:33:10+08:00,20260926T093659
159915,创业板ETF易方达,SZSE,2022-07-12,2.682,2.692,2.618,2.622,2.682,2.692,2.618,2.622,1.0,366684800.0,970727725.576,腾讯日K/前复权日K,2026-08-07T20:33:10+08:00,20260926T093659
159915,创业板ETF易方达,SZSE,2022-07-13,2.628,2.681,2.595,2.665,2.628,2.681,2.595,2.665,1.0,403435900.0,1065751082.83,腾讯日K/前复权日K,2026-08-07T20:33:10+08:00,20260926T093659
159915,创业板ETF易方达,SZSE,2022-07-14,2.653,2.758,2.649,2.735,2.653,2.758,2.649,2.735,1.0,402201800.0,1094292975.736,腾讯日K/前复权日K,2026-08-07T20:33:10+08:00,20260926T093659
159915,创业板ETF易方达,SZSE,2022-07-15,2.729,2.755,2.68,2.68,2.729,2.755,2.68,2.68,1.0,317927000.0,865852959.113,腾讯日K/前复权日K,2026-08-07T20:33:10+08:00,20260926T093659
159915,创业板ETF易方达,SZSE,2022-07-18,2.685,2.732,2.657,2.717,2.685,2.732,2.657,2.717,1.0,295954600.0,797786444.434,腾讯日K/前复权日K,2026-08-07T20:33:10+08:00,20260926T093659
159915,创业板ETF易方达,SZSE,2022-07-19,2.715,2.715,2.658,2.67,2.715,2.715,2.658,2.67,1.0,317931400.0,853331935.532,腾讯日K/前复权日K,2026-08-07T20:33:10+08:00,20260926T093659
159915,创业板ETF易方达,SZSE,2022-07-20,2.682,2.706,2.674,2.68,2.682,2.706,2.674,2.68,1.0,211530200.0,569203440.3,腾讯日K/前复权日K,2026-08-07T20:33:10+08:00,20260926T093659
159915,创业板ETF易方达,SZSE,2022-07-21,2.674,2.712,2.66,2.67,2.674,2.712,2.66,2.67,1.0,240085000.0,645789345.0,腾讯日K/前复权日K,2026-08-07T20:33:10+08:00,20260926T093659
159915,创业板ETF易方达,SZSE,2022-07-22,2.694,2.706,2.635,2.651,2.694,2.706,2.635,2.651,1.0,273100600.0,729309353.181,腾讯日K/前复权日K,2026-08-07T20:33:10+08:00,20260926T093659
159915,创业板ETF易方达,SZSE,2022-07-25,2.647,2.657,2.615,2.629,2.647,2.657,2.615,2.629,1.0,268891700.0,707531030.318,腾讯日K/前复权日K,2026-08-07T20:33:10+08:00,20260926T093659
159915,创业板ETF易方达,SZSE,2022-07-26,2.628,2.65,2.603,2.634,2.628,2.65,2.603,2.634,1.0,296400000.0,778613116.443,腾讯日K/前复权日K,2026-08-07T20:33:10+08:00,20260926T093659
159915,创业板ETF易方达,SZSE,2022-07-27,2.629,2.65,2.616,2.637,2.629,2.65,2.616,2.637,1.0,248050900.0,652824562.765,腾讯日K/前复权日K,2026-08-07T20:33:10+08:00,20260926T093659
159915,创业板ETF易方达,SZSE,2022-07-28,2.653,2.669,2.624,2.629,2.653,2.669,2.624,2.629,1.0,280331300.0,741482248.241,腾讯日K/前复权日K,2026-08-07T20:33:10+08:00,20260926T093659
159915,创业板ETF易方达,SZSE,2022-07-29,2.633,2.639,2.588,2.594,2.633,2.639,2.588,2.594,1.0,324833400.0,847751101.941,腾讯日K/前复权日K,2026-08-07T20:33:10+08:00,20260926T093659
159915,创业板ETF易方达,SZSE,2022-08-01,2.58,2.657,2.562,2.657,2.58,2.657,2.562,2.657,1.0,296645000.0,776182250.824,腾讯日K/前复权日K,2026-08-07T20:33:10+08:00,20260926T093659
159915,创业板ETF易方达,SZSE,2022-08-02,2.627,2.637,2.575,2.605,2.627,2.637,2.575,2.605,1.0,361887500.0,943589432.36,腾讯日K/前复权日K,2026-08-07T20:33:10+08:00,20260926T093659
159915,创业板ETF易方达,SZSE,2022-08-03,2.613,2.637,2.545,2.553,2.613,2.637,2.545,2.553,1.0,294159600.0,761912522.285,腾讯日K/前复权日K,2026-08-07T20:33:10+08:00,20260926T093659
159915,创业板ETF易方达,SZSE,2022-08-04,2.56,2.578,2.536,2.565,2.56,2.578,2.536,2.565,1.0,273721900.0,700218509.72,腾讯日K/前复权日K,2026-08-07T20:33:10+08:00,20260926T093659
159915,创业板ETF易方达,SZSE,2022-08-05,2.566,2.61,2.561,2.606,2.566,2.61,2.561,2.606,1.0,297501100.0,770493902.012,腾讯日K/前复权日K,2026-08-07T20:33:10+08:00,20260926T093659
159915,创业板ETF易方达,SZSE,2022-08-08,2.588,2.602,2.571,2.596,2.588,2.602,2.571,2.596,1.0,225592800.0,584360799.7,腾讯日K/前复权日K,2026-08-07T20:33:10+08:00,20260926T093659
159915,创业板ETF易方达,SZSE,2022-08-09,2.596,2.62,2.58,2.614,2.596,2.62,2.58,2.614,1.0,181719600.0,473721182.8,腾讯日K/前复权日K,2026-08-07T20:33:10+08:00,20260926T093659
159915,创业板ETF易方达,SZSE,2022-08-10,2.606,2.614,2.57,2.579,2.606,2.614,2.57,2.579,1.0,201743400.0,522628844.3,腾讯日K/前复权日K,2026-08-07T20:33:10+08:00,20260926T093659
159915,创业板ETF易方达,SZSE,2022-08-11,2.59,2.647,2.572,2.647,2.59,2.647,2.572,2.647,1.0,292071500.0,764684794.001,腾讯日K/前复权日K,2026-08-07T20:33:10+08:00,20260926T093659
159915,创业板ETF易方达,SZSE,2022-08-12,2.633,2.639,2.611,2.613,2.633,2.639,2.611,2.613,1.0,239229500.0,626906468.393,腾讯日K/前复权日K,2026-08-07T20:33:10+08:00,20260926T093659
159915,创业板ETF易方达,SZSE,2022-08-15,2.606,2.654,2.606,2.638,2.606,2.654,2.606,2.638,1.0,214185300.0,564950676.542,腾讯日K/前复权日K,2026-08-07T20:33:10+08:00,20260926T093659
159915,创业板ETF易方达,SZSE,2022-08-16,2.639,2.679,2.638,2.652,2.639,2.679,2.638,2.652,1.0,211315400.0,562021362.388,腾讯日K/前复权日K,2026-08-07T20:33:10+08:00,20260926T093659
159915,创业板ETF易方达,SZSE,2022-08-17,2.653,2.702,2.639,2.695,2.653,2.702,2.639,2.695,1.0,251215300.0,671659961.919,腾讯日K/前复权日K,2026-08-07T20:33:10+08:00,20260926T093659
159915,创业板ETF易方达,SZSE,2022-08-18,2.687,2.713,2.682,2.693,2.687,2.713,2.682,2.693,1.0,194603900.0,525084893.15,腾讯日K/前复权日K,2026-08-07T20:33:10+08:00,20260926T093659
159915,创业板ETF易方达,SZSE,2022-08-19,2.693,2.698,2.652,2.653,2.693,2.698,2.652,2.653,1.0,192544100.0,514616519.95,腾讯日K/前复权日K,2026-08-07T20:33:10+08:00,20260926T093659
159915,创业板ETF易方达,SZSE,2022-08-22,2.65,2.701,2.634,2.699,2.65,2.701,2.634,2.699,1.0,241175600.0,645464008.882,腾讯日K/前复权日K,2026-08-07T20:33:10+08:00,20260926T093659
159915,创业板ETF易方达,SZSE,2022-08-23,2.69,2.719,2.683,2.697,2.69,2.719,2.683,2.697,1.0,204361900.0,551734915.695,腾讯日K/前复权日K,2026-08-07T20:33:10+08:00,20260926T093659
159915,创业板ETF易方达,SZSE,2022-08-24,2.714,2.721,2.597,2.6,2.714,2.721,2.597,2.6,1.0,386985200.0,1021893624.731,腾讯日K/前复权日K,2026-08-07T20:33:10+08:00,20260926T093659
159915,创业板ETF易方达,SZSE,2022-08-25,2.604,2.615,2.558,2.59,2.604,2.615,2.558,2.59,1.0,254645300.0,657182670.848,腾讯日K/前复权日K,2026-08-07T20:33:10+08:00,20260926T093659
159915,创业板ETF易方达,SZSE,2022-08-26,2.581,2.598,2.556,2.566,2.581,2.598,2.556,2.566,1.0,227227100.0,585540538.999,腾讯日K/前复权日K,2026-08-07T20:33:10+08:00,20260926T093659
159915,创业板ETF易方达,SZSE,2022-08-29,2.541,2.564,2.525,2.553,2.541,2.564,2.525,2.553,1.0,227397300.0,579746547.3,腾讯日K/前复权日K,2026-08-07T20:33:10+08:00,20260926T093659
159915,创业板ETF易方达,SZSE,2022-08-30,2.551,2.555,2.52,2.538,2.551,2.555,2.52,2.538,1.0,221382600.0,561430724.026,腾讯日K/前复权日K,2026-08-07T20:33:10+08:00,20260926T093659
159915,创业板ETF易方达,SZSE,2022-08-31,2.525,2.537,2.474,2.491,2.525,2.537,2.474,2.491,1.0,329722200.0,825005583.262,腾讯日K/前复权日K,2026-08-07T20:33:10+08:00,20260926T093659
159915,创业板ETF易方达,SZSE,2022-09-01,2.487,2.508,2.457,2.463,2.487,2.508,2.457,2.463,1.0,294973900.0,732782105.919,腾讯日K/前复权日K,2026-08-07T20:33:10+08:00,20260926T093659
159915,创业板ETF易方达,SZSE,2022-09-02,2.466,2.48,2.443,2.461,2.466,2.48,2.443,2.461,1.0,349020500.0,858991298.185,腾讯日K/前复权日K,2026-08-07T20:33:10+08:00,20260926T093659
159915,创业板ETF易方达,SZSE,2022-09-05,2.454,2.479,2.445,2.467,2.454,2.479,2.445,2.467,1.0,299676600.0,736895176.3,腾讯日K/前复权日K,2026-08-07T20:33:10+08:00,20260926T093659
159915,创业板ETF易方达,SZSE,2022-09-06,2.466,2.47,2.42,2.468,2.466,2.47,2.42,2.468,1.0,466526800.0,1142575774.757,腾讯日K/前复权日K,2026-08-07T20:33:10+08:00,20260926T093659
159915,创业板ETF易方达,SZSE,2022-09-07,2.45,2.509,2.443,2.493,2.45,2.509,2.443,2.493,1.0,385939500.0,959508458.597,腾讯日K/前复权日K,2026-08-07T20:33:10+08:00,20260926T093659
159915,创业板ETF易方达,SZSE,2022-09-08,2.494,2.496,2.445,2.448,2.494,2.496,2.445,2.448,1.0,344796900.0,850822848.67,腾讯日K/前复权日K,2026-08-07T20:33:10+08:00,20260926T093659
159915,创业板ETF易方达,SZSE,2022-09-09,2.453,2.477,2.449,2.476,2.453,2.477,2.449,2.476,1.0,269631100.0,664274323.265,腾讯日K/前复权日K,2026-08-07T20:33:10+08:00,20260926T093659
159915,创业板ETF易方达,SZSE,2022-09-13,2.485,2.494,2.46,2.475,2.485,2.494,2.46,2.475,1.0,203552600.0,503964408.823,腾讯日K/前复权日K,2026-08-07T20:33:10+08:00,20260926T093659
159915,创业板ETF易方达,SZSE,2022-09-14,2.445,2.454,2.415,2.431,2.445,2.454,2.415,2.431,1.0,270649500.0,659194896.455,腾讯日K/前复权日K,2026-08-07T20:33:10+08:00,20260926T093659
159915,创业板ETF易方达,SZSE,2022-09-15,2.431,2.438,2.336,2.349,2.431,2.438,2.336,2.349,1.0,455643400.0,1083976788.256,腾讯日K/前复权日K,2026-08-07T20:33:10+08:00,20260926T093659
159915,创业板ETF易方达,SZSE,2022-09-16,2.341,2.356,2.297,2.297,2.341,2.356,2.297,2.297,1.0,483345500.0,1122302443.527,腾讯日K/前复权日K,2026-08-07T20:33:10+08:00,20260926T093659
159915,创业板ETF易方达,SZSE,2022-09-19,2.292,2.318,2.27,2.285,2.292,2.318,2.27,2.285,1.0,399160700.0,915197463.826,腾讯日K/前复权日K,2026-08-07T20:33:10+08:00,20260926T093659
159915,创业板ETF易方达,SZSE,2022-09-20,2.295,2.327,2.285,2.297,2.295,2.327,2.285,2.297,1.0,360217200.0,830485845.316,腾讯日K/前复权日K,2026-08-07T20:33:10+08:00,20260926T093659
159915,创业板ETF易方达,SZSE,2022-09-21,2.284,2.289,2.256,2.265,2.284,2.289,2.256,2.265,1.0,521184300.0,1181944144.214,腾讯日K/前复权日K,2026-08-07T20:33:10+08:00,20260926T093659
159915,创业板ETF易方达,SZSE,2022-09-22,2.25,2.28,2.236,2.252,2.25,2.28,2.236,2.252,1.0,367289000.0,828818164.838,腾讯日K/前复权日K,2026-08-07T20:33:10+08:00,20260926T093659
159915,创业板ETF易方达,SZSE,2022-09-23,2.245,2.268,2.209,2.239,2.245,2.268,2.209,2.239,1.0,531741700.0,1189493313.755,腾讯日K/前复权日K,2026-08-07T20:33:10+08:00,20260926T093659
159915,创业板ETF易方达,SZSE,2022-09-26,2.226,2.288,2.22,2.253,2.226,2.288,2.22,2.253,1.0,528003000.0,1194645335.225,腾讯日K/前复权日K,2026-08-07T20:33:10+08:00,20260926T093659
159915,创业板ETF易方达,SZSE,2022-09-27,2.258,2.306,2.258,2.306,2.258,2.306,2.258,2.306,1.0,478844400.0,1091035686.312,腾讯日K/前复权日K,2026-08-07T20:33:10+08:00,20260926T093659
159915,创业板ETF易方达,SZSE,2022-09-28,2.294,2.3,2.248,2.249,2.294,2.3,2.248,2.249,1.0,464720000.0,1052922691.876,腾讯日K/前复权日K,2026-08-07T20:33:10+08:00,20260926T093659
159915,创业板ETF易方达,SZSE,2022-09-29,2.269,2.288,2.251,2.267,2.269,2.288,2.251,2.267,1.0,407569300.0,925354891.107,腾讯日K/前复权日K,2026-08-07T20:33:10+08:00,20260926T093659
159915,创业板ETF易方达,SZSE,2022-09-30,2.259,2.276,2.219,2.221,2.259,2.276,2.219,2.221,1.0,437156400.0,982234933.625,腾讯日K/前复权日K,2026-08-07T20:33:10+08:00,20260926T093659
159915,创业板ETF易方达,SZSE,2022-10-10,2.219,2.232,2.166,2.166,2.219,2.232,2.166,2.166,1.0,417162700.0,915088738.969,腾讯日K/前复权日K,2026-08-07T20:33:10+08:00,20260926T093659
159915,创业板ETF易方达,SZSE,2022-10-11,2.183,2.206,2.176,2.192,2.183,2.206,2.176,2.192,1.0,394014200.0,863598840.147,腾讯日K/前复权日K,2026-08-07T20:33:10+08:00,20260926T093659
159915,创业板ETF易方达,SZSE,2022-10-12,2.191,2.275,2.169,2.274,2.191,2.275,2.169,2.274,1.0,739273000.0,1644065087.782,腾讯日K/前复权日K,2026-08-07T20:33:10+08:00,20260926T093659
159915,创业板ETF易方达,SZSE,2022-10-13,2.255,2.305,2.252,2.282,2.255,2.305,2.252,2.282,1.0,596260800.0,1363147675.051,腾讯日K/前复权日K,2026-08-07T20:33:10+08:00,20260926T093659
159915,创业板ETF易方达,SZSE,2022-10-14,2.315,2.38,2.297,2.365,2.315,2.38,2.297,2.365,1.0,667116000.0,1559025000.992,腾讯日K/前复权日K,2026-08-07T20:33:10+08:00,20260926T093659
159915,创业板ETF易方达,SZSE,2022-10-17,2.349,2.375,2.333,2.362,2.349,2.375,2.333,2.362,1.0,389871500.0,918318759.833,腾讯日K/前复权日K,2026-08-07T20:33:10+08:00,20260926T093659
159915,创业板ETF易方达,SZSE,2022-10-18,2.38,2.397,2.355,2.373,2.38,2.397,2.355,2.373,1.0,450961200.0,1071043942.248,腾讯日K/前复权日K,2026-08-07T20:33:10+08:00,20260926T093659
159915,创业板ETF易方达,SZSE,2022-10-19,2.366,2.39,2.351,2.355,2.366,2.39,2.351,2.355,1.0,402415000.0,953362760.865,腾讯日K/前复权日K,2026-08-07T20:33:10+08:00,20260926T093659
159915,创业板ETF易方达,SZSE,2022-10-20,2.34,2.375,2.296,2.337,2.34,2.375,2.296,2.337,1.0,667018700.0,1556557603.982,腾讯日K/前复权日K,2026-08-07T20:33:10+08:00,20260926T093659
159915,创业板ETF易方达,SZSE,2022-10-21,2.337,2.342,2.31,2.321,2.337,2.342,2.31,2.321,1.0,442915300.0,1030042923.653,腾讯日K/前复权日K,2026-08-07T20:33:10+08:00,20260926T093659
159915,创业板ETF易方达,SZSE,2022-10-24,2.323,2.348,2.253,2.266,2.323,2.348,2.253,2.266,1.0,771540800.0,1771918160.558,腾讯日K/前复权日K,2026-08-07T20:33:10+08:00,20260926T093659
159915,创业板ETF易方达,SZSE,2022-10-25,2.252,2.279,2.214,2.241,2.252,2.279,2.214,2.241,1.0,666103100.0,1496709732.86,腾讯日K/前复权日K,2026-08-07T20:33:10+08:00,20260926T093659
159915,创业板ETF易方达,SZSE,2022-10-26,2.251,2.329,2.251,2.302,2.251,2.329,2.251,2.302,1.0,671957900.0,1543143214.042,腾讯日K/前复权日K,2026-08-07T20:33:10+08:00,20260926T093659
159915,创业板ETF易方达,SZSE,2022-10-27,2.319,2.32,2.265,2.265,2.319,2.32,2.265,2.265,1.0,530354000.0,1214527194.908,腾讯日K/前复权日K,2026-08-07T20:33:10+08:00,20260926T093659
159915,创业板ETF易方达,SZSE,2022-10-28,2.247,2.259,2.179,2.187,2.247,2.259,2.179,2.187,1.0,732198600.0,1625576082.75,腾讯日K/前复权日K,2026-08-07T20:33:10+08:00,20260926T093659
159915,创业板ETF易方达,SZSE,2022-10-31,2.166,2.231,2.164,2.202,2.166,2.231,2.164,2.202,1.0,682884200.0,1503479168.0,腾讯日K/前复权日K,2026-08-07T20:33:10+08:00,20260926T093659
159915,创业板ETF易方达,SZSE,2022-11-01,2.208,2.275,2.186,2.275,2.208,2.275,2.186,2.275,1.0,762556900.0,1699347630.528,腾讯日K/前复权日K,2026-08-07T20:33:10+08:00,20260926T093659
159915,创业板ETF易方达,SZSE,2022-11-02,2.261,2.325,2.256,2.305,2.261,2.325,2.256,2.305,1.0,721461500.0,1655586782.96,腾讯日K/前复权日K,2026-08-07T20:33:10+08:00,20260926T093659
159915,创业板ETF易方达,SZSE,2022-11-03,2.283,2.316,2.283,2.309,2.283,2.316,2.283,2.309,1.0,629229200.0,1449665101.399,腾讯日K/前复权日K,2026-08-07T20:33:10+08:00,20260926T093659
159915,创业板ETF易方达,SZSE,2022-11-04,2.307,2.394,2.304,2.383,2.307,2.394,2.304,2.383,1.0,686859900.0,1620339902.752,腾讯日K/前复权日K,2026-08-07T20:33:10+08:00,20260926T093659
159915,创业板ETF易方达,SZSE,2022-11-07,2.372,2.4,2.36,2.379,2.372,2.4,2.36,2.379,1.0,543151500.0,1292475454.68,腾讯日K/前复权日K,2026-08-07T20:33:10+08:00,20260926T093659
159915,创业板ETF易方达,SZSE,2022-11-08,2.379,2.386,2.341,2.363,2.379,2.386,2.341,2.363,1.0,492218900.0,1162296853.3,腾讯日K/前复权日K,2026-08-07T20:33:10+08:00,20260926T093659
159915,创业板ETF易方达,SZSE,2022-11-09,2.356,2.362,2.326,2.326,2.356,2.362,2.326,2.326,1.0,508981000.0,1190843693.673,腾讯日K/前复权日K,2026-08-07T20:33:10+08:00,20260926T093659
159915,创业板ETF易方达,SZSE,2022-11-10,2.313,2.321,2.276,2.288,2.313,2.321,2.276,2.288,1.0,738973200.0,1697717814.617,腾讯日K/前复权日K,2026-08-07T20:33:10+08:00,20260926T093659
159915,创业板ETF易方达,SZSE,2022-11-11,2.4,2.4,2.33,2.33,2.4,2.4,2.33,2.33,1.0,1030188100.0,2423406667.954,腾讯日K/前复权日K,2026-08-07T20:33:10+08:00,20260926T093659
159915,创业板ETF易方达,SZSE,2022-11-14,2.333,2.345,2.296,2.302,2.333,2.345,2.296,2.302,1.0,573687100.0,1332197394.816,腾讯日K/前复权日K,2026-08-07T20:33:10+08:00,20260926T093659
159915,创业板ETF易方达,SZSE,2022-11-15,2.297,2.362,2.287,2.361,2.297,2.362,2.287,2.361,1.0,690063900.0,1607887432.137,腾讯日K/前复权日K,2026-08-07T20:33:10+08:00,20260926T093659
159915,创业板ETF易方达,SZSE,2022-11-16,2.359,2.372,2.327,2.33,2.359,2.372,2.327,2.33,1.0,566352600.0,1328655949.747,腾讯日K/前复权日K,2026-08-07T20:33:10+08:00,20260926T093659
159915,创业板ETF易方达,SZSE,2022-11-17,2.322,2.322,2.281,2.316,2.322,2.322,2.281,2.316,1.0,629681600.0,1446037619.756,腾讯日K/前复权日K,2026-08-07T20:33:10+08:00,20260926T093659
159915,创业板ETF易方达,SZSE,2022-11-18,2.317,2.348,2.312,2.315,2.317,2.348,2.312,2.315,1.0,743979900.0,1733414577.115,腾讯日K/前复权日K,2026-08-07T20:33:10+08:00,20260926T093659
159915,创业板ETF易方达,SZSE,2022-11-21,2.298,2.32,2.291,2.319,2.298,2.32,2.291,2.319,1.0,381540600.0,879699281.743,腾讯日K/前复权日K,2026-08-07T20:33:10+08:00,20260926T093659
159915,创业板ETF易方达,SZSE,2022-11-22,2.312,2.316,2.263,2.273,2.312,2.316,2.263,2.273,1.0,598290300.0,1368854747.347,腾讯日K/前复权日K,2026-08-07T20:33:10+08:00,20260926T093659
159915,创业板ETF易方达,SZSE,2022-11-23,2.269,2.288,2.233,2.269,2.269,2.288,2.233,2.269,1.0,582687300.0,1317378800.065,腾讯日K/前复权日K,2026-08-07T20:33:10+08:00,20260926T093659
159915,创业板ETF易方达,SZSE,2022-11-24,2.276,2.289,2.262,2.264,2.276,2.289,2.262,2.264,1.0,317976500.0,723242428.332,腾讯日K/前复权日K,2026-08-07T20:33:10+08:00,20260926T093659
159915,创业板ETF易方达,SZSE,2022-11-25,2.261,2.261,2.238,2.242,2.261,2.261,2.238,2.242,1.0,340945900.0,766181308.201,腾讯日K/前复权日K,2026-08-07T20:33:10+08:00,20260926T093659
159915,创业板ETF易方达,SZSE,2022-11-28,2.203,2.235,2.197,2.233,2.203,2.235,2.197,2.233,1.0,487088600.0,1077709960.108,腾讯日K/前复权日K,2026-08-07T20:33:10+08:00,20260926T093659
159915,创业板ETF易方达,SZSE,2022-11-29,2.233,2.28,2.228,2.268,2.233,2.28,2.228,2.268,1.0,647587900.0,1462123786.67,腾讯日K/前复权日K,2026-08-07T20:33:10+08:00,20260926T093659
159915,创业板ETF易方达,SZSE,2022-11-30,2.266,2.277,2.255,2.265,2.266,2.277,2.255,2.265,1.0,444986600.0,1007896822.454,腾讯日K/前复权日K,2026-08-07T20:33:10+08:00,20260926T093659
159915,创业板ETF易方达,SZSE,2022-12-01,2.312,2.332,2.308,2.311,2.312,2.332,2.308,2.311,1.0,620519700.0,1439503784.333,腾讯日K/前复权日K,2026-08-07T20:33:10+08:00,20260926T093659
159915,创业板ETF易方达,SZSE,2022-12-02,2.31,2.339,2.302,2.316,2.31,2.339,2.302,2.316,1.0,438405500.0,1018348442.807,腾讯日K/前复权日K,2026-08-07T20:33:10+08:00,20260926T093659
159915,创业板ETF易方达,SZSE,2022-12-05,2.327,2.334,2.298,2.313,2.327,2.334,2.298,2.313,1.0,761532500.0,1758129142.18,腾讯日K/前复权日K,2026-08-07T20:33:10+08:00,20260926T093659
159915,创业板ETF易方达,SZSE,2022-12-06,2.301,2.346,2.299,2.319,2.301,2.346,2.299,2.319,1.0,493991600.0,1147772470.181,腾讯日K/前复权日K,2026-08-07T20:33:10+08:00,20260926T093659
159915,创业板ETF易方达,SZSE,2022-12-07,2.311,2.359,2.308,2.343,2.311,2.359,2.308,2.343,1.0,745058200.0,1744170477.012,腾讯日K/前复权日K,2026-08-07T20:33:10+08:00,20260926T093659
159915,创业板ETF易方达,SZSE,2022-12-08,2.337,2.351,2.326,2.338,2.337,2.351,2.326,2.338,1.0,304336600.0,711782390.406,腾讯日K/前复权日K,2026-08-07T20:33:10+08:00,20260926T093659
159915,创业板ETF易方达,SZSE,2022-12-09,2.337,2.353,2.323,2.348,2.337,2.353,2.323,2.348,1.0,358337200.0,837521119.938,腾讯日K/前复权日K,2026-08-07T20:33:10+08:00,20260926T093659
159915,创业板ETF易方达,SZSE,2022-12-12,2.342,2.348,2.33,2.333,2.342,2.348,2.33,2.333,1.0,388162300.0,907490954.931,腾讯日K/前复权日K,2026-08-07T20:33:10+08:00,20260926T093659
159915,创业板ETF易方达,SZSE,2022-12-13,2.334,2.336,2.303,2.305,2.334,2.336,2.303,2.305,1.0,362350400.0,838699628.185,腾讯日K/前复权日K,2026-08-07T20:33:10+08:00,20260926T093659
159915,创业板ETF易方达,SZSE,2022-12-14,2.309,2.32,2.293,2.299,2.309,2.32,2.293,2.299,1.0,333566200.0,768091406.907,腾讯日K/前复权日K,2026-08-07T20:33:10+08:00,20260926T093659
159915,创业板ETF易方达,SZSE,2022-12-15,2.299,2.33,2.295,2.326,2.299,2.33,2.295,2.326,1.0,435106200.0,1005896265.262,腾讯日K/前复权日K,2026-08-07T20:33:10+08:00,20260926T093659
159915,创业板ETF易方达,SZSE,2022-12-16,2.312,2.319,2.291,2.298,2.312,2.319,2.291,2.298,1.0,396639000.0,913544785.517,腾讯日K/前复权日K,2026-08-07T20:33:10+08:00,20260926T093659
159915,创业板ETF易方达,SZSE,2022-12-19,2.304,2.317,2.267,2.274,2.304,2.317,2.267,2.274,1.0,447690400.0,1025543893.537,腾讯日K/前复权日K,2026-08-07T20:33:10+08:00,20260926T093659
159915,创业板ETF易方达,SZSE,2022-12-20,2.27,2.271,2.242,2.243,2.27,2.271,2.242,2.243,1.0,408480800.0,920756610.852,腾讯日K/前复权日K,2026-08-07T20:33:10+08:00,20260926T093659
159915,创业板ETF易方达,SZSE,2022-12-21,2.244,2.253,2.225,2.24,2.244,2.253,2.225,2.24,1.0,339057800.0,759300920.38,腾讯日K/前复权日K,2026-08-07T20:33:10+08:00,20260926T093659
159915,创业板ETF易方达,SZSE,2022-12-22,2.249,2.259,2.221,2.235,2.249,2.259,2.221,2.235,1.0,406770300.0,911848117.834,腾讯日K/前复权日K,2026-08-07T20:33:10+08:00,20260926T093659
159915,创业板ETF易方达,SZSE,2022-12-23,2.216,2.236,2.207,2.222,2.216,2.236,2.207,2.222,1.0,436246900.0,969067962.9,腾讯日K/前复权日K,2026-08-07T20:33:10+08:00,20260926T093659
159915,创业板ETF易方达,SZSE,2022-12-26,2.224,2.265,2.222,2.262,2.224,2.265,2.222,2.262,1.0,571469500.0,1287210409.448,腾讯日K/前复权日K,2026-08-07T20:33:10+08:00,20260926T093659
159915,创业板ETF易方达,SZSE,2022-12-27,2.268,2.295,2.256,2.293,2.268,2.295,2.256,2.293,1.0,565056000.0,1286940340.401,腾讯日K/前复权日K,2026-08-07T20:33:10+08:00,20260926T093659
159915,创业板ETF易方达,SZSE,2022-12-28,2.278,2.281,2.257,2.267,2.278,2.281,2.257,2.267,1.0,426917300.0,968584394.205,腾讯日K/前复权日K,2026-08-07T20:33:10+08:00,20260926T093659
159915,创业板ETF易方达,SZSE,2022-12-29,2.255,2.295,2.252,2.277,2.255,2.295,2.252,2.277,1.0,439087800.0,1001296980.452,腾讯日K/前复权日K,2026-08-07T20:33:10+08:00,20260926T093659
159915,创业板ETF易方达,SZSE,2022-12-30,2.287,2.298,2.278,2.279,2.287,2.298,2.278,2.279,1.0,380227700.0,869409610.896,腾讯日K/前复权日K,2026-08-07T20:33:10+08:00,20260926T093659
159915,创业板ETF易方达,SZSE,2023-01-03,2.267,2.293,2.246,2.289,2.267,2.293,2.246,2.289,1.0,415435000.0,943665756.348,腾讯日K/前复权日K,2026-08-07T20:33:10+08:00,20260926T093659
159915,创业板ETF易方达,SZSE,2023-01-04,2.28,2.283,2.255,2.267,2.28,2.283,2.255,2.267,1.0,364283200.0,827058629.22,腾讯日K/前复权日K,2026-08-07T20:33:10+08:00,20260926T093659
159915,创业板ETF易方达,SZSE,2023-01-05,2.276,2.334,2.274,2.33,2.276,2.334,2.274,2.33,1.0,660398900.0,1524537065.585,腾讯日K/前复权日K,2026-08-07T20:33:10+08:00,20260926T093659
159915,创业板ETF易方达,SZSE,2023-01-06,2.321,2.368,2.315,2.35,2.321,2.368,2.315,2.35,1.0,496565400.0,1164821538.86,腾讯日K/前复权日K,2026-08-07T20:33:10+08:00,20260926T093659
159915,创业板ETF易方达,SZSE,2023-01-09,2.361,2.382,2.356,2.365,2.361,2.382,2.356,2.365,1.0,319507300.0,756781803.999,腾讯日K/前复权日K,2026-08-07T20:33:10+08:00,20260926T093659
159915,创业板ETF易方达,SZSE,2023-01-10,2.365,2.406,2.36,2.401,2.365,2.406,2.36,2.401,1.0,376398300.0,898088948.698,腾讯日K/前复权日K,2026-08-07T20:33:10+08:00,20260926T093659
159915,创业板ETF易方达,SZSE,2023-01-11,2.401,2.409,2.369,2.374,2.401,2.409,2.369,2.374,1.0,292322700.0,698040665.78,腾讯日K/前复权日K,2026-08-07T20:33:10+08:00,20260926T093659
159915,创业板ETF易方达,SZSE,2023-01-12,2.383,2.404,2.375,2.382,2.383,2.404,2.375,2.382,1.0,347597300.0,829707689.34,腾讯日K/前复权日K,2026-08-07T20:33:10+08:00,20260926T093659
159915,创业板ETF易方达,SZSE,2023-01-13,2.397,2.417,2.388,2.417,2.397,2.417,2.388,2.417,1.0,379220200.0,909951500.141,腾讯日K/前复权日K,2026-08-07T20:33:10+08:00,20260926T093659
159915,创业板ETF易方达,SZSE,2023-01-16,2.421,2.492,2.417,2.462,2.421,2.492,2.417,2.462,1.0,515887300.0,1269926087.484,腾讯日K/前复权日K,2026-08-07T20:33:10+08:00,20260926T093659
159915,创业板ETF易方达,SZSE,2023-01-17,2.465,2.483,2.46,2.47,2.465,2.483,2.46,2.47,1.0,246206500.0,608463040.288,腾讯日K/前复权日K,2026-08-07T20:33:10+08:00,20260926T093659
159915,创业板ETF易方达,SZSE,2023-01-18,2.479,2.482,2.457,2.468,2.479,2.482,2.457,2.468,1.0,264109400.0,652164937.4,腾讯日K/前复权日K,2026-08-07T20:33:10+08:00,20260926T093659
159915,创业板ETF易方达,SZSE,2023-01-19,2.465,2.498,2.454,2.496,2.465,2.498,2.454,2.496,1.0,301661800.0,748630145.911,腾讯日K/前复权日K,2026-08-07T20:33:10+08:00,20260926T093659
159915,创业板ETF易方达,SZSE,2023-01-20,2.505,2.518,2.495,2.507,2.505,2.518,2.495,2.507,1.0,400846000.0,1004660329.568,腾讯日K/前复权日K,2026-08-07T20:33:10+08:00,20260926T093659
159915,创业板ETF易方达,SZSE,2023-01-30,2.577,2.579,2.532,2.533,2.577,2.579,2.532,2.533,1.0,568397700.0,1450511413.592,腾讯日K/前复权日K,2026-08-07T20:33:10+08:00,20260926T093659
159915,创业板ETF易方达,SZSE,2023-01-31,2.533,2.543,2.497,2.507,2.533,2.543,2.497,2.507,1.0,374504800.0,943675151.217,腾讯日K/前复权日K,2026-08-07T20:33:10+08:00,20260926T093659
159915,创业板ETF易方达,SZSE,2023-02-01,2.516,2.538,2.495,2.537,2.516,2.538,2.495,2.537,1.0,463857100.0,1167804023.758,腾讯日K/前复权日K,2026-08-07T20:33:10+08:00,20260926T093659
159915,创业板ETF易方达,SZSE,2023-02-02,2.544,2.554,2.519,2.524,2.544,2.554,2.519,2.524,1.0,311955400.0,791120816.775,腾讯日K/前复权日K,2026-08-07T20:33:10+08:00,20260926T093659
159915,创业板ETF易方达,SZSE,2023-02-03,2.515,2.527,2.475,2.5,2.515,2.527,2.475,2.5,1.0,463221000.0,1158328375.601,腾讯日K/前复权日K,2026-08-07T20:33:10+08:00,20260926T093659
159915,创业板ETF易方达,SZSE,2023-02-06,2.486,2.486,2.449,2.468,2.486,2.486,2.449,2.468,1.0,424024200.0,1045613922.704,腾讯日K/前复权日K,2026-08-07T20:33:10+08:00,20260926T093659
159915,创业板ETF易方达,SZSE,2023-02-07,2.474,2.482,2.445,2.461,2.474,2.482,2.445,2.461,1.0,396782500.0,976604426.133,腾讯日K/前复权日K,2026-08-07T20:33:10+08:00,20260926T093659
159915,创业板ETF易方达,SZSE,2023-02-08,2.466,2.475,2.445,2.447,2.466,2.475,2.445,2.447,1.0,392946900.0,966329485.284,腾讯日K/前复权日K,2026-08-07T20:33:10+08:00,20260926T093659
159915,创业板ETF易方达,SZSE,2023-02-09,2.444,2.496,2.44,2.493,2.444,2.496,2.44,2.493,1.0,473029400.0,1172120589.556,腾讯日K/前复权日K,2026-08-07T20:33:10+08:00,20260926T093659
159915,创业板ETF易方达,SZSE,2023-02-10,2.493,2.494,2.455,2.465,2.493,2.494,2.455,2.465,1.0,426409800.0,1054102719.203,腾讯日K/前复权日K,2026-08-07T20:33:10+08:00,20260926T093659
159915,创业板ETF易方达,SZSE,2023-02-13,2.463,2.502,2.463,2.495,2.463,2.502,2.463,2.495,1.0,400301100.0,995868214.878,腾讯日K/前复权日K,2026-08-07T20:33:10+08:00,20260926T093659
159915,创业板ETF易方达,SZSE,2023-02-14,2.502,2.508,2.475,2.49,2.502,2.508,2.475,2.49,1.0,270949800.0,673563677.11,腾讯日K/前复权日K,2026-08-07T20:33:10+08:00,20260926T093659
159915,创业板ETF易方达,SZSE,2023-02-15,2.488,2.498,2.466,2.468,2.488,2.498,2.466,2.468,1.0,275920400.0,682666614.98,腾讯日K/前复权日K,2026-08-07T20:33:10+08:00,20260926T093659
159915,创业板ETF易方达,SZSE,2023-02-16,2.473,2.491,2.422,2.436,2.473,2.491,2.422,2.436,1.0,440439400.0,1083733097.476,腾讯日K/前复权日K,2026-08-07T20:33:10+08:00,20260926T093659
159915,创业板ETF易方达,SZSE,2023-02-17,2.433,2.439,2.375,2.378,2.433,2.439,2.375,2.378,1.0,594946800.0,1429280289.727,腾讯日K/前复权日K,2026-08-07T20:33:10+08:00,20260926T093659
159915,创业板ETF易方达,SZSE,2023-02-20,2.372,2.409,2.353,2.403,2.372,2.409,2.353,2.403,1.0,533366000.0,1269505061.414,腾讯日K/前复权日K,2026-08-07T20:33:10+08:00,20260926T093659
159915,创业板ETF易方达,SZSE,2023-02-21,2.401,2.407,2.378,2.395,2.401,2.407,2.378,2.395,1.0,378099800.0,905100097.7,腾讯日K/前复权日K,2026-08-07T20:33:10+08:00,20260926T093659
159915,创业板ETF易方达,SZSE,2023-02-22,2.385,2.399,2.372,2.377,2.385,2.399,2.372,2.377,1.0,342061600.0,815119185.33,腾讯日K/前复权日K,2026-08-07T20:33:10+08:00,20260926T093659
159915,创业板ETF易方达,SZSE,2023-02-23,2.379,2.398,2.374,2.385,2.379,2.398,2.374,2.385,1.0,384925700.0,918343003.602,腾讯日K/前复权日K,2026-08-07T20:33:10+08:00,20260926T093659
159915,创业板ETF易方达,SZSE,2023-02-24,2.388,2.39,2.354,2.357,2.388,2.39,2.354,2.357,1.0,493528800.0,1167374629.836,腾讯日K/前复权日K,2026-08-07T20:33:10+08:00,20260926T093659
159915,创业板ETF易方达,SZSE,2023-02-27,2.347,2.362,2.333,2.34,2.347,2.362,2.333,2.34,1.0,505281300.0,1183931502.392,腾讯日K/前复权日K,2026-08-07T20:33:10+08:00,20260926T093659
159915,创业板ETF易方达,SZSE,2023-02-28,2.35,2.362,2.334,2.359,2.35,2.362,2.334,2.359,1.0,476687900.0,1120630125.193,腾讯日K/前复权日K,2026-08-07T20:33:10+08:00,20260926T093659
159915,创业板ETF易方达,SZSE,2023-03-01,2.358,2.378,2.344,2.372,2.358,2.378,2.344,2.372,1.0,641239800.0,1515000132.132,腾讯日K/前复权日K,2026-08-07T20:33:10+08:00,20260926T093659
159915,创业板ETF易方达,SZSE,2023-03-02,2.368,2.371,2.341,2.347,2.368,2.371,2.341,2.347,1.0,504645300.0,1187932735.936,腾讯日K/前复权日K,2026-08-07T20:33:10+08:00,20260926T093659
159915,创业板ETF易方达,SZSE,2023-03-03,2.353,2.362,2.332,2.352,2.353,2.362,2.332,2.352,1.0,563211600.0,1323371045.211,腾讯日K/前复权日K,2026-08-07T20:33:10+08:00,20260926T093659
159915,创业板ETF易方达,SZSE,2023-03-06,2.356,2.365,2.32,2.361,2.356,2.365,2.32,2.361,1.0,773804800.0,1815382144.734,腾讯日K/前复权日K,2026-08-07T20:33:10+08:00,20260926T093659
159915,创业板ETF易方达,SZSE,2023-03-07,2.354,2.359,2.311,2.312,2.354,2.359,2.311,2.312,1.0,895696400.0,2091310410.946,腾讯日K/前复权日K,2026-08-07T20:33:10+08:00,20260926T093659
159915,创业板ETF易方达,SZSE,2023-03-08,2.303,2.319,2.296,2.308,2.303,2.319,2.296,2.308,1.0,761173600.0,1754539003.433,腾讯日K/前复权日K,2026-08-07T20:33:10+08:00,20260926T093659
159915,创业板ETF易方达,SZSE,2023-03-09,2.309,2.316,2.296,2.303,2.309,2.316,2.296,2.303,1.0,694805100.0,1602665742.41,腾讯日K/前复权日K,2026-08-07T20:33:10+08:00,20260926T093659
159915,创业板ETF易方达,SZSE,2023-03-10,2.295,2.318,2.284,2.3,2.295,2.318,2.284,2.3,1.0,992963000.0,2284813245.1,腾讯日K/前复权日K,2026-08-07T20:33:10+08:00,20260926T093659
159915,创业板ETF易方达,SZSE,2023-03-13,2.295,2.306,2.276,2.287,2.295,2.306,2.276,2.287,1.0,1019590000.0,2333097120.399,腾讯日K/前复权日K,2026-08-07T20:33:10+08:00,20260926T093659
159915,创业板ETF易方达,SZSE,2023-03-14,2.285,2.287,2.238,2.276,2.285,2.287,2.238,2.276,1.0,1167430100.0,2646251583.758,腾讯日K/前复权日K,2026-08-07T20:33:10+08:00,20260926T093659
159915,创业板ETF易方达,SZSE,2023-03-15,2.285,2.303,2.266,2.268,2.285,2.303,2.266,2.268,1.0,1018744000.0,2327203774.176,腾讯日K/前复权日K,2026-08-07T20:33:10+08:00,20260926T093659
159915,创业板ETF易方达,SZSE,2023-03-16,2.257,2.265,2.23,2.233,2.257,2.265,2.23,2.233,1.0,1283576500.0,2884549879.575,腾讯日K/前复权日K,2026-08-07T20:33:10+08:00,20260926T093659
159915,创业板ETF易方达,SZSE,2023-03-17,2.248,2.252,2.221,2.228,2.248,2.252,2.221,2.228,1.0,1648031400.0,3685846849.535,腾讯日K/前复权日K,2026-08-07T20:33:10+08:00,20260926T093659
159915,创业板ETF易方达,SZSE,2023-03-20,2.229,2.25,2.213,2.226,2.229,2.25,2.213,2.226,1.0,1592100900.0,3546732507.992,腾讯日K/前复权日K,2026-08-07T20:33:10+08:00,20260926T093659
159915,创业板ETF易方达,SZSE,2023-03-21,2.233,2.266,2.232,2.265,2.233,2.266,2.232,2.265,1.0,1625921000.0,3658666378.204,腾讯日K/前复权日K,2026-08-07T20:33:10+08:00,20260926T093659
159915,创业板ETF易方达,SZSE,2023-03-22,2.27,2.286,2.26,2.27,2.27,2.286,2.26,2.27,1.0,1437067100.0,3267475374.119,腾讯日K/前复权日K,2026-08-07T20:33:10+08:00,20260926T093659
159915,创业板ETF易方达,SZSE,2023-03-23,2.262,2.288,2.259,2.288,2.262,2.288,2.259,2.288,1.0,862697000.0,1965791419.49,腾讯日K/前复权日K,2026-08-07T20:33:10+08:00,20260926T093659
159915,创业板ETF易方达,SZSE,2023-03-24,2.292,2.3,2.282,2.297,2.292,2.3,2.282,2.297,1.0,848559400.0,1946226679.717,腾讯日K/前复权日K,2026-08-07T20:33:10+08:00,20260926T093659
159915,创业板ETF易方达,SZSE,2023-03-27,2.293,2.325,2.29,2.323,2.293,2.325,2.29,2.323,1.0,1204912400.0,2786917097.533,腾讯日K/前复权日K,2026-08-07T20:33:10+08:00,20260926T093659
159915,创业板ETF易方达,SZSE,2023-03-28,2.322,2.322,2.293,2.298,2.322,2.322,2.293,2.298,1.0,617310900.0,1422968347.472,腾讯日K/前复权日K,2026-08-07T20:33:10+08:00,20260926T093659
159915,创业板ETF易方达,SZSE,2023-03-29,2.3,2.309,2.294,2.297,2.3,2.309,2.294,2.297,1.0,558502700.0,1286214706.707,腾讯日K/前复权日K,2026-08-07T20:33:10+08:00,20260926T093659
159915,创业板ETF易方达,SZSE,2023-03-30,2.3,2.313,2.29,2.313,2.3,2.313,2.29,2.313,1.0,565199500.0,1301419790.113,腾讯日K/前复权日K,2026-08-07T20:33:10+08:00,20260926T093659
159915,创业板ETF易方达,SZSE,2023-03-31,2.321,2.328,2.314,2.327,2.321,2.328,2.314,2.327,1.0,680843500.0,1580918255.262,腾讯日K/前复权日K,2026-08-07T20:33:10+08:00,20260926T093659
159915,创业板ETF易方达,SZSE,2023-04-03,2.327,2.37,2.327,2.366,2.327,2.37,2.327,2.366,1.0,1109615300.0,2608463108.322,腾讯日K/前复权日K,2026-08-07T20:33:10+08:00,20260926T093659
159915,创业板ETF易方达,SZSE,2023-04-04,2.366,2.367,2.336,2.35,2.366,2.367,2.336,2.35,1.0,776431400.0,1822002563.154,腾讯日K/前复权日K,2026-08-07T20:33:10+08:00,20260926T093659
159915,创业板ETF易方达,SZSE,2023-04-06,2.334,2.355,2.331,2.354,2.334,2.355,2.331,2.354,1.0,548706900.0,1285376423.21,腾讯日K/前复权日K,2026-08-07T20:33:10+08:00,20260926T093659
159915,创业板ETF易方达,SZSE,2023-04-07,2.351,2.38,2.347,2.369,2.351,2.38,2.347,2.369,1.0,568429100.0,1346645921.39,腾讯日K/前复权日K,2026-08-07T20:33:10+08:00,20260926T093659
159915,创业板ETF易方达,SZSE,2023-04-10,2.379,2.385,2.358,2.368,2.379,2.385,2.358,2.368,1.0,826441000.0,1960483425.724,腾讯日K/前复权日K,2026-08-07T20:33:10+08:00,20260926T093659
159915,创业板ETF易方达,SZSE,2023-04-11,2.367,2.386,2.351,2.362,2.367,2.386,2.351,2.362,1.0,505805400.0,1197323525.615,腾讯日K/前复权日K,2026-08-07T20:33:10+08:00,20260926T093659
159915,创业板ETF易方达,SZSE,2023-04-12,2.364,2.364,2.342,2.353,2.364,2.364,2.342,2.353,1.0,535620900.0,1259523938.32,腾讯日K/前复权日K,2026-08-07T20:33:10+08:00,20260926T093659
159915,创业板ETF易方达,SZSE,2023-04-13,2.345,2.352,2.332,2.332,2.345,2.352,2.332,2.332,1.0,441531600.0,1033292670.392,腾讯日K/前复权日K,2026-08-07T20:33:10+08:00,20260926T093659
159915,创业板ETF易方达,SZSE,2023-04-14,2.342,2.356,2.336,2.355,2.342,2.356,2.336,2.355,1.0,533887200.0,1254207925.494,腾讯日K/前复权日K,2026-08-07T20:33:10+08:00,20260926T093659
159915,创业板ETF易方达,SZSE,2023-04-17,2.354,2.366,2.348,2.364,2.354,2.366,2.348,2.364,1.0,422975200.0,997150264.8,腾讯日K/前复权日K,2026-08-07T20:33:10+08:00,20260926T093659
159915,创业板ETF易方达,SZSE,2023-04-18,2.362,2.372,2.35,2.354,2.362,2.372,2.35,2.354,1.0,468656000.0,1105884332.189,腾讯日K/前复权日K,2026-08-07T20:33:10+08:00,20260926T093659
159915,创业板ETF易方达,SZSE,2023-04-19,2.356,2.356,2.338,2.339,2.356,2.356,2.338,2.339,1.0,309091300.0,724993726.414,腾讯日K/前复权日K,2026-08-07T20:33:10+08:00,20260926T093659
159915,创业板ETF易方达,SZSE,2023-04-20,2.337,2.338,2.304,2.314,2.337,2.338,2.304,2.314,1.0,543487400.0,1259885382.868,腾讯日K/前复权日K,2026-08-07T20:33:10+08:00,20260926T093659
159915,创业板ETF易方达,SZSE,2023-04-21,2.318,2.326,2.268,2.269,2.318,2.326,2.268,2.269,1.0,691772600.0,1587990018.845,腾讯日K/前复权日K,2026-08-07T20:33:10+08:00,20260926T093659
159915,创业板ETF易方达,SZSE,2023-04-24,2.267,2.269,2.22,2.234,2.267,2.269,2.22,2.234,1.0,729423700.0,1633647557.757,腾讯日K/前复权日K,2026-08-07T20:33:10+08:00,20260926T093659
159915,创业板ETF易方达,SZSE,2023-04-25,2.236,2.241,2.178,2.193,2.236,2.241,2.178,2.193,1.0,1360845200.0,2993352612.481,腾讯日K/前复权日K,2026-08-07T20:33:10+08:00,20260926T093659
159915,创业板ETF易方达,SZSE,2023-04-26,2.187,2.238,2.184,2.226,2.187,2.238,2.184,2.226,1.0,1108303700.0,2461077825.159,腾讯日K/前复权日K,2026-08-07T20:33:10+08:00,20260926T093659
159915,创业板ETF易方达,SZSE,2023-04-27,2.219,2.247,2.215,2.24,2.219,2.247,2.215,2.24,1.0,459020800.0,1025641028.228,腾讯日K/前复权日K,2026-08-07T20:33:10+08:00,20260926T093659
159915,创业板ETF易方达,SZSE,2023-04-28,2.247,2.26,2.236,2.255,2.247,2.26,2.236,2.255,1.0,413314600.0,929424455.635,腾讯日K/前复权日K,2026-08-07T20:33:10+08:00,20260926T093659
159915,创业板ETF易方达,SZSE,2023-05-04,2.253,2.253,2.224,2.23,2.253,2.253,2.224,2.23,1.0,384567000.0,858954724.27,腾讯日K/前复权日K,2026-08-07T20:33:10+08:00,20260926T093659
159915,创业板ETF易方达,SZSE,2023-05-05,2.228,2.23,2.194,2.202,2.228,2.23,2.194,2.202,1.0,525795100.0,1161401101.16,腾讯日K/前复权日K,2026-08-07T20:33:10+08:00,20260926T093659
159915,创业板ETF易方达,SZSE,2023-05-08,2.21,2.214,2.188,2.213,2.21,2.214,2.188,2.213,1.0,776158100.0,1709956981.041,腾讯日K/前复权日K,2026-08-07T20:33:10+08:00,20260926T093659
159915,创业板ETF易方达,SZSE,2023-05-09,2.209,2.211,2.179,2.18,2.209,2.211,2.179,2.18,1.0,808962900.0,1776822707.692,腾讯日K/前复权日K,2026-08-07T20:33:10+08:00,20260926T093659
159915,创业板ETF易方达,SZSE,2023-05-10,2.176,2.21,2.166,2.199,2.176,2.21,2.166,2.199,1.0,1177438100.0,2574160725.628,腾讯日K/前复权日K,2026-08-07T20:33:10+08:00,20260926T093659
159915,创业板ETF易方达,SZSE,2023-05-11,2.201,2.229,2.2,2.211,2.201,2.229,2.2,2.211,1.0,831426900.0,1841293786.245,腾讯日K/前复权日K,2026-08-07T20:33:10+08:00,20260926T093659
159915,创业板ETF易方达,SZSE,2023-05-12,2.211,2.22,2.185,2.185,2.211,2.22,2.185,2.185,1.0,598689300.0,1317692906.827,腾讯日K/前复权日K,2026-08-07T20:33:10+08:00,20260926T093659
159915,创业板ETF易方达,SZSE,2023-05-15,2.192,2.235,2.19,2.234,2.192,2.235,2.19,2.234,1.0,691640300.0,1532618072.966,腾讯日K/前复权日K,2026-08-07T20:33:10+08:00,20260926T093659
159915,创业板ETF易方达,SZSE,2023-05-16,2.242,2.244,2.222,2.228,2.242,2.244,2.222,2.228,1.0,625001000.0,1395160843.55,腾讯日K/前复权日K,2026-08-07T20:33:10+08:00,20260926T093659
159915,创业板ETF易方达,SZSE,2023-05-17,2.23,2.236,2.217,2.229,2.23,2.236,2.217,2.229,1.0,622135300.0,1384597411.611,腾讯日K/前复权日K,2026-08-07T20:33:10+08:00,20260926T093659
159915,创业板ETF易方达,SZSE,2023-05-18,2.233,2.237,2.198,2.215,2.233,2.237,2.198,2.215,1.0,767041900.0,1699666378.098,腾讯日K/前复权日K,2026-08-07T20:33:10+08:00,20260926T093659
159915,创业板ETF易方达,SZSE,2023-05-19,2.212,2.229,2.206,2.215,2.212,2.229,2.206,2.215,1.0,447228300.0,991730762.438,腾讯日K/前复权日K,2026-08-07T20:33:10+08:00,20260926T093659
159915,创业板ETF易方达,SZSE,2023-05-22,2.216,2.227,2.201,2.214,2.216,2.227,2.201,2.214,1.0,517290300.0,1144617725.1,腾讯日K/前复权日K,2026-08-07T20:33:10+08:00,20260926T093659
159915,创业板ETF易方达,SZSE,2023-05-23,2.216,2.218,2.186,2.187,2.216,2.218,2.186,2.187,1.0,693364400.0,1527019908.604,腾讯日K/前复权日K,2026-08-07T20:33:10+08:00,20260926T093659
159915,创业板ETF易方达,SZSE,2023-05-24,2.181,2.204,2.175,2.183,2.181,2.204,2.175,2.183,1.0,739504700.0,1618149752.086,腾讯日K/前复权日K,2026-08-07T20:33:10+08:00,20260926T093659
159915,创业板ETF易方达,SZSE,2023-05-25,2.179,2.194,2.166,2.184,2.179,2.194,2.166,2.184,1.0,812696700.0,1770841547.728,腾讯日K/前复权日K,2026-08-07T20:33:10+08:00,20260926T093659
159915,创业板ETF易方达,SZSE,2023-05-26,2.183,2.183,2.153,2.167,2.183,2.183,2.153,2.167,1.0,918184100.0,1990154129.266,腾讯日K/前复权日K,2026-08-07T20:33:10+08:00,20260926T093659
159915,创业板ETF易方达,SZSE,2023-05-29,2.171,2.177,2.136,2.143,2.171,2.177,2.136,2.143,1.0,712522500.0,1531858751.801,腾讯日K/前复权日K,2026-08-07T20:33:10+08:00,20260926T093659
159915,创业板ETF易方达,SZSE,2023-05-30,2.139,2.157,2.12,2.155,2.139,2.157,2.12,2.155,1.0,724969300.0,1552001556.974,腾讯日K/前复权日K,2026-08-07T20:33:10+08:00,20260926T093659
159915,创业板ETF易方达,SZSE,2023-05-31,2.149,2.153,2.125,2.131,2.149,2.153,2.125,2.131,1.0,849879500.0,1815634532.653,腾讯日K/前复权日K,2026-08-07T20:33:10+08:00,20260926T093659
159915,创业板ETF易方达,SZSE,2023-06-01,2.133,2.163,2.127,2.148,2.133,2.163,2.127,2.148,1.0,882644900.0,1899353699.709,腾讯日K/前复权日K,2026-08-07T20:33:10+08:00,20260926T093659
159915,创业板ETF易方达,SZSE,2023-06-02,2.156,2.179,2.152,2.175,2.156,2.179,2.152,2.175,1.0,787976900.0,1708637641.611,腾讯日K/前复权日K,2026-08-07T20:33:10+08:00,20260926T093659
159915,创业板ETF易方达,SZSE,2023-06-05,2.173,2.173,2.138,2.143,2.173,2.173,2.138,2.143,1.0,867213800.0,1861880058.649,腾讯日K/前复权日K,2026-08-07T20:33:10+08:00,20260926T093659
159915,创业板ETF易方达,SZSE,2023-06-06,2.14,2.141,2.102,2.106,2.14,2.141,2.102,2.106,1.0,901203200.0,1912088170.629,腾讯日K/前复权日K,2026-08-07T20:33:10+08:00,20260926T093659
159915,创业板ETF易方达,SZSE,2023-06-07,2.105,2.106,2.069,2.075,2.105,2.106,2.069,2.075,1.0,935942900.0,1949152965.977,腾讯日K/前复权日K,2026-08-07T20:33:10+08:00,20260926T093659
159915,创业板ETF易方达,SZSE,2023-06-08,2.075,2.083,2.064,2.071,2.075,2.083,2.064,2.071,1.0,936815200.0,1941993647.294,腾讯日K/前复权日K,2026-08-07T20:33:10+08:00,20260926T093659
159915,创业板ETF易方达,SZSE,2023-06-09,2.073,2.086,2.064,2.086,2.073,2.086,2.064,2.086,1.0,874565900.0,1814523637.904,腾讯日K/前复权日K,2026-08-07T20:33:10+08:00,20260926T093659
159915,创业板ETF易方达,SZSE,2023-06-12,2.08,2.106,2.076,2.095,2.08,2.106,2.076,2.095,1.0,759590800.0,1588662807.187,腾讯日K/前复权日K,2026-08-07T20:33:10+08:00,20260926T093659
159915,创业板ETF易方达,SZSE,2023-06-13,2.093,2.113,2.09,2.111,2.093,2.113,2.09,2.111,1.0,705803400.0,1485189091.473,腾讯日K/前复权日K,2026-08-07T20:33:10+08:00,20260926T093659
159915,创业板ETF易方达,SZSE,2023-06-14,2.115,2.121,2.106,2.106,2.115,2.121,2.106,2.106,1.0,682406000.0,1441646659.143,腾讯日K/前复权日K,2026-08-07T20:33:10+08:00,20260926T093659
159915,创业板ETF易方达,SZSE,2023-06-15,2.114,2.18,2.114,2.179,2.114,2.18,2.114,2.179,1.0,1894513900.0,4072250914.331,腾讯日K/前复权日K,2026-08-07T20:33:10+08:00,20260926T093659
159915,创业板ETF易方达,SZSE,2023-06-16,2.185,2.215,2.178,2.208,2.185,2.215,2.178,2.208,1.0,1071432300.0,2354504582.919,腾讯日K/前复权日K,2026-08-07T20:33:10+08:00,20260926T093659
159915,创业板ETF易方达,SZSE,2023-06-19,2.211,2.219,2.201,2.207,2.211,2.219,2.201,2.207,1.0,736784300.0,1627002667.741,腾讯日K/前复权日K,2026-08-07T20:33:10+08:00,20260926T093659
159915,创业板ETF易方达,SZSE,2023-06-20,2.203,2.22,2.199,2.21,2.203,2.22,2.199,2.21,1.0,579583100.0,1280742117.803,腾讯日K/前复权日K,2026-08-07T20:33:10+08:00,20260926T093659
159915,创业板ETF易方达,SZSE,2023-06-21,2.206,2.208,2.155,2.156,2.206,2.208,2.155,2.156,1.0,717516600.0,1563223806.373,腾讯日K/前复权日K,2026-08-07T20:33:10+08:00,20260926T093659
159915,创业板ETF易方达,SZSE,2023-06-26,2.14,2.158,2.118,2.133,2.14,2.158,2.118,2.133,1.0,692530200.0,1478758273.7,腾讯日K/前复权日K,2026-08-07T20:33:10+08:00,20260926T093659
159915,创业板ETF易方达,SZSE,2023-06-27,2.133,2.151,2.124,2.138,2.133,2.151,2.124,2.138,1.0,595913600.0,1273123146.83,腾讯日K/前复权日K,2026-08-07T20:33:10+08:00,20260926T093659
159915,创业板ETF易方达,SZSE,2023-06-28,2.134,2.135,2.107,2.126,2.134,2.135,2.107,2.126,1.0,646705700.0,1373018915.509,腾讯日K/前复权日K,2026-08-07T20:33:10+08:00,20260926T093659
159915,创业板ETF易方达,SZSE,2023-06-29,2.121,2.139,2.121,2.129,2.121,2.139,2.121,2.129,1.0,377461400.0,804433119.411,腾讯日K/前复权日K,2026-08-07T20:33:10+08:00,20260926T093659
159915,创业板ETF易方达,SZSE,2023-06-30,2.126,2.174,2.118,2.164,2.126,2.174,2.118,2.164,1.0,1009143600.0,2177900541.632,腾讯日K/前复权日K,2026-08-07T20:33:10+08:00,20260926T093659
159915,创业板ETF易方达,SZSE,2023-07-03,2.168,2.185,2.16,2.171,2.168,2.185,2.16,2.171,1.0,558298500.0,1213190974.763,腾讯日K/前复权日K,2026-08-07T20:33:10+08:00,20260926T093659
159915,创业板ETF易方达,SZSE,2023-07-04,2.169,2.178,2.161,2.174,2.169,2.178,2.161,2.174,1.0,430654300.0,934176287.662,腾讯日K/前复权日K,2026-08-07T20:33:10+08:00,20260926T093659
159915,创业板ETF易方达,SZSE,2023-07-05,2.176,2.182,2.152,2.156,2.176,2.182,2.152,2.156,1.0,397849000.0,861355843.8,腾讯日K/前复权日K,2026-08-07T20:33:10+08:00,20260926T093659
159915,创业板ETF易方达,SZSE,2023-07-06,2.15,2.163,2.133,2.137,2.15,2.163,2.133,2.137,1.0,597872400.0,1281170745.728,腾讯日K/前复权日K,2026-08-07T20:33:10+08:00,20260926T093659
159915,创业板ETF易方达,SZSE,2023-07-07,2.13,2.132,2.116,2.118,2.13,2.132,2.116,2.118,1.0,474277900.0,1006764646.903,腾讯日K/前复权日K,2026-08-07T20:33:10+08:00,20260926T093659
159915,创业板ETF易方达,SZSE,2023-07-10,2.127,2.158,2.126,2.145,2.127,2.158,2.126,2.145,1.0,582323500.0,1248499024.991,腾讯日K/前复权日K,2026-08-07T20:33:10+08:00,20260926T093659
159915,创业板ETF易方达,SZSE,2023-07-11,2.147,2.162,2.138,2.161,2.147,2.162,2.138,2.161,1.0,370678900.0,797744814.985,腾讯日K/前复权日K,2026-08-07T20:33:10+08:00,20260926T093659
159915,创业板ETF易方达,SZSE,2023-07-12,2.162,2.163,2.138,2.139,2.162,2.163,2.138,2.139,1.0,435312800.0,935868566.201,腾讯日K/前复权日K,2026-08-07T20:33:10+08:00,20260926T093659
159915,创业板ETF易方达,SZSE,2023-07-13,2.151,2.182,2.151,2.182,2.151,2.182,2.151,2.182,1.0,634178000.0,1378630702.278,腾讯日K/前复权日K,2026-08-07T20:33:10+08:00,20260926T093659
159915,创业板ETF易方达,SZSE,2023-07-14,2.184,2.187,2.167,2.169,2.184,2.187,2.167,2.169,1.0,519181800.0,1128574320.219,腾讯日K/前复权日K,2026-08-07T20:33:10+08:00,20260926T093659
159915,创业板ETF易方达,SZSE,2023-07-17,2.163,2.164,2.142,2.152,2.163,2.164,2.142,2.152,1.0,364269800.0,783461345.012,腾讯日K/前复权日K,2026-08-07T20:33:10+08:00,20260926T093659
159915,创业板ETF易方达,SZSE,2023-07-18,2.155,2.159,2.143,2.147,2.155,2.159,2.143,2.147,1.0,446288900.0,958560160.478,腾讯日K/前复权日K,2026-08-07T20:33:10+08:00,20260926T093659
159915,创业板ETF易方达,SZSE,2023-07-19,2.145,2.148,2.117,2.125,2.145,2.148,2.117,2.125,1.0,679578100.0,1445979320.509,腾讯日K/前复权日K,2026-08-07T20:33:10+08:00,20260926T093659
159915,创业板ETF易方达,SZSE,2023-07-20,2.129,2.145,2.098,2.103,2.129,2.145,2.098,2.103,1.0,853623500.0,1811813284.511,腾讯日K/前复权日K,2026-08-07T20:33:10+08:00,20260926T093659
159915,创业板ETF易方达,SZSE,2023-07-21,2.1,2.123,2.097,2.11,2.1,2.123,2.097,2.11,1.0,537540300.0,1134454100.044,腾讯日K/前复权日K,2026-08-07T20:33:10+08:00,20260926T093659
159915,创业板ETF易方达,SZSE,2023-07-24,2.1,2.114,2.088,2.09,2.1,2.114,2.088,2.09,1.0,624225000.0,1308892789.909,腾讯日K/前复权日K,2026-08-07T20:33:10+08:00,20260926T093659
159915,创业板ETF易方达,SZSE,2023-07-25,2.123,2.14,2.113,2.136,2.123,2.14,2.113,2.136,1.0,934957500.0,1988807314.884,腾讯日K/前复权日K,2026-08-07T20:33:10+08:00,20260926T093659
159915,创业板ETF易方达,SZSE,2023-07-26,2.13,2.138,2.125,2.135,2.13,2.138,2.125,2.135,1.0,683781700.0,1458159714.989,腾讯日K/前复权日K,2026-08-07T20:33:10+08:00,20260926T093659
159915,创业板ETF易方达,SZSE,2023-07-27,2.14,2.15,2.125,2.129,2.14,2.15,2.125,2.129,1.0,494127500.0,1056226088.934,腾讯日K/前复权日K,2026-08-07T20:33:10+08:00,20260926T093659
159915,创业板ETF易方达,SZSE,2023-07-28,2.12,2.169,2.117,2.163,2.12,2.169,2.117,2.163,1.0,936686500.0,2013407724.616,腾讯日K/前复权日K,2026-08-07T20:33:10+08:00,20260926T093659
159915,创业板ETF易方达,SZSE,2023-07-31,2.172,2.199,2.172,2.182,2.172,2.199,2.172,2.182,1.0,660965300.0,1445212383.63,腾讯日K/前复权日K,2026-08-07T20:33:10+08:00,20260926T093659
159915,创业板ETF易方达,SZSE,2023-08-01,2.18,2.192,2.161,2.168,2.18,2.192,2.161,2.168,1.0,486446000.0,1058105268.735,腾讯日K/前复权日K,2026-08-07T20:33:10+08:00,20260926T093659
159915,创业板ETF易方达,SZSE,2023-08-02,2.166,2.177,2.158,2.164,2.166,2.177,2.158,2.164,1.0,406098600.0,879593774.671,腾讯日K/前复权日K,2026-08-07T20:33:10+08:00,20260926T093659
159915,创业板ETF易方达,SZSE,2023-08-03,2.158,2.187,2.158,2.187,2.158,2.187,2.158,2.187,1.0,445575300.0,969634983.313,腾讯日K/前复权日K,2026-08-07T20:33:10+08:00,20260926T093659
159915,创业板ETF易方达,SZSE,2023-08-04,2.21,2.225,2.19,2.204,2.21,2.225,2.19,2.204,1.0,886747500.0,1959096598.609,腾讯日K/前复权日K,2026-08-07T20:33:10+08:00,20260926T093659
159915,创业板ETF易方达,SZSE,2023-08-07,2.198,2.201,2.179,2.185,2.198,2.201,2.179,2.185,1.0,595173900.0,1301999178.47,腾讯日K/前复权日K,2026-08-07T20:33:10+08:00,20260926T093659
159915,创业板ETF易方达,SZSE,2023-08-08,2.183,2.19,2.171,2.177,2.183,2.19,2.171,2.177,1.0,526421700.0,1147757817.04,腾讯日K/前复权日K,2026-08-07T20:33:10+08:00,20260926T093659
159915,创业板ETF易方达,SZSE,2023-08-09,2.17,2.185,2.169,2.174,2.17,2.185,2.169,2.174,1.0,411631200.0,895238678.783,腾讯日K/前复权日K,2026-08-07T20:33:10+08:00,20260926T093659
159915,创业板ETF易方达,SZSE,2023-08-10,2.173,2.186,2.165,2.184,2.173,2.186,2.165,2.184,1.0,473737600.0,1031790344.633,腾讯日K/前复权日K,2026-08-07T20:33:10+08:00,20260926T093659
159915,创业板ETF易方达,SZSE,2023-08-11,2.187,2.187,2.129,2.129,2.187,2.187,2.129,2.129,1.0,702368700.0,1512087615.606,腾讯日K/前复权日K,2026-08-07T20:33:10+08:00,20260926T093659
159915,创业板ETF易方达,SZSE,2023-08-14,2.112,2.115,2.087,2.113,2.112,2.115,2.087,2.113,1.0,765851700.0,1610654412.627,腾讯日K/前复权日K,2026-08-07T20:33:10+08:00,20260926T093659
159915,创业板ETF易方达,SZSE,2023-08-15,2.112,2.116,2.078,2.096,2.112,2.116,2.078,2.096,1.0,641605900.0,1342676080.731,腾讯日K/前复权日K,2026-08-07T20:33:10+08:00,20260926T093659
159915,创业板ETF易方达,SZSE,2023-08-16,2.085,2.102,2.08,2.082,2.085,2.102,2.08,2.082,1.0,467058000.0,976619953.045,腾讯日K/前复权日K,2026-08-07T20:33:10+08:00,20260926T093659
159915,创业板ETF易方达,SZSE,2023-08-17,2.078,2.099,2.061,2.094,2.078,2.099,2.061,2.094,1.0,756313100.0,1574016215.566,腾讯日K/前复权日K,2026-08-07T20:33:10+08:00,20260926T093659
159915,创业板ETF易方达,SZSE,2023-08-18,2.09,2.101,2.064,2.065,2.09,2.101,2.064,2.065,1.0,622647500.0,1297043878.266,腾讯日K/前复权日K,2026-08-07T20:33:10+08:00,20260926T093659
159915,创业板ETF易方达,SZSE,2023-08-21,2.061,2.061,2.033,2.035,2.061,2.061,2.033,2.035,1.0,687195000.0,1407292362.424,腾讯日K/前复权日K,2026-08-07T20:33:10+08:00,20260926T093659
159915,创业板ETF易方达,SZSE,2023-08-22,2.043,2.05,1.998,2.038,2.043,2.05,1.998,2.038,1.0,1146018600.0,2319842201.515,腾讯日K/前复权日K,2026-08-07T20:33:10+08:00,20260926T093659
159915,创业板ETF易方达,SZSE,2023-08-23,2.023,2.028,1.984,1.987,2.023,2.028,1.984,1.987,1.0,905667400.0,1816410148.755,腾讯日K/前复权日K,2026-08-07T20:33:10+08:00,20260926T093659
159915,创业板ETF易方达,SZSE,2023-08-24,1.995,2.031,1.99,2.014,1.995,2.031,1.99,2.014,1.0,991409800.0,1994099514.06,腾讯日K/前复权日K,2026-08-07T20:33:10+08:00,20260926T093659
159915,创业板ETF易方达,SZSE,2023-08-25,2.0,2.007,1.982,1.991,2.0,2.007,1.982,1.991,1.0,682777100.0,1362246860.638,腾讯日K/前复权日K,2026-08-07T20:33:10+08:00,20260926T093659
159915,创业板ETF易方达,SZSE,2023-08-28,2.136,2.136,2.003,2.01,2.136,2.136,2.003,2.01,1.0,1312341800.0,2700032793.544,腾讯日K/前复权日K,2026-08-07T20:33:10+08:00,20260926T093659
159915,创业板ETF易方达,SZSE,2023-08-29,2.002,2.08,2.0,2.067,2.002,2.08,2.0,2.067,1.0,1096027900.0,2248179739.882,腾讯日K/前复权日K,2026-08-07T20:33:10+08:00,20260926T093659
159915,创业板ETF易方达,SZSE,2023-08-30,2.064,2.088,2.057,2.066,2.064,2.088,2.057,2.066,1.0,658646700.0,1364718724.19,腾讯日K/前复权日K,2026-08-07T20:33:10+08:00,20260926T093659
159915,创业板ETF易方达,SZSE,2023-08-31,2.062,2.064,2.048,2.052,2.062,2.064,2.048,2.052,1.0,409895900.0,842366261.501,腾讯日K/前复权日K,2026-08-07T20:33:10+08:00,20260926T093659
159915,创业板ETF易方达,SZSE,2023-09-01,2.058,2.068,2.04,2.049,2.058,2.068,2.04,2.049,1.0,388520500.0,797102947.698,腾讯日K/前复权日K,2026-08-07T20:33:10+08:00,20260926T093659
159915,创业板ETF易方达,SZSE,2023-09-04,2.058,2.069,2.038,2.067,2.058,2.069,2.038,2.067,1.0,679968100.0,1398673132.026,腾讯日K/前复权日K,2026-08-07T20:33:10+08:00,20260926T093659
159915,创业板ETF易方达,SZSE,2023-09-05,2.06,2.069,2.055,2.057,2.06,2.069,2.055,2.057,1.0,435085200.0,896796269.804,腾讯日K/前复权日K,2026-08-07T20:33:10+08:00,20260926T093659
159915,创业板ETF易方达,SZSE,2023-09-06,2.05,2.053,2.037,2.049,2.05,2.053,2.037,2.049,1.0,448124300.0,916192384.969,腾讯日K/前复权日K,2026-08-07T20:33:10+08:00,20260926T093659
159915,创业板ETF易方达,SZSE,2023-09-07,2.043,2.043,2.003,2.003,2.043,2.043,2.003,2.003,1.0,625392600.0,1262214404.272,腾讯日K/前复权日K,2026-08-07T20:33:10+08:00,20260926T093659
159915,创业板ETF易方达,SZSE,2023-09-08,2.0,2.005,1.987,1.998,2.0,2.005,1.987,1.998,1.0,469066900.0,936024551.608,腾讯日K/前复权日K,2026-08-07T20:33:10+08:00,20260926T093659
159915,创业板ETF易方达,SZSE,2023-09-11,2.0,2.025,1.99,2.011,2.0,2.025,1.99,2.011,1.0,584037900.0,1172438835.229,腾讯日K/前复权日K,2026-08-07T20:33:10+08:00,20260926T093659
159915,创业板ETF易方达,SZSE,2023-09-12,2.007,2.012,1.997,1.998,2.007,2.012,1.997,1.998,1.0,426593800.0,854262967.943,腾讯日K/前复权日K,2026-08-07T20:33:10+08:00,20260926T093659
159915,创业板ETF易方达,SZSE,2023-09-13,1.995,2.002,1.964,1.974,1.995,2.002,1.964,1.974,1.0,734514100.0,1453391113.1,腾讯日K/前复权日K,2026-08-07T20:33:10+08:00,20260926T093659
159915,创业板ETF易方达,SZSE,2023-09-14,1.969,1.974,1.952,1.96,1.969,1.974,1.952,1.96,1.0,705540400.0,1383425958.49,腾讯日K/前复权日K,2026-08-07T20:33:10+08:00,20260926T093659
159915,创业板ETF易方达,SZSE,2023-09-15,1.962,1.972,1.946,1.954,1.962,1.972,1.946,1.954,1.0,896520800.0,1753078110.606,腾讯日K/前复权日K,2026-08-07T20:33:10+08:00,20260926T093659
159915,创业板ETF易方达,SZSE,2023-09-18,1.951,1.982,1.946,1.968,1.951,1.982,1.946,1.968,1.0,772908100.0,1521163681.185,腾讯日K/前复权日K,2026-08-07T20:33:10+08:00,20260926T093659
159915,创业板ETF易方达,SZSE,2023-09-19,1.966,1.967,1.945,1.952,1.966,1.967,1.945,1.952,1.0,688245200.0,1343148109.074,腾讯日K/前复权日K,2026-08-07T20:33:10+08:00,20260926T093659
159915,创业板ETF易方达,SZSE,2023-09-20,1.947,1.952,1.935,1.936,1.947,1.952,1.935,1.936,1.0,549262400.0,1066751867.356,腾讯日K/前复权日K,2026-08-07T20:33:10+08:00,20260926T093659
159915,创业板ETF易方达,SZSE,2023-09-21,1.93,1.94,1.917,1.917,1.93,1.94,1.917,1.917,1.0,559424900.0,1077187922.054,腾讯日K/前复权日K,2026-08-07T20:33:10+08:00,20260926T093659
159915,创业板ETF易方达,SZSE,2023-09-22,1.913,1.964,1.911,1.964,1.913,1.964,1.911,1.964,1.0,974501100.0,1892135675.372,腾讯日K/前复权日K,2026-08-07T20:33:10+08:00,20260926T093659
159915,创业板ETF易方达,SZSE,2023-09-25,1.955,1.963,1.949,1.953,1.955,1.963,1.949,1.953,1.0,476078200.0,930583694.729,腾讯日K/前复权日K,2026-08-07T20:33:10+08:00,20260926T093659
159915,创业板ETF易方达,SZSE,2023-09-26,1.951,1.958,1.938,1.938,1.951,1.958,1.938,1.938,1.0,454845900.0,884715811.998,腾讯日K/前复权日K,2026-08-07T20:33:10+08:00,20260926T093659
159915,创业板ETF易方达,SZSE,2023-09-27,1.935,1.977,1.935,1.956,1.935,1.977,1.935,1.956,1.0,791895300.0,1549533282.592,腾讯日K/前复权日K,2026-08-07T20:33:10+08:00,20260926T093659
159915,创业板ETF易方达,SZSE,2023-09-28,1.958,1.968,1.945,1.953,1.958,1.968,1.945,1.953,1.0,496048600.0,969167462.235,腾讯日K/前复权日K,2026-08-07T20:33:10+08:00,20260926T093659
159915,创业板ETF易方达,SZSE,2023-10-09,1.95,1.956,1.928,1.947,1.95,1.956,1.928,1.947,1.0,580112700.0,1125998596.722,腾讯日K/前复权日K,2026-08-07T20:33:10+08:00,20260926T093659
159915,创业板ETF易方达,SZSE,2023-10-10,1.954,1.962,1.936,1.938,1.954,1.962,1.936,1.938,1.0,458517800.0,893269399.65,腾讯日K/前复权日K,2026-08-07T20:33:10+08:00,20260926T093659
159915,创业板ETF易方达,SZSE,2023-10-11,1.945,1.969,1.945,1.954,1.945,1.969,1.945,1.954,1.0,578796000.0,1132965435.236,腾讯日K/前复权日K,2026-08-07T20:33:10+08:00,20260926T093659
159915,创业板ETF易方达,SZSE,2023-10-12,1.969,1.971,1.951,1.968,1.969,1.971,1.951,1.968,1.0,509939700.0,1001556845.373,腾讯日K/前复权日K,2026-08-07T20:33:10+08:00,20260926T093659
159915,创业板ETF易方达,SZSE,2023-10-13,1.954,1.956,1.936,1.945,1.954,1.956,1.936,1.945,1.0,570836200.0,1110367167.052,腾讯日K/前复权日K,2026-08-07T20:33:10+08:00,20260926T093659
159915,创业板ETF易方达,SZSE,2023-10-16,1.945,1.947,1.9,1.906,1.945,1.947,1.9,1.906,1.0,771927800.0,1479735211.777,腾讯日K/前复权日K,2026-08-07T20:33:10+08:00,20260926T093659
159915,创业板ETF易方达,SZSE,2023-10-17,1.91,1.919,1.9,1.912,1.91,1.919,1.9,1.912,1.0,415257700.0,793332533.945,腾讯日K/前复权日K,2026-08-07T20:33:10+08:00,20260926T093659
159915,创业板ETF易方达,SZSE,2023-10-18,1.906,1.906,1.885,1.887,1.906,1.906,1.885,1.887,1.0,578109800.0,1093760512.562,腾讯日K/前复权日K,2026-08-07T20:33:10+08:00,20260926T093659
159915,创业板ETF易方达,SZSE,2023-10-19,1.878,1.887,1.864,1.867,1.878,1.887,1.864,1.867,1.0,717269800.0,1345516353.388,腾讯日K/前复权日K,2026-08-07T20:33:10+08:00,20260926T093659
159915,创业板ETF易方达,SZSE,2023-10-20,1.86,1.874,1.845,1.85,1.86,1.874,1.845,1.85,1.0,734415500.0,1363194268.6,腾讯日K/前复权日K,2026-08-07T20:33:10+08:00,20260926T093659
159915,创业板ETF易方达,SZSE,2023-10-23,1.845,1.845,1.806,1.815,1.845,1.845,1.806,1.815,1.0,951548200.0,1734577390.475,腾讯日K/前复权日K,2026-08-07T20:33:10+08:00,20260926T093659
159915,创业板ETF易方达,SZSE,2023-10-24,1.818,1.842,1.812,1.832,1.818,1.842,1.812,1.832,1.0,847443400.0,1548311384.565,腾讯日K/前复权日K,2026-08-07T20:33:10+08:00,20260926T093659
159915,创业板ETF易方达,SZSE,2023-10-25,1.844,1.848,1.814,1.815,1.844,1.848,1.814,1.815,1.0,904460700.0,1655296717.16,腾讯日K/前复权日K,2026-08-07T20:33:10+08:00,20260926T093659
159915,创业板ETF易方达,SZSE,2023-10-26,1.802,1.83,1.793,1.829,1.802,1.83,1.793,1.829,1.0,846244000.0,1530249533.136,腾讯日K/前复权日K,2026-08-07T20:33:10+08:00,20260926T093659
159915,创业板ETF易方达,SZSE,2023-10-27,1.82,1.888,1.816,1.881,1.82,1.888,1.816,1.881,1.0,1323508700.0,2456974471.157,腾讯日K/前复权日K,2026-08-07T20:33:10+08:00,20260926T093659
159915,创业板ETF易方达,SZSE,2023-10-30,1.874,1.933,1.874,1.926,1.874,1.933,1.874,1.926,1.0,1482883000.0,2835314842.376,腾讯日K/前复权日K,2026-08-07T20:33:10+08:00,20260926T093659
159915,创业板ETF易方达,SZSE,2023-10-31,1.92,1.923,1.907,1.916,1.92,1.923,1.907,1.916,1.0,461418300.0,883490876.275,腾讯日K/前复权日K,2026-08-07T20:33:10+08:00,20260926T093659
159915,创业板ETF易方达,SZSE,2023-11-01,1.921,1.923,1.899,1.908,1.921,1.923,1.899,1.908,1.0,435475200.0,831878498.737,腾讯日K/前复权日K,2026-08-07T20:33:10+08:00,20260926T093659
159915,创业板ETF易方达,SZSE,2023-11-02,1.912,1.922,1.889,1.89,1.912,1.922,1.889,1.89,1.0,481502600.0,916837551.864,腾讯日K/前复权日K,2026-08-07T20:33:10+08:00,20260926T093659
159915,创业板ETF易方达,SZSE,2023-11-03,1.894,1.925,1.894,1.918,1.894,1.925,1.894,1.918,1.0,625522000.0,1196348049.99,腾讯日K/前复权日K,2026-08-07T20:33:10+08:00,20260926T093659
159915,创业板ETF易方达,SZSE,2023-11-06,1.93,1.982,1.93,1.981,1.93,1.982,1.93,1.981,1.0,1073307400.0,2108232238.048,腾讯日K/前复权日K,2026-08-07T20:33:10+08:00,20260926T093659
159915,创业板ETF易方达,SZSE,2023-11-07,1.974,1.98,1.96,1.967,1.974,1.98,1.96,1.967,1.0,694565800.0,1367621073.153,腾讯日K/前复权日K,2026-08-07T20:33:10+08:00,20260926T093659
159915,创业板ETF易方达,SZSE,2023-11-08,1.964,1.983,1.957,1.971,1.964,1.983,1.957,1.971,1.0,696777600.0,1374036921.459,腾讯日K/前复权日K,2026-08-07T20:33:10+08:00,20260926T093659
159915,创业板ETF易方达,SZSE,2023-11-09,1.968,1.983,1.961,1.967,1.968,1.983,1.961,1.967,1.0,576008600.0,1134900129.379,腾讯日K/前复权日K,2026-08-07T20:33:10+08:00,20260926T093659
159915,创业板ETF易方达,SZSE,2023-11-10,1.958,1.96,1.948,1.955,1.958,1.96,1.948,1.955,1.0,505557900.0,987856579.081,腾讯日K/前复权日K,2026-08-07T20:33:10+08:00,20260926T093659
159915,创业板ETF易方达,SZSE,2023-11-13,1.965,1.97,1.945,1.958,1.965,1.97,1.945,1.958,1.0,508384000.0,994005985.157,腾讯日K/前复权日K,2026-08-07T20:33:10+08:00,20260926T093659
159915,创业板ETF易方达,SZSE,2023-11-14,1.957,1.973,1.943,1.953,1.957,1.973,1.943,1.953,1.0,599259500.0,1173304817.079,腾讯日K/前复权日K,2026-08-07T20:33:10+08:00,20260926T093659
159915,创业板ETF易方达,SZSE,2023-11-15,1.98,1.983,1.956,1.963,1.98,1.983,1.956,1.963,1.0,651342200.0,1282823008.767,腾讯日K/前复权日K,2026-08-07T20:33:10+08:00,20260926T093659
159915,创业板ETF易方达,SZSE,2023-11-16,1.961,1.962,1.925,1.925,1.961,1.962,1.925,1.925,1.0,742839700.0,1439596749.633,腾讯日K/前复权日K,2026-08-07T20:33:10+08:00,20260926T093659
159915,创业板ETF易方达,SZSE,2023-11-17,1.92,1.935,1.918,1.934,1.92,1.935,1.918,1.934,1.0,369854300.0,713018363.956,腾讯日K/前复权日K,2026-08-07T20:33:10+08:00,20260926T093659
159915,创业板ETF易方达,SZSE,2023-11-20,1.934,1.947,1.918,1.942,1.934,1.947,1.918,1.942,1.0,602010400.0,1162760020.945,腾讯日K/前复权日K,2026-08-07T20:33:10+08:00,20260926T093659
159915,创业板ETF易方达,SZSE,2023-11-21,1.949,1.962,1.928,1.931,1.949,1.962,1.928,1.931,1.0,759957200.0,1477950379.886,腾讯日K/前复权日K,2026-08-07T20:33:10+08:00,20260926T093659
159915,创业板ETF易方达,SZSE,2023-11-22,1.923,1.93,1.899,1.899,1.923,1.93,1.899,1.899,1.0,773630000.0,1478989709.677,腾讯日K/前复权日K,2026-08-07T20:33:10+08:00,20260926T093659
159915,创业板ETF易方达,SZSE,2023-11-23,1.898,1.912,1.891,1.911,1.898,1.912,1.891,1.911,1.0,508292700.0,966151374.152,腾讯日K/前复权日K,2026-08-07T20:33:10+08:00,20260926T093659
159915,创业板ETF易方达,SZSE,2023-11-24,1.908,1.91,1.885,1.888,1.908,1.91,1.885,1.888,1.0,547588400.0,1036666689.054,腾讯日K/前复权日K,2026-08-07T20:33:10+08:00,20260926T093659
159915,创业板ETF易方达,SZSE,2023-11-27,1.883,1.886,1.868,1.878,1.883,1.886,1.868,1.878,1.0,479283600.0,898970208.26,腾讯日K/前复权日K,2026-08-07T20:33:10+08:00,20260926T093659
159915,创业板ETF易方达,SZSE,2023-11-28,1.874,1.89,1.87,1.89,1.874,1.89,1.87,1.89,1.0,404416800.0,760640145.591,腾讯日K/前复权日K,2026-08-07T20:33:10+08:00,20260926T093659
159915,创业板ETF易方达,SZSE,2023-11-29,1.886,1.888,1.867,1.867,1.886,1.888,1.867,1.867,1.0,450992500.0,846641824.76,腾讯日K/前复权日K,2026-08-07T20:33:10+08:00,20260926T093659
159915,创业板ETF易方达,SZSE,2023-11-30,1.869,1.884,1.863,1.874,1.869,1.884,1.863,1.874,1.0,446459400.0,836239285.038,腾讯日K/前复权日K,2026-08-07T20:33:10+08:00,20260926T093659
159915,创业板ETF易方达,SZSE,2023-12-01,1.873,1.887,1.856,1.881,1.873,1.887,1.856,1.881,1.0,631200700.0,1181661361.571,腾讯日K/前复权日K,2026-08-07T20:33:10+08:00,20260926T093659
159915,创业板ETF易方达,SZSE,2023-12-04,1.878,1.88,1.858,1.858,1.878,1.88,1.858,1.858,1.0,656821100.0,1226999419.549,腾讯日K/前复权日K,2026-08-07T20:33:10+08:00,20260926T093659
159915,创业板ETF易方达,SZSE,2023-12-05,1.854,1.857,1.822,1.823,1.854,1.857,1.822,1.823,1.0,733446900.0,1349960021.938,腾讯日K/前复权日K,2026-08-07T20:33:10+08:00,20260926T093659
159915,创业板ETF易方达,SZSE,2023-12-06,1.818,1.85,1.816,1.834,1.818,1.85,1.816,1.834,1.0,535123500.0,983248291.957,腾讯日K/前复权日K,2026-08-07T20:33:10+08:00,20260926T093659
159915,创业板ETF易方达,SZSE,2023-12-07,1.828,1.841,1.817,1.829,1.828,1.841,1.817,1.829,1.0,502106100.0,917245048.662,腾讯日K/前复权日K,2026-08-07T20:33:10+08:00,20260926T093659
159915,创业板ETF易方达,SZSE,2023-12-08,1.831,1.848,1.823,1.843,1.831,1.848,1.823,1.843,1.0,491846200.0,903724815.643,腾讯日K/前复权日K,2026-08-07T20:33:10+08:00,20260926T093659
159915,创业板ETF易方达,SZSE,2023-12-11,1.836,1.872,1.819,1.868,1.836,1.872,1.819,1.868,1.0,967030100.0,1784431939.823,腾讯日K/前复权日K,2026-08-07T20:33:10+08:00,20260926T093659
159915,创业板ETF易方达,SZSE,2023-12-12,1.861,1.865,1.851,1.856,1.861,1.865,1.851,1.856,1.0,657303300.0,1220686877.755,腾讯日K/前复权日K,2026-08-07T20:33:10+08:00,20260926T093659
159915,创业板ETF易方达,SZSE,2023-12-13,1.85,1.85,1.822,1.822,1.85,1.85,1.822,1.822,1.0,694101400.0,1272670979.771,腾讯日K/前复权日K,2026-08-07T20:33:10+08:00,20260926T093659
159915,创业板ETF易方达,SZSE,2023-12-14,1.833,1.846,1.812,1.812,1.833,1.846,1.812,1.812,1.0,531726800.0,971479846.505,腾讯日K/前复权日K,2026-08-07T20:33:10+08:00,20260926T093659
159915,创业板ETF易方达,SZSE,2023-12-15,1.82,1.83,1.795,1.802,1.82,1.83,1.795,1.802,1.0,735592200.0,1331806827.852,腾讯日K/前复权日K,2026-08-07T20:33:10+08:00,20260926T093659
159915,创业板ETF易方达,SZSE,2023-12-18,1.792,1.799,1.767,1.773,1.792,1.799,1.767,1.773,1.0,663673300.0,1182987159.103,腾讯日K/前复权日K,2026-08-07T20:33:10+08:00,20260926T093659
159915,创业板ETF易方达,SZSE,2023-12-19,1.771,1.791,1.767,1.781,1.771,1.791,1.767,1.781,1.0,663599400.0,1178902788.072,腾讯日K/前复权日K,2026-08-07T20:33:10+08:00,20260926T093659
159915,创业板ETF易方达,SZSE,2023-12-20,1.783,1.787,1.755,1.755,1.783,1.787,1.755,1.755,1.0,743595700.0,1314787691.285,腾讯日K/前复权日K,2026-08-07T20:33:10+08:00,20260926T093659
159915,创业板ETF易方达,SZSE,2023-12-21,1.749,1.794,1.747,1.787,1.749,1.794,1.747,1.787,1.0,965993400.0,1712190864.094,腾讯日K/前复权日K,2026-08-07T20:33:10+08:00,20260926T093659
159915,创业板ETF易方达,SZSE,2023-12-22,1.779,1.801,1.766,1.78,1.779,1.801,1.766,1.78,1.0,884137200.0,1576158511.174,腾讯日K/前复权日K,2026-08-07T20:33:10+08:00,20260926T093659
159915,创业板ETF易方达,SZSE,2023-12-25,1.777,1.791,1.772,1.783,1.777,1.791,1.772,1.783,1.0,570330400.0,1015507698.85,腾讯日K/前复权日K,2026-08-07T20:33:10+08:00,20260926T093659
159915,创业板ETF易方达,SZSE,2023-12-26,1.78,1.781,1.753,1.761,1.78,1.781,1.753,1.761,1.0,818580100.0,1442271689.63,腾讯日K/前复权日K,2026-08-07T20:33:10+08:00,20260926T093659
159915,创业板ETF易方达,SZSE,2023-12-27,1.762,1.771,1.75,1.763,1.762,1.771,1.75,1.763,1.0,653687800.0,1150699719.655,腾讯日K/前复权日K,2026-08-07T20:33:10+08:00,20260926T093659
159915,创业板ETF易方达,SZSE,2023-12-28,1.761,1.84,1.757,1.833,1.761,1.84,1.757,1.833,1.0,1588449100.0,2875816785.62,腾讯日K/前复权日K,2026-08-07T20:33:10+08:00,20260926T093659
159915,创业板ETF易方达,SZSE,2023-12-29,1.828,1.848,1.827,1.842,1.828,1.848,1.827,1.842,1.0,749327400.0,1378547224.124,腾讯日K/前复权日K,2026-08-07T20:33:10+08:00,20260926T093659
159915,创业板ETF易方达,SZSE,2024-01-02,1.842,1.842,1.806,1.806,1.842,1.842,1.806,1.806,1.0,708913400.0,1289636676.348,腾讯日K/前复权日K,2026-08-07T20:33:10+08:00,20260926T093659
159915,创业板ETF易方达,SZSE,2024-01-03,1.802,1.809,1.778,1.787,1.802,1.809,1.778,1.787,1.0,788716200.0,1412240535.042,腾讯日K/前复权日K,2026-08-07T20:33:10+08:00,20260926T093659
159915,创业板ETF易方达,SZSE,2024-01-04,1.783,1.786,1.748,1.754,1.783,1.786,1.748,1.754,1.0,1075385100.0,1892807410.772,腾讯日K/前复权日K,2026-08-07T20:33:10+08:00,20260926T093659
159915,创业板ETF易方达,SZSE,2024-01-05,1.751,1.768,1.72,1.728,1.751,1.768,1.72,1.728,1.0,1180603100.0,2058616833.088,腾讯日K/前复权日K,2026-08-07T20:33:10+08:00,20260926T093659
159915,创业板ETF易方达,SZSE,2024-01-08,1.724,1.734,1.698,1.699,1.724,1.734,1.698,1.699,1.0,1242199000.0,2127475776.66,腾讯日K/前复权日K,2026-08-07T20:33:10+08:00,20260926T093659
159915,创业板ETF易方达,SZSE,2024-01-09,1.702,1.729,1.691,1.706,1.702,1.729,1.691,1.706,1.0,1256151700.0,2143990454.555,腾讯日K/前复权日K,2026-08-07T20:33:10+08:00,20260926T093659
159915,创业板ETF易方达,SZSE,2024-01-10,1.696,1.726,1.681,1.698,1.696,1.726,1.681,1.698,1.0,1106678400.0,1886530670.936,腾讯日K/前复权日K,2026-08-07T20:33:10+08:00,20260926T093659
159915,创业板ETF易方达,SZSE,2024-01-11,1.694,1.744,1.694,1.732,1.694,1.744,1.694,1.732,1.0,1370393600.0,2359728392.379,腾讯日K/前复权日K,2026-08-07T20:33:10+08:00,20260926T093659
159915,创业板ETF易方达,SZSE,2024-01-12,1.722,1.739,1.713,1.714,1.722,1.739,1.713,1.714,1.0,1012545700.0,1746324895.392,腾讯日K/前复权日K,2026-08-07T20:33:10+08:00,20260926T093659
159915,创业板ETF易方达,SZSE,2024-01-15,1.702,1.72,1.692,1.698,1.702,1.72,1.692,1.698,1.0,851791000.0,1451523478.967,腾讯日K/前复权日K,2026-08-07T20:33:10+08:00,20260926T093659
159915,创业板ETF易方达,SZSE,2024-01-16,1.692,1.709,1.679,1.708,1.692,1.709,1.679,1.708,1.0,1284760500.0,2176231828.164,腾讯日K/前复权日K,2026-08-07T20:33:10+08:00,20260926T093659
159915,创业板ETF易方达,SZSE,2024-01-17,1.7,1.7,1.653,1.656,1.7,1.7,1.653,1.656,1.0,1265337900.0,2123585814.985,腾讯日K/前复权日K,2026-08-07T20:33:10+08:00,20260926T093659
159915,创业板ETF易方达,SZSE,2024-01-18,1.643,1.69,1.635,1.683,1.643,1.69,1.635,1.683,1.0,1688088500.0,2794540413.086,腾讯日K/前复权日K,2026-08-07T20:33:10+08:00,20260926T093659
159915,创业板ETF易方达,SZSE,2024-01-19,1.675,1.697,1.669,1.669,1.675,1.697,1.669,1.669,1.0,1486453100.0,2498436774.154,腾讯日K/前复权日K,2026-08-07T20:33:10+08:00,20260926T093659
159915,创业板ETF易方达,SZSE,2024-01-22,1.663,1.67,1.612,1.623,1.663,1.67,1.612,1.623,1.0,1302284400.0,2144565815.448,腾讯日K/前复权日K,2026-08-07T20:33:10+08:00,20260926T093659
159915,创业板ETF易方达,SZSE,2024-01-23,1.62,1.656,1.612,1.642,1.62,1.656,1.612,1.642,1.0,1408814200.0,2311645670.571,腾讯日K/前复权日K,2026-08-07T20:33:10+08:00,20260926T093659
159915,创业板ETF易方达,SZSE,2024-01-24,1.65,1.657,1.599,1.65,1.65,1.657,1.599,1.65,1.0,1502149300.0,2449723396.253,腾讯日K/前复权日K,2026-08-07T20:33:10+08:00,20260926T093659
159915,创业板ETF易方达,SZSE,2024-01-25,1.641,1.676,1.628,1.675,1.641,1.676,1.628,1.675,1.0,1785198900.0,2958236063.376,腾讯日K/前复权日K,2026-08-07T20:33:10+08:00,20260926T093659
159915,创业板ETF易方达,SZSE,2024-01-26,1.665,1.67,1.633,1.637,1.665,1.67,1.633,1.637,1.0,1396533500.0,2307114645.895,腾讯日K/前复权日K,2026-08-07T20:33:10+08:00,20260926T093659
159915,创业板ETF易方达,SZSE,2024-01-29,1.638,1.643,1.58,1.58,1.638,1.643,1.58,1.58,1.0,1686528700.0,2705441120.778,腾讯日K/前复权日K,2026-08-07T20:33:10+08:00,20260926T093659
159915,创业板ETF易方达,SZSE,2024-01-30,1.57,1.589,1.541,1.544,1.57,1.589,1.541,1.544,1.0,1595555800.0,2493371606.879,腾讯日K/前复权日K,2026-08-07T20:33:10+08:00,20260926T093659
159915,创业板ETF易方达,SZSE,2024-01-31,1.544,1.56,1.53,1.533,1.544,1.56,1.53,1.533,1.0,1866133200.0,2884546065.995,腾讯日K/前复权日K,2026-08-07T20:33:10+08:00,20260926T093659
159915,创业板ETF易方达,SZSE,2024-02-01,1.527,1.574,1.522,1.548,1.527,1.574,1.522,1.548,1.0,1981325800.0,3070980291.653,腾讯日K/前复权日K,2026-08-07T20:33:10+08:00,20260926T093659
159915,创业板ETF易方达,SZSE,2024-02-02,1.546,1.554,1.471,1.508,1.546,1.554,1.471,1.508,1.0,2553627700.0,3868328778.934,腾讯日K/前复权日K,2026-08-07T20:33:10+08:00,20260926T093659
159915,创业板ETF易方达,SZSE,2024-02-05,1.491,1.56,1.444,1.527,1.491,1.56,1.444,1.527,1.0,6284794200.0,9548912110.888,腾讯日K/前复权日K,2026-08-07T20:33:10+08:00,20260926T093659
159915,创业板ETF易方达,SZSE,2024-02-06,1.508,1.624,1.502,1.623,1.508,1.624,1.502,1.623,1.0,3688075100.0,5835093267.116,腾讯日K/前复权日K,2026-08-07T20:33:10+08:00,20260926T093659
159915,创业板ETF易方达,SZSE,2024-02-07,1.622,1.666,1.614,1.66,1.622,1.666,1.614,1.66,1.0,4361891100.0,7203702865.633,腾讯日K/前复权日K,2026-08-07T20:33:10+08:00,20260926T093659
159915,创业板ETF易方达,SZSE,2024-02-08,1.67,1.718,1.669,1.681,1.67,1.718,1.669,1.681,1.0,2560367600.0,4328895568.062,腾讯日K/前复权日K,2026-08-07T20:33:10+08:00,20260926T093659
159915,创业板ETF易方达,SZSE,2024-02-19,1.704,1.707,1.675,1.697,1.704,1.707,1.675,1.697,1.0,2281919900.0,3851174613.555,腾讯日K/前复权日K,2026-08-07T20:33:10+08:00,20260926T093659
159915,创业板ETF易方达,SZSE,2024-02-20,1.688,1.701,1.676,1.696,1.688,1.701,1.676,1.696,1.0,1332943700.0,2253230303.13,腾讯日K/前复权日K,2026-08-07T20:33:10+08:00,20260926T093659
159915,创业板ETF易方达,SZSE,2024-02-21,1.681,1.736,1.676,1.703,1.681,1.736,1.676,1.703,1.0,1237167400.0,2116292414.101,腾讯日K/前复权日K,2026-08-07T20:33:10+08:00,20260926T093659
159915,创业板ETF易方达,SZSE,2024-02-22,1.7,1.714,1.694,1.71,1.7,1.714,1.694,1.71,1.0,960794000.0,1636373905.059,腾讯日K/前复权日K,2026-08-07T20:33:10+08:00,20260926T093659
159915,创业板ETF易方达,SZSE,2024-02-23,1.717,1.719,1.695,1.709,1.717,1.719,1.695,1.709,1.0,839875500.0,1432116124.756,腾讯日K/前复权日K,2026-08-07T20:33:10+08:00,20260926T093659
159915,创业板ETF易方达,SZSE,2024-02-26,1.706,1.72,1.69,1.704,1.706,1.72,1.69,1.704,1.0,1231141500.0,2098414307.647,腾讯日K/前复权日K,2026-08-07T20:33:10+08:00,20260926T093659
159915,创业板ETF易方达,SZSE,2024-02-27,1.696,1.746,1.694,1.746,1.696,1.746,1.694,1.746,1.0,1214852800.0,2089515169.044,腾讯日K/前复权日K,2026-08-07T20:33:10+08:00,20260926T093659
159915,创业板ETF易方达,SZSE,2024-02-28,1.749,1.78,1.701,1.701,1.749,1.78,1.701,1.701,1.0,1864987500.0,3255806446.122,腾讯日K/前复权日K,2026-08-07T20:33:10+08:00,20260926T093659
159915,创业板ETF易方达,SZSE,2024-02-29,1.696,1.762,1.693,1.761,1.696,1.762,1.693,1.761,1.0,1424778200.0,2471440725.001,腾讯日K/前复权日K,2026-08-07T20:33:10+08:00,20260926T093659
159915,创业板ETF易方达,SZSE,2024-03-01,1.757,1.781,1.746,1.775,1.757,1.781,1.746,1.775,1.0,1288194700.0,2273286642.421,腾讯日K/前复权日K,2026-08-07T20:33:10+08:00,20260926T093659
159915,创业板ETF易方达,SZSE,2024-03-04,1.773,1.796,1.767,1.783,1.773,1.796,1.767,1.783,1.0,962685600.0,1715526745.231,腾讯日K/前复权日K,2026-08-07T20:33:10+08:00,20260926T093659
159915,创业板ETF易方达,SZSE,2024-03-05,1.771,1.794,1.765,1.78,1.771,1.794,1.765,1.78,1.0,3446432000.0,6145635731.623,腾讯日K/前复权日K,2026-08-07T20:33:10+08:00,20260926T093659
159915,创业板ETF易方达,SZSE,2024-03-06,1.773,1.805,1.761,1.782,1.773,1.805,1.761,1.782,1.0,1500724200.0,2665126135.581,腾讯日K/前复权日K,2026-08-07T20:33:10+08:00,20260926T093659
159915,创业板ETF易方达,SZSE,2024-03-07,1.779,1.788,1.74,1.742,1.779,1.788,1.74,1.742,1.0,1219475400.0,2142139665.232,腾讯日K/前复权日K,2026-08-07T20:33:10+08:00,20260926T093659
159915,创业板ETF易方达,SZSE,2024-03-08,1.745,1.763,1.73,1.756,1.745,1.763,1.73,1.756,1.0,822748900.0,1438428485.099,腾讯日K/前复权日K,2026-08-07T20:33:10+08:00,20260926T093659
159915,创业板ETF易方达,SZSE,2024-03-11,1.76,1.84,1.76,1.84,1.76,1.84,1.76,1.84,1.0,2012724300.0,3627820398.651,腾讯日K/前复权日K,2026-08-07T20:33:10+08:00,20260926T093659
159915,创业板ETF易方达,SZSE,2024-03-12,1.845,1.863,1.832,1.851,1.845,1.863,1.832,1.851,1.0,1113893900.0,2058508901.515,腾讯日K/前复权日K,2026-08-07T20:33:10+08:00,20260926T093659
159915,创业板ETF易方达,SZSE,2024-03-13,1.854,1.859,1.838,1.841,1.854,1.859,1.838,1.841,1.0,893689400.0,1650375298.174,腾讯日K/前复权日K,2026-08-07T20:33:10+08:00,20260926T093659
159915,创业板ETF易方达,SZSE,2024-03-14,1.841,1.86,1.818,1.832,1.841,1.86,1.818,1.832,1.0,827895100.0,1520527764.472,腾讯日K/前复权日K,2026-08-07T20:33:10+08:00,20260926T093659
159915,创业板ETF易方达,SZSE,2024-03-15,1.825,1.836,1.796,1.833,1.825,1.836,1.796,1.833,1.0,1076474700.0,1953112039.125,腾讯日K/前复权日K,2026-08-07T20:33:10+08:00,20260926T093659
159915,创业板ETF易方达,SZSE,2024-03-18,1.85,1.875,1.848,1.875,1.85,1.875,1.848,1.875,1.0,1421189600.0,2643711004.149,腾讯日K/前复权日K,2026-08-07T20:33:10+08:00,20260926T093659
159915,创业板ETF易方达,SZSE,2024-03-19,1.87,1.873,1.852,1.853,1.87,1.873,1.852,1.853,1.0,790305400.0,1474010253.765,腾讯日K/前复权日K,2026-08-07T20:33:10+08:00,20260926T093659
159915,创业板ETF易方达,SZSE,2024-03-20,1.848,1.862,1.844,1.856,1.848,1.862,1.844,1.856,1.0,617123600.0,1143969188.114,腾讯日K/前复权日K,2026-08-07T20:33:10+08:00,20260926T093659
159915,创业板ETF易方达,SZSE,2024-03-21,1.86,1.868,1.844,1.846,1.86,1.868,1.844,1.846,1.0,710884900.0,1316880020.165,腾讯日K/前复权日K,2026-08-07T20:33:10+08:00,20260926T093659
159915,创业板ETF易方达,SZSE,2024-03-22,1.843,1.844,1.808,1.817,1.843,1.844,1.808,1.817,1.0,1066712100.0,1943555229.485,腾讯日K/前复权日K,2026-08-07T20:33:10+08:00,20260926T093659
159915,创业板ETF易方达,SZSE,2024-03-25,1.809,1.819,1.781,1.781,1.809,1.819,1.781,1.781,1.0,1158324600.0,2087959021.225,腾讯日K/前复权日K,2026-08-07T20:33:10+08:00,20260926T093659
159915,创业板ETF易方达,SZSE,2024-03-26,1.782,1.805,1.777,1.792,1.782,1.805,1.777,1.792,1.0,1014158900.0,1815893657.353,腾讯日K/前复权日K,2026-08-07T20:33:10+08:00,20260926T093659
159915,创业板ETF易方达,SZSE,2024-03-27,1.787,1.788,1.741,1.742,1.787,1.788,1.741,1.742,1.0,759903200.0,1339840543.91,腾讯日K/前复权日K,2026-08-07T20:33:10+08:00,20260926T093659
159915,创业板ETF易方达,SZSE,2024-03-28,1.74,1.778,1.738,1.758,1.74,1.778,1.738,1.758,1.0,739077400.0,1300045015.431,腾讯日K/前复权日K,2026-08-07T20:33:10+08:00,20260926T093659
159915,创业板ETF易方达,SZSE,2024-03-29,1.756,1.773,1.75,1.768,1.756,1.773,1.75,1.768,1.0,598869700.0,1055046937.284,腾讯日K/前复权日K,2026-08-07T20:33:10+08:00,20260926T093659
159915,创业板ETF易方达,SZSE,2024-04-01,1.78,1.822,1.78,1.822,1.78,1.822,1.78,1.822,1.0,883013500.0,1596048944.79,腾讯日K/前复权日K,2026-08-07T20:33:10+08:00,20260926T093659
159915,创业板ETF易方达,SZSE,2024-04-02,1.822,1.822,1.801,1.808,1.822,1.822,1.801,1.808,1.0,640194900.0,1158298114.724,腾讯日K/前复权日K,2026-08-07T20:33:10+08:00,20260926T093659
159915,创业板ETF易方达,SZSE,2024-04-03,1.804,1.804,1.789,1.79,1.804,1.804,1.789,1.79,1.0,460927000.0,827315040.422,腾讯日K/前复权日K,2026-08-07T20:33:10+08:00,20260926T093659
159915,创业板ETF易方达,SZSE,2024-04-08,1.785,1.789,1.756,1.758,1.785,1.789,1.756,1.758,1.0,539691300.0,955289218.836,腾讯日K/前复权日K,2026-08-07T20:33:10+08:00,20260926T093659
159915,创业板ETF易方达,SZSE,2024-04-09,1.759,1.778,1.752,1.777,1.759,1.778,1.752,1.777,1.0,486469600.0,859278565.315,腾讯日K/前复权日K,2026-08-07T20:33:10+08:00,20260926T093659
159915,创业板ETF易方达,SZSE,2024-04-10,1.774,1.774,1.731,1.739,1.774,1.774,1.731,1.739,1.0,900005300.0,1569964686.588,腾讯日K/前复权日K,2026-08-07T20:33:10+08:00,20260926T093659
159915,创业板ETF易方达,SZSE,2024-04-11,1.725,1.752,1.725,1.731,1.725,1.752,1.725,1.731,1.0,724619000.0,1258500431.58,腾讯日K/前复权日K,2026-08-07T20:33:10+08:00,20260926T093659
159915,创业板ETF易方达,SZSE,2024-04-12,1.73,1.74,1.711,1.713,1.73,1.74,1.711,1.713,1.0,725132400.0,1249364654.156,腾讯日K/前复权日K,2026-08-07T20:33:10+08:00,20260926T093659
159915,创业板ETF易方达,SZSE,2024-04-15,1.712,1.757,1.712,1.746,1.712,1.757,1.712,1.746,1.0,1135792600.0,1979130288.867,腾讯日K/前复权日K,2026-08-07T20:33:10+08:00,20260926T093659
159915,创业板ETF易方达,SZSE,2024-04-16,1.74,1.742,1.709,1.713,1.74,1.742,1.709,1.713,1.0,756146200.0,1303733279.501,腾讯日K/前复权日K,2026-08-07T20:33:10+08:00,20260926T093659
159915,创业板ETF易方达,SZSE,2024-04-17,1.718,1.748,1.718,1.747,1.718,1.748,1.718,1.747,1.0,631106000.0,1094935987.125,腾讯日K/前复权日K,2026-08-07T20:33:10+08:00,20260926T093659
159915,创业板ETF易方达,SZSE,2024-04-18,1.739,1.759,1.717,1.738,1.739,1.759,1.717,1.738,1.0,723180600.0,1258117105.748,腾讯日K/前复权日K,2026-08-07T20:33:10+08:00,20260926T093659
159915,创业板ETF易方达,SZSE,2024-04-19,1.725,1.728,1.692,1.705,1.725,1.728,1.692,1.705,1.0,843747500.0,1441227373.0,腾讯日K/前复权日K,2026-08-07T20:33:10+08:00,20260926T093659
159915,创业板ETF易方达,SZSE,2024-04-22,1.695,1.718,1.687,1.703,1.695,1.718,1.687,1.703,1.0,511959300.0,872464901.952,腾讯日K/前复权日K,2026-08-07T20:33:10+08:00,20260926T093659
159915,创业板ETF易方达,SZSE,2024-04-23,1.708,1.716,1.693,1.705,1.708,1.716,1.693,1.705,1.0,477287900.0,813383060.541,腾讯日K/前复权日K,2026-08-07T20:33:10+08:00,20260926T093659
159915,创业板ETF易方达,SZSE,2024-04-24,1.709,1.72,1.696,1.719,1.709,1.72,1.696,1.719,1.0,544465100.0,930652227.873,腾讯日K/前复权日K,2026-08-07T20:33:10+08:00,20260926T093659
159915,创业板ETF易方达,SZSE,2024-04-25,1.71,1.73,1.7,1.716,1.71,1.73,1.7,1.716,1.0,591639000.0,1015097835.684,腾讯日K/前复权日K,2026-08-07T20:33:10+08:00,20260926T093659
159915,创业板ETF易方达,SZSE,2024-04-26,1.717,1.777,1.717,1.774,1.717,1.777,1.717,1.774,1.0,1045562900.0,1835092513.043,腾讯日K/前复权日K,2026-08-07T20:33:10+08:00,20260926T093659
159915,创业板ETF易方达,SZSE,2024-04-29,1.78,1.854,1.78,1.837,1.78,1.854,1.78,1.837,1.0,1233080800.0,2249887446.742,腾讯日K/前复权日K,2026-08-07T20:33:10+08:00,20260926T093659
159915,创业板ETF易方达,SZSE,2024-04-30,1.837,1.837,1.816,1.816,1.837,1.837,1.816,1.816,1.0,715834000.0,1307150516.621,腾讯日K/前复权日K,2026-08-07T20:33:10+08:00,20260926T093659
159915,创业板ETF易方达,SZSE,2024-05-06,1.852,1.863,1.846,1.853,1.852,1.863,1.846,1.853,1.0,869089100.0,1611906606.445,腾讯日K/前复权日K,2026-08-07T20:33:10+08:00,20260926T093659
159915,创业板ETF易方达,SZSE,2024-05-07,1.851,1.857,1.844,1.85,1.851,1.857,1.844,1.85,1.0,555116200.0,1027079885.132,腾讯日K/前复权日K,2026-08-07T20:33:10+08:00,20260926T093659
159915,创业板ETF易方达,SZSE,2024-05-08,1.847,1.847,1.82,1.821,1.847,1.847,1.82,1.821,1.0,592679800.0,1083975322.9,腾讯日K/前复权日K,2026-08-07T20:33:10+08:00,20260926T093659
159915,创业板ETF易方达,SZSE,2024-05-09,1.828,1.86,1.828,1.856,1.828,1.86,1.828,1.856,1.0,759364800.0,1404404803.6,腾讯日K/前复权日K,2026-08-07T20:33:10+08:00,20260926T093659
159915,创业板ETF易方达,SZSE,2024-05-10,1.858,1.859,1.829,1.84,1.858,1.859,1.829,1.84,1.0,634573300.0,1166185263.927,腾讯日K/前复权日K,2026-08-07T20:33:10+08:00,20260926T093659
159915,创业板ETF易方达,SZSE,2024-05-13,1.819,1.835,1.808,1.817,1.819,1.835,1.808,1.817,1.0,550642700.0,1003162015.7,腾讯日K/前复权日K,2026-08-07T20:33:10+08:00,20260926T093659
159915,创业板ETF易方达,SZSE,2024-05-14,1.821,1.831,1.809,1.813,1.821,1.831,1.809,1.813,1.0,513724500.0,933390405.971,腾讯日K/前复权日K,2026-08-07T20:33:10+08:00,20260926T093659
159915,创业板ETF易方达,SZSE,2024-05-15,1.814,1.823,1.795,1.797,1.814,1.823,1.795,1.797,1.0,639722400.0,1155215878.492,腾讯日K/前复权日K,2026-08-07T20:33:10+08:00,20260926T093659
159915,创业板ETF易方达,SZSE,2024-05-16,1.806,1.819,1.794,1.801,1.806,1.819,1.794,1.801,1.0,659468900.0,1191189941.165,腾讯日K/前复权日K,2026-08-07T20:33:10+08:00,20260926T093659
159915,创业板ETF易方达,SZSE,2024-05-17,1.795,1.825,1.791,1.824,1.795,1.825,1.791,1.824,1.0,708980600.0,1282770696.493,腾讯日K/前复权日K,2026-08-07T20:33:10+08:00,20260926T093659
159915,创业板ETF易方达,SZSE,2024-05-20,1.828,1.844,1.823,1.831,1.828,1.844,1.823,1.831,1.0,823089800.0,1508793859.48,腾讯日K/前复权日K,2026-08-07T20:33:10+08:00,20260926T093659
159915,创业板ETF易方达,SZSE,2024-05-21,1.826,1.831,1.813,1.818,1.826,1.831,1.813,1.818,1.0,450842100.0,820583253.22,腾讯日K/前复权日K,2026-08-07T20:33:10+08:00,20260926T093659
159915,创业板ETF易方达,SZSE,2024-05-22,1.819,1.842,1.814,1.839,1.819,1.842,1.814,1.839,1.0,743467400.0,1358050288.773,腾讯日K/前复权日K,2026-08-07T20:33:10+08:00,20260926T093659
159915,创业板ETF易方达,SZSE,2024-05-23,1.837,1.837,1.807,1.811,1.837,1.837,1.807,1.811,1.0,659988900.0,1199542616.421,腾讯日K/前复权日K,2026-08-07T20:33:10+08:00,20260926T093659
159915,创业板ETF易方达,SZSE,2024-05-24,1.804,1.821,1.778,1.781,1.804,1.821,1.778,1.781,1.0,682831900.0,1226193736.942,腾讯日K/前复权日K,2026-08-07T20:33:10+08:00,20260926T093659
159915,创业板ETF易方达,SZSE,2024-05-27,1.784,1.793,1.762,1.792,1.784,1.793,1.762,1.792,1.0,621923900.0,1104233033.265,腾讯日K/前复权日K,2026-08-07T20:33:10+08:00,20260926T093659
159915,创业板ETF易方达,SZSE,2024-05-28,1.784,1.789,1.766,1.769,1.784,1.789,1.766,1.769,1.0,423728800.0,752314720.067,腾讯日K/前复权日K,2026-08-07T20:33:10+08:00,20260926T093659
159915,创业板ETF易方达,SZSE,2024-05-29,1.768,1.793,1.765,1.772,1.768,1.793,1.765,1.772,1.0,681760700.0,1212774231.5,腾讯日K/前复权日K,2026-08-07T20:33:10+08:00,20260926T093659
159915,创业板ETF易方达,SZSE,2024-05-30,1.772,1.783,1.767,1.777,1.772,1.783,1.767,1.777,1.0,457519100.0,811975922.1,腾讯日K/前复权日K,2026-08-07T20:33:10+08:00,20260926T093659
159915,创业板ETF易方达,SZSE,2024-05-31,1.781,1.794,1.77,1.772,1.781,1.794,1.77,1.772,1.0,519931400.0,926361099.15,腾讯日K/前复权日K,2026-08-07T20:33:10+08:00,20260926T093659
159915,创业板ETF易方达,SZSE,2024-06-03,1.769,1.786,1.764,1.782,1.769,1.786,1.764,1.782,1.0,553437100.0,983357008.728,腾讯日K/前复权日K,2026-08-07T20:33:10+08:00,20260926T093659
159915,创业板ETF易方达,SZSE,2024-06-04,1.778,1.812,1.777,1.806,1.778,1.812,1.777,1.806,1.0,745020500.0,1338179961.014,腾讯日K/前复权日K,2026-08-07T20:33:10+08:00,20260926T093659
159915,创业板ETF易方达,SZSE,2024-06-05,1.805,1.821,1.796,1.796,1.805,1.821,1.796,1.796,1.0,529841700.0,958489683.728,腾讯日K/前复权日K,2026-08-07T20:33:10+08:00,20260926T093659
159915,创业板ETF易方达,SZSE,2024-06-06,1.804,1.808,1.778,1.785,1.804,1.808,1.778,1.785,1.0,657750900.0,1180252981.529,腾讯日K/前复权日K,2026-08-07T20:33:10+08:00,20260926T093659
159915,创业板ETF易方达,SZSE,2024-06-07,1.784,1.786,1.729,1.748,1.784,1.786,1.729,1.748,1.0,1001784500.0,1757294814.554,腾讯日K/前复权日K,2026-08-07T20:33:10+08:00,20260926T093659
159915,创业板ETF易方达,SZSE,2024-06-11,1.735,1.757,1.727,1.752,1.735,1.757,1.727,1.752,1.0,603465500.0,1050263762.575,腾讯日K/前复权日K,2026-08-07T20:33:10+08:00,20260926T093659
159915,创业板ETF易方达,SZSE,2024-06-12,1.746,1.754,1.742,1.743,1.746,1.754,1.742,1.743,1.0,394380200.0,689179251.875,腾讯日K/前复权日K,2026-08-07T20:33:10+08:00,20260926T093659
159915,创业板ETF易方达,SZSE,2024-06-13,1.752,1.766,1.741,1.742,1.752,1.766,1.741,1.742,1.0,724504200.0,1267620108.3,腾讯日K/前复权日K,2026-08-07T20:33:10+08:00,20260926T093659
159915,创业板ETF易方达,SZSE,2024-06-14,1.745,1.762,1.726,1.756,1.745,1.762,1.726,1.756,1.0,648735500.0,1130929526.855,腾讯日K/前复权日K,2026-08-07T20:33:10+08:00,20260926T093659
159915,创业板ETF易方达,SZSE,2024-06-17,1.746,1.775,1.743,1.768,1.746,1.775,1.743,1.768,1.0,608888400.0,1074684609.6,腾讯日K/前复权日K,2026-08-07T20:33:10+08:00,20260926T093659
159915,创业板ETF易方达,SZSE,2024-06-18,1.769,1.785,1.766,1.776,1.769,1.785,1.766,1.776,1.0,492435100.0,874882847.353,腾讯日K/前复权日K,2026-08-07T20:33:10+08:00,20260926T093659
159915,创业板ETF易方达,SZSE,2024-06-19,1.781,1.783,1.752,1.753,1.781,1.783,1.752,1.753,1.0,630364700.0,1108481829.85,腾讯日K/前复权日K,2026-08-07T20:33:10+08:00,20260926T093659
159915,创业板ETF易方达,SZSE,2024-06-20,1.75,1.758,1.727,1.728,1.75,1.758,1.727,1.728,1.0,594462000.0,1033472874.31,腾讯日K/前复权日K,2026-08-07T20:33:10+08:00,20260926T093659
159915,创业板ETF易方达,SZSE,2024-06-21,1.725,1.729,1.709,1.723,1.725,1.729,1.709,1.723,1.0,606289500.0,1042667756.0,腾讯日K/前复权日K,2026-08-07T20:33:10+08:00,20260926T093659
159915,创业板ETF易方达,SZSE,2024-06-24,1.711,1.721,1.693,1.696,1.711,1.721,1.693,1.696,1.0,735995800.0,1256397081.89,腾讯日K/前复权日K,2026-08-07T20:33:10+08:00,20260926T093659
159915,创业板ETF易方达,SZSE,2024-06-25,1.694,1.698,1.657,1.666,1.694,1.698,1.657,1.666,1.0,888854600.0,1489330686.87,腾讯日K/前复权日K,2026-08-07T20:33:10+08:00,20260926T093659
159915,创业板ETF易方达,SZSE,2024-06-26,1.665,1.7,1.662,1.699,1.665,1.7,1.662,1.699,1.0,766865900.0,1288964861.958,腾讯日K/前复权日K,2026-08-07T20:33:10+08:00,20260926T093659
159915,创业板ETF易方达,SZSE,2024-06-27,1.689,1.689,1.669,1.67,1.689,1.689,1.669,1.67,1.0,721433300.0,1209479321.074,腾讯日K/前复权日K,2026-08-07T20:33:10+08:00,20260926T093659
159915,创业板ETF易方达,SZSE,2024-06-28,1.665,1.688,1.647,1.652,1.665,1.688,1.647,1.652,1.0,756079100.0,1261766760.664,腾讯日K/前复权日K,2026-08-07T20:33:10+08:00,20260926T093659
159915,创业板ETF易方达,SZSE,2024-07-01,1.648,1.658,1.621,1.65,1.648,1.658,1.621,1.65,1.0,868099700.0,1421609502.621,腾讯日K/前复权日K,2026-08-07T20:33:10+08:00,20260926T093659
159915,创业板ETF易方达,SZSE,2024-07-02,1.643,1.652,1.627,1.633,1.643,1.652,1.627,1.633,1.0,692631800.0,1134882671.728,腾讯日K/前复权日K,2026-08-07T20:33:10+08:00,20260926T093659
159915,创业板ETF易方达,SZSE,2024-07-03,1.633,1.645,1.616,1.629,1.633,1.645,1.616,1.629,1.0,741643800.0,1208017829.842,腾讯日K/前复权日K,2026-08-07T20:33:10+08:00,20260926T093659
159915,创业板ETF易方达,SZSE,2024-07-04,1.633,1.643,1.615,1.616,1.633,1.643,1.615,1.616,1.0,716873900.0,1165540300.32,腾讯日K/前复权日K,2026-08-07T20:33:10+08:00,20260926T093659
159915,创业板ETF易方达,SZSE,2024-07-05,1.615,1.63,1.601,1.623,1.615,1.63,1.601,1.623,1.0,813820500.0,1313878495.801,腾讯日K/前复权日K,2026-08-07T20:33:10+08:00,20260926T093659
159915,创业板ETF易方达,SZSE,2024-07-08,1.615,1.62,1.592,1.596,1.615,1.62,1.592,1.596,1.0,793613000.0,1273747612.306,腾讯日K/前复权日K,2026-08-07T20:33:10+08:00,20260926T093659
159915,创业板ETF易方达,SZSE,2024-07-09,1.594,1.629,1.584,1.62,1.594,1.629,1.584,1.62,1.0,1100881000.0,1768440724.248,腾讯日K/前复权日K,2026-08-07T20:33:10+08:00,20260926T093659
159915,创业板ETF易方达,SZSE,2024-07-10,1.609,1.636,1.608,1.618,1.609,1.636,1.608,1.618,1.0,776889000.0,1262057166.9,腾讯日K/前复权日K,2026-08-07T20:33:10+08:00,20260926T093659
159915,创业板ETF易方达,SZSE,2024-07-11,1.64,1.664,1.627,1.654,1.64,1.664,1.627,1.654,1.0,965745700.0,1590536255.136,腾讯日K/前复权日K,2026-08-07T20:33:10+08:00,20260926T093659
159915,创业板ETF易方达,SZSE,2024-07-12,1.648,1.661,1.64,1.653,1.648,1.661,1.64,1.653,1.0,833284400.0,1376375909.296,腾讯日K/前复权日K,2026-08-07T20:33:10+08:00,20260926T093659
159915,创业板ETF易方达,SZSE,2024-07-15,1.644,1.648,1.633,1.64,1.644,1.648,1.633,1.64,1.0,791256200.0,1297951099.874,腾讯日K/前复权日K,2026-08-07T20:33:10+08:00,20260926T093659
159915,创业板ETF易方达,SZSE,2024-07-16,1.638,1.665,1.637,1.664,1.638,1.665,1.637,1.664,1.0,875855500.0,1448026915.645,腾讯日K/前复权日K,2026-08-07T20:33:10+08:00,20260926T093659
159915,创业板ETF易方达,SZSE,2024-07-17,1.66,1.674,1.653,1.663,1.66,1.674,1.653,1.663,1.0,783430000.0,1303083812.509,腾讯日K/前复权日K,2026-08-07T20:33:10+08:00,20260926T093659
159915,创业板ETF易方达,SZSE,2024-07-18,1.653,1.687,1.649,1.686,1.653,1.687,1.649,1.686,1.0,2080696200.0,3469057541.183,腾讯日K/前复权日K,2026-08-07T20:33:10+08:00,20260926T093659
159915,创业板ETF易方达,SZSE,2024-07-19,1.673,1.699,1.672,1.692,1.673,1.699,1.672,1.692,1.0,1470068500.0,2486560315.398,腾讯日K/前复权日K,2026-08-07T20:33:10+08:00,20260926T093659
159915,创业板ETF易方达,SZSE,2024-07-22,1.693,1.702,1.679,1.693,1.693,1.702,1.679,1.693,1.0,772695700.0,1307253170.83,腾讯日K/前复权日K,2026-08-07T20:33:10+08:00,20260926T093659
159915,创业板ETF易方达,SZSE,2024-07-23,1.691,1.691,1.639,1.64,1.691,1.691,1.639,1.64,1.0,760674900.0,1262944816.83,腾讯日K/前复权日K,2026-08-07T20:33:10+08:00,20260926T093659
159915,创业板ETF易方达,SZSE,2024-07-24,1.634,1.651,1.614,1.619,1.634,1.651,1.614,1.619,1.0,671540400.0,1095298509.99,腾讯日K/前复权日K,2026-08-07T20:33:10+08:00,20260926T093659
159915,创业板ETF易方达,SZSE,2024-07-25,1.61,1.627,1.607,1.614,1.61,1.627,1.607,1.614,1.0,564990800.0,912831629.313,腾讯日K/前复权日K,2026-08-07T20:33:10+08:00,20260926T093659
159915,创业板ETF易方达,SZSE,2024-07-26,1.617,1.638,1.615,1.627,1.617,1.638,1.615,1.627,1.0,750258100.0,1220285927.23,腾讯日K/前复权日K,2026-08-07T20:33:10+08:00,20260926T093659
159915,创业板ETF易方达,SZSE,2024-07-29,1.622,1.623,1.603,1.604,1.622,1.623,1.603,1.604,1.0,572442800.0,920370351.555,腾讯日K/前复权日K,2026-08-07T20:33:10+08:00,20260926T093659
159915,创业板ETF易方达,SZSE,2024-07-30,1.6,1.607,1.591,1.601,1.6,1.607,1.591,1.601,1.0,610603500.0,975027426.172,腾讯日K/前复权日K,2026-08-07T20:33:10+08:00,20260926T093659
159915,创业板ETF易方达,SZSE,2024-07-31,1.594,1.658,1.592,1.658,1.594,1.658,1.592,1.658,1.0,1432051900.0,2339588940.191,腾讯日K/前复权日K,2026-08-07T20:33:10+08:00,20260926T093659
159915,创业板ETF易方达,SZSE,2024-08-01,1.659,1.663,1.631,1.636,1.659,1.663,1.631,1.636,1.0,903043900.0,1484320326.521,腾讯日K/前复权日K,2026-08-07T20:33:10+08:00,20260926T093659
159915,创业板ETF易方达,SZSE,2024-08-02,1.621,1.639,1.604,1.609,1.621,1.639,1.604,1.609,1.0,1119024300.0,1810881105.993,腾讯日K/前复权日K,2026-08-07T20:33:10+08:00,20260926T093659
159915,创业板ETF易方达,SZSE,2024-08-05,1.592,1.625,1.576,1.576,1.592,1.625,1.576,1.576,1.0,1257983800.0,2010902183.749,腾讯日K/前复权日K,2026-08-07T20:33:10+08:00,20260926T093659
159915,创业板ETF易方达,SZSE,2024-08-06,1.594,1.607,1.581,1.597,1.594,1.607,1.581,1.597,1.0,893255200.0,1423912521.232,腾讯日K/前复权日K,2026-08-07T20:33:10+08:00,20260926T093659
159915,创业板ETF易方达,SZSE,2024-08-07,1.593,1.601,1.587,1.589,1.593,1.601,1.587,1.589,1.0,688750800.0,1098120312.3,腾讯日K/前复权日K,2026-08-07T20:33:10+08:00,20260926T093659
159915,创业板ETF易方达,SZSE,2024-08-08,1.582,1.599,1.568,1.582,1.582,1.599,1.568,1.582,1.0,893844600.0,1413969051.56,腾讯日K/前复权日K,2026-08-07T20:33:10+08:00,20260926T093659
159915,创业板ETF易方达,SZSE,2024-08-09,1.59,1.598,1.566,1.566,1.59,1.598,1.566,1.566,1.0,819608200.0,1294422205.6,腾讯日K/前复权日K,2026-08-07T20:33:10+08:00,20260926T093659
159915,创业板ETF易方达,SZSE,2024-08-12,1.566,1.572,1.558,1.563,1.566,1.572,1.558,1.563,1.0,646270400.0,1011415437.4,腾讯日K/前复权日K,2026-08-07T20:33:10+08:00,20260926T093659
159915,创业板ETF易方达,SZSE,2024-08-13,1.562,1.578,1.558,1.578,1.562,1.578,1.558,1.578,1.0,763605700.0,1195477104.283,腾讯日K/前复权日K,2026-08-07T20:33:10+08:00,20260926T093659
159915,创业板ETF易方达,SZSE,2024-08-14,1.575,1.576,1.554,1.555,1.575,1.576,1.554,1.555,1.0,879850400.0,1373900547.908,腾讯日K/前复权日K,2026-08-07T20:33:10+08:00,20260926T093659
159915,创业板ETF易方达,SZSE,2024-08-15,1.551,1.579,1.55,1.565,1.551,1.579,1.55,1.565,1.0,1380274500.0,2158889978.627,腾讯日K/前复权日K,2026-08-07T20:33:10+08:00,20260926T093659
159915,创业板ETF易方达,SZSE,2024-08-16,1.564,1.573,1.558,1.561,1.564,1.573,1.558,1.561,1.0,655459400.0,1025138603.239,腾讯日K/前复权日K,2026-08-07T20:33:10+08:00,20260926T093659
159915,创业板ETF易方达,SZSE,2024-08-19,1.56,1.577,1.557,1.559,1.56,1.577,1.557,1.559,1.0,794377400.0,1244095195.0,腾讯日K/前复权日K,2026-08-07T20:33:10+08:00,20260926T093659
159915,创业板ETF易方达,SZSE,2024-08-20,1.561,1.562,1.536,1.539,1.561,1.562,1.536,1.539,1.0,936758500.0,1447293515.25,腾讯日K/前复权日K,2026-08-07T20:33:10+08:00,20260926T093659
159915,创业板ETF易方达,SZSE,2024-08-21,1.532,1.543,1.527,1.529,1.532,1.543,1.527,1.529,1.0,734193700.0,1125584865.14,腾讯日K/前复权日K,2026-08-07T20:33:10+08:00,20260926T093659
159915,创业板ETF易方达,SZSE,2024-08-22,1.53,1.534,1.515,1.516,1.53,1.534,1.515,1.516,1.0,855591700.0,1301647484.735,腾讯日K/前复权日K,2026-08-07T20:33:10+08:00,20260926T093659
159915,创业板ETF易方达,SZSE,2024-08-23,1.512,1.526,1.509,1.517,1.512,1.526,1.509,1.517,1.0,1209725800.0,1835561828.46,腾讯日K/前复权日K,2026-08-07T20:33:10+08:00,20260926T093659
159915,创业板ETF易方达,SZSE,2024-08-26,1.517,1.528,1.511,1.515,1.517,1.528,1.511,1.515,1.0,705269000.0,1070720952.548,腾讯日K/前复权日K,2026-08-07T20:33:10+08:00,20260926T093659
159915,创业板ETF易方达,SZSE,2024-08-27,1.511,1.512,1.497,1.5,1.511,1.512,1.497,1.5,1.0,795111900.0,1194899265.98,腾讯日K/前复权日K,2026-08-07T20:33:10+08:00,20260926T093659
159915,创业板ETF易方达,SZSE,2024-08-28,1.499,1.505,1.494,1.501,1.499,1.505,1.494,1.501,1.0,788319700.0,1182047814.75,腾讯日K/前复权日K,2026-08-07T20:33:10+08:00,20260926T093659
159915,创业板ETF易方达,SZSE,2024-08-29,1.488,1.522,1.484,1.513,1.488,1.522,1.484,1.513,1.0,1840129000.0,2770964892.435,腾讯日K/前复权日K,2026-08-07T20:33:10+08:00,20260926T093659
159915,创业板ETF易方达,SZSE,2024-08-30,1.511,1.571,1.511,1.552,1.511,1.571,1.511,1.552,1.0,2067004400.0,3199131567.465,腾讯日K/前复权日K,2026-08-07T20:33:10+08:00,20260926T093659
159915,创业板ETF易方达,SZSE,2024-09-02,1.547,1.552,1.506,1.507,1.547,1.552,1.506,1.507,1.0,1586730000.0,2416710682.158,腾讯日K/前复权日K,2026-08-07T20:33:10+08:00,20260926T093659
159915,创业板ETF易方达,SZSE,2024-09-03,1.504,1.532,1.503,1.525,1.504,1.532,1.503,1.525,1.0,1101524700.0,1675797248.304,腾讯日K/前复权日K,2026-08-07T20:33:10+08:00,20260926T093659
159915,创业板ETF易方达,SZSE,2024-09-04,1.512,1.54,1.51,1.525,1.512,1.54,1.51,1.525,1.0,978509600.0,1492736475.856,腾讯日K/前复权日K,2026-08-07T20:33:10+08:00,20260926T093659
159915,创业板ETF易方达,SZSE,2024-09-05,1.525,1.546,1.524,1.536,1.525,1.546,1.524,1.536,1.0,862451200.0,1323868191.808,腾讯日K/前复权日K,2026-08-07T20:33:10+08:00,20260926T093659
159915,创业板ETF易方达,SZSE,2024-09-06,1.535,1.538,1.508,1.508,1.535,1.538,1.508,1.508,1.0,989684600.0,1503394564.8,腾讯日K/前复权日K,2026-08-07T20:33:10+08:00,20260926T093659
159915,创业板ETF易方达,SZSE,2024-09-09,1.5,1.519,1.498,1.513,1.5,1.519,1.498,1.513,1.0,1813528900.0,2736028698.504,腾讯日K/前复权日K,2026-08-07T20:33:10+08:00,20260926T093659
159915,创业板ETF易方达,SZSE,2024-09-10,1.514,1.524,1.495,1.512,1.514,1.524,1.495,1.512,1.0,1541258800.0,2323816829.436,腾讯日K/前复权日K,2026-08-07T20:33:10+08:00,20260926T093659
159915,创业板ETF易方达,SZSE,2024-09-11,1.51,1.534,1.507,1.528,1.51,1.534,1.507,1.528,1.0,1435229300.0,2187736485.803,腾讯日K/前复权日K,2026-08-07T20:33:10+08:00,20260926T093659
159915,创业板ETF易方达,SZSE,2024-09-12,1.536,1.549,1.521,1.525,1.536,1.549,1.521,1.525,1.0,1261776300.0,1936399815.193,腾讯日K/前复权日K,2026-08-07T20:33:10+08:00,20260926T093659
159915,创业板ETF易方达,SZSE,2024-09-13,1.525,1.528,1.508,1.509,1.525,1.528,1.508,1.509,1.0,878423700.0,1332460552.155,腾讯日K/前复权日K,2026-08-07T20:33:10+08:00,20260926T093659
159915,创业板ETF易方达,SZSE,2024-09-18,1.505,1.513,1.494,1.504,1.505,1.513,1.494,1.504,1.0,965714800.0,1451166497.533,腾讯日K/前复权日K,2026-08-07T20:33:10+08:00,20260926T093659
159915,创业板ETF易方达,SZSE,2024-09-19,1.511,1.537,1.492,1.519,1.511,1.537,1.492,1.519,1.0,1839423700.0,2789678359.133,腾讯日K/前复权日K,2026-08-07T20:33:10+08:00,20260926T093659
159915,创业板ETF易方达,SZSE,2024-09-20,1.516,1.517,1.498,1.508,1.516,1.517,1.498,1.508,1.0,2092058400.0,3150914899.5,腾讯日K/前复权日K,2026-08-07T20:33:10+08:00,20260926T093659
159915,创业板ETF易方达,SZSE,2024-09-23,1.507,1.52,1.5,1.501,1.507,1.52,1.5,1.501,1.0,1303535900.0,1967069133.831,腾讯日K/前复权日K,2026-08-07T20:33:10+08:00,20260926T093659
159915,创业板ETF易方达,SZSE,2024-09-24,1.515,1.588,1.504,1.587,1.515,1.588,1.504,1.587,1.0,3337729500.0,5158211996.798,腾讯日K/前复权日K,2026-08-07T20:33:10+08:00,20260926T093659
159915,创业板ETF易方达,SZSE,2024-09-25,1.621,1.649,1.609,1.61,1.621,1.649,1.609,1.61,1.0,2673008300.0,4346647262.225,腾讯日K/前复权日K,2026-08-07T20:33:10+08:00,20260926T093659
159915,创业板ETF易方达,SZSE,2024-09-26,1.604,1.686,1.595,1.686,1.604,1.686,1.595,1.686,1.0,2844215500.0,4662498812.27,腾讯日K/前复权日K,2026-08-07T20:33:10+08:00,20260926T093659
159915,创业板ETF易方达,SZSE,2024-09-27,1.713,1.89,1.713,1.86,1.713,1.89,1.713,1.86,1.0,5612598500.0,10096030846.854,腾讯日K/前复权日K,2026-08-07T20:33:10+08:00,20260926T093659
159915,创业板ETF易方达,SZSE,2024-09-30,2.0,2.232,1.928,2.232,2.0,2.232,1.928,2.232,1.0,6977214500.0,14533319604.382,腾讯日K/前复权日K,2026-08-07T20:33:10+08:00,20260926T093659
159915,创业板ETF易方达,SZSE,2024-10-08,2.678,2.678,2.29,2.678,2.678,2.678,2.29,2.678,1.0,18567726500.0,47486377734.325,腾讯日K/前复权日K,2026-08-07T20:33:10+08:00,20260926T093659
159915,创业板ETF易方达,SZSE,2024-10-09,2.41,2.478,2.238,2.242,2.41,2.478,2.238,2.242,1.0,16461881300.0,38584923664.502,腾讯日K/前复权日K,2026-08-07T20:33:10+08:00,20260926T093659
159915,创业板ETF易方达,SZSE,2024-10-10,2.241,2.297,2.137,2.174,2.241,2.297,2.137,2.174,1.0,8062551600.0,17811734056.289,腾讯日K/前复权日K,2026-08-07T20:33:10+08:00,20260926T093659
159915,创业板ETF易方达,SZSE,2024-10-11,2.134,2.152,2.026,2.06,2.134,2.152,2.026,2.06,1.0,7299528800.0,15183685404.586,腾讯日K/前复权日K,2026-08-07T20:33:10+08:00,20260926T093659
159915,创业板ETF易方达,SZSE,2024-10-14,2.078,2.124,2.022,2.116,2.078,2.124,2.022,2.116,1.0,5700479900.0,11851253261.662,腾讯日K/前复权日K,2026-08-07T20:33:10+08:00,20260926T093659
159915,创业板ETF易方达,SZSE,2024-10-15,2.094,2.135,2.045,2.045,2.094,2.135,2.045,2.045,1.0,4378476200.0,9145503483.604,腾讯日K/前复权日K,2026-08-07T20:33:10+08:00,20260926T093659
159915,创业板ETF易方达,SZSE,2024-10-16,2.001,2.044,1.989,2.0,2.001,2.044,1.989,2.0,1.0,3815133100.0,7664940633.07,腾讯日K/前复权日K,2026-08-07T20:33:10+08:00,20260926T093659
159915,创业板ETF易方达,SZSE,2024-10-17,2.019,2.042,1.993,1.995,2.019,2.042,1.993,1.995,1.0,3136105500.0,6333780718.009,腾讯日K/前复权日K,2026-08-07T20:33:10+08:00,20260926T093659
159915,创业板ETF易方达,SZSE,2024-10-18,1.986,2.256,1.986,2.156,1.986,2.256,1.986,2.156,1.0,8169588500.0,17246253906.793,腾讯日K/前复权日K,2026-08-07T20:33:10+08:00,20260926T093659
159915,创业板ETF易方达,SZSE,2024-10-21,2.162,2.225,2.139,2.167,2.162,2.225,2.139,2.167,1.0,5290536300.0,11510502662.903,腾讯日K/前复权日K,2026-08-07T20:33:10+08:00,20260926T093659
159915,创业板ETF易方达,SZSE,2024-10-22,2.158,2.186,2.139,2.175,2.158,2.186,2.139,2.175,1.0,2731476900.0,5911593010.163,腾讯日K/前复权日K,2026-08-07T20:33:10+08:00,20260926T093659
159915,创业板ETF易方达,SZSE,2024-10-23,2.166,2.211,2.145,2.162,2.166,2.211,2.145,2.162,1.0,3045440400.0,6623460718.262,腾讯日K/前复权日K,2026-08-07T20:33:10+08:00,20260926T093659
159915,创业板ETF易方达,SZSE,2024-10-24,2.149,2.161,2.126,2.132,2.149,2.161,2.126,2.132,1.0,1999647300.0,4281073036.949,腾讯日K/前复权日K,2026-08-07T20:33:10+08:00,20260926T093659
159915,创业板ETF易方达,SZSE,2024-10-25,2.147,2.236,2.138,2.196,2.147,2.236,2.138,2.196,1.0,4185661600.0,9158136091.576,腾讯日K/前复权日K,2026-08-07T20:33:10+08:00,20260926T093659
159915,创业板ETF易方达,SZSE,2024-10-28,2.193,2.193,2.158,2.188,2.193,2.193,2.158,2.188,1.0,2035712100.0,4432947300.66,腾讯日K/前复权日K,2026-08-07T20:33:10+08:00,20260926T093659
159915,创业板ETF易方达,SZSE,2024-10-29,2.191,2.198,2.133,2.135,2.191,2.198,2.133,2.135,1.0,2679460400.0,5783642893.711,腾讯日K/前复权日K,2026-08-07T20:33:10+08:00,20260926T093659
159915,创业板ETF易方达,SZSE,2024-10-30,2.119,2.138,2.086,2.111,2.119,2.138,2.086,2.111,1.0,2306501700.0,4870460597.468,腾讯日K/前复权日K,2026-08-07T20:33:10+08:00,20260926T093659
159915,创业板ETF易方达,SZSE,2024-10-31,2.105,2.164,2.09,2.122,2.105,2.164,2.09,2.122,1.0,3127669000.0,6665871258.044,腾讯日K/前复权日K,2026-08-07T20:33:10+08:00,20260926T093659
159915,创业板ETF易方达,SZSE,2024-11-01,2.104,2.125,2.08,2.084,2.104,2.125,2.08,2.084,1.0,2388576800.0,5027417592.785,腾讯日K/前复权日K,2026-08-07T20:33:10+08:00,20260926T093659
159915,创业板ETF易方达,SZSE,2024-11-04,2.081,2.146,2.08,2.145,2.081,2.146,2.08,2.145,1.0,2083738600.0,4424060317.6,腾讯日K/前复权日K,2026-08-07T20:33:10+08:00,20260926T093659
159915,创业板ETF易方达,SZSE,2024-11-05,2.144,2.258,2.13,2.249,2.144,2.258,2.13,2.249,1.0,5248183800.0,11653247663.192,腾讯日K/前复权日K,2026-08-07T20:33:10+08:00,20260926T093659
159915,创业板ETF易方达,SZSE,2024-11-06,2.249,2.316,2.202,2.223,2.249,2.316,2.202,2.223,1.0,4598609700.0,10389830349.896,腾讯日K/前复权日K,2026-08-07T20:33:10+08:00,20260926T093659
159915,创业板ETF易方达,SZSE,2024-11-07,2.202,2.306,2.198,2.306,2.202,2.306,2.198,2.306,1.0,3602781600.0,8123542737.353,腾讯日K/前复权日K,2026-08-07T20:33:10+08:00,20260926T093659
159915,创业板ETF易方达,SZSE,2024-11-08,2.355,2.365,2.274,2.282,2.355,2.365,2.274,2.282,1.0,3498493000.0,8113596732.71,腾讯日K/前复权日K,2026-08-07T20:33:10+08:00,20260926T093659
159915,创业板ETF易方达,SZSE,2024-11-11,2.25,2.35,2.249,2.349,2.25,2.35,2.249,2.349,1.0,3186116500.0,7362300483.6,腾讯日K/前复权日K,2026-08-07T20:33:10+08:00,20260926T093659
159915,创业板ETF易方达,SZSE,2024-11-12,2.365,2.402,2.316,2.345,2.365,2.402,2.316,2.345,1.0,3223053400.0,7623609143.475,腾讯日K/前复权日K,2026-08-07T20:33:10+08:00,20260926T093659
159915,创业板ETF易方达,SZSE,2024-11-13,2.325,2.381,2.3,2.372,2.325,2.381,2.3,2.372,1.0,2853985100.0,6672901457.963,腾讯日K/前复权日K,2026-08-07T20:33:10+08:00,20260926T093659
159915,创业板ETF易方达,SZSE,2024-11-14,2.37,2.372,2.285,2.288,2.37,2.372,2.285,2.288,1.0,2166119900.0,5043001876.48,腾讯日K/前复权日K,2026-08-07T20:33:10+08:00,20260926T093659
159915,创业板ETF易方达,SZSE,2024-11-15,2.276,2.294,2.201,2.204,2.276,2.294,2.201,2.204,1.0,2724669200.0,6126017644.301,腾讯日K/前复权日K,2026-08-07T20:33:10+08:00,20260926T093659
159915,创业板ETF易方达,SZSE,2024-11-18,2.205,2.219,2.132,2.149,2.205,2.219,2.132,2.149,1.0,2860946900.0,6207444236.805,腾讯日K/前复权日K,2026-08-07T20:33:10+08:00,20260926T093659
159915,创业板ETF易方达,SZSE,2024-11-19,2.155,2.219,2.132,2.215,2.155,2.219,2.132,2.215,1.0,3152990200.0,6860088377.953,腾讯日K/前复权日K,2026-08-07T20:33:10+08:00,20260926T093659
159915,创业板ETF易方达,SZSE,2024-11-20,2.201,2.24,2.195,2.223,2.201,2.24,2.195,2.223,1.0,2395697900.0,5309861882.455,腾讯日K/前复权日K,2026-08-07T20:33:10+08:00,20260926T093659
159915,创业板ETF易方达,SZSE,2024-11-21,2.213,2.237,2.206,2.223,2.213,2.237,2.206,2.223,1.0,1552623900.0,3449564222.641,腾讯日K/前复权日K,2026-08-07T20:33:10+08:00,20260926T093659
159915,创业板ETF易方达,SZSE,2024-11-22,2.218,2.226,2.133,2.136,2.218,2.226,2.133,2.136,1.0,2025684300.0,4419031312.634,腾讯日K/前复权日K,2026-08-07T20:33:10+08:00,20260926T093659
159915,创业板ETF易方达,SZSE,2024-11-25,2.14,2.151,2.1,2.132,2.14,2.151,2.1,2.132,1.0,1994601700.0,4239346267.277,腾讯日K/前复权日K,2026-08-07T20:33:10+08:00,20260926T093659
159915,创业板ETF易方达,SZSE,2024-11-26,2.122,2.146,2.107,2.109,2.122,2.146,2.107,2.109,1.0,1388130800.0,2950218246.699,腾讯日K/前复权日K,2026-08-07T20:33:10+08:00,20260926T093659
159915,创业板ETF易方达,SZSE,2024-11-27,2.1,2.167,2.079,2.165,2.1,2.167,2.079,2.165,1.0,2381260500.0,5063215464.538,腾讯日K/前复权日K,2026-08-07T20:33:10+08:00,20260926T093659
159915,创业板ETF易方达,SZSE,2024-11-28,2.162,2.165,2.124,2.128,2.162,2.165,2.124,2.128,1.0,1581214200.0,3390963014.451,腾讯日K/前复权日K,2026-08-07T20:33:10+08:00,20260926T093659
159915,创业板ETF易方达,SZSE,2024-11-29,2.122,2.221,2.12,2.179,2.122,2.221,2.12,2.179,1.0,3069830200.0,6686251148.115,腾讯日K/前复权日K,2026-08-07T20:33:10+08:00,20260926T093659
159915,创业板ETF易方达,SZSE,2024-12-02,2.172,2.218,2.166,2.211,2.172,2.218,2.166,2.211,1.0,2074856900.0,4569798100.424,腾讯日K/前复权日K,2026-08-07T20:33:10+08:00,20260926T093659
159915,创业板ETF易方达,SZSE,2024-12-03,2.211,2.219,2.182,2.198,2.211,2.219,2.182,2.198,1.0,1591681400.0,3502377943.646,腾讯日K/前复权日K,2026-08-07T20:33:10+08:00,20260926T093659
159915,创业板ETF易方达,SZSE,2024-12-04,2.195,2.203,2.161,2.17,2.195,2.203,2.161,2.17,1.0,1408311800.0,3072274745.95,腾讯日K/前复权日K,2026-08-07T20:33:10+08:00,20260926T093659
159915,创业板ETF易方达,SZSE,2024-12-05,2.167,2.195,2.163,2.177,2.167,2.195,2.163,2.177,1.0,1088128000.0,2370569445.183,腾讯日K/前复权日K,2026-08-07T20:33:10+08:00,20260926T093659
159915,创业板ETF易方达,SZSE,2024-12-06,2.18,2.247,2.17,2.224,2.18,2.247,2.17,2.224,1.0,2590327900.0,5742016666.224,腾讯日K/前复权日K,2026-08-07T20:33:10+08:00,20260926T093659
159915,创业板ETF易方达,SZSE,2024-12-09,2.219,2.23,2.185,2.206,2.219,2.23,2.185,2.206,1.0,1491824400.0,3292494593.409,腾讯日K/前复权日K,2026-08-07T20:33:10+08:00,20260926T093659
159915,创业板ETF易方达,SZSE,2024-12-10,2.32,2.32,2.214,2.221,2.32,2.32,2.214,2.221,1.0,3532884300.0,7987491172.366,腾讯日K/前复权日K,2026-08-07T20:33:10+08:00,20260926T093659
159915,创业板ETF易方达,SZSE,2024-12-11,2.215,2.235,2.209,2.218,2.215,2.235,2.209,2.218,1.0,1440691200.0,3197772570.038,腾讯日K/前复权日K,2026-08-07T20:33:10+08:00,20260926T093659
159915,创业板ETF易方达,SZSE,2024-12-12,2.217,2.258,2.212,2.248,2.217,2.258,2.212,2.248,1.0,1910954800.0,4274890548.278,腾讯日K/前复权日K,2026-08-07T20:33:10+08:00,20260926T093659
159915,创业板ETF易方达,SZSE,2024-12-13,2.231,2.233,2.19,2.193,2.231,2.233,2.19,2.193,1.0,1780555000.0,3936277775.368,腾讯日K/前复权日K,2026-08-07T20:33:10+08:00,20260926T093659
159915,创业板ETF易方达,SZSE,2024-12-16,2.19,2.192,2.148,2.158,2.19,2.192,2.148,2.158,1.0,1255253700.0,2716261843.241,腾讯日K/前复权日K,2026-08-07T20:33:10+08:00,20260926T093659
159915,创业板ETF易方达,SZSE,2024-12-17,2.156,2.189,2.153,2.159,2.156,2.189,2.153,2.159,1.0,1695995500.0,3681413046.513,腾讯日K/前复权日K,2026-08-07T20:33:10+08:00,20260926T093659
159915,创业板ETF易方达,SZSE,2024-12-18,2.167,2.173,2.15,2.158,2.167,2.173,2.15,2.158,1.0,1073433800.0,2318259676.496,腾讯日K/前复权日K,2026-08-07T20:33:10+08:00,20260926T093659
159915,创业板ETF易方达,SZSE,2024-12-19,2.137,2.178,2.132,2.171,2.137,2.178,2.132,2.171,1.0,1448207600.0,3123320233.12,腾讯日K/前复权日K,2026-08-07T20:33:10+08:00,20260926T093659
159915,创业板ETF易方达,SZSE,2024-12-20,2.166,2.19,2.157,2.169,2.166,2.19,2.157,2.169,1.0,1255558200.0,2726937858.249,腾讯日K/前复权日K,2026-08-07T20:33:10+08:00,20260926T093659
159915,创业板ETF易方达,SZSE,2024-12-23,2.163,2.18,2.142,2.147,2.163,2.18,2.142,2.147,1.0,1300841400.0,2810536450.2,腾讯日K/前复权日K,2026-08-07T20:33:10+08:00,20260926T093659
159915,创业板ETF易方达,SZSE,2024-12-24,2.148,2.172,2.143,2.17,2.148,2.172,2.143,2.17,1.0,1558188000.0,3361542137.627,腾讯日K/前复权日K,2026-08-07T20:33:10+08:00,20260926T093659
159915,创业板ETF易方达,SZSE,2024-12-25,2.173,2.175,2.144,2.156,2.173,2.175,2.144,2.156,1.0,1159452800.0,2502557661.67,腾讯日K/前复权日K,2026-08-07T20:33:10+08:00,20260926T093659
159915,创业板ETF易方达,SZSE,2024-12-26,2.16,2.176,2.152,2.166,2.16,2.176,2.152,2.166,1.0,1065508400.0,2309054268.675,腾讯日K/前复权日K,2026-08-07T20:33:10+08:00,20260926T093659
159915,创业板ETF易方达,SZSE,2024-12-27,2.166,2.192,2.154,2.163,2.166,2.192,2.154,2.163,1.0,1482658800.0,3218106312.295,腾讯日K/前复权日K,2026-08-07T20:33:10+08:00,20260926T093659
159915,创业板ETF易方达,SZSE,2024-12-30,2.158,2.174,2.155,2.165,2.158,2.174,2.155,2.165,1.0,1020296300.0,2207790488.178,腾讯日K/前复权日K,2026-08-07T20:33:10+08:00,20260926T093659
159915,创业板ETF易方达,SZSE,2024-12-31,2.162,2.165,2.101,2.102,2.162,2.165,2.101,2.102,1.0,1904747600.0,4056325482.738,腾讯日K/前复权日K,2026-08-07T20:33:10+08:00,20260926T093659
159915,创业板ETF易方达,SZSE,2025-01-02,2.096,2.097,2.0,2.019,2.096,2.097,2.0,2.019,1.0,2299909300.0,4709844390.934,腾讯日K/前复权日K,2026-08-07T20:33:10+08:00,20260926T093659
159915,创业板ETF易方达,SZSE,2025-01-03,2.02,2.027,1.976,1.978,2.02,2.027,1.976,1.978,1.0,2016672400.0,4033494990.009,腾讯日K/前复权日K,2026-08-07T20:33:10+08:00,20260926T093659
159915,创业板ETF易方达,SZSE,2025-01-06,1.978,1.994,1.962,1.976,1.978,1.994,1.962,1.976,1.0,1679476900.0,3322854220.7,腾讯日K/前复权日K,2026-08-07T20:33:10+08:00,20260926T093659
159915,创业板ETF易方达,SZSE,2025-01-07,1.965,1.99,1.951,1.99,1.965,1.99,1.951,1.99,1.0,1695431300.0,3344010729.37,腾讯日K/前复权日K,2026-08-07T20:33:10+08:00,20260926T093659
159915,创业板ETF易方达,SZSE,2025-01-08,1.975,1.99,1.925,1.968,1.975,1.99,1.925,1.968,1.0,2279532900.0,4466166489.116,腾讯日K/前复权日K,2026-08-07T20:33:10+08:00,20260926T093659
159915,创业板ETF易方达,SZSE,2025-01-09,1.956,1.985,1.954,1.971,1.956,1.985,1.954,1.971,1.0,1352568100.0,2671984315.048,腾讯日K/前复权日K,2026-08-07T20:33:10+08:00,20260926T093659
159915,创业板ETF易方达,SZSE,2025-01-10,1.967,1.983,1.938,1.938,1.967,1.983,1.938,1.938,1.0,1206162200.0,2366472762.214,腾讯日K/前复权日K,2026-08-07T20:33:10+08:00,20260926T093659
159915,创业板ETF易方达,SZSE,2025-01-13,1.916,1.959,1.916,1.942,1.916,1.959,1.916,1.942,1.0,1351760800.0,2622517596.02,腾讯日K/前复权日K,2026-08-07T20:33:10+08:00,20260926T093659
159915,创业板ETF易方达,SZSE,2025-01-14,1.95,2.037,1.942,2.036,1.95,2.037,1.942,2.036,1.0,2836315500.0,5666356596.638,腾讯日K/前复权日K,2026-08-07T20:33:10+08:00,20260926T093659
159915,创业板ETF易方达,SZSE,2025-01-15,2.022,2.025,1.992,1.999,2.022,2.025,1.992,1.999,1.0,1750519100.0,3511330420.628,腾讯日K/前复权日K,2026-08-07T20:33:10+08:00,20260926T093659
159915,创业板ETF易方达,SZSE,2025-01-16,2.009,2.044,1.99,2.01,2.009,2.044,1.99,2.01,1.0,1933073800.0,3896733940.297,腾讯日K/前复权日K,2026-08-07T20:33:10+08:00,20260926T093659
159915,创业板ETF易方达,SZSE,2025-01-17,1.999,2.043,1.998,2.026,1.999,2.043,1.998,2.026,1.0,1607214500.0,3249604106.116,腾讯日K/前复权日K,2026-08-07T20:33:10+08:00,20260926T093659
159915,创业板ETF易方达,SZSE,2025-01-20,2.047,2.077,2.046,2.062,2.047,2.077,2.046,2.062,1.0,1935127800.0,3993926763.688,腾讯日K/前复权日K,2026-08-07T20:33:10+08:00,20260926T093659
159915,创业板ETF易方达,SZSE,2025-01-21,2.081,2.083,2.048,2.07,2.081,2.083,2.048,2.07,1.0,1065999400.0,2200295028.927,腾讯日K/前复权日K,2026-08-07T20:33:10+08:00,20260926T093659
159915,创业板ETF易方达,SZSE,2025-01-22,2.063,2.069,2.041,2.059,2.063,2.069,2.041,2.059,1.0,1110611400.0,2281647143.145,腾讯日K/前复权日K,2026-08-07T20:33:10+08:00,20260926T093659
159915,创业板ETF易方达,SZSE,2025-01-23,2.082,2.11,2.052,2.052,2.082,2.11,2.052,2.052,1.0,1738134100.0,3618632282.938,腾讯日K/前复权日K,2026-08-07T20:33:10+08:00,20260926T093659
159915,创业板ETF易方达,SZSE,2025-01-24,2.045,2.092,2.044,2.084,2.045,2.092,2.044,2.084,1.0,1501141300.0,3113708667.104,腾讯日K/前复权日K,2026-08-07T20:33:10+08:00,20260926T093659
159915,创业板ETF易方达,SZSE,2025-01-27,2.086,2.087,2.028,2.028,2.086,2.087,2.028,2.028,1.0,1424693200.0,2922348702.718,腾讯日K/前复权日K,2026-08-07T20:33:10+08:00,20260926T093659
159915,创业板ETF易方达,SZSE,2025-02-05,2.043,2.047,2.016,2.024,2.043,2.047,2.016,2.024,1.0,1104967500.0,2240818341.606,腾讯日K/前复权日K,2026-08-07T20:33:10+08:00,20260926T093659
159915,创业板ETF易方达,SZSE,2025-02-06,2.022,2.082,2.017,2.08,2.022,2.082,2.017,2.08,1.0,1701775000.0,3505456955.157,腾讯日K/前复权日K,2026-08-07T20:33:10+08:00,20260926T093659
159915,创业板ETF易方达,SZSE,2025-02-07,2.08,2.159,2.08,2.131,2.08,2.159,2.08,2.131,1.0,2746998300.0,5838438099.748,腾讯日K/前复权日K,2026-08-07T20:33:10+08:00,20260926T093659
159915,创业板ETF易方达,SZSE,2025-02-10,2.14,2.147,2.114,2.142,2.14,2.147,2.114,2.142,1.0,1322839800.0,2821357496.675,腾讯日K/前复权日K,2026-08-07T20:33:10+08:00,20260926T093659
159915,创业板ETF易方达,SZSE,2025-02-11,2.141,2.142,2.11,2.113,2.141,2.142,2.11,2.113,1.0,1067453200.0,2260595044.488,腾讯日K/前复权日K,2026-08-07T20:33:10+08:00,20260926T093659
159915,创业板ETF易方达,SZSE,2025-02-12,2.107,2.154,2.101,2.15,2.107,2.154,2.101,2.15,1.0,1562336400.0,3322841476.11,腾讯日K/前复权日K,2026-08-07T20:33:10+08:00,20260926T093659
159915,创业板ETF易方达,SZSE,2025-02-13,2.145,2.163,2.133,2.135,2.145,2.163,2.133,2.135,1.0,1498365600.0,3217541986.367,腾讯日K/前复权日K,2026-08-07T20:33:10+08:00,20260926T093659
159915,创业板ETF易方达,SZSE,2025-02-14,2.134,2.181,2.132,2.174,2.134,2.181,2.132,2.174,1.0,2157786100.0,4668509747.439,腾讯日K/前复权日K,2026-08-07T20:33:10+08:00,20260926T093659
159915,创业板ETF易方达,SZSE,2025-02-17,2.198,2.2,2.166,2.182,2.198,2.2,2.166,2.182,1.0,1650052700.0,3606618049.443,腾讯日K/前复权日K,2026-08-07T20:33:10+08:00,20260926T093659
159915,创业板ETF易方达,SZSE,2025-02-18,2.178,2.19,2.131,2.14,2.178,2.19,2.131,2.14,1.0,1336311000.0,2892733134.994,腾讯日K/前复权日K,2026-08-07T20:33:10+08:00,20260926T093659
159915,创业板ETF易方达,SZSE,2025-02-19,2.136,2.186,2.133,2.185,2.136,2.186,2.133,2.185,1.0,1381906400.0,2996598071.184,腾讯日K/前复权日K,2026-08-07T20:33:10+08:00,20260926T093659
159915,创业板ETF易方达,SZSE,2025-02-20,2.179,2.191,2.161,2.184,2.179,2.191,2.161,2.184,1.0,1007332000.0,2194588122.263,腾讯日K/前复权日K,2026-08-07T20:33:10+08:00,20260926T093659
159915,创业板ETF易方达,SZSE,2025-02-21,2.185,2.242,2.185,2.239,2.185,2.242,2.185,2.239,1.0,1818252300.0,4035502064.543,腾讯日K/前复权日K,2026-08-07T20:33:10+08:00,20260926T093659
159915,创业板ETF易方达,SZSE,2025-02-24,2.232,2.24,2.201,2.221,2.232,2.24,2.201,2.221,1.0,1544732400.0,3431453111.529,腾讯日K/前复权日K,2026-08-07T20:33:10+08:00,20260926T093659
159915,创业板ETF易方达,SZSE,2025-02-25,2.189,2.222,2.185,2.197,2.189,2.222,2.185,2.197,1.0,1455833600.0,3203034928.62,腾讯日K/前复权日K,2026-08-07T20:33:10+08:00,20260926T093659
159915,创业板ETF易方达,SZSE,2025-02-26,2.199,2.225,2.19,2.223,2.199,2.225,2.19,2.223,1.0,1344108600.0,2970832857.675,腾讯日K/前复权日K,2026-08-07T20:33:10+08:00,20260926T093659
159915,创业板ETF易方达,SZSE,2025-02-27,2.224,2.237,2.183,2.212,2.224,2.237,2.183,2.212,1.0,1342483500.0,2963835960.485,腾讯日K/前复权日K,2026-08-07T20:33:10+08:00,20260926T093659
159915,创业板ETF易方达,SZSE,2025-02-28,2.197,2.198,2.123,2.128,2.197,2.198,2.123,2.128,1.0,1895179200.0,4095199128.933,腾讯日K/前复权日K,2026-08-07T20:33:10+08:00,20260926T093659
159915,创业板ETF易方达,SZSE,2025-03-03,2.133,2.189,2.12,2.154,2.133,2.189,2.12,2.154,1.0,2012943700.0,4353725070.0,腾讯日K/前复权日K,2026-08-07T20:33:10+08:00,20260926T093659
159915,创业板ETF易方达,SZSE,2025-03-04,2.131,2.151,2.12,2.149,2.131,2.151,2.12,2.149,1.0,1075561600.0,2299059817.031,腾讯日K/前复权日K,2026-08-07T20:33:10+08:00,20260926T093659
159915,创业板ETF易方达,SZSE,2025-03-05,2.147,2.159,2.131,2.149,2.147,2.159,2.131,2.149,1.0,958304500.0,2053850545.627,腾讯日K/前复权日K,2026-08-07T20:33:10+08:00,20260926T093659
159915,创业板ETF易方达,SZSE,2025-03-06,2.162,2.2,2.16,2.191,2.162,2.2,2.16,2.191,1.0,1763060600.0,3849695005.753,腾讯日K/前复权日K,2026-08-07T20:33:10+08:00,20260926T093659
159915,创业板ETF易方达,SZSE,2025-03-07,2.181,2.183,2.152,2.16,2.181,2.183,2.152,2.16,1.0,1259617900.0,2731623950.059,腾讯日K/前复权日K,2026-08-07T20:33:10+08:00,20260926T093659
159915,创业板ETF易方达,SZSE,2025-03-10,2.166,2.174,2.14,2.159,2.166,2.174,2.14,2.159,1.0,1057825700.0,2277006445.308,腾讯日K/前复权日K,2026-08-07T20:33:10+08:00,20260926T093659
159915,创业板ETF易方达,SZSE,2025-03-11,2.135,2.161,2.131,2.159,2.135,2.161,2.131,2.159,1.0,1109701200.0,2382242786.444,腾讯日K/前复权日K,2026-08-07T20:33:10+08:00,20260926T093659
159915,创业板ETF易方达,SZSE,2025-03-12,2.17,2.172,2.148,2.149,2.17,2.172,2.148,2.149,1.0,1044119500.0,2254199739.096,腾讯日K/前复权日K,2026-08-07T20:33:10+08:00,20260926T093659
159915,创业板ETF易方达,SZSE,2025-03-13,2.146,2.158,2.113,2.125,2.146,2.158,2.113,2.125,1.0,1114060700.0,2373852234.623,腾讯日K/前复权日K,2026-08-07T20:33:10+08:00,20260926T093659
159915,创业板ETF易方达,SZSE,2025-03-14,2.125,2.19,2.12,2.186,2.125,2.19,2.12,2.186,1.0,1964722100.0,4259564959.696,腾讯日K/前复权日K,2026-08-07T20:33:10+08:00,20260926T093659
159915,创业板ETF易方达,SZSE,2025-03-17,2.188,2.191,2.169,2.173,2.188,2.191,2.169,2.173,1.0,1018689200.0,2217737744.359,腾讯日K/前复权日K,2026-08-07T20:33:10+08:00,20260926T093659
159915,创业板ETF易方达,SZSE,2025-03-18,2.182,2.201,2.173,2.185,2.182,2.201,2.173,2.185,1.0,1116734100.0,2442376910.384,腾讯日K/前复权日K,2026-08-07T20:33:10+08:00,20260926T093659
159915,创业板ETF易方达,SZSE,2025-03-19,2.181,2.195,2.166,2.178,2.181,2.195,2.166,2.178,1.0,956447200.0,2084327408.135,腾讯日K/前复权日K,2026-08-07T20:33:10+08:00,20260926T093659
159915,创业板ETF易方达,SZSE,2025-03-20,2.178,2.18,2.155,2.158,2.178,2.18,2.155,2.158,1.0,874402200.0,1894715234.15,腾讯日K/前复权日K,2026-08-07T20:33:10+08:00,20260926T093659
159915,创业板ETF易方达,SZSE,2025-03-21,2.153,2.159,2.108,2.112,2.153,2.159,2.108,2.112,1.0,1421201700.0,3023428322.313,腾讯日K/前复权日K,2026-08-07T20:33:10+08:00,20260926T093659
159915,创业板ETF易方达,SZSE,2025-03-24,2.11,2.118,2.084,2.112,2.11,2.118,2.084,2.112,1.0,942742300.0,1982939078.184,腾讯日K/前复权日K,2026-08-07T20:33:10+08:00,20260926T093659
159915,创业板ETF易方达,SZSE,2025-03-25,2.112,2.123,2.094,2.105,2.112,2.123,2.094,2.105,1.0,933635200.0,1967146654.34,腾讯日K/前复权日K,2026-08-07T20:33:10+08:00,20260926T093659
159915,创业板ETF易方达,SZSE,2025-03-26,2.1,2.117,2.097,2.098,2.1,2.117,2.097,2.098,1.0,883948500.0,1861535855.22,腾讯日K/前复权日K,2026-08-07T20:33:10+08:00,20260926T093659
159915,创业板ETF易方达,SZSE,2025-03-27,2.093,2.125,2.076,2.103,2.093,2.125,2.076,2.103,1.0,934864000.0,1963608468.535,腾讯日K/前复权日K,2026-08-07T20:33:10+08:00,20260926T093659
159915,创业板ETF易方达,SZSE,2025-03-28,2.101,2.112,2.087,2.089,2.101,2.112,2.087,2.089,1.0,816200600.0,1710499759.8,腾讯日K/前复权日K,2026-08-07T20:33:10+08:00,20260926T093659
159915,创业板ETF易方达,SZSE,2025-03-31,2.079,2.083,2.047,2.064,2.079,2.083,2.047,2.064,1.0,1231822100.0,2541748555.966,腾讯日K/前复权日K,2026-08-07T20:33:10+08:00,20260926T093659
159915,创业板ETF易方达,SZSE,2025-04-01,2.067,2.087,2.06,2.062,2.067,2.087,2.06,2.062,1.0,930483900.0,1927320561.242,腾讯日K/前复权日K,2026-08-07T20:33:10+08:00,20260926T093659
159915,创业板ETF易方达,SZSE,2025-04-02,2.062,2.081,2.057,2.064,2.062,2.081,2.057,2.064,1.0,730318800.0,1510412683.185,腾讯日K/前复权日K,2026-08-07T20:33:10+08:00,20260926T093659
159915,创业板ETF易方达,SZSE,2025-04-03,2.042,2.057,2.018,2.027,2.042,2.057,2.018,2.027,1.0,1562642300.0,3181472986.023,腾讯日K/前复权日K,2026-08-07T20:33:10+08:00,20260926T093659
159915,创业板ETF易方达,SZSE,2025-04-07,1.93,1.931,1.721,1.775,1.93,1.931,1.721,1.775,1.0,6950586800.0,12659759619.398,腾讯日K/前复权日K,2026-08-07T20:33:10+08:00,20260926T093659
159915,创业板ETF易方达,SZSE,2025-04-08,1.792,1.844,1.777,1.804,1.792,1.844,1.777,1.804,1.0,2929732200.0,5298034546.772,腾讯日K/前复权日K,2026-08-07T20:33:10+08:00,20260926T093659
159915,创业板ETF易方达,SZSE,2025-04-09,1.762,1.838,1.743,1.823,1.762,1.838,1.743,1.823,1.0,3192985700.0,5760841736.393,腾讯日K/前复权日K,2026-08-07T20:33:10+08:00,20260926T093659
159915,创业板ETF易方达,SZSE,2025-04-10,1.88,1.908,1.86,1.863,1.88,1.908,1.86,1.863,1.0,2909461800.0,5475498058.797,腾讯日K/前复权日K,2026-08-07T20:33:10+08:00,20260926T093659
159915,创业板ETF易方达,SZSE,2025-04-11,1.845,1.907,1.844,1.892,1.845,1.907,1.844,1.892,1.0,1860534900.0,3492329846.925,腾讯日K/前复权日K,2026-08-07T20:33:10+08:00,20260926T093659
159915,创业板ETF易方达,SZSE,2025-04-14,1.915,1.919,1.892,1.895,1.915,1.919,1.892,1.895,1.0,1303328100.0,2481540099.817,腾讯日K/前复权日K,2026-08-07T20:33:10+08:00,20260926T093659
159915,创业板ETF易方达,SZSE,2025-04-15,1.895,1.903,1.881,1.893,1.895,1.903,1.881,1.893,1.0,994336400.0,1879135555.703,腾讯日K/前复权日K,2026-08-07T20:33:10+08:00,20260926T093659
159915,创业板ETF易方达,SZSE,2025-04-16,1.885,1.885,1.844,1.87,1.885,1.885,1.844,1.87,1.0,1728180900.0,3218073684.0,腾讯日K/前复权日K,2026-08-07T20:33:10+08:00,20260926T093659
159915,创业板ETF易方达,SZSE,2025-04-17,1.859,1.887,1.856,1.873,1.859,1.887,1.856,1.873,1.0,1108408400.0,2081248945.704,腾讯日K/前复权日K,2026-08-07T20:33:10+08:00,20260926T093659
159915,创业板ETF易方达,SZSE,2025-04-18,1.865,1.881,1.862,1.878,1.865,1.881,1.862,1.878,1.0,888857000.0,1664135334.929,腾讯日K/前复权日K,2026-08-07T20:33:10+08:00,20260926T093659
159915,创业板ETF易方达,SZSE,2025-04-21,1.874,1.91,1.865,1.908,1.874,1.91,1.865,1.908,1.0,1228790700.0,2328928106.628,腾讯日K/前复权日K,2026-08-07T20:33:10+08:00,20260926T093659
159915,创业板ETF易方达,SZSE,2025-04-22,1.903,1.911,1.895,1.899,1.903,1.911,1.895,1.899,1.0,868982700.0,1652435883.609,腾讯日K/前复权日K,2026-08-07T20:33:10+08:00,20260926T093659
159915,创业板ETF易方达,SZSE,2025-04-23,1.917,1.933,1.906,1.919,1.917,1.933,1.906,1.919,1.0,1517964100.0,2915749901.78,腾讯日K/前复权日K,2026-08-07T20:33:10+08:00,20260926T093659
159915,创业板ETF易方达,SZSE,2025-04-24,1.916,1.929,1.902,1.907,1.916,1.929,1.902,1.907,1.0,1220739600.0,2336068858.749,腾讯日K/前复权日K,2026-08-07T20:33:10+08:00,20260926T093659
159915,创业板ETF易方达,SZSE,2025-04-25,1.913,1.932,1.908,1.92,1.913,1.932,1.908,1.92,1.0,1202452000.0,2309659992.776,腾讯日K/前复权日K,2026-08-07T20:33:10+08:00,20260926T093659
159915,创业板ETF易方达,SZSE,2025-04-28,1.918,1.921,1.901,1.906,1.918,1.921,1.901,1.906,1.0,699126100.0,1334167133.0,腾讯日K/前复权日K,2026-08-07T20:33:10+08:00,20260926T093659
159915,创业板ETF易方达,SZSE,2025-04-29,1.902,1.912,1.895,1.903,1.902,1.912,1.895,1.903,1.0,679507000.0,1293918095.471,腾讯日K/前复权日K,2026-08-07T20:33:10+08:00,20260926T093659
159915,创业板ETF易方达,SZSE,2025-04-30,1.905,1.926,1.904,1.921,1.905,1.926,1.904,1.921,1.0,1065559500.0,2044909415.911,腾讯日K/前复权日K,2026-08-07T20:33:10+08:00,20260926T093659
159915,创业板ETF易方达,SZSE,2025-05-06,1.936,1.959,1.935,1.958,1.936,1.959,1.935,1.958,1.0,1039514500.0,2026370672.879,腾讯日K/前复权日K,2026-08-07T20:33:10+08:00,20260926T093659
159915,创业板ETF易方达,SZSE,2025-05-07,1.995,2.007,1.953,1.967,1.995,2.007,1.953,1.967,1.0,1734873200.0,3426132325.993,腾讯日K/前复权日K,2026-08-07T20:33:10+08:00,20260926T093659
159915,创业板ETF易方达,SZSE,2025-05-08,1.963,2.006,1.961,2.001,1.963,2.006,1.961,2.001,1.0,1580404700.0,3148925965.463,腾讯日K/前复权日K,2026-08-07T20:33:10+08:00,20260926T093659
159915,创业板ETF易方达,SZSE,2025-05-09,2.0,2.001,1.975,1.984,2.0,2.001,1.975,1.984,1.0,820913200.0,1629568540.583,腾讯日K/前复权日K,2026-08-07T20:33:10+08:00,20260926T093659
159915,创业板ETF易方达,SZSE,2025-05-12,2.013,2.037,2.007,2.037,2.013,2.037,2.007,2.037,1.0,1558494900.0,3149770588.876,腾讯日K/前复权日K,2026-08-07T20:33:10+08:00,20260926T093659
159915,创业板ETF易方达,SZSE,2025-05-13,2.062,2.065,2.027,2.03,2.062,2.065,2.027,2.03,1.0,1095212200.0,2234622684.115,腾讯日K/前复权日K,2026-08-07T20:33:10+08:00,20260926T093659
159915,创业板ETF易方达,SZSE,2025-05-14,2.032,2.074,2.021,2.054,2.032,2.074,2.021,2.054,1.0,1221065300.0,2496059353.939,腾讯日K/前复权日K,2026-08-07T20:33:10+08:00,20260926T093659
159915,创业板ETF易方达,SZSE,2025-05-15,2.046,2.047,2.012,2.012,2.046,2.047,2.012,2.012,1.0,853339500.0,1727955312.398,腾讯日K/前复权日K,2026-08-07T20:33:10+08:00,20260926T093659
159915,创业板ETF易方达,SZSE,2025-05-16,2.006,2.02,2.005,2.008,2.006,2.02,2.005,2.008,1.0,594697500.0,1197218183.195,腾讯日K/前复权日K,2026-08-07T20:33:10+08:00,20260926T093659
159915,创业板ETF易方达,SZSE,2025-05-19,2.006,2.008,1.988,2.002,2.006,2.008,1.988,2.002,1.0,737995000.0,1474714685.148,腾讯日K/前复权日K,2026-08-07T20:33:10+08:00,20260926T093659
159915,创业板ETF易方达,SZSE,2025-05-20,2.009,2.031,1.997,2.018,2.009,2.031,1.997,2.018,1.0,784444600.0,1580369547.217,腾讯日K/前复权日K,2026-08-07T20:33:10+08:00,20260926T093659
159915,创业板ETF易方达,SZSE,2025-05-21,2.02,2.047,2.019,2.034,2.02,2.047,2.019,2.034,1.0,1024128500.0,2083759004.62,腾讯日K/前复权日K,2026-08-07T20:33:10+08:00,20260926T093659
159915,创业板ETF易方达,SZSE,2025-05-22,2.036,2.037,2.014,2.016,2.036,2.037,2.014,2.016,1.0,561539400.0,1135814240.949,腾讯日K/前复权日K,2026-08-07T20:33:10+08:00,20260926T093659
159915,创业板ETF易方达,SZSE,2025-05-23,2.015,2.03,1.994,1.994,2.015,2.03,1.994,1.994,1.0,727237900.0,1463619653.819,腾讯日K/前复权日K,2026-08-07T20:33:10+08:00,20260926T093659
159915,创业板ETF易方达,SZSE,2025-05-26,1.99,1.997,1.965,1.977,1.99,1.997,1.965,1.977,1.0,753296200.0,1489711308.496,腾讯日K/前复权日K,2026-08-07T20:33:10+08:00,20260926T093659
159915,创业板ETF易方达,SZSE,2025-05-27,1.976,1.976,1.957,1.967,1.976,1.976,1.957,1.967,1.0,746429100.0,1466776070.321,腾讯日K/前复权日K,2026-08-07T20:33:10+08:00,20260926T093659
159915,创业板ETF易方达,SZSE,2025-05-28,1.969,1.975,1.956,1.959,1.969,1.975,1.956,1.959,1.0,719516800.0,1414015462.706,腾讯日K/前复权日K,2026-08-07T20:33:10+08:00,20260926T093659
159915,创业板ETF易方达,SZSE,2025-05-29,1.962,1.991,1.961,1.989,1.962,1.991,1.961,1.989,1.0,934137900.0,1850177077.489,腾讯日K/前复权日K,2026-08-07T20:33:10+08:00,20260926T093659
159915,创业板ETF易方达,SZSE,2025-05-30,1.98,1.98,1.963,1.972,1.98,1.98,1.963,1.972,1.0,661225500.0,1303691547.765,腾讯日K/前复权日K,2026-08-07T20:33:10+08:00,20260926T093659
159915,创业板ETF易方达,SZSE,2025-06-03,1.961,1.987,1.96,1.977,1.961,1.987,1.96,1.977,1.0,575877800.0,1139384009.044,腾讯日K/前复权日K,2026-08-07T20:33:10+08:00,20260926T093659
159915,创业板ETF易方达,SZSE,2025-06-04,1.983,2.006,1.982,2.0,1.983,2.006,1.982,2.0,1.0,738909300.0,1475808291.241,腾讯日K/前复权日K,2026-08-07T20:33:10+08:00,20260926T093659
159915,创业板ETF易方达,SZSE,2025-06-05,2.001,2.029,1.989,2.023,2.001,2.029,1.989,2.023,1.0,808452900.0,1624628219.751,腾讯日K/前复权日K,2026-08-07T20:33:10+08:00,20260926T093659
159915,创业板ETF易方达,SZSE,2025-06-06,2.022,2.027,2.01,2.017,2.022,2.027,2.01,2.017,1.0,514750400.0,1037863344.0,腾讯日K/前复权日K,2026-08-07T20:33:10+08:00,20260926T093659
159915,创业板ETF易方达,SZSE,2025-06-09,2.02,2.051,2.02,2.034,2.02,2.051,2.02,2.034,1.0,844534700.0,1721674805.581,腾讯日K/前复权日K,2026-08-07T20:33:10+08:00,20260926T093659
159915,创业板ETF易方达,SZSE,2025-06-10,2.034,2.041,1.999,2.012,2.034,2.041,1.999,2.012,1.0,938502300.0,1894152205.056,腾讯日K/前复权日K,2026-08-07T20:33:10+08:00,20260926T093659
159915,创业板ETF易方达,SZSE,2025-06-11,2.016,2.053,2.016,2.038,2.016,2.053,2.016,2.038,1.0,873272000.0,1781856917.291,腾讯日K/前复权日K,2026-08-07T20:33:10+08:00,20260926T093659
159915,创业板ETF易方达,SZSE,2025-06-12,2.033,2.052,2.027,2.04,2.033,2.052,2.027,2.04,1.0,612476000.0,1250732889.926,腾讯日K/前复权日K,2026-08-07T20:33:10+08:00,20260926T093659
159915,创业板ETF易方达,SZSE,2025-06-13,2.033,2.042,2.015,2.02,2.033,2.042,2.015,2.02,1.0,730211500.0,1480102735.182,腾讯日K/前复权日K,2026-08-07T20:33:10+08:00,20260926T093659
159915,创业板ETF易方达,SZSE,2025-06-16,2.019,2.039,2.016,2.037,2.019,2.039,2.016,2.037,1.0,497644800.0,1011261424.094,腾讯日K/前复权日K,2026-08-07T20:33:10+08:00,20260926T093659
159915,创业板ETF易方达,SZSE,2025-06-17,2.04,2.041,2.023,2.028,2.04,2.041,2.023,2.028,1.0,425257500.0,863471367.207,腾讯日K/前复权日K,2026-08-07T20:33:10+08:00,20260926T093659
159915,创业板ETF易方达,SZSE,2025-06-18,2.027,2.038,2.017,2.034,2.027,2.038,2.017,2.034,1.0,493112700.0,999608204.908,腾讯日K/前复权日K,2026-08-07T20:33:10+08:00,20260926T093659
159915,创业板ETF易方达,SZSE,2025-06-19,2.028,2.036,2.0,2.005,2.028,2.036,2.0,2.005,1.0,698947900.0,1408373550.495,腾讯日K/前复权日K,2026-08-07T20:33:10+08:00,20260926T093659
159915,创业板ETF易方达,SZSE,2025-06-20,2.005,2.015,1.987,1.988,2.005,2.015,1.987,1.988,1.0,592674400.0,1183215436.7,腾讯日K/前复权日K,2026-08-07T20:33:10+08:00,20260926T093659
159915,创业板ETF易方达,SZSE,2025-06-23,1.98,2.001,1.975,1.998,1.98,2.001,1.975,1.998,1.0,606865700.0,1207204146.999,腾讯日K/前复权日K,2026-08-07T20:33:10+08:00,20260926T093659
159915,创业板ETF易方达,SZSE,2025-06-24,2.004,2.044,2.003,2.044,2.004,2.044,2.003,2.044,1.0,1238842900.0,2518135496.438,腾讯日K/前复权日K,2026-08-07T20:33:10+08:00,20260926T093659
159915,创业板ETF易方达,SZSE,2025-06-25,2.05,2.113,2.05,2.109,2.05,2.113,2.05,2.109,1.0,1638197300.0,3406556995.774,腾讯日K/前复权日K,2026-08-07T20:33:10+08:00,20260926T093659
159915,创业板ETF易方达,SZSE,2025-06-26,2.109,2.121,2.092,2.093,2.109,2.121,2.092,2.093,1.0,1104073900.0,2325635078.858,腾讯日K/前复权日K,2026-08-07T20:33:10+08:00,20260926T093659
159915,创业板ETF易方达,SZSE,2025-06-27,2.1,2.125,2.091,2.101,2.1,2.125,2.091,2.101,1.0,1132678000.0,2389373180.739,腾讯日K/前复权日K,2026-08-07T20:33:10+08:00,20260926T093659
159915,创业板ETF易方达,SZSE,2025-06-30,2.11,2.134,2.106,2.133,2.11,2.134,2.106,2.133,1.0,1063413100.0,2255934779.632,腾讯日K/前复权日K,2026-08-07T20:33:10+08:00,20260926T093659
159915,创业板ETF易方达,SZSE,2025-07-01,2.128,2.131,2.112,2.126,2.128,2.131,2.112,2.126,1.0,675800800.0,1434048675.341,腾讯日K/前复权日K,2026-08-07T20:33:10+08:00,20260926T093659
159915,创业板ETF易方达,SZSE,2025-07-02,2.123,2.123,2.097,2.104,2.123,2.123,2.097,2.104,1.0,686930800.0,1445894926.421,腾讯日K/前复权日K,2026-08-07T20:33:10+08:00,20260926T093659
159915,创业板ETF易方达,SZSE,2025-07-03,2.11,2.147,2.108,2.141,2.11,2.147,2.108,2.141,1.0,1043751600.0,2221641222.03,腾讯日K/前复权日K,2026-08-07T20:33:10+08:00,20260926T093659
159915,创业板ETF易方达,SZSE,2025-07-04,2.141,2.167,2.131,2.133,2.141,2.167,2.131,2.133,1.0,1077084700.0,2308805612.626,腾讯日K/前复权日K,2026-08-07T20:33:10+08:00,20260926T093659
159915,创业板ETF易方达,SZSE,2025-07-07,2.126,2.134,2.106,2.11,2.126,2.134,2.106,2.11,1.0,763151400.0,1613281869.68,腾讯日K/前复权日K,2026-08-07T20:33:10+08:00,20260926T093659
159915,创业板ETF易方达,SZSE,2025-07-08,2.109,2.161,2.107,2.159,2.109,2.161,2.107,2.159,1.0,1259122700.0,2700369074.947,腾讯日K/前复权日K,2026-08-07T20:33:10+08:00,20260926T093659
159915,创业板ETF易方达,SZSE,2025-07-09,2.157,2.183,2.155,2.163,2.157,2.183,2.155,2.163,1.0,1122364500.0,2435284014.046,腾讯日K/前复权日K,2026-08-07T20:33:10+08:00,20260926T093659
159915,创业板ETF易方达,SZSE,2025-07-10,2.17,2.179,2.153,2.169,2.17,2.179,2.153,2.169,1.0,845535600.0,1830798185.168,腾讯日K/前复权日K,2026-08-07T20:33:10+08:00,20260926T093659
159915,创业板ETF易方达,SZSE,2025-07-11,2.169,2.202,2.159,2.185,2.169,2.202,2.159,2.185,1.0,1141929900.0,2493790368.014,腾讯日K/前复权日K,2026-08-07T20:33:10+08:00,20260926T093659
159915,创业板ETF易方达,SZSE,2025-07-14,2.18,2.187,2.167,2.177,2.18,2.187,2.167,2.177,1.0,666132500.0,1449095599.025,腾讯日K/前复权日K,2026-08-07T20:33:10+08:00,20260926T093659
159915,创业板ETF易方达,SZSE,2025-07-15,2.184,2.223,2.184,2.212,2.184,2.223,2.184,2.212,1.0,1427317700.0,3151896333.733,腾讯日K/前复权日K,2026-08-07T20:33:10+08:00,20260926T093659
159915,创业板ETF易方达,SZSE,2025-07-16,2.217,2.237,2.205,2.206,2.217,2.237,2.205,2.206,1.0,801457100.0,1778554120.466,腾讯日K/前复权日K,2026-08-07T20:33:10+08:00,20260926T093659
159915,创业板ETF易方达,SZSE,2025-07-17,2.205,2.247,2.204,2.247,2.205,2.247,2.204,2.247,1.0,961569400.0,2146267402.895,腾讯日K/前复权日K,2026-08-07T20:33:10+08:00,20260926T093659
159915,创业板ETF易方达,SZSE,2025-07-18,2.256,2.274,2.241,2.252,2.256,2.274,2.241,2.252,1.0,944041000.0,2131513000.878,腾讯日K/前复权日K,2026-08-07T20:33:10+08:00,20260926T093659
159915,创业板ETF易方达,SZSE,2025-07-21,2.258,2.275,2.251,2.275,2.258,2.275,2.251,2.275,1.0,991144200.0,2244881619.446,腾讯日K/前复权日K,2026-08-07T20:33:10+08:00,20260926T093659
159915,创业板ETF易方达,SZSE,2025-07-22,2.274,2.291,2.267,2.289,2.274,2.291,2.267,2.289,1.0,1078462500.0,2460630714.563,腾讯日K/前复权日K,2026-08-07T20:33:10+08:00,20260926T093659
159915,创业板ETF易方达,SZSE,2025-07-23,2.288,2.31,2.281,2.287,2.288,2.31,2.281,2.287,1.0,1233562200.0,2829799317.115,腾讯日K/前复权日K,2026-08-07T20:33:10+08:00,20260926T093659
159915,创业板ETF易方达,SZSE,2025-07-24,2.297,2.325,2.291,2.325,2.297,2.325,2.291,2.325,1.0,1034695200.0,2386144787.825,腾讯日K/前复权日K,2026-08-07T20:33:10+08:00,20260926T093659
159915,创业板ETF易方达,SZSE,2025-07-25,2.326,2.326,2.308,2.318,2.326,2.326,2.308,2.318,1.0,761029200.0,1763030434.184,腾讯日K/前复权日K,2026-08-07T20:33:10+08:00,20260926T093659
159915,创业板ETF易方达,SZSE,2025-07-28,2.322,2.344,2.311,2.342,2.322,2.344,2.311,2.342,1.0,864799500.0,2015532116.201,腾讯日K/前复权日K,2026-08-07T20:33:10+08:00,20260926T093659
159915,创业板ETF易方达,SZSE,2025-07-29,2.338,2.384,2.332,2.383,2.338,2.384,2.332,2.383,1.0,1042305300.0,2458006718.553,腾讯日K/前复权日K,2026-08-07T20:33:10+08:00,20260926T093659
159915,创业板ETF易方达,SZSE,2025-07-30,2.378,2.378,2.325,2.345,2.378,2.378,2.325,2.345,1.0,1795294300.0,4225955580.442,腾讯日K/前复权日K,2026-08-07T20:33:10+08:00,20260926T093659
159915,创业板ETF易方达,SZSE,2025-07-31,2.354,2.37,2.299,2.301,2.354,2.37,2.299,2.301,1.0,1980383600.0,4628163692.09,腾讯日K/前复权日K,2026-08-07T20:33:10+08:00,20260926T093659
159915,创业板ETF易方达,SZSE,2025-08-01,2.296,2.324,2.281,2.303,2.296,2.324,2.281,2.303,1.0,1137125300.0,2620619508.446,腾讯日K/前复权日K,2026-08-07T20:33:10+08:00,20260926T093659
159915,创业板ETF易方达,SZSE,2025-08-04,2.285,2.313,2.282,2.313,2.285,2.313,2.282,2.313,1.0,765103900.0,1755984114.526,腾讯日K/前复权日K,2026-08-07T20:33:10+08:00,20260926T093659
159915,创业板ETF易方达,SZSE,2025-08-05,2.326,2.328,2.3,2.32,2.326,2.328,2.3,2.32,1.0,1046431500.0,2423350451.697,腾讯日K/前复权日K,2026-08-07T20:33:10+08:00,20260926T093659
159915,创业板ETF易方达,SZSE,2025-08-06,2.314,2.338,2.312,2.336,2.314,2.338,2.312,2.336,1.0,869174200.0,2023667990.508,腾讯日K/前复权日K,2026-08-07T20:33:10+08:00,20260926T093659
159915,创业板ETF易方达,SZSE,2025-08-07,2.338,2.35,2.3,2.32,2.338,2.35,2.3,2.32,1.0,1103568900.0,2561935101.344,腾讯日K/前复权日K,2026-08-07T20:33:10+08:00,20260926T093659
159915,创业板ETF易方达,SZSE,2025-08-08,2.314,2.331,2.307,2.312,2.314,2.331,2.307,2.312,1.0,746176400.0,1728760970.226,腾讯日K/前复权日K,2026-08-07T20:33:10+08:00,20260926T093659
159915,创业板ETF易方达,SZSE,2025-08-11,2.317,2.362,2.312,2.357,2.317,2.362,2.312,2.357,1.0,1159751800.0,2719858279.901,腾讯日K/前复权日K,2026-08-07T20:33:10+08:00,20260926T093659
159915,创业板ETF易方达,SZSE,2025-08-12,2.358,2.385,2.345,2.385,2.358,2.385,2.345,2.385,1.0,1112049500.0,2635788947.593,腾讯日K/前复权日K,2026-08-07T20:33:10+08:00,20260926T093659
159915,创业板ETF易方达,SZSE,2025-08-13,2.395,2.475,2.391,2.473,2.395,2.475,2.391,2.473,1.0,1897685100.0,4624232806.169,腾讯日K/前复权日K,2026-08-07T20:33:10+08:00,20260926T093659
159915,创业板ETF易方达,SZSE,2025-08-14,2.473,2.489,2.438,2.446,2.473,2.489,2.438,2.446,1.0,1489282700.0,3670028993.538,腾讯日K/前复权日K,2026-08-07T20:33:10+08:00,20260926T093659
159915,创业板ETF易方达,SZSE,2025-08-15,2.435,2.518,2.435,2.509,2.435,2.518,2.435,2.509,1.0,1427117300.0,3545929725.368,腾讯日K/前复权日K,2026-08-07T20:33:10+08:00,20260926T093659
159915,创业板ETF易方达,SZSE,2025-08-18,2.52,2.608,2.504,2.582,2.52,2.608,2.504,2.582,1.0,2296931500.0,5893785524.283,腾讯日K/前复权日K,2026-08-07T20:33:10+08:00,20260926T093659
159915,创业板ETF易方达,SZSE,2025-08-19,2.575,2.61,2.561,2.575,2.575,2.61,2.561,2.575,1.0,1635409000.0,4222774161.561,腾讯日K/前复权日K,2026-08-07T20:33:10+08:00,20260926T093659
159915,创业板ETF易方达,SZSE,2025-08-20,2.551,2.588,2.524,2.588,2.551,2.588,2.524,2.588,1.0,2059444100.0,5260550950.151,腾讯日K/前复权日K,2026-08-07T20:33:10+08:00,20260926T093659
159915,创业板ETF易方达,SZSE,2025-08-21,2.589,2.605,2.558,2.572,2.589,2.605,2.558,2.572,1.0,1882804400.0,4859237812.754,腾讯日K/前复权日K,2026-08-07T20:33:10+08:00,20260926T093659
159915,创业板ETF易方达,SZSE,2025-08-22,2.566,2.663,2.563,2.662,2.566,2.663,2.563,2.662,1.0,2165908900.0,5681941122.755,腾讯日K/前复权日K,2026-08-07T20:33:10+08:00,20260926T093659
159915,创业板ETF易方达,SZSE,2025-08-25,2.693,2.76,2.675,2.737,2.693,2.76,2.675,2.737,1.0,2751414000.0,7457636147.978,腾讯日K/前复权日K,2026-08-07T20:33:10+08:00,20260926T093659
159915,创业板ETF易方达,SZSE,2025-08-26,2.727,2.75,2.702,2.716,2.727,2.75,2.702,2.716,1.0,2091832200.0,5706483426.739,腾讯日K/前复权日K,2026-08-07T20:33:10+08:00,20260926T093659
159915,创业板ETF易方达,SZSE,2025-08-27,2.716,2.796,2.696,2.696,2.716,2.796,2.696,2.696,1.0,2943477600.0,8091776959.283,腾讯日K/前复权日K,2026-08-07T20:33:10+08:00,20260926T093659
159915,创业板ETF易方达,SZSE,2025-08-28,2.68,2.807,2.677,2.806,2.68,2.807,2.677,2.806,1.0,2682020800.0,7337066719.709,腾讯日K/前复权日K,2026-08-07T20:33:10+08:00,20260926T093659
159915,创业板ETF易方达,SZSE,2025-08-29,2.799,2.909,2.78,2.865,2.799,2.909,2.78,2.865,1.0,2476060800.0,7050495858.504,腾讯日K/前复权日K,2026-08-07T20:33:10+08:00,20260926T093659
159915,创业板ETF易方达,SZSE,2025-09-01,2.88,2.932,2.859,2.927,2.88,2.932,2.859,2.927,1.0,2064101200.0,5979182419.477,腾讯日K/前复权日K,2026-08-07T20:33:10+08:00,20260926T093659
159915,创业板ETF易方达,SZSE,2025-09-02,2.922,2.954,2.815,2.848,2.922,2.954,2.815,2.848,1.0,3020220500.0,8691244492.502,腾讯日K/前复权日K,2026-08-07T20:33:10+08:00,20260926T093659
159915,创业板ETF易方达,SZSE,2025-09-03,2.852,2.899,2.832,2.87,2.852,2.899,2.832,2.87,1.0,2918703200.0,8367566301.436,腾讯日K/前复权日K,2026-08-07T20:33:10+08:00,20260926T093659
159915,创业板ETF易方达,SZSE,2025-09-04,2.899,2.93,2.716,2.751,2.899,2.93,2.716,2.751,1.0,3504601900.0,9856433541.82,腾讯日K/前复权日K,2026-08-07T20:33:10+08:00,20260926T093659
159915,创业板ETF易方达,SZSE,2025-09-05,2.75,2.947,2.749,2.944,2.75,2.947,2.749,2.944,1.0,2742078900.0,7802431010.294,腾讯日K/前复权日K,2026-08-07T20:33:10+08:00,20260926T093659
159915,创业板ETF易方达,SZSE,2025-09-08,2.946,2.951,2.856,2.908,2.946,2.951,2.856,2.908,1.0,2496878200.0,7234949537.598,腾讯日K/前复权日K,2026-08-07T20:33:10+08:00,20260926T093659
159915,创业板ETF易方达,SZSE,2025-09-09,2.866,2.898,2.818,2.845,2.866,2.898,2.818,2.845,1.0,1704675500.0,4870733789.144,腾讯日K/前复权日K,2026-08-07T20:33:10+08:00,20260926T093659
159915,创业板ETF易方达,SZSE,2025-09-10,2.857,2.9,2.833,2.875,2.857,2.9,2.833,2.875,1.0,1859579400.0,5345322585.754,腾讯日K/前复权日K,2026-08-07T20:33:10+08:00,20260926T093659
159915,创业板ETF易方达,SZSE,2025-09-11,2.883,3.027,2.871,3.025,2.883,3.027,2.871,3.025,1.0,2629737300.0,7786806668.195,腾讯日K/前复权日K,2026-08-07T20:33:10+08:00,20260926T093659
159915,创业板ETF易方达,SZSE,2025-09-12,3.01,3.033,2.982,2.995,3.01,3.033,2.982,2.995,1.0,2125362300.0,6394148105.646,腾讯日K/前复权日K,2026-08-07T20:33:10+08:00,20260926T093659
159915,创业板ETF易方达,SZSE,2025-09-15,3.006,3.08,3.006,3.037,3.006,3.08,3.006,3.037,1.0,1713662000.0,5227741888.059,腾讯日K/前复权日K,2026-08-07T20:33:10+08:00,20260926T093659
159915,创业板ETF易方达,SZSE,2025-09-16,3.039,3.064,2.993,3.059,3.039,3.064,2.993,3.059,1.0,1888635000.0,5729177908.937,腾讯日K/前复权日K,2026-08-07T20:33:10+08:00,20260926T093659
159915,创业板ETF易方达,SZSE,2025-09-17,3.055,3.125,3.036,3.119,3.055,3.125,3.036,3.119,1.0,1668757300.0,5154304123.48,腾讯日K/前复权日K,2026-08-07T20:33:10+08:00,20260926T093659
159915,创业板ETF易方达,SZSE,2025-09-18,3.115,3.141,3.024,3.067,3.115,3.141,3.024,3.067,1.0,2719063200.0,8408306051.594,腾讯日K/前复权日K,2026-08-07T20:33:10+08:00,20260926T093659
159915,创业板ETF易方达,SZSE,2025-09-19,3.067,3.101,3.046,3.062,3.067,3.101,3.046,3.062,1.0,1712231800.0,5266798692.281,腾讯日K/前复权日K,2026-08-07T20:33:10+08:00,20260926T093659
159915,创业板ETF易方达,SZSE,2025-09-22,3.068,3.082,3.026,3.082,3.068,3.082,3.026,3.082,1.0,1382078700.0,4228087839.518,腾讯日K/前复权日K,2026-08-07T20:33:10+08:00,20260926T093659
159915,创业板ETF易方达,SZSE,2025-09-23,3.115,3.13,3.015,3.093,3.115,3.13,3.015,3.093,1.0,2232003400.0,6865555807.126,腾讯日K/前复权日K,2026-08-07T20:33:10+08:00,20260926T093659
159915,创业板ETF易方达,SZSE,2025-09-24,3.063,3.162,3.061,3.16,3.063,3.162,3.061,3.16,1.0,1944989500.0,6065237036.156,腾讯日K/前复权日K,2026-08-07T20:33:10+08:00,20260926T093659
159915,创业板ETF易方达,SZSE,2025-09-25,3.15,3.24,3.134,3.211,3.15,3.24,3.134,3.211,1.0,1625732400.0,5199641840.272,腾讯日K/前复权日K,2026-08-07T20:33:10+08:00,20260926T093659
159915,创业板ETF易方达,SZSE,2025-09-26,3.193,3.226,3.126,3.129,3.193,3.226,3.126,3.129,1.0,1692755900.0,5368043518.048,腾讯日K/前复权日K,2026-08-07T20:33:10+08:00,20260926T093659
159915,创业板ETF易方达,SZSE,2025-09-29,3.126,3.233,3.126,3.213,3.126,3.233,3.126,3.213,1.0,1632847100.0,5208289767.057,腾讯日K/前复权日K,2026-08-07T20:33:10+08:00,20260926T093659
159915,创业板ETF易方达,SZSE,2025-09-30,3.221,3.254,3.194,3.217,3.221,3.254,3.194,3.217,1.0,1240171200.0,3995389304.531,腾讯日K/前复权日K,2026-08-07T20:33:10+08:00,20260926T093659
159915,创业板ETF易方达,SZSE,2025-10-09,3.217,3.297,3.217,3.235,3.217,3.297,3.217,3.235,1.0,1743566600.0,5667232669.797,腾讯日K/前复权日K,2026-08-07T20:33:10+08:00,20260926T093659
159915,创业板ETF易方达,SZSE,2025-10-10,3.201,3.217,3.072,3.095,3.201,3.217,3.072,3.095,1.0,2227643100.0,6981652423.033,腾讯日K/前复权日K,2026-08-07T20:33:10+08:00,20260926T093659
159915,创业板ETF易方达,SZSE,2025-10-13,2.952,3.073,2.951,3.054,2.952,3.073,2.951,3.054,1.0,2223548300.0,6730538312.754,腾讯日K/前复权日K,2026-08-07T20:33:10+08:00,20260926T093659
159915,创业板ETF易方达,SZSE,2025-10-14,3.093,3.106,2.92,2.934,3.093,3.106,2.92,2.934,1.0,2411647300.0,7241505141.832,腾讯日K/前复权日K,2026-08-07T20:33:10+08:00,20260926T093659
159915,创业板ETF易方达,SZSE,2025-10-15,2.932,3.01,2.905,3.003,2.932,3.01,2.905,3.003,1.0,1877004300.0,5552036995.144,腾讯日K/前复权日K,2026-08-07T20:33:10+08:00,20260926T093659
159915,创业板ETF易方达,SZSE,2025-10-16,2.984,3.044,2.978,3.014,2.984,3.044,2.978,3.014,1.0,1548870400.0,4670184541.573,腾讯日K/前复权日K,2026-08-07T20:33:10+08:00,20260926T093659
159915,创业板ETF易方达,SZSE,2025-10-17,3.002,3.021,2.91,2.915,3.002,3.021,2.91,2.915,1.0,1552640700.0,4576629143.027,腾讯日K/前复权日K,2026-08-07T20:33:10+08:00,20260926T093659
159915,创业板ETF易方达,SZSE,2025-10-20,2.976,3.02,2.948,2.971,2.976,3.02,2.948,2.971,1.0,1556678700.0,4642754506.081,腾讯日K/前复权日K,2026-08-07T20:33:10+08:00,20260926T093659
159915,创业板ETF易方达,SZSE,2025-10-21,2.999,3.078,2.972,3.062,2.999,3.078,2.972,3.062,1.0,1735963300.0,5272466543.795,腾讯日K/前复权日K,2026-08-07T20:33:10+08:00,20260926T093659
159915,创业板ETF易方达,SZSE,2025-10-22,3.037,3.067,3.02,3.039,3.037,3.067,3.02,3.039,1.0,1174128700.0,3571697635.407,腾讯日K/前复权日K,2026-08-07T20:33:10+08:00,20260926T093659
159915,创业板ETF易方达,SZSE,2025-10-23,3.021,3.045,2.98,3.038,3.021,3.045,2.98,3.038,1.0,998545800.0,3006639972.485,腾讯日K/前复权日K,2026-08-07T20:33:10+08:00,20260926T093659
159915,创业板ETF易方达,SZSE,2025-10-24,3.069,3.147,3.058,3.147,3.069,3.147,3.058,3.147,1.0,1494880500.0,4637974087.124,腾讯日K/前复权日K,2026-08-07T20:33:10+08:00,20260926T093659
159915,创业板ETF易方达,SZSE,2025-10-27,3.209,3.218,3.155,3.209,3.209,3.218,3.155,3.209,1.0,1509668500.0,4823568499.713,腾讯日K/前复权日K,2026-08-07T20:33:10+08:00,20260926T093659
159915,创业板ETF易方达,SZSE,2025-10-28,3.189,3.258,3.181,3.205,3.189,3.258,3.181,3.205,1.0,1353329700.0,4352354390.296,腾讯日K/前复权日K,2026-08-07T20:33:10+08:00,20260926T093659
159915,创业板ETF易方达,SZSE,2025-10-29,3.235,3.3,3.234,3.3,3.235,3.3,3.234,3.3,1.0,1370135600.0,4473209145.637,腾讯日K/前复权日K,2026-08-07T20:33:10+08:00,20260926T093659
159915,创业板ETF易方达,SZSE,2025-10-30,3.296,3.308,3.235,3.239,3.296,3.308,3.235,3.239,1.0,1406884000.0,4602035004.766,腾讯日K/前复权日K,2026-08-07T20:33:10+08:00,20260926T093659
159915,创业板ETF易方达,SZSE,2025-10-31,3.235,3.258,3.164,3.166,3.235,3.258,3.164,3.166,1.0,1495642900.0,4795957338.81,腾讯日K/前复权日K,2026-08-07T20:33:10+08:00,20260926T093659
159915,创业板ETF易方达,SZSE,2025-11-03,3.152,3.178,3.098,3.176,3.152,3.178,3.098,3.176,1.0,1291988800.0,4057838466.861,腾讯日K/前复权日K,2026-08-07T20:33:10+08:00,20260926T093659
159915,创业板ETF易方达,SZSE,2025-11-04,3.166,3.184,3.087,3.112,3.166,3.184,3.087,3.112,1.0,1277900300.0,3999079270.611,腾讯日K/前复权日K,2026-08-07T20:33:10+08:00,20260926T093659
159915,创业板ETF易方达,SZSE,2025-11-05,3.06,3.157,3.046,3.142,3.06,3.157,3.046,3.142,1.0,1312861500.0,4073292024.942,腾讯日K/前复权日K,2026-08-07T20:33:10+08:00,20260926T093659
159915,创业板ETF易方达,SZSE,2025-11-06,3.158,3.213,3.153,3.201,3.158,3.213,3.153,3.201,1.0,1334423000.0,4251348431.464,腾讯日K/前复权日K,2026-08-07T20:33:10+08:00,20260926T093659
159915,创业板ETF易方达,SZSE,2025-11-07,3.184,3.218,3.155,3.185,3.184,3.218,3.155,3.185,1.0,970514600.0,3090346851.245,腾讯日K/前复权日K,2026-08-07T20:33:10+08:00,20260926T093659
159915,创业板ETF易方达,SZSE,2025-11-10,3.2,3.215,3.117,3.158,3.2,3.215,3.117,3.158,1.0,1174688800.0,3697770212.51,腾讯日K/前复权日K,2026-08-07T20:33:10+08:00,20260926T093659
159915,创业板ETF易方达,SZSE,2025-11-11,3.175,3.188,3.107,3.113,3.175,3.188,3.107,3.113,1.0,1057309800.0,3323335998.6,腾讯日K/前复权日K,2026-08-07T20:33:10+08:00,20260926T093659
159915,创业板ETF易方达,SZSE,2025-11-12,3.095,3.116,3.058,3.108,3.095,3.116,3.058,3.108,1.0,1181466100.0,3648762908.877,腾讯日K/前复权日K,2026-08-07T20:33:10+08:00,20260926T093659
159915,创业板ETF易方达,SZSE,2025-11-13,3.094,3.188,3.086,3.182,3.094,3.188,3.086,3.182,1.0,1601868300.0,5045454814.849,腾讯日K/前复权日K,2026-08-07T20:33:10+08:00,20260926T093659
159915,创业板ETF易方达,SZSE,2025-11-14,3.146,3.146,3.091,3.093,3.146,3.146,3.091,3.093,1.0,1221752300.0,3818689061.473,腾讯日K/前复权日K,2026-08-07T20:33:10+08:00,20260926T093659
159915,创业板ETF易方达,SZSE,2025-11-17,3.074,3.101,3.06,3.084,3.074,3.101,3.06,3.084,1.0,982889100.0,3024962847.564,腾讯日K/前复权日K,2026-08-07T20:33:10+08:00,20260926T093659
159915,创业板ETF易方达,SZSE,2025-11-18,3.069,3.095,3.032,3.051,3.069,3.095,3.032,3.051,1.0,1252458700.0,3834326362.657,腾讯日K/前复权日K,2026-08-07T20:33:10+08:00,20260926T093659
159915,创业板ETF易方达,SZSE,2025-11-19,3.051,3.092,3.041,3.057,3.051,3.092,3.041,3.057,1.0,1325419500.0,4059815544.721,腾讯日K/前复权日K,2026-08-07T20:33:10+08:00,20260926T093659
159915,创业板ETF易方达,SZSE,2025-11-20,3.106,3.113,3.019,3.026,3.106,3.113,3.019,3.026,1.0,1380802300.0,4222309799.476,腾讯日K/前复权日K,2026-08-07T20:33:10+08:00,20260926T093659
159915,创业板ETF易方达,SZSE,2025-11-21,2.99,2.99,2.903,2.904,2.99,2.99,2.903,2.904,1.0,2381325400.0,7001980046.896,腾讯日K/前复权日K,2026-08-07T20:33:10+08:00,20260926T093659
159915,创业板ETF易方达,SZSE,2025-11-24,2.925,2.932,2.873,2.908,2.925,2.932,2.873,2.908,1.0,1510800900.0,4394186366.192,腾讯日K/前复权日K,2026-08-07T20:33:10+08:00,20260926T093659
159915,创业板ETF易方达,SZSE,2025-11-25,2.951,3.008,2.94,2.961,2.951,3.008,2.94,2.961,1.0,2184713700.0,6485664185.436,腾讯日K/前复权日K,2026-08-07T20:33:10+08:00,20260926T093659
159915,创业板ETF易方达,SZSE,2025-11-26,2.955,3.061,2.943,3.027,2.955,3.061,2.943,3.027,1.0,1826348300.0,5496575402.93,腾讯日K/前复权日K,2026-08-07T20:33:10+08:00,20260926T093659
159915,创业板ETF易方达,SZSE,2025-11-27,3.018,3.093,3.007,3.012,3.018,3.093,3.007,3.012,1.0,1249768700.0,3812794595.844,腾讯日K/前复权日K,2026-08-07T20:33:10+08:00,20260926T093659
159915,创业板ETF易方达,SZSE,2025-11-28,3.008,3.048,2.993,3.035,3.008,3.048,2.993,3.035,1.0,909253500.0,2745371289.08,腾讯日K/前复权日K,2026-08-07T20:33:10+08:00,20260926T093659
159915,创业板ETF易方达,SZSE,2025-12-01,3.044,3.074,3.017,3.073,3.044,3.074,3.017,3.073,1.0,1004677200.0,3065143122.884,腾讯日K/前复权日K,2026-08-07T20:33:10+08:00,20260926T093659
159915,创业板ETF易方达,SZSE,2025-12-02,3.075,3.075,3.036,3.052,3.075,3.075,3.036,3.052,1.0,623224600.0,1904764494.804,腾讯日K/前复权日K,2026-08-07T20:33:10+08:00,20260926T093659
159915,创业板ETF易方达,SZSE,2025-12-03,3.058,3.086,3.01,3.019,3.058,3.086,3.01,3.019,1.0,776119000.0,2361211728.084,腾讯日K/前复权日K,2026-08-07T20:33:10+08:00,20260926T093659
159915,创业板ETF易方达,SZSE,2025-12-04,3.014,3.056,2.997,3.051,3.014,3.056,2.997,3.051,1.0,808438000.0,2449923929.303,腾讯日K/前复权日K,2026-08-07T20:33:10+08:00,20260926T093659
159915,创业板ETF易方达,SZSE,2025-12-05,3.063,3.098,3.028,3.089,3.063,3.098,3.028,3.089,1.0,873843700.0,2681407787.262,腾讯日K/前复权日K,2026-08-07T20:33:10+08:00,20260926T093659
159915,创业板ETF易方达,SZSE,2025-12-08,3.101,3.194,3.099,3.171,3.101,3.194,3.099,3.171,1.0,1268125600.0,4001557936.312,腾讯日K/前复权日K,2026-08-07T20:33:10+08:00,20260926T093659
159915,创业板ETF易方达,SZSE,2025-12-09,3.168,3.215,3.153,3.188,3.168,3.215,3.153,3.188,1.0,1082566100.0,3451146147.769,腾讯日K/前复权日K,2026-08-07T20:33:10+08:00,20260926T093659
159915,创业板ETF易方达,SZSE,2025-12-10,3.185,3.2,3.124,3.192,3.185,3.2,3.124,3.192,1.0,852958600.0,2694949380.043,腾讯日K/前复权日K,2026-08-07T20:33:10+08:00,20260926T093659
159915,创业板ETF易方达,SZSE,2025-12-11,3.192,3.226,3.145,3.146,3.192,3.226,3.145,3.146,1.0,936231300.0,2993222525.739,腾讯日K/前复权日K,2026-08-07T20:33:10+08:00,20260926T093659
159915,创业板ETF易方达,SZSE,2025-12-12,3.152,3.186,3.12,3.174,3.152,3.186,3.12,3.174,1.0,1011013100.0,3194779883.316,腾讯日K/前复权日K,2026-08-07T20:33:10+08:00,20260926T093659
159915,创业板ETF易方达,SZSE,2025-12-15,3.14,3.167,3.119,3.12,3.14,3.167,3.119,3.12,1.0,798453200.0,2506448325.479,腾讯日K/前复权日K,2026-08-07T20:33:10+08:00,20260926T093659
159915,创业板ETF易方达,SZSE,2025-12-16,3.112,3.125,3.043,3.06,3.112,3.125,3.043,3.06,1.0,1309898700.0,4025761888.812,腾讯日K/前复权日K,2026-08-07T20:33:10+08:00,20260926T093659
159915,创业板ETF易方达,SZSE,2025-12-17,3.057,3.165,3.054,3.164,3.057,3.165,3.054,3.164,1.0,1586163700.0,4937699275.096,腾讯日K/前复权日K,2026-08-07T20:33:10+08:00,20260926T093659
159915,创业板ETF易方达,SZSE,2025-12-18,3.134,3.14,3.092,3.092,3.134,3.14,3.092,3.092,1.0,1380517400.0,4297352252.305,腾讯日K/前复权日K,2026-08-07T20:33:10+08:00,20260926T093659
159915,创业板ETF易方达,SZSE,2025-12-19,3.118,3.141,3.096,3.107,3.118,3.141,3.096,3.107,1.0,1067093100.0,3326085604.734,腾讯日K/前复权日K,2026-08-07T20:33:10+08:00,20260926T093659
159915,创业板ETF易方达,SZSE,2025-12-22,3.135,3.18,3.135,3.175,3.135,3.18,3.135,3.175,1.0,1326079900.0,4197241563.678,腾讯日K/前复权日K,2026-08-07T20:33:10+08:00,20260926T093659
159915,创业板ETF易方达,SZSE,2025-12-23,3.18,3.21,3.166,3.185,3.18,3.21,3.166,3.185,1.0,946018800.0,3015016522.905,腾讯日K/前复权日K,2026-08-07T20:33:10+08:00,20260926T093659
159915,创业板ETF易方达,SZSE,2025-12-24,3.194,3.219,3.177,3.212,3.194,3.219,3.177,3.212,1.0,782862100.0,2505014135.06,腾讯日K/前复权日K,2026-08-07T20:33:10+08:00,20260926T093659
159915,创业板ETF易方达,SZSE,2025-12-25,3.21,3.234,3.184,3.222,3.21,3.234,3.184,3.222,1.0,882507000.0,2835992188.315,腾讯日K/前复权日K,2026-08-07T20:33:10+08:00,20260926T093659
159915,创业板ETF易方达,SZSE,2025-12-26,3.222,3.252,3.202,3.226,3.222,3.252,3.202,3.226,1.0,953278400.0,3075750266.223,腾讯日K/前复权日K,2026-08-07T20:33:10+08:00,20260926T093659
159915,创业板ETF易方达,SZSE,2025-12-29,3.217,3.234,3.19,3.205,3.217,3.234,3.19,3.205,1.0,952073200.0,3055961797.223,腾讯日K/前复权日K,2026-08-07T20:33:10+08:00,20260926T093659
159915,创业板ETF易方达,SZSE,2025-12-30,3.19,3.234,3.19,3.229,3.19,3.234,3.19,3.229,1.0,1180965500.0,3800219966.893,腾讯日K/前复权日K,2026-08-07T20:33:10+08:00,20260926T093659
159915,创业板ETF易方达,SZSE,2025-12-31,3.23,3.239,3.182,3.186,3.23,3.239,3.182,3.186,1.0,717889700.0,2302045751.952,腾讯日K/前复权日K,2026-08-07T20:33:10+08:00,20260926T093659
159915,创业板ETF易方达,SZSE,2026-01-05,3.215,3.281,3.21,3.281,3.215,3.281,3.21,3.281,1.0,1093577100.0,3551323048.42,腾讯日K/前复权日K,2026-08-07T20:33:10+08:00,20260926T093659
159915,创业板ETF易方达,SZSE,2026-01-06,3.278,3.305,3.249,3.303,3.278,3.305,3.249,3.303,1.0,1317059800.0,4324236361.937,腾讯日K/前复权日K,2026-08-07T20:33:10+08:00,20260926T093659
159915,创业板ETF易方达,SZSE,2026-01-07,3.311,3.336,3.281,3.311,3.311,3.336,3.281,3.311,1.0,1227046700.0,4059296355.554,腾讯日K/前复权日K,2026-08-07T20:33:10+08:00,20260926T093659
159915,创业板ETF易方达,SZSE,2026-01-08,3.291,3.313,3.27,3.287,3.291,3.313,3.27,3.287,1.0,1103913000.0,3632320850.416,腾讯日K/前复权日K,2026-08-07T20:33:10+08:00,20260926T093659
159915,创业板ETF易方达,SZSE,2026-01-09,3.269,3.315,3.253,3.314,3.269,3.315,3.253,3.314,1.0,1545146300.0,5087072562.422,腾讯日K/前复权日K,2026-08-07T20:33:10+08:00,20260926T093659
159915,创业板ETF易方达,SZSE,2026-01-12,3.314,3.387,3.267,3.371,3.314,3.387,3.267,3.371,1.0,2193720100.0,7314374488.185,腾讯日K/前复权日K,2026-08-07T20:33:10+08:00,20260926T093659
159915,创业板ETF易方达,SZSE,2026-01-13,3.372,3.402,3.291,3.306,3.372,3.402,3.291,3.306,1.0,1931467300.0,6466148012.324,腾讯日K/前复权日K,2026-08-07T20:33:10+08:00,20260926T093659
159915,创业板ETF易方达,SZSE,2026-01-14,3.307,3.388,3.292,3.332,3.307,3.388,3.292,3.332,1.0,2874007900.0,9606956788.598,腾讯日K/前复权日K,2026-08-07T20:33:10+08:00,20260926T093659
159915,创业板ETF易方达,SZSE,2026-01-15,3.306,3.359,3.293,3.352,3.306,3.359,3.293,3.352,1.0,3886523300.0,12904865517.29,腾讯日K/前复权日K,2026-08-07T20:33:10+08:00,20260926T093659
159915,创业板ETF易方达,SZSE,2026-01-16,3.382,3.394,3.337,3.346,3.382,3.394,3.337,3.346,1.0,4092518800.0,13720977212.367,腾讯日K/前复权日K,2026-08-07T20:33:10+08:00,20260926T093659
159915,创业板ETF易方达,SZSE,2026-01-19,3.327,3.369,3.31,3.318,3.327,3.369,3.31,3.318,1.0,1943741800.0,6480798729.57,腾讯日K/前复权日K,2026-08-07T20:33:10+08:00,20260926T093659
159915,创业板ETF易方达,SZSE,2026-01-20,3.319,3.335,3.242,3.263,3.319,3.335,3.242,3.263,1.0,2328267500.0,7628206634.222,腾讯日K/前复权日K,2026-08-07T20:33:10+08:00,20260926T093659
159915,创业板ETF易方达,SZSE,2026-01-21,3.243,3.315,3.242,3.281,3.243,3.315,3.242,3.281,1.0,1195061500.0,3933094022.781,腾讯日K/前复权日K,2026-08-07T20:33:10+08:00,20260926T093659
159915,创业板ETF易方达,SZSE,2026-01-22,3.298,3.323,3.264,3.315,3.298,3.323,3.264,3.315,1.0,1791980000.0,5894354074.254,腾讯日K/前复权日K,2026-08-07T20:33:10+08:00,20260926T093659
159915,创业板ETF易方达,SZSE,2026-01-23,3.322,3.337,3.304,3.337,3.322,3.337,3.304,3.337,1.0,907993900.0,3018742908.302,腾讯日K/前复权日K,2026-08-07T20:33:10+08:00,20260926T093659
159915,创业板ETF易方达,SZSE,2026-01-26,3.352,3.355,3.292,3.305,3.352,3.355,3.292,3.305,1.0,1678245700.0,5559095523.957,腾讯日K/前复权日K,2026-08-07T20:33:10+08:00,20260926T093659
159915,创业板ETF易方达,SZSE,2026-01-27,3.31,3.352,3.263,3.327,3.31,3.352,3.263,3.327,1.0,1765271500.0,5853388036.695,腾讯日K/前复权日K,2026-08-07T20:33:10+08:00,20260926T093659
159915,创业板ETF易方达,SZSE,2026-01-28,3.342,3.345,3.29,3.307,3.342,3.345,3.29,3.307,1.0,1949640200.0,6465046669.206,腾讯日K/前复权日K,2026-08-07T20:33:10+08:00,20260926T093659
159915,创业板ETF易方达,SZSE,2026-01-29,3.297,3.342,3.284,3.292,3.297,3.342,3.284,3.292,1.0,1626118700.0,5378675115.192,腾讯日K/前复权日K,2026-08-07T20:33:10+08:00,20260926T093659
159915,创业板ETF易方达,SZSE,2026-01-30,3.286,3.355,3.241,3.335,3.286,3.355,3.241,3.335,1.0,1291838100.0,4271421135.064,腾讯日K/前复权日K,2026-08-07T20:33:10+08:00,20260926T093659
159915,创业板ETF易方达,SZSE,2026-02-02,3.338,3.376,3.248,3.252,3.338,3.376,3.248,3.252,1.0,1148759300.0,3801816673.138,腾讯日K/前复权日K,2026-08-07T20:33:10+08:00,20260926T093659
159915,创业板ETF易方达,SZSE,2026-02-03,3.302,3.32,3.238,3.313,3.302,3.32,3.238,3.313,1.0,1201589300.0,3952454659.255,腾讯日K/前复权日K,2026-08-07T20:33:10+08:00,20260926T093659
159915,创业板ETF易方达,SZSE,2026-02-04,3.29,3.307,3.233,3.297,3.29,3.307,3.233,3.297,1.0,1179786200.0,3852326601.838,腾讯日K/前复权日K,2026-08-07T20:33:10+08:00,20260926T093659
159915,创业板ETF易方达,SZSE,2026-02-05,3.264,3.278,3.227,3.238,3.264,3.278,3.227,3.238,1.0,985289400.0,3200834322.531,腾讯日K/前复权日K,2026-08-07T20:33:10+08:00,20260926T093659
159915,创业板ETF易方达,SZSE,2026-02-06,3.21,3.275,3.187,3.229,3.21,3.275,3.187,3.229,1.0,878530600.0,2843474221.458,腾讯日K/前复权日K,2026-08-07T20:33:10+08:00,20260926T093659
159915,创业板ETF易方达,SZSE,2026-02-09,3.288,3.327,3.263,3.321,3.288,3.327,3.263,3.321,1.0,989621300.0,3265112642.186,腾讯日K/前复权日K,2026-08-07T20:33:10+08:00,20260926T093659
159915,创业板ETF易方达,SZSE,2026-02-10,3.327,3.335,3.307,3.311,3.327,3.335,3.307,3.311,1.0,538115600.0,1786183381.832,腾讯日K/前复权日K,2026-08-07T20:33:10+08:00,20260926T093659
159915,创业板ETF易方达,SZSE,2026-02-11,3.3,3.312,3.272,3.273,3.3,3.312,3.272,3.273,1.0,811867300.0,2669085868.988,腾讯日K/前复权日K,2026-08-07T20:33:10+08:00,20260926T093659
159915,创业板ETF易方达,SZSE,2026-02-12,3.28,3.323,3.277,3.319,3.28,3.323,3.277,3.319,1.0,951628200.0,3145580563.839,腾讯日K/前复权日K,2026-08-07T20:33:10+08:00,20260926T093659
159915,创业板ETF易方达,SZSE,2026-02-13,3.303,3.313,3.263,3.265,3.303,3.313,3.263,3.265,1.0,935966400.0,3077154441.329,腾讯日K/前复权日K,2026-08-07T20:33:10+08:00,20260926T093659
159915,创业板ETF易方达,SZSE,2026-02-24,3.318,3.331,3.282,3.295,3.318,3.331,3.282,3.295,1.0,924964000.0,3059400028.358,腾讯日K/前复权日K,2026-08-07T20:33:10+08:00,20260926T093659
159915,创业板ETF易方达,SZSE,2026-02-25,3.301,3.352,3.293,3.344,3.301,3.352,3.293,3.344,1.0,1102226400.0,3669068169.732,腾讯日K/前复权日K,2026-08-07T20:33:10+08:00,20260926T093659
159915,创业板ETF易方达,SZSE,2026-02-26,3.338,3.343,3.301,3.336,3.338,3.343,3.301,3.336,1.0,891284300.0,2959414786.886,腾讯日K/前复权日K,2026-08-07T20:33:10+08:00,20260926T093659
159915,创业板ETF易方达,SZSE,2026-02-27,3.31,3.317,3.283,3.301,3.31,3.317,3.283,3.301,1.0,1270882100.0,4189212906.84,腾讯日K/前复权日K,2026-08-07T20:33:10+08:00,20260926T093659
159915,创业板ETF易方达,SZSE,2026-03-02,3.251,3.308,3.25,3.282,3.251,3.308,3.25,3.282,1.0,1691759100.0,5551369278.544,腾讯日K/前复权日K,2026-08-07T20:33:10+08:00,20260926T093659
159915,创业板ETF易方达,SZSE,2026-03-03,3.303,3.32,3.198,3.205,3.303,3.32,3.198,3.205,1.0,1675116900.0,5460114837.727,腾讯日K/前复权日K,2026-08-07T20:33:10+08:00,20260926T093659
159915,创业板ETF易方达,SZSE,2026-03-04,3.17,3.207,3.138,3.154,3.17,3.207,3.138,3.154,1.0,1404622800.0,4453321263.303,腾讯日K/前复权日K,2026-08-07T20:33:10+08:00,20260926T093659
159915,创业板ETF易方达,SZSE,2026-03-05,3.216,3.254,3.183,3.206,3.216,3.254,3.183,3.206,1.0,1591868300.0,5123994848.675,腾讯日K/前复权日K,2026-08-07T20:33:10+08:00,20260926T093659
159915,创业板ETF易方达,SZSE,2026-03-06,3.191,3.238,3.169,3.225,3.191,3.238,3.169,3.225,1.0,859446100.0,2755966767.95,腾讯日K/前复权日K,2026-08-07T20:33:10+08:00,20260926T093659
159915,创业板ETF易方达,SZSE,2026-03-09,3.183,3.21,3.1,3.201,3.183,3.21,3.1,3.201,1.0,1371918900.0,4311143643.948,腾讯日K/前复权日K,2026-08-07T20:33:10+08:00,20260926T093659
159915,创业板ETF易方达,SZSE,2026-03-10,3.267,3.298,3.252,3.296,3.267,3.298,3.252,3.296,1.0,1240933600.0,4069373222.191,腾讯日K/前复权日K,2026-08-07T20:33:10+08:00,20260926T093659
159915,创业板ETF易方达,SZSE,2026-03-11,3.303,3.377,3.303,3.335,3.303,3.377,3.303,3.335,1.0,1073178300.0,3585290331.082,腾讯日K/前复权日K,2026-08-07T20:33:10+08:00,20260926T093659
159915,创业板ETF易方达,SZSE,2026-03-12,3.34,3.35,3.278,3.308,3.34,3.35,3.278,3.308,1.0,787646100.0,2601723474.185,腾讯日K/前复权日K,2026-08-07T20:33:10+08:00,20260926T093659
159915,创业板ETF易方达,SZSE,2026-03-13,3.29,3.334,3.28,3.3,3.29,3.334,3.28,3.3,1.0,809791900.0,2682651220.724,腾讯日K/前复权日K,2026-08-07T20:33:10+08:00,20260926T093659
159915,创业板ETF易方达,SZSE,2026-03-16,3.308,3.35,3.275,3.349,3.308,3.35,3.275,3.349,1.0,1065374400.0,3529085209.464,腾讯日K/前复权日K,2026-08-07T20:33:10+08:00,20260926T093659
159915,创业板ETF易方达,SZSE,2026-03-17,3.369,3.379,3.271,3.273,3.369,3.379,3.271,3.273,1.0,1159777400.0,3853089118.117,腾讯日K/前复权日K,2026-08-07T20:33:10+08:00,20260926T093659
159915,创业板ETF易方达,SZSE,2026-03-18,3.293,3.341,3.265,3.338,3.293,3.341,3.265,3.338,1.0,1120868000.0,3701559654.42,腾讯日K/前复权日K,2026-08-07T20:33:10+08:00,20260926T093659
159915,创业板ETF易方达,SZSE,2026-03-19,3.297,3.353,3.287,3.303,3.297,3.353,3.287,3.303,1.0,1246934500.0,4139744623.703,腾讯日K/前复权日K,2026-08-07T20:33:10+08:00,20260926T093659
159915,创业板ETF易方达,SZSE,2026-03-20,3.337,3.417,3.337,3.341,3.337,3.417,3.337,3.341,1.0,1959672900.0,6613612449.458,腾讯日K/前复权日K,2026-08-07T20:33:10+08:00,20260926T093659
159915,创业板ETF易方达,SZSE,2026-03-23,3.3,3.326,3.206,3.228,3.3,3.326,3.206,3.228,1.0,1683293200.0,5505326627.788,腾讯日K/前复权日K,2026-08-07T20:33:10+08:00,20260926T093659
159915,创业板ETF易方达,SZSE,2026-03-24,3.275,3.277,3.145,3.237,3.275,3.277,3.145,3.237,1.0,1481026700.0,4747716096.742,腾讯日K/前复权日K,2026-08-07T20:33:10+08:00,20260926T093659
159915,创业板ETF易方达,SZSE,2026-03-25,3.279,3.315,3.262,3.307,3.279,3.315,3.262,3.307,1.0,1178836800.0,3885554464.343,腾讯日K/前复权日K,2026-08-07T20:33:10+08:00,20260926T093659
159915,创业板ETF易方达,SZSE,2026-03-26,3.306,3.338,3.256,3.263,3.306,3.338,3.256,3.263,1.0,953041800.0,3137106084.603,腾讯日K/前复权日K,2026-08-07T20:33:10+08:00,20260926T093659
159915,创业板ETF易方达,SZSE,2026-03-27,3.241,3.313,3.221,3.293,3.241,3.313,3.221,3.293,1.0,941177700.0,3079351984.17,腾讯日K/前复权日K,2026-08-07T20:33:10+08:00,20260926T093659
159915,创业板ETF易方达,SZSE,2026-03-30,3.242,3.273,3.216,3.264,3.242,3.273,3.216,3.264,1.0,988480400.0,3210679548.133,腾讯日K/前复权日K,2026-08-07T20:33:10+08:00,20260926T093659
159915,创业板ETF易方达,SZSE,2026-03-31,3.248,3.272,3.178,3.182,3.248,3.272,3.178,3.182,1.0,1379479000.0,4434723769.673,腾讯日K/前复权日K,2026-08-07T20:33:10+08:00,20260926T093659
159915,创业板ETF易方达,SZSE,2026-04-01,3.245,3.247,3.2,3.232,3.245,3.247,3.2,3.232,1.0,1137456800.0,3666283809.55,腾讯日K/前复权日K,2026-08-07T20:33:10+08:00,20260926T093659
159915,创业板ETF易方达,SZSE,2026-04-02,3.224,3.224,3.148,3.164,3.224,3.224,3.148,3.164,1.0,1035747400.0,3296758515.252,腾讯日K/前复权日K,2026-08-07T20:33:10+08:00,20260926T093659
159915,创业板ETF易方达,SZSE,2026-04-03,3.182,3.189,3.139,3.141,3.182,3.189,3.139,3.141,1.0,735319600.0,2326714624.862,腾讯日K/前复权日K,2026-08-07T20:33:10+08:00,20260926T093659
159915,创业板ETF易方达,SZSE,2026-04-07,3.153,3.173,3.125,3.151,3.153,3.173,3.125,3.151,1.0,749372400.0,2361499071.31,腾讯日K/前复权日K,2026-08-07T20:33:10+08:00,20260926T093659
159915,创业板ETF易方达,SZSE,2026-04-08,3.241,3.345,3.235,3.345,3.241,3.345,3.235,3.345,1.0,1456939900.0,4785824705.834,腾讯日K/前复权日K,2026-08-07T20:33:10+08:00,20260926T093659
159915,创业板ETF易方达,SZSE,2026-04-09,3.316,3.331,3.292,3.32,3.316,3.331,3.292,3.32,1.0,726721400.0,2407159486.863,腾讯日K/前复权日K,2026-08-07T20:33:10+08:00,20260926T093659
159915,创业板ETF易方达,SZSE,2026-04-10,3.339,3.462,3.339,3.437,3.339,3.462,3.339,3.437,1.0,1393326400.0,4765722093.559,腾讯日K/前复权日K,2026-08-07T20:33:10+08:00,20260926T093659
159915,创业板ETF易方达,SZSE,2026-04-13,3.43,3.485,3.421,3.468,3.43,3.485,3.421,3.468,1.0,1041762900.0,3606546237.848,腾讯日K/前复权日K,2026-08-07T20:33:10+08:00,20260926T093659
159915,创业板ETF易方达,SZSE,2026-04-14,3.501,3.552,3.484,3.55,3.501,3.552,3.484,3.55,1.0,1063243600.0,3744100707.304,腾讯日K/前复权日K,2026-08-07T20:33:10+08:00,20260926T093659
159915,创业板ETF易方达,SZSE,2026-04-15,3.589,3.595,3.482,3.511,3.589,3.595,3.482,3.511,1.0,1352469000.0,4785008636.285,腾讯日K/前复权日K,2026-08-07T20:33:10+08:00,20260926T093659
159915,创业板ETF易方达,SZSE,2026-04-16,3.522,3.624,3.511,3.624,3.522,3.624,3.511,3.624,1.0,1479654200.0,5298080774.882,腾讯日K/前复权日K,2026-08-07T20:33:10+08:00,20260926T093659
159915,创业板ETF易方达,SZSE,2026-04-17,3.638,3.678,3.61,3.67,3.638,3.678,3.61,3.67,1.0,1503305800.0,5489998910.635,腾讯日K/前复权日K,2026-08-07T20:33:10+08:00,20260926T093659
159915,创业板ETF易方达,SZSE,2026-04-20,3.657,3.689,3.636,3.672,3.657,3.689,3.636,3.672,1.0,1485358800.0,5444544523.628,腾讯日K/前复权日K,2026-08-07T20:33:10+08:00,20260926T093659
159915,创业板ETF易方达,SZSE,2026-04-21,3.663,3.688,3.614,3.681,3.663,3.688,3.614,3.681,1.0,1382838300.0,5051182322.518,腾讯日K/前复权日K,2026-08-07T20:33:10+08:00,20260926T093659
159915,创业板ETF易方达,SZSE,2026-04-22,3.66,3.761,3.66,3.758,3.66,3.761,3.66,3.758,1.0,1861500600.0,6923895010.658,腾讯日K/前复权日K,2026-08-07T20:33:10+08:00,20260926T093659
159915,创业板ETF易方达,SZSE,2026-04-23,3.769,3.789,3.684,3.728,3.769,3.789,3.684,3.728,1.0,1458092100.0,5446610050.463,腾讯日K/前复权日K,2026-08-07T20:33:10+08:00,20260926T093659
159915,创业板ETF易方达,SZSE,2026-04-24,3.689,3.704,3.63,3.674,3.689,3.704,3.63,3.674,1.0,1712826500.0,6285359225.219,腾讯日K/前复权日K,2026-08-07T20:33:10+08:00,20260926T093659
159915,创业板ETF易方达,SZSE,2026-04-27,3.68,3.691,3.643,3.652,3.68,3.691,3.643,3.652,1.0,960411100.0,3519636450.21,腾讯日K/前复权日K,2026-08-07T20:33:10+08:00,20260926T093659
159915,创业板ETF易方达,SZSE,2026-04-28,3.63,3.643,3.588,3.602,3.63,3.643,3.588,3.602,1.0,1106101900.0,3998704631.168,腾讯日K/前复权日K,2026-08-07T20:33:10+08:00,20260926T093659
159915,创业板ETF易方达,SZSE,2026-04-29,3.585,3.7,3.578,3.694,3.585,3.7,3.578,3.694,1.0,1064146100.0,3886447435.205,腾讯日K/前复权日K,2026-08-07T20:33:10+08:00,20260926T093659
159915,创业板ETF易方达,SZSE,2026-04-30,3.703,3.727,3.668,3.689,3.703,3.727,3.668,3.689,1.0,1003984000.0,3710117031.458,腾讯日K/前复权日K,2026-08-07T20:33:10+08:00,20260926T093659
159915,创业板ETF易方达,SZSE,2026-05-06,3.763,3.824,3.733,3.786,3.763,3.824,3.733,3.786,1.0,1963948700.0,7445851677.571,腾讯日K/前复权日K,2026-08-07T20:33:10+08:00,20260926T093659
159915,创业板ETF易方达,SZSE,2026-05-07,3.814,3.849,3.769,3.845,3.814,3.849,3.769,3.845,1.0,894995500.0,3408781901.032,腾讯日K/前复权日K,2026-08-07T20:33:10+08:00,20260926T093659
159915,创业板ETF易方达,SZSE,2026-05-08,3.811,3.851,3.796,3.806,3.811,3.851,3.796,3.806,1.0,969618000.0,3704430721.104,腾讯日K/前复权日K,2026-08-07T20:33:10+08:00,20260926T093659
159915,创业板ETF易方达,SZSE,2026-05-11,3.834,3.947,3.806,3.947,3.834,3.947,3.806,3.947,1.0,1348822800.0,5237822670.85,腾讯日K/前复权日K,2026-08-07T20:33:10+08:00,20260926T093659
159915,创业板ETF易方达,SZSE,2026-05-12,3.952,3.966,3.907,3.94,3.952,3.966,3.907,3.94,1.0,1248083100.0,4919168159.673,腾讯日K/前复权日K,2026-08-07T20:33:10+08:00,20260926T093659
159915,创业板ETF易方达,SZSE,2026-05-13,3.91,4.054,3.904,4.048,3.91,4.054,3.904,4.048,1.0,1215009900.0,4827427703.022,腾讯日K/前复权日K,2026-08-07T20:33:10+08:00,20260926T093659
159915,创业板ETF易方达,SZSE,2026-05-14,4.092,4.104,3.948,3.961,4.092,4.104,3.948,3.961,1.0,1471968800.0,5906571388.606,腾讯日K/前复权日K,2026-08-07T20:33:10+08:00,20260926T093659
159915,创业板ETF易方达,SZSE,2026-05-15,3.961,4.015,3.88,3.97,3.961,4.015,3.88,3.97,1.0,1903600700.0,7510651174.562,腾讯日K/前复权日K,2026-08-07T20:33:10+08:00,20260926T093659
159915,创业板ETF易方达,SZSE,2026-05-18,3.912,3.971,3.892,3.923,3.912,3.971,3.892,3.923,1.0,1387092200.0,5450614720.997,腾讯日K/前复权日K,2026-08-07T20:33:10+08:00,20260926T093659
159915,创业板ETF易方达,SZSE,2026-05-19,3.901,3.931,3.82,3.922,3.901,3.931,3.82,3.922,1.0,1473240300.0,5712080576.183,腾讯日K/前复权日K,2026-08-07T20:33:10+08:00,20260926T093659
159915,创业板ETF易方达,SZSE,2026-05-20,3.895,3.959,3.895,3.932,3.895,3.959,3.895,3.932,1.0,1160267800.0,4551859988.279,腾讯日K/前复权日K,2026-08-07T20:33:10+08:00,20260926T093659
159915,创业板ETF易方达,SZSE,2026-05-21,3.97,4.029,3.835,3.846,3.97,4.029,3.835,3.846,1.0,1828414500.0,7219559132.685,腾讯日K/前复权日K,2026-08-07T20:33:10+08:00,20260926T093659
159915,创业板ETF易方达,SZSE,2026-05-22,3.877,3.959,3.866,3.946,3.877,3.959,3.866,3.946,1.0,1447580000.0,5660833953.616,腾讯日K/前复权日K,2026-08-07T20:33:10+08:00,20260926T093659
159915,创业板ETF易方达,SZSE,2026-05-25,3.982,4.034,3.916,4.034,3.982,4.034,3.916,4.034,1.0,1365032600.0,5436396959.877,腾讯日K/前复权日K,2026-08-07T20:33:10+08:00,20260926T093659
159915,创业板ETF易方达,SZSE,2026-05-26,4.012,4.07,3.997,4.055,4.012,4.07,3.997,4.055,1.0,1602324600.0,6460251325.066,腾讯日K/前复权日K,2026-08-07T20:33:10+08:00,20260926T093659
159915,创业板ETF易方达,SZSE,2026-05-27,4.053,4.158,4.027,4.056,4.053,4.158,4.027,4.056,1.0,1747333100.0,7161587254.754,腾讯日K/前复权日K,2026-08-07T20:33:10+08:00,20260926T093659
159915,创业板ETF易方达,SZSE,2026-05-28,4.039,4.148,3.984,4.138,4.039,4.148,3.984,4.138,1.0,1401168200.0,5679123150.34,腾讯日K/前复权日K,2026-08-07T20:33:10+08:00,20260926T093659
159915,创业板ETF易方达,SZSE,2026-05-29,4.143,4.174,4.022,4.053,4.143,4.174,4.022,4.053,1.0,1617188100.0,6627594234.918,腾讯日K/前复权日K,2026-08-07T20:33:10+08:00,20260926T093659
159915,创业板ETF易方达,SZSE,2026-06-01,4.047,4.094,3.956,3.964,4.047,4.094,3.956,3.964,1.0,1322445100.0,5325031114.047,腾讯日K/前复权日K,2026-08-07T20:33:10+08:00,20260926T093659
159915,创业板ETF易方达,SZSE,2026-06-02,3.981,4.098,3.959,4.071,3.981,4.098,3.959,4.071,1.0,1482175000.0,5968727719.571,腾讯日K/前复权日K,2026-08-07T20:33:10+08:00,20260926T093659
159915,创业板ETF易方达,SZSE,2026-06-03,4.095,4.23,4.076,4.145,4.095,4.23,4.076,4.145,1.0,1649058100.0,6853479731.095,腾讯日K/前复权日K,2026-08-07T20:33:10+08:00,20260926T093659
159915,创业板ETF易方达,SZSE,2026-06-04,4.074,4.131,4.065,4.1,4.074,4.131,4.065,4.1,1.0,1059912100.0,4344953805.909,腾讯日K/前复权日K,2026-08-07T20:33:10+08:00,20260926T093659
159915,创业板ETF易方达,SZSE,2026-06-05,4.083,4.122,3.947,3.977,4.083,4.122,3.947,3.977,1.0,1466350500.0,5925661224.953,腾讯日K/前复权日K,2026-08-07T20:33:10+08:00,20260926T093659
159915,创业板ETF易方达,SZSE,2026-06-08,3.83,3.916,3.79,3.827,3.83,3.916,3.79,3.827,1.0,1791638800.0,6918765209.041,腾讯日K/前复权日K,2026-08-07T20:33:10+08:00,20260926T093659
159915,创业板ETF易方达,SZSE,2026-06-09,3.877,3.975,3.836,3.972,3.877,3.975,3.836,3.972,1.0,1578765300.0,6169162413.896,腾讯日K/前复权日K,2026-08-07T20:33:10+08:00,20260926T093659
159915,创业板ETF易方达,SZSE,2026-06-10,3.925,3.942,3.835,3.87,3.925,3.942,3.835,3.87,1.0,1269815000.0,4932052567.099,腾讯日K/前复权日K,2026-08-07T20:33:10+08:00,20260926T093659
159915,创业板ETF易方达,SZSE,2026-06-11,3.843,3.925,3.77,3.83,3.843,3.925,3.77,3.83,1.0,1513149200.0,5811234668.286,腾讯日K/前复权日K,2026-08-07T20:33:10+08:00,20260926T093659
159915,创业板ETF易方达,SZSE,2026-06-12,3.932,3.934,3.835,3.846,3.932,3.934,3.835,3.846,1.0,1249608700.0,4861543972.63,腾讯日K/前复权日K,2026-08-07T20:33:10+08:00,20260926T093659
159915,创业板ETF易方达,SZSE,2026-06-15,3.912,4.053,3.858,4.045,3.912,4.053,3.858,4.045,1.0,1461049600.0,5783322879.484,腾讯日K/前复权日K,2026-08-07T20:33:10+08:00,20260926T093659
159915,创业板ETF易方达,SZSE,2026-06-16,4.068,4.154,4.063,4.111,4.068,4.154,4.063,4.111,1.0,1092149100.0,4481671129.668,腾讯日K/前复权日K,2026-08-07T20:33:10+08:00,20260926T093659
159915,创业板ETF易方达,SZSE,2026-06-17,4.086,4.183,4.071,4.183,4.086,4.183,4.071,4.183,1.0,1093703600.0,4511811472.394,腾讯日K/前复权日K,2026-08-07T20:33:10+08:00,20260926T093659
159915,创业板ETF易方达,SZSE,2026-06-18,4.169,4.288,4.16,4.269,4.169,4.288,4.16,4.269,1.0,1058053200.0,4493982913.518,腾讯日K/前复权日K,2026-08-07T20:33:10+08:00,20260926T093659
159915,创业板ETF易方达,SZSE,2026-06-22,4.291,4.379,4.24,4.379,4.291,4.379,4.24,4.379,1.0,1592598000.0,6869550101.297,腾讯日K/前复权日K,2026-08-07T20:33:10+08:00,20260926T093659
159915,创业板ETF易方达,SZSE,2026-06-23,4.379,4.379,4.17,4.21,4.379,4.379,4.17,4.21,1.0,1896738500.0,8095279908.193,腾讯日K/前复权日K,2026-08-07T20:33:10+08:00,20260926T093659
159915,创业板ETF易方达,SZSE,2026-06-24,4.206,4.271,4.174,4.258,4.206,4.271,4.174,4.258,1.0,1663473200.0,7032563317.731,腾讯日K/前复权日K,2026-08-07T20:33:10+08:00,20260926T093659
159915,创业板ETF易方达,SZSE,2026-06-25,4.287,4.395,4.254,4.395,4.287,4.395,4.254,4.395,1.0,1376051400.0,5951167240.409,腾讯日K/前复权日K,2026-08-07T20:33:10+08:00,20260926T093659
159915,创业板ETF易方达,SZSE,2026-06-26,4.328,4.344,4.19,4.215,4.328,4.344,4.19,4.215,1.0,1536030400.0,6542724816.546,腾讯日K/前复权日K,2026-08-07T20:33:10+08:00,20260926T093659
159915,创业板ETF易方达,SZSE,2026-06-29,4.2,4.28,4.118,4.236,4.2,4.28,4.118,4.236,1.0,1553590400.0,6516025415.116,腾讯日K/前复权日K,2026-08-07T20:33:10+08:00,20260926T093659
159915,创业板ETF易方达,SZSE,2026-06-30,4.224,4.37,4.221,4.364,4.224,4.37,4.221,4.364,1.0,1108784900.0,4776124320.222,腾讯日K/前复权日K,2026-08-07T20:33:10+08:00,20260926T093659
159915,创业板ETF易方达,SZSE,2026-07-01,4.364,4.378,4.234,4.274,4.364,4.378,4.234,4.274,1.0,1269215000.0,5484765907.026,腾讯日K/前复权日K,2026-08-07T20:33:10+08:00,20260926T093659
159915,创业板ETF易方达,SZSE,2026-07-02,4.207,4.207,4.016,4.036,4.207,4.207,4.016,4.036,1.0,1876485200.0,7700524824.312,腾讯日K/前复权日K,2026-08-07T20:33:10+08:00,20260926T093659
159915,创业板ETF易方达,SZSE,2026-07-03,4.002,4.13,4.0,4.037,4.002,4.13,4.0,4.037,1.0,1375218500.0,5595214367.548,腾讯日K/前复权日K,2026-08-07T20:33:10+08:00,20260926T093659
159915,创业板ETF易方达,SZSE,2026-07-06,4.051,4.077,3.918,3.97,4.051,4.077,3.918,3.97,1.0,1242213600.0,4961682397.754,腾讯日K/前复权日K,2026-08-07T20:33:10+08:00,20260926T093659
159915,创业板ETF易方达,SZSE,2026-07-07,3.93,3.991,3.872,3.932,3.93,3.991,3.872,3.932,1.0,1341260400.0,5277354423.234,腾讯日K/前复权日K,2026-08-07T20:33:10+08:00,20260926T093659
159915,创业板ETF易方达,SZSE,2026-07-08,3.948,3.98,3.842,3.867,3.948,3.98,3.842,3.867,1.0,1649427800.0,6443919120.579,腾讯日K/前复权日K,2026-08-07T20:33:10+08:00,20260926T093659
159915,创业板ETF易方达,SZSE,2026-07-09,3.904,4.048,3.831,4.04,3.904,4.048,3.831,4.04,1.0,1949204500.0,7646989098.165,腾讯日K/前复权日K,2026-08-07T20:33:10+08:00,20260926T093659
159915,创业板ETF易方达,SZSE,2026-07-10,4.046,4.088,3.86,3.862,4.046,4.088,3.86,3.862,1.0,1904831400.0,7609789601.594,腾讯日K/前复权日K,2026-08-07T20:33:10+08:00,20260926T093659
159915,创业板ETF易方达,SZSE,2026-07-13,3.81,3.876,3.712,3.751,3.81,3.876,3.712,3.751,1.0,1904235500.0,7214651859.377,腾讯日K/前复权日K,2026-08-07T20:33:10+08:00,20260926T093659
159915,创业板ETF易方达,SZSE,2026-07-14,3.739,3.874,3.693,3.867,3.739,3.874,3.693,3.867,1.0,2314277700.0,8767464813.683,腾讯日K/前复权日K,2026-08-07T20:33:10+08:00,20260926T093659
159915,创业板ETF易方达,SZSE,2026-07-15,3.885,3.925,3.812,3.828,3.885,3.925,3.812,3.828,1.0,1777971700.0,6879496074.965,腾讯日K/前复权日K,2026-08-07T20:33:10+08:00,20260926T093659
159915,创业板ETF易方达,SZSE,2026-07-16,3.769,3.816,3.68,3.723,3.769,3.816,3.68,3.723,1.0,2074855800.0,7769713737.336,腾讯日K/前复权日K,2026-08-07T20:33:10+08:00,20260926T093659
159915,创业板ETF易方达,SZSE,2026-07-17,3.679,3.679,3.408,3.463,3.679,3.679,3.408,3.463,1.0,4362298600.0,15426969213.936,腾讯日K/前复权日K,2026-08-07T20:33:10+08:00,20260926T093659
159915,创业板ETF易方达,SZSE,2026-07-20,3.512,3.572,3.358,3.477,3.512,3.572,3.358,3.477,1.0,5629939400.0,19456636143.639,腾讯日K/前复权日K,2026-08-07T20:33:10+08:00,20260926T093659
159915,创业板ETF易方达,SZSE,2026-07-21,3.488,3.713,3.393,3.709,3.488,3.713,3.393,3.709,1.0,4276929300.0,15265724239.607,腾讯日K/前复权日K,2026-08-07T20:33:10+08:00,20260926T093659
159915,创业板ETF易方达,SZSE,2026-07-22,3.65,3.716,3.575,3.586,3.65,3.716,3.575,3.586,1.0,2591773600.0,9480428887.55,腾讯日K/前复权日K,2026-08-07T20:33:10+08:00,20260926T093659
159915,创业板ETF易方达,SZSE,2026-07-23,3.597,3.645,3.559,3.597,3.597,3.645,3.559,3.597,1.0,1774276400.0,6389409936.624,腾讯日K/前复权日K,2026-08-07T20:33:10+08:00,20260926T093659
159915,创业板ETF易方达,SZSE,2026-07-24,3.536,3.584,3.507,3.508,3.536,3.584,3.507,3.508,1.0,1818505100.0,6442931154.74,腾讯日K/前复权日K,2026-08-07T20:33:10+08:00,20260926T093659
159915,创业板ETF易方达,SZSE,2026-07-27,3.502,3.618,3.47,3.612,3.502,3.618,3.47,3.612,1.0,1896640000.0,6740596949.306,腾讯日K/前复权日K,2026-08-07T20:33:10+08:00,20260926T093659
159915,创业板ETF易方达,SZSE,2026-07-28,3.513,3.538,3.335,3.355,3.513,3.538,3.335,3.355,1.0,3733771000.0,12793024818.433,腾讯日K/前复权日K,2026-08-07T20:33:10+08:00,20260926T093659
159915,创业板ETF易方达,SZSE,2026-07-29,3.346,3.435,3.273,3.402,3.346,3.435,3.273,3.402,1.0,3707918300.0,12446158036.896,腾讯日K/前复权日K,2026-08-07T20:33:10+08:00,20260926T093659
159915,创业板ETF易方达,SZSE,2026-07-30,3.35,3.379,3.182,3.27,3.35,3.379,3.182,3.27,1.0,5146492100.0,16874598852.513,腾讯日K/前复权日K,2026-08-07T20:33:10+08:00,20260926T093659
159915,创业板ETF易方达,SZSE,2026-07-31,3.437,3.486,3.367,3.368,3.437,3.486,3.367,3.368,1.0,4394741200.0,15089205628.162,腾讯日K/前复权日K,2026-08-07T20:33:10+08:00,20260926T093659
159915,创业板ETF易方达,SZSE,2026-08-03,3.323,3.365,3.3,3.325,3.323,3.365,3.3,3.325,1.0,1914486100.0,6381406431.972,腾讯日K/前复权日K,2026-08-07T20:33:10+08:00,20260926T093659
159915,创业板ETF易方达,SZSE,2026-08-04,3.375,3.533,3.361,3.514,3.375,3.533,3.361,3.514,1.0,2790576400.0,9646117693.115,腾讯日K/前复权日K,2026-08-07T20:33:10+08:00,20260926T093659
159915,创业板ETF易方达,SZSE,2026-08-05,3.4,3.607,3.4,3.56,3.4,3.607,3.4,3.56,1.0,3023601700.0,10611238477.33,腾讯日K/前复权日K,2026-08-07T20:33:10+08:00,20260926T093659
159915,创业板ETF易方达,SZSE,2026-08-06,3.497,3.596,3.465,3.54,3.497,3.596,3.465,3.54,1.0,2067122700.0,7293013968.696,腾讯日K/前复权日K,2026-08-07T20:33:10+08:00,20260926T093659
159915,创业板ETF易方达,SZSE,2026-08-07,3.54,3.636,3.529,3.586,3.54,3.636,3.529,3.586,1.0,2123497500.0,7613154132.745,腾讯日K/前复权日K,2026-08-07T20:33:10+08:00,20260926T093659
159915,创业板ETF易方达,SZSE,2026-08-10,3.586,3.601,3.495,3.559,3.586,3.601,3.495,3.559,1.0,1658070000.0,5864196999.019,腾讯日K/前复权日K,2026-08-12T15:11:07+08:00,20260926T093659
159915,创业板ETF易方达,SZSE,2026-08-11,3.545,3.62,3.535,3.565,3.545,3.62,3.535,3.565,1.0,1496881500.0,5356011856.633,腾讯日K/前复权日K,2026-08-12T15:11:07+08:00,20260926T093659
159915,创业板ETF易方达,SZSE,2026-08-12,3.556,3.643,3.556,3.621,3.556,3.643,3.556,3.621,1.0,1317047400.0,4751624393.373,腾讯日K/前复权日K,2026-08-16T10:57:23+08:00,20260926T093659
159915,创业板ETF易方达,SZSE,2026-08-13,3.666,3.7,3.603,3.604,3.666,3.7,3.603,3.604,1.0,1586800900.0,5821154570.372,腾讯日K/前复权日K,2026-08-16T10:57:23+08:00,20260926T093659
159915,创业板ETF易方达,SZSE,2026-08-14,3.627,3.65,3.595,3.645,3.627,3.65,3.595,3.645,1.0,1299592200.0,4713644283.486,腾讯日K/前复权日K,2026-08-16T10:57:23+08:00,20260926T093659
159915,创业板ETF易方达,SZSE,2026-08-17,3.65,3.758,3.623,3.756,3.65,3.758,3.623,3.756,1.0,1413046900.0,5222140741.938,腾讯日K/前复权日K,2026-08-24T09:33:57+08:00,20260926T093659
159915,创业板ETF易方达,SZSE,2026-08-18,3.748,3.767,3.683,3.723,3.748,3.767,3.683,3.723,1.0,1163437200.0,4329861450.468,腾讯日K/前复权日K,2026-08-24T09:33:57+08:00,20260926T093659
159915,创业板ETF易方达,SZSE,2026-08-19,3.655,3.655,3.473,3.498,3.655,3.655,3.473,3.498,1.0,2981886400.0,10610522522.554,腾讯日K/前复权日K,2026-08-24T09:33:57+08:00,20260926T093659
159915,创业板ETF易方达,SZSE,2026-08-20,3.527,3.55,3.476,3.512,3.527,3.55,3.476,3.512,1.0,1564060200.0,5502824343.181,腾讯日K/前复权日K,2026-08-24T09:33:57+08:00,20260926T093659
159915,创业板ETF易方达,SZSE,2026-08-21,3.502,3.58,3.496,3.56,3.502,3.58,3.496,3.56,1.0,1639161500.0,5821282043.892,腾讯日K/前复权日K,2026-08-24T09:33:57+08:00,20260926T093659
159915,创业板ETF易方达,SZSE,2026-08-24,3.557,3.57,3.395,3.457,3.557,3.57,3.395,3.457,1.0,1932539300.0,6681292643.853,腾讯日K/前复权日K,2026-08-28T08:35:12+08:00,20260926T093659
159915,创业板ETF易方达,SZSE,2026-08-25,3.404,3.461,3.376,3.419,3.404,3.461,3.376,3.419,1.0,1923149900.0,6562736497.542,腾讯日K/前复权日K,2026-08-28T08:35:12+08:00,20260926T093659
159915,创业板ETF易方达,SZSE,2026-08-26,3.423,3.474,3.395,3.432,3.423,3.474,3.395,3.432,1.0,1768846700.0,6081866089.979,腾讯日K/前复权日K,2026-08-28T08:35:12+08:00,20260926T093659
159915,创业板ETF易方达,SZSE,2026-08-27,3.45,3.494,3.427,3.494,3.45,3.494,3.427,3.494,1.0,1499013900.0,5191828279.665,腾讯日K/前复权日K,2026-08-28T08:35:12+08:00,20260926T093659
159915,创业板ETF易方达,SZSE,2026-08-28,3.478,3.539,3.44,3.443,3.478,3.539,3.44,3.443,1.0,1485427100.0,5179583482.561,腾讯日K/前复权日K,2026-08-28T20:24:50+08:00,20260926T093659
159915,创业板ETF易方达,SZSE,2026-08-31,3.389,3.456,3.377,3.456,3.389,3.456,3.377,3.456,1.0,1420566500.0,4846173744.283,腾讯日K/前复权日K,2026-09-05T10:35:53+08:00,20260926T093659
159915,创业板ETF易方达,SZSE,2026-09-01,3.452,3.461,3.395,3.412,3.452,3.461,3.395,3.412,1.0,1208862600.0,4134983914.646,腾讯日K/前复权日K,2026-09-05T10:35:53+08:00,20260926T093659
159915,创业板ETF易方达,SZSE,2026-09-02,3.367,3.368,3.315,3.335,3.367,3.368,3.315,3.335,1.0,1571060000.0,5245213483.134,腾讯日K/前复权日K,2026-09-05T10:35:53+08:00,20260926T093659
159915,创业板ETF易方达,SZSE,2026-09-03,3.357,3.374,3.302,3.33,3.357,3.374,3.302,3.33,1.0,1516512700.0,5064498277.875,腾讯日K/前复权日K,2026-09-05T10:35:53+08:00,20260926T093659
159915,创业板ETF易方达,SZSE,2026-09-04,3.356,3.387,3.285,3.305,3.356,3.387,3.285,3.305,1.0,1863299700.0,6226743419.155,腾讯日K/前复权日K,2026-09-05T10:35:53+08:00,20260926T093659
159915,创业板ETF易方达,SZSE,2026-09-07,3.338,3.427,3.335,3.414,3.338,3.427,3.335,3.414,1.0,2197882700.0,7429465183.854,腾讯日K/前复权日K,2026-09-12T10:09:37+08:00,20260926T093659
159915,创业板ETF易方达,SZSE,2026-09-08,3.413,3.436,3.365,3.376,3.413,3.436,3.365,3.376,1.0,1604818900.0,5455069870.539,腾讯日K/前复权日K,2026-09-12T10:09:37+08:00,20260926T093659
159915,创业板ETF易方达,SZSE,2026-09-09,3.41,3.415,3.346,3.373,3.41,3.415,3.346,3.373,1.0,1098044300.0,3711044302.503,腾讯日K/前复权日K,2026-09-12T10:09:37+08:00,20260926T093659
159915,创业板ETF易方达,SZSE,2026-09-10,3.345,3.387,3.325,3.358,3.345,3.387,3.325,3.358,1.0,1110436100.0,3730622908.868,腾讯日K/前复权日K,2026-09-12T10:09:37+08:00,20260926T093659
159915,创业板ETF易方达,SZSE,2026-09-11,3.323,3.354,3.28,3.341,3.323,3.354,3.28,3.341,1.0,1905297200.0,6320257883.0,腾讯日K/前复权日K,2026-09-12T10:09:37+08:00,20260926T093659
159915,创业板ETF易方达,SZSE,2026-09-14,3.3,3.349,3.28,3.304,3.3,3.349,3.28,3.304,1.0,1185247800.0,3922468327.873,腾讯日K/前复权日K,2026-09-18T18:31:56+08:00,20260926T093659
159915,创业板ETF易方达,SZSE,2026-09-15,3.3,3.334,3.263,3.268,3.3,3.334,3.263,3.268,1.0,1526951500.0,5031342793.143,腾讯日K/前复权日K,2026-09-18T18:31:56+08:00,20260926T093659
159915,创业板ETF易方达,SZSE,2026-09-16,3.264,3.346,3.246,3.33,3.264,3.346,3.246,3.33,1.0,1900461400.0,6265204123.704,腾讯日K/前复权日K,2026-09-18T18:31:56+08:00,20260926T093659
159915,创业板ETF易方达,SZSE,2026-09-17,3.315,3.37,3.313,3.319,3.315,3.37,3.313,3.319,1.0,1517382600.0,5066257991.373,腾讯日K/前复权日K,2026-09-18T18:31:56+08:00,20260926T093659
159915,创业板ETF易方达,SZSE,2026-09-18,3.364,3.418,3.332,3.391,3.364,3.418,3.332,3.391,1.0,1852319800.0,6247375565.673,腾讯日K/前复权日K,2026-09-18T18:31:56+08:00,20260926T093659
159915,创业板ETF易方达,SZSE,2026-09-21,3.421,3.449,3.394,3.418,3.421,3.449,3.394,3.418,1.0,1513054600.0,5181806533.315,腾讯日K/前复权日K,2026-09-26T09:36:59+08:00,20260926T093659
159915,创业板ETF易方达,SZSE,2026-09-22,3.463,3.493,3.407,3.42,3.463,3.493,3.407,3.42,1.0,1716201800.0,5932490779.064,腾讯日K/前复权日K,2026-09-26T09:36:59+08:00,20260926T093659
159915,创业板ETF易方达,SZSE,2026-09-23,3.428,3.434,3.393,3.399,3.428,3.434,3.393,3.399,1.0,1325952800.0,4517802842.145,腾讯日K/前复权日K,2026-09-26T09:36:59+08:00,20260926T093659
159915,创业板ETF易方达,SZSE,2026-09-24,3.382,3.392,3.306,3.312,3.382,3.392,3.306,3.312,1.0,1325332700.0,4434638158.218,腾讯日K/前复权日K,2026-09-26T09:36:59+08:00,20260926T093659
