code,name,exchange,date,raw_open,raw_high,raw_low,raw_close,adj_open,adj_high,adj_low,adj_close,adj_factor,volume,amount,source,source_timestamp,run_id
512690,鹏华酒ETF,SSE,2019-05-06,0.944,0.984,0.908,0.908,0.16651271490176567,0.17356833841455238,0.16016265374025768,0.16016265374025768,0.17639058781966704,18484200.0,17287144.0,腾讯日K,2026-08-07T17:30:13,20260926T093659
512690,鹏华酒ETF,SSE,2019-05-07,0.915,0.962,0.915,0.951,0.16139738785499536,0.1696877454825197,0.16139738785499536,0.16774744901650335,0.17639058781966704,20325800.0,19239358.0,腾讯日K,2026-08-07T17:30:13,20260926T093659
512690,鹏华酒ETF,SSE,2019-05-08,0.939,0.975,0.926,0.953,0.16659493443899026,0.17298196067946275,0.16428850829659744,0.16907877797695178,0.17741739556867975,21940200.0,20946175.0,腾讯日K,2026-08-07T17:30:13,20260926T093659
512690,鹏华酒ETF,SSE,2019-05-09,0.938,0.949,0.902,0.915,0.16641751704342161,0.16836910839467709,0.16003049080294915,0.162336916945342,0.17741739556867978,22240100.0,20504939.0,腾讯日K,2026-08-07T17:30:13,20260926T093659
512690,鹏华酒ETF,SSE,2019-05-10,0.928,0.975,0.925,0.967,0.16464334308773482,0.17298196067946275,0.16411109090102877,0.1715626215149133,0.17741739556867975,29058500.0,27679929.0,腾讯日K,2026-08-07T17:30:13,20260926T093659
512690,鹏华酒ETF,SSE,2019-05-13,0.966,0.981,0.941,0.972,0.17304842273311877,0.17573551004263924,0.16856994388391797,0.17412325765692696,0.17913915396803184,24806300.0,24124112.0,腾讯日K,2026-08-07T17:30:13,20260926T093659
512690,鹏华酒ETF,SSE,2019-05-14,0.95,0.98,0.95,0.964,0.16654759969321026,0.171806997578259,0.16654759969321026,0.16900198537289968,0.17531326283495818,14889800.0,14413965.0,腾讯日K,2026-08-07T17:30:13,20260926T093659
512690,鹏华酒ETF,SSE,2019-05-15,0.971,1.023,0.971,1.019,0.17022917821274441,0.17934546788016223,0.17022917821274441,0.1786442148288224,0.1753132628349582,116868200.0,117712978.0,腾讯日K,2026-08-07T17:30:13,20260926T093659
512690,鹏华酒ETF,SSE,2019-05-16,1.014,1.04,1.001,1.031,0.18228727459291166,0.1869613072747812,0.17995025825197686,0.18534337288490324,0.17977048776421267,49898000.0,51065839.0,腾讯日K,2026-08-07T17:30:13,20260926T093659
512690,鹏华酒ETF,SSE,2019-05-17,1.028,1.038,0.992,1.0,0.17216836204127756,0.17384315155529775,0.16613911979080478,0.16747895140202096,0.16747895140202096,40751500.0,41297833.0,腾讯日K,2026-08-07T17:30:13,20260926T093659
512690,鹏华酒ETF,SSE,2019-05-20,1.0,1.0,0.953,0.976,0.1578695033707575,0.1578695033707575,0.15044963671233189,0.15408063528985932,0.1578695033707575,29263500.0,28386201.0,腾讯日K,2026-08-07T17:30:13,20260926T093659
512690,鹏华酒ETF,SSE,2019-05-21,0.977,1.002,0.956,0.991,0.16070994003287636,0.16482227217291925,0.15725558103524032,0.1630128460313004,0.16449328560171583,27896600.0,27517499.0,腾讯日K,2026-08-07T17:30:13,20260926T093659
512690,鹏华酒ETF,SSE,2019-05-22,0.99,0.993,0.969,0.979,0.15807002154797486,0.15854902161327175,0.1547170210908966,0.15631368797521958,0.15966668843229784,33062500.0,32345621.0,腾讯日K,2026-08-07T17:30:13,20260926T093659
512690,鹏华酒ETF,SSE,2019-05-23,0.969,0.978,0.94,0.946,0.1547170210908966,0.1561540212867873,0.15008668712635995,0.15104468725695375,0.15966668843229784,29391400.0,28015361.0,腾讯日K,2026-08-07T17:30:13,20260926T093659
512690,鹏华酒ETF,SSE,2019-05-24,0.942,0.969,0.942,0.958,0.1557669968437845,0.16023165598898853,0.1557669968437845,0.1584127207816832,0.16535774611866721,19972700.0,19161075.0,腾讯日K,2026-08-07T17:30:13,20260926T093659
512690,鹏华酒ETF,SSE,2019-05-27,0.954,0.968,0.938,0.965,0.1614630103082422,0.16383248844693757,0.15875503529259033,0.16332474313150286,0.1692484384782413,32020800.0,30533972.0,腾讯日K,2026-08-07T17:30:13,20260926T093659
512690,鹏华酒ETF,SSE,2019-05-28,0.964,0.982,0.955,0.966,0.1629865966653921,0.16602991486038904,0.16146493756789362,0.16332474313150286,0.169073233055386,26624500.0,25791681.0,腾讯日K,2026-08-07T17:30:13,20260926T093659
512690,鹏华酒ETF,SSE,2019-05-29,0.964,0.988,0.96,0.978,0.16824932177567273,0.1724381015709177,0.16755119180979858,0.1706927766562323,0.1745324914685402,20184300.0,19726573.0,腾讯日K,2026-08-07T17:30:13,20260926T093659
512690,鹏华酒ETF,SSE,2019-05-30,0.977,0.981,0.955,0.971,0.16804073987261448,0.16872872652511237,0.16425681328387595,0.1670087598938676,0.17199666312447745,23304500.0,22416566.0,腾讯日K,2026-08-07T17:30:13,20260926T093659
512690,鹏华酒ETF,SSE,2019-05-31,0.972,0.972,0.954,0.959,0.16180478209676982,0.16180478209676982,0.15880839724312595,0.15964072636913815,0.1664658252024381,17704200.0,17002263.0,腾讯日K,2026-08-07T17:30:13,20260926T093659
512690,鹏华酒ETF,SSE,2019-06-03,0.964,0.97,0.945,0.95,0.15576281398770156,0.1567322920830607,0.15269280001906427,0.15350069843186356,0.16157968255985639,31076300.0,29603076.0,腾讯日K,2026-08-07T17:30:13,20260926T093659
512690,鹏华酒ETF,SSE,2019-06-04,0.95,0.951,0.92,0.924,0.14140670400995917,0.1415555531720749,0.1369412291464868,0.13753662579494977,0.1488491621157465,28596500.0,26514981.0,腾讯日K,2026-08-07T17:30:13,20260926T093659
512690,鹏华酒ETF,SSE,2019-06-05,0.932,0.937,0.922,0.926,0.13966375426393213,0.14041302333187167,0.13816521612805302,0.13876463138240466,0.14985381358791,14150900.0,13135558.0,腾讯日K,2026-08-07T17:30:13,20260926T093659
512690,鹏华酒ETF,SSE,2019-06-06,0.936,0.936,0.911,0.915,0.13566844680288723,0.13566844680288723,0.1320448237579383,0.13262460344513013,0.14494492179795643,15816000.0,14548330.0,腾讯日K,2026-08-07T17:30:13,20260926T093659
512690,鹏华酒ETF,SSE,2019-06-10,0.915,0.94,0.901,0.933,0.14090475687565407,0.1447546136208905,0.13874883709832164,0.14367665373222432,0.153994269809458,20804300.0,19231338.0,腾讯日K,2026-08-07T17:30:13,20260926T093659
512690,鹏华酒ETF,SSE,2019-06-11,0.933,0.988,0.933,0.981,0.14367665373222432,0.1521463385717445,0.14367665373222432,0.1510683786830783,0.153994269809458,40254500.0,38998307.0,腾讯日K,2026-08-07T17:30:13,20260926T093659
512690,鹏华酒ETF,SSE,2019-06-12,0.975,0.982,0.964,0.969,0.14553554036229632,0.14658041090848717,0.14389360093256787,0.14463993703698988,0.1492672208844065,15873300.0,15391685.0,腾讯日K,2026-08-07T17:30:13,20260926T093659
512690,鹏华酒ETF,SSE,2019-06-13,0.969,0.972,0.952,0.966,0.14293966080450998,0.14338219845405956,0.14043194745706244,0.1424971231549604,0.1475125498498555,14549500.0,13983165.0,腾讯日K,2026-08-07T17:30:13,20260926T093659
512690,鹏华酒ETF,SSE,2019-06-14,0.96,0.98,0.952,0.955,0.1378580993841793,0.1407301431213497,0.13670928188931114,0.1371400884498867,0.1436021868585201,15979400.0,15424440.0,腾讯日K,2026-08-07T17:30:13,20260926T093659
512690,鹏华酒ETF,SSE,2019-06-17,0.952,0.961,0.939,0.95,0.13420781682184635,0.1354765881993638,0.13237514705432113,0.13392586762684247,0.14097459750193944,14228600.0,13543080.0,腾讯日K,2026-08-07T17:30:13,20260926T093659
512690,鹏华酒ETF,SSE,2019-06-18,0.952,0.955,0.938,0.95,0.13420781682184635,0.13463074061435215,0.13223417245681918,0.13392586762684247,0.14097459750193944,10108000.0,9552891.0,腾讯日K,2026-08-07T17:30:13,20260926T093659
512690,鹏华酒ETF,SSE,2019-06-19,0.98,0.985,0.962,0.963,0.14392232802665292,0.14465662561862566,0.14127885669555115,0.14142571621394567,0.1468595183945438,19907900.0,19347974.0,腾讯日K,2026-08-07T17:30:13,20260926T093659
512690,鹏华酒ETF,SSE,2019-06-20,0.963,1.009,0.96,1.004,0.14142571621394567,0.1481812540600947,0.14098513765876206,0.14744695646812198,0.1468595183945438,35950500.0,35770589.0,腾讯日K,2026-08-07T17:30:13,20260926T093659
512690,鹏华酒ETF,SSE,2019-06-21,1.003,1.019,0.995,1.013,0.15079375800119266,0.15319924167818078,0.1495910161626986,0.15229718529931022,0.1503427298117574,24701100.0,24827243.0,腾讯日K,2026-08-07T17:30:13,20260926T093659
512690,鹏华酒ETF,SSE,2019-06-24,1.01,1.043,1.004,1.028,0.15630192677004226,0.16140882140708324,0.15537340047239845,0.15908750566297372,0.1547543829406359,38585300.0,39672437.0,腾讯日K,2026-08-07T17:30:13,20260926T093659
512690,鹏华酒ETF,SSE,2019-06-25,1.021,1.035,1.004,1.027,0.15815807525014233,0.16032674621341558,0.1555246890804534,0.15908750566297372,0.15490506880523247,24332200.0,24835162.0,腾讯日K,2026-08-07T17:30:13,20260926T093659
512690,鹏华酒ETF,SSE,2019-06-26,1.016,1.03,1.015,1.027,0.1573835499061162,0.15955222086938944,0.15722864483731094,0.15908750566297372,0.15490506880523247,15892800.0,16266214.0,腾讯日K,2026-08-07T17:30:13,20260926T093659
512690,鹏华酒ETF,SSE,2019-06-27,1.025,1.073,1.025,1.063,0.170237100368422,0.17820917921494323,0.170237100368422,0.17654832945525128,0.1660849759691922,50312100.0,53149502.0,腾讯日K,2026-08-07T17:30:13,20260926T093659
512690,鹏华酒ETF,SSE,2019-06-28,1.058,1.073,1.049,1.063,0.17571790457540534,0.17820917921494323,0.1742231397916826,0.17654832945525128,0.1660849759691922,28386600.0,30101721.0,腾讯日K,2026-08-07T17:30:13,20260926T093659
512690,鹏华酒ETF,SSE,2019-07-01,1.09,1.119,1.081,1.118,0.18103262380641946,0.18584908810952602,0.17953785902269673,0.18568300313355687,0.16608497596919217,26143000.0,28888491.0,腾讯日K,2026-08-07T17:30:13,20260926T093659
512690,鹏华酒ETF,SSE,2019-07-02,1.107,1.126,1.101,1.118,0.18385606839789573,0.18701168294131035,0.18285955854208058,0.18568300313355687,0.16608497596919217,23274200.0,25891212.0,腾讯日K,2026-08-07T17:30:13,20260926T093659
512690,鹏华酒ETF,SSE,2019-07-03,1.114,1.138,1.081,1.096,0.17879924984796786,0.18265129831866012,0.17350268320076592,0.17591021349494862,0.1605020196121794,32824000.0,36403290.0,腾讯日K,2026-08-07T17:30:13,20260926T093659
512690,鹏华酒ETF,SSE,2019-07-04,1.083,1.098,1.063,1.079,0.16942850483919633,0.17177516003087498,0.1662996312502915,0.16880273012141536,0.15644367944524132,22254600.0,23940939.0,腾讯日K,2026-08-07T17:30:13,20260926T093659
512690,鹏华酒ETF,SSE,2019-07-05,1.077,1.113,1.076,1.106,0.17562344003604816,0.18149386143001076,0.17546037277510476,0.18035239060340694,0.1630672609434059,24639800.0,26948915.0,腾讯日K,2026-08-07T17:30:13,20260926T093659
512690,鹏华酒ETF,SSE,2019-07-08,1.1,1.101,1.067,1.084,0.17309738105283998,0.17325474230834254,0.16790445962125475,0.17057960096479866,0.1573612555025818,24898100.0,27035355.0,腾讯日K,2026-08-07T17:30:13,20260926T093659
512690,鹏华酒ETF,SSE,2019-07-09,1.08,1.114,1.08,1.092,0.172219789435614,0.17764152354747595,0.172219789435614,0.1741333426515653,0.1594627679959389,21507200.0,23558330.0,腾讯日K,2026-08-07T17:30:13,20260926T093659
512690,鹏华酒ETF,SSE,2019-07-10,1.092,1.105,1.089,1.096,0.17526820541649987,0.17735473167145818,0.1747866993576633,0.1759102134949486,0.16050201961217936,13087000.0,14356826.0,腾讯日K,2026-08-07T17:30:13,20260926T093659
512690,鹏华酒ETF,SSE,2019-07-11,1.099,1.108,1.08,1.084,0.1729400197973374,0.17435627109686064,0.16995015594278834,0.17057960096479866,0.1573612555025818,21212500.0,23158565.0,腾讯日K,2026-08-07T17:30:13,20260926T093659
512690,鹏华酒ETF,SSE,2019-07-12,1.08,1.102,1.079,1.097,0.1740588339379868,0.17760447685153838,0.17389766835100715,0.17679864891664027,0.1611655869796174,18749200.0,20510030.0,腾讯日K,2026-08-07T17:30:13,20260926T093659
512690,鹏华酒ETF,SSE,2019-07-15,1.09,1.092,1.06,1.089,0.17340399346240795,0.1737221659274766,0.1686314064863784,0.17324490722987362,0.15908623253431922,20049600.0,21590676.0,腾讯日K,2026-08-07T17:30:13,20260926T093659
512690,鹏华酒ETF,SSE,2019-07-16,1.087,1.093,1.072,1.076,0.16873337270931302,0.1696647436718299,0.16640494530302075,0.167025859278032,0.15522849375281786,17617000.0,18988524.0,腾讯日K,2026-08-07T17:30:13,20260926T093659
512690,鹏华酒ETF,SSE,2019-07-17,1.073,1.082,1.065,1.073,0.16613742385634034,0.16753093440126773,0.1648987478164049,0.16613742385634034,0.1548345049919295,13002900.0,13948064.0,腾讯日K,2026-08-07T17:30:13,20260926T093659
512690,鹏华酒ETF,SSE,2019-07-18,1.064,1.073,1.054,1.055,0.15949057951187376,0.16083965396263206,0.15799160789992003,0.1581415050611154,0.14989716119537005,18410900.0,19590668.0,腾讯日K,2026-08-07T17:30:13,20260926T093659
512690,鹏华酒ETF,SSE,2019-07-19,1.059,1.073,1.055,1.065,0.16166771776298455,0.1638049680450259,0.16105707482525847,0.1625836821695737,0.15266073443152461,12736400.0,13581463.0,腾讯日K,2026-08-07T17:30:13,20260926T093659
512690,鹏华酒ETF,SSE,2019-07-22,1.068,1.069,1.052,1.059,0.16127745558640666,0.16142846443995199,0.15886131392968147,0.15991837590449873,0.1510088535453246,20097300.0,21281286.0,腾讯日K,2026-08-07T17:30:13,20260926T093659
512690,鹏华酒ETF,SSE,2019-07-23,1.06,1.06,1.03,1.048,0.15635785226794818,0.15635785226794818,0.15193263003394966,0.15458776337434876,0.1475074077999511,18697800.0,19507682.0,腾讯日K,2026-08-07T17:30:13,20260926T093659
512690,鹏华酒ETF,SSE,2019-07-24,1.043,1.055,1.042,1.046,0.15325850770040278,0.15502178870941988,0.15311156761631806,0.1536993279526571,0.1469400840847582,20530000.0,21530485.0,腾讯日K,2026-08-07T17:30:13,20260926T093659
512690,鹏华酒ETF,SSE,2019-07-25,1.046,1.06,1.029,1.06,0.15780624641142044,0.15991837590449873,0.15524151774125391,0.15991837590449873,0.15086639236273464,31404800.0,32740032.0,腾讯日K,2026-08-07T17:30:13,20260926T093659
512690,鹏华酒ETF,SSE,2019-07-26,1.052,1.065,1.046,1.056,0.1575424842086112,0.15948930197924993,0.15664395292985486,0.15814150506111543,0.14975521312605627,19982800.0,21143320.0,腾讯日K,2026-08-07T17:30:13,20260926T093659
512690,鹏华酒ETF,SSE,2019-07-29,1.057,1.07,1.051,1.067,0.1619400452614503,0.1639317392902099,0.1610208018635613,0.16347211759126537,0.15320723298150457,20373900.0,21660996.0,腾讯日K,2026-08-07T17:30:13,20260926T093659
512690,鹏华酒ETF,SSE,2019-07-30,1.067,1.072,1.058,1.063,0.16230369546565393,0.16306425636286884,0.16093468585066717,0.16169524674788205,0.15211217944297464,15663800.0,16692280.0,腾讯日K,2026-08-07T17:30:13,20260926T093659
512690,鹏华酒ETF,SSE,2019-07-31,1.059,1.067,1.044,1.045,0.15575845770513286,0.15693510327797616,0.15355224725605168,0.1536993279526571,0.14708069660541348,20023800.0,21028661.0,腾讯日K,2026-08-07T17:30:13,20260926T093659
512690,鹏华酒ETF,SSE,2019-08-01,1.04,1.045,1.024,1.029,0.14815890997306977,0.14887121242486337,0.14587954212733023,0.14659184457912383,0.14246049035872094,19147700.0,19790494.0,腾讯日K,2026-08-07T17:30:13,20260926T093659
512690,鹏华酒ETF,SSE,2019-08-02,1.004,1.025,1.003,1.02,0.13991986876524332,0.14284647956610996,0.1397805063461544,0.14214966747066554,0.13936241908888777,22976100.0,23249886.0,腾讯日K,2026-08-07T17:30:13,20260926T093659
512690,鹏华酒ETF,SSE,2019-08-05,1.01,1.023,1.0,1.001,0.13535992623595908,0.1371021827122635,0.13401972894649414,0.1341537486754406,0.13401972894649414,17136100.0,17293532.0,腾讯日K,2026-08-07T17:30:13,20260926T093659
512690,鹏华酒ETF,SSE,2019-08-06,0.989,1.014,0.975,1.01,0.1348442653150723,0.13825286656166158,0.13293544861698228,0.13770749036220728,0.13634404986357157,29194300.0,29266670.0,腾讯日K,2026-08-07T17:30:13,20260926T093659
512690,鹏华酒ETF,SSE,2019-08-07,1.017,1.019,1.004,1.005,0.13755367169218305,0.13782418038774288,0.13579536517104404,0.13593061951882396,0.13525434777992434,9729100.0,9836472.0,腾讯日K,2026-08-07T17:30:13,20260926T093659
512690,鹏华酒ETF,SSE,2019-08-08,1.006,1.03,1.006,1.026,0.1419920697642836,0.14537955453003193,0.1419920697642836,0.14481497373574054,0.14114519857284652,21118000.0,21614430.0,腾讯日K,2026-08-07T17:30:13,20260926T093659
512690,鹏华酒ETF,SSE,2019-08-09,1.034,1.035,1.005,1.009,0.1411194698062659,0.14125594898402824,0.13716157365115786,0.13770749036220725,0.13647917776234614,12740700.0,12974805.0,腾讯日K,2026-08-07T17:30:13,20260926T093659
512690,鹏华酒ETF,SSE,2019-08-12,1.022,1.04,1.022,1.038,0.1478312034332756,0.15043488411996733,0.1478312034332756,0.15014558626589047,0.14464892703843013,30779300.0,31791815.0,腾讯日K,2026-08-07T17:30:13,20260926T093659
512690,鹏华酒ETF,SSE,2019-08-13,1.031,1.036,1.025,1.034,0.14793824526170682,0.14865569552970734,0.14707730494010618,0.14836871542250715,0.1434900536001036,11339800.0,11691712.0,腾讯日K,2026-08-07T17:30:13,20260926T093659
512690,鹏华酒ETF,SSE,2019-08-14,1.045,1.064,1.044,1.06,0.15765538001905766,0.16052184147394963,0.15750451362669493,0.1599183759044987,0.1508663923627346,17360200.0,18342799.0,腾讯日K,2026-08-07T17:30:13,20260926T093659
512690,鹏华酒ETF,SSE,2019-08-15,1.041,1.056,1.036,1.055,0.1560429448043802,0.15829140222231075,0.15529345899840336,0.15814150506111538,0.14989716119537003,17815300.0,18649484.0,腾讯日K,2026-08-07T17:30:13,20260926T093659
512690,鹏华酒ETF,SSE,2019-08-16,1.054,1.086,1.05,1.073,0.16319556826149367,0.16815027242123542,0.16257623024152595,0.1661374238563403,0.15483450499192947,21976500.0,23565048.0,腾讯日K,2026-08-07T17:30:13,20260926T093659
512690,鹏华酒ETF,SSE,2019-08-19,1.08,1.088,1.066,1.086,0.17052069916888535,0.17178381545902524,0.16831024566114053,0.17146803638649027,0.15788953626748642,25171300.0,27135311.0,腾讯日K,2026-08-07T17:30:13,20260926T093659
512690,鹏华酒ETF,SSE,2019-08-20,1.086,1.1,1.075,1.098,0.17486642324542015,0.1771206865285103,0.17309521638013503,0.17679864891664027,0.16101880593500933,16380900.0,17873740.0,腾讯日K,2026-08-07T17:30:13,20260926T093659
512690,鹏华酒ETF,SSE,2019-08-21,1.098,1.099,1.083,1.086,0.1733627108217001,0.17352060035796757,0.17099436777768778,0.17146803638649027,0.15788953626748642,14812200.0,16142205.0,腾讯日K,2026-08-07T17:30:13,20260926T093659
512690,鹏华酒ETF,SSE,2019-08-22,1.088,1.111,1.088,1.11,0.17851949230099795,0.182293341862508,0.17851949230099795,0.1821292614467902,0.164080415717829,20270200.0,22316302.0,腾讯日K,2026-08-07T17:30:13,20260926T093659
512690,鹏华酒ETF,SSE,2019-08-23,1.107,1.117,1.099,1.11,0.1816370201996367,0.183277824356815,0.18032437687389408,0.1821292614467902,0.164080415717829,15867300.0,17613700.0,腾讯日K,2026-08-07T17:30:13,20260926T093659
512690,鹏华酒ETF,SSE,2019-08-26,1.092,1.098,1.081,1.087,0.17314927986617729,0.17410064953577165,0.17140510213858756,0.17235647180818195,0.15856161159906343,21024400.0,22878131.0,腾讯日K,2026-08-07T17:30:13,20260926T093659
512690,鹏华酒ETF,SSE,2019-08-27,1.096,1.122,1.096,1.114,0.18093457898566442,0.18522682264773313,0.18093457898566442,0.18390613229017352,0.1650862946949493,16677400.0,18533129.0,腾讯日K,2026-08-07T17:30:13,20260926T093659
512690,鹏华酒ETF,SSE,2019-08-28,1.112,1.131,1.098,1.112,0.18301769686848185,0.18614479780418433,0.18071351723164844,0.18301769686848185,0.1645842597738146,16222200.0,18092390.0,腾讯日K,2026-08-07T17:30:13,20260926T093659
512690,鹏华酒ETF,SSE,2019-08-29,1.114,1.13,1.107,1.126,0.1872200121934639,0.18990898902927664,0.1860435848277958,0.18923674482032346,0.16806105223829793,12582300.0,14074945.0,腾讯日K,2026-08-07T17:30:13,20260926T093659
512690,鹏华酒ETF,SSE,2019-08-30,1.129,1.168,1.127,1.15,0.19624765912628162,0.20302680767005926,0.19590001048301095,0.19989796988062342,0.1738243216353247,39856300.0,45782408.0,腾讯日K,2026-08-07T17:30:13,20260926T093659
512690,鹏华酒ETF,SSE,2019-09-02,1.149,1.154,1.125,1.153,0.2009751881976442,0.20184975385559736,0.19677727303946885,0.20167484072400677,0.17491313159063898,23519900.0,26833129.0,腾讯日K,2026-08-07T17:30:13,20260926T093659
512690,鹏华酒ETF,SSE,2019-09-03,1.15,1.156,1.128,1.142,0.19771966937209748,0.19875125025577797,0.1939372061319356,0.1963442281938568,0.17193014728008477,30386500.0,34666671.0,腾讯日K,2026-08-07T17:30:13,20260926T093659
512690,鹏华酒ETF,SSE,2019-09-04,1.133,1.141,1.115,1.128,0.1909679337005348,0.1923163392341661,0.18793402124986433,0.19012518024201522,0.1685506917039142,25703900.0,28867001.0,腾讯日K,2026-08-07T17:30:13,20260926T093659
512690,鹏华酒ETF,SSE,2019-09-05,1.125,1.142,1.125,1.133,0.1914292121098645,0.1943219202039691,0.1914292121098645,0.1927904865070902,0.1701592996532129,25720100.0,29133885.0,腾讯日K,2026-08-07T17:30:13,20260926T093659
512690,鹏华酒ETF,SSE,2019-09-06,1.135,1.135,1.116,1.131,0.1925807497629773,0.1925807497629773,0.18935693104447812,0.1919020510853985,0.16967466939469364,16142900.0,18152497.0,腾讯日K,2026-08-07T17:30:13,20260926T093659
512690,鹏华酒ETF,SSE,2019-09-09,1.131,1.14,1.128,1.132,0.19173252630528775,0.19325824932628474,0.19122395196495542,0.1919020510853985,0.1695247801107761,16609600.0,18796828.0,腾讯日K,2026-08-07T17:30:13,20260926T093659
512690,鹏华酒ETF,SSE,2019-09-10,1.128,1.135,1.118,1.128,0.19012518024201516,0.1913050350839426,0.18843967332497608,0.19012518024201516,0.16855069170391418,14567900.0,16391783.0,腾讯日K,2026-08-07T17:30:13,20260926T093659
512690,鹏华酒ETF,SSE,2019-09-11,1.124,1.127,1.08,1.085,0.17763140359300938,0.1781055087627416,0.1706778611036033,0.17146803638649033,0.15803505657741046,62369700.0,67996138.0,腾讯日K,2026-08-07T17:30:13,20260926T093659
512690,鹏华酒ETF,SSE,2019-09-12,1.08,1.108,1.078,1.102,0.17501049123486884,0.17954780026688397,0.17468639773258204,0.1785755197600236,0.16204675114339706,41085700.0,45121975.0,腾讯日K,2026-08-07T17:30:13,20260926T093659
512690,鹏华酒ETF,SSE,2019-09-16,1.1,1.105,1.088,1.097,0.17728214567757916,0.17808797361247725,0.17534815863382375,0.1767986489166403,0.16116558697961741,15020600.0,16464706.0,腾讯日K,2026-08-07T17:30:13,20260926T093659
512690,鹏华酒ETF,SSE,2019-09-17,1.096,1.11,1.091,1.097,0.1766374833296607,0.17889380154737536,0.1758316553947626,0.1767986489166403,0.16116558697961741,18204600.0,20061500.0,腾讯日K,2026-08-07T17:30:13,20260926T093659
512690,鹏华酒ETF,SSE,2019-09-18,1.099,1.14,1.099,1.138,0.18789940749399855,0.19490930349695937,0.18789940749399855,0.19456735735047348,0.17097307324294683,46910800.0,52960787.0,腾讯日K,2026-08-07T17:30:13,20260926T093659
512690,鹏华酒ETF,SSE,2019-09-19,1.133,1.141,1.12,1.14,0.1942556256235641,0.19562724522196528,0.19202674377616225,0.1954557927721651,0.17145244980014485,26367000.0,29754300.0,腾讯日K,2026-08-07T17:30:13,20260926T093659
512690,鹏华酒ETF,SSE,2019-09-20,1.14,1.155,1.136,1.144,0.19654303891759195,0.19912913153492873,0.1958534142196355,0.19723266361554842,0.17240617448911577,22788100.0,26076845.0,腾讯日K,2026-08-07T17:30:13,20260926T093659
512690,鹏华酒ETF,SSE,2019-09-23,1.139,1.139,1.12,1.13,0.19253496304509918,0.19253496304509918,0.189323229684382,0.1910136156637068,0.1690385979324839,20150200.0,22695577.0,腾讯日K,2026-08-07T17:30:13,20260926T093659
512690,鹏华酒ETF,SSE,2019-09-24,1.13,1.166,1.13,1.158,0.19853232648631325,0.20485725016198342,0.19853232648631325,0.20345171156739006,0.17569232432417103,32090700.0,36992935.0,腾讯日K,2026-08-07T17:30:13,20260926T093659
512690,鹏华酒ETF,SSE,2019-09-25,1.15,1.165,1.139,1.148,0.19935624096495774,0.20195653976015288,0.1974493551818147,0.19900953445893174,0.17335325301300675,54457000.0,62711488.0,腾讯日K,2026-08-07T17:30:13,20260926T093659
512690,鹏华酒ETF,SSE,2019-09-26,1.148,1.163,1.125,1.131,0.19478652046510825,0.19733164050602867,0.1908840030690303,0.19190205108539848,0.1696746693946936,62945800.0,72211263.0,腾讯日K,2026-08-07T17:30:13,20260926T093659
512690,鹏华酒ETF,SSE,2019-09-27,1.13,1.145,1.108,1.135,0.19282571081896338,0.19538534414841865,0.18907158193576235,0.1936789219287818,0.17064222196368442,31041700.0,35101758.0,腾讯日K,2026-08-07T17:30:13,20260926T093659
512690,鹏华酒ETF,SSE,2019-09-30,1.128,1.14,1.111,1.116,0.18678160607435834,0.1887686444368515,0.18396663506082636,0.1847945677118652,0.1655865302077645,41429100.0,46676130.0,腾讯日K,2026-08-07T17:30:13,20260926T093659
512690,鹏华酒ETF,SSE,2019-10-08,1.113,1.153,1.113,1.131,0.188847907036294,0.19563489381208177,0.188847907036294,0.1919020510853985,0.16967466939469364,28708300.0,32655226.0,腾讯日K,2026-08-07T17:30:13,20260926T093659
512690,鹏华酒ETF,SSE,2019-10-09,1.131,1.131,1.109,1.12,0.18840383661248758,0.18840383661248758,0.1847390404980095,0.18657143855524855,0.1665816415671862,18577700.0,20727797.0,腾讯日K,2026-08-07T17:30:13,20260926T093659
512690,鹏华酒ETF,SSE,2019-10-10,1.11,1.125,1.093,1.123,0.18616796387576257,0.18868374717138098,0.18331674280739502,0.18834830939863184,0.16771888637456087,15153100.0,16788803.0,腾讯日K,2026-08-07T17:30:13,20260926T093659
512690,鹏华酒ETF,SSE,2019-10-11,1.122,1.138,1.116,1.124,0.1880131700580649,0.19069428478260053,0.187007752036364,0.18834830939863184,0.16756967028348027,17048800.0,19195546.0,腾讯日K,2026-08-07T17:30:13,20260926T093659
512690,鹏华酒ETF,SSE,2019-10-14,1.135,1.135,1.12,1.125,0.1909188492187264,0.1909188492187264,0.1883956926211221,0.18923674482032352,0.16821043984028758,16408800.0,18468110.0,腾讯日K,2026-08-07T17:30:13,20260926T093659
512690,鹏华酒ETF,SSE,2019-10-15,1.126,1.148,1.116,1.144,0.19412935247474436,0.19792228831350492,0.19240529072985324,0.19723266361554845,0.1724061744891158,34813800.0,39629589.0,腾讯日K,2026-08-07T17:30:13,20260926T093659
512690,鹏华酒ETF,SSE,2019-10-16,1.13,1.13,1.114,1.121,0.18896490418728132,0.18896490418728132,0.1862892949244526,0.18745987397694017,0.16722557892679765,42709000.0,47851284.0,腾讯日K,2026-08-07T17:30:13,20260926T093659
512690,鹏华酒ETF,SSE,2019-10-17,1.123,1.129,1.114,1.124,0.1881807397283483,0.18918615775004918,0.18667261269579702,0.1883483093986318,0.16756967028348024,10775400.0,12078699.0,腾讯日K,2026-08-07T17:30:13,20260926T093659
512690,鹏华酒ETF,SSE,2019-10-18,1.119,1.119,1.099,1.105,0.18263739826716044,0.18263739826716044,0.17937310160465533,0.18035239060340688,0.1632148331252551,24149800.0,26818320.0,腾讯日K,2026-08-07T17:30:13,20260926T093659
512690,鹏华酒ETF,SSE,2019-10-21,1.1,1.109,1.094,1.108,0.17993222800325664,0.18140440077782874,0.17895077948687527,0.18124082602509853,0.1635747527302333,12463800.0,13744216.0,腾讯日K,2026-08-07T17:30:13,20260926T093659
512690,鹏华酒ETF,SSE,2019-10-22,1.109,1.116,1.101,1.109,0.1821292614467902,0.1832788600312154,0.1808154344931614,0.1821292614467902,0.164228369203598,8169700.0,9045215.0,腾讯日K,2026-08-07T17:30:13,20260926T093659
512690,鹏华酒ETF,SSE,2019-10-23,1.11,1.116,1.085,1.09,0.176423712867119,0.17737735455829262,0.17245020582056225,0.17324490722987362,0.15894028186226936,17929600.0,19684287.0,腾讯日K,2026-08-07T17:30:13,20260926T093659
512690,鹏华酒ETF,SSE,2019-10-24,1.09,1.095,1.071,1.077,0.16994111534141024,0.17072066174205888,0.16697883901894528,0.16791429469972366,0.15590928012973415,18165600.0,19569261.0,腾讯日K,2026-08-07T17:30:13,20260926T093659
512690,鹏华酒ETF,SSE,2019-10-25,1.078,1.097,1.074,1.093,0.17261983235404482,0.17566229693171348,0.17197931349558823,0.17502177807325692,0.16012971461414174,17678600.0,19216967.0,腾讯日K,2026-08-07T17:30:13,20260926T093659
512690,鹏华酒ETF,SSE,2019-10-28,1.085,1.119,1.081,1.114,0.17911862974401993,0.18473156376364822,0.17845828456524016,0.1839061322901735,0.16508629469494926,26681500.0,29560638.0,腾讯日K,2026-08-07T17:30:13,20260926T093659
512690,鹏华酒ETF,SSE,2019-10-29,1.115,1.132,1.109,1.122,0.18629033822129076,0.18913063934215346,0.18528787900216273,0.18745987397694014,0.167076536521337,15408800.0,17313590.0,腾讯日K,2026-08-07T17:30:13,20260926T093659
512690,鹏华酒ETF,SSE,2019-10-30,1.117,1.119,1.102,1.114,0.18440139117425833,0.18473156376364822,0.1819250967538341,0.1839061322901735,0.16508629469494926,22117800.0,24558221.0,腾讯日K,2026-08-07T17:30:13,20260926T093659
512690,鹏华酒ETF,SSE,2019-10-31,1.119,1.135,1.112,1.116,0.18529132730248846,0.18794071178581268,0.18413222159103412,0.18479456771186517,0.16558653020776448,13819300.0,15518394.0,腾讯日K,2026-08-07T17:30:13,20260926T093659
512690,鹏华酒ETF,SSE,2019-11-01,1.114,1.136,1.111,1.134,0.18939030155987513,0.1931305050018116,0.18888027381779288,0.1927904865070901,0.17000924736074965,14641700.0,16504721.0,腾讯日K,2026-08-07T17:30:13,20260926T093659
512690,鹏华酒ETF,SSE,2019-11-04,1.135,1.155,1.135,1.143,0.1958522075272506,0.19930334774799513,0.1958522075272506,0.19723266361554842,0.1725570110372252,21909600.0,25101267.0,腾讯日K,2026-08-07T17:30:13,20260926T093659
512690,鹏华酒ETF,SSE,2019-11-05,1.143,1.153,1.135,1.145,0.1977750359821532,0.19950535125758762,0.19639078376180566,0.19812109903724007,0.17303152754344112,16632800.0,19057084.0,腾讯日K,2026-08-07T17:30:13,20260926T093659
512690,鹏华酒ETF,SSE,2019-11-06,1.143,1.151,1.133,1.136,0.1948723659899627,0.19623630205988368,0.19316744590256144,0.19367892192878178,0.17049200874012482,11611800.0,13232189.0,腾讯日K,2026-08-07T17:30:13,20260926T093659
512690,鹏华酒ETF,SSE,2019-11-07,1.135,1.149,1.135,1.148,0.19675594216976267,0.19918288771194476,0.19675594216976267,0.19900953445893174,0.17335325301300675,11100900.0,12681579.0,腾讯日K,2026-08-07T17:30:13,20260926T093659
512690,鹏华酒ETF,SSE,2019-11-08,1.16,1.166,1.149,1.152,0.20218075533913668,0.20322651786675291,0.20026352403850695,0.20078640530231504,0.17429375460270405,15955300.0,18471210.0,腾讯日K,2026-08-07T17:30:13,20260926T093659
512690,鹏华酒ETF,SSE,2019-11-11,1.149,1.153,1.133,1.14,0.1969988648203664,0.19768467461956699,0.19425562562356408,0.19545579277216507,0.17145244980014482,15911500.0,18177064.0,腾讯日K,2026-08-07T17:30:13,20260926T093659
512690,鹏华酒ETF,SSE,2019-11-12,1.14,1.15,1.133,1.149,0.19833218943769418,0.20007194548539325,0.19711436020430487,0.1998979698806234,0.1739756047699072,16419600.0,18766910.0,腾讯日K,2026-08-07T17:30:13,20260926T093659
512690,鹏华酒ETF,SSE,2019-11-13,1.151,1.167,1.148,1.162,0.2032857989283994,0.2061116658118524,0.20275594888775195,0.20522858241077332,0.1766166802158118,13029000.0,15084698.0,腾讯日K,2026-08-07T17:30:13,20260926T093659
512690,鹏华酒ETF,SSE,2019-11-14,1.16,1.183,1.155,1.176,0.20857079185428,0.21270624721001147,0.2076717798204254,0.21144763036261494,0.17980240677093107,13870000.0,16230188.0,腾讯日K,2026-08-07T17:30:13,20260926T093659
512690,鹏华酒ETF,SSE,2019-11-15,1.174,1.176,1.165,1.169,0.20967531949573298,0.21003251765501021,0.20806792777898547,0.2087823240975399,0.17859907963861413,11640200.0,13636306.0,腾讯日K,2026-08-07T17:30:13,20260926T093659
512690,鹏华酒ETF,SSE,2019-11-18,1.168,1.178,1.158,1.176,0.21000921110844745,0.21180723517615677,0.20821118704073813,0.21144763036261488,0.17980240677093104,34316000.0,40043995.0,腾讯日K,2026-08-07T17:30:13,20260926T093659
512690,鹏华酒ETF,SSE,2019-11-19,1.174,1.186,1.173,1.184,0.21318548208274823,0.21536455004270819,0.21300389308608494,0.21500137204938152,0.181588996663329,8593800.0,10133731.0,腾讯日K,2026-08-07T17:30:13,20260926T093659
512690,鹏华酒ETF,SSE,2019-11-20,1.181,1.197,1.177,1.187,0.21568248092363543,0.21860451284131382,0.21495197294421584,0.21677824289276482,0.18262699485489875,10152300.0,12083898.0,腾讯日K,2026-08-07T17:30:13,20260926T093659
512690,鹏华酒ETF,SSE,2019-11-21,1.181,1.191,1.177,1.181,0.21411293662768988,0.21592591661606997,0.2133877446323378,0.21411293662768985,0.18129799883801004,6301100.0,7449087.0,腾讯日K,2026-08-07T17:30:13,20260926T093659
512690,鹏华酒ETF,SSE,2019-11-22,1.178,1.186,1.141,1.151,0.2054964252355578,0.2068919866972594,0.199041953475188,0.20078640530231498,0.17444518271269763,15147800.0,17596937.0,腾讯日K,2026-08-07T17:30:13,20260926T093659
512690,鹏华酒ETF,SSE,2019-11-25,1.15,1.155,1.128,1.152,0.20043781779310957,0.20130928656612312,0.1966033551918501,0.20078640530231498,0.174293754602704,12236700.0,13978938.0,腾讯日K,2026-08-07T17:30:13,20260926T093659
512690,鹏华酒ETF,SSE,2019-11-26,1.15,1.166,1.15,1.159,0.2027533813955512,0.20557429800627192,0.2027533813955512,0.20434014698908162,0.17630728817004454,15063000.0,17486506.0,腾讯日K,2026-08-07T17:30:13,20260926T093659
512690,鹏华酒ETF,SSE,2019-11-27,1.157,1.17,1.155,1.161,0.20452150719144244,0.20681950165426763,0.20416796958177702,0.20522858241077327,0.17676880483270738,10169400.0,11839546.0,腾讯日K,2026-08-07T17:30:13,20260926T093659
512690,鹏华酒ETF,SSE,2019-11-28,1.164,1.17,1.154,1.161,0.20575888882527138,0.20681950165426763,0.2039912007769443,0.20522858241077327,0.17676880483270738,9184200.0,10670599.0,腾讯日K,2026-08-07T17:30:13,20260926T093659
512690,鹏华酒ETF,SSE,2019-11-29,1.158,1.159,1.118,1.131,0.19648326715905512,0.19665294182844983,0.1896962803832674,0.1919020510853984,0.16967466939469356,26643700.0,30104188.0,腾讯日K,2026-08-07T17:30:13,20260926T093659
512690,鹏华酒ETF,SSE,2019-12-02,1.126,1.139,1.125,1.132,0.19088490240473374,0.19308872454617385,0.19071537762462298,0.1919020510853984,0.16952478011077599,8650700.0,9801089.0,腾讯日K,2026-08-07T17:30:13,20260926T093659
512690,鹏华酒ETF,SSE,2019-12-03,1.133,1.133,1.114,1.127,0.19113738173398676,0.19113738173398676,0.18793207700940978,0.19012518024201508,0.16870024866194772,12357800.0,13873776.0,腾讯日K,2026-08-07T17:30:13,20260926T093659
512690,鹏华酒ETF,SSE,2019-12-04,1.14,1.146,1.131,1.136,0.19436088996374218,0.19538384201618295,0.19282646188508107,0.1936789219287817,0.17049200874012474,10337100.0,11764976.0,腾讯日K,2026-08-07T17:30:13,20260926T093659
512690,鹏华酒ETF,SSE,2019-12-05,1.137,1.14,1.13,1.136,0.19384941393752184,0.19436088996374218,0.19265596987634093,0.1936789219287817,0.17049200874012474,15899500.0,18040397.0,腾讯日K,2026-08-07T17:30:13,20260926T093659
512690,鹏华酒ETF,SSE,2019-12-06,1.136,1.163,1.135,1.162,0.20063654872516218,0.20540519909098912,0.2004599320449464,0.20522858241077327,0.17661668021581178,26650700.0,30695196.0,腾讯日K,2026-08-07T17:30:13,20260926T093659
512690,鹏华酒ETF,SSE,2019-12-09,1.162,1.162,1.15,1.154,0.20307293320736197,0.20307293320736197,0.20097579448232897,0.20167484072400665,0.1747615604194165,17670000.0,20425913.0,腾讯日K,2026-08-07T17:30:13,20260926T093659
512690,鹏华酒ETF,SSE,2019-12-10,1.154,1.156,1.146,1.152,0.2011349928115204,0.2014835803207258,0.19974064277469877,0.20078640530231498,0.174293754602704,14398100.0,16571441.0,腾讯日K,2026-08-07T17:30:13,20260926T093659
512690,鹏华酒ETF,SSE,2019-12-11,1.152,1.154,1.137,1.144,0.19861191301146125,0.19895672536043948,0.19602582039412453,0.19723266361554834,0.1724061744891157,13577400.0,15504005.0,腾讯日K,2026-08-07T17:30:13,20260926T093659
512690,鹏华酒ETF,SSE,2019-12-12,1.142,1.144,1.136,1.141,0.19651630902487674,0.1968604706869168,0.19548382403875655,0.19634422819385672,0.1720808310200322,13407400.0,15272498.0,腾讯日K,2026-08-07T17:30:13,20260926T093659
512690,鹏华酒ETF,SSE,2019-12-13,1.145,1.158,1.145,1.158,0.2011677113511758,0.20345171156739,0.2011677113511758,0.20345171156739,0.175692324324171,30358800.0,35001305.0,腾讯日K,2026-08-07T17:30:13,20260926T093659
512690,鹏华酒ETF,SSE,2019-12-16,1.158,1.158,1.142,1.153,0.20254940638195987,0.20254940638195987,0.19975079627650963,0.20167484072400668,0.17491313159063893,27846900.0,31912828.0,腾讯日K,2026-08-07T17:30:13,20260926T093659
512690,鹏华酒ETF,SSE,2019-12-17,1.15,1.162,1.144,1.161,0.20328412555761352,0.20540535121560602,0.2022235127286173,0.20522858241077332,0.17676880483270743,38955200.0,44940790.0,腾讯日K,2026-08-07T17:30:13,20260926T093659
512690,鹏华酒ETF,SSE,2019-12-18,1.161,1.169,1.156,1.16,0.2045163022882102,0.20592554468123836,0.20363552579256758,0.20434014698908165,0.17615529912851868,28696100.0,33356750.0,腾讯日K,2026-08-07T17:30:13,20260926T093659
512690,鹏华酒ETF,SSE,2019-12-19,1.158,1.159,1.146,1.153,0.20254940638195987,0.20272431951355052,0.2004504488028722,0.20167484072400668,0.17491313159063893,15156700.0,17468484.0,腾讯日K,2026-08-07T17:30:13,20260926T093659
512690,鹏华酒ETF,SSE,2019-12-20,1.149,1.153,1.144,1.148,0.19918288771194473,0.19987630072399676,0.19831612144687968,0.19900953445893171,0.17335325301300672,9934400.0,11407056.0,腾讯日K,2026-08-07T17:30:13,20260926T093659
512690,鹏华酒ETF,SSE,2019-12-23,1.126,1.15,1.126,1.142,0.19359334583737536,0.1977196693720974,0.19359334583737536,0.19634422819385672,0.1719301472800847,16946400.0,19342410.0,腾讯日K,2026-08-07T17:30:13,20260926T093659
512690,鹏华酒ETF,SSE,2019-12-24,1.14,1.147,1.138,1.145,0.1972559413995228,0.1984671620923269,0.1969098783444359,0.19812109903724,0.17303152754344106,6782100.0,7758477.0,腾讯日K,2026-08-07T17:30:13,20260926T093659
512690,鹏华酒ETF,SSE,2019-12-25,1.14,1.145,1.13,1.136,0.19436088996374218,0.19521335000744283,0.19265596987634093,0.1936789219287817,0.17049200874012474,14169300.0,16060678.0,腾讯日K,2026-08-07T17:30:13,20260926T093659
512690,鹏华酒ETF,SSE,2019-12-26,1.136,1.143,1.131,1.142,0.19531264731017614,0.19651615834113675,0.19445299657377574,0.19634422819385666,0.17193014728008466,9349000.0,10639938.0,腾讯日K,2026-08-07T17:30:13,20260926T093659
512690,鹏华酒ETF,SSE,2019-12-27,1.143,1.166,1.143,1.155,0.20045872262730144,0.20449245020422877,0.20045872262730144,0.2025632761456983,0.17537945986640546,31210600.0,36219562.0,腾讯日K,2026-08-07T17:30:13,20260926T093659
512690,鹏华酒ETF,SSE,2019-12-30,1.148,1.198,1.148,1.193,0.21116613112590116,0.22036326227249967,0.21116613112590116,0.21944354915783984,0.18394262293196967,41431500.0,48979691.0,腾讯日K,2026-08-07T17:30:13,20260926T093659
512690,鹏华酒ETF,SSE,2019-12-31,1.189,1.196,1.182,1.194,0.2185246063221705,0.21981112629210756,0.21723808635223338,0.21944354915783984,0.1837885671338692,21537900.0,25624649.0,腾讯日K,2026-08-07T17:30:13,20260926T093659
512690,鹏华酒ETF,SSE,2020-01-02,1.19,1.19,1.164,1.183,0.21627356951712934,0.21627356951712934,0.21154826463692314,0.21500137204938152,0.18174249539254567,34478500.0,40592320.0,腾讯日K,2026-08-07T17:30:13,20260926T093659
512690,鹏华酒ETF,SSE,2020-01-03,1.177,1.181,1.162,1.169,0.21021111673464885,0.21092551305320328,0.2075321305400696,0.2087823240975399,0.17859907963861413,31992600.0,37435532.0,腾讯日K,2026-08-07T17:30:13,20260926T093659
512690,鹏华酒ETF,SSE,2020-01-06,1.167,1.17,1.155,1.16,0.2055732340829813,0.20610169998036684,0.2034593704934391,0.20434014698908165,0.17615529912851868,33393200.0,38823248.0,腾讯日K,2026-08-07T17:30:13,20260926T093659
512690,鹏华酒ETF,SSE,2020-01-07,1.163,1.175,1.158,1.175,0.20928816520146476,0.21144763036261488,0.20838838805098553,0.21144763036261488,0.17995543009584244,29810200.0,34886701.0,腾讯日K,2026-08-07T17:30:13,20260926T093659
512690,鹏华酒ETF,SSE,2020-01-08,1.165,1.177,1.165,1.17,0.2078900919432769,0.2100314491135081,0.2078900919432769,0.20878232409753988,0.1784464308525982,28783600.0,33715881.0,腾讯日K,2026-08-07T17:30:13,20260926T093659
512690,鹏华酒ETF,SSE,2020-01-09,1.17,1.199,1.17,1.191,0.21470149712115308,0.22002315816090817,0.21470149712115308,0.21855511373614814,0.18350555309500263,40909800.0,48566320.0,腾讯日K,2026-08-07T17:30:13,20260926T093659
512690,鹏华酒ETF,SSE,2020-01-10,1.191,1.228,1.19,1.224,0.22649441654861824,0.23353076702074155,0.2263042449142365,0.2327700804832147,0.19017163438171136,42790400.0,51851964.0,腾讯日K,2026-08-07T17:30:13,20260926T093659
512690,鹏华酒ETF,SSE,2020-01-13,1.225,1.25,1.224,1.246,0.23845506893999455,0.24332149891836174,0.23826041174085982,0.242542870121823,0.1946571991346894,43067400.0,53343323.0,腾讯日K,2026-08-07T17:30:13,20260926T093659
512690,鹏华酒ETF,SSE,2020-01-14,1.236,1.237,1.215,1.221,0.23473031391977275,0.2349202251769894,0.23074217751822323,0.2318816450615231,0.18991125721664462,34732100.0,42471581.0,腾讯日K,2026-08-07T17:30:13,20260926T093659
512690,鹏华酒ETF,SSE,2020-01-15,1.223,1.24,1.219,1.225,0.23327703261363308,0.23651964058945626,0.23251406603108646,0.2336585159049064,0.19074164563665827,38646500.0,47491440.0,腾讯日K,2026-08-07T17:30:13,20260926T093659
512690,鹏华酒ETF,SSE,2020-01-16,1.225,1.233,1.22,1.227,0.2341646417074838,0.23569388018394086,0.23320886765969814,0.23454695132659806,0.19115480955712963,18528400.0,22703204.0,腾讯日K,2026-08-07T17:30:13,20260926T093659
512690,鹏华酒ETF,SSE,2020-01-17,1.225,1.239,1.225,1.231,0.23517195951115122,0.23785963904842153,0.23517195951115122,0.23632382216998135,0.1919771098050214,16993300.0,20942359.0,腾讯日K,2026-08-07T17:30:13,20260926T093659
512690,鹏华酒ETF,SSE,2020-01-20,1.232,1.241,1.216,1.229,0.23601008663457515,0.23773418629343165,0.23294502057438585,0.23543538674828968,0.19156662876183048,22815100.0,27863527.0,腾讯日K,2026-08-07T17:30:13,20260926T093659
512690,鹏华酒ETF,SSE,2020-01-21,1.214,1.225,1.191,1.191,0.2227757414573332,0.22479430254137825,0.21855511373614814,0.21855511373614814,0.18350555309500263,40594800.0,48610076.0,腾讯日K,2026-08-07T17:30:13,20260926T093659
512690,鹏华酒ETF,SSE,2020-01-22,1.185,1.202,1.173,1.195,0.21848820228179477,0.2216226321879471,0.21627566352451078,0.22033198457953143,0.18437822977366647,31191000.0,37148809.0,腾讯日K,2026-08-07T17:30:13,20260926T093659
512690,鹏华酒ETF,SSE,2020-01-23,1.184,1.192,1.14,1.161,0.2092942649219255,0.21070841536058715,0.20151643750928636,0.20522858241077324,0.17676880483270735,32238700.0,37492606.0,腾讯日K,2026-08-07T17:30:13,20260926T093659
512690,鹏华酒ETF,SSE,2020-02-03,1.045,1.06,1.045,1.045,0.18472340105017918,0.1873749331226698,0.18472340105017918,0.18472340105017918,0.17676880483270735,15292700.0,15993932.0,腾讯日K,2026-08-07T17:30:13,20260926T093659
512690,鹏华酒ETF,SSE,2020-02-04,1.028,1.055,1.019,1.052,0.18363939594939893,0.18846260965624112,0.18203165804711818,0.18792669702214757,0.1786375446978589,40837900.0,42436513.0,腾讯日K,2026-08-07T17:30:13,20260926T093659
512690,鹏华酒ETF,SSE,2020-02-05,1.055,1.069,1.036,1.062,0.19199164542599825,0.1945394018581916,0.1885339759823073,0.19326552364209496,0.18198260229952443,40065100.0,42282395.0,腾讯日K,2026-08-07T17:30:13,20260926T093659
512690,鹏华酒ETF,SSE,2020-02-06,1.059,1.075,1.05,1.07,0.19550583499943733,0.19845965309196897,0.1938443123223883,0.19753658493805284,0.18461363078322696,48579000.0,51502085.0,腾讯日K,2026-08-07T17:30:13,20260926T093659
512690,鹏华酒ETF,SSE,2020-02-07,1.064,1.086,1.059,1.085,0.20209008738422732,0.206268641822623,0.20114041592095555,0.20607870752996862,0.18993429265434897,37966100.0,40574877.0,腾讯日K,2026-08-07T17:30:13,20260926T093659
512690,鹏华酒ETF,SSE,2020-02-10,1.077,1.094,1.061,1.084,0.20368707080797005,0.20690218706027785,0.20066107904109212,0.20501094220597915,0.18912448542987007,32819000.0,35422017.0,腾讯日K,2026-08-07T17:30:13,20260926T093659
512690,鹏华酒ETF,SSE,2020-02-11,1.084,1.12,1.081,1.109,0.21395744841924355,0.22106304633722582,0.21336531525941166,0.21889189141784232,0.1973777199439516,42031600.0,46590910.0,腾讯日K,2026-08-07T17:30:13,20260926T093659
512690,鹏华酒ETF,SSE,2020-02-12,1.108,1.115,1.099,1.114,0.21983696916421003,0.22122583088275646,0.21805128981179314,0.22102742206582127,0.1984088169352076,32751000.0,36252869.0,腾讯日K,2026-08-07T17:30:13,20260926T093659
512690,鹏华酒ETF,SSE,2020-02-13,1.112,1.126,1.099,1.104,0.21725155628243825,0.21998673774642574,0.21471174492302122,0.21568859544587393,0.19537010457053797,37930800.0,42107308.0,腾讯日K,2026-08-07T17:30:13,20260926T093659
512690,鹏华酒ETF,SSE,2020-02-14,1.1,1.108,1.094,1.101,0.21442589748780466,0.21598535856044324,0.2132563016833257,0.21462083012188446,0.1949326340798224,24190000.0,26627876.0,腾讯日K,2026-08-07T17:30:13,20260926T093659
512690,鹏华酒ETF,SSE,2020-02-17,1.102,1.117,1.098,1.116,0.219309047046211,0.22229419741435358,0.21851300694803963,0.22209518738981077,0.19901002454284117,53774600.0,59537454.0,腾讯日K,2026-08-07T17:30:13,20260926T093659
512690,鹏华酒ETF,SSE,2020-02-18,1.12,1.125,1.101,1.108,0.22018323215263108,0.2211661930104553,0.2164479808928989,0.21782412609385288,0.19659217156484915,46948500.0,52012754.0,腾讯日K,2026-08-07T17:30:13,20260926T093659
512690,鹏华酒ETF,SSE,2020-02-19,1.107,1.131,1.102,1.126,0.22359631750337686,0.22844393414301645,0.22258639737011862,0.22743401400975818,0.20198402665165027,62455600.0,69980941.0,腾讯日K,2026-08-07T17:30:13,20260926T093659
512690,鹏华酒ETF,SSE,2020-02-20,1.126,1.169,1.125,1.168,0.2408724988236668,0.25007100455139125,0.24065858008581276,0.24985708581353716,0.2139187378540558,92774900.0,106935514.0,腾讯日K,2026-08-07T17:30:13,20260926T093659
512690,鹏华酒ETF,SSE,2020-02-21,1.168,1.169,1.153,1.165,0.24942997968394137,0.2496435327487393,0.24622668371197295,0.2487893204895477,0.21355306479789501,115850400.0,134134260.0,腾讯日K,2026-08-07T17:30:13,20260926T093659
512690,鹏华酒ETF,SSE,2020-02-24,1.159,1.159,1.13,1.14,0.2388235107989793,0.2388235107989793,0.23284777152963465,0.23490837127768452,0.20605997480498645,99305400.0,113086172.0,腾讯日K,2026-08-07T17:30:13,20260926T093659
512690,鹏华酒ETF,SSE,2020-02-25,1.117,1.135,1.105,1.132,0.22758116188126207,0.23124853960181957,0.2251362434008904,0.23063730998172663,0.20374320669763837,77658200.0,87176118.0,腾讯日K,2026-08-07T17:30:13,20260926T093659
512690,鹏华酒ETF,SSE,2020-02-26,1.12,1.139,1.11,1.12,0.22423071803778977,0.22803463200450227,0.2222286580553095,0.22423071803778977,0.20020599824802657,63173400.0,70969456.0,腾讯日K,2026-08-07T17:30:13,20260926T093659
512690,鹏华酒ETF,SSE,2020-02-27,1.123,1.138,1.119,1.128,0.22748891683670094,0.2305275043278412,0.22667862683906354,0.22850177933374766,0.2025724994093508,58858300.0,66620705.0,腾讯日K,2026-08-07T17:30:13,20260926T093659
512690,鹏华酒ETF,SSE,2020-02-28,1.099,1.111,1.071,1.078,0.2226271768508765,0.2250580468437887,0.21695514686741466,0.21837315436328014,0.20257249940935076,53158500.0,57960195.0,腾讯日K,2026-08-07T17:30:13,20260926T093659
512690,鹏华酒ETF,SSE,2020-03-02,1.079,1.113,1.079,1.11,0.2302447680031734,0.2374999321478517,0.2302447680031734,0.23685977060567423,0.21338718072583263,41580700.0,45830700.0,腾讯日K,2026-08-07T17:30:13,20260926T093659
512690,鹏华酒ETF,SSE,2020-03-03,1.13,1.132,1.114,1.118,0.24407335409023986,0.2445053423275677,0.24061744819161704,0.24148142466627276,0.2159941186639291,34352500.0,38529482.0,腾讯日K,2026-08-07T17:30:13,20260926T093659
512690,鹏华酒ETF,SSE,2020-03-04,1.101,1.129,1.101,1.127,0.24155421469251553,0.24769728282275208,0.24155421469251553,0.2472584922420209,0.21939529036559086,28193300.0,31583278.0,腾讯日K,2026-08-07T17:30:13,20260926T093659
512690,鹏华酒ETF,SSE,2020-03-05,1.131,1.196,1.131,1.185,0.24813607340348323,0.26239676727724665,0.24813607340348323,0.25998341908322514,0.21939529036559083,114535900.0,133414309.0,腾讯日K,2026-08-07T17:30:13,20260926T093659
512690,鹏华酒ETF,SSE,2020-03-06,1.171,1.195,1.155,1.16,0.24840830942842715,0.2534995130375495,0.24501417368901227,0.24607484110757938,0.21213348371343052,76115400.0,89456738.0,腾讯日K,2026-08-07T17:30:13,20260926T093659
512690,鹏华酒ETF,SSE,2020-03-09,1.145,1.145,1.11,1.113,0.22783479223841915,0.22783479223841915,0.22087040994292165,0.2214673569968214,0.1989823512999294,52068800.0,58426622.0,腾讯日K,2026-08-07T17:30:13,20260926T093659
512690,鹏华酒ETF,SSE,2020-03-10,1.118,1.157,1.109,1.152,0.23465895966549621,0.24284473732824607,0.23276993405101545,0.2417952786535345,0.2098917349423043,49182100.0,55788850.0,腾讯日K,2026-08-07T17:30:13,20260926T093659
512690,鹏华酒ETF,SSE,2020-03-11,1.157,1.167,1.138,1.14,0.23888592698521455,0.24095062816918356,0.2349629947356734,0.2353759349724672,0.20647011839690108,41432000.0,47766654.0,腾讯日K,2026-08-07T17:30:13,20260926T093659
512690,鹏华酒ETF,SSE,2020-03-12,1.122,1.13,1.107,1.119,0.22527938012110132,0.2268856502110913,0.22226762370237,0.22467702883735505,0.20078376124875338,35839800.0,40095067.0,腾讯日K,2026-08-07T17:30:13,20260926T093659
512690,鹏华酒ETF,SSE,2020-03-13,1.062,1.112,1.056,1.098,0.20592763431533068,0.2156229090006099,0.20476420135309717,0.21290823208873172,0.19390549370558444,38126100.0,41199645.0,腾讯日K,2026-08-07T17:30:13,20260926T093659
512690,鹏华酒ETF,SSE,2020-03-16,1.095,1.098,1.047,1.058,0.19820785415998637,0.19875088937686305,0.18951929068995957,0.1915104198185074,0.18101173895889167,59021700.0,63323536.0,腾讯日K,2026-08-07T17:30:13,20260926T093659
512690,鹏华酒ETF,SSE,2020-03-17,1.06,1.07,1.001,1.036,0.1839055216738196,0.1856404794254594,0.1736692709391447,0.17974162306988406,0.17349577516398074,34170500.0,35279744.0,腾讯日K,2026-08-07T17:30:13,20260926T093659
512690,鹏华酒ETF,SSE,2020-03-18,1.036,1.057,1.004,1.013,0.17178662198304648,0.17526878323945957,0.16648047149708364,0.16797282632126068,0.1658172026863383,59719500.0,61431972.0,腾讯日K,2026-08-07T17:30:13,20260926T093659
512690,鹏华酒ETF,SSE,2020-03-19,0.999,1.012,0.943,0.975,0.16565138548365196,0.16780700911857435,0.156365622133217,0.16167177261917984,0.1658172026863383,83472100.0,80856746.0,腾讯日K,2026-08-07T17:30:13,20260926T093659
512690,鹏华酒ETF,SSE,2020-03-20,0.978,1.013,0.978,1.008,0.16216922422723884,0.16797282632126068,0.16216922422723884,0.167143740307829,0.1658172026863383,54596300.0,54644079.0,腾讯日K,2026-08-07T17:30:13,20260926T093659
512690,鹏华酒ETF,SSE,2020-03-23,0.975,0.987,0.961,0.977,0.15055467575814196,0.15240765638285758,0.14839286502930712,0.15086350586226124,0.1544150520596328,35653200.0,34732538.0,腾讯日K,2026-08-07T17:30:13,20260926T093659
512690,鹏华酒ETF,SSE,2020-03-24,0.991,1.023,0.991,1.019,0.1530253165910961,0.15796659825700435,0.1530253165910961,0.15734893804876582,0.1544150520596328,45873900.0,46286191.0,腾讯日K,2026-08-07T17:30:13,20260926T093659
512690,鹏华酒ETF,SSE,2020-03-25,1.043,1.055,1.036,1.05,0.17095306498423202,0.1729199267098416,0.16980572897762647,0.17210040099083762,0.16390514380079774,36955800.0,38666668.0,腾讯日K,2026-08-07T17:30:13,20260926T093659
512690,鹏华酒ETF,SSE,2020-03-26,1.038,1.067,1.032,1.049,0.17029572567062867,0.17505350606027048,0.16931135731415103,0.17210040099083762,0.16406139274627038,43449300.0,45812943.0,腾讯日K,2026-08-07T17:30:13,20260926T093659
512690,鹏华酒ETF,SSE,2020-03-27,1.065,1.088,1.052,1.076,0.18299491389477163,0.18694691673005778,0.18076117316178383,0.1848850022072998,0.17182621022983252,61382500.0,66227115.0,腾讯日K,2026-08-07T17:30:13,20260926T093659
512690,鹏华酒ETF,SSE,2020-03-30,1.055,1.072,1.048,1.061,0.1769943830413647,0.17984642523255256,0.17582001272734615,0.1780009861676663,0.16776718771693336,26351700.0,27940970.0,腾讯日K,2026-08-07T17:30:13,20260926T093659
512690,鹏华酒ETF,SSE,2020-03-31,1.071,1.086,1.063,1.076,0.18402587115615063,0.18660326430959814,0.18265126147431196,0.1848850022072998,0.17182621022983252,35725800.0,38462788.0,腾讯日K,2026-08-07T17:30:13,20260926T093659
512690,鹏华酒ETF,SSE,2020-04-01,1.074,1.084,1.06,1.066,0.18131845087934173,0.18300670461192406,0.1789548956537265,0.17996784789327588,0.16882537325823252,31552400.0,33843040.0,腾讯日K,2026-08-07T17:30:13,20260926T093659
512690,鹏华酒ETF,SSE,2020-04-02,1.055,1.08,1.055,1.079,0.1826957520382015,0.18702503526185557,0.1826957520382015,0.1868518639329094,0.17317132894616255,22157700.0,23681855.0,腾讯日K,2026-08-07T17:30:13,20260926T093659
512690,鹏华酒ETF,SSE,2020-04-03,1.081,1.089,1.068,1.077,0.18655875222728235,0.18793939054163783,0.18431521496645473,0.18586843307010462,0.17257978929443327,26170700.0,28281226.0,腾讯日K,2026-08-07T17:30:13,20260926T093659
512690,鹏华酒ETF,SSE,2020-04-07,1.09,1.108,1.082,1.104,0.1961338834894546,0.19937279165717037,0.1946943687482476,0.19865303428656686,0.17993934265087577,30064300.0,33105392.0,腾讯日K,2026-08-07T17:30:13,20260926T093659
512690,鹏华酒ETF,SSE,2020-04-08,1.084,1.103,1.084,1.1,0.19382528277825242,0.1972225893952144,0.19382528277825242,0.19668617256095727,0.17880561141905205,18990300.0,20835689.0,腾讯日K,2026-08-07T17:30:13,20260926T093659
512690,鹏华酒ETF,SSE,2020-04-09,1.11,1.113,1.098,1.108,0.20098202578837165,0.20152522045266452,0.19880924713120007,0.2006198960121764,0.1810648880976321,19394700.0,21435850.0,腾讯日K,2026-08-07T17:30:13,20260926T093659
512690,鹏华酒ETF,SSE,2020-04-10,1.11,1.146,1.105,1.121,0.20546774520741215,0.21213156397089575,0.20454221482359494,0.2075039120518099,0.18510607676343435,41526800.0,46823785.0,腾讯日K,2026-08-07T17:30:13,20260926T093659
512690,鹏华酒ETF,SSE,2020-04-13,1.114,1.13,1.102,1.117,0.20498502601914698,0.20792915565676487,0.20277692879093356,0.20553705032620032,0.18400810235111936,27496000.0,30711281.0,腾讯日K,2026-08-07T17:30:13,20260926T093659
512690,鹏华酒ETF,SSE,2020-04-14,1.121,1.136,1.117,1.133,0.211144255422157,0.21396955768025902,0.21039084148666315,0.21340449722863863,0.18835348387346745,26456500.0,29857530.0,腾讯日K,2026-08-07T17:30:13,20260926T093659
512690,鹏华酒ETF,SSE,2020-04-15,1.135,1.146,1.125,1.126,0.21114505172057824,0.21319139142888338,0.20928474289484628,0.20947077377741946,0.1860308825731967,20038700.0,22752443.0,腾讯日K,2026-08-07T17:30:13,20260926T093659
512690,鹏华酒ETF,SSE,2020-04-16,1.123,1.125,1.111,1.122,0.20768885314989527,0.20805873534606606,0.20546955997287056,0.2075039120518099,0.18494109808539205,21897000.0,24462297.0,腾讯日K,2026-08-07T17:30:13,20260926T093659
512690,鹏华酒ETF,SSE,2020-04-17,1.126,1.147,1.123,1.13,0.21068918369593864,0.2146185556831631,0.2101278448406209,0.21143763550302902,0.18711295177259207,27559500.0,31342869.0,腾讯日K,2026-08-07T17:30:13,20260926T093659
512690,鹏华酒ETF,SSE,2020-04-20,1.129,1.14,1.126,1.14,0.21426715588022177,0.21635478981705297,0.21369780117017687,0.21635478981705297,0.1897849033482921,22087000.0,25012289.0,腾讯日K,2026-08-07T17:30:13,20260926T093659
512690,鹏华酒ETF,SSE,2020-04-21,1.136,1.136,1.106,1.118,0.2088462336051552,0.2088462336051552,0.20333092814023035,0.20553705032620032,0.18384351549749578,28446200.0,31767601.0,腾讯日K,2026-08-07T17:30:13,20260926T093659
512690,鹏华酒ETF,SSE,2020-04-22,1.11,1.153,1.11,1.149,0.21376140816840333,0.222042255511864,0.21376140816840333,0.22127194413107695,0.19257784519675974,46946500.0,53538588.0,腾讯日K,2026-08-07T17:30:13,20260926T093659
512690,鹏华酒ETF,SSE,2020-04-23,1.146,1.171,1.146,1.153,0.22188349654099113,0.22672388695418905,0.22188349654099113,0.22323880585668657,0.19361561652791548,32747700.0,37974157.0,腾讯日K,2026-08-07T17:30:13,20260926T093659
512690,鹏华酒ETF,SSE,2020-04-24,1.162,1.18,1.146,1.169,0.22972238298212408,0.23328090526584028,0.22655925206326522,0.23110625275912483,0.19769568242867822,27321200.0,31997170.0,腾讯日K,2026-08-07T17:30:13,20260926T093659
512690,鹏华酒ETF,SSE,2020-04-27,1.166,1.167,1.146,1.161,0.22815087784067012,0.22834654754722303,0.22423748370961233,0.22717252930790569,0.19566970655289034,27780400.0,32280353.0,腾讯日K,2026-08-07T17:30:13,20260926T093659
512690,鹏华酒ETF,SSE,2020-04-28,1.156,1.205,1.15,1.191,0.23481455503020482,0.24476776713788653,0.23359579436395808,0.24192399224997746,0.20312677770778964,36499400.0,43093808.0,腾讯日K,2026-08-07T17:30:13,20260926T093659
512690,鹏华酒ETF,SSE,2020-04-29,1.19,1.199,1.168,1.174,0.23624957941808683,0.23803634094309759,0.23188194013472724,0.2330731144847344,0.19852905833452675,24440200.0,28914462.0,腾讯日K,2026-08-07T17:30:13,20260926T093659
512690,鹏华酒ETF,SSE,2020-04-30,1.17,1.188,1.17,1.184,0.23517619467444864,0.23879428997713245,0.23517619467444864,0.2379902687987583,0.20100529459354585,32137100.0,37863660.0,腾讯日K,2026-08-07T17:30:13,20260926T093659
512690,鹏华酒ETF,SSE,2020-05-06,1.179,1.2,1.169,1.199,0.24175666956773215,0.24606276800786986,0.2397061465009999,0.24585771570119663,0.20505230667322488,26511400.0,31450424.0,腾讯日K,2026-08-07T17:30:13,20260926T093659
512690,鹏华酒ETF,SSE,2020-05-07,1.192,1.217,1.183,1.211,0.24780833579405961,0.2530056582729619,0.24593729970165484,0.25175830087802537,0.2078928991560903,43577000.0,52418161.0,腾讯日K,2026-08-07T17:30:13,20260926T093659
512690,鹏华酒ETF,SSE,2020-05-08,1.214,1.235,1.2,1.223,0.2557627863210081,0.2601870190333155,0.2528132978461365,0.2576588860548541,0.21067774820511373,47047800.0,57369848.0,腾讯日K,2026-08-07T17:30:13,20260926T093659
512690,鹏华酒ETF,SSE,2020-05-11,1.221,1.247,1.221,1.226,0.25758749507052325,0.26307256867562856,0.25758749507052325,0.2586423169176589,0.21096436942712796,34179400.0,42136096.0,腾讯日K,2026-08-07T17:30:13,20260926T093659
512690,鹏华酒ETF,SSE,2020-05-12,1.224,1.237,1.219,1.235,0.26121197796565165,0.26398628818914305,0.26014493557200113,0.26355947123168283,0.21340847873010754,21547600.0,26504709.0,腾讯日K,2026-08-07T17:30:13,20260926T093659
512690,鹏华酒ETF,SSE,2020-05-13,1.231,1.275,1.226,1.273,0.27293257936869025,0.282688089922892,0.2718239986238946,0.28224465762497375,0.221716148959131,43073900.0,54178932.0,腾讯日K,2026-08-07T17:30:13,20260926T093659
512690,鹏华酒ETF,SSE,2020-05-14,1.267,1.279,1.258,1.271,0.2803760616110685,0.2830315570643699,0.2783844400210925,0.28126122676216897,0.22129128777511328,29617400.0,37637343.0,腾讯日K,2026-08-07T17:30:13,20260926T093659
512690,鹏华酒ETF,SSE,2020-05-15,1.27,1.278,1.247,1.262,0.27809585737650105,0.279847642304857,0.27305947570747785,0.27634407244814513,0.21897311604448902,37774900.0,47503583.0,腾讯日K,2026-08-07T17:30:13,20260926T093659
512690,鹏华酒ETF,SSE,2020-05-18,1.262,1.303,1.252,1.294,0.2848559933626842,0.2941104273784291,0.2825988143344537,0.29207896625302165,0.2257179028230461,49279600.0,62959656.0,腾讯日K,2026-08-07T17:30:13,20260926T093659
512690,鹏华酒ETF,SSE,2020-05-19,1.295,1.301,1.281,1.301,0.294647527415059,0.2960126897042408,0.29146214874030163,0.2960126897042408,0.2275270481969568,39527500.0,51095413.0,腾讯日K,2026-08-07T17:30:13,20260926T093659
512690,鹏华酒ETF,SSE,2020-05-20,1.301,1.305,1.287,1.289,0.2928129154306928,0.29371318573178645,0.2896619693768652,0.29011210452741204,0.22506757527339957,29943900.0,38766937.0,腾讯日K,2026-08-07T17:30:13,20260926T093659
512690,鹏华酒ETF,SSE,2020-05-21,1.29,1.316,1.29,1.301,0.29350989217407425,0.29942559542719516,0.29350989217407425,0.2960126897042408,0.2275270481969568,38988200.0,50750270.0,腾讯日K,2026-08-07T17:30:13,20260926T093659
512690,鹏华酒ETF,SSE,2020-05-22,1.293,1.295,1.245,1.256,0.28144757751483424,0.28188291792862363,0.2709994075838892,0.27339377985973073,0.21767020689469008,48859400.0,61851668.0,腾讯日K,2026-08-07T17:30:13,20260926T093659
512690,鹏华酒ETF,SSE,2020-05-25,1.252,1.288,1.237,1.285,0.28074540388160063,0.2888179554309118,0.2773818407360543,0.28814524280180254,0.2242375430364222,42721600.0,54123542.0,腾讯日K,2026-08-07T17:30:13,20260926T093659
512690,鹏华酒ETF,SSE,2020-05-26,1.285,1.303,1.274,1.301,0.2923722569330895,0.29646774380063473,0.28986945940292297,0.29601268970424083,0.22752704819695682,39409200.0,50958384.0,腾讯日K,2026-08-07T17:30:13,20260926T093659
512690,鹏华酒ETF,SSE,2020-05-27,1.3,1.306,1.285,1.292,0.29289798452576,0.29424982137741734,0.2895183923966166,0.2910955353902169,0.2253061419428923,29237700.0,37901993.0,腾讯日K,2026-08-07T17:30:13,20260926T093659
512690,鹏华酒ETF,SSE,2020-05-28,1.292,1.322,1.292,1.309,0.29605100519240213,0.3029252545389749,0.29605100519240213,0.29994641315546,0.22914164488576014,39272400.0,51419552.0,腾讯日K,2026-08-07T17:30:13,20260926T093659
512690,鹏华酒ETF,SSE,2020-05-29,1.294,1.33,1.294,1.328,0.30089133618327546,0.3092623470817283,0.30089133618327546,0.3087972909207031,0.23252808051257765,31957800.0,42203703.0,腾讯日K,2026-08-07T17:30:13,20260926T093659
512690,鹏华酒ETF,SSE,2020-06-01,1.332,1.375,1.332,1.363,0.3190731693859018,0.3293735795087199,0.3190731693859018,0.32649904645118927,0.23954442146088722,35292500.0,47991635.0,腾讯日K,2026-08-07T17:30:13,20260926T093659
512690,鹏华酒ETF,SSE,2020-06-02,1.361,1.366,1.331,1.34,0.3196297084841349,0.32080395429046904,0.31258423364613047,0.31469787609753186,0.2348491612668148,53762300.0,72374805.0,腾讯日K,2026-08-07T17:30:13,20260926T093659
512690,鹏华酒ETF,SSE,2020-06-03,1.344,1.345,1.327,1.341,0.31638752912355894,0.31662293651129964,0.31238560353196626,0.3156813069603367,0.23540738774074324,45852700.0,61059798.0,腾讯日K,2026-08-07T17:30:13,20260926T093659
512690,鹏华酒ETF,SSE,2020-06-04,1.336,1.37,1.333,1.368,0.3207824951200317,0.3289461214928469,0.32006217514595975,0.32846590817679894,0.24010665802397582,56171500.0,76250675.0,腾讯日K,2026-08-07T17:30:13,20260926T093659
512690,鹏华酒ETF,SSE,2020-06-05,1.368,1.389,1.353,1.385,0.33317643550087617,0.33829098604584573,0.32952318511161216,0.337316785942042,0.24355002595093286,44054300.0,60486533.0,腾讯日K,2026-08-07T17:30:13,20260926T093659
512690,鹏华酒ETF,SSE,2020-06-08,1.384,1.406,1.371,1.387,0.33756849319243537,0.3429344663501186,0.33439769087198623,0.33830021680484673,0.2439078708037828,37147500.0,51459666.0,腾讯日K,2026-08-07T17:30:13,20260926T093659
512690,鹏华酒ETF,SSE,2020-06-09,1.384,1.403,1.377,1.401,0.34099570182495403,0.3456770011997186,0.33927101258161974,0.34518423284448024,0.24638417761918646,39115900.0,54582372.0,腾讯日K,2026-08-07T17:30:13,20260926T093659
512690,鹏华酒ETF,SSE,2020-06-10,1.4,1.409,1.391,1.407,0.34640251286855184,0.348629386165564,0.34417563957153974,0.34813452543289464,0.2474303663346799,52292900.0,73295417.0,腾讯日K,2026-08-07T17:30:13,20260926T093659
512690,鹏华酒ETF,SSE,2020-06-11,1.4,1.407,1.37,1.382,0.3397177235188173,0.34141631213641144,0.33243805801484266,0.3353499242164325,0.24265551679915523,69110500.0,95986169.0,腾讯日K,2026-08-07T17:30:13,20260926T093659
512690,鹏华酒ETF,SSE,2020-06-12,1.351,1.396,1.35,1.389,0.33000158963210746,0.3409935004636728,0.3297573249469616,0.33928364766765157,0.24426468514589744,43096900.0,59425155.0,腾讯日K,2026-08-07T17:30:13,20260926T093659
512690,鹏华酒ETF,SSE,2020-06-15,1.381,1.387,1.35,1.361,0.3302990926727106,0.3317341357980084,0.3228847031920053,0.3255156155883846,0.23917385421630022,50006300.0,68281929.0,腾讯日K,2026-08-07T17:30:13,20260926T093659
512690,鹏华酒ETF,SSE,2020-06-16,1.368,1.389,1.367,1.387,0.33366596725957487,0.3387880325464543,0.33342205938877106,0.33830021680484673,0.2439078708037828,52808500.0,72939917.0,腾讯日K,2026-08-07T17:30:13,20260926T093659
512690,鹏华酒ETF,SSE,2020-06-17,1.388,1.39,1.359,1.369,0.3340216819481154,0.3345029812016429,0.327042842771966,0.3294493390396037,0.24064962676377188,51996800.0,71152940.0,腾讯日K,2026-08-07T17:30:13,20260926T093659
512690,鹏华酒ETF,SSE,2020-06-18,1.362,1.378,1.359,1.371,0.3282636269927647,0.3321198810543537,0.3275405793562167,0.3304327699024085,0.24101587884931328,27366900.0,37473708.0,腾讯日K,2026-08-07T17:30:13,20260926T093659
512690,鹏华酒ETF,SSE,2020-06-19,1.372,1.414,1.371,1.405,0.3389973677937105,0.34937483823637505,0.3387502851641232,0.3471510945700898,0.24708262958725252,63400600.0,88914631.0,腾讯日K,2026-08-07T17:30:13,20260926T093659
512690,鹏华酒ETF,SSE,2020-06-22,1.41,1.415,1.389,1.414,0.35009165021926847,0.3513331099718191,0.34487751925855603,0.351084818021309,0.2482919505101195,43397700.0,60818181.0,腾讯日K,2026-08-07T17:30:13,20260926T093659
512690,鹏华酒ETF,SSE,2020-06-23,1.412,1.459,1.4,1.458,0.3609609460687628,0.3729759350668024,0.3578932893033059,0.37272029700301423,0.25563806378807563,62309600.0,89520935.0,腾讯日K,2026-08-07T17:30:13,20260926T093659
512690,鹏华酒ETF,SSE,2020-06-24,1.456,1.471,1.438,1.457,0.37246448348413774,0.37630168626728483,0.36785984014436135,0.37272029700301423,0.25581351887646825,46667100.0,67836432.0,腾讯日K,2026-08-07T17:30:13,20260926T093659
512690,鹏华酒ETF,SSE,2020-06-29,1.445,1.464,1.431,1.459,0.3701178113544267,0.3749844123341734,0.3665318948430343,0.373703727865819,0.2561368936708835,37448700.0,54321187.0,腾讯日K,2026-08-07T17:30:13,20260926T093659
512690,鹏华酒ETF,SSE,2020-06-30,1.46,1.503,1.46,1.501,0.38358389935888776,0.39488123338110154,0.38358389935888776,0.39435577598471955,0.262728698191019,51100000.0,75985235.0,腾讯日K,2026-08-07T17:30:13,20260926T093659
512690,鹏华酒ETF,SSE,2020-07-01,1.504,1.595,1.501,1.59,0.4139563571433886,0.43900291864608026,0.4131306463246185,0.4376267339481302,0.275236939590019,83747600.0,130217820.0,腾讯日K,2026-08-07T17:30:13,20260926T093659
512690,鹏华酒ETF,SSE,2020-07-02,1.579,1.638,1.558,1.615,0.4403712063312022,0.45682586191925845,0.43451446451172454,0.4504113351645925,0.2788924675941749,106059500.0,170326474.0,腾讯日K,2026-08-07T17:30:13,20260926T093659
512690,鹏华酒ETF,SSE,2020-07-03,1.615,1.616,1.542,1.598,0.4462579090738106,0.4465342297605436,0.4260864989423009,0.4415604573993494,0.27632068673300964,97076200.0,152785617.0,腾讯日K,2026-08-07T17:30:13,20260926T093659
512690,鹏华酒ETF,SSE,2020-07-06,1.58,1.64,1.56,1.638,0.4448973980192938,0.46179223591876056,0.43926578538613814,0.46122907465544505,0.28158063165778086,88350300.0,141580756.0,腾讯日K,2026-08-07T17:30:13,20260926T093659
512690,鹏华酒ETF,SSE,2020-07-07,1.625,1.717,1.6,1.674,0.4649119468650766,0.4912331155491302,0.4577594553748447,0.47893083018593124,0.2860996596092779,113654000.0,190369589.0,腾讯日K,2026-08-07T17:30:13,20260926T093659
512690,鹏华酒ETF,SSE,2020-07-08,1.649,1.694,1.6,1.68,0.4729892687231523,0.4858967987974651,0.4589344026422339,0.4818811227743456,0.28683400165139616,97237700.0,161912781.0,腾讯日K,2026-08-07T17:30:13,20260926T093659
512690,鹏华酒ETF,SSE,2020-07-09,1.67,1.714,1.657,1.704,0.48383182483789033,0.4965794896839186,0.48006546931520017,0.49368229312800305,0.2897196555915511,86105300.0,145291906.0,腾讯日K,2026-08-07T17:30:13,20260926T093659
512690,鹏华酒ETF,SSE,2020-07-10,1.7,1.765,1.68,1.724,0.49650708989865805,0.5154911845124303,0.49066583001749736,0.5035166017560508,0.29206299405803415,105425500.0,182359010.0,腾讯日K,2026-08-07T17:30:13,20260926T093659
512690,鹏华酒ETF,SSE,2020-07-13,1.72,1.847,1.707,1.838,0.5023483497798187,0.5394403500251891,0.49855153085706433,0.5368117830786668,0.29206299405803415,113893600.0,201974905.0,腾讯日K,2026-08-07T17:30:13,20260926T093659
512690,鹏华酒ETF,SSE,2020-07-14,1.815,1.84,1.771,1.819,0.5271591280876794,0.5344202731026612,0.5143795128613113,0.5283209112900764,0.2904458005992724,126782300.0,229276309.0,腾讯日K,2026-08-07T17:30:13,20260926T093659
512690,鹏华酒ETF,SSE,2020-07-15,1.82,1.888,1.807,1.856,0.5347256637168148,0.5547044247787617,0.5309061946902661,0.5453026548672574,0.29380530973451363,137113200.0,253547264.0,腾讯日K,2026-08-07T17:30:13,20260926T093659
512690,鹏华酒ETF,SSE,2020-07-16,1.821,1.821,1.67,1.695,0.5350194690265493,0.5350194690265493,0.49065486725663776,0.49800000000000066,0.29380530973451363,179489500.0,312607644.0,腾讯日K,2026-08-07T17:30:13,20260926T093659
512690,鹏华酒ETF,SSE,2020-07-17,1.64,1.727,1.64,1.686,0.47954922894424734,0.5049887307236068,0.47954922894424734,0.4930000000000006,0.29240806642941913,111670300.0,188312653.0,腾讯日K,2026-08-07T17:30:13,20260926T093659
512690,鹏华酒ETF,SSE,2020-07-20,1.69,1.711,1.59,1.674,0.491654719235365,0.49776403823178084,0.46256272401433757,0.4870000000000006,0.29091995221027517,148081300.0,244146873.0,腾讯日K,2026-08-07T17:30:13,20260926T093659
512690,鹏华酒ETF,SSE,2020-07-21,1.673,1.74,1.657,1.708,0.49367213114754166,0.5134426229508203,0.4889508196721318,0.5040000000000007,0.29508196721311514,128583200.0,219898264.0,腾讯日K,2026-08-07T17:30:13,20260926T093659
512690,鹏华酒ETF,SSE,2020-07-22,1.7,1.765,1.67,1.74,0.5080459770114949,0.5274712643678168,0.4990804597701156,0.5200000000000007,0.2988505747126441,90314700.0,157116232.0,腾讯日K,2026-08-07T17:30:13,20260926T093659
512690,鹏华酒ETF,SSE,2020-07-23,1.721,1.76,1.701,1.749,0.5165951972555752,0.5283018867924535,0.5105917667238428,0.5250000000000007,0.3001715265866213,88023100.0,152722786.0,腾讯日K,2026-08-07T17:30:13,20260926T093659
512690,鹏华酒ETF,SSE,2020-07-24,1.73,1.739,1.635,1.663,0.5014191220685514,0.5040276608538792,0.47388454600120317,0.48200000000000054,0.28983764281419155,108881400.0,182867977.0,腾讯日K,2026-08-07T17:30:13,20260926T093659
512690,鹏华酒ETF,SSE,2020-07-27,1.662,1.694,1.648,1.672,0.48309330143540724,0.4923947368421058,0.4790239234449766,0.48600000000000054,0.29066985645933047,66734100.0,111655093.0,腾讯日K,2026-08-07T17:30:13,20260926T093659
512690,鹏华酒ETF,SSE,2020-07-28,1.661,1.733,1.661,1.718,0.49211233993015185,0.5134441210710133,0.49211233993015185,0.5090000000000006,0.2962747380675207,88076800.0,149982711.0,腾讯日K,2026-08-07T17:30:13,20260926T093659
512690,鹏华酒ETF,SSE,2020-07-29,1.718,1.736,1.684,1.735,0.512924495677234,0.5182985590778104,0.5027734870317009,0.5180000000000007,0.2985590778097986,115931800.0,198981420.0,腾讯日K,2026-08-07T17:30:13,20260926T093659
512690,鹏华酒ETF,SSE,2020-07-30,1.73,1.765,1.718,1.747,0.5189009730967379,0.5293989696622787,0.5153016599885524,0.5240000000000007,0.2999427590154554,106436900.0,186114676.0,腾讯日K,2026-08-07T17:30:13,20260926T093659
512690,鹏华酒ETF,SSE,2020-07-31,1.73,1.762,1.704,1.746,0.5182073310423833,0.5277926689576181,0.5104192439862549,0.5230000000000007,0.2995418098510886,102700300.0,178353342.0,腾讯日K,2026-08-07T17:30:13,20260926T093659
512690,鹏华酒ETF,SSE,2020-08-03,1.747,1.759,1.728,1.757,0.525989186112693,0.5296021627774624,0.5202686397268079,0.5290000000000008,0.3010813887307916,96295200.0,167893240.0,腾讯日K,2026-08-07T17:30:13,20260926T093659
512690,鹏华酒ETF,SSE,2020-08-04,1.758,1.772,1.73,1.749,0.5277015437392804,0.5319039451114931,0.519296740994855,0.5250000000000008,0.3001715265866214,83155800.0,145392928.0,腾讯日K,2026-08-07T17:30:13,20260926T093659
512690,鹏华酒ETF,SSE,2020-08-05,1.725,1.748,1.709,1.743,0.5166092943201385,0.523497418244407,0.5118175559380387,0.5220000000000008,0.2994836488812397,82308400.0,142419002.0,腾讯日K,2026-08-07T17:30:13,20260926T093659
512690,鹏华酒ETF,SSE,2020-08-06,1.742,1.748,1.685,1.709,0.5147513165593922,0.5165242832065543,0.4979081334113524,0.5050000000000008,0.29549444119368096,101874800.0,174064661.0,腾讯日K,2026-08-07T17:30:13,20260926T093659
512690,鹏华酒ETF,SSE,2020-08-07,1.69,1.714,1.64,1.664,0.4895312500000007,0.4964831730769238,0.4750480769230776,0.4820000000000007,0.28966346153846195,75241100.0,126094966.0,腾讯日K,2026-08-07T17:30:13,20260926T093659
512690,鹏华酒ETF,SSE,2020-08-10,1.666,1.686,1.648,1.681,0.48661867935752584,0.4924604402141588,0.4813610945865562,0.49100000000000066,0.2920880428316482,56265300.0,94043679.0,腾讯日K,2026-08-07T17:30:13,20260926T093659
512690,鹏华酒ETF,SSE,2020-08-11,1.685,1.725,1.685,1.691,0.4942400946185696,0.5059727971614437,0.4942400946185696,0.4960000000000007,0.2933175635718514,83164500.0,142165360.0,腾讯日K,2026-08-07T17:30:13,20260926T093659
512690,鹏华酒ETF,SSE,2020-08-12,1.68,1.698,1.626,1.657,0.4856487628243821,0.49085214242607184,0.4700386240193126,0.47900000000000065,0.28907664453832266,56717200.0,93730161.0,腾讯日K,2026-08-07T17:30:13,20260926T093659
512690,鹏华酒ETF,SSE,2020-08-13,1.655,1.685,1.65,1.675,0.48217313432835895,0.4909134328358217,0.48071641791044845,0.4880000000000007,0.29134328358209,48772400.0,81531314.0,腾讯日K,2026-08-07T17:30:13,20260926T093659
512690,鹏华酒ETF,SSE,2020-08-14,1.67,1.733,1.66,1.726,0.4963557358053308,0.5150805330243344,0.49338354577056837,0.5130000000000007,0.297219003476246,91287000.0,156133959.0,腾讯日K,2026-08-07T17:30:13,20260926T093659
512690,鹏华酒ETF,SSE,2020-08-17,1.734,1.789,1.728,1.772,0.5245056433408585,0.5411422121896169,0.5226907449209939,0.5360000000000007,0.302483069977427,98300400.0,173892446.0,腾讯日K,2026-08-07T17:30:13,20260926T093659
512690,鹏华酒ETF,SSE,2020-08-18,1.768,1.81,1.75,1.79,0.5383016759776543,0.551089385474861,0.53282122905028,0.5450000000000007,0.30446927374301713,79434500.0,141825756.0,腾讯日K,2026-08-07T17:30:13,20260926T093659
512690,鹏华酒ETF,SSE,2020-08-19,1.781,1.827,1.768,1.795,0.5437259052924799,0.5577693593314771,0.5397571030640677,0.5480000000000008,0.30529247910863555,91327700.0,164536404.0,腾讯日K,2026-08-07T17:30:13,20260926T093659
512690,鹏华酒ETF,SSE,2020-08-20,1.771,1.786,1.74,1.749,0.5316037735849063,0.5361063464837056,0.522298456260721,0.5250000000000007,0.3001715265866213,61686500.0,108293381.0,腾讯日K,2026-08-07T17:30:13,20260926T093659
512690,鹏华酒ETF,SSE,2020-08-21,1.757,1.802,1.752,1.788,0.5345682326621931,0.5482595078299785,0.5330469798657725,0.5440000000000008,0.30425055928411676,80251600.0,143220097.0,腾讯日K,2026-08-07T17:30:13,20260926T093659
512690,鹏华酒ETF,SSE,2020-08-24,1.792,1.835,1.785,1.827,0.5531954022988514,0.5664696223316921,0.5510344827586214,0.5640000000000008,0.3087027914614126,68878100.0,125089397.0,腾讯日K,2026-08-07T17:30:13,20260926T093659
512690,鹏华酒ETF,SSE,2020-08-25,1.827,1.909,1.827,1.894,0.5758812038014792,0.6017280887011625,0.5758812038014792,0.5970000000000009,0.3152059134107713,102951100.0,194053898.0,腾讯日K,2026-08-07T17:30:13,20260926T093659
512690,鹏华酒ETF,SSE,2020-08-26,1.888,1.924,1.859,1.893,0.5954231378763876,0.6067765451664034,0.5862773375594303,0.5970000000000009,0.3153724247226629,104395800.0,197379446.0,腾讯日K,2026-08-07T17:30:13,20260926T093659
512690,鹏华酒ETF,SSE,2020-08-27,1.875,1.915,1.856,1.912,0.5942730125523021,0.6069508368200845,0.5882510460251055,0.6060000000000009,0.3169456066945611,104141800.0,196910701.0,腾讯日K,2026-08-07T17:30:13,20260926T093659
512690,鹏华酒ETF,SSE,2020-08-28,1.901,2.004,1.886,1.988,0.6158169014084515,0.6491830985915501,0.6109577464788739,0.6440000000000008,0.3239436619718314,125065400.0,244740105.0,腾讯日K,2026-08-07T17:30:13,20260926T093659
512690,鹏华酒ETF,SSE,2020-08-31,1.997,2.051,1.992,2.013,0.6517779433681082,0.6694023845007461,0.6501460506706417,0.6570000000000009,0.32637853949329404,139401300.0,281613926.0,腾讯日K,2026-08-07T17:30:13,20260926T093659
512690,鹏华酒ETF,SSE,2020-09-01,1.989,2.005,1.926,1.971,0.641808219178083,0.6469710806697115,0.6214794520547953,0.6360000000000008,0.3226788432267888,151285400.0,296162187.0,腾讯日K,2026-08-07T17:30:13,20260926T093659
512690,鹏华酒ETF,SSE,2020-09-02,1.975,1.998,1.929,1.954,0.6337384851586497,0.6411187308085985,0.6189779938587521,0.6270000000000008,0.3208802456499492,89331600.0,175238203.0,腾讯日K,2026-08-07T17:30:13,20260926T093659
512690,鹏华酒ETF,SSE,2020-09-03,1.951,2.014,1.94,1.986,0.6316681772406857,0.652065458207453,0.6281067472306151,0.6430000000000009,0.3237663645518635,135664000.0,270141156.0,腾讯日K,2026-08-07T17:30:13,20260926T093659
512690,鹏华酒ETF,SSE,2020-09-04,1.938,1.949,1.89,1.933,0.6185959648215218,0.6221070874288679,0.6032747025349205,0.6170000000000009,0.3191929643041908,127125400.0,243911941.0,腾讯日K,2026-08-07T17:30:13,20260926T093659
512690,鹏华酒ETF,SSE,2020-09-07,1.928,1.957,1.88,1.893,0.6080380348652941,0.6171838351822514,0.5929001584786062,0.5970000000000009,0.3153724247226629,93754100.0,180602474.0,腾讯日K,2026-08-07T17:30:13,20260926T093659
512690,鹏华酒ETF,SSE,2020-09-08,1.893,1.912,1.821,1.854,0.5891375404530751,0.5950507011866242,0.5667297734627839,0.5770000000000007,0.3112189859762679,99216300.0,183605507.0,腾讯日K,2026-08-07T17:30:13,20260926T093659
512690,鹏华酒ETF,SSE,2020-09-09,1.821,1.837,1.788,1.809,0.5586815920398018,0.5635903814262032,0.5485572139303492,0.5550000000000008,0.3067993366500834,95162700.0,173065929.0,腾讯日K,2026-08-07T17:30:13,20260926T093659
512690,鹏华酒ETF,SSE,2020-09-10,1.83,1.877,1.829,1.84,0.5669021739130442,0.5814619565217398,0.5665923913043485,0.5700000000000007,0.30978260869565255,100105800.0,185477212.0,腾讯日K,2026-08-07T17:30:13,20260926T093659
512690,鹏华酒ETF,SSE,2020-09-11,1.833,1.9,1.822,1.899,0.5791469194312803,0.6003159557661933,0.5756714060031602,0.6000000000000006,0.31595576619273336,100178600.0,186919149.0,腾讯日K,2026-08-07T17:30:13,20260926T093659
512690,鹏华酒ETF,SSE,2020-09-14,1.901,1.929,1.882,1.921,0.6046387298282151,0.6135445080687149,0.5985955231650187,0.6110000000000007,0.31806350858927673,103371200.0,197446961.0,腾讯日K,2026-08-07T17:30:13,20260926T093659
512690,鹏华酒ETF,SSE,2020-09-15,1.916,1.921,1.893,1.919,0.6090463783220434,0.6106357477853056,0.6017352787910378,0.6100000000000008,0.31787389265242355,68111500.0,130157871.0,腾讯日K,2026-08-07T17:30:13,20260926T093659
512690,鹏华酒ETF,SSE,2020-09-16,1.919,1.935,1.874,1.886,0.6033759278897144,0.6084066808059392,0.5892269353128321,0.5930000000000006,0.31442205726405126,79306400.0,151068517.0,腾讯日K,2026-08-07T17:30:13,20260926T093659
512690,鹏华酒ETF,SSE,2020-09-17,1.87,1.87,1.82,1.843,0.5803798155181776,0.5803798155181776,0.5648616386326648,0.5720000000000006,0.3103635377102554,80197900.0,147828999.0,腾讯日K,2026-08-07T17:30:13,20260926T093659
512690,鹏华酒ETF,SSE,2020-09-18,1.836,1.872,1.818,1.87,0.5743636363636371,0.5856256684491986,0.5687326203208563,0.5850000000000007,0.31283422459893084,86098200.0,158795523.0,腾讯日K,2026-08-07T17:30:13,20260926T093659
512690,鹏华酒ETF,SSE,2020-09-21,1.854,1.864,1.834,1.838,0.5739532100108821,0.577048966267683,0.5677616974972803,0.5690000000000006,0.3095756256800874,57728100.0,106284730.0,腾讯日K,2026-08-07T17:30:13,20260926T093659
512690,鹏华酒ETF,SSE,2020-09-22,1.822,1.854,1.817,1.822,0.5610000000000007,0.570852908891329,0.5594604829857307,0.5610000000000007,0.30790340285400697,58221600.0,106841984.0,腾讯日K,2026-08-07T17:30:13,20260926T093659
512690,鹏华酒ETF,SSE,2020-09-23,1.796,1.83,1.767,1.824,0.5533728070175445,0.563848684210527,0.5444375000000007,0.5620000000000007,0.3081140350877197,73932300.0,133401044.0,腾讯日K,2026-08-07T17:30:13,20260926T093659
512690,鹏华酒ETF,SSE,2020-09-24,1.81,1.832,1.78,1.785,0.5506050420168075,0.5572974789915974,0.5414789915966394,0.5430000000000007,0.3042016806722693,60940400.0,110088642.0,腾讯日K,2026-08-07T17:30:13,20260926T093659
512690,鹏华酒ETF,SSE,2020-09-25,1.795,1.812,1.789,1.799,0.548777098387994,0.5539744302390225,0.546942745969984,0.5500000000000007,0.305725403001668,46416800.0,83632963.0,腾讯日K,2026-08-07T17:30:13,20260926T093659
512690,鹏华酒ETF,SSE,2020-09-28,1.802,1.835,1.795,1.815,0.5540033057851249,0.5641487603305794,0.5518512396694223,0.5580000000000008,0.3074380165289261,63734200.0,115987328.0,腾讯日K,2026-08-07T17:30:13,20260926T093659
512690,鹏华酒ETF,SSE,2020-09-29,1.824,1.828,1.799,1.819,0.5615393073117104,0.5627707531610783,0.5538427707531617,0.5600000000000007,0.3078614623419465,50662500.0,91870180.0,腾讯日K,2026-08-07T17:30:13,20260926T093659
512690,鹏华酒ETF,SSE,2020-09-30,1.82,1.846,1.812,1.827,0.5618390804597707,0.5698653530377675,0.5593694581280795,0.5640000000000006,0.3087027914614125,71993100.0,131686448.0,腾讯日K,2026-08-07T17:30:13,20260926T093659
512690,鹏华酒ETF,SSE,2020-10-09,1.843,1.861,1.833,1.851,0.5735105348460299,0.5791118314424643,0.5703987034035662,0.5760000000000006,0.3111831442463537,66284200.0,122397337.0,腾讯日K,2026-08-07T17:30:13,20260926T093659
512690,鹏华酒ETF,SSE,2020-10-12,1.858,1.95,1.851,1.948,0.5951704312114998,0.6246406570841897,0.5929281314168385,0.6240000000000008,0.32032854209445627,106002800.0,202383654.0,腾讯日K,2026-08-07T17:30:13,20260926T093659
512690,鹏华酒ETF,SSE,2020-10-13,1.945,1.975,1.921,1.953,0.6244316436251928,0.6340629800307228,0.6167265745007688,0.6270000000000008,0.32104454685099887,84726700.0,165326095.0,腾讯日K,2026-08-07T17:30:13,20260926T093659
512690,鹏华酒ETF,SSE,2020-10-14,1.946,1.985,1.944,1.953,0.6247526881720438,0.6372734254992328,0.6241105990783418,0.6270000000000008,0.32104454685099887,70846600.0,139199799.0,腾讯日K,2026-08-07T17:30:13,20260926T093659
512690,鹏华酒ETF,SSE,2020-10-15,1.944,1.961,1.94,1.952,0.6234344262295088,0.628886270491804,0.622151639344263,0.6260000000000007,0.32069672131147575,44174000.0,86214302.0,腾讯日K,2026-08-07T17:30:13,20260926T093659
512690,鹏华酒ETF,SSE,2020-10-16,1.95,1.969,1.914,1.927,0.6213284898806442,0.6273824597820453,0.609857810067463,0.6140000000000007,0.31862999481058674,49900000.0,96602493.0,腾讯日K,2026-08-07T17:30:13,20260926T093659
512690,鹏华酒ETF,SSE,2020-10-19,1.93,1.951,1.899,1.909,0.611655316919854,0.6183106338397073,0.6018308014667372,0.6050000000000006,0.3169198533263492,53617300.0,102992870.0,腾讯日K,2026-08-07T17:30:13,20260926T093659
512690,鹏华酒ETF,SSE,2020-10-20,1.899,1.973,1.899,1.972,0.6124563894523334,0.6363225152129826,0.6124563894523334,0.6360000000000007,0.3225152129817448,109620900.0,213852494.0,腾讯日K,2026-08-07T17:30:13,20260926T093659
512690,鹏华酒ETF,SSE,2020-10-21,1.965,1.987,1.947,1.979,0.6354724608388082,0.6425871652349678,0.629651339060132,0.6400000000000007,0.32339565437089474,76186000.0,149900077.0,腾讯日K,2026-08-07T17:30:13,20260926T093659
512690,鹏华酒ETF,SSE,2020-10-22,1.973,2.015,1.941,2.004,0.6419141716566873,0.65557884231537,0.6315029940119767,0.6520000000000007,0.3253493013972059,88600300.0,175840081.0,腾讯日K,2026-08-07T17:30:13,20260926T093659
512690,鹏华酒ETF,SSE,2020-10-23,2.0,2.017,1.952,1.966,0.6439471007121065,0.6494206510681594,0.6284923702950159,0.6330000000000007,0.32197355035605324,75941200.0,150938479.0,腾讯日K,2026-08-07T17:30:13,20260926T093659
512690,鹏华酒ETF,SSE,2020-10-26,1.897,1.945,1.877,1.938,0.6059045407636746,0.6212358101135198,0.5995165118679058,0.6190000000000007,0.31940144478844207,78712600.0,150838366.0,腾讯日K,2026-08-07T17:30:13,20260926T093659
512690,鹏华酒ETF,SSE,2020-10-27,1.923,1.973,1.923,1.964,0.6188065173116095,0.6348961303462327,0.6188065173116095,0.6320000000000006,0.32179226069246464,56219500.0,109911469.0,腾讯日K,2026-08-07T17:30:13,20260926T093659
512690,鹏华酒ETF,SSE,2020-10-28,1.96,2.045,1.959,2.03,0.642068965517242,0.6699137931034489,0.6417413793103455,0.6650000000000006,0.32758620689655205,128910300.0,259402870.0,腾讯日K,2026-08-07T17:30:13,20260926T093659
512690,鹏华酒ETF,SSE,2020-10-29,2.016,2.11,2.016,2.078,0.6684427333974982,0.6996102021174212,0.6684427333974982,0.6890000000000005,0.33156881616939393,109090000.0,226786535.0,腾讯日K,2026-08-07T17:30:13,20260926T093659
512690,鹏华酒ETF,SSE,2020-10-30,2.067,2.075,2.008,2.019,0.6756909361069843,0.6783060921248149,0.6564041604754834,0.6600000000000006,0.32689450222882643,111818700.0,227133798.0,腾讯日K,2026-08-07T17:30:13,20260926T093659
512690,鹏华酒ETF,SSE,2020-11-02,2.019,2.058,2.016,2.048,0.6644560546875006,0.6772910156250005,0.6634687500000006,0.6740000000000006,0.3291015625000003,64177400.0,131000529.0,腾讯日K,2026-08-07T17:30:13,20260926T093659
512690,鹏华酒ETF,SSE,2020-11-03,2.047,2.08,2.041,2.069,0.6777162880618662,0.6886418559690678,0.6757298211696477,0.6850000000000006,0.3310778153697441,67295900.0,138497653.0,腾讯日K,2026-08-07T17:30:13,20260926T093659
512690,鹏华酒ETF,SSE,2020-11-04,2.063,2.075,2.043,2.074,0.6833563162970114,0.6873312439729999,0.6767314368370307,0.6870000000000007,0.3312439729990361,55129700.0,113667380.0,腾讯日K,2026-08-07T17:30:13,20260926T093659
512690,鹏华酒ETF,SSE,2020-11-05,2.081,2.142,2.081,2.124,0.6975856873822981,0.7180338983050853,0.6975856873822981,0.7120000000000006,0.3352165725047084,103176600.0,217857789.0,腾讯日K,2026-08-07T17:30:13,20260926T093659
512690,鹏华酒ETF,SSE,2020-11-06,2.13,2.13,2.07,2.097,0.7100000000000006,0.7100000000000006,0.6900000000000006,0.6990000000000006,0.33333333333333365,97141500.0,202886382.0,腾讯日K,2026-08-07T17:30:13,20260926T093659
512690,鹏华酒ETF,SSE,2020-11-09,2.101,2.137,2.093,2.136,0.7062350187265924,0.7183361423220981,0.7035458801498135,0.7180000000000007,0.3361423220973786,98891300.0,209082678.0,腾讯日K,2026-08-07T17:30:13,20260926T093659
512690,鹏华酒ETF,SSE,2020-11-10,2.136,2.217,2.11,2.191,0.7272733911455964,0.7548525787311738,0.7184208124144233,0.7460000000000008,0.3404837973528073,114942900.0,249619256.0,腾讯日K,2026-08-07T17:30:13,20260926T093659
512690,鹏华酒ETF,SSE,2020-11-11,2.17,2.255,2.162,2.192,0.7385127737226285,0.7674406934306577,0.7357901459854022,0.7460000000000008,0.340328467153285,143871700.0,318423847.0,腾讯日K,2026-08-07T17:30:13,20260926T093659
512690,鹏华酒ETF,SSE,2020-11-12,2.18,2.26,2.155,2.257,0.7524235711120966,0.7800354452813476,0.7437948604342054,0.7790000000000008,0.3451484271156406,127786200.0,282837855.0,腾讯日K,2026-08-07T17:30:13,20260926T093659
512690,鹏华酒ETF,SSE,2020-11-13,2.204,2.211,2.121,2.151,0.7438884239888431,0.7462510460251053,0.7158744769874484,0.7260000000000006,0.3375174337517437,183375700.0,396229455.0,腾讯日K,2026-08-07T17:30:13,20260926T093659
512690,鹏华酒ETF,SSE,2020-11-16,2.147,2.248,2.145,2.235,0.7377610738255039,0.7724671140939605,0.7370738255033564,0.7680000000000007,0.3436241610738258,134245500.0,294866573.0,腾讯日K,2026-08-07T17:30:13,20260926T093659
512690,鹏华酒ETF,SSE,2020-11-17,2.233,2.27,2.18,2.203,0.7622405810258747,0.7748706309577857,0.7441488878801643,0.7520000000000008,0.34135270086246067,125530900.0,280074361.0,腾讯日K,2026-08-07T17:30:13,20260926T093659
512690,鹏华酒ETF,SSE,2020-11-18,2.19,2.205,2.131,2.168,0.7414483394833955,0.7465267527675283,0.7214732472324729,0.7340000000000007,0.3385608856088564,112490800.0,243838646.0,腾讯日K,2026-08-07T17:30:13,20260926T093659
512690,鹏华酒ETF,SSE,2020-11-19,2.148,2.204,2.133,2.189,0.731046139789859,0.7501050708085891,0.7259410689812706,0.7450000000000007,0.3403380539058934,96158300.0,209895458.0,腾讯日K,2026-08-07T17:30:13,20260926T093659
512690,鹏华酒ETF,SSE,2020-11-20,2.189,2.26,2.172,2.245,0.7537180400890875,0.7781648106904238,0.7478645879732746,0.7730000000000007,0.3443207126948778,114594900.0,256242580.0,腾讯日K,2026-08-07T17:30:13,20260926T093659
512690,鹏华酒ETF,SSE,2020-11-23,2.256,2.305,2.253,2.274,0.7807704485488133,0.7977286719437123,0.7797321899736156,0.7870000000000007,0.34608619173263006,96403800.0,219445394.0,腾讯日K,2026-08-07T17:30:13,20260926T093659
512690,鹏华酒ETF,SSE,2020-11-24,2.264,2.288,2.212,2.279,0.7848003510311545,0.7931197893813081,0.7667749012724886,0.7900000000000006,0.3466432645897326,116913000.0,263335360.0,腾讯日K,2026-08-07T17:30:13,20260926T093659
512690,鹏华酒ETF,SSE,2020-11-25,2.279,2.279,2.18,2.187,0.7752976680384093,0.7752976680384093,0.7416186556927302,0.7440000000000004,0.3401920438957478,182570800.0,403631184.0,腾讯日K,2026-08-07T17:30:13,20260926T093659
512690,鹏华酒ETF,SSE,2020-11-26,2.192,2.212,2.145,2.21,0.7488506787330323,0.7556832579185527,0.7327941176470595,0.7550000000000006,0.3416289592760184,111108000.0,243389956.0,腾讯日K,2026-08-07T17:30:13,20260926T093659
512690,鹏华酒ETF,SSE,2020-11-27,2.203,2.216,2.172,2.208,0.7522925724637686,0.7567318840579716,0.741706521739131,0.7540000000000006,0.34148550724637705,73342300.0,161225574.0,腾讯日K,2026-08-07T17:30:13,20260926T093659
512690,鹏华酒ETF,SSE,2020-11-30,2.19,2.206,2.136,2.155,0.739823665893272,0.7452287703016247,0.7215814385150818,0.7280000000000005,0.337819025522042,116678700.0,251798744.0,腾讯日K,2026-08-07T17:30:13,20260926T093659
512690,鹏华酒ETF,SSE,2020-12-01,2.149,2.175,2.148,2.168,0.7275673431734323,0.7363699261992624,0.7272287822878234,0.7340000000000005,0.33856088560885633,73380900.0,158719854.0,腾讯日K,2026-08-07T17:30:13,20260926T093659
512690,鹏华酒ETF,SSE,2020-12-02,2.176,2.182,2.148,2.167,0.7370484540839878,0.7390807568066458,0.7275643747115835,0.7340000000000005,0.33871712044300906,61166600.0,132311555.0,腾讯日K,2026-08-07T17:30:13,20260926T093659
512690,鹏华酒ETF,SSE,2020-12-03,2.163,2.197,2.152,2.195,0.7370952164009118,0.7486815489749438,0.7333466970387251,0.7480000000000006,0.3407744874715265,89063100.0,193750785.0,腾讯日K,2026-08-07T17:30:13,20260926T093659
512690,鹏华酒ETF,SSE,2020-12-04,2.189,2.291,2.183,2.273,0.7579159700835906,0.7932322921249456,0.7558385393752756,0.7870000000000007,0.346238451385834,191883500.0,431480739.0,腾讯日K,2026-08-07T17:30:13,20260926T093659
512690,鹏华酒ETF,SSE,2020-12-07,2.263,2.316,2.258,2.275,0.783843516483517,0.8022013186813192,0.7821116483516489,0.7880000000000006,0.3463736263736266,131278900.0,300763338.0,腾讯日K,2026-08-07T17:30:13,20260926T093659
512690,鹏华酒ETF,SSE,2020-12-08,2.273,2.337,2.27,2.333,0.7959884269181317,0.8184007715387918,0.7949378482640382,0.8170000000000005,0.3501928846978142,127952400.0,295233930.0,腾讯日K,2026-08-07T17:30:13,20260926T093659
512690,鹏华酒ETF,SSE,2020-12-09,2.333,2.339,2.297,2.318,0.8142351164797245,0.816329163071614,0.8016708369283871,0.8090000000000006,0.3490077653149269,126106100.0,292089361.0,腾讯日K,2026-08-07T17:30:13,20260926T093659
512690,鹏华酒ETF,SSE,2020-12-10,2.309,2.38,2.295,2.336,0.8085453767123294,0.8334075342465759,0.8036429794520553,0.8180000000000005,0.3501712328767126,178404100.0,417736206.0,腾讯日K,2026-08-07T17:30:13,20260926T093659
512690,鹏华酒ETF,SSE,2020-12-11,2.332,2.375,2.32,2.355,0.8199133757961788,0.8350318471337586,0.8156942675159241,0.8280000000000006,0.35159235668789834,124022300.0,291684456.0,腾讯日K,2026-08-07T17:30:13,20260926T093659
512690,鹏华酒ETF,SSE,2020-12-14,2.355,2.426,2.353,2.423,0.8378085018572025,0.8630672719768889,0.8370969872059437,0.8620000000000007,0.35575732562938533,141699900.0,339441180.0,腾讯日K,2026-08-07T17:30:13,20260926T093659
512690,鹏华酒ETF,SSE,2020-12-15,2.425,2.427,2.36,2.405,0.8600935550935558,0.8608029106029114,0.8370395010395016,0.8530000000000006,0.354677754677755,176382300.0,423276596.0,腾讯日K,2026-08-07T17:30:13,20260926T093659
512690,鹏华酒ETF,SSE,2020-12-16,2.393,2.471,2.393,2.461,0.8566570499796838,0.884579845591224,0.8566570499796838,0.8810000000000008,0.35798455912230837,144494100.0,353423462.0,腾讯日K,2026-08-07T17:30:13,20260926T093659
512690,鹏华酒ETF,SSE,2020-12-17,2.462,2.529,2.449,2.513,0.8885929168324722,0.912774771189814,0.883900915240749,0.9070000000000009,0.3609231993633112,168851900.0,420858945.0,腾讯日K,2026-08-07T17:30:13,20260926T093659
512690,鹏华酒ETF,SSE,2020-12-18,2.495,2.559,2.473,2.513,0.9005033824114614,0.9236024671707134,0.8925630720254685,0.9070000000000009,0.3609231993633112,221668200.0,558933725.0,腾讯日K,2026-08-07T17:30:13,20260926T093659
512690,鹏华酒ETF,SSE,2020-12-21,2.505,2.551,2.48,2.527,0.9060427384250108,0.9226806489908994,0.8970003957261585,0.914000000000001,0.36169370795409617,142281100.0,358578743.0,腾讯日K,2026-08-07T17:30:13,20260926T093659
512690,鹏华酒ETF,SSE,2020-12-22,2.518,2.613,2.513,2.578,0.9171458494957339,0.9517482544608232,0.915324670287045,0.9390000000000008,0.36423584173778156,186105900.0,479427062.0,腾讯日K,2026-08-07T17:30:13,20260926T093659
512690,鹏华酒ETF,SSE,2020-12-23,2.588,2.66,2.494,2.56,0.9401718750000009,0.966328125000001,0.9060234375000009,0.9300000000000009,0.36328125000000033,302476200.0,779899788.0,腾讯日K,2026-08-07T17:30:13,20260926T093659
512690,鹏华酒ETF,SSE,2020-12-24,2.5,2.546,2.471,2.49,0.8985943775100409,0.9151285140562256,0.8881706827309245,0.8950000000000009,0.35943775100401637,196976300.0,492798671.0,腾讯日K,2026-08-07T17:30:13,20260926T093659
512690,鹏华酒ETF,SSE,2020-12-25,2.456,2.515,2.433,2.489,0.8831337886701495,0.9043491361992778,0.8748633989554045,0.8950000000000009,0.3595821615106472,171588700.0,424516917.0,腾讯日K,2026-08-07T17:30:13,20260926T093659
512690,鹏华酒ETF,SSE,2020-12-28,2.493,2.609,2.493,2.608,0.9119332822085897,0.9543657975460131,0.9119332822085897,0.9540000000000008,0.36579754601227027,195400400.0,502936263.0,腾讯日K,2026-08-07T17:30:13,20260926T093659
512690,鹏华酒ETF,SSE,2020-12-29,2.61,2.617,2.548,2.578,0.9506555469356098,0.9532051978277744,0.9280729247478674,0.9390000000000008,0.36423584173778156,138809400.0,358015655.0,腾讯日K,2026-08-07T17:30:13,20260926T093659
512690,鹏华酒ETF,SSE,2020-12-30,2.575,2.652,2.566,2.634,0.9453397873955972,0.973608200455582,0.9420356871678066,0.9670000000000011,0.36712224753227074,127938100.0,336162732.0,腾讯日K,2026-08-07T17:30:13,20260926T093659
512690,鹏华酒ETF,SSE,2020-12-31,2.645,2.69,2.634,2.689,0.9787188545927865,0.9953700260319832,0.9746485682409828,0.9950000000000011,0.3700260319821499,150582300.0,401513827.0,腾讯日K,2026-08-07T17:30:13,20260926T093659
512690,鹏华酒ETF,SSE,2021-01-04,2.699,2.811,2.696,2.8,1.0121250000000013,1.0541250000000013,1.0110000000000015,1.0500000000000014,0.3750000000000005,162978100.0,450383371.0,腾讯日K,2026-08-07T17:30:13,20260926T093659
512690,鹏华酒ETF,SSE,2021-01-05,2.788,2.932,2.755,2.916,1.0593635116598092,1.1140795610425254,1.0468244170096035,1.1080000000000014,0.37997256515775085,256876700.0,737672055.0,腾讯日K,2026-08-07T17:30:13,20260926T093659
512690,鹏华酒ETF,SSE,2021-01-06,2.94,2.999,2.85,2.923,1.1184673280875825,1.1409127608621294,1.0842285323297995,1.1120000000000014,0.38043106397536824,298443300.0,869162485.0,腾讯日K,2026-08-07T17:30:13,20260926T093659
512690,鹏华酒ETF,SSE,2021-01-07,2.904,2.956,2.841,2.954,1.107924170616115,1.1277630331753568,1.0838886255924185,1.1270000000000013,0.38151658767772556,214727400.0,622799750.0,腾讯日K,2026-08-07T17:30:13,20260926T093659
512690,鹏华酒ETF,SSE,2021-01-08,2.954,2.989,2.844,2.876,1.1175076495132144,1.1307482614742712,1.0758942976356063,1.0880000000000014,0.37830319888734404,244788700.0,709974338.0,腾讯日K,2026-08-07T17:30:13,20260926T093659
512690,鹏华酒ETF,SSE,2021-01-11,2.865,2.866,2.732,2.773,1.071404615939417,1.0717785791561498,1.0216675081139572,1.0370000000000013,0.3739632167327808,261109100.0,729637435.0,腾讯日K,2026-08-07T17:30:13,20260926T093659
512690,鹏华酒ETF,SSE,2021-01-12,2.738,2.868,2.73,2.856,1.033460784313727,1.0825294117647073,1.0304411764705896,1.0780000000000014,0.37745098039215735,214454200.0,606377425.0,腾讯日K,2026-08-07T17:30:13,20260926T093659
512690,鹏华酒ETF,SSE,2021-01-13,2.856,2.889,2.781,2.82,1.0735319148936184,1.0859361702127672,1.0453404255319163,1.0600000000000014,0.3758865248226955,175714000.0,498575239.0,腾讯日K,2026-08-07T17:30:13,20260926T093659
512690,鹏华酒ETF,SSE,2021-01-14,2.811,2.814,2.706,2.726,1.0445865737344107,1.0457013939838604,1.0055678650036697,1.0130000000000012,0.37160674981658154,194256000.0,531798469.0,腾讯日K,2026-08-07T17:30:13,20260926T093659
512690,鹏华酒ETF,SSE,2021-01-15,2.71,2.71,2.571,2.65,0.9970754716981145,0.9970754716981145,0.9459339622641523,0.9750000000000012,0.36792452830188727,281520800.0,740513705.0,腾讯日K,2026-08-07T17:30:13,20260926T093659
512690,鹏华酒ETF,SSE,2021-01-18,2.62,2.642,2.576,2.628,0.9610654490106555,0.9691354642313555,0.9449254185692552,0.9640000000000011,0.3668188736681891,248658100.0,648161502.0,腾讯日K,2026-08-07T17:30:13,20260926T093659
512690,鹏华酒ETF,SSE,2021-01-19,2.648,2.678,2.554,2.572,0.9636578538102656,0.9745754276827383,0.9294494556765174,0.9360000000000012,0.3639191290824266,275231900.0,719986954.0,腾讯日K,2026-08-07T17:30:13,20260926T093659
512690,鹏华酒ETF,SSE,2021-01-20,2.545,2.609,2.49,2.598,0.9296401077752129,0.9530180908391083,0.909549653579678,0.9490000000000013,0.3652809853733646,267369700.0,684474411.0,腾讯日K,2026-08-07T17:30:13,20260926T093659
512690,鹏华酒ETF,SSE,2021-01-21,2.583,2.695,2.575,2.669,0.9532615211689784,0.9945953540651942,0.9503091045335345,0.9850000000000012,0.3690520794304988,320192500.0,845446188.0,腾讯日K,2026-08-07T17:30:13,20260926T093659
512690,鹏华酒ETF,SSE,2021-01-22,2.658,2.688,2.625,2.652,0.9782081447963813,0.9892488687782819,0.9660633484162908,0.9760000000000013,0.36802413273001555,195571800.0,519085255.0,腾讯日K,2026-08-07T17:30:13,20260926T093659
512690,鹏华酒ETF,SSE,2021-01-25,2.65,2.83,2.64,2.828,0.9970297029702984,1.0647524752475261,0.9932673267326746,1.0640000000000014,0.37623762376237674,334480300.0,927604238.0,腾讯日K,2026-08-07T17:30:13,20260926T093659
512690,鹏华酒ETF,SSE,2021-01-26,2.83,2.831,2.743,2.749,1.0552018915969457,1.055574754456167,1.022762822844672,1.0250000000000012,0.37286285922153556,216886200.0,600318378.0,腾讯日K,2026-08-07T17:30:13,20260926T093659
512690,鹏华酒ETF,SSE,2021-01-27,2.697,2.714,2.601,2.668,0.9946956521739144,1.0009655172413807,0.95928935532234,0.9840000000000013,0.36881559220389853,214023900.0,569362054.0,腾讯日K,2026-08-07T17:30:13,20260926T093659
512690,鹏华酒ETF,SSE,2021-01-28,2.615,2.678,2.615,2.626,0.958966108149278,0.9820693069306945,0.958966108149278,0.9630000000000013,0.36671744097486725,117962800.0,311693009.0,腾讯日K,2026-08-07T17:30:13,20260926T093659
512690,鹏华酒ETF,SSE,2021-01-29,2.649,2.712,2.64,2.678,0.9782901418969392,1.0015563853622118,0.9749663928304717,0.9890000000000012,0.36930545182972413,205041600.0,550559233.0,腾讯日K,2026-08-07T17:30:13,20260926T093659
512690,鹏华酒ETF,SSE,2021-02-01,2.684,2.735,2.654,2.668,0.9899010494752635,1.0087106446776621,0.9788365817091463,0.9840000000000011,0.3688155922038984,126238900.0,340131506.0,腾讯日K,2026-08-07T17:30:13,20260926T093659
512690,鹏华酒ETF,SSE,2021-02-02,2.668,2.783,2.659,2.779,0.9984598776538335,1.041496941345809,0.9950917596257657,1.0400000000000011,0.37423533645196155,198826400.0,544491088.0,腾讯日K,2026-08-07T17:30:13,20260926T093659
512690,鹏华酒ETF,SSE,2021-02-03,2.77,2.805,2.74,2.788,1.0372596843615507,1.0503658536585379,1.0260258249641332,1.0440000000000011,0.3744619799139172,163446000.0,453936561.0,腾讯日K,2026-08-07T17:30:13,20260926T093659
512690,鹏华酒ETF,SSE,2021-02-04,2.778,2.875,2.761,2.806,1.0424925160370646,1.078893442622952,1.0361129722024245,1.053000000000001,0.375267284390592,222937000.0,629647281.0,腾讯日K,2026-08-07T17:30:13,20260926T093659
512690,鹏华酒ETF,SSE,2021-02-05,2.816,2.891,2.77,2.833,1.0605972467349112,1.0888446876103084,1.0432721496646677,1.0670000000000013,0.3766325450052952,191411300.0,544048500.0,腾讯日K,2026-08-07T17:30:13,20260926T093659
512690,鹏华酒ETF,SSE,2021-02-08,2.85,2.909,2.782,2.84,1.0737676056338044,1.0959964788732408,1.0481478873239451,1.0700000000000014,0.3767605633802822,154620400.0,438976832.0,腾讯日K,2026-08-07T17:30:13,20260926T093659
512690,鹏华酒ETF,SSE,2021-02-09,2.849,2.91,2.809,2.909,1.082208662770713,1.1053798556204897,1.0670144379511874,1.1050000000000013,0.37985562048814075,148259100.0,425853231.0,腾讯日K,2026-08-07T17:30:13,20260926T093659
512690,鹏华酒ETF,SSE,2021-02-10,2.926,3.054,2.926,3.046,1.1267885751805662,1.1760807616546305,1.1267885751805662,1.1730000000000014,0.3850952068286282,186746300.0,562734410.0,腾讯日K,2026-08-07T17:30:13,20260926T093659
512690,鹏华酒ETF,SSE,2021-02-18,3.08,3.125,2.908,2.939,1.1737325620959527,1.1908812521265753,1.1081864579789058,1.1200000000000014,0.3810820006805041,192790100.0,576444046.0,腾讯日K,2026-08-07T17:30:13,20260926T093659
512690,鹏华酒ETF,SSE,2021-02-19,2.903,2.959,2.801,2.919,1.1039157245632083,1.1252106885919853,1.0651284686536502,1.1100000000000017,0.38026721479958947,204083900.0,588189937.0,腾讯日K,2026-08-07T17:30:13,20260926T093659
512690,鹏华酒ETF,SSE,2021-02-22,2.89,2.899,2.693,2.698,1.0700926612305426,1.0734251297257242,0.9971486286137893,0.9990000000000012,0.37027427724240225,334529700.0,921341805.0,腾讯日K,2026-08-07T17:30:13,20260926T093659
512690,鹏华酒ETF,SSE,2021-02-23,2.657,2.737,2.652,2.699,0.9844386809929617,1.0140792886254182,0.9825861430159333,1.0000000000000013,0.3705075954057063,138130300.0,373527221.0,腾讯日K,2026-08-07T17:30:13,20260926T093659
512690,鹏华酒ETF,SSE,2021-02-24,2.698,2.699,2.515,2.552,0.9789764890282145,0.9793393416927914,0.9125744514106597,0.9260000000000014,0.36285266457680304,302542900.0,779904883.0,腾讯日K,2026-08-07T17:30:13,20260926T093659
512690,鹏华酒ETF,SSE,2021-02-25,2.561,2.577,2.47,2.502,0.9222466027178272,0.9280083932853732,0.8894764188649096,0.9010000000000014,0.3601119104716233,199723900.0,502236547.0,腾讯日K,2026-08-07T17:30:13,20260926T093659
512690,鹏华酒ETF,SSE,2021-02-26,2.431,2.477,2.37,2.433,0.8662872996300877,0.8826794081381024,0.8445499383477202,0.8670000000000012,0.35635018495684395,238923500.0,581076186.0,腾讯日K,2026-08-07T17:30:13,20260926T093659
512690,鹏华酒ETF,SSE,2021-03-01,2.46,2.48,2.405,2.441,0.877779598525196,0.8849160180254009,0.8581544448996327,0.8710000000000013,0.3568209750102423,167775800.0,410366727.0,腾讯日K,2026-08-07T17:30:13,20260926T093659
512690,鹏华酒ETF,SSE,2021-03-02,2.466,2.491,2.353,2.378,0.870047939444913,0.8788683767872174,0.8301795626576968,0.8390000000000012,0.3528174936921788,188575400.0,456514220.0,腾讯日K,2026-08-07T17:30:13,20260926T093659
512690,鹏华酒ETF,SSE,2021-03-03,2.37,2.436,2.345,2.43,0.8436419753086433,0.8671358024691371,0.8347427983539109,0.8650000000000013,0.35596707818930096,148696000.0,357070875.0,腾讯日K,2026-08-07T17:30:13,20260926T093659
512690,鹏华酒ETF,SSE,2021-03-04,2.39,2.392,2.296,2.31,0.832878787878789,0.8335757575757586,0.8001212121212131,0.8050000000000012,0.34848484848484895,174160500.0,406421166.0,腾讯日K,2026-08-07T17:30:13,20260926T093659
512690,鹏华酒ETF,SSE,2021-03-05,2.258,2.375,2.25,2.342,0.7915533731853128,0.8325683176772001,0.7887489325362949,0.8210000000000012,0.35055508112724215,217042900.0,505372564.0,腾讯日K,2026-08-07T17:30:13,20260926T093659
512690,鹏华酒ETF,SSE,2021-03-08,2.347,2.356,2.17,2.174,0.7956481140754381,0.7986991720331198,0.7356439742410313,0.7370000000000011,0.3390064397424108,213779900.0,483039447.0,腾讯日K,2026-08-07T17:30:13,20260926T093659
512690,鹏华酒ETF,SSE,2021-03-09,2.159,2.195,2.081,2.113,0.7223913866540473,0.7344368196876488,0.6962929484145773,0.707000000000001,0.334595362044487,209403300.0,448833448.0,腾讯日K,2026-08-07T17:30:13,20260926T093659
512690,鹏华酒ETF,SSE,2021-03-10,2.168,2.204,2.148,2.173,0.7353041877588599,0.747514035895077,0.7285209387942947,0.7370000000000011,0.33916244822825636,226070300.0,492869130.0,腾讯日K,2026-08-07T17:30:13,20260926T093659
512690,鹏华酒ETF,SSE,2021-03-11,2.177,2.302,2.159,2.26,0.7513539823008862,0.7944955752212404,0.7451415929203552,0.7800000000000012,0.34513274336283245,224440800.0,504678485.0,腾讯日K,2026-08-07T17:30:13,20260926T093659
512690,鹏华酒ETF,SSE,2021-03-12,2.277,2.288,2.215,2.269,0.7877677390921124,0.791573380343765,0.7663177611282515,0.7850000000000013,0.3459673865138833,122278900.0,275211599.0,腾讯日K,2026-08-07T17:30:13,20260926T093659
512690,鹏华酒ETF,SSE,2021-03-15,2.248,2.269,2.129,2.157,0.7597552155771917,0.7668525730180819,0.7195368567454808,0.7290000000000011,0.3379694019471493,186801800.0,406791275.0,腾讯日K,2026-08-07T17:30:13,20260926T093659
512690,鹏华酒ETF,SSE,2021-03-16,2.159,2.228,2.159,2.218,0.7388101893597847,0.7624220018034278,0.7388101893597847,0.7590000000000012,0.3422001803426516,144558100.0,317621108.0,腾讯日K,2026-08-07T17:30:13,20260926T093659
512690,鹏华酒ETF,SSE,2021-03-17,2.203,2.261,2.161,2.249,0.7591485104490895,0.7791351711871954,0.7446754112939095,0.7750000000000011,0.3445975989328595,127781000.0,284296430.0,腾讯日K,2026-08-07T17:30:13,20260926T093659
512690,鹏华酒ETF,SSE,2021-03-18,2.258,2.345,2.257,2.318,0.7880595340811056,0.8184232096635043,0.7877105263157907,0.8090000000000013,0.3490077653149272,182277400.0,421855836.0,腾讯日K,2026-08-07T17:30:13,20260926T093659
512690,鹏华酒ETF,SSE,2021-03-19,2.265,2.303,2.239,2.264,0.7823454063604253,0.7954708480565382,0.7733648409894004,0.7820000000000011,0.3454063604240288,139421800.0,315861072.0,腾讯日K,2026-08-07T17:30:13,20260926T093659
512690,鹏华酒ETF,SSE,2021-03-22,2.249,2.29,2.223,2.273,0.7786902771667413,0.7928860536735605,0.7696880774307095,0.7870000000000013,0.34623845138583426,109605900.0,247447492.0,腾讯日K,2026-08-07T17:30:13,20260926T093659
512690,鹏华酒ETF,SSE,2021-03-23,2.264,2.302,2.24,2.284,0.7850647985989505,0.7982416812609471,0.7767425569176897,0.7920000000000013,0.34676007005254,105933900.0,241327029.0,腾讯日K,2026-08-07T17:30:13,20260926T093659
512690,鹏华酒ETF,SSE,2021-03-24,2.263,2.35,2.261,2.288,0.785324300699302,0.8155157342657358,0.7846302447552462,0.7940000000000014,0.34702797202797264,190050000.0,439731475.0,腾讯日K,2026-08-07T17:30:13,20260926T093659
512690,鹏华酒ETF,SSE,2021-03-25,2.266,2.288,2.21,2.272,0.7839242957746493,0.791535211267607,0.7645510563380296,0.7860000000000014,0.34595070422535273,109841200.0,247922806.0,腾讯日K,2026-08-07T17:30:13,20260926T093659
512690,鹏华酒ETF,SSE,2021-03-26,2.283,2.361,2.275,2.354,0.8020564995751924,0.8294592183517432,0.799245964316059,0.8270000000000014,0.3513169073916743,192066600.0,447701789.0,腾讯日K,2026-08-07T17:30:13,20260926T093659
512690,鹏华酒ETF,SSE,2021-03-29,2.374,2.455,2.353,2.409,0.84257783312578,0.8713262764632645,0.835124533001247,0.8550000000000016,0.35491905354919123,192488800.0,464255417.0,腾讯日K,2026-08-07T17:30:13,20260926T093659
512690,鹏华酒ETF,SSE,2021-03-30,2.396,2.454,2.393,2.411,0.8506744089589399,0.8712666943177123,0.8496092907507274,0.8560000000000018,0.35503940273745405,130604900.0,315872375.0,腾讯日K,2026-08-07T17:30:13,20260926T093659
512690,鹏华酒ETF,SSE,2021-03-31,2.398,2.398,2.354,2.374,0.8454616680707683,0.8454616680707683,0.8299486099410294,0.8370000000000016,0.3525695029486106,127850700.0,303457401.0,腾讯日K,2026-08-07T17:30:13,20260926T093659
512690,鹏华酒ETF,SSE,2021-04-01,2.386,2.439,2.382,2.434,0.8499022185702564,0.8687810188989334,0.848477403451111,0.8670000000000018,0.3562037797863606,123589700.0,297883506.0,腾讯日K,2026-08-07T17:30:13,20260926T093659
512690,鹏华酒ETF,SSE,2021-04-02,2.468,2.548,2.468,2.544,0.8944559748427692,0.9234496855345932,0.8944559748427692,0.9220000000000019,0.3624213836477995,188268100.0,472227647.0,腾讯日K,2026-08-07T17:30:13,20260926T093659
512690,鹏华酒ETF,SSE,2021-04-06,2.55,2.553,2.495,2.511,0.9200716845878153,0.9211541218638011,0.900227001194745,0.9060000000000018,0.36081242532855506,136459500.0,343310664.0,腾讯日K,2026-08-07T17:30:13,20260926T093659
512690,鹏华酒ETF,SSE,2021-04-07,2.497,2.497,2.39,2.405,0.8856303534303551,0.8856303534303551,0.8476798336798353,0.8530000000000016,0.35467775467775536,221347400.0,535043835.0,腾讯日K,2026-08-07T17:30:13,20260926T093659
512690,鹏华酒ETF,SSE,2021-04-08,2.377,2.46,2.364,2.452,0.8492055464926607,0.8788580750407847,0.8445611745513882,0.8760000000000018,0.35725938009788,188872200.0,458274776.0,腾讯日K,2026-08-07T17:30:13,20260926T093659
512690,鹏华酒ETF,SSE,2021-04-09,2.416,2.438,2.376,2.391,0.8548456712672539,0.8626298619824359,0.8406925972396503,0.8460000000000016,0.3538268506900885,134458700.0,322339632.0,腾讯日K,2026-08-07T17:30:13,20260926T093659
512690,鹏华酒ETF,SSE,2021-04-12,2.394,2.422,2.371,2.382,0.8452367758186415,0.8551225860621344,0.8371162888329151,0.8410000000000017,0.35306465155331723,113545100.0,271882513.0,腾讯日K,2026-08-07T17:30:13,20260926T093659
512690,鹏华酒ETF,SSE,2021-04-13,2.372,2.453,2.372,2.418,0.8426583953680745,0.8714338296112507,0.8426583953680745,0.8590000000000019,0.35525227460711406,154953700.0,375789828.0,腾讯日K,2026-08-07T17:30:13,20260926T093659
512690,鹏华酒ETF,SSE,2021-04-14,2.409,2.461,2.39,2.451,0.8609889840881291,0.8795740514075906,0.8541982864137105,0.8760000000000019,0.3574051407588747,151105500.0,368396905.0,腾讯日K,2026-08-07T17:30:13,20260926T093659
512690,鹏华酒ETF,SSE,2021-04-15,2.435,2.452,2.393,2.436,0.8676436781609216,0.8737011494252894,0.8526781609195422,0.868000000000002,0.3563218390804606,139845600.0,338026021.0,腾讯日K,2026-08-07T17:30:13,20260926T093659
512690,鹏华酒ETF,SSE,2021-04-16,2.439,2.507,2.439,2.494,0.8772185244587026,0.9016756214915816,0.8772185244587026,0.8970000000000019,0.35966319165998467,184424700.0,456921346.0,腾讯日K,2026-08-07T17:30:13,20260926T093659
512690,鹏华酒ETF,SSE,2021-04-19,2.477,2.528,2.425,2.523,0.8953721759809768,0.913807372175983,0.8765755053507747,0.9120000000000019,0.36147443519619576,168412600.0,421228211.0,腾讯日K,2026-08-07T17:30:13,20260926T093659
512690,鹏华酒ETF,SSE,2021-04-20,2.507,2.612,2.497,2.546,0.9088613511390438,0.9469269442262395,0.9052360565593108,0.923000000000002,0.3625294579732923,231816200.0,595386658.0,腾讯日K,2026-08-07T17:30:13,20260926T093659
512690,鹏华酒ETF,SSE,2021-04-21,2.52,2.628,2.511,2.608,0.921809815950922,0.9613159509202474,0.9185176380368116,0.954000000000002,0.36579754601227066,182844000.0,473596958.0,腾讯日K,2026-08-07T17:30:13,20260926T093659
512690,鹏华酒ETF,SSE,2021-04-22,2.62,2.63,2.565,2.607,0.9587571921749156,0.9624165707710031,0.9386306098964345,0.954000000000002,0.3659378596087464,137593100.0,357838937.0,腾讯日K,2026-08-07T17:30:13,20260926T093659
512690,鹏华酒ETF,SSE,2021-04-23,2.597,2.662,2.597,2.635,0.9540402277039869,0.9779187855787497,0.9540402277039869,0.968000000000002,0.36736242884250553,152577100.0,401450208.0,腾讯日K,2026-08-07T17:30:13,20260926T093659
512690,鹏华酒ETF,SSE,2021-04-26,2.635,2.661,2.58,2.583,0.960963995354241,0.9704459930313608,0.9409059233449496,0.942000000000002,0.36469221835075566,167416900.0,439375824.0,腾讯日K,2026-08-07T17:30:13,20260926T093659
512690,鹏华酒ETF,SSE,2021-04-27,2.594,2.632,2.555,2.63,0.9517908745247169,0.9657338403041846,0.937480988593158,0.9650000000000021,0.36692015209125556,134713300.0,349908798.0,腾讯日K,2026-08-07T17:30:13,20260926T093659
512690,鹏华酒ETF,SSE,2021-04-28,2.593,2.698,2.58,2.696,0.9598716617210702,0.9987403560830881,0.9550593471810109,0.9980000000000021,0.37017804154302747,163629700.0,433801510.0,腾讯日K,2026-08-07T17:30:13,20260926T093659
512690,鹏华酒ETF,SSE,2021-04-29,2.69,2.712,2.635,2.69,0.9950000000000023,1.0031375464684038,0.9746561338289985,0.9950000000000022,0.3698884758364321,145865900.0,390008694.0,腾讯日K,2026-08-07T17:30:13,20260926T093659
512690,鹏华酒ETF,SSE,2021-04-30,2.676,2.69,2.653,2.663,0.986793841532109,0.9919564401051468,0.9783124295906894,0.9820000000000022,0.36875704093128137,123962100.0,330725045.0,腾讯日K,2026-08-07T17:30:13,20260926T093659
512690,鹏华酒ETF,SSE,2021-05-06,2.653,2.653,2.56,2.583,0.9675284552845548,0.9675284552845548,0.9336120789779345,0.942000000000002,0.36469221835075566,173092200.0,450503256.0,腾讯日K,2026-08-07T17:30:13,20260926T093659
512690,鹏华酒ETF,SSE,2021-05-07,2.583,2.61,2.538,2.544,0.9361344339622663,0.9459198113207568,0.9198254716981151,0.922000000000002,0.3624213836477995,126488400.0,325204329.0,腾讯日K,2026-08-07T17:30:13,20260926T093659
512690,鹏华酒ETF,SSE,2021-05-10,2.522,2.568,2.49,2.505,0.9091281437125768,0.9257101796407207,0.8975928143712596,0.903000000000002,0.3604790419161685,133546200.0,336702122.0,腾讯日K,2026-08-07T17:30:13,20260926T093659
512690,鹏华酒ETF,SSE,2021-05-11,2.49,2.596,2.49,2.591,0.9091238903898127,0.9478255499807043,0.9091238903898127,0.9460000000000018,0.365109996140487,256295400.0,657348252.0,腾讯日K,2026-08-07T17:30:13,20260926T093659
512690,鹏华酒ETF,SSE,2021-05-12,2.581,2.635,2.563,2.629,0.9473811335108427,0.967202358311147,0.940774058577408,0.9650000000000021,0.3670597185241545,141728400.0,369573620.0,腾讯日K,2026-08-07T17:30:13,20260926T093659
512690,鹏华酒ETF,SSE,2021-05-13,2.599,2.654,2.585,2.644,0.9554568835098358,0.9756762481089281,0.9503101361573395,0.9720000000000022,0.3676248108925878,129862000.0,340859277.0,腾讯日K,2026-08-07T17:30:13,20260926T093659
512690,鹏华酒ETF,SSE,2021-05-17,1.346,1.389,1.346,1.375,1.0033818181818206,1.035436363636366,1.0033818181818206,1.0250000000000024,0.7454545454545471,300390600.0,412635072.0,腾讯日K,2026-08-07T17:30:13,20260926T093659
512690,鹏华酒ETF,SSE,2021-05-18,1.378,1.385,1.365,1.382,1.0290130246020284,1.0342402315484829,1.019305354558613,1.0320000000000022,0.7467438494934894,229634500.0,315537106.0,腾讯日K,2026-08-07T17:30:13,20260926T093659
512690,鹏华酒ETF,SSE,2021-05-19,1.373,1.384,1.356,1.365,1.0209487179487202,1.0291282051282071,1.0083076923076946,1.0150000000000021,0.7435897435897452,252538500.0,346124847.0,腾讯日K,2026-08-07T17:30:13,20260926T093659
512690,鹏华酒ETF,SSE,2021-05-20,1.369,1.401,1.369,1.399,1.026505360972125,1.0504996426018607,1.026505360972125,1.0490000000000022,0.7498213009292367,279412800.0,388872752.0,腾讯日K,2026-08-07T17:30:13,20260926T093659
512690,鹏华酒ETF,SSE,2021-05-21,1.393,1.426,1.385,1.398,1.044251788268958,1.0689899856938507,1.038254649499287,1.0480000000000023,0.7496423462088715,318521400.0,447284806.0,腾讯日K,2026-08-07T17:30:13,20260926T093659
512690,鹏华酒ETF,SSE,2021-05-24,1.398,1.44,1.398,1.438,1.0577357440890147,1.0895132127955518,1.0577357440890147,1.0880000000000023,0.7566063977746887,354301600.0,504070808.0,腾讯日K,2026-08-07T17:30:13,20260926T093659
512690,鹏华酒ETF,SSE,2021-05-25,1.441,1.484,1.43,1.48,1.100222972972975,1.1330540540540561,1.0918243243243264,1.1300000000000021,0.7635135135135149,329360700.0,481626411.0,腾讯日K,2026-08-07T17:30:13,20260926T093659
512690,鹏华酒ETF,SSE,2021-05-26,1.48,1.497,1.452,1.466,1.1266575716234675,1.1395989085948184,1.105342428376537,1.1160000000000023,0.7612551159618024,316756000.0,466020759.0,腾讯日K,2026-08-07T17:30:13,20260926T093659
512690,鹏华酒ETF,SSE,2021-05-27,1.465,1.5,1.443,1.476,1.117608401084013,1.1443089430894333,1.1008252032520347,1.1260000000000023,0.7628726287262888,283430200.0,417155839.0,腾讯日K,2026-08-07T17:30:13,20260926T093659
512690,鹏华酒ETF,SSE,2021-05-28,1.472,1.491,1.458,1.479,1.1236565246788395,1.1381602434077105,1.1129695740365135,1.1290000000000024,0.7633536173089942,264201700.0,388950149.0,腾讯日K,2026-08-07T17:30:13,20260926T093659
512690,鹏华酒ETF,SSE,2021-05-31,1.468,1.486,1.448,1.483,1.1215401213755922,1.1352919757248843,1.1062602832097124,1.1330000000000024,0.7639919082940002,326903600.0,479207977.0,腾讯日K,2026-08-07T17:30:13,20260926T093659
512690,鹏华酒ETF,SSE,2021-06-01,1.483,1.495,1.456,1.492,1.1351112600536217,1.144296246648796,1.1144450402144794,1.1420000000000023,0.7654155495978568,335658000.0,496148221.0,腾讯日K,2026-08-07T17:30:13,20260926T093659
512690,鹏华酒ETF,SSE,2021-06-02,1.49,1.497,1.465,1.47,1.1352380952380978,1.1405714285714312,1.1161904761904788,1.1200000000000025,0.7619047619047636,318645800.0,471386398.0,腾讯日K,2026-08-07T17:30:13,20260926T093659
512690,鹏华酒ETF,SSE,2021-06-03,1.465,1.524,1.465,1.489,1.120641370047014,1.1657730020147774,1.120641370047014,1.1390000000000025,0.7649429147078592,463860000.0,693470973.0,腾讯日K,2026-08-07T17:30:13,20260926T093659
512690,鹏华酒ETF,SSE,2021-06-04,1.477,1.526,1.474,1.523,1.137571240971769,1.1753105712409746,1.1352606697307972,1.1730000000000027,0.7701904136572573,367759600.0,554605296.0,腾讯日K,2026-08-07T17:30:13,20260926T093659
512690,鹏华酒ETF,SSE,2021-06-07,1.526,1.558,1.515,1.555,1.1825273311897133,1.2073247588424465,1.1740032154340863,1.2050000000000027,0.7749196141479118,331378100.0,510335038.0,腾讯日K,2026-08-07T17:30:13,20260926T093659
512690,鹏华酒ETF,SSE,2021-06-08,1.55,1.55,1.43,1.447,1.1750863856254345,1.1750863856254345,1.084111955770562,1.0970000000000024,0.7581202487906029,944078800.0,1396033534.0,腾讯日K,2026-08-07T17:30:13,20260926T093659
512690,鹏华酒ETF,SSE,2021-06-09,1.429,1.464,1.411,1.442,1.082155339805828,1.1086601941747598,1.0685242718446628,1.0920000000000025,0.75728155339806,497360600.0,715383570.0,腾讯日K,2026-08-07T17:30:13,20260926T093659
512690,鹏华酒ETF,SSE,2021-06-10,1.44,1.475,1.439,1.47,1.0971428571428596,1.1238095238095265,1.096380952380955,1.1200000000000025,0.7619047619047636,395293100.0,578087803.0,腾讯日K,2026-08-07T17:30:13,20260926T093659
512690,鹏华酒ETF,SSE,2021-06-11,1.46,1.466,1.423,1.439,1.1048922863099397,1.1094329395413505,1.0768915913829071,1.0890000000000024,0.7567755385684519,359165900.0,517450022.0,腾讯日K,2026-08-07T17:30:13,20260926T093659
512690,鹏华酒ETF,SSE,2021-06-15,1.43,1.441,1.39,1.438,1.081947148817805,1.0902698191933264,1.0516828929068174,1.0880000000000023,0.7566063977746887,308388800.0,437626970.0,腾讯日K,2026-08-07T17:30:13,20260926T093659
512690,鹏华酒ETF,SSE,2021-06-16,1.433,1.435,1.395,1.407,1.07653233830846,1.078034825870649,1.0479850746268677,1.0570000000000022,0.7512437810945288,331244100.0,467659849.0,腾讯日K,2026-08-07T17:30:13,20260926T093659
512690,鹏华酒ETF,SSE,2021-06-17,1.402,1.456,1.402,1.448,1.063118784530389,1.104066298342544,1.063118784530389,1.0980000000000025,0.7582872928176814,425974900.0,613900886.0,腾讯日K,2026-08-07T17:30:13,20260926T093659
512690,鹏华酒ETF,SSE,2021-06-18,1.444,1.458,1.413,1.434,1.0915592747559297,1.1021422594142283,1.0681255230125546,1.0840000000000023,0.7559274755927492,421569500.0,603724744.0,腾讯日K,2026-08-07T17:30:13,20260926T093659
512690,鹏华酒ETF,SSE,2021-06-21,1.426,1.439,1.388,1.416,1.073528248587573,1.083314971751415,1.0449209039548046,1.0660000000000023,0.7528248587570638,411996600.0,581912381.0,腾讯日K,2026-08-07T17:30:13,20260926T093659
512690,鹏华酒ETF,SSE,2021-06-22,1.416,1.431,1.401,1.43,1.0694265734265758,1.080755244755247,1.0580979020979044,1.0800000000000023,0.7552447552447569,332555700.0,471404596.0,腾讯日K,2026-08-07T17:30:13,20260926T093659
512690,鹏华酒ETF,SSE,2021-06-23,1.431,1.431,1.38,1.386,1.0696363636363657,1.0696363636363657,1.0315151515151535,1.036000000000002,0.747474747474749,669082600.0,933205453.0,腾讯日K,2026-08-07T17:30:13,20260926T093659
512690,鹏华酒ETF,SSE,2021-06-24,1.381,1.399,1.351,1.385,1.0320108303249116,1.0454620938628179,1.0095920577617348,1.035000000000002,0.7472924187725646,527913500.0,725272070.0,腾讯日K,2026-08-07T17:30:13,20260926T093659
512690,鹏华酒ETF,SSE,2021-06-25,1.379,1.425,1.367,1.417,1.0383860268172216,1.0730239943542719,1.0293500352858171,1.0670000000000022,0.7529992942836995,606614100.0,849830278.0,腾讯日K,2026-08-07T17:30:13,20260926T093659
512690,鹏华酒ETF,SSE,2021-06-28,1.417,1.438,1.41,1.431,1.0704241788958793,1.0862879105520638,1.0651362683438177,1.0810000000000022,0.7554157931516438,356917200.0,508889741.0,腾讯日K,2026-08-07T17:30:13,20260926T093659
512690,鹏华酒ETF,SSE,2021-06-29,1.435,1.437,1.401,1.407,1.0780348258706487,1.0795373134328379,1.0524925373134348,1.057000000000002,0.7512437810945287,322205100.0,455910147.0,腾讯日K,2026-08-07T17:30:13,20260926T093659
512690,鹏华酒ETF,SSE,2021-06-30,1.408,1.435,1.406,1.423,1.0616893886156027,1.0820484891075213,1.0601813070976829,1.073000000000002,0.7540407589599452,364130300.0,518552588.0,腾讯日K,2026-08-07T17:30:13,20260926T093659
512690,鹏华酒ETF,SSE,2021-07-01,1.427,1.432,1.398,1.43,1.077734265734268,1.0815104895104917,1.0558321678321698,1.080000000000002,0.7552447552447568,366692000.0,519956158.0,腾讯日K,2026-08-07T17:30:13,20260926T093659
512690,鹏华酒ETF,SSE,2021-07-02,1.422,1.423,1.376,1.378,1.0608243831640078,1.0615703918722807,1.0265079825834562,1.028000000000002,0.7460087082728607,446875300.0,620673489.0,腾讯日K,2026-08-07T17:30:13,20260926T093659
512690,鹏华酒ETF,SSE,2021-07-05,1.37,1.401,1.355,1.384,1.0235404624277478,1.0467008670520253,1.0123338150289038,1.034000000000002,0.7471098265895969,333966200.0,464235862.0,腾讯日K,2026-08-07T17:30:13,20260926T093659
512690,鹏华酒ETF,SSE,2021-07-06,1.376,1.388,1.342,1.382,1.0275195369030408,1.0364804630969626,1.0021302460202623,1.0320000000000018,0.746743849493489,404083800.0,552104272.0,腾讯日K,2026-08-07T17:30:13,20260926T093659
512690,鹏华酒ETF,SSE,2021-07-07,1.375,1.402,1.373,1.4,1.0312500000000022,1.051500000000002,1.0297500000000022,1.050000000000002,0.7500000000000016,400348000.0,558486380.0,腾讯日K,2026-08-07T17:30:13,20260926T093659
512690,鹏华酒ETF,SSE,2021-07-08,1.393,1.41,1.365,1.368,1.0366038011695924,1.049254385964914,1.015767543859651,1.0180000000000018,0.744152046783627,401079600.0,555044040.0,腾讯日K,2026-08-07T17:30:13,20260926T093659
512690,鹏华酒ETF,SSE,2021-07-09,1.371,1.372,1.308,1.323,1.0083015873015893,1.009037037037039,0.9619682539682558,0.9730000000000018,0.7354497354497368,543498100.0,721366512.0,腾讯日K,2026-08-07T17:30:13,20260926T093659
512690,鹏华酒ETF,SSE,2021-07-12,1.325,1.342,1.295,1.334,0.9773613193403313,0.989901049475264,0.9552323838080974,0.9840000000000017,0.7376311844077973,425465200.0,563185344.0,腾讯日K,2026-08-07T17:30:13,20260926T093659
512690,鹏华酒ETF,SSE,2021-07-13,1.352,1.381,1.352,1.372,1.007102040816328,1.0287040816326545,1.007102040816328,1.0220000000000016,0.7448979591836745,475808100.0,651813823.0,腾讯日K,2026-08-07T17:30:13,20260926T093659
512690,鹏华酒ETF,SSE,2021-07-14,1.362,1.385,1.345,1.374,1.0150567685589535,1.0321979621542954,1.0023871906841353,1.0240000000000016,0.745269286754004,331149300.0,453930234.0,腾讯日K,2026-08-07T17:30:13,20260926T093659
512690,鹏华酒ETF,SSE,2021-07-15,1.37,1.423,1.368,1.42,1.0323239436619738,1.0722605633802835,1.0308169014084525,1.0700000000000018,0.7535211267605647,595215300.0,835721569.0,腾讯日K,2026-08-07T17:30:13,20260926T093659
512690,鹏华酒ETF,SSE,2021-07-16,1.421,1.43,1.393,1.396,1.064732091690546,1.071475644699142,1.0437521489971362,1.0460000000000016,0.7492836676217777,431465600.0,606666057.0,腾讯日K,2026-08-07T17:30:13,20260926T093659
512690,鹏华酒ETF,SSE,2021-07-19,1.393,1.414,1.381,1.409,1.0469744499645153,1.0627579843860908,1.0379552874379006,1.0590000000000015,0.751596877217886,343458800.0,480637357.0,腾讯日K,2026-08-07T17:30:13,20260926T093659
512690,鹏华酒ETF,SSE,2021-07-20,1.399,1.42,1.396,1.414,1.0527128712871305,1.0685148514851504,1.0504554455445563,1.0640000000000018,0.7524752475247538,343323600.0,484013367.0,腾讯日K,2026-08-07T17:30:13,20260926T093659
512690,鹏华酒ETF,SSE,2021-07-21,1.415,1.435,1.401,1.415,1.0650000000000015,1.0800530035335705,1.0544628975265031,1.0650000000000015,0.7526501766784462,449574100.0,637455905.0,腾讯日K,2026-08-07T17:30:13,20260926T093659
512690,鹏华酒ETF,SSE,2021-07-22,1.413,1.43,1.385,1.387,1.0564390771449186,1.0691492429704412,1.0355046863734694,1.0370000000000015,0.7476568132660428,540832900.0,756570890.0,腾讯日K,2026-08-07T17:30:13,20260926T093659
512690,鹏华酒ETF,SSE,2021-07-23,1.377,1.38,1.344,1.353,1.0207915742793807,1.023015521064303,0.9963281596452344,1.0030000000000014,0.7413155949741327,495652000.0,671363117.0,腾讯日K,2026-08-07T17:30:13,20260926T093659
512690,鹏华酒ETF,SSE,2021-07-26,1.338,1.338,1.232,1.252,0.9639584664536758,0.9639584664536758,0.8875910543131005,0.9020000000000015,0.7204472843450491,895714100.0,1143040959.0,腾讯日K,2026-08-07T17:30:13,20260926T093659
512690,鹏华酒ETF,SSE,2021-07-27,1.24,1.256,1.195,1.198,0.8777295492487494,0.889055091819701,0.845876460767948,0.8480000000000013,0.7078464106844753,534960700.0,657406949.0,腾讯日K,2026-08-07T17:30:13,20260926T093659
512690,鹏华酒ETF,SSE,2021-07-28,1.186,1.219,1.15,1.216,0.8446348684210538,0.8681365131578961,0.818996710526317,0.8660000000000012,0.71217105263158,541273000.0,643565155.0,腾讯日K,2026-08-07T17:30:13,20260926T093659
512690,鹏华酒ETF,SSE,2021-07-29,1.238,1.245,1.193,1.201,0.8772173189009171,0.882177352206496,0.8453313905079113,0.8510000000000013,0.7085761865112417,598331900.0,723976072.0,腾讯日K,2026-08-07T17:30:13,20260926T093659
512690,鹏华酒ETF,SSE,2021-07-30,1.179,1.181,1.112,1.125,0.8122000000000013,0.813577777777779,0.7660444444444456,0.7750000000000011,0.6888888888888899,794692800.0,903144012.0,腾讯日K,2026-08-07T17:30:13,20260926T093659
512690,鹏华酒ETF,SSE,2021-08-02,1.099,1.193,1.089,1.192,0.776307046979867,0.8427063758389276,0.7692432885906052,0.8420000000000013,0.7063758389261756,1062966000.0,1220278582.0,腾讯日K,2026-08-07T17:30:13,20260926T093659
512690,鹏华酒ETF,SSE,2021-08-03,1.167,1.205,1.145,1.193,0.824627829002516,0.8514794635373023,0.8090821458507976,0.8430000000000013,0.7066219614417446,751582500.0,885703137.0,腾讯日K,2026-08-07T17:30:13,20260926T093659
512690,鹏华酒ETF,SSE,2021-08-04,1.185,1.201,1.174,1.177,0.8326210705182681,0.8438632115548016,0.8248920985556512,0.8270000000000012,0.7026338147833485,471371800.0,557390759.0,腾讯日K,2026-08-07T17:30:13,20260926T093659
512690,鹏华酒ETF,SSE,2021-08-05,1.145,1.198,1.136,1.162,0.800120481927712,0.8371566265060253,0.7938313253012059,0.8120000000000012,0.6987951807228926,470879500.0,550016367.0,腾讯日K,2026-08-07T17:30:13,20260926T093659
512690,鹏华酒ETF,SSE,2021-08-06,1.156,1.172,1.142,1.158,0.8066044905008646,0.8177685664939561,0.7968359240069095,0.808000000000001,0.697754749568222,384874200.0,445144439.0,腾讯日K,2026-08-07T17:30:13,20260926T093659
512690,鹏华酒ETF,SSE,2021-08-09,1.15,1.199,1.15,1.183,0.8097633136094685,0.8442662721893502,0.8097633136094685,0.8330000000000011,0.7041420118343205,597590800.0,705974062.0,腾讯日K,2026-08-07T17:30:13,20260926T093659
512690,鹏华酒ETF,SSE,2021-08-10,1.188,1.264,1.178,1.26,0.8580000000000011,0.9128888888888902,0.8507777777777789,0.9100000000000013,0.7222222222222232,1016914700.0,1243614607.0,腾讯日K,2026-08-07T17:30:13,20260926T093659
512690,鹏华酒ETF,SSE,2021-08-11,1.243,1.264,1.225,1.235,0.8907327935222685,0.9057813765182199,0.8778340080971673,0.8850000000000012,0.7165991902834018,685263500.0,850270189.0,腾讯日K,2026-08-07T17:30:13,20260926T093659
512690,鹏华酒ETF,SSE,2021-08-12,1.226,1.245,1.21,1.213,0.8722489694971158,0.8857666941467449,0.860865622423744,0.8630000000000012,0.7114591920857388,554120100.0,678397585.0,腾讯日K,2026-08-07T17:30:13,20260926T093659
512690,鹏华酒ETF,SSE,2021-08-13,1.212,1.234,1.204,1.221,0.8645798525798537,0.8802735462735475,0.858873054873056,0.8710000000000012,0.7133497133497143,480045900.0,584529041.0,腾讯日K,2026-08-07T17:30:13,20260926T093659
512690,鹏华酒ETF,SSE,2021-08-16,1.217,1.238,1.21,1.226,0.8695693311582394,0.8845742251223503,0.864567699836869,0.8760000000000012,0.7145187601957596,346130400.0,424101289.0,腾讯日K,2026-08-07T17:30:13,20260926T093659
512690,鹏华酒ETF,SSE,2021-08-17,1.225,1.225,1.165,1.168,0.8579195205479464,0.8579195205479464,0.8158989726027409,0.8180000000000011,0.7003424657534256,644464500.0,766784335.0,腾讯日K,2026-08-07T17:30:13,20260926T093659
512690,鹏华酒ETF,SSE,2021-08-18,1.159,1.192,1.15,1.182,0.8158104906937406,0.8390389170896796,0.8094754653130297,0.8320000000000011,0.703891708967852,455415600.0,535131062.0,腾讯日K,2026-08-07T17:30:13,20260926T093659
512690,鹏华酒ETF,SSE,2021-08-19,1.175,1.187,1.152,1.159,0.820168248490079,0.8285444348576373,0.8041138912855923,0.8090000000000013,0.6980155306298544,455457700.0,530636605.0,腾讯日K,2026-08-07T17:30:13,20260926T093659
512690,鹏华酒ETF,SSE,2021-08-20,1.124,1.132,1.077,1.085,0.7614193548387109,0.7668387096774205,0.7295806451612914,0.7350000000000011,0.6774193548387107,1009180500.0,1111565196.0,腾讯日K,2026-08-07T17:30:13,20260926T093659
512690,鹏华酒ETF,SSE,2021-08-23,1.086,1.114,1.075,1.099,0.7401401273885363,0.759222929936307,0.7326433121019119,0.7490000000000011,0.6815286624203832,578691100.0,636291076.0,腾讯日K,2026-08-07T17:30:13,20260926T093659
512690,鹏华酒ETF,SSE,2021-08-24,1.105,1.143,1.095,1.134,0.7639506172839519,0.7902222222222236,0.7570370370370383,0.7840000000000013,0.6913580246913592,616936000.0,694564276.0,腾讯日K,2026-08-07T17:30:13,20260926T093659
512690,鹏华酒ETF,SSE,2021-08-25,1.14,1.173,1.14,1.165,0.797510729613735,0.8205965665236064,0.797510729613735,0.8150000000000013,0.6995708154506448,622586900.0,723617596.0,腾讯日K,2026-08-07T17:30:13,20260926T093659
512690,鹏华酒ETF,SSE,2021-08-26,1.155,1.155,1.119,1.126,0.7959857904085271,0.7959857904085271,0.7711758436944951,0.7760000000000012,0.6891651865008893,510061800.0,577590223.0,腾讯日K,2026-08-07T17:30:13,20260926T093659
512690,鹏华酒ETF,SSE,2021-08-27,1.119,1.154,1.116,1.125,0.770866666666668,0.7949777777777791,0.7688000000000015,0.7750000000000014,0.6888888888888901,404550800.0,459128216.0,腾讯日K,2026-08-07T17:30:13,20260926T093659
512690,鹏华酒ETF,SSE,2021-08-30,1.134,1.149,1.097,1.13,0.782761061946904,0.793115044247789,0.7572212389380544,0.7800000000000012,0.6902654867256649,552658400.0,620078993.0,腾讯日K,2026-08-07T17:30:13,20260926T093659
512690,鹏华酒ETF,SSE,2021-08-31,1.124,1.14,1.103,1.111,0.7699045904590471,0.7808640864086419,0.7555202520252036,0.7610000000000011,0.684968496849686,471754400.0,526106153.0,腾讯日K,2026-08-07T17:30:13,20260926T093659
512690,鹏华酒ETF,SSE,2021-09-01,1.108,1.16,1.081,1.149,0.770489120974762,0.8066492602262849,0.7517136640557017,0.7990000000000013,0.6953872932985216,936109500.0,1057942293.0,腾讯日K,2026-08-07T17:30:13,20260926T093659
512690,鹏华酒ETF,SSE,2021-09-02,1.145,1.158,1.125,1.128,0.7897251773049659,0.7986914893617034,0.7759308510638311,0.7780000000000012,0.6897163120567388,693114600.0,786473618.0,腾讯日K,2026-08-07T17:30:13,20260926T093659
512690,鹏华酒ETF,SSE,2021-09-03,1.119,1.146,1.098,1.137,0.7745408970976266,0.7932295514511887,0.7600052770448563,0.7870000000000014,0.6921723834652607,768360800.0,861631359.0,腾讯日K,2026-08-07T17:30:13,20260926T093659
512690,鹏华酒ETF,SSE,2021-09-06,1.134,1.186,1.122,1.178,0.7970730050933797,0.8336230899830234,0.7886383701188467,0.8280000000000013,0.70288624787776,983434600.0,1148751689.0,腾讯日K,2026-08-07T17:30:13,20260926T093659
512690,鹏华酒ETF,SSE,2021-09-07,1.169,1.196,1.163,1.186,0.8240168634064094,0.8430489038785849,0.8197875210792595,0.8360000000000013,0.7048903878583486,667928000.0,787965370.0,腾讯日K,2026-08-07T17:30:13,20260926T093659
512690,鹏华酒ETF,SSE,2021-09-08,1.184,1.185,1.152,1.16,0.8267586206896566,0.8274568965517256,0.8044137931034496,0.8100000000000014,0.6982758620689667,832146700.0,968675063.0,腾讯日K,2026-08-07T17:30:13,20260926T093659
512690,鹏华酒ETF,SSE,2021-09-09,1.158,1.169,1.148,1.158,0.8080000000000015,0.815675302245252,0.8010224525043192,0.8080000000000014,0.6977547495682224,476710000.0,551691449.0,腾讯日K,2026-08-07T17:30:13,20260926T093659
512690,鹏华酒ETF,SSE,2021-09-10,1.16,1.183,1.15,1.18,0.8159322033898317,0.8321101694915268,0.808898305084747,0.8300000000000013,0.7033898305084757,772760600.0,906419208.0,腾讯日K,2026-08-07T17:30:13,20260926T093659
512690,鹏华酒ETF,SSE,2021-09-13,1.176,1.193,1.155,1.163,0.8220877042132428,0.833971625107482,0.8074075666380065,0.8130000000000013,0.6990541702493562,693080500.0,811219129.0,腾讯日K,2026-08-07T17:30:13,20260926T093659
512690,鹏华酒ETF,SSE,2021-09-14,1.162,1.181,1.157,1.159,0.8110940465918909,0.8243563416738583,0.8076039689387418,0.8090000000000014,0.6980155306298546,609364900.0,711622062.0,腾讯日K,2026-08-07T17:30:13,20260926T093659
512690,鹏华酒ETF,SSE,2021-09-15,1.152,1.152,1.12,1.126,0.7939182948490244,0.7939182948490244,0.7718650088809961,0.7760000000000012,0.6891651865008893,824410800.0,934320813.0,腾讯日K,2026-08-07T17:30:13,20260926T093659
512690,鹏华酒ETF,SSE,2021-09-16,1.119,1.145,1.109,1.131,0.7727135278514602,0.790667550839966,0.7658081343943426,0.7810000000000014,0.6905393457117607,678571700.0,766964284.0,腾讯日K,2026-08-07T17:30:13,20260926T093659
512690,鹏华酒ETF,SSE,2021-09-17,1.127,1.179,1.12,1.169,0.7895748502994024,0.8260059880239534,0.784670658682636,0.8190000000000013,0.7005988023952107,983825900.0,1137628137.0,腾讯日K,2026-08-07T17:30:13,20260926T093659
512690,鹏华酒ETF,SSE,2021-09-22,1.155,1.161,1.134,1.141,0.8007055214723942,0.8048650306748482,0.7861472392638051,0.7910000000000015,0.6932515337423326,642472300.0,734961826.0,腾讯日K,2026-08-07T17:30:13,20260926T093659
512690,鹏华酒ETF,SSE,2021-09-23,1.143,1.167,1.134,1.146,0.7939162303664936,0.8105863874345565,0.7876649214659699,0.7960000000000014,0.6945898778359524,509515500.0,585864348.0,腾讯日K,2026-08-07T17:30:13,20260926T093659
512690,鹏华酒ETF,SSE,2021-09-24,1.141,1.187,1.138,1.173,0.8005481670929253,0.832822676896847,0.7984433077578869,0.8230000000000013,0.7016197783461221,875919900.0,1025919296.0,腾讯日K,2026-08-07T17:30:13,20260926T093659
512690,鹏华酒ETF,SSE,2021-09-27,1.198,1.267,1.197,1.251,0.8628281374900094,0.9125235811350935,0.8621079136690663,0.9010000000000015,0.7202238209432467,1348682700.0,1667168202.0,腾讯日K,2026-08-07T17:30:13,20260926T093659
512690,鹏华酒ETF,SSE,2021-09-28,1.24,1.25,1.198,1.23,0.8871544715447169,0.8943089430894324,0.857105691056912,0.8800000000000014,0.7154471544715459,806643700.0,986758214.0,腾讯日K,2026-08-07T17:30:13,20260926T093659
512690,鹏华酒ETF,SSE,2021-09-29,1.22,1.241,1.203,1.222,0.8705728314238966,0.8855581014729965,0.8584418985270064,0.8720000000000013,0.7135842880523743,601309800.0,734703027.0,腾讯日K,2026-08-07T17:30:13,20260926T093659
512690,鹏华酒ETF,SSE,2021-09-30,1.218,1.247,1.213,1.232,0.8719772727272741,0.8927386363636378,0.8683977272727287,0.8820000000000013,0.715909090909092,548642700.0,676190037.0,腾讯日K,2026-08-07T17:30:13,20260926T093659
512690,鹏华酒ETF,SSE,2021-10-08,1.233,1.286,1.22,1.265,0.891853754940713,0.9301897233201596,0.8824505928853769,0.9150000000000014,0.723320158102768,769302900.0,972445793.0,腾讯日K,2026-08-07T17:30:13,20260926T093659
512690,鹏华酒ETF,SSE,2021-10-11,1.273,1.297,1.252,1.26,0.91938888888889,0.9367222222222235,0.9042222222222235,0.9100000000000013,0.7222222222222232,535519500.0,679576946.0,腾讯日K,2026-08-07T17:30:13,20260926T093659
512690,鹏华酒ETF,SSE,2021-10-12,1.248,1.273,1.234,1.262,0.9018827258320139,0.919949286846277,0.8917654516640265,0.9120000000000013,0.722662440570524,474333100.0,596230935.0,腾讯日K,2026-08-07T17:30:13,20260926T093659
512690,鹏华酒ETF,SSE,2021-10-13,1.263,1.33,1.258,1.309,0.9252994652406428,0.9743850267379692,0.9216363636363648,0.9590000000000012,0.7326203208556159,901734600.0,1170177649.0,腾讯日K,2026-08-07T17:30:13,20260926T093659
512690,鹏华酒ETF,SSE,2021-10-14,1.303,1.329,1.283,1.307,0.9540711553175223,0.9731086457536355,0.9394269319051274,0.9570000000000012,0.7322111706197408,567470700.0,739706661.0,腾讯日K,2026-08-07T17:30:13,20260926T093659
512690,鹏华酒ETF,SSE,2021-10-15,1.29,1.307,1.273,1.296,0.9416203703703717,0.9540293209876556,0.9292114197530876,0.9460000000000013,0.7299382716049393,518923500.0,669393315.0,腾讯日K,2026-08-07T17:30:13,20260926T093659
512690,鹏华酒ETF,SSE,2021-10-18,1.275,1.275,1.2,1.209,0.9058933002481401,0.9058933002481401,0.8526054590570731,0.8590000000000012,0.7105045492142276,1343088400.0,1637555310.0,腾讯日K,2026-08-07T17:30:13,20260926T093659
512690,鹏华酒ETF,SSE,2021-10-19,1.2,1.24,1.196,1.23,0.8585365853658551,0.8871544715447169,0.8556747967479689,0.8800000000000014,0.7154471544715459,757622600.0,928943171.0,腾讯日K,2026-08-07T17:30:13,20260926T093659
512690,鹏华酒ETF,SSE,2021-10-20,1.238,1.254,1.222,1.239,0.8882824858757075,0.8997627118644081,0.8768022598870069,0.8890000000000013,0.7175141242937864,432100000.0,534323963.0,腾讯日K,2026-08-07T17:30:13,20260926T093659
512690,鹏华酒ETF,SSE,2021-10-21,1.24,1.248,1.225,1.245,0.8914056224899612,0.8971566265060256,0.8806224899598408,0.8950000000000015,0.7188755020080333,361294900.0,447469205.0,腾讯日K,2026-08-07T17:30:13,20260926T093659
512690,鹏华酒ETF,SSE,2021-10-22,1.249,1.271,1.238,1.256,0.9009506369426766,0.9168200636942688,0.8930159235668803,0.9060000000000014,0.7213375796178355,443297400.0,556494948.0,腾讯日K,2026-08-07T17:30:13,20260926T093659
512690,鹏华酒ETF,SSE,2021-10-25,1.25,1.258,1.237,1.249,0.8997197758206578,0.90547798238591,0.890362690152123,0.8990000000000014,0.7197758206565262,333852400.0,415749393.0,腾讯日K,2026-08-07T17:30:13,20260926T093659
512690,鹏华酒ETF,SSE,2021-10-26,1.249,1.27,1.24,1.256,0.9009506369426766,0.9160987261146512,0.894458598726116,0.9060000000000014,0.7213375796178355,389918900.0,489506838.0,腾讯日K,2026-08-07T17:30:13,20260926T093659
512690,鹏华酒ETF,SSE,2021-10-27,1.249,1.249,1.216,1.223,0.8915592804578918,0.8915592804578918,0.8680032706459537,0.8730000000000012,0.713818479149633,539882400.0,662437209.0,腾讯日K,2026-08-07T17:30:13,20260926T093659
512690,鹏华酒ETF,SSE,2021-10-28,1.227,1.244,1.224,1.234,0.8789854132901147,0.8911636952998392,0.8768363047001633,0.8840000000000012,0.7163695299837936,420042800.0,518911007.0,腾讯日K,2026-08-07T17:30:13,20260926T093659
512690,鹏华酒ETF,SSE,2021-10-29,1.245,1.266,1.242,1.246,0.8952808988764056,0.9103820224719112,0.893123595505619,0.8960000000000011,0.7191011235955065,472569600.0,591992560.0,腾讯日K,2026-08-07T17:30:13,20260926T093659
512690,鹏华酒ETF,SSE,2021-11-01,1.222,1.255,1.198,1.236,0.8759644012944994,0.8996197411003246,0.8587605177993538,0.886000000000001,0.7168284789644022,416921900.0,512846422.0,腾讯日K,2026-08-07T17:30:13,20260926T093659
512690,鹏华酒ETF,SSE,2021-11-02,1.23,1.246,1.205,1.219,0.876841673502872,0.888247744052503,0.8590196882690739,0.8690000000000009,0.7128794093519285,443813300.0,542908129.0,腾讯日K,2026-08-07T17:30:13,20260926T093659
512690,鹏华酒ETF,SSE,2021-11-03,1.223,1.227,1.206,1.21,0.8692396694214887,0.8720826446281003,0.8571570247933894,0.860000000000001,0.7107438016528934,281313000.0,342140864.0,腾讯日K,2026-08-07T17:30:13,20260926T093659
512690,鹏华酒ETF,SSE,2021-11-04,1.215,1.252,1.212,1.248,0.8742548076923088,0.9008782051282063,0.8720961538461549,0.8980000000000011,0.7195512820512829,657739600.0,813273386.0,腾讯日K,2026-08-07T17:30:13,20260926T093659
512690,鹏华酒ETF,SSE,2021-11-05,1.244,1.275,1.244,1.255,0.8970677290836666,0.9194223107569733,0.8970677290836666,0.9050000000000012,0.7211155378486066,451737800.0,569148090.0,腾讯日K,2026-08-07T17:30:13,20260926T093659
512690,鹏华酒ETF,SSE,2021-11-08,1.254,1.264,1.243,1.252,0.9034408945686911,0.9106453674121416,0.8955159744408957,0.9020000000000011,0.7204472843450488,262844300.0,328982098.0,腾讯日K,2026-08-07T17:30:13,20260926T093659
512690,鹏华酒ETF,SSE,2021-11-09,1.251,1.259,1.237,1.24,0.8978951612903237,0.9036370967741947,0.8878467741935496,0.8900000000000011,0.7177419354838719,379110100.0,471648689.0,腾讯日K,2026-08-07T17:30:13,20260926T093659
512690,鹏华酒ETF,SSE,2021-11-10,1.242,1.246,1.206,1.216,0.884516447368422,0.8873651315789484,0.8588782894736852,0.866000000000001,0.7121710526315798,549283900.0,669375144.0,腾讯日K,2026-08-07T17:30:13,20260926T093659
512690,鹏华酒ETF,SSE,2021-11-11,1.216,1.221,1.203,1.217,0.8662875924404283,0.869849630238292,0.857026294165983,0.867000000000001,0.7124075595727206,549364700.0,665376215.0,腾讯日K,2026-08-07T17:30:13,20260926T093659
512690,鹏华酒ETF,SSE,2021-11-12,1.222,1.225,1.201,1.203,0.8664721529509568,0.8685993349958447,0.8515818786367424,0.853000000000001,0.709060681629261,526593500.0,636354346.0,腾讯日K,2026-08-07T17:30:13,20260926T093659
512690,鹏华酒ETF,SSE,2021-11-15,1.204,1.219,1.201,1.208,0.855158940397352,0.8658129139072858,0.8530281456953652,0.858000000000001,0.7102649006622525,451569200.0,546405481.0,腾讯日K,2026-08-07T17:30:13,20260926T093659
512690,鹏华酒ETF,SSE,2021-11-16,1.211,1.247,1.209,1.244,0.8702845659163999,0.8961559485530559,0.8688472668810301,0.8940000000000011,0.7186495176848884,828753400.0,1022826480.0,腾讯日K,2026-08-07T17:30:13,20260926T093659
512690,鹏华酒ETF,SSE,2021-11-17,1.239,1.251,1.227,1.241,0.8895640612409359,0.8981796937953274,0.8809484286865442,0.8910000000000011,0.7179693795326358,472575800.0,585348846.0,腾讯日K,2026-08-07T17:30:13,20260926T093659
512690,鹏华酒ETF,SSE,2021-11-18,1.236,1.25,1.229,1.243,0.8879710378117467,0.8980289621882552,0.8829420756234926,0.893000000000001,0.7184231697506042,304463000.0,377650896.0,腾讯日K,2026-08-07T17:30:13,20260926T093659
512690,鹏华酒ETF,SSE,2021-11-19,1.239,1.274,1.237,1.259,0.8945599682287543,0.9198300238284366,0.8931159650516296,0.9090000000000011,0.7220015885623521,501351500.0,631951168.0,腾讯日K,2026-08-07T17:30:13,20260926T093659
512690,鹏华酒ETF,SSE,2021-11-22,1.26,1.295,1.259,1.263,0.9108313539192411,0.9361322248614421,0.9101084718923209,0.913000000000001,0.7228820269200326,485313600.0,619596533.0,腾讯日K,2026-08-07T17:30:13,20260926T093659
512690,鹏华酒ETF,SSE,2021-11-23,1.258,1.279,1.255,1.268,0.9107602523659315,0.9259637223974772,0.9085883280757105,0.9180000000000009,0.7239747634069408,298011400.0,377998110.0,腾讯日K,2026-08-07T17:30:13,20260926T093659
512690,鹏华酒ETF,SSE,2021-11-24,1.272,1.313,1.27,1.3,0.9295384615384623,0.9595000000000008,0.9280769230769239,0.9500000000000008,0.7307692307692314,705748300.0,914820309.0,腾讯日K,2026-08-07T17:30:13,20260926T093659
512690,鹏华酒ETF,SSE,2021-11-25,1.31,1.322,1.29,1.293,0.9553982985305499,0.9641500386697611,0.940812064965198,0.9430000000000007,0.7293116782675954,373921400.0,486647169.0,腾讯日K,2026-08-07T17:30:13,20260926T093659
512690,鹏华酒ETF,SSE,2021-11-26,1.294,1.297,1.28,1.289,0.9426423584173785,0.9448277734678052,0.9324437548487207,0.9390000000000007,0.728471683475563,291000200.0,374301686.0,腾讯日K,2026-08-07T17:30:13,20260926T093659
512690,鹏华酒ETF,SSE,2021-11-29,1.28,1.296,1.278,1.295,0.934054054054055,0.9457297297297306,0.9325945945945955,0.9450000000000007,0.7297297297297304,316821600.0,408006036.0,腾讯日K,2026-08-07T17:30:13,20260926T093659
512690,鹏华酒ETF,SSE,2021-11-30,1.296,1.299,1.268,1.273,0.9396763550667722,0.9418515318146119,0.9193747054202678,0.9230000000000007,0.7250589159465834,392948100.0,501758462.0,腾讯日K,2026-08-07T17:30:13,20260926T093659
512690,鹏华酒ETF,SSE,2021-12-01,1.286,1.291,1.269,1.277,0.9335332811276438,0.937162881754112,0.9211926389976516,0.9270000000000008,0.7259201252936577,395870200.0,505034812.0,腾讯日K,2026-08-07T17:30:13,20260926T093659
512690,鹏华酒ETF,SSE,2021-12-02,1.282,1.295,1.279,1.288,0.9336304347826093,0.943097826086957,0.9314456521739136,0.9380000000000006,0.7282608695652178,290984400.0,374345439.0,腾讯日K,2026-08-07T17:30:13,20260926T093659
512690,鹏华酒ETF,SSE,2021-12-03,1.29,1.33,1.287,1.324,0.9489879154078557,0.9784138972809675,0.9467809667673721,0.9740000000000008,0.735649546827795,694250000.0,916037713.0,腾讯日K,2026-08-07T17:30:13,20260926T093659
512690,鹏华酒ETF,SSE,2021-12-06,1.327,1.335,1.311,1.323,0.9759417989417997,0.9818253968253976,0.9641746031746039,0.9730000000000008,0.735449735449736,467411300.0,619967336.0,腾讯日K,2026-08-07T17:30:13,20260926T093659
512690,鹏华酒ETF,SSE,2021-12-07,1.329,1.347,1.319,1.321,0.9768803936411817,0.9901112793338388,0.9695299015897055,0.9710000000000009,0.7350492051476161,486657200.0,647869573.0,腾讯日K,2026-08-07T17:30:13,20260926T093659
512690,鹏华酒ETF,SSE,2021-12-08,1.32,1.371,1.312,1.369,0.9825273922571228,1.020488677867057,0.9765726807888978,1.0190000000000008,0.7443389335281233,629537300.0,851595729.0,腾讯日K,2026-08-07T17:30:13,20260926T093659
512690,鹏华酒ETF,SSE,2021-12-09,1.376,1.417,1.368,1.395,1.0307670250896066,1.0614802867383522,1.024774193548388,1.0450000000000008,0.7491039426523304,552935800.0,770680105.0,腾讯日K,2026-08-07T17:30:13,20260926T093659
512690,鹏华酒ETF,SSE,2021-12-10,1.385,1.403,1.37,1.393,1.0370100502512571,1.0504874371859305,1.0257788944723627,1.0430000000000008,0.7487437185929654,427778400.0,593155980.0,腾讯日K,2026-08-07T17:30:13,20260926T093659
512690,鹏华酒ETF,SSE,2021-12-13,1.405,1.432,1.4,1.402,1.0542510699001437,1.0745106990014275,1.0504992867332392,1.052000000000001,0.7503566333808852,419728800.0,593888782.0,腾讯日K,2026-08-07T17:30:13,20260926T093659
512690,鹏华酒ETF,SSE,2021-12-14,1.394,1.423,1.387,1.412,1.0484617563739385,1.070273371104817,1.0431968838526922,1.062000000000001,0.752124645892352,319768500.0,450818655.0,腾讯日K,2026-08-07T17:30:13,20260926T093659
512690,鹏华酒ETF,SSE,2021-12-15,1.409,1.409,1.382,1.393,1.0549798994974884,1.0549798994974884,1.0347638190954782,1.0430000000000008,0.7487437185929654,376249000.0,524272361.0,腾讯日K,2026-08-07T17:30:13,20260926T093659
512690,鹏华酒ETF,SSE,2021-12-16,1.392,1.392,1.352,1.373,1.0371565914056817,1.0371565914056817,1.0073532410779324,1.0230000000000008,0.745083758193737,633627400.0,865529680.0,腾讯日K,2026-08-07T17:30:13,20260926T093659
512690,鹏华酒ETF,SSE,2021-12-17,1.367,1.367,1.336,1.34,1.0099477611940306,1.0099477611940306,0.9870447761194038,0.9900000000000009,0.7388059701492543,529608200.0,713525711.0,腾讯日K,2026-08-07T17:30:13,20260926T093659
512690,鹏华酒ETF,SSE,2021-12-20,1.335,1.358,1.332,1.339,0.9860455563853631,1.0030336071695305,0.9838297236743848,0.9890000000000009,0.738610903659448,489829100.0,657980827.0,腾讯日K,2026-08-07T17:30:13,20260926T093659
512690,鹏华酒ETF,SSE,2021-12-21,1.338,1.348,1.318,1.34,0.9885223880597023,0.9959104477611949,0.9737462686567172,0.9900000000000009,0.7388059701492543,419042000.0,558923450.0,腾讯日K,2026-08-07T17:30:13,20260926T093659
512690,鹏华酒ETF,SSE,2021-12-22,1.337,1.36,1.333,1.346,0.989340267459139,1.0063595839524526,0.986380386329867,0.9960000000000009,0.7399702823179798,396033200.0,531809566.0,腾讯日K,2026-08-07T17:30:13,20260926T093659
512690,鹏华酒ETF,SSE,2021-12-23,1.344,1.377,1.33,1.375,1.00189090909091,1.02649090909091,0.9914545454545465,1.025000000000001,0.7454545454545461,515275000.0,696233166.0,腾讯日K,2026-08-07T17:30:13,20260926T093659
512690,鹏华酒ETF,SSE,2021-12-24,1.372,1.398,1.366,1.373,1.0222549162418073,1.0416270939548444,1.0177844136926448,1.023000000000001,0.7450837581937371,724759600.0,1000932085.0,腾讯日K,2026-08-07T17:30:13,20260926T093659
512690,鹏华酒ETF,SSE,2021-12-27,1.37,1.377,1.348,1.36,1.0174264705882365,1.022625000000001,1.0010882352941188,1.0100000000000011,0.7426470588235302,408203000.0,555086707.0,腾讯日K,2026-08-07T17:30:13,20260926T093659
512690,鹏华酒ETF,SSE,2021-12-28,1.361,1.383,1.361,1.378,1.0153178519593626,1.0317300435413657,1.0153178519593626,1.0280000000000011,0.7460087082728601,376487700.0,517311333.0,腾讯日K,2026-08-07T17:30:13,20260926T093659
512690,鹏华酒ETF,SSE,2021-12-29,1.381,1.384,1.325,1.329,1.0173054928517693,1.019515425131679,0.9760534236267882,0.9790000000000011,0.7366440933032363,633340900.0,849851681.0,腾讯日K,2026-08-07T17:30:13,20260926T093659
512690,鹏华酒ETF,SSE,2021-12-30,1.319,1.332,1.308,1.323,0.9700582010582021,0.9796190476190487,0.961968253968255,0.9730000000000011,0.7354497354497362,555710000.0,734117945.0,腾讯日K,2026-08-07T17:30:13,20260926T093659
512690,鹏华酒ETF,SSE,2021-12-31,0.976,0.976,0.954,0.965,0.9760000000000011,0.9760000000000011,0.9540000000000011,0.9650000000000011,1.000000000000001,673541200.0,647547653.0,腾讯日K,2026-08-07T17:30:13,20260926T093659
512690,鹏华酒ETF,SSE,2022-01-04,0.965,0.966,0.935,0.953,0.9650000000000011,0.9660000000000011,0.935000000000001,0.9530000000000011,1.000000000000001,663357500.0,627009232.0,腾讯日K,2026-08-07T17:30:13,20260926T093659
512690,鹏华酒ETF,SSE,2022-01-05,0.948,0.963,0.938,0.945,0.948000000000001,0.9630000000000011,0.9380000000000009,0.9450000000000011,1.000000000000001,579556700.0,549603756.0,腾讯日K,2026-08-07T17:30:13,20260926T093659
512690,鹏华酒ETF,SSE,2022-01-06,0.946,0.951,0.92,0.931,0.946000000000001,0.9510000000000011,0.920000000000001,0.9310000000000012,1.000000000000001,730334600.0,681871468.0,腾讯日K,2026-08-07T17:30:13,20260926T093659
512690,鹏华酒ETF,SSE,2022-01-07,0.928,0.933,0.908,0.912,0.928000000000001,0.933000000000001,0.908000000000001,0.9120000000000011,1.000000000000001,536788200.0,492700843.0,腾讯日K,2026-08-07T17:30:13,20260926T093659
512690,鹏华酒ETF,SSE,2022-01-10,0.905,0.914,0.885,0.907,0.905000000000001,0.914000000000001,0.885000000000001,0.907000000000001,1.000000000000001,478577500.0,431160144.0,腾讯日K,2026-08-07T17:30:13,20260926T093659
512690,鹏华酒ETF,SSE,2022-01-11,0.905,0.91,0.892,0.895,0.905000000000001,0.910000000000001,0.892000000000001,0.895000000000001,1.000000000000001,390342100.0,351412930.0,腾讯日K,2026-08-07T17:30:13,20260926T093659
512690,鹏华酒ETF,SSE,2022-01-12,0.898,0.904,0.894,0.903,0.898000000000001,0.904000000000001,0.894000000000001,0.903000000000001,1.000000000000001,479622600.0,431179168.0,腾讯日K,2026-08-07T17:30:13,20260926T093659
512690,鹏华酒ETF,SSE,2022-01-13,0.901,0.902,0.869,0.87,0.901000000000001,0.902000000000001,0.869000000000001,0.8700000000000009,1.000000000000001,822155200.0,725672654.0,腾讯日K,2026-08-07T17:30:13,20260926T093659
512690,鹏华酒ETF,SSE,2022-01-14,0.863,0.878,0.863,0.865,0.863000000000001,0.878000000000001,0.863000000000001,0.8650000000000009,1.000000000000001,495605400.0,431472594.0,腾讯日K,2026-08-07T17:30:13,20260926T093659
512690,鹏华酒ETF,SSE,2022-01-17,0.864,0.871,0.85,0.87,0.864000000000001,0.871000000000001,0.8500000000000009,0.8700000000000009,1.000000000000001,552230800.0,476242822.0,腾讯日K,2026-08-07T17:30:13,20260926T093659
512690,鹏华酒ETF,SSE,2022-01-18,0.87,0.892,0.863,0.883,0.870000000000001,0.892000000000001,0.863000000000001,0.8830000000000009,1.000000000000001,959307400.0,846773869.0,腾讯日K,2026-08-07T17:30:13,20260926T093659
512690,鹏华酒ETF,SSE,2022-01-19,0.887,0.888,0.865,0.873,0.887000000000001,0.888000000000001,0.865000000000001,0.873000000000001,1.000000000000001,686220500.0,599333919.0,腾讯日K,2026-08-07T17:30:13,20260926T093659
512690,鹏华酒ETF,SSE,2022-01-20,0.87,0.889,0.868,0.888,0.870000000000001,0.889000000000001,0.868000000000001,0.888000000000001,1.000000000000001,845402400.0,747510418.0,腾讯日K,2026-08-07T17:30:13,20260926T093659
512690,鹏华酒ETF,SSE,2022-01-21,0.881,0.909,0.88,0.9,0.881000000000001,0.909000000000001,0.880000000000001,0.900000000000001,1.000000000000001,799428600.0,719304227.0,腾讯日K,2026-08-07T17:30:13,20260926T093659
512690,鹏华酒ETF,SSE,2022-01-24,0.892,0.907,0.886,0.894,0.892000000000001,0.907000000000001,0.886000000000001,0.894000000000001,1.000000000000001,427497400.0,382639586.0,腾讯日K,2026-08-07T17:30:13,20260926T093659
512690,鹏华酒ETF,SSE,2022-01-25,0.89,0.895,0.87,0.872,0.890000000000001,0.895000000000001,0.870000000000001,0.872000000000001,1.000000000000001,379407100.0,335188464.0,腾讯日K,2026-08-07T17:30:13,20260926T093659
512690,鹏华酒ETF,SSE,2022-01-26,0.871,0.89,0.864,0.879,0.871000000000001,0.890000000000001,0.864000000000001,0.879000000000001,1.000000000000001,423882100.0,372776790.0,腾讯日K,2026-08-07T17:30:13,20260926T093659
512690,鹏华酒ETF,SSE,2022-01-27,0.888,0.895,0.867,0.87,0.888000000000001,0.895000000000001,0.867000000000001,0.8700000000000009,1.000000000000001,499937700.0,440560456.0,腾讯日K,2026-08-07T17:30:13,20260926T093659
512690,鹏华酒ETF,SSE,2022-01-28,0.868,0.873,0.842,0.845,0.868000000000001,0.873000000000001,0.8420000000000009,0.8450000000000009,1.000000000000001,416984600.0,357058762.0,腾讯日K,2026-08-07T17:30:13,20260926T093659
512690,鹏华酒ETF,SSE,2022-02-07,0.851,0.871,0.836,0.844,0.851000000000001,0.871000000000001,0.8360000000000009,0.8440000000000009,1.000000000000001,496716800.0,423746617.0,腾讯日K,2026-08-07T17:30:13,20260926T093659
512690,鹏华酒ETF,SSE,2022-02-08,0.844,0.845,0.808,0.82,0.8440000000000007,0.8450000000000008,0.8080000000000007,0.8200000000000007,1.0000000000000009,507929700.0,416037825.0,腾讯日K,2026-08-07T17:30:13,20260926T093659
512690,鹏华酒ETF,SSE,2022-02-09,0.82,0.862,0.817,0.86,0.8200000000000007,0.8620000000000008,0.8170000000000007,0.8600000000000008,1.0000000000000009,826885700.0,697440834.0,腾讯日K,2026-08-07T17:30:13,20260926T093659
512690,鹏华酒ETF,SSE,2022-02-10,0.857,0.862,0.845,0.851,0.857000000000001,0.862000000000001,0.8450000000000009,0.8510000000000009,1.000000000000001,418926800.0,356090280.0,腾讯日K,2026-08-07T17:30:13,20260926T093659
512690,鹏华酒ETF,SSE,2022-02-11,0.845,0.878,0.844,0.852,0.8450000000000009,0.878000000000001,0.8440000000000009,0.852000000000001,1.000000000000001,490055600.0,422919359.0,腾讯日K,2026-08-07T17:30:13,20260926T093659
512690,鹏华酒ETF,SSE,2022-02-14,0.845,0.873,0.845,0.866,0.8450000000000009,0.873000000000001,0.8450000000000009,0.8660000000000009,1.000000000000001,400639800.0,346243212.0,腾讯日K,2026-08-07T17:30:13,20260926T093659
512690,鹏华酒ETF,SSE,2022-02-15,0.866,0.884,0.865,0.881,0.8660000000000008,0.8840000000000008,0.8650000000000008,0.8810000000000008,1.0000000000000009,355272000.0,311389607.0,腾讯日K,2026-08-07T17:30:13,20260926T093659
512690,鹏华酒ETF,SSE,2022-02-16,0.883,0.89,0.873,0.885,0.883000000000001,0.890000000000001,0.873000000000001,0.8850000000000009,1.000000000000001,323807200.0,285855512.0,腾讯日K,2026-08-07T17:30:13,20260926T093659
512690,鹏华酒ETF,SSE,2022-02-17,0.885,0.893,0.877,0.883,0.885000000000001,0.893000000000001,0.877000000000001,0.8830000000000009,1.000000000000001,279219500.0,246674124.0,腾讯日K,2026-08-07T17:30:13,20260926T093659
512690,鹏华酒ETF,SSE,2022-02-18,0.877,0.89,0.866,0.888,0.877000000000001,0.890000000000001,0.866000000000001,0.888000000000001,1.000000000000001,314656900.0,277305192.0,腾讯日K,2026-08-07T17:30:13,20260926T093659
512690,鹏华酒ETF,SSE,2022-02-21,0.888,0.897,0.881,0.886,0.888000000000001,0.897000000000001,0.881000000000001,0.886000000000001,1.000000000000001,213489200.0,189553644.0,腾讯日K,2026-08-07T17:30:13,20260926T093659
512690,鹏华酒ETF,SSE,2022-02-22,0.88,0.88,0.859,0.865,0.880000000000001,0.880000000000001,0.859000000000001,0.865000000000001,1.000000000000001,294778800.0,255194031.0,腾讯日K,2026-08-07T17:30:13,20260926T093659
512690,鹏华酒ETF,SSE,2022-02-23,0.867,0.877,0.859,0.877,0.867000000000001,0.877000000000001,0.859000000000001,0.877000000000001,1.000000000000001,259160700.0,225497154.0,腾讯日K,2026-08-07T17:30:13,20260926T093659
512690,鹏华酒ETF,SSE,2022-02-24,0.869,0.871,0.835,0.843,0.869000000000001,0.871000000000001,0.8350000000000009,0.843000000000001,1.000000000000001,535883000.0,455977611.0,腾讯日K,2026-08-07T17:30:13,20260926T093659
512690,鹏华酒ETF,SSE,2022-02-25,0.849,0.86,0.846,0.852,0.8490000000000011,0.8600000000000011,0.8460000000000011,0.8520000000000011,1.0000000000000013,336303000.0,286945473.0,腾讯日K,2026-08-07T17:30:13,20260926T093659
512690,鹏华酒ETF,SSE,2022-02-28,0.849,0.856,0.837,0.854,0.8490000000000011,0.8560000000000011,0.8370000000000011,0.8540000000000011,1.0000000000000013,318706200.0,270686051.0,腾讯日K,2026-08-07T17:30:13,20260926T093659
512690,鹏华酒ETF,SSE,2022-03-01,0.858,0.883,0.857,0.88,0.8580000000000011,0.8830000000000012,0.8570000000000011,0.8800000000000011,1.0000000000000013,615381900.0,538441503.0,腾讯日K,2026-08-07T17:30:13,20260926T093659
512690,鹏华酒ETF,SSE,2022-03-02,0.871,0.874,0.861,0.87,0.8710000000000011,0.8740000000000011,0.8610000000000011,0.8700000000000012,1.0000000000000013,508853000.0,441599815.0,腾讯日K,2026-08-07T17:30:13,20260926T093659
512690,鹏华酒ETF,SSE,2022-03-03,0.871,0.874,0.841,0.843,0.8710000000000013,0.8740000000000013,0.8410000000000013,0.8430000000000012,1.0000000000000016,782231400.0,665030628.0,腾讯日K,2026-08-07T17:30:13,20260926T093659
512690,鹏华酒ETF,SSE,2022-03-04,0.83,0.845,0.825,0.83,0.8300000000000011,0.8450000000000011,0.8250000000000011,0.8300000000000011,1.0000000000000013,487222500.0,405596672.0,腾讯日K,2026-08-07T17:30:13,20260926T093659
512690,鹏华酒ETF,SSE,2022-03-07,0.822,0.823,0.79,0.793,0.8220000000000011,0.8230000000000011,0.790000000000001,0.7930000000000011,1.0000000000000013,555956900.0,445947535.0,腾讯日K,2026-08-07T17:30:13,20260926T093659
512690,鹏华酒ETF,SSE,2022-03-08,0.807,0.821,0.788,0.795,0.8070000000000013,0.8210000000000012,0.7880000000000013,0.7950000000000013,1.0000000000000016,567310300.0,457219679.0,腾讯日K,2026-08-07T17:30:13,20260926T093659
512690,鹏华酒ETF,SSE,2022-03-09,0.797,0.807,0.761,0.792,0.7970000000000013,0.8070000000000013,0.7610000000000012,0.7920000000000013,1.0000000000000016,539314400.0,425769337.0,腾讯日K,2026-08-07T17:30:13,20260926T093659
512690,鹏华酒ETF,SSE,2022-03-10,0.811,0.827,0.807,0.825,0.8110000000000013,0.8270000000000013,0.8070000000000013,0.8250000000000012,1.0000000000000016,670595100.0,549352556.0,腾讯日K,2026-08-07T17:30:13,20260926T093659
512690,鹏华酒ETF,SSE,2022-03-11,0.813,0.825,0.801,0.822,0.813000000000001,0.8250000000000011,0.8010000000000012,0.8220000000000011,1.0000000000000013,448538500.0,364743224.0,腾讯日K,2026-08-07T17:30:13,20260926T093659
512690,鹏华酒ETF,SSE,2022-03-14,0.809,0.81,0.777,0.78,0.8090000000000012,0.8100000000000012,0.777000000000001,0.780000000000001,1.0000000000000013,759854600.0,598332745.0,腾讯日K,2026-08-07T17:30:13,20260926T093659
512690,鹏华酒ETF,SSE,2022-03-15,0.761,0.773,0.737,0.739,0.761000000000001,0.773000000000001,0.737000000000001,0.739000000000001,1.0000000000000013,569558100.0,428970945.0,腾讯日K,2026-08-07T17:30:13,20260926T093659
512690,鹏华酒ETF,SSE,2022-03-16,0.754,0.764,0.722,0.761,0.754000000000001,0.764000000000001,0.722000000000001,0.761000000000001,1.0000000000000013,643262100.0,480453427.0,腾讯日K,2026-08-07T17:30:13,20260926T093659
512690,鹏华酒ETF,SSE,2022-03-17,0.773,0.799,0.771,0.784,0.773000000000001,0.7990000000000012,0.771000000000001,0.7840000000000011,1.0000000000000013,711004900.0,556682900.0,腾讯日K,2026-08-07T17:30:13,20260926T093659
512690,鹏华酒ETF,SSE,2022-03-18,0.779,0.79,0.772,0.784,0.779000000000001,0.790000000000001,0.772000000000001,0.7840000000000011,1.0000000000000013,302715400.0,235984546.0,腾讯日K,2026-08-07T17:30:13,20260926T093659
512690,鹏华酒ETF,SSE,2022-03-21,0.787,0.79,0.775,0.782,0.787000000000001,0.790000000000001,0.775000000000001,0.7820000000000011,1.0000000000000013,238777900.0,186404939.0,腾讯日K,2026-08-07T17:30:13,20260926T093659
512690,鹏华酒ETF,SSE,2022-03-22,0.78,0.787,0.77,0.772,0.7800000000000012,0.7870000000000013,0.7700000000000012,0.7720000000000012,1.0000000000000016,270365000.0,209747566.0,腾讯日K,2026-08-07T17:30:13,20260926T093659
512690,鹏华酒ETF,SSE,2022-03-23,0.775,0.79,0.77,0.785,0.7750000000000012,0.7900000000000013,0.7700000000000012,0.7850000000000013,1.0000000000000016,436760500.0,341605007.0,腾讯日K,2026-08-07T17:30:13,20260926T093659
512690,鹏华酒ETF,SSE,2022-03-24,0.777,0.777,0.762,0.765,0.7770000000000012,0.7770000000000012,0.7620000000000012,0.7650000000000012,1.0000000000000016,422893200.0,324367794.0,腾讯日K,2026-08-07T17:30:13,20260926T093659
512690,鹏华酒ETF,SSE,2022-03-25,0.765,0.769,0.739,0.744,0.7650000000000012,0.7690000000000012,0.7390000000000011,0.7440000000000012,1.0000000000000016,450798300.0,338449581.0,腾讯日K,2026-08-07T17:30:13,20260926T093659
512690,鹏华酒ETF,SSE,2022-03-28,0.727,0.728,0.709,0.721,0.7270000000000013,0.7280000000000013,0.7090000000000012,0.7210000000000012,1.0000000000000018,578222800.0,414030725.0,腾讯日K,2026-08-07T17:30:13,20260926T093659
512690,鹏华酒ETF,SSE,2022-03-29,0.722,0.73,0.709,0.71,0.7220000000000013,0.7300000000000013,0.7090000000000012,0.7100000000000012,1.0000000000000018,496767600.0,356413274.0,腾讯日K,2026-08-07T17:30:13,20260926T093659
512690,鹏华酒ETF,SSE,2022-03-30,0.719,0.742,0.719,0.742,0.7190000000000011,0.7420000000000011,0.7190000000000011,0.7420000000000011,1.0000000000000016,563496000.0,411336719.0,腾讯日K,2026-08-07T17:30:13,20260926T093659
512690,鹏华酒ETF,SSE,2022-03-31,0.737,0.743,0.732,0.737,0.7370000000000011,0.7430000000000011,0.7320000000000011,0.7370000000000012,1.0000000000000016,298539200.0,219950508.0,腾讯日K,2026-08-07T17:30:13,20260926T093659
512690,鹏华酒ETF,SSE,2022-04-01,0.73,0.766,0.73,0.754,0.7300000000000013,0.7660000000000013,0.7300000000000013,0.7540000000000013,1.0000000000000018,678422300.0,511280011.0,腾讯日K,2026-08-07T17:30:13,20260926T093659
512690,鹏华酒ETF,SSE,2022-04-06,0.748,0.757,0.742,0.748,0.7480000000000011,0.7570000000000012,0.7420000000000011,0.7480000000000012,1.0000000000000016,369354400.0,276180923.0,腾讯日K,2026-08-07T17:30:13,20260926T093659
512690,鹏华酒ETF,SSE,2022-04-07,0.742,0.762,0.74,0.747,0.7420000000000013,0.7620000000000013,0.7400000000000013,0.7470000000000013,1.0000000000000018,447116300.0,336414913.0,腾讯日K,2026-08-07T17:30:13,20260926T093659
512690,鹏华酒ETF,SSE,2022-04-08,0.75,0.756,0.742,0.743,0.7500000000000013,0.7560000000000013,0.7420000000000013,0.7430000000000013,1.0000000000000018,313740100.0,234635023.0,腾讯日K,2026-08-07T17:30:13,20260926T093659
512690,鹏华酒ETF,SSE,2022-04-11,0.735,0.735,0.708,0.709,0.7350000000000013,0.7350000000000013,0.7080000000000012,0.7090000000000013,1.0000000000000018,452219900.0,323772987.0,腾讯日K,2026-08-07T17:30:13,20260926T093659
512690,鹏华酒ETF,SSE,2022-04-12,0.711,0.757,0.711,0.756,0.7110000000000014,0.7570000000000016,0.7110000000000014,0.7560000000000016,1.000000000000002,668527000.0,490743329.0,腾讯日K,2026-08-07T17:30:13,20260926T093659
512690,鹏华酒ETF,SSE,2022-04-13,0.748,0.766,0.744,0.753,0.7480000000000014,0.7660000000000016,0.7440000000000014,0.7530000000000016,1.000000000000002,432688000.0,327148138.0,腾讯日K,2026-08-07T17:30:13,20260926T093659
512690,鹏华酒ETF,SSE,2022-04-14,0.764,0.799,0.76,0.789,0.7640000000000016,0.7990000000000016,0.7600000000000016,0.7890000000000016,1.000000000000002,809913200.0,634324014.0,腾讯日K,2026-08-07T17:30:13,20260926T093659
512690,鹏华酒ETF,SSE,2022-04-15,0.783,0.797,0.778,0.784,0.7830000000000016,0.7970000000000016,0.7780000000000016,0.7840000000000016,1.000000000000002,530412500.0,417846184.0,腾讯日K,2026-08-07T17:30:13,20260926T093659
512690,鹏华酒ETF,SSE,2022-04-18,0.78,0.783,0.768,0.783,0.7800000000000016,0.7830000000000016,0.7680000000000016,0.7830000000000016,1.000000000000002,406846200.0,315668023.0,腾讯日K,2026-08-07T17:30:13,20260926T093659
512690,鹏华酒ETF,SSE,2022-04-19,0.785,0.797,0.769,0.774,0.7850000000000016,0.7970000000000016,0.7690000000000016,0.7740000000000016,1.000000000000002,461912200.0,361343391.0,腾讯日K,2026-08-07T17:30:13,20260926T093659
512690,鹏华酒ETF,SSE,2022-04-20,0.777,0.795,0.762,0.781,0.7770000000000016,0.7950000000000016,0.7620000000000016,0.7810000000000016,1.000000000000002,719976400.0,562220582.0,腾讯日K,2026-08-07T17:30:13,20260926T093659
512690,鹏华酒ETF,SSE,2022-04-21,0.774,0.787,0.765,0.769,0.7740000000000016,0.7870000000000016,0.7650000000000016,0.7690000000000016,1.000000000000002,448898100.0,347670530.0,腾讯日K,2026-08-07T17:30:13,20260926T093659
512690,鹏华酒ETF,SSE,2022-04-22,0.761,0.777,0.754,0.772,0.7610000000000017,0.7770000000000018,0.7540000000000017,0.7720000000000017,1.0000000000000022,465079900.0,356911551.0,腾讯日K,2026-08-07T17:30:13,20260926T093659
512690,鹏华酒ETF,SSE,2022-04-25,0.755,0.761,0.724,0.728,0.7550000000000017,0.7610000000000017,0.7240000000000015,0.7280000000000015,1.0000000000000022,639136100.0,476531694.0,腾讯日K,2026-08-07T17:30:13,20260926T093659
512690,鹏华酒ETF,SSE,2022-04-26,0.732,0.76,0.729,0.744,0.7320000000000014,0.7600000000000016,0.7290000000000014,0.7440000000000014,1.000000000000002,583036100.0,434570872.0,腾讯日K,2026-08-07T17:30:13,20260926T093659
512690,鹏华酒ETF,SSE,2022-04-27,0.742,0.762,0.742,0.761,0.7420000000000014,0.7620000000000016,0.7420000000000014,0.7610000000000016,1.000000000000002,790953700.0,597048663.0,腾讯日K,2026-08-07T17:30:13,20260926T093659
512690,鹏华酒ETF,SSE,2022-04-28,0.76,0.78,0.755,0.778,0.7600000000000017,0.7800000000000018,0.7550000000000017,0.7780000000000017,1.0000000000000022,1011564400.0,781615673.0,腾讯日K,2026-08-07T17:30:13,20260926T093659
512690,鹏华酒ETF,SSE,2022-04-29,0.79,0.796,0.767,0.784,0.7900000000000018,0.7960000000000018,0.7670000000000017,0.7840000000000017,1.0000000000000022,705874200.0,551240748.0,腾讯日K,2026-08-07T17:30:13,20260926T093659
512690,鹏华酒ETF,SSE,2022-05-05,0.78,0.801,0.777,0.783,0.7800000000000018,0.8010000000000018,0.7770000000000018,0.7830000000000017,1.0000000000000022,579512800.0,457339526.0,腾讯日K,2026-08-07T17:30:13,20260926T093659
512690,鹏华酒ETF,SSE,2022-05-06,0.769,0.771,0.749,0.753,0.7690000000000019,0.7710000000000019,0.7490000000000018,0.7530000000000018,1.0000000000000024,578029900.0,436950046.0,腾讯日K,2026-08-07T17:30:13,20260926T093659
512690,鹏华酒ETF,SSE,2022-05-09,0.743,0.745,0.728,0.739,0.7430000000000018,0.7450000000000018,0.7280000000000018,0.7390000000000018,1.0000000000000024,668290400.0,491352831.0,腾讯日K,2026-08-07T17:30:13,20260926T093659
512690,鹏华酒ETF,SSE,2022-05-10,0.727,0.752,0.719,0.749,0.7270000000000018,0.7520000000000019,0.7190000000000017,0.7490000000000018,1.0000000000000024,769775200.0,570428552.0,腾讯日K,2026-08-07T17:30:13,20260926T093659
512690,鹏华酒ETF,SSE,2022-05-11,0.749,0.771,0.745,0.761,0.7490000000000018,0.7710000000000019,0.7450000000000018,0.7610000000000019,1.0000000000000024,642527400.0,489871814.0,腾讯日K,2026-08-07T17:30:13,20260926T093659
512690,鹏华酒ETF,SSE,2022-05-12,0.756,0.78,0.754,0.77,0.756000000000002,0.7800000000000021,0.754000000000002,0.770000000000002,1.0000000000000027,501128500.0,385784585.0,腾讯日K,2026-08-07T17:30:13,20260926T093659
512690,鹏华酒ETF,SSE,2022-05-13,0.772,0.779,0.761,0.767,0.7720000000000019,0.7790000000000019,0.7610000000000019,0.7670000000000019,1.0000000000000024,371149300.0,285135605.0,腾讯日K,2026-08-07T17:30:13,20260926T093659
512690,鹏华酒ETF,SSE,2022-05-16,0.773,0.775,0.755,0.761,0.7730000000000019,0.7750000000000019,0.7550000000000019,0.7610000000000019,1.0000000000000024,404836200.0,309134591.0,腾讯日K,2026-08-07T17:30:13,20260926T093659
512690,鹏华酒ETF,SSE,2022-05-17,0.765,0.77,0.758,0.769,0.765000000000002,0.770000000000002,0.758000000000002,0.769000000000002,1.0000000000000027,341105700.0,260987226.0,腾讯日K,2026-08-07T17:30:13,20260926T093659
512690,鹏华酒ETF,SSE,2022-05-18,0.769,0.769,0.751,0.761,0.769000000000002,0.769000000000002,0.751000000000002,0.761000000000002,1.0000000000000027,447569200.0,339581444.0,腾讯日K,2026-08-07T17:30:13,20260926T093659
512690,鹏华酒ETF,SSE,2022-05-19,0.747,0.754,0.746,0.751,0.7470000000000018,0.7540000000000019,0.7460000000000018,0.7510000000000019,1.0000000000000024,442269200.0,331732554.0,腾讯日K,2026-08-07T17:30:13,20260926T093659
512690,鹏华酒ETF,SSE,2022-05-20,0.755,0.787,0.755,0.784,0.7550000000000019,0.7870000000000019,0.7550000000000019,0.784000000000002,1.0000000000000024,977869500.0,759800963.0,腾讯日K,2026-08-07T17:30:13,20260926T093659
512690,鹏华酒ETF,SSE,2022-05-23,0.786,0.786,0.769,0.774,0.7860000000000021,0.7860000000000021,0.769000000000002,0.774000000000002,1.0000000000000027,610992600.0,473613691.0,腾讯日K,2026-08-07T17:30:13,20260926T093659
512690,鹏华酒ETF,SSE,2022-05-24,0.775,0.777,0.756,0.757,0.7750000000000019,0.7770000000000019,0.7560000000000019,0.7570000000000019,1.0000000000000024,601471600.0,459095619.0,腾讯日K,2026-08-07T17:30:13,20260926T093659
512690,鹏华酒ETF,SSE,2022-05-25,0.756,0.763,0.745,0.755,0.756000000000002,0.763000000000002,0.745000000000002,0.755000000000002,1.0000000000000027,827006600.0,621759135.0,腾讯日K,2026-08-07T17:30:13,20260926T093659
512690,鹏华酒ETF,SSE,2022-05-26,0.754,0.765,0.744,0.757,0.7540000000000022,0.7650000000000022,0.7440000000000021,0.7570000000000021,1.0000000000000029,759760100.0,573420975.0,腾讯日K,2026-08-07T17:30:13,20260926T093659
512690,鹏华酒ETF,SSE,2022-05-27,0.764,0.772,0.756,0.76,0.764000000000002,0.7720000000000021,0.756000000000002,0.7600000000000021,1.0000000000000027,743950900.0,569244559.0,腾讯日K,2026-08-07T17:30:13,20260926T093659
512690,鹏华酒ETF,SSE,2022-05-30,0.77,0.79,0.766,0.787,0.7700000000000022,0.7900000000000024,0.7660000000000022,0.7870000000000023,1.0000000000000029,1042773700.0,814603967.0,腾讯日K,2026-08-07T17:30:13,20260926T093659
512690,鹏华酒ETF,SSE,2022-05-31,0.782,0.816,0.781,0.811,0.7820000000000021,0.8160000000000022,0.7810000000000021,0.8110000000000023,1.0000000000000027,970040200.0,779769719.0,腾讯日K,2026-08-07T17:30:13,20260926T093659
512690,鹏华酒ETF,SSE,2022-06-01,0.812,0.816,0.801,0.808,0.8120000000000024,0.8160000000000023,0.8010000000000024,0.8080000000000024,1.0000000000000029,538131300.0,434785099.0,腾讯日K,2026-08-07T17:30:13,20260926T093659
512690,鹏华酒ETF,SSE,2022-06-02,0.802,0.81,0.8,0.802,0.8020000000000024,0.8100000000000024,0.8000000000000024,0.8020000000000024,1.0000000000000029,591225100.0,474701854.0,腾讯日K,2026-08-07T17:30:13,20260926T093659
512690,鹏华酒ETF,SSE,2022-06-06,0.804,0.816,0.788,0.815,0.8040000000000024,0.8160000000000023,0.7880000000000023,0.8150000000000024,1.0000000000000029,867765900.0,698343829.0,腾讯日K,2026-08-07T17:30:13,20260926T093659
512690,鹏华酒ETF,SSE,2022-06-07,0.815,0.835,0.81,0.826,0.8150000000000023,0.8350000000000024,0.8100000000000024,0.8260000000000023,1.0000000000000029,1141668800.0,943979710.0,腾讯日K,2026-08-07T17:30:13,20260926T093659
512690,鹏华酒ETF,SSE,2022-06-08,0.825,0.849,0.823,0.84,0.8250000000000023,0.8490000000000024,0.8230000000000023,0.8400000000000023,1.0000000000000029,963920400.0,806896880.0,腾讯日K,2026-08-07T17:30:13,20260926T093659
512690,鹏华酒ETF,SSE,2022-06-09,0.838,0.849,0.824,0.825,0.8380000000000022,0.8490000000000022,0.8240000000000022,0.8250000000000022,1.0000000000000027,566349500.0,471690293.0,腾讯日K,2026-08-07T17:30:13,20260926T093659
512690,鹏华酒ETF,SSE,2022-06-10,0.818,0.839,0.816,0.837,0.8180000000000023,0.8390000000000024,0.8160000000000023,0.8370000000000023,1.0000000000000029,586744800.0,485994772.0,腾讯日K,2026-08-07T17:30:13,20260926T093659
512690,鹏华酒ETF,SSE,2022-06-13,0.828,0.831,0.813,0.821,0.8280000000000024,0.8310000000000024,0.8130000000000023,0.8210000000000023,1.0000000000000029,657294700.0,539658675.0,腾讯日K,2026-08-07T17:30:13,20260926T093659
512690,鹏华酒ETF,SSE,2022-06-14,0.812,0.834,0.808,0.833,0.8120000000000022,0.8340000000000022,0.8080000000000022,0.8330000000000022,1.0000000000000027,579604200.0,476705205.0,腾讯日K,2026-08-07T17:30:13,20260926T093659
512690,鹏华酒ETF,SSE,2022-06-15,0.834,0.851,0.824,0.838,0.834000000000002,0.8510000000000021,0.824000000000002,0.8380000000000021,1.0000000000000024,951895200.0,798896134.0,腾讯日K,2026-08-07T17:30:13,20260926T093659
512690,鹏华酒ETF,SSE,2022-06-16,0.843,0.855,0.834,0.838,0.8430000000000021,0.8550000000000021,0.834000000000002,0.8380000000000021,1.0000000000000024,647100200.0,545692070.0,腾讯日K,2026-08-07T17:30:13,20260926T093659
512690,鹏华酒ETF,SSE,2022-06-17,0.831,0.861,0.829,0.86,0.831000000000002,0.8610000000000021,0.829000000000002,0.8600000000000021,1.0000000000000024,837824800.0,712612499.0,腾讯日K,2026-08-07T17:30:13,20260926T093659
512690,鹏华酒ETF,SSE,2022-06-20,0.863,0.886,0.853,0.875,0.8630000000000021,0.8860000000000021,0.8530000000000021,0.8750000000000021,1.0000000000000024,763608600.0,663752791.0,腾讯日K,2026-08-07T17:30:13,20260926T093659
512690,鹏华酒ETF,SSE,2022-06-21,0.87,0.886,0.864,0.87,0.8700000000000021,0.8860000000000021,0.8640000000000021,0.8700000000000022,1.0000000000000024,733397600.0,642085608.0,腾讯日K,2026-08-07T17:30:13,20260926T093659
512690,鹏华酒ETF,SSE,2022-06-22,0.873,0.875,0.855,0.857,0.8730000000000023,0.8750000000000023,0.8550000000000023,0.8570000000000022,1.0000000000000027,531756600.0,458923794.0,腾讯日K,2026-08-07T17:30:13,20260926T093659
512690,鹏华酒ETF,SSE,2022-06-23,0.858,0.87,0.852,0.866,0.8580000000000021,0.8700000000000021,0.8520000000000021,0.8660000000000021,1.0000000000000024,606095300.0,522222808.0,腾讯日K,2026-08-07T17:30:13,20260926T093659
512690,鹏华酒ETF,SSE,2022-06-24,0.868,0.886,0.864,0.882,0.8680000000000021,0.8860000000000021,0.8640000000000021,0.8820000000000021,1.0000000000000024,783596400.0,687596541.0,腾讯日K,2026-08-07T17:30:13,20260926T093659
512690,鹏华酒ETF,SSE,2022-06-27,0.888,0.911,0.887,0.901,0.8880000000000022,0.9110000000000023,0.8870000000000022,0.9010000000000021,1.0000000000000024,777029300.0,701152024.0,腾讯日K,2026-08-07T17:30:13,20260926T093659
512690,鹏华酒ETF,SSE,2022-06-28,0.902,0.909,0.893,0.908,0.9020000000000025,0.9090000000000025,0.8930000000000023,0.9080000000000024,1.0000000000000027,529334100.0,477936707.0,腾讯日K,2026-08-07T17:30:13,20260926T093659
512690,鹏华酒ETF,SSE,2022-06-29,0.904,0.913,0.892,0.897,0.9040000000000022,0.9130000000000023,0.8920000000000022,0.8970000000000022,1.0000000000000024,777046700.0,699237567.0,腾讯日K,2026-08-07T17:30:13,20260926T093659
512690,鹏华酒ETF,SSE,2022-06-30,0.901,0.944,0.899,0.933,0.9010000000000022,0.9440000000000023,0.8990000000000022,0.9330000000000023,1.0000000000000024,1016811500.0,944209646.0,腾讯日K,2026-08-07T17:30:13,20260926T093659
512690,鹏华酒ETF,SSE,2022-07-01,0.934,0.938,0.913,0.926,0.9340000000000024,0.9380000000000023,0.9130000000000023,0.9260000000000023,1.0000000000000024,839274500.0,773276758.0,腾讯日K,2026-08-07T17:30:13,20260926T093659
512690,鹏华酒ETF,SSE,2022-07-04,0.919,0.924,0.906,0.922,0.919000000000002,0.924000000000002,0.906000000000002,0.9220000000000022,1.0000000000000022,679133700.0,623273457.0,腾讯日K,2026-08-07T17:30:13,20260926T093659
512690,鹏华酒ETF,SSE,2022-07-05,0.922,0.931,0.902,0.913,0.922000000000002,0.9310000000000022,0.902000000000002,0.913000000000002,1.0000000000000022,797940900.0,729053869.0,腾讯日K,2026-08-07T17:30:13,20260926T093659
512690,鹏华酒ETF,SSE,2022-07-06,0.908,0.911,0.88,0.888,0.908000000000002,0.911000000000002,0.880000000000002,0.888000000000002,1.0000000000000022,1025737900.0,915572196.0,腾讯日K,2026-08-07T17:30:13,20260926T093659
512690,鹏华酒ETF,SSE,2022-07-07,0.885,0.892,0.871,0.887,0.885000000000002,0.892000000000002,0.8710000000000019,0.887000000000002,1.0000000000000022,763849200.0,674359047.0,腾讯日K,2026-08-07T17:30:13,20260926T093659
512690,鹏华酒ETF,SSE,2022-07-08,0.892,0.902,0.885,0.891,0.892000000000002,0.902000000000002,0.885000000000002,0.8910000000000019,1.0000000000000022,692259100.0,618941784.0,腾讯日K,2026-08-07T17:30:13,20260926T093659
512690,鹏华酒ETF,SSE,2022-07-11,0.881,0.883,0.862,0.871,0.881000000000002,0.883000000000002,0.8620000000000019,0.8710000000000019,1.0000000000000022,742441300.0,645681661.0,腾讯日K,2026-08-07T17:30:13,20260926T093659
512690,鹏华酒ETF,SSE,2022-07-12,0.867,0.878,0.856,0.863,0.8670000000000019,0.878000000000002,0.8560000000000019,0.8630000000000019,1.0000000000000022,740422200.0,640521620.0,腾讯日K,2026-08-07T17:30:13,20260926T093659
512690,鹏华酒ETF,SSE,2022-07-13,0.864,0.875,0.86,0.87,0.8640000000000019,0.875000000000002,0.8600000000000019,0.8700000000000019,1.0000000000000022,640645400.0,557283863.0,腾讯日K,2026-08-07T17:30:13,20260926T093659
512690,鹏华酒ETF,SSE,2022-07-14,0.866,0.873,0.857,0.863,0.8660000000000019,0.8730000000000019,0.8570000000000019,0.8630000000000019,1.0000000000000022,712097400.0,616493413.0,腾讯日K,2026-08-07T17:30:13,20260926T093659
512690,鹏华酒ETF,SSE,2022-07-15,0.861,0.888,0.857,0.866,0.8610000000000019,0.888000000000002,0.8570000000000019,0.8660000000000019,1.0000000000000022,996519900.0,871705677.0,腾讯日K,2026-08-07T17:30:13,20260926T093659
512690,鹏华酒ETF,SSE,2022-07-18,0.862,0.867,0.841,0.861,0.8620000000000018,0.8670000000000018,0.8410000000000016,0.8610000000000018,1.000000000000002,830693600.0,709575898.0,腾讯日K,2026-08-07T17:30:13,20260926T093659
512690,鹏华酒ETF,SSE,2022-07-19,0.858,0.865,0.851,0.862,0.8580000000000017,0.8650000000000018,0.8510000000000016,0.8620000000000018,1.000000000000002,611863200.0,524844180.0,腾讯日K,2026-08-07T17:30:13,20260926T093659
512690,鹏华酒ETF,SSE,2022-07-20,0.865,0.874,0.864,0.868,0.8650000000000018,0.8740000000000018,0.8640000000000018,0.8680000000000018,1.000000000000002,767947800.0,667043552.0,腾讯日K,2026-08-07T17:30:13,20260926T093659
512690,鹏华酒ETF,SSE,2022-07-21,0.862,0.87,0.856,0.857,0.8620000000000019,0.8700000000000019,0.8560000000000019,0.8570000000000019,1.0000000000000022,533276700.0,460162997.0,腾讯日K,2026-08-07T17:30:13,20260926T093659
512690,鹏华酒ETF,SSE,2022-07-22,0.864,0.867,0.849,0.853,0.8640000000000018,0.8670000000000018,0.8490000000000016,0.8530000000000018,1.000000000000002,540764300.0,463727406.0,腾讯日K,2026-08-07T17:30:13,20260926T093659
512690,鹏华酒ETF,SSE,2022-07-25,0.852,0.865,0.844,0.863,0.8520000000000016,0.8650000000000018,0.8440000000000016,0.8630000000000018,1.000000000000002,623644300.0,534316402.0,腾讯日K,2026-08-07T17:30:13,20260926T093659
512690,鹏华酒ETF,SSE,2022-07-26,0.864,0.88,0.863,0.871,0.8640000000000018,0.8800000000000018,0.8630000000000018,0.8710000000000018,1.000000000000002,666671200.0,582135320.0,腾讯日K,2026-08-07T17:30:13,20260926T093659
512690,鹏华酒ETF,SSE,2022-07-27,0.868,0.868,0.855,0.856,0.8680000000000018,0.8680000000000018,0.8550000000000016,0.8560000000000018,1.000000000000002,596297500.0,513140350.0,腾讯日K,2026-08-07T17:30:13,20260926T093659
512690,鹏华酒ETF,SSE,2022-07-28,0.859,0.866,0.852,0.854,0.8590000000000017,0.8660000000000018,0.8520000000000016,0.8540000000000018,1.000000000000002,586434500.0,503147807.0,腾讯日K,2026-08-07T17:30:13,20260926T093659
512690,鹏华酒ETF,SSE,2022-07-29,0.85,0.851,0.821,0.825,0.8500000000000016,0.8510000000000016,0.8210000000000016,0.8250000000000016,1.000000000000002,1068250200.0,890527484.0,腾讯日K,2026-08-07T17:30:13,20260926T093659
512690,鹏华酒ETF,SSE,2022-08-01,0.824,0.845,0.824,0.838,0.8240000000000017,0.8450000000000019,0.8240000000000017,0.8380000000000019,1.0000000000000022,811195700.0,679742378.0,腾讯日K,2026-08-07T17:30:13,20260926T093659
512690,鹏华酒ETF,SSE,2022-08-02,0.829,0.839,0.821,0.826,0.8290000000000018,0.8390000000000019,0.8210000000000017,0.8260000000000017,1.0000000000000022,627895300.0,520322756.0,腾讯日K,2026-08-07T17:30:13,20260926T093659
512690,鹏华酒ETF,SSE,2022-08-03,0.83,0.838,0.822,0.825,0.8300000000000018,0.8380000000000019,0.8220000000000017,0.8250000000000017,1.0000000000000022,517565100.0,428980379.0,腾讯日K,2026-08-07T17:30:13,20260926T093659
512690,鹏华酒ETF,SSE,2022-08-04,0.828,0.842,0.824,0.841,0.8280000000000018,0.8420000000000019,0.8240000000000017,0.8410000000000019,1.0000000000000022,596311200.0,496887602.0,腾讯日K,2026-08-07T17:30:13,20260926T093659
512690,鹏华酒ETF,SSE,2022-08-05,0.841,0.847,0.834,0.844,0.8410000000000019,0.8470000000000019,0.8340000000000019,0.8440000000000019,1.0000000000000022,587786200.0,493704985.0,腾讯日K,2026-08-07T17:30:13,20260926T093659
512690,鹏华酒ETF,SSE,2022-08-08,0.839,0.849,0.835,0.839,0.8390000000000019,0.8490000000000019,0.8350000000000019,0.8390000000000017,1.0000000000000022,467124700.0,392817351.0,腾讯日K,2026-08-07T17:30:13,20260926T093659
512690,鹏华酒ETF,SSE,2022-08-09,0.836,0.84,0.831,0.838,0.8360000000000019,0.8400000000000019,0.8310000000000018,0.8380000000000019,1.0000000000000022,375350300.0,313514309.0,腾讯日K,2026-08-07T17:30:13,20260926T093659
512690,鹏华酒ETF,SSE,2022-08-10,0.837,0.843,0.821,0.825,0.8370000000000019,0.8430000000000019,0.8210000000000017,0.8250000000000017,1.0000000000000022,727995900.0,603186383.0,腾讯日K,2026-08-07T17:30:13,20260926T093659
512690,鹏华酒ETF,SSE,2022-08-11,0.829,0.84,0.826,0.84,0.8290000000000018,0.8400000000000019,0.8260000000000018,0.8400000000000019,1.0000000000000022,698952100.0,582968799.0,腾讯日K,2026-08-07T17:30:13,20260926T093659
512690,鹏华酒ETF,SSE,2022-08-12,0.838,0.852,0.836,0.849,0.8380000000000019,0.8520000000000019,0.8360000000000019,0.8490000000000019,1.0000000000000022,785606300.0,663430018.0,腾讯日K,2026-08-07T17:30:13,20260926T093659
512690,鹏华酒ETF,SSE,2022-08-15,0.844,0.852,0.837,0.839,0.8440000000000021,0.8520000000000021,0.837000000000002,0.839000000000002,1.0000000000000024,635298200.0,534617455.0,腾讯日K,2026-08-07T17:30:13,20260926T093659
512690,鹏华酒ETF,SSE,2022-08-16,0.841,0.845,0.833,0.834,0.8410000000000019,0.8450000000000019,0.8330000000000019,0.8340000000000019,1.0000000000000022,523421000.0,437769040.0,腾讯日K,2026-08-07T17:30:13,20260926T093659
512690,鹏华酒ETF,SSE,2022-08-17,0.836,0.844,0.826,0.842,0.8360000000000019,0.8440000000000019,0.8260000000000018,0.8420000000000019,1.0000000000000022,590633500.0,493799129.0,腾讯日K,2026-08-07T17:30:13,20260926T093659
512690,鹏华酒ETF,SSE,2022-08-18,0.837,0.838,0.823,0.828,0.8370000000000019,0.8380000000000019,0.8230000000000017,0.8280000000000018,1.0000000000000022,966847800.0,800054015.0,腾讯日K,2026-08-07T17:30:13,20260926T093659
512690,鹏华酒ETF,SSE,2022-08-19,0.825,0.834,0.821,0.824,0.8250000000000017,0.8340000000000019,0.8210000000000017,0.8240000000000018,1.0000000000000022,533040200.0,441029463.0,腾讯日K,2026-08-07T17:30:13,20260926T093659
512690,鹏华酒ETF,SSE,2022-08-22,0.822,0.831,0.817,0.828,0.8220000000000017,0.8310000000000018,0.8170000000000017,0.8280000000000018,1.0000000000000022,517659400.0,427636195.0,腾讯日K,2026-08-07T17:30:13,20260926T093659
512690,鹏华酒ETF,SSE,2022-08-23,0.826,0.829,0.812,0.815,0.8260000000000018,0.8290000000000018,0.8120000000000018,0.8150000000000018,1.0000000000000022,795232600.0,649385503.0,腾讯日K,2026-08-07T17:30:13,20260926T093659
512690,鹏华酒ETF,SSE,2022-08-24,0.814,0.82,0.806,0.808,0.8140000000000019,0.820000000000002,0.806000000000002,0.8080000000000019,1.0000000000000024,707232800.0,574658174.0,腾讯日K,2026-08-07T17:30:13,20260926T093659
512690,鹏华酒ETF,SSE,2022-08-25,0.811,0.827,0.809,0.826,0.8110000000000018,0.8270000000000018,0.8090000000000018,0.8260000000000018,1.0000000000000022,919552300.0,753425293.0,腾讯日K,2026-08-07T17:30:13,20260926T093659
512690,鹏华酒ETF,SSE,2022-08-26,0.832,0.853,0.832,0.839,0.832000000000002,0.8530000000000021,0.832000000000002,0.839000000000002,1.0000000000000024,1122497500.0,946000757.0,腾讯日K,2026-08-07T17:30:13,20260926T093659
512690,鹏华酒ETF,SSE,2022-08-29,0.835,0.846,0.826,0.827,0.8350000000000019,0.8460000000000019,0.8260000000000018,0.8270000000000018,1.0000000000000022,691912100.0,575570805.0,腾讯日K,2026-08-07T17:30:13,20260926T093659
512690,鹏华酒ETF,SSE,2022-08-30,0.827,0.828,0.815,0.823,0.8270000000000018,0.8280000000000018,0.8150000000000017,0.8230000000000018,1.0000000000000022,640745900.0,525735585.0,腾讯日K,2026-08-07T17:30:13,20260926T093659
512690,鹏华酒ETF,SSE,2022-08-31,0.82,0.845,0.818,0.841,0.8200000000000017,0.8450000000000019,0.8180000000000017,0.8410000000000019,1.0000000000000022,1000078100.0,837284568.0,腾讯日K,2026-08-07T17:30:13,20260926T093659
512690,鹏华酒ETF,SSE,2022-09-01,0.838,0.838,0.826,0.826,0.8380000000000019,0.8380000000000019,0.8260000000000018,0.8260000000000017,1.0000000000000022,806358300.0,670006153.0,腾讯日K,2026-08-07T17:30:13,20260926T093659
512690,鹏华酒ETF,SSE,2022-09-02,0.827,0.829,0.808,0.813,0.8270000000000018,0.8290000000000018,0.8080000000000018,0.8130000000000017,1.0000000000000022,982291400.0,799817460.0,腾讯日K,2026-08-07T17:30:13,20260926T093659
512690,鹏华酒ETF,SSE,2022-09-05,0.808,0.808,0.788,0.795,0.8080000000000018,0.8080000000000018,0.7880000000000018,0.7950000000000018,1.0000000000000022,1076103100.0,854390229.0,腾讯日K,2026-08-07T17:30:13,20260926T093659
512690,鹏华酒ETF,SSE,2022-09-06,0.796,0.802,0.79,0.8,0.7960000000000018,0.8020000000000018,0.7900000000000018,0.8000000000000018,1.0000000000000022,634240000.0,505082118.0,腾讯日K,2026-08-07T17:30:13,20260926T093659
512690,鹏华酒ETF,SSE,2022-09-07,0.797,0.797,0.787,0.79,0.797000000000002,0.797000000000002,0.7870000000000019,0.7900000000000019,1.0000000000000024,737419900.0,582630853.0,腾讯日K,2026-08-07T17:30:13,20260926T093659
512690,鹏华酒ETF,SSE,2022-09-08,0.791,0.802,0.791,0.792,0.7910000000000018,0.8020000000000018,0.7910000000000018,0.7920000000000018,1.0000000000000022,611733000.0,486916935.0,腾讯日K,2026-08-07T17:30:13,20260926T093659
512690,鹏华酒ETF,SSE,2022-09-09,0.793,0.802,0.788,0.801,0.7930000000000019,0.802000000000002,0.7880000000000019,0.8010000000000019,1.0000000000000024,660382000.0,527352870.0,腾讯日K,2026-08-07T17:30:13,20260926T093659
512690,鹏华酒ETF,SSE,2022-09-13,0.807,0.817,0.8,0.812,0.807000000000002,0.817000000000002,0.800000000000002,0.812000000000002,1.0000000000000024,784806600.0,636351347.0,腾讯日K,2026-08-07T17:30:13,20260926T093659
512690,鹏华酒ETF,SSE,2022-09-14,0.802,0.809,0.801,0.804,0.802000000000002,0.809000000000002,0.801000000000002,0.804000000000002,1.0000000000000024,451995200.0,363809847.0,腾讯日K,2026-08-07T17:30:13,20260926T093659
512690,鹏华酒ETF,SSE,2022-09-15,0.805,0.817,0.803,0.809,0.805000000000002,0.817000000000002,0.803000000000002,0.809000000000002,1.0000000000000024,621588500.0,504311923.0,腾讯日K,2026-08-07T17:30:13,20260926T093659
512690,鹏华酒ETF,SSE,2022-09-16,0.806,0.812,0.791,0.792,0.806000000000002,0.812000000000002,0.7910000000000019,0.7920000000000019,1.0000000000000024,554436500.0,442174519.0,腾讯日K,2026-08-07T17:30:13,20260926T093659
512690,鹏华酒ETF,SSE,2022-09-19,0.79,0.811,0.783,0.8,0.7900000000000021,0.8110000000000022,0.7830000000000021,0.8000000000000022,1.0000000000000027,505084600.0,403364380.0,腾讯日K,2026-08-07T17:30:13,20260926T093659
512690,鹏华酒ETF,SSE,2022-09-20,0.802,0.813,0.795,0.811,0.802000000000002,0.8130000000000019,0.7950000000000019,0.811000000000002,1.0000000000000024,581108400.0,469282183.0,腾讯日K,2026-08-07T17:30:13,20260926T093659
512690,鹏华酒ETF,SSE,2022-09-21,0.808,0.816,0.801,0.803,0.808000000000002,0.816000000000002,0.801000000000002,0.803000000000002,1.0000000000000024,443330300.0,357616322.0,腾讯日K,2026-08-07T17:30:13,20260926T093659
512690,鹏华酒ETF,SSE,2022-09-22,0.799,0.802,0.791,0.791,0.799000000000002,0.802000000000002,0.7910000000000019,0.791000000000002,1.0000000000000024,447422900.0,355458544.0,腾讯日K,2026-08-07T17:30:13,20260926T093659
512690,鹏华酒ETF,SSE,2022-09-23,0.79,0.803,0.79,0.796,0.7900000000000019,0.803000000000002,0.7900000000000019,0.7960000000000019,1.0000000000000024,515814900.0,411088274.0,腾讯日K,2026-08-07T17:30:13,20260926T093659
512690,鹏华酒ETF,SSE,2022-09-26,0.79,0.816,0.788,0.809,0.7900000000000019,0.816000000000002,0.7880000000000019,0.8090000000000019,1.0000000000000024,751193800.0,607859035.0,腾讯日K,2026-08-07T17:30:13,20260926T093659
512690,鹏华酒ETF,SSE,2022-09-27,0.812,0.838,0.803,0.838,0.8120000000000018,0.8380000000000019,0.8030000000000018,0.8380000000000019,1.0000000000000022,770627600.0,634828423.0,腾讯日K,2026-08-07T17:30:13,20260926T093659
512690,鹏华酒ETF,SSE,2022-09-28,0.835,0.845,0.829,0.83,0.8350000000000019,0.8450000000000019,0.8290000000000018,0.8300000000000018,1.0000000000000022,596740100.0,498892662.0,腾讯日K,2026-08-07T17:30:13,20260926T093659
512690,鹏华酒ETF,SSE,2022-09-29,0.839,0.841,0.822,0.828,0.8390000000000019,0.8410000000000019,0.8220000000000017,0.8280000000000018,1.0000000000000022,591998100.0,492081129.0,腾讯日K,2026-08-07T17:30:13,20260926T093659
512690,鹏华酒ETF,SSE,2022-09-30,0.833,0.841,0.824,0.825,0.8330000000000019,0.8410000000000019,0.8240000000000017,0.8250000000000017,1.0000000000000022,515211900.0,428029136.0,腾讯日K,2026-08-07T17:30:13,20260926T093659
512690,鹏华酒ETF,SSE,2022-10-10,0.825,0.826,0.778,0.779,0.8250000000000017,0.8260000000000018,0.7780000000000018,0.7790000000000018,1.0000000000000022,759208900.0,605861967.0,腾讯日K,2026-08-07T17:30:13,20260926T093659
512690,鹏华酒ETF,SSE,2022-10-11,0.779,0.786,0.763,0.784,0.7790000000000018,0.7860000000000018,0.7630000000000017,0.7840000000000018,1.0000000000000022,515691600.0,400259683.0,腾讯日K,2026-08-07T17:30:13,20260926T093659
512690,鹏华酒ETF,SSE,2022-10-12,0.783,0.783,0.753,0.778,0.7830000000000018,0.7830000000000018,0.7530000000000017,0.7780000000000018,1.0000000000000022,740312400.0,566864408.0,腾讯日K,2026-08-07T17:30:13,20260926T093659
512690,鹏华酒ETF,SSE,2022-10-13,0.77,0.776,0.761,0.765,0.7700000000000017,0.7760000000000018,0.7610000000000017,0.7650000000000018,1.0000000000000022,539780000.0,414415710.0,腾讯日K,2026-08-07T17:30:13,20260926T093659
512690,鹏华酒ETF,SSE,2022-10-14,0.77,0.787,0.766,0.783,0.7700000000000017,0.7870000000000018,0.7660000000000017,0.7830000000000017,1.0000000000000022,732401800.0,570968108.0,腾讯日K,2026-08-07T17:30:13,20260926T093659
512690,鹏华酒ETF,SSE,2022-10-17,0.777,0.779,0.763,0.771,0.7770000000000018,0.7790000000000018,0.7630000000000017,0.7710000000000017,1.0000000000000022,609405300.0,468645281.0,腾讯日K,2026-08-07T17:30:13,20260926T093659
512690,鹏华酒ETF,SSE,2022-10-18,0.775,0.78,0.764,0.767,0.7750000000000016,0.7800000000000016,0.7640000000000016,0.7670000000000016,1.000000000000002,708805800.0,545431278.0,腾讯日K,2026-08-07T17:30:13,20260926T093659
512690,鹏华酒ETF,SSE,2022-10-19,0.763,0.764,0.74,0.742,0.7630000000000016,0.7640000000000016,0.7400000000000014,0.7420000000000015,1.000000000000002,1042540900.0,780284864.0,腾讯日K,2026-08-07T17:30:13,20260926T093659
512690,鹏华酒ETF,SSE,2022-10-20,0.734,0.758,0.73,0.749,0.7340000000000017,0.7580000000000017,0.7300000000000016,0.7490000000000017,1.0000000000000022,819565000.0,610621898.0,腾讯日K,2026-08-07T17:30:13,20260926T093659
512690,鹏华酒ETF,SSE,2022-10-21,0.746,0.747,0.733,0.737,0.7460000000000017,0.7470000000000017,0.7330000000000017,0.7370000000000017,1.0000000000000022,583757300.0,432042081.0,腾讯日K,2026-08-07T17:30:13,20260926T093659
512690,鹏华酒ETF,SSE,2022-10-24,0.727,0.729,0.691,0.695,0.7270000000000014,0.7290000000000014,0.6910000000000013,0.6950000000000014,1.000000000000002,1668343200.0,1175585727.0,腾讯日K,2026-08-07T17:30:13,20260926T093659
512690,鹏华酒ETF,SSE,2022-10-25,0.684,0.703,0.682,0.692,0.6840000000000014,0.7030000000000014,0.6820000000000014,0.6920000000000014,1.000000000000002,866556700.0,599910605.0,腾讯日K,2026-08-07T17:30:13,20260926T093659
512690,鹏华酒ETF,SSE,2022-10-26,0.695,0.708,0.691,0.695,0.6950000000000014,0.7080000000000014,0.6910000000000013,0.6950000000000014,1.000000000000002,855834900.0,596586805.0,腾讯日K,2026-08-07T17:30:13,20260926T093659
512690,鹏华酒ETF,SSE,2022-10-27,0.697,0.699,0.662,0.664,0.6970000000000015,0.6990000000000015,0.6620000000000015,0.6640000000000015,1.0000000000000022,1338249200.0,905839217.0,腾讯日K,2026-08-07T17:30:13,20260926T093659
512690,鹏华酒ETF,SSE,2022-10-28,0.661,0.673,0.655,0.658,0.6610000000000015,0.6730000000000015,0.6550000000000015,0.6580000000000015,1.0000000000000022,974058300.0,646820170.0,腾讯日K,2026-08-07T17:30:13,20260926T093659
512690,鹏华酒ETF,SSE,2022-10-31,0.651,0.66,0.641,0.65,0.6510000000000015,0.6600000000000015,0.6410000000000015,0.6500000000000015,1.0000000000000022,859472300.0,559501463.0,腾讯日K,2026-08-07T17:30:13,20260926T093659
512690,鹏华酒ETF,SSE,2022-11-01,0.655,0.695,0.655,0.694,0.6550000000000014,0.6950000000000014,0.6550000000000014,0.6940000000000014,1.000000000000002,1666937900.0,1126833391.0,腾讯日K,2026-08-07T17:30:13,20260926T093659
512690,鹏华酒ETF,SSE,2022-11-02,0.69,0.724,0.685,0.709,0.6900000000000013,0.7240000000000014,0.6850000000000014,0.7090000000000014,1.000000000000002,1429319400.0,1007723706.0,腾讯日K,2026-08-07T17:30:13,20260926T093659
512690,鹏华酒ETF,SSE,2022-11-03,0.698,0.705,0.695,0.702,0.6980000000000014,0.7050000000000014,0.6950000000000014,0.7020000000000014,1.000000000000002,586298600.0,410089155.0,腾讯日K,2026-08-07T17:30:13,20260926T093659
512690,鹏华酒ETF,SSE,2022-11-04,0.7,0.745,0.698,0.736,0.7000000000000015,0.7450000000000017,0.6980000000000015,0.7360000000000015,1.0000000000000022,1319208600.0,963334410.0,腾讯日K,2026-08-07T17:30:13,20260926T093659
512690,鹏华酒ETF,SSE,2022-11-07,0.728,0.743,0.723,0.74,0.7280000000000014,0.7430000000000014,0.7230000000000014,0.7400000000000014,1.000000000000002,834851400.0,613675224.0,腾讯日K,2026-08-07T17:30:13,20260926T093659
512690,鹏华酒ETF,SSE,2022-11-08,0.738,0.745,0.721,0.728,0.7380000000000013,0.7450000000000013,0.7210000000000013,0.7280000000000013,1.0000000000000018,576079200.0,420274893.0,腾讯日K,2026-08-07T17:30:13,20260926T093659
512690,鹏华酒ETF,SSE,2022-11-09,0.728,0.733,0.714,0.716,0.7280000000000013,0.7330000000000013,0.7140000000000012,0.7160000000000013,1.0000000000000018,664935300.0,478327157.0,腾讯日K,2026-08-07T17:30:13,20260926T093659
512690,鹏华酒ETF,SSE,2022-11-10,0.711,0.729,0.71,0.727,0.7110000000000012,0.7290000000000013,0.7100000000000012,0.7270000000000012,1.0000000000000018,699511300.0,504992473.0,腾讯日K,2026-08-07T17:30:13,20260926T093659
512690,鹏华酒ETF,SSE,2022-11-11,0.75,0.755,0.733,0.746,0.7500000000000013,0.7550000000000013,0.7330000000000013,0.7460000000000013,1.0000000000000018,1004118300.0,746267758.0,腾讯日K,2026-08-07T17:30:13,20260926T093659
512690,鹏华酒ETF,SSE,2022-11-14,0.749,0.763,0.736,0.739,0.7490000000000013,0.7630000000000013,0.7360000000000013,0.7390000000000013,1.0000000000000018,852098600.0,636273880.0,腾讯日K,2026-08-07T17:30:13,20260926T093659
512690,鹏华酒ETF,SSE,2022-11-15,0.738,0.766,0.733,0.758,0.7380000000000013,0.7660000000000013,0.7330000000000013,0.7580000000000013,1.0000000000000018,1006917500.0,758456086.0,腾讯日K,2026-08-07T17:30:13,20260926T093659
512690,鹏华酒ETF,SSE,2022-11-16,0.755,0.77,0.751,0.76,0.7550000000000013,0.7700000000000014,0.7510000000000013,0.7600000000000013,1.0000000000000018,605771200.0,461262537.0,腾讯日K,2026-08-07T17:30:13,20260926T093659
512690,鹏华酒ETF,SSE,2022-11-17,0.758,0.765,0.744,0.753,0.7580000000000013,0.7650000000000013,0.7440000000000013,0.7530000000000013,1.0000000000000018,608440300.0,457141216.0,腾讯日K,2026-08-07T17:30:13,20260926T093659
512690,鹏华酒ETF,SSE,2022-11-18,0.755,0.763,0.75,0.753,0.7550000000000013,0.7630000000000013,0.7500000000000013,0.7530000000000013,1.0000000000000018,574673100.0,434024864.0,腾讯日K,2026-08-07T17:30:13,20260926T093659
512690,鹏华酒ETF,SSE,2022-11-21,0.744,0.744,0.727,0.734,0.7440000000000011,0.7440000000000011,0.7270000000000011,0.7340000000000012,1.0000000000000016,608514300.0,445441715.0,腾讯日K,2026-08-07T17:30:13,20260926T093659
512690,鹏华酒ETF,SSE,2022-11-22,0.733,0.749,0.731,0.736,0.7330000000000011,0.7490000000000011,0.7310000000000011,0.7360000000000012,1.0000000000000016,582063700.0,429567561.0,腾讯日K,2026-08-07T17:30:13,20260926T093659
512690,鹏华酒ETF,SSE,2022-11-23,0.733,0.739,0.73,0.732,0.7330000000000011,0.7390000000000011,0.7300000000000011,0.7320000000000011,1.0000000000000016,495103100.0,362968555.0,腾讯日K,2026-08-07T17:30:13,20260926T093659
512690,鹏华酒ETF,SSE,2022-11-24,0.735,0.741,0.72,0.725,0.7350000000000011,0.7410000000000011,0.7200000000000011,0.7250000000000011,1.0000000000000016,576326000.0,418408604.0,腾讯日K,2026-08-07T17:30:13,20260926T093659
512690,鹏华酒ETF,SSE,2022-11-25,0.725,0.728,0.716,0.724,0.7250000000000013,0.7280000000000013,0.7160000000000012,0.7240000000000012,1.0000000000000018,615787500.0,444014986.0,腾讯日K,2026-08-07T17:30:13,20260926T093659
512690,鹏华酒ETF,SSE,2022-11-28,0.709,0.726,0.697,0.724,0.7090000000000012,0.7260000000000013,0.6970000000000012,0.7240000000000012,1.0000000000000018,775099600.0,549818147.0,腾讯日K,2026-08-07T17:30:13,20260926T093659
512690,鹏华酒ETF,SSE,2022-11-29,0.735,0.759,0.734,0.758,0.7350000000000011,0.7590000000000012,0.7340000000000011,0.7580000000000012,1.0000000000000016,1198337000.0,894725168.0,腾讯日K,2026-08-07T17:30:13,20260926T093659
512690,鹏华酒ETF,SSE,2022-11-30,0.752,0.763,0.748,0.754,0.7520000000000013,0.7630000000000013,0.7480000000000013,0.7540000000000013,1.0000000000000018,522060500.0,393695094.0,腾讯日K,2026-08-07T17:30:13,20260926T093659
512690,鹏华酒ETF,SSE,2022-12-01,0.78,0.799,0.777,0.778,0.7800000000000014,0.7990000000000015,0.7770000000000014,0.7780000000000014,1.0000000000000018,1432083200.0,1125444001.0,腾讯日K,2026-08-07T17:30:13,20260926T093659
512690,鹏华酒ETF,SSE,2022-12-02,0.779,0.792,0.774,0.78,0.7790000000000014,0.7920000000000015,0.7740000000000014,0.7800000000000014,1.0000000000000018,617850600.0,483114095.0,腾讯日K,2026-08-07T17:30:13,20260926T093659
512690,鹏华酒ETF,SSE,2022-12-05,0.795,0.8,0.788,0.795,0.7950000000000015,0.8000000000000015,0.7880000000000015,0.7950000000000014,1.0000000000000018,646628100.0,513904156.0,腾讯日K,2026-08-07T17:30:13,20260926T093659
512690,鹏华酒ETF,SSE,2022-12-06,0.79,0.837,0.788,0.818,0.7900000000000013,0.8370000000000013,0.7880000000000013,0.8180000000000013,1.0000000000000016,1063721500.0,872629998.0,腾讯日K,2026-08-07T17:30:13,20260926T093659
512690,鹏华酒ETF,SSE,2022-12-07,0.815,0.834,0.807,0.817,0.8150000000000014,0.8340000000000014,0.8070000000000015,0.8170000000000014,1.0000000000000018,811983400.0,664747033.0,腾讯日K,2026-08-07T17:30:13,20260926T093659
512690,鹏华酒ETF,SSE,2022-12-08,0.815,0.827,0.808,0.822,0.8150000000000014,0.8270000000000014,0.8080000000000015,0.8220000000000014,1.0000000000000018,586785100.0,480046364.0,腾讯日K,2026-08-07T17:30:13,20260926T093659
512690,鹏华酒ETF,SSE,2022-12-09,0.821,0.85,0.815,0.85,0.8210000000000014,0.8500000000000015,0.8150000000000014,0.8500000000000014,1.0000000000000018,963745300.0,805161045.0,腾讯日K,2026-08-07T17:30:13,20260926T093659
512690,鹏华酒ETF,SSE,2022-12-12,0.845,0.855,0.833,0.835,0.8450000000000015,0.8550000000000015,0.8330000000000014,0.8350000000000014,1.0000000000000018,641467800.0,540579419.0,腾讯日K,2026-08-07T17:30:13,20260926T093659
512690,鹏华酒ETF,SSE,2022-12-13,0.835,0.85,0.826,0.844,0.8350000000000014,0.8500000000000015,0.8260000000000014,0.8440000000000015,1.0000000000000018,683625800.0,575006011.0,腾讯日K,2026-08-07T17:30:13,20260926T093659
512690,鹏华酒ETF,SSE,2022-12-14,0.838,0.875,0.838,0.868,0.8380000000000016,0.8750000000000018,0.8380000000000016,0.8680000000000017,1.000000000000002,873200600.0,752775925.0,腾讯日K,2026-08-07T17:30:13,20260926T093659
512690,鹏华酒ETF,SSE,2022-12-15,0.875,0.882,0.856,0.859,0.8750000000000016,0.8820000000000016,0.8560000000000015,0.8590000000000015,1.0000000000000018,736572300.0,636691949.0,腾讯日K,2026-08-07T17:30:13,20260926T093659
512690,鹏华酒ETF,SSE,2022-12-16,0.853,0.868,0.85,0.863,0.8530000000000016,0.8680000000000018,0.8500000000000016,0.8630000000000017,1.000000000000002,505213700.0,434518140.0,腾讯日K,2026-08-07T17:30:13,20260926T093659
512690,鹏华酒ETF,SSE,2022-12-19,0.865,0.872,0.848,0.852,0.8650000000000015,0.8720000000000016,0.8480000000000015,0.8520000000000015,1.0000000000000018,737472600.0,631587595.0,腾讯日K,2026-08-07T17:30:13,20260926T093659
512690,鹏华酒ETF,SSE,2022-12-20,0.85,0.85,0.81,0.82,0.8500000000000015,0.8500000000000015,0.8100000000000015,0.8200000000000014,1.0000000000000018,822789300.0,679161572.0,腾讯日K,2026-08-07T17:30:13,20260926T093659
512690,鹏华酒ETF,SSE,2022-12-21,0.822,0.836,0.822,0.83,0.8220000000000014,0.8360000000000014,0.8220000000000014,0.8300000000000015,1.0000000000000018,495571700.0,411525961.0,腾讯日K,2026-08-07T17:30:13,20260926T093659
512690,鹏华酒ETF,SSE,2022-12-22,0.836,0.865,0.834,0.852,0.8360000000000014,0.8650000000000015,0.8340000000000014,0.8520000000000015,1.0000000000000018,759220700.0,646635072.0,腾讯日K,2026-08-07T17:30:13,20260926T093659
512690,鹏华酒ETF,SSE,2022-12-23,0.845,0.868,0.84,0.857,0.8450000000000015,0.8680000000000015,0.8400000000000014,0.8570000000000015,1.0000000000000018,635004000.0,544247617.0,腾讯日K,2026-08-07T17:30:13,20260926T093659
512690,鹏华酒ETF,SSE,2022-12-26,0.856,0.859,0.842,0.845,0.8560000000000015,0.8590000000000015,0.8420000000000014,0.8450000000000015,1.0000000000000018,603271000.0,513138593.0,腾讯日K,2026-08-07T17:30:13,20260926T093659
512690,鹏华酒ETF,SSE,2022-12-27,0.856,0.866,0.846,0.861,0.8560000000000016,0.8660000000000018,0.8460000000000016,0.8610000000000017,1.000000000000002,667771500.0,573523975.0,腾讯日K,2026-08-07T17:30:13,20260926T093659
512690,鹏华酒ETF,SSE,2022-12-28,0.856,0.86,0.846,0.855,0.8560000000000016,0.8600000000000017,0.8460000000000016,0.8550000000000016,1.000000000000002,435448000.0,371291020.0,腾讯日K,2026-08-07T17:30:13,20260926T093659
512690,鹏华酒ETF,SSE,2022-12-29,0.848,0.85,0.838,0.846,0.8480000000000015,0.8500000000000015,0.8380000000000014,0.8460000000000015,1.0000000000000018,626150800.0,529357958.0,腾讯日K,2026-08-07T17:30:13,20260926T093659
512690,鹏华酒ETF,SSE,2022-12-30,0.851,0.857,0.845,0.85,0.8510000000000015,0.8570000000000015,0.8450000000000015,0.8500000000000015,1.0000000000000018,474091500.0,403426886.0,腾讯日K,2026-08-07T17:30:13,20260926T093659
512690,鹏华酒ETF,SSE,2023-01-03,0.85,0.854,0.83,0.838,0.8500000000000015,0.8540000000000015,0.8300000000000014,0.8380000000000015,1.0000000000000018,653430600.0,546899404.0,腾讯日K,2026-08-07T17:30:13,20260926T093659
512690,鹏华酒ETF,SSE,2023-01-04,0.837,0.846,0.83,0.837,0.8370000000000014,0.8460000000000015,0.8300000000000014,0.8370000000000015,1.0000000000000018,501693200.0,420545342.0,腾讯日K,2026-08-07T17:30:13,20260926T093659
512690,鹏华酒ETF,SSE,2023-01-05,0.845,0.884,0.842,0.881,0.8450000000000016,0.8840000000000018,0.8420000000000016,0.8810000000000017,1.000000000000002,1387466000.0,1210594403.0,腾讯日K,2026-08-07T17:30:13,20260926T093659
512690,鹏华酒ETF,SSE,2023-01-06,0.88,0.884,0.866,0.879,0.8800000000000016,0.8840000000000016,0.8660000000000015,0.8790000000000016,1.0000000000000018,1222836300.0,1072283385.0,腾讯日K,2026-08-07T17:30:13,20260926T093659
512690,鹏华酒ETF,SSE,2023-01-09,0.883,0.905,0.875,0.903,0.8830000000000016,0.9050000000000016,0.8750000000000016,0.9030000000000016,1.0000000000000018,877484600.0,782931000.0,腾讯日K,2026-08-07T17:30:13,20260926T093659
512690,鹏华酒ETF,SSE,2023-01-10,0.899,0.913,0.894,0.904,0.8990000000000016,0.9130000000000017,0.8940000000000016,0.9040000000000016,1.0000000000000018,990263100.0,896829399.0,腾讯日K,2026-08-07T17:30:13,20260926T093659
512690,鹏华酒ETF,SSE,2023-01-11,0.905,0.91,0.892,0.9,0.9050000000000015,0.9100000000000015,0.8920000000000013,0.9000000000000015,1.0000000000000016,774818700.0,698814206.0,腾讯日K,2026-08-07T17:30:13,20260926T093659
512690,鹏华酒ETF,SSE,2023-01-12,0.902,0.908,0.891,0.894,0.9020000000000015,0.9080000000000015,0.8910000000000013,0.8940000000000015,1.0000000000000016,462160100.0,414137779.0,腾讯日K,2026-08-07T17:30:13,20260926T093659
512690,鹏华酒ETF,SSE,2023-01-13,0.894,0.924,0.894,0.921,0.8940000000000015,0.9240000000000015,0.8940000000000015,0.9210000000000015,1.0000000000000016,789874600.0,720766078.0,腾讯日K,2026-08-07T17:30:13,20260926T093659
512690,鹏华酒ETF,SSE,2023-01-16,0.921,0.95,0.921,0.936,0.9210000000000015,0.9500000000000014,0.9210000000000015,0.9360000000000015,1.0000000000000016,867924700.0,815914499.0,腾讯日K,2026-08-07T17:30:13,20260926T093659
512690,鹏华酒ETF,SSE,2023-01-17,0.939,0.94,0.918,0.924,0.9390000000000014,0.9400000000000014,0.9180000000000015,0.9240000000000015,1.0000000000000016,757156300.0,701290931.0,腾讯日K,2026-08-07T17:30:13,20260926T093659
512690,鹏华酒ETF,SSE,2023-01-18,0.927,0.941,0.914,0.916,0.9270000000000015,0.9410000000000014,0.9140000000000015,0.9160000000000015,1.0000000000000016,695040300.0,641214677.0,腾讯日K,2026-08-07T17:30:13,20260926T093659
512690,鹏华酒ETF,SSE,2023-01-19,0.915,0.918,0.902,0.914,0.9150000000000015,0.9180000000000015,0.9020000000000015,0.9140000000000015,1.0000000000000016,634957200.0,578558065.0,腾讯日K,2026-08-07T17:30:13,20260926T093659
512690,鹏华酒ETF,SSE,2023-01-20,0.918,0.928,0.906,0.909,0.9180000000000015,0.9280000000000015,0.9060000000000015,0.9090000000000015,1.0000000000000016,547607300.0,501670155.0,腾讯日K,2026-08-07T17:30:13,20260926T093659
512690,鹏华酒ETF,SSE,2023-01-30,0.929,0.934,0.911,0.926,0.9290000000000015,0.9340000000000015,0.9110000000000015,0.9260000000000015,1.0000000000000016,826533700.0,764538456.0,腾讯日K,2026-08-07T17:30:13,20260926T093659
512690,鹏华酒ETF,SSE,2023-01-31,0.924,0.929,0.896,0.899,0.9240000000000015,0.9290000000000015,0.8960000000000015,0.8990000000000015,1.0000000000000016,695786600.0,630575293.0,腾讯日K,2026-08-07T17:30:13,20260926T093659
512690,鹏华酒ETF,SSE,2023-02-01,0.9,0.906,0.886,0.904,0.9000000000000015,0.9060000000000015,0.8860000000000013,0.9040000000000014,1.0000000000000016,901986600.0,810532501.0,腾讯日K,2026-08-07T17:30:13,20260926T093659
512690,鹏华酒ETF,SSE,2023-02-02,0.908,0.922,0.9,0.914,0.9080000000000015,0.9220000000000015,0.9000000000000015,0.9140000000000015,1.0000000000000016,615114300.0,560783465.0,腾讯日K,2026-08-07T17:30:13,20260926T093659
512690,鹏华酒ETF,SSE,2023-02-03,0.905,0.911,0.89,0.906,0.9050000000000015,0.9110000000000015,0.8900000000000013,0.9060000000000015,1.0000000000000016,809389800.0,728823821.0,腾讯日K,2026-08-07T17:30:13,20260926T093659
512690,鹏华酒ETF,SSE,2023-02-06,0.887,0.897,0.875,0.89,0.8870000000000016,0.8970000000000016,0.8750000000000016,0.8900000000000016,1.0000000000000018,1101376600.0,977164576.0,腾讯日K,2026-08-07T17:30:13,20260926T093659
512690,鹏华酒ETF,SSE,2023-02-07,0.89,0.899,0.885,0.889,0.8900000000000016,0.8990000000000016,0.8850000000000016,0.8890000000000016,1.0000000000000018,442548100.0,394000727.0,腾讯日K,2026-08-07T17:30:13,20260926T093659
512690,鹏华酒ETF,SSE,2023-02-08,0.891,0.893,0.879,0.882,0.8910000000000016,0.8930000000000016,0.8790000000000016,0.8820000000000016,1.0000000000000018,571054200.0,504977653.0,腾讯日K,2026-08-07T17:30:13,20260926T093659
512690,鹏华酒ETF,SSE,2023-02-09,0.881,0.914,0.88,0.912,0.8810000000000016,0.9140000000000017,0.8800000000000016,0.9120000000000017,1.0000000000000018,1047093000.0,950409989.0,腾讯日K,2026-08-07T17:30:13,20260926T093659
512690,鹏华酒ETF,SSE,2023-02-10,0.912,0.922,0.905,0.917,0.9120000000000017,0.9220000000000017,0.9050000000000016,0.9170000000000016,1.0000000000000018,626641100.0,573060249.0,腾讯日K,2026-08-07T17:30:13,20260926T093659
512690,鹏华酒ETF,SSE,2023-02-13,0.914,0.959,0.913,0.951,0.9140000000000017,0.9590000000000016,0.9130000000000017,0.9510000000000016,1.0000000000000018,951821100.0,900111171.0,腾讯日K,2026-08-07T17:30:13,20260926T093659
512690,鹏华酒ETF,SSE,2023-02-14,0.952,0.96,0.939,0.945,0.9520000000000016,0.9600000000000016,0.9390000000000016,0.9450000000000016,1.0000000000000018,425661900.0,402830333.0,腾讯日K,2026-08-07T17:30:13,20260926T093659
512690,鹏华酒ETF,SSE,2023-02-15,0.946,0.958,0.94,0.945,0.9460000000000016,0.9580000000000016,0.9400000000000016,0.9450000000000016,1.0000000000000018,792298800.0,749764166.0,腾讯日K,2026-08-07T17:30:13,20260926T093659
512690,鹏华酒ETF,SSE,2023-02-16,0.943,0.968,0.937,0.952,0.9430000000000014,0.9680000000000015,0.9370000000000015,0.9520000000000015,1.0000000000000016,822710000.0,785304370.0,腾讯日K,2026-08-07T17:30:13,20260926T093659
512690,鹏华酒ETF,SSE,2023-02-17,0.947,0.968,0.936,0.938,0.9470000000000014,0.9680000000000015,0.9360000000000015,0.9380000000000015,1.0000000000000016,859740700.0,819040127.0,腾讯日K,2026-08-07T17:30:13,20260926T093659
512690,鹏华酒ETF,SSE,2023-02-20,0.937,0.961,0.931,0.96,0.9370000000000015,0.9610000000000014,0.9310000000000015,0.9600000000000014,1.0000000000000016,738670500.0,700506087.0,腾讯日K,2026-08-07T17:30:13,20260926T093659
512690,鹏华酒ETF,SSE,2023-02-21,0.96,0.96,0.939,0.946,0.9600000000000014,0.9600000000000014,0.9390000000000014,0.9460000000000014,1.0000000000000016,585875200.0,554171051.0,腾讯日K,2026-08-07T17:30:13,20260926T093659
512690,鹏华酒ETF,SSE,2023-02-22,0.941,0.957,0.936,0.944,0.9410000000000014,0.9570000000000014,0.9360000000000015,0.9440000000000015,1.0000000000000016,473790300.0,448506255.0,腾讯日K,2026-08-07T17:30:13,20260926T093659
512690,鹏华酒ETF,SSE,2023-02-23,0.944,0.95,0.927,0.933,0.9440000000000014,0.9500000000000014,0.9270000000000015,0.9330000000000015,1.0000000000000016,616911100.0,576447366.0,腾讯日K,2026-08-07T17:30:13,20260926T093659
512690,鹏华酒ETF,SSE,2023-02-24,0.933,0.933,0.911,0.92,0.9330000000000015,0.9330000000000015,0.9110000000000015,0.9200000000000015,1.0000000000000016,608225100.0,559131235.0,腾讯日K,2026-08-07T17:30:13,20260926T093659
512690,鹏华酒ETF,SSE,2023-02-27,0.913,0.937,0.911,0.932,0.9130000000000013,0.9370000000000013,0.9110000000000013,0.9320000000000014,1.0000000000000013,492494200.0,456116844.0,腾讯日K,2026-08-07T17:30:13,20260926T093659
512690,鹏华酒ETF,SSE,2023-02-28,0.934,0.939,0.922,0.932,0.9340000000000013,0.9390000000000012,0.9220000000000013,0.9320000000000014,1.0000000000000013,418582300.0,389151816.0,腾讯日K,2026-08-07T17:30:13,20260926T093659
512690,鹏华酒ETF,SSE,2023-03-01,0.932,0.945,0.923,0.941,0.9320000000000013,0.9450000000000012,0.9230000000000013,0.9410000000000013,1.0000000000000013,550042800.0,515238784.0,腾讯日K,2026-08-07T17:30:13,20260926T093659
512690,鹏华酒ETF,SSE,2023-03-02,0.94,0.943,0.935,0.938,0.9400000000000012,0.9430000000000012,0.9350000000000013,0.9380000000000013,1.0000000000000013,463072500.0,434331820.0,腾讯日K,2026-08-07T17:30:13,20260926T093659
512690,鹏华酒ETF,SSE,2023-03-03,0.942,0.95,0.926,0.931,0.9420000000000014,0.9500000000000014,0.9260000000000015,0.9310000000000015,1.0000000000000016,631328100.0,590715520.0,腾讯日K,2026-08-07T17:30:13,20260926T093659
512690,鹏华酒ETF,SSE,2023-03-06,0.931,0.94,0.918,0.931,0.9310000000000015,0.9400000000000014,0.9180000000000015,0.9310000000000015,1.0000000000000016,494239200.0,459596579.0,腾讯日K,2026-08-07T17:30:13,20260926T093659
512690,鹏华酒ETF,SSE,2023-03-07,0.928,0.932,0.912,0.913,0.9280000000000015,0.9320000000000015,0.9120000000000015,0.9130000000000014,1.0000000000000016,431998600.0,398420182.0,腾讯日K,2026-08-07T17:30:13,20260926T093659
512690,鹏华酒ETF,SSE,2023-03-08,0.908,0.919,0.902,0.908,0.9080000000000015,0.9190000000000015,0.9020000000000015,0.9080000000000014,1.0000000000000016,451691900.0,410026909.0,腾讯日K,2026-08-07T17:30:13,20260926T093659
512690,鹏华酒ETF,SSE,2023-03-09,0.907,0.912,0.886,0.9,0.9070000000000015,0.9120000000000015,0.8860000000000013,0.9000000000000014,1.0000000000000016,626573900.0,563248884.0,腾讯日K,2026-08-07T17:30:13,20260926T093659
512690,鹏华酒ETF,SSE,2023-03-10,0.892,0.907,0.886,0.886,0.8920000000000013,0.9070000000000015,0.8860000000000013,0.8860000000000013,1.0000000000000016,626640700.0,559255785.0,腾讯日K,2026-08-07T17:30:13,20260926T093659
512690,鹏华酒ETF,SSE,2023-03-13,0.888,0.91,0.887,0.904,0.8880000000000012,0.9100000000000013,0.8870000000000012,0.9040000000000012,1.0000000000000013,532943700.0,481448466.0,腾讯日K,2026-08-07T17:30:13,20260926T093659
512690,鹏华酒ETF,SSE,2023-03-14,0.905,0.907,0.886,0.896,0.9050000000000012,0.9070000000000012,0.8860000000000012,0.8960000000000012,1.0000000000000013,616284600.0,552556445.0,腾讯日K,2026-08-07T17:30:13,20260926T093659
512690,鹏华酒ETF,SSE,2023-03-15,0.905,0.907,0.883,0.885,0.9050000000000015,0.9070000000000015,0.8830000000000013,0.8850000000000013,1.0000000000000016,481183200.0,429100589.0,腾讯日K,2026-08-07T17:30:13,20260926T093659
512690,鹏华酒ETF,SSE,2023-03-16,0.881,0.897,0.876,0.883,0.8810000000000013,0.8970000000000015,0.8760000000000013,0.8830000000000013,1.0000000000000016,462528900.0,409600450.0,腾讯日K,2026-08-07T17:30:13,20260926T093659
512690,鹏华酒ETF,SSE,2023-03-17,0.891,0.893,0.865,0.869,0.8910000000000013,0.8930000000000015,0.8650000000000013,0.8690000000000013,1.0000000000000016,636294000.0,558126716.0,腾讯日K,2026-08-07T17:30:13,20260926T093659
512690,鹏华酒ETF,SSE,2023-03-20,0.868,0.87,0.851,0.857,0.8680000000000013,0.8700000000000013,0.8510000000000013,0.8570000000000013,1.0000000000000016,497846100.0,427600921.0,腾讯日K,2026-08-07T17:30:13,20260926T093659
512690,鹏华酒ETF,SSE,2023-03-21,0.861,0.889,0.856,0.886,0.8610000000000013,0.8890000000000013,0.8560000000000013,0.8860000000000015,1.0000000000000016,580142300.0,508519858.0,腾讯日K,2026-08-07T17:30:13,20260926T093659
512690,鹏华酒ETF,SSE,2023-03-22,0.888,0.9,0.88,0.882,0.8880000000000013,0.9000000000000015,0.8800000000000013,0.8820000000000013,1.0000000000000016,577457400.0,514530565.0,腾讯日K,2026-08-07T17:30:13,20260926T093659
512690,鹏华酒ETF,SSE,2023-03-23,0.878,0.902,0.876,0.892,0.8780000000000013,0.9020000000000015,0.8760000000000013,0.8920000000000015,1.0000000000000016,767150500.0,685137406.0,腾讯日K,2026-08-07T17:30:13,20260926T093659
512690,鹏华酒ETF,SSE,2023-03-24,0.892,0.903,0.885,0.892,0.8920000000000013,0.9030000000000015,0.8850000000000013,0.8920000000000015,1.0000000000000016,490459600.0,438682091.0,腾讯日K,2026-08-07T17:30:13,20260926T093659
512690,鹏华酒ETF,SSE,2023-03-27,0.894,0.895,0.88,0.884,0.8940000000000015,0.8950000000000015,0.8800000000000013,0.8840000000000015,1.0000000000000016,614609200.0,544528410.0,腾讯日K,2026-08-07T17:30:13,20260926T093659
512690,鹏华酒ETF,SSE,2023-03-28,0.886,0.906,0.886,0.903,0.8860000000000013,0.9060000000000015,0.8860000000000013,0.9030000000000014,1.0000000000000016,658631300.0,592204257.0,腾讯日K,2026-08-07T17:30:13,20260926T093659
512690,鹏华酒ETF,SSE,2023-03-29,0.908,0.914,0.898,0.912,0.9080000000000015,0.9140000000000015,0.8980000000000015,0.9120000000000014,1.0000000000000016,995693400.0,905336307.0,腾讯日K,2026-08-07T17:30:13,20260926T093659
512690,鹏华酒ETF,SSE,2023-03-30,0.911,0.926,0.905,0.924,0.9110000000000013,0.9260000000000013,0.9050000000000012,0.9240000000000013,1.0000000000000013,1069976000.0,981583942.0,腾讯日K,2026-08-07T17:30:13,20260926T093659
512690,鹏华酒ETF,SSE,2023-03-31,0.927,0.939,0.919,0.92,0.9270000000000015,0.9390000000000014,0.9190000000000015,0.9200000000000014,1.0000000000000016,662571000.0,614690930.0,腾讯日K,2026-08-07T17:30:13,20260926T093659
512690,鹏华酒ETF,SSE,2023-04-03,0.919,0.926,0.908,0.918,0.9190000000000015,0.9260000000000015,0.9080000000000015,0.9180000000000014,1.0000000000000016,727099300.0,667282577.0,腾讯日K,2026-08-07T17:30:13,20260926T093659
512690,鹏华酒ETF,SSE,2023-04-04,0.917,0.927,0.908,0.925,0.9170000000000013,0.9270000000000013,0.9080000000000013,0.9250000000000014,1.0000000000000013,785947300.0,721215918.0,腾讯日K,2026-08-07T17:30:13,20260926T093659
512690,鹏华酒ETF,SSE,2023-04-06,0.919,0.924,0.901,0.904,0.9190000000000015,0.9240000000000015,0.9010000000000015,0.9040000000000014,1.0000000000000016,969626100.0,882304612.0,腾讯日K,2026-08-07T17:30:13,20260926T093659
512690,鹏华酒ETF,SSE,2023-04-07,0.902,0.912,0.894,0.9,0.9020000000000015,0.9120000000000015,0.8940000000000015,0.9000000000000014,1.0000000000000016,770786100.0,695367487.0,腾讯日K,2026-08-07T17:30:13,20260926T093659
512690,鹏华酒ETF,SSE,2023-04-10,0.895,0.895,0.863,0.885,0.8950000000000012,0.8950000000000012,0.8630000000000011,0.8850000000000012,1.0000000000000013,1158563400.0,1014492657.0,腾讯日K,2026-08-07T17:30:13,20260926T093659
512690,鹏华酒ETF,SSE,2023-04-11,0.88,0.885,0.866,0.869,0.8800000000000012,0.8850000000000012,0.8660000000000011,0.8690000000000012,1.0000000000000013,1114055600.0,972978568.0,腾讯日K,2026-08-07T17:30:13,20260926T093659
512690,鹏华酒ETF,SSE,2023-04-12,0.869,0.871,0.844,0.847,0.8690000000000011,0.8710000000000011,0.8440000000000011,0.8470000000000012,1.0000000000000013,1157817100.0,987088680.0,腾讯日K,2026-08-07T17:30:13,20260926T093659
512690,鹏华酒ETF,SSE,2023-04-13,0.845,0.858,0.839,0.854,0.8450000000000011,0.8580000000000011,0.8390000000000011,0.8540000000000012,1.0000000000000013,887988100.0,756085323.0,腾讯日K,2026-08-07T17:30:13,20260926T093659
512690,鹏华酒ETF,SSE,2023-04-14,0.855,0.858,0.841,0.843,0.8550000000000013,0.8580000000000013,0.8410000000000013,0.8430000000000012,1.0000000000000016,747290100.0,633202058.0,腾讯日K,2026-08-07T17:30:13,20260926T093659
512690,鹏华酒ETF,SSE,2023-04-17,0.849,0.867,0.848,0.856,0.8490000000000011,0.8670000000000011,0.8480000000000011,0.8560000000000012,1.0000000000000013,1026567600.0,879613802.0,腾讯日K,2026-08-07T17:30:13,20260926T093659
512690,鹏华酒ETF,SSE,2023-04-18,0.856,0.864,0.853,0.857,0.8560000000000011,0.8640000000000011,0.8530000000000011,0.8570000000000012,1.0000000000000013,593668900.0,509454795.0,腾讯日K,2026-08-07T17:30:13,20260926T093659
512690,鹏华酒ETF,SSE,2023-04-19,0.858,0.859,0.846,0.852,0.8580000000000011,0.8590000000000011,0.8460000000000011,0.8520000000000012,1.0000000000000013,528311600.0,449933183.0,腾讯日K,2026-08-07T17:30:13,20260926T093659
512690,鹏华酒ETF,SSE,2023-04-20,0.853,0.854,0.835,0.839,0.8530000000000013,0.8540000000000013,0.8350000000000013,0.8390000000000012,1.0000000000000016,681496700.0,574365517.0,腾讯日K,2026-08-07T17:30:13,20260926T093659
512690,鹏华酒ETF,SSE,2023-04-21,0.842,0.848,0.832,0.833,0.8420000000000013,0.8480000000000013,0.8320000000000013,0.8330000000000012,1.0000000000000016,652048400.0,547491480.0,腾讯日K,2026-08-07T17:30:13,20260926T093659
512690,鹏华酒ETF,SSE,2023-04-24,0.833,0.834,0.814,0.817,0.8330000000000013,0.8340000000000013,0.8140000000000012,0.8170000000000012,1.0000000000000016,710776300.0,583612343.0,腾讯日K,2026-08-07T17:30:13,20260926T093659
512690,鹏华酒ETF,SSE,2023-04-25,0.821,0.833,0.813,0.832,0.8210000000000012,0.8330000000000013,0.8130000000000012,0.8320000000000012,1.0000000000000016,835098900.0,688858508.0,腾讯日K,2026-08-07T17:30:13,20260926T093659
512690,鹏华酒ETF,SSE,2023-04-26,0.832,0.837,0.82,0.832,0.8320000000000013,0.8370000000000013,0.8200000000000012,0.8320000000000012,1.0000000000000016,609092000.0,505043265.0,腾讯日K,2026-08-07T17:30:13,20260926T093659
512690,鹏华酒ETF,SSE,2023-04-27,0.829,0.841,0.822,0.835,0.8290000000000013,0.8410000000000013,0.8220000000000013,0.8350000000000012,1.0000000000000016,648607900.0,538231179.0,腾讯日K,2026-08-07T17:30:13,20260926T093659
512690,鹏华酒ETF,SSE,2023-04-28,0.839,0.849,0.833,0.84,0.8390000000000011,0.8490000000000011,0.8330000000000011,0.8400000000000011,1.0000000000000013,758999200.0,638596685.0,腾讯日K,2026-08-07T17:30:13,20260926T093659
512690,鹏华酒ETF,SSE,2023-05-04,0.843,0.851,0.826,0.828,0.8430000000000009,0.851000000000001,0.8260000000000008,0.828000000000001,1.000000000000001,648655800.0,542209712.0,腾讯日K,2026-08-07T17:30:13,20260926T093659
512690,鹏华酒ETF,SSE,2023-05-05,0.829,0.84,0.825,0.837,0.8290000000000011,0.8400000000000011,0.8250000000000011,0.8370000000000011,1.0000000000000013,503855300.0,419863884.0,腾讯日K,2026-08-07T17:30:13,20260926T093659
512690,鹏华酒ETF,SSE,2023-05-08,0.84,0.843,0.824,0.825,0.8400000000000011,0.8430000000000011,0.8240000000000011,0.8250000000000011,1.0000000000000013,711071600.0,589606378.0,腾讯日K,2026-08-07T17:30:13,20260926T093659
512690,鹏华酒ETF,SSE,2023-05-09,0.823,0.841,0.816,0.828,0.8230000000000013,0.8410000000000013,0.8160000000000012,0.8280000000000012,1.0000000000000016,685777500.0,568852958.0,腾讯日K,2026-08-07T17:30:13,20260926T093659
512690,鹏华酒ETF,SSE,2023-05-10,0.825,0.826,0.815,0.819,0.8250000000000011,0.8260000000000011,0.8150000000000011,0.8190000000000011,1.0000000000000013,468946600.0,384702768.0,腾讯日K,2026-08-07T17:30:13,20260926T093659
512690,鹏华酒ETF,SSE,2023-05-11,0.822,0.827,0.815,0.816,0.8220000000000011,0.8270000000000011,0.8150000000000011,0.8160000000000011,1.0000000000000013,363772100.0,297996954.0,腾讯日K,2026-08-07T17:30:13,20260926T093659
512690,鹏华酒ETF,SSE,2023-05-12,0.814,0.821,0.803,0.804,0.8140000000000011,0.8210000000000011,0.8030000000000012,0.8040000000000012,1.0000000000000013,525986300.0,425884079.0,腾讯日K,2026-08-07T17:30:13,20260926T093659
512690,鹏华酒ETF,SSE,2023-05-15,0.802,0.813,0.798,0.813,0.8020000000000013,0.8130000000000012,0.7980000000000013,0.8130000000000012,1.0000000000000016,510219000.0,411584129.0,腾讯日K,2026-08-07T17:30:13,20260926T093659
512690,鹏华酒ETF,SSE,2023-05-16,0.814,0.815,0.801,0.805,0.8140000000000012,0.8150000000000012,0.8010000000000013,0.8050000000000013,1.0000000000000016,506074800.0,407492805.0,腾讯日K,2026-08-07T17:30:13,20260926T093659
512690,鹏华酒ETF,SSE,2023-05-17,0.803,0.804,0.792,0.794,0.8030000000000013,0.8040000000000013,0.7920000000000013,0.7940000000000013,1.0000000000000016,536942400.0,428163709.0,腾讯日K,2026-08-07T17:30:13,20260926T093659
512690,鹏华酒ETF,SSE,2023-05-18,0.796,0.8,0.788,0.791,0.7960000000000013,0.8000000000000013,0.7880000000000013,0.7910000000000013,1.0000000000000016,517766100.0,410898693.0,腾讯日K,2026-08-07T17:30:13,20260926T093659
512690,鹏华酒ETF,SSE,2023-05-19,0.789,0.806,0.78,0.804,0.7890000000000013,0.8060000000000013,0.7800000000000012,0.8040000000000013,1.0000000000000016,902531500.0,718839429.0,腾讯日K,2026-08-07T17:30:13,20260926T093659
512690,鹏华酒ETF,SSE,2023-05-22,0.8,0.831,0.79,0.826,0.8000000000000013,0.8310000000000013,0.7900000000000013,0.8260000000000012,1.0000000000000016,1179436100.0,961934837.0,腾讯日K,2026-08-07T17:30:13,20260926T093659
512690,鹏华酒ETF,SSE,2023-05-23,0.822,0.828,0.811,0.812,0.8220000000000013,0.8280000000000013,0.8110000000000013,0.8120000000000013,1.0000000000000016,680849200.0,556400384.0,腾讯日K,2026-08-07T17:30:13,20260926T093659
512690,鹏华酒ETF,SSE,2023-05-24,0.808,0.809,0.797,0.799,0.8080000000000013,0.8090000000000013,0.7970000000000013,0.7990000000000013,1.0000000000000016,582118800.0,467851964.0,腾讯日K,2026-08-07T17:30:13,20260926T093659
512690,鹏华酒ETF,SSE,2023-05-25,0.793,0.798,0.785,0.79,0.7930000000000013,0.7980000000000013,0.7850000000000013,0.7900000000000013,1.0000000000000016,600953800.0,475140303.0,腾讯日K,2026-08-07T17:30:13,20260926T093659
512690,鹏华酒ETF,SSE,2023-05-26,0.791,0.799,0.782,0.79,0.7910000000000013,0.7990000000000013,0.7820000000000012,0.7900000000000013,1.0000000000000016,539186200.0,425460170.0,腾讯日K,2026-08-07T17:30:13,20260926T093659
512690,鹏华酒ETF,SSE,2023-05-29,0.79,0.794,0.778,0.784,0.7900000000000013,0.7940000000000013,0.7780000000000012,0.7840000000000013,1.0000000000000016,514198900.0,403445512.0,腾讯日K,2026-08-07T17:30:13,20260926T093659
512690,鹏华酒ETF,SSE,2023-05-30,0.784,0.788,0.768,0.775,0.784000000000001,0.788000000000001,0.768000000000001,0.7750000000000011,1.0000000000000013,632607900.0,490519410.0,腾讯日K,2026-08-07T17:30:13,20260926T093659
512690,鹏华酒ETF,SSE,2023-05-31,0.769,0.772,0.752,0.758,0.7690000000000012,0.7720000000000012,0.7520000000000012,0.7580000000000011,1.0000000000000016,857428500.0,650857992.0,腾讯日K,2026-08-07T17:30:13,20260926T093659
512690,鹏华酒ETF,SSE,2023-06-01,0.755,0.779,0.755,0.762,0.7550000000000012,0.7790000000000012,0.7550000000000012,0.7620000000000011,1.0000000000000016,725126300.0,556212419.0,腾讯日K,2026-08-07T17:30:13,20260926T093659
512690,鹏华酒ETF,SSE,2023-06-02,0.766,0.781,0.759,0.781,0.7660000000000012,0.7810000000000012,0.7590000000000012,0.7810000000000012,1.0000000000000016,804075100.0,621572861.0,腾讯日K,2026-08-07T17:30:13,20260926T093659
512690,鹏华酒ETF,SSE,2023-06-05,0.776,0.78,0.762,0.765,0.7760000000000012,0.7800000000000012,0.7620000000000012,0.7650000000000012,1.0000000000000016,665502500.0,511584306.0,腾讯日K,2026-08-07T17:30:13,20260926T093659
512690,鹏华酒ETF,SSE,2023-06-06,0.765,0.775,0.756,0.762,0.7650000000000012,0.7750000000000012,0.7560000000000012,0.7620000000000012,1.0000000000000016,644709500.0,493670567.0,腾讯日K,2026-08-07T17:30:13,20260926T093659
512690,鹏华酒ETF,SSE,2023-06-07,0.764,0.769,0.749,0.75,0.7640000000000012,0.7690000000000012,0.7490000000000011,0.7500000000000012,1.0000000000000016,580728300.0,439118024.0,腾讯日K,2026-08-07T17:30:13,20260926T093659
512690,鹏华酒ETF,SSE,2023-06-08,0.75,0.762,0.747,0.758,0.7500000000000011,0.7620000000000012,0.7470000000000011,0.7580000000000012,1.0000000000000016,542703400.0,409423451.0,腾讯日K,2026-08-07T17:30:13,20260926T093659
512690,鹏华酒ETF,SSE,2023-06-09,0.76,0.764,0.753,0.755,0.7600000000000012,0.7640000000000012,0.7530000000000012,0.7550000000000012,1.0000000000000016,541926800.0,410114751.0,腾讯日K,2026-08-07T17:30:13,20260926T093659
512690,鹏华酒ETF,SSE,2023-06-12,0.754,0.787,0.75,0.781,0.7540000000000013,0.7870000000000015,0.7500000000000013,0.7810000000000014,1.0000000000000018,934499800.0,720034597.0,腾讯日K,2026-08-07T17:30:13,20260926T093659
512690,鹏华酒ETF,SSE,2023-06-13,0.778,0.792,0.776,0.787,0.7780000000000014,0.7920000000000015,0.7760000000000014,0.7870000000000014,1.0000000000000018,828323700.0,650038614.0,腾讯日K,2026-08-07T17:30:13,20260926T093659
512690,鹏华酒ETF,SSE,2023-06-14,0.79,0.814,0.789,0.808,0.7900000000000013,0.8140000000000012,0.7890000000000013,0.8080000000000014,1.0000000000000016,981146900.0,790939959.0,腾讯日K,2026-08-07T17:30:13,20260926T093659
512690,鹏华酒ETF,SSE,2023-06-15,0.808,0.824,0.805,0.821,0.8080000000000013,0.8240000000000013,0.8050000000000013,0.8210000000000013,1.0000000000000016,759488600.0,618499196.0,腾讯日K,2026-08-07T17:30:13,20260926T093659
512690,鹏华酒ETF,SSE,2023-06-16,0.823,0.834,0.819,0.83,0.8230000000000014,0.8340000000000014,0.8190000000000014,0.8300000000000014,1.0000000000000018,713116900.0,588978992.0,腾讯日K,2026-08-07T17:30:13,20260926T093659
512690,鹏华酒ETF,SSE,2023-06-19,0.827,0.831,0.803,0.811,0.8270000000000014,0.8310000000000014,0.8030000000000015,0.8110000000000015,1.0000000000000018,806991000.0,657712171.0,腾讯日K,2026-08-07T17:30:13,20260926T093659
512690,鹏华酒ETF,SSE,2023-06-20,0.808,0.814,0.796,0.8,0.8080000000000013,0.8140000000000012,0.7960000000000013,0.8000000000000014,1.0000000000000016,587729300.0,472084554.0,腾讯日K,2026-08-07T17:30:13,20260926T093659
512690,鹏华酒ETF,SSE,2023-06-21,0.798,0.803,0.787,0.788,0.7980000000000015,0.8030000000000015,0.7870000000000015,0.7880000000000014,1.0000000000000018,640121000.0,508491947.0,腾讯日K,2026-08-07T17:30:13,20260926T093659
512690,鹏华酒ETF,SSE,2023-06-26,0.78,0.782,0.763,0.766,0.7800000000000014,0.7820000000000015,0.7630000000000013,0.7660000000000013,1.0000000000000018,841354300.0,647044905.0,腾讯日K,2026-08-07T17:30:13,20260926T093659
512690,鹏华酒ETF,SSE,2023-06-27,0.771,0.78,0.762,0.778,0.7710000000000014,0.7800000000000014,0.7620000000000013,0.7780000000000014,1.0000000000000018,791836800.0,611691864.0,腾讯日K,2026-08-07T17:30:13,20260926T093659
512690,鹏华酒ETF,SSE,2023-06-28,0.775,0.786,0.772,0.78,0.7750000000000014,0.7860000000000015,0.7720000000000014,0.7800000000000014,1.0000000000000018,692674100.0,539366028.0,腾讯日K,2026-08-07T17:30:13,20260926T093659
512690,鹏华酒ETF,SSE,2023-06-29,0.779,0.78,0.763,0.767,0.7790000000000014,0.7800000000000014,0.7630000000000013,0.7670000000000013,1.0000000000000018,867715700.0,666512103.0,腾讯日K,2026-08-07T17:30:13,20260926T093659
512690,鹏华酒ETF,SSE,2023-06-30,0.768,0.772,0.76,0.764,0.7680000000000012,0.7720000000000012,0.7600000000000012,0.7640000000000012,1.0000000000000016,583909500.0,446962296.0,腾讯日K,2026-08-07T17:30:13,20260926T093659
512690,鹏华酒ETF,SSE,2023-07-03,0.765,0.785,0.759,0.784,0.7650000000000012,0.7850000000000013,0.7590000000000012,0.7840000000000013,1.0000000000000016,1062299200.0,826799685.0,腾讯日K,2026-08-07T17:30:13,20260926T093659
512690,鹏华酒ETF,SSE,2023-07-04,0.782,0.79,0.776,0.789,0.7820000000000015,0.7900000000000015,0.7760000000000014,0.7890000000000014,1.0000000000000018,690960800.0,541817572.0,腾讯日K,2026-08-07T17:30:13,20260926T093659
512690,鹏华酒ETF,SSE,2023-07-05,0.788,0.789,0.772,0.775,0.7880000000000015,0.7890000000000015,0.7720000000000014,0.7750000000000014,1.0000000000000018,842351200.0,653518167.0,腾讯日K,2026-08-07T17:30:13,20260926T093659
512690,鹏华酒ETF,SSE,2023-07-06,0.771,0.782,0.765,0.767,0.7710000000000014,0.7820000000000015,0.7650000000000013,0.7670000000000013,1.0000000000000018,751210800.0,578906482.0,腾讯日K,2026-08-07T17:30:13,20260926T093659
512690,鹏华酒ETF,SSE,2023-07-07,0.764,0.77,0.761,0.764,0.7640000000000012,0.7700000000000012,0.7610000000000012,0.7640000000000012,1.0000000000000016,490725800.0,375171893.0,腾讯日K,2026-08-07T17:30:13,20260926T093659
512690,鹏华酒ETF,SSE,2023-07-10,0.768,0.778,0.765,0.768,0.7680000000000012,0.7780000000000012,0.7650000000000012,0.7680000000000011,1.0000000000000016,624858200.0,481307536.0,腾讯日K,2026-08-07T17:30:13,20260926T093659
512690,鹏华酒ETF,SSE,2023-07-11,0.771,0.772,0.763,0.769,0.7710000000000012,0.7720000000000012,0.7630000000000012,0.7690000000000011,1.0000000000000016,558874200.0,428611817.0,腾讯日K,2026-08-07T17:30:13,20260926T093659
512690,鹏华酒ETF,SSE,2023-07-12,0.77,0.776,0.767,0.769,0.7700000000000012,0.7760000000000012,0.7670000000000012,0.7690000000000011,1.0000000000000016,599284600.0,462779118.0,腾讯日K,2026-08-07T17:30:13,20260926T093659
512690,鹏华酒ETF,SSE,2023-07-13,0.775,0.8,0.775,0.799,0.775000000000001,0.8000000000000012,0.775000000000001,0.7990000000000012,1.0000000000000013,1340311900.0,1060448410.0,腾讯日K,2026-08-07T17:30:13,20260926T093659
512690,鹏华酒ETF,SSE,2023-07-14,0.801,0.805,0.791,0.795,0.8010000000000013,0.8050000000000013,0.7910000000000013,0.7950000000000013,1.0000000000000016,721996100.0,574496841.0,腾讯日K,2026-08-07T17:30:13,20260926T093659
512690,鹏华酒ETF,SSE,2023-07-17,0.791,0.792,0.779,0.785,0.7910000000000013,0.7920000000000013,0.7790000000000012,0.7850000000000013,1.0000000000000016,730310200.0,571610140.0,腾讯日K,2026-08-07T17:30:13,20260926T093659
512690,鹏华酒ETF,SSE,2023-07-18,0.787,0.787,0.779,0.782,0.7870000000000015,0.7870000000000015,0.7790000000000014,0.7820000000000014,1.0000000000000018,500109100.0,391138859.0,腾讯日K,2026-08-07T17:30:13,20260926T093659
512690,鹏华酒ETF,SSE,2023-07-19,0.778,0.785,0.773,0.779,0.7780000000000014,0.7850000000000015,0.7730000000000014,0.7790000000000014,1.0000000000000018,826591000.0,642882897.0,腾讯日K,2026-08-07T17:30:13,20260926T093659
512690,鹏华酒ETF,SSE,2023-07-20,0.781,0.792,0.775,0.777,0.7810000000000012,0.7920000000000013,0.7750000000000012,0.7770000000000012,1.0000000000000016,841766100.0,660978079.0,腾讯日K,2026-08-07T17:30:13,20260926T093659
512690,鹏华酒ETF,SSE,2023-07-21,0.779,0.802,0.774,0.795,0.7790000000000012,0.8020000000000013,0.7740000000000012,0.7950000000000013,1.0000000000000016,1182214100.0,936551198.0,腾讯日K,2026-08-07T17:30:13,20260926T093659
512690,鹏华酒ETF,SSE,2023-07-24,0.79,0.791,0.783,0.786,0.7900000000000013,0.7910000000000013,0.7830000000000013,0.7860000000000013,1.0000000000000016,874555900.0,687283681.0,腾讯日K,2026-08-07T17:30:13,20260926T093659
512690,鹏华酒ETF,SSE,2023-07-25,0.809,0.829,0.806,0.826,0.8090000000000013,0.8290000000000013,0.8060000000000013,0.8260000000000013,1.0000000000000016,1736037500.0,1425212655.0,腾讯日K,2026-08-07T17:30:13,20260926T093659
512690,鹏华酒ETF,SSE,2023-07-26,0.824,0.832,0.817,0.825,0.8240000000000014,0.8320000000000014,0.8170000000000014,0.8250000000000014,1.0000000000000018,941494000.0,775372916.0,腾讯日K,2026-08-07T17:30:13,20260926T093659
512690,鹏华酒ETF,SSE,2023-07-27,0.827,0.845,0.822,0.833,0.8270000000000014,0.8450000000000015,0.8220000000000014,0.8330000000000015,1.0000000000000018,1545781800.0,1292939141.0,腾讯日K,2026-08-07T17:30:13,20260926T093659
512690,鹏华酒ETF,SSE,2023-07-28,0.828,0.854,0.826,0.852,0.8280000000000014,0.8540000000000015,0.8260000000000014,0.8520000000000015,1.0000000000000018,1162607100.0,980144130.0,腾讯日K,2026-08-07T17:30:13,20260926T093659
512690,鹏华酒ETF,SSE,2023-07-31,0.859,0.885,0.848,0.852,0.8590000000000015,0.8850000000000016,0.8480000000000015,0.8520000000000015,1.0000000000000018,1598540600.0,1379212864.0,腾讯日K,2026-08-07T17:30:13,20260926T093659
512690,鹏华酒ETF,SSE,2023-08-01,0.848,0.861,0.838,0.843,0.8480000000000015,0.8610000000000015,0.8380000000000014,0.8430000000000015,1.0000000000000018,1010164400.0,856049847.0,腾讯日K,2026-08-07T17:30:13,20260926T093659
512690,鹏华酒ETF,SSE,2023-08-02,0.839,0.849,0.834,0.84,0.8390000000000016,0.8490000000000016,0.8340000000000016,0.8400000000000016,1.000000000000002,697492200.0,585643912.0,腾讯日K,2026-08-07T17:30:13,20260926T093659
512690,鹏华酒ETF,SSE,2023-08-03,0.837,0.849,0.829,0.847,0.8370000000000016,0.8490000000000016,0.8290000000000016,0.8470000000000016,1.000000000000002,998410600.0,839479940.0,腾讯日K,2026-08-07T17:30:13,20260926T093659
512690,鹏华酒ETF,SSE,2023-08-04,0.856,0.861,0.845,0.847,0.8560000000000016,0.8610000000000017,0.8450000000000016,0.8470000000000016,1.000000000000002,907771000.0,773435249.0,腾讯日K,2026-08-07T17:30:13,20260926T093659
512690,鹏华酒ETF,SSE,2023-08-07,0.841,0.845,0.831,0.834,0.8410000000000016,0.8450000000000016,0.8310000000000016,0.8340000000000016,1.000000000000002,807668500.0,675498595.0,腾讯日K,2026-08-07T17:30:13,20260926T093659
512690,鹏华酒ETF,SSE,2023-08-08,0.832,0.842,0.828,0.838,0.8320000000000014,0.8420000000000014,0.8280000000000014,0.8380000000000015,1.0000000000000018,704173100.0,588188304.0,腾讯日K,2026-08-07T17:30:13,20260926T093659
512690,鹏华酒ETF,SSE,2023-08-09,0.836,0.84,0.832,0.839,0.8360000000000014,0.8400000000000014,0.8320000000000014,0.8390000000000015,1.0000000000000018,770428900.0,644278036.0,腾讯日K,2026-08-07T17:30:13,20260926T093659
512690,鹏华酒ETF,SSE,2023-08-10,0.837,0.837,0.826,0.835,0.8370000000000014,0.8370000000000014,0.8260000000000014,0.8350000000000014,1.0000000000000018,775703000.0,645617876.0,腾讯日K,2026-08-07T17:30:13,20260926T093659
512690,鹏华酒ETF,SSE,2023-08-11,0.836,0.838,0.813,0.814,0.8360000000000014,0.8380000000000014,0.8130000000000014,0.8140000000000014,1.0000000000000018,740650400.0,610310901.0,腾讯日K,2026-08-07T17:30:13,20260926T093659
512690,鹏华酒ETF,SSE,2023-08-14,0.804,0.807,0.794,0.805,0.8040000000000015,0.8070000000000015,0.7940000000000015,0.8050000000000015,1.0000000000000018,860213300.0,688947926.0,腾讯日K,2026-08-07T17:30:13,20260926T093659
512690,鹏华酒ETF,SSE,2023-08-15,0.805,0.809,0.796,0.804,0.8050000000000015,0.8090000000000015,0.7960000000000015,0.8040000000000015,1.0000000000000018,684611800.0,549181065.0,腾讯日K,2026-08-07T17:30:13,20260926T093659
512690,鹏华酒ETF,SSE,2023-08-16,0.799,0.808,0.797,0.802,0.7990000000000013,0.8080000000000013,0.7970000000000013,0.8020000000000014,1.0000000000000016,596734200.0,479437433.0,腾讯日K,2026-08-07T17:30:13,20260926T093659
512690,鹏华酒ETF,SSE,2023-08-17,0.798,0.821,0.795,0.819,0.7980000000000013,0.8210000000000012,0.7950000000000013,0.8190000000000013,1.0000000000000016,1041582100.0,845018196.0,腾讯日K,2026-08-07T17:30:13,20260926T093659
512690,鹏华酒ETF,SSE,2023-08-18,0.818,0.82,0.799,0.8,0.8180000000000012,0.8200000000000012,0.7990000000000013,0.8000000000000014,1.0000000000000016,692325000.0,558976354.0,腾讯日K,2026-08-07T17:30:13,20260926T093659
512690,鹏华酒ETF,SSE,2023-08-21,0.796,0.811,0.793,0.8,0.7960000000000013,0.8110000000000013,0.7930000000000013,0.8000000000000014,1.0000000000000016,720010600.0,577820749.0,腾讯日K,2026-08-07T17:30:13,20260926T093659
512690,鹏华酒ETF,SSE,2023-08-22,0.803,0.805,0.788,0.799,0.8030000000000015,0.8050000000000015,0.7880000000000015,0.7990000000000014,1.0000000000000018,1196850600.0,951939212.0,腾讯日K,2026-08-07T17:30:13,20260926T093659
512690,鹏华酒ETF,SSE,2023-08-23,0.797,0.8,0.784,0.784,0.7970000000000015,0.8000000000000015,0.7840000000000015,0.7840000000000015,1.0000000000000018,1029064900.0,813150916.0,腾讯日K,2026-08-07T17:30:13,20260926T093659
512690,鹏华酒ETF,SSE,2023-08-24,0.788,0.811,0.785,0.806,0.7880000000000016,0.8110000000000017,0.7850000000000016,0.8060000000000016,1.000000000000002,1070257000.0,855462066.0,腾讯日K,2026-08-07T17:30:13,20260926T093659
512690,鹏华酒ETF,SSE,2023-08-25,0.801,0.805,0.796,0.802,0.8010000000000015,0.8050000000000015,0.7960000000000015,0.8020000000000015,1.0000000000000018,796649100.0,637457064.0,腾讯日K,2026-08-07T17:30:13,20260926T093659
512690,鹏华酒ETF,SSE,2023-08-28,0.85,0.852,0.797,0.801,0.8500000000000015,0.8520000000000015,0.7970000000000015,0.8010000000000015,1.0000000000000018,1615152500.0,1311027187.0,腾讯日K,2026-08-07T17:30:13,20260926T093659
512690,鹏华酒ETF,SSE,2023-08-29,0.796,0.817,0.794,0.814,0.7960000000000015,0.8170000000000014,0.7940000000000015,0.8140000000000014,1.0000000000000018,1061026300.0,857956418.0,腾讯日K,2026-08-07T17:30:13,20260926T093659
512690,鹏华酒ETF,SSE,2023-08-30,0.813,0.818,0.807,0.811,0.8130000000000014,0.8180000000000014,0.8070000000000015,0.8110000000000015,1.0000000000000018,788414500.0,639890553.0,腾讯日K,2026-08-07T17:30:13,20260926T093659
512690,鹏华酒ETF,SSE,2023-08-31,0.809,0.81,0.802,0.807,0.8090000000000015,0.8100000000000015,0.8020000000000015,0.8070000000000015,1.0000000000000018,612003000.0,493232410.0,腾讯日K,2026-08-07T17:30:13,20260926T093659
512690,鹏华酒ETF,SSE,2023-09-01,0.813,0.826,0.813,0.821,0.8130000000000016,0.8260000000000016,0.8130000000000016,0.8210000000000016,1.000000000000002,984732000.0,808454652.0,腾讯日K,2026-08-07T17:30:13,20260926T093659
512690,鹏华酒ETF,SSE,2023-09-04,0.829,0.851,0.828,0.847,0.8290000000000016,0.8510000000000016,0.8280000000000016,0.8470000000000018,1.000000000000002,1321107900.0,1111268345.0,腾讯日K,2026-08-07T17:30:13,20260926T093659
512690,鹏华酒ETF,SSE,2023-09-05,0.843,0.847,0.834,0.836,0.8430000000000019,0.8470000000000019,0.8340000000000019,0.8360000000000017,1.0000000000000022,842583100.0,706213893.0,腾讯日K,2026-08-07T17:30:13,20260926T093659
512690,鹏华酒ETF,SSE,2023-09-06,0.833,0.838,0.829,0.836,0.8330000000000019,0.8380000000000019,0.8290000000000018,0.8360000000000017,1.0000000000000022,568737100.0,473767978.0,腾讯日K,2026-08-07T17:30:13,20260926T093659
512690,鹏华酒ETF,SSE,2023-09-07,0.832,0.834,0.82,0.822,0.8320000000000018,0.8340000000000019,0.8200000000000017,0.8220000000000017,1.0000000000000022,803723400.0,663330862.0,腾讯日K,2026-08-07T17:30:13,20260926T093659
512690,鹏华酒ETF,SSE,2023-09-08,0.818,0.824,0.813,0.818,0.8180000000000016,0.8240000000000016,0.8130000000000016,0.8180000000000016,1.000000000000002,584655500.0,477901717.0,腾讯日K,2026-08-07T17:30:13,20260926T093659
512690,鹏华酒ETF,SSE,2023-09-11,0.817,0.833,0.813,0.825,0.8170000000000014,0.8330000000000014,0.8130000000000014,0.8250000000000015,1.0000000000000018,718311900.0,591981704.0,腾讯日K,2026-08-07T17:30:13,20260926T093659
512690,鹏华酒ETF,SSE,2023-09-12,0.823,0.824,0.817,0.818,0.8230000000000016,0.8240000000000016,0.8170000000000016,0.8180000000000015,1.000000000000002,443552500.0,363901014.0,腾讯日K,2026-08-07T17:30:13,20260926T093659
512690,鹏华酒ETF,SSE,2023-09-13,0.821,0.83,0.813,0.821,0.8210000000000014,0.8300000000000014,0.8130000000000014,0.8210000000000014,1.0000000000000018,805242900.0,659867278.0,腾讯日K,2026-08-07T17:30:13,20260926T093659
512690,鹏华酒ETF,SSE,2023-09-14,0.82,0.824,0.809,0.815,0.8200000000000014,0.8240000000000014,0.8090000000000015,0.8150000000000014,1.0000000000000018,700081300.0,570225887.0,腾讯日K,2026-08-07T17:30:13,20260926T093659
512690,鹏华酒ETF,SSE,2023-09-15,0.817,0.819,0.802,0.803,0.8170000000000014,0.8190000000000014,0.8020000000000015,0.8030000000000015,1.0000000000000018,888633400.0,719188326.0,腾讯日K,2026-08-07T17:30:13,20260926T093659
512690,鹏华酒ETF,SSE,2023-09-18,0.803,0.814,0.797,0.812,0.8030000000000016,0.8140000000000016,0.7970000000000016,0.8120000000000016,1.000000000000002,626058700.0,506111700.0,腾讯日K,2026-08-07T17:30:13,20260926T093659
512690,鹏华酒ETF,SSE,2023-09-19,0.81,0.81,0.798,0.806,0.8100000000000017,0.8100000000000017,0.7980000000000016,0.8060000000000016,1.000000000000002,490318400.0,393582278.0,腾讯日K,2026-08-07T17:30:13,20260926T093659
512690,鹏华酒ETF,SSE,2023-09-20,0.803,0.806,0.8,0.8,0.8030000000000015,0.8060000000000015,0.8000000000000015,0.8000000000000015,1.0000000000000018,280687900.0,225212353.0,腾讯日K,2026-08-07T17:30:13,20260926T093659
512690,鹏华酒ETF,SSE,2023-09-21,0.799,0.799,0.785,0.786,0.7990000000000015,0.7990000000000015,0.7850000000000015,0.7860000000000015,1.0000000000000018,1033532200.0,814635666.0,腾讯日K,2026-08-07T17:30:13,20260926T093659
512690,鹏华酒ETF,SSE,2023-09-22,0.781,0.802,0.781,0.801,0.7810000000000014,0.8020000000000015,0.7810000000000014,0.8010000000000015,1.0000000000000018,635479100.0,504407097.0,腾讯日K,2026-08-07T17:30:13,20260926T093659
512690,鹏华酒ETF,SSE,2023-09-25,0.8,0.801,0.792,0.795,0.8000000000000015,0.8010000000000015,0.7920000000000015,0.7950000000000015,1.0000000000000018,472696400.0,376233782.0,腾讯日K,2026-08-07T17:30:13,20260926T093659
512690,鹏华酒ETF,SSE,2023-09-26,0.794,0.797,0.785,0.786,0.7940000000000015,0.7970000000000015,0.7850000000000015,0.7860000000000015,1.0000000000000018,404859200.0,319336886.0,腾讯日K,2026-08-07T17:30:13,20260926T093659
512690,鹏华酒ETF,SSE,2023-09-27,0.788,0.796,0.782,0.788,0.7880000000000015,0.7960000000000015,0.7820000000000015,0.7880000000000015,1.0000000000000018,565301100.0,444780517.0,腾讯日K,2026-08-07T17:30:13,20260926T093659
512690,鹏华酒ETF,SSE,2023-09-28,0.79,0.791,0.777,0.778,0.7900000000000016,0.7910000000000016,0.7770000000000016,0.7780000000000016,1.000000000000002,501027400.0,390952929.0,腾讯日K,2026-08-07T17:30:13,20260926T093659
512690,鹏华酒ETF,SSE,2023-10-09,0.778,0.778,0.764,0.774,0.7780000000000014,0.7780000000000014,0.7640000000000013,0.7740000000000015,1.0000000000000018,1328614100.0,1022487054.0,腾讯日K,2026-08-07T17:30:13,20260926T093659
512690,鹏华酒ETF,SSE,2023-10-10,0.778,0.785,0.765,0.767,0.7780000000000014,0.7850000000000015,0.7650000000000013,0.7670000000000015,1.0000000000000018,617921900.0,477677093.0,腾讯日K,2026-08-07T17:30:13,20260926T093659
512690,鹏华酒ETF,SSE,2023-10-11,0.77,0.773,0.765,0.766,0.7700000000000014,0.7730000000000014,0.7650000000000013,0.7660000000000015,1.0000000000000018,510163000.0,391656142.0,腾讯日K,2026-08-07T17:30:13,20260926T093659
512690,鹏华酒ETF,SSE,2023-10-12,0.772,0.775,0.764,0.768,0.7720000000000014,0.7750000000000014,0.7640000000000013,0.7680000000000015,1.0000000000000018,643589500.0,494426710.0,腾讯日K,2026-08-07T17:30:13,20260926T093659
512690,鹏华酒ETF,SSE,2023-10-13,0.762,0.763,0.747,0.751,0.7620000000000013,0.7630000000000013,0.7470000000000013,0.7510000000000013,1.0000000000000018,661725900.0,498342001.0,腾讯日K,2026-08-07T17:30:13,20260926T093659
512690,鹏华酒ETF,SSE,2023-10-16,0.75,0.75,0.737,0.741,0.7500000000000011,0.7500000000000011,0.7370000000000011,0.7410000000000012,1.0000000000000016,679603400.0,503936384.0,腾讯日K,2026-08-07T17:30:13,20260926T093659
512690,鹏华酒ETF,SSE,2023-10-17,0.742,0.745,0.733,0.74,0.7420000000000013,0.7450000000000013,0.7330000000000013,0.7400000000000013,1.0000000000000018,519861400.0,384687008.0,腾讯日K,2026-08-07T17:30:13,20260926T093659
512690,鹏华酒ETF,SSE,2023-10-18,0.738,0.748,0.735,0.738,0.7380000000000013,0.7480000000000013,0.7350000000000013,0.7380000000000013,1.0000000000000018,524755800.0,388746070.0,腾讯日K,2026-08-07T17:30:13,20260926T093659
512690,鹏华酒ETF,SSE,2023-10-19,0.732,0.732,0.712,0.714,0.7320000000000013,0.7320000000000013,0.7120000000000012,0.7140000000000012,1.0000000000000018,1009558000.0,726324030.0,腾讯日K,2026-08-07T17:30:13,20260926T093659
512690,鹏华酒ETF,SSE,2023-10-20,0.709,0.723,0.708,0.711,0.7090000000000012,0.7230000000000013,0.7080000000000012,0.7110000000000013,1.0000000000000018,800629700.0,571854206.0,腾讯日K,2026-08-07T17:30:13,20260926T093659
512690,鹏华酒ETF,SSE,2023-10-23,0.708,0.723,0.705,0.712,0.7080000000000012,0.7230000000000013,0.7050000000000012,0.7120000000000012,1.0000000000000018,690736300.0,491211463.0,腾讯日K,2026-08-07T17:30:13,20260926T093659
512690,鹏华酒ETF,SSE,2023-10-24,0.714,0.721,0.705,0.716,0.7140000000000012,0.7210000000000013,0.7050000000000012,0.7160000000000012,1.0000000000000018,668456400.0,476787900.0,腾讯日K,2026-08-07T17:30:13,20260926T093659
512690,鹏华酒ETF,SSE,2023-10-25,0.729,0.743,0.729,0.735,0.7290000000000011,0.7430000000000011,0.7290000000000011,0.7350000000000012,1.0000000000000016,1099617300.0,808769884.0,腾讯日K,2026-08-07T17:30:13,20260926T093659
512690,鹏华酒ETF,SSE,2023-10-26,0.728,0.742,0.727,0.742,0.7280000000000011,0.7420000000000011,0.7270000000000011,0.7420000000000012,1.0000000000000016,566498400.0,416941914.0,腾讯日K,2026-08-07T17:30:13,20260926T093659
512690,鹏华酒ETF,SSE,2023-10-27,0.738,0.754,0.736,0.751,0.7380000000000013,0.7540000000000013,0.7360000000000013,0.7510000000000013,1.0000000000000018,654849300.0,489096104.0,腾讯日K,2026-08-07T17:30:13,20260926T093659
512690,鹏华酒ETF,SSE,2023-10-30,0.749,0.762,0.748,0.76,0.7490000000000013,0.7620000000000013,0.7480000000000013,0.7600000000000013,1.0000000000000018,788737000.0,597501677.0,腾讯日K,2026-08-07T17:30:13,20260926T093659
512690,鹏华酒ETF,SSE,2023-10-31,0.76,0.763,0.753,0.761,0.7600000000000013,0.7630000000000013,0.7530000000000013,0.7610000000000013,1.0000000000000018,654362900.0,495734766.0,腾讯日K,2026-08-07T17:30:13,20260926T093659
512690,鹏华酒ETF,SSE,2023-11-01,0.8,0.806,0.774,0.775,0.8000000000000015,0.8060000000000015,0.7740000000000014,0.7750000000000014,1.0000000000000018,1628933300.0,1279775143.0,腾讯日K,2026-08-07T17:30:13,20260926T093659
512690,鹏华酒ETF,SSE,2023-11-02,0.773,0.777,0.762,0.762,0.7730000000000012,0.7770000000000012,0.7620000000000012,0.7620000000000012,1.0000000000000016,525072400.0,402682005.0,腾讯日K,2026-08-07T17:30:13,20260926T093659
512690,鹏华酒ETF,SSE,2023-11-03,0.764,0.776,0.761,0.771,0.7640000000000012,0.7760000000000012,0.7610000000000012,0.7710000000000012,1.0000000000000016,554161600.0,426860725.0,腾讯日K,2026-08-07T17:30:13,20260926T093659
512690,鹏华酒ETF,SSE,2023-11-06,0.777,0.778,0.764,0.773,0.7770000000000012,0.7780000000000012,0.7640000000000012,0.7730000000000012,1.0000000000000016,765395800.0,589210749.0,腾讯日K,2026-08-07T17:30:13,20260926T093659
512690,鹏华酒ETF,SSE,2023-11-07,0.771,0.771,0.762,0.767,0.7710000000000012,0.7710000000000012,0.7620000000000012,0.7670000000000011,1.0000000000000016,530342200.0,405966628.0,腾讯日K,2026-08-07T17:30:13,20260926T093659
512690,鹏华酒ETF,SSE,2023-11-08,0.764,0.769,0.76,0.764,0.7640000000000012,0.7690000000000012,0.7600000000000012,0.7640000000000011,1.0000000000000016,534068700.0,408319722.0,腾讯日K,2026-08-07T17:30:13,20260926T093659
512690,鹏华酒ETF,SSE,2023-11-09,0.763,0.768,0.759,0.765,0.7630000000000012,0.7680000000000012,0.7590000000000012,0.7650000000000011,1.0000000000000016,408101500.0,311391591.0,腾讯日K,2026-08-07T17:30:13,20260926T093659
512690,鹏华酒ETF,SSE,2023-11-10,0.76,0.762,0.751,0.754,0.760000000000001,0.762000000000001,0.751000000000001,0.754000000000001,1.0000000000000013,532251700.0,401622572.0,腾讯日K,2026-08-07T17:30:13,20260926T093659
512690,鹏华酒ETF,SSE,2023-11-13,0.756,0.757,0.744,0.747,0.756000000000001,0.757000000000001,0.744000000000001,0.747000000000001,1.0000000000000013,475194700.0,355555400.0,腾讯日K,2026-08-07T17:30:13,20260926T093659
512690,鹏华酒ETF,SSE,2023-11-14,0.748,0.755,0.746,0.75,0.7480000000000011,0.7550000000000012,0.7460000000000011,0.7500000000000011,1.0000000000000016,463901700.0,347880305.0,腾讯日K,2026-08-07T17:30:13,20260926T093659
512690,鹏华酒ETF,SSE,2023-11-15,0.758,0.76,0.751,0.755,0.758000000000001,0.760000000000001,0.751000000000001,0.755000000000001,1.0000000000000013,711109500.0,537035129.0,腾讯日K,2026-08-07T17:30:13,20260926T093659
512690,鹏华酒ETF,SSE,2023-11-16,0.755,0.757,0.746,0.746,0.755000000000001,0.757000000000001,0.746000000000001,0.746000000000001,1.0000000000000013,465753800.0,348926551.0,腾讯日K,2026-08-07T17:30:13,20260926T093659
512690,鹏华酒ETF,SSE,2023-11-17,0.743,0.747,0.738,0.743,0.7430000000000011,0.7470000000000011,0.7380000000000011,0.7430000000000011,1.0000000000000016,482891500.0,357899698.0,腾讯日K,2026-08-07T17:30:13,20260926T093659
512690,鹏华酒ETF,SSE,2023-11-20,0.744,0.75,0.736,0.745,0.7440000000000011,0.7500000000000011,0.7360000000000011,0.7450000000000012,1.0000000000000016,730088700.0,542674247.0,腾讯日K,2026-08-07T17:30:13,20260926T093659
512690,鹏华酒ETF,SSE,2023-11-21,0.749,0.76,0.744,0.757,0.7490000000000011,0.7600000000000012,0.7440000000000011,0.7570000000000011,1.0000000000000016,903787400.0,682767082.0,腾讯日K,2026-08-07T17:30:13,20260926T093659
512690,鹏华酒ETF,SSE,2023-11-22,0.754,0.758,0.749,0.75,0.7540000000000012,0.7580000000000012,0.7490000000000011,0.7500000000000011,1.0000000000000016,513263200.0,386315298.0,腾讯日K,2026-08-07T17:30:13,20260926T093659
512690,鹏华酒ETF,SSE,2023-11-23,0.748,0.751,0.742,0.751,0.7480000000000011,0.7510000000000012,0.7420000000000011,0.7510000000000012,1.0000000000000016,478154700.0,356858608.0,腾讯日K,2026-08-07T17:30:13,20260926T093659
512690,鹏华酒ETF,SSE,2023-11-24,0.75,0.753,0.745,0.747,0.7500000000000011,0.7530000000000012,0.7450000000000011,0.7470000000000011,1.0000000000000016,380550700.0,284753904.0,腾讯日K,2026-08-07T17:30:13,20260926T093659
512690,鹏华酒ETF,SSE,2023-11-27,0.747,0.748,0.731,0.735,0.7470000000000011,0.7480000000000011,0.7310000000000011,0.7350000000000011,1.0000000000000016,603026200.0,443702855.0,腾讯日K,2026-08-07T17:30:13,20260926T093659
512690,鹏华酒ETF,SSE,2023-11-28,0.736,0.741,0.729,0.734,0.7360000000000011,0.7410000000000011,0.7290000000000011,0.7340000000000011,1.0000000000000016,498880800.0,366247230.0,腾讯日K,2026-08-07T17:30:13,20260926T093659
512690,鹏华酒ETF,SSE,2023-11-29,0.733,0.735,0.724,0.735,0.7330000000000011,0.7350000000000011,0.7240000000000011,0.7350000000000012,1.0000000000000016,460202900.0,336399210.0,腾讯日K,2026-08-07T17:30:13,20260926T093659
512690,鹏华酒ETF,SSE,2023-11-30,0.733,0.74,0.73,0.739,0.7330000000000011,0.7400000000000011,0.7300000000000011,0.7390000000000011,1.0000000000000016,537193600.0,395908699.0,腾讯日K,2026-08-07T17:30:13,20260926T093659
512690,鹏华酒ETF,SSE,2023-12-01,0.738,0.738,0.722,0.728,0.7380000000000011,0.7380000000000011,0.7220000000000011,0.7280000000000011,1.0000000000000016,624359400.0,455186930.0,腾讯日K,2026-08-07T17:30:13,20260926T093659
512690,鹏华酒ETF,SSE,2023-12-04,0.728,0.728,0.716,0.717,0.728000000000001,0.728000000000001,0.716000000000001,0.717000000000001,1.0000000000000013,567719100.0,408846934.0,腾讯日K,2026-08-07T17:30:13,20260926T093659
512690,鹏华酒ETF,SSE,2023-12-05,0.714,0.715,0.7,0.701,0.714000000000001,0.715000000000001,0.7000000000000008,0.7010000000000008,1.0000000000000013,582349000.0,412533478.0,腾讯日K,2026-08-07T17:30:13,20260926T093659
512690,鹏华酒ETF,SSE,2023-12-06,0.698,0.708,0.696,0.704,0.6980000000000008,0.7080000000000009,0.6960000000000008,0.7040000000000008,1.0000000000000013,511813200.0,359944186.0,腾讯日K,2026-08-07T17:30:13,20260926T093659
512690,鹏华酒ETF,SSE,2023-12-07,0.703,0.703,0.694,0.7,0.7030000000000007,0.7030000000000007,0.6940000000000007,0.7000000000000007,1.000000000000001,448924200.0,313384979.0,腾讯日K,2026-08-07T17:30:13,20260926T093659
512690,鹏华酒ETF,SSE,2023-12-08,0.701,0.707,0.696,0.704,0.7010000000000008,0.7070000000000008,0.6960000000000008,0.7040000000000008,1.0000000000000013,561003400.0,394785945.0,腾讯日K,2026-08-07T17:30:13,20260926T093659
512690,鹏华酒ETF,SSE,2023-12-11,0.694,0.695,0.678,0.695,0.6940000000000008,0.6950000000000008,0.6780000000000009,0.6950000000000008,1.0000000000000013,890357500.0,610187420.0,腾讯日K,2026-08-07T17:30:13,20260926T093659
512690,鹏华酒ETF,SSE,2023-12-12,0.69,0.7,0.688,0.699,0.6900000000000008,0.7000000000000008,0.6880000000000008,0.699000000000001,1.0000000000000013,524111900.0,364258245.0,腾讯日K,2026-08-07T17:30:13,20260926T093659
512690,鹏华酒ETF,SSE,2023-12-13,0.697,0.697,0.673,0.674,0.6970000000000008,0.6970000000000008,0.6730000000000009,0.6740000000000009,1.0000000000000013,1171100300.0,796322514.0,腾讯日K,2026-08-07T17:30:13,20260926T093659
512690,鹏华酒ETF,SSE,2023-12-14,0.678,0.681,0.661,0.662,0.6780000000000009,0.6810000000000009,0.6610000000000009,0.6620000000000009,1.0000000000000013,744422600.0,497805333.0,腾讯日K,2026-08-07T17:30:13,20260926T093659
512690,鹏华酒ETF,SSE,2023-12-15,0.664,0.678,0.663,0.665,0.6640000000000008,0.6780000000000008,0.6630000000000008,0.6650000000000008,1.000000000000001,765457600.0,511607350.0,腾讯日K,2026-08-07T17:30:13,20260926T093659
512690,鹏华酒ETF,SSE,2023-12-18,0.661,0.668,0.656,0.662,0.6610000000000009,0.6680000000000009,0.6560000000000009,0.6620000000000009,1.0000000000000013,397797600.0,263800101.0,腾讯日K,2026-08-07T17:30:13,20260926T093659
512690,鹏华酒ETF,SSE,2023-12-19,0.663,0.668,0.657,0.665,0.6630000000000008,0.6680000000000008,0.6570000000000008,0.6650000000000008,1.000000000000001,419952100.0,278141007.0,腾讯日K,2026-08-07T17:30:13,20260926T093659
512690,鹏华酒ETF,SSE,2023-12-20,0.665,0.667,0.654,0.655,0.6650000000000009,0.6670000000000009,0.6540000000000009,0.6550000000000009,1.0000000000000013,560672400.0,369442914.0,腾讯日K,2026-08-07T17:30:13,20260926T093659
512690,鹏华酒ETF,SSE,2023-12-21,0.651,0.67,0.65,0.668,0.6510000000000009,0.6700000000000009,0.6500000000000009,0.6680000000000009,1.0000000000000013,727232300.0,481978912.0,腾讯日K,2026-08-07T17:30:13,20260926T093659
512690,鹏华酒ETF,SSE,2023-12-22,0.668,0.672,0.661,0.666,0.668000000000001,0.672000000000001,0.661000000000001,0.666000000000001,1.0000000000000016,586425500.0,390329578.0,腾讯日K,2026-08-07T17:30:13,20260926T093659
512690,鹏华酒ETF,SSE,2023-12-25,0.664,0.672,0.663,0.672,0.6640000000000008,0.6720000000000008,0.6630000000000008,0.6720000000000008,1.000000000000001,508260500.0,339925309.0,腾讯日K,2026-08-07T17:30:13,20260926T093659
512690,鹏华酒ETF,SSE,2023-12-26,0.672,0.672,0.663,0.668,0.6720000000000009,0.6720000000000009,0.6630000000000009,0.6680000000000009,1.0000000000000013,356264100.0,237206898.0,腾讯日K,2026-08-07T17:30:13,20260926T093659
512690,鹏华酒ETF,SSE,2023-12-27,0.667,0.671,0.661,0.667,0.6670000000000009,0.6710000000000009,0.6610000000000009,0.6670000000000009,1.0000000000000013,573292600.0,381624768.0,腾讯日K,2026-08-07T17:30:13,20260926T093659
512690,鹏华酒ETF,SSE,2023-12-28,0.667,0.699,0.665,0.695,0.6670000000000009,0.6990000000000008,0.6650000000000009,0.6950000000000008,1.0000000000000013,1202940800.0,824134553.0,腾讯日K,2026-08-07T17:30:13,20260926T093659
512690,鹏华酒ETF,SSE,2023-12-29,0.693,0.7,0.687,0.692,0.6930000000000007,0.7000000000000007,0.6870000000000008,0.6920000000000007,1.000000000000001,685472800.0,475104341.0,腾讯日K,2026-08-07T17:30:13,20260926T093659
512690,鹏华酒ETF,SSE,2024-01-02,0.69,0.691,0.672,0.673,0.6900000000000007,0.6910000000000007,0.6720000000000008,0.6730000000000008,1.000000000000001,710615700.0,480991827.0,腾讯日K,2026-08-07T17:30:13,20260926T093659
512690,鹏华酒ETF,SSE,2024-01-03,0.671,0.676,0.664,0.669,0.6710000000000009,0.6760000000000009,0.6640000000000009,0.6690000000000009,1.0000000000000013,626206500.0,418464917.0,腾讯日K,2026-08-07T17:30:13,20260926T093659
512690,鹏华酒ETF,SSE,2024-01-04,0.669,0.669,0.652,0.656,0.6690000000000009,0.6690000000000009,0.6520000000000009,0.6560000000000009,1.0000000000000013,903361400.0,592725355.0,腾讯日K,2026-08-07T17:30:13,20260926T093659
512690,鹏华酒ETF,SSE,2024-01-05,0.653,0.659,0.646,0.648,0.6530000000000009,0.6590000000000009,0.6460000000000009,0.6480000000000009,1.0000000000000013,574821800.0,375510457.0,腾讯日K,2026-08-07T17:30:13,20260926T093659
512690,鹏华酒ETF,SSE,2024-01-08,0.648,0.65,0.637,0.637,0.6480000000000009,0.6500000000000009,0.6370000000000009,0.6370000000000009,1.0000000000000013,541234000.0,347178354.0,腾讯日K,2026-08-07T17:30:13,20260926T093659
512690,鹏华酒ETF,SSE,2024-01-09,0.64,0.645,0.634,0.638,0.6400000000000007,0.6450000000000007,0.6340000000000007,0.6380000000000008,1.000000000000001,496067100.0,316658099.0,腾讯日K,2026-08-07T17:30:13,20260926T093659
512690,鹏华酒ETF,SSE,2024-01-10,0.637,0.651,0.631,0.643,0.6370000000000009,0.6510000000000009,0.6310000000000009,0.6430000000000009,1.0000000000000013,605836400.0,388948040.0,腾讯日K,2026-08-07T17:30:13,20260926T093659
512690,鹏华酒ETF,SSE,2024-01-11,0.643,0.651,0.638,0.648,0.6430000000000009,0.6510000000000009,0.6380000000000009,0.6480000000000009,1.0000000000000013,536069300.0,346325490.0,腾讯日K,2026-08-07T17:30:13,20260926T093659
512690,鹏华酒ETF,SSE,2024-01-12,0.645,0.65,0.64,0.643,0.6450000000000009,0.6500000000000009,0.6400000000000009,0.6430000000000009,1.0000000000000013,455590600.0,293991929.0,腾讯日K,2026-08-07T17:30:13,20260926T093659
512690,鹏华酒ETF,SSE,2024-01-15,0.639,0.646,0.636,0.637,0.6390000000000007,0.6460000000000007,0.6360000000000007,0.6370000000000008,1.000000000000001,439861400.0,281359598.0,腾讯日K,2026-08-07T17:30:13,20260926T093659
512690,鹏华酒ETF,SSE,2024-01-16,0.637,0.644,0.632,0.639,0.6370000000000009,0.6440000000000009,0.6320000000000009,0.6390000000000009,1.0000000000000013,455817200.0,290694508.0,腾讯日K,2026-08-07T17:30:13,20260926T093659
512690,鹏华酒ETF,SSE,2024-01-17,0.637,0.637,0.618,0.619,0.6370000000000009,0.6370000000000009,0.6180000000000008,0.6190000000000008,1.0000000000000013,624112700.0,390672470.0,腾讯日K,2026-08-07T17:30:13,20260926T093659
512690,鹏华酒ETF,SSE,2024-01-18,0.616,0.632,0.61,0.631,0.6160000000000008,0.6320000000000009,0.6100000000000008,0.6310000000000009,1.0000000000000013,720285100.0,445874873.0,腾讯日K,2026-08-07T17:30:13,20260926T093659
512690,鹏华酒ETF,SSE,2024-01-19,0.627,0.638,0.625,0.633,0.6270000000000009,0.6380000000000009,0.6250000000000009,0.6330000000000009,1.0000000000000013,548190800.0,346679216.0,腾讯日K,2026-08-07T17:30:13,20260926T093659
512690,鹏华酒ETF,SSE,2024-01-22,0.632,0.632,0.614,0.617,0.6320000000000009,0.6320000000000009,0.6140000000000008,0.6170000000000008,1.0000000000000013,582217700.0,363663350.0,腾讯日K,2026-08-07T17:30:13,20260926T093659
512690,鹏华酒ETF,SSE,2024-01-23,0.617,0.624,0.611,0.619,0.6170000000000008,0.6240000000000008,0.6110000000000008,0.6190000000000008,1.0000000000000013,508229000.0,313301608.0,腾讯日K,2026-08-07T17:30:13,20260926T093659
512690,鹏华酒ETF,SSE,2024-01-24,0.622,0.625,0.604,0.62,0.6220000000000008,0.6250000000000009,0.6040000000000008,0.6200000000000009,1.0000000000000013,615164000.0,377670047.0,腾讯日K,2026-08-07T17:30:13,20260926T093659
512690,鹏华酒ETF,SSE,2024-01-25,0.618,0.635,0.614,0.633,0.6180000000000008,0.6350000000000009,0.6140000000000008,0.6330000000000009,1.0000000000000013,821045300.0,513532719.0,腾讯日K,2026-08-07T17:30:13,20260926T093659
512690,鹏华酒ETF,SSE,2024-01-26,0.629,0.639,0.627,0.632,0.6290000000000009,0.6390000000000009,0.6270000000000009,0.6320000000000009,1.0000000000000013,495784100.0,313373982.0,腾讯日K,2026-08-07T17:30:13,20260926T093659
512690,鹏华酒ETF,SSE,2024-01-29,0.632,0.647,0.631,0.636,0.6320000000000009,0.6470000000000009,0.6310000000000009,0.6360000000000009,1.0000000000000013,765005900.0,488901412.0,腾讯日K,2026-08-07T17:30:13,20260926T093659
512690,鹏华酒ETF,SSE,2024-01-30,0.63,0.631,0.611,0.612,0.6300000000000009,0.6310000000000009,0.6110000000000008,0.6120000000000008,1.0000000000000013,551489400.0,341571760.0,腾讯日K,2026-08-07T17:30:13,20260926T093659
512690,鹏华酒ETF,SSE,2024-01-31,0.61,0.617,0.603,0.604,0.6100000000000008,0.6170000000000008,0.6030000000000008,0.6040000000000008,1.0000000000000013,443646100.0,269558091.0,腾讯日K,2026-08-07T17:30:13,20260926T093659
512690,鹏华酒ETF,SSE,2024-02-01,0.603,0.611,0.598,0.605,0.6030000000000008,0.6110000000000008,0.5980000000000008,0.6050000000000008,1.0000000000000013,405766100.0,245481002.0,腾讯日K,2026-08-07T17:30:13,20260926T093659
512690,鹏华酒ETF,SSE,2024-02-02,0.605,0.618,0.584,0.602,0.6050000000000008,0.6180000000000008,0.5840000000000007,0.6020000000000008,1.0000000000000013,670865200.0,406148590.0,腾讯日K,2026-08-07T17:30:13,20260926T093659
512690,鹏华酒ETF,SSE,2024-02-05,0.595,0.608,0.585,0.598,0.5950000000000006,0.6080000000000007,0.5850000000000006,0.5980000000000006,1.000000000000001,696798700.0,415788500.0,腾讯日K,2026-08-07T17:30:13,20260926T093659
512690,鹏华酒ETF,SSE,2024-02-06,0.598,0.629,0.596,0.628,0.5980000000000006,0.6290000000000007,0.5960000000000006,0.6280000000000007,1.000000000000001,828200900.0,510970510.0,腾讯日K,2026-08-07T17:30:13,20260926T093659
512690,鹏华酒ETF,SSE,2024-02-07,0.628,0.642,0.624,0.64,0.6280000000000007,0.6420000000000007,0.6240000000000007,0.6400000000000007,1.000000000000001,651565000.0,413582048.0,腾讯日K,2026-08-07T17:30:13,20260926T093659
512690,鹏华酒ETF,SSE,2024-02-08,0.643,0.65,0.634,0.641,0.6430000000000006,0.6500000000000006,0.6340000000000006,0.6410000000000006,1.0000000000000009,600875900.0,385165079.0,腾讯日K,2026-08-07T17:30:13,20260926T093659
512690,鹏华酒ETF,SSE,2024-02-19,0.653,0.656,0.637,0.642,0.6530000000000006,0.6560000000000006,0.6370000000000006,0.6420000000000006,1.0000000000000009,534524900.0,345460359.0,腾讯日K,2026-08-07T17:30:13,20260926T093659
512690,鹏华酒ETF,SSE,2024-02-20,0.641,0.644,0.629,0.634,0.6410000000000006,0.6440000000000006,0.6290000000000006,0.6340000000000006,1.0000000000000009,358846300.0,227606595.0,腾讯日K,2026-08-07T17:30:13,20260926T093659
512690,鹏华酒ETF,SSE,2024-02-21,0.632,0.675,0.63,0.666,0.6320000000000007,0.6750000000000008,0.6300000000000007,0.6660000000000007,1.000000000000001,1123653000.0,739091047.0,腾讯日K,2026-08-07T17:30:13,20260926T093659
512690,鹏华酒ETF,SSE,2024-02-22,0.66,0.669,0.656,0.667,0.6600000000000006,0.6690000000000006,0.6560000000000006,0.6670000000000007,1.0000000000000009,593569200.0,393446891.0,腾讯日K,2026-08-07T17:30:13,20260926T093659
512690,鹏华酒ETF,SSE,2024-02-23,0.665,0.679,0.661,0.671,0.6650000000000006,0.6790000000000006,0.6610000000000006,0.6710000000000006,1.0000000000000009,586571400.0,393269027.0,腾讯日K,2026-08-07T17:30:13,20260926T093659
512690,鹏华酒ETF,SSE,2024-02-26,0.667,0.674,0.659,0.661,0.6670000000000005,0.6740000000000005,0.6590000000000005,0.6610000000000005,1.0000000000000007,414230300.0,274898695.0,腾讯日K,2026-08-07T17:30:13,20260926T093659
512690,鹏华酒ETF,SSE,2024-02-27,0.658,0.666,0.656,0.665,0.6580000000000006,0.6660000000000006,0.6560000000000006,0.6650000000000006,1.0000000000000009,509561300.0,336283697.0,腾讯日K,2026-08-07T17:30:13,20260926T093659
512690,鹏华酒ETF,SSE,2024-02-28,0.663,0.669,0.655,0.655,0.6630000000000006,0.6690000000000006,0.6550000000000006,0.6550000000000006,1.0000000000000009,698338400.0,462792932.0,腾讯日K,2026-08-07T17:30:13,20260926T093659
512690,鹏华酒ETF,SSE,2024-02-29,0.652,0.672,0.65,0.671,0.6520000000000006,0.6720000000000006,0.6500000000000006,0.6710000000000006,1.0000000000000009,721858700.0,479318665.0,腾讯日K,2026-08-07T17:30:13,20260926T093659
512690,鹏华酒ETF,SSE,2024-03-01,0.667,0.675,0.662,0.672,0.6670000000000006,0.6750000000000006,0.6620000000000006,0.6720000000000007,1.0000000000000009,465700200.0,311640502.0,腾讯日K,2026-08-07T17:30:13,20260926T093659
512690,鹏华酒ETF,SSE,2024-03-04,0.67,0.671,0.661,0.665,0.6700000000000008,0.6710000000000008,0.6610000000000008,0.6650000000000007,1.000000000000001,550035300.0,365361384.0,腾讯日K,2026-08-07T17:30:13,20260926T093659
512690,鹏华酒ETF,SSE,2024-03-05,0.66,0.674,0.66,0.673,0.6600000000000006,0.6740000000000006,0.6600000000000006,0.6730000000000007,1.0000000000000009,678387900.0,452969398.0,腾讯日K,2026-08-07T17:30:13,20260926T093659
512690,鹏华酒ETF,SSE,2024-03-06,0.669,0.671,0.66,0.663,0.6690000000000006,0.6710000000000006,0.6600000000000006,0.6630000000000006,1.0000000000000009,449057900.0,297935916.0,腾讯日K,2026-08-07T17:30:13,20260926T093659
512690,鹏华酒ETF,SSE,2024-03-07,0.662,0.667,0.658,0.659,0.6620000000000008,0.6670000000000008,0.6580000000000008,0.6590000000000007,1.000000000000001,448700300.0,297138057.0,腾讯日K,2026-08-07T17:30:13,20260926T093659
512690,鹏华酒ETF,SSE,2024-03-08,0.658,0.662,0.649,0.655,0.6580000000000006,0.6620000000000006,0.6490000000000006,0.6550000000000006,1.0000000000000009,544783300.0,356472473.0,腾讯日K,2026-08-07T17:30:13,20260926T093659
512690,鹏华酒ETF,SSE,2024-03-11,0.654,0.672,0.654,0.672,0.6540000000000006,0.6720000000000006,0.6540000000000006,0.6720000000000007,1.0000000000000009,684125300.0,456096989.0,腾讯日K,2026-08-07T17:30:13,20260926T093659
512690,鹏华酒ETF,SSE,2024-03-12,0.672,0.706,0.672,0.704,0.6720000000000008,0.7060000000000007,0.6720000000000008,0.7040000000000007,1.000000000000001,1307439300.0,908370660.0,腾讯日K,2026-08-07T17:30:13,20260926T093659
512690,鹏华酒ETF,SSE,2024-03-13,0.7,0.706,0.694,0.701,0.7000000000000007,0.7060000000000007,0.6940000000000007,0.7010000000000007,1.000000000000001,588818500.0,412374483.0,腾讯日K,2026-08-07T17:30:13,20260926T093659
512690,鹏华酒ETF,SSE,2024-03-14,0.697,0.71,0.693,0.699,0.6970000000000006,0.7100000000000006,0.6930000000000006,0.6990000000000006,1.0000000000000009,551288700.0,386371712.0,腾讯日K,2026-08-07T17:30:13,20260926T093659
512690,鹏华酒ETF,SSE,2024-03-15,0.696,0.71,0.695,0.704,0.6960000000000007,0.7100000000000007,0.6950000000000007,0.7040000000000007,1.000000000000001,446233700.0,313529881.0,腾讯日K,2026-08-07T17:30:13,20260926T093659
512690,鹏华酒ETF,SSE,2024-03-18,0.701,0.704,0.694,0.704,0.7010000000000007,0.7040000000000007,0.6940000000000007,0.7040000000000007,1.000000000000001,451837300.0,316653139.0,腾讯日K,2026-08-07T17:30:13,20260926T093659
512690,鹏华酒ETF,SSE,2024-03-19,0.702,0.718,0.698,0.712,0.7020000000000008,0.718000000000001,0.6980000000000008,0.7120000000000009,1.0000000000000013,699289600.0,497812349.0,腾讯日K,2026-08-07T17:30:13,20260926T093659
512690,鹏华酒ETF,SSE,2024-03-20,0.708,0.712,0.705,0.709,0.7080000000000009,0.712000000000001,0.7050000000000008,0.7090000000000009,1.0000000000000013,341971200.0,242371762.0,腾讯日K,2026-08-07T17:30:13,20260926T093659
512690,鹏华酒ETF,SSE,2024-03-21,0.71,0.719,0.707,0.712,0.710000000000001,0.719000000000001,0.7070000000000008,0.7120000000000009,1.0000000000000013,401381500.0,285898172.0,腾讯日K,2026-08-07T17:30:13,20260926T093659
512690,鹏华酒ETF,SSE,2024-03-22,0.711,0.711,0.691,0.696,0.7110000000000007,0.7110000000000007,0.6910000000000007,0.6960000000000007,1.000000000000001,514194000.0,358473849.0,腾讯日K,2026-08-07T17:30:13,20260926T093659
512690,鹏华酒ETF,SSE,2024-03-25,0.692,0.695,0.684,0.689,0.6920000000000007,0.6950000000000007,0.6840000000000008,0.6890000000000007,1.000000000000001,374659000.0,258380190.0,腾讯日K,2026-08-07T17:30:13,20260926T093659
512690,鹏华酒ETF,SSE,2024-03-26,0.69,0.702,0.688,0.7,0.6900000000000007,0.7020000000000007,0.6880000000000007,0.7000000000000007,1.000000000000001,542203100.0,377883881.0,腾讯日K,2026-08-07T17:30:13,20260926T093659
512690,鹏华酒ETF,SSE,2024-03-27,0.699,0.702,0.689,0.691,0.6990000000000008,0.7020000000000008,0.6890000000000008,0.6910000000000008,1.0000000000000013,399623500.0,277760503.0,腾讯日K,2026-08-07T17:30:13,20260926T093659
512690,鹏华酒ETF,SSE,2024-03-28,0.688,0.7,0.686,0.692,0.6880000000000007,0.7000000000000007,0.6860000000000008,0.6920000000000007,1.000000000000001,388378800.0,269120794.0,腾讯日K,2026-08-07T17:30:13,20260926T093659
512690,鹏华酒ETF,SSE,2024-03-29,0.69,0.695,0.686,0.691,0.6900000000000008,0.6950000000000008,0.6860000000000009,0.6910000000000008,1.0000000000000013,339131500.0,234110393.0,腾讯日K,2026-08-07T17:30:13,20260926T093659
512690,鹏华酒ETF,SSE,2024-04-01,0.695,0.717,0.694,0.71,0.6950000000000008,0.717000000000001,0.6940000000000008,0.7100000000000009,1.0000000000000013,696742700.0,493675188.0,腾讯日K,2026-08-07T17:30:13,20260926T093659
512690,鹏华酒ETF,SSE,2024-04-02,0.709,0.711,0.703,0.706,0.7090000000000007,0.7110000000000007,0.7030000000000007,0.7060000000000007,1.000000000000001,442883800.0,313139366.0,腾讯日K,2026-08-07T17:30:13,20260926T093659
512690,鹏华酒ETF,SSE,2024-04-03,0.709,0.714,0.701,0.706,0.7090000000000007,0.7140000000000007,0.7010000000000007,0.7060000000000007,1.000000000000001,394427200.0,278974408.0,腾讯日K,2026-08-07T17:30:13,20260926T093659
512690,鹏华酒ETF,SSE,2024-04-08,0.701,0.701,0.677,0.678,0.7010000000000006,0.7010000000000006,0.6770000000000006,0.6780000000000007,1.0000000000000009,615023900.0,419704409.0,腾讯日K,2026-08-07T17:30:13,20260926T093659
512690,鹏华酒ETF,SSE,2024-04-09,0.675,0.683,0.673,0.679,0.6750000000000006,0.6830000000000006,0.6730000000000006,0.6790000000000007,1.0000000000000009,334122200.0,226215726.0,腾讯日K,2026-08-07T17:30:13,20260926T093659
512690,鹏华酒ETF,SSE,2024-04-10,0.678,0.679,0.664,0.668,0.6780000000000006,0.6790000000000006,0.6640000000000006,0.6680000000000007,1.0000000000000009,542450000.0,362709704.0,腾讯日K,2026-08-07T17:30:13,20260926T093659
512690,鹏华酒ETF,SSE,2024-04-11,0.664,0.669,0.662,0.669,0.6640000000000006,0.6690000000000006,0.6620000000000006,0.6690000000000006,1.0000000000000009,371355100.0,247107108.0,腾讯日K,2026-08-07T17:30:13,20260926T093659
512690,鹏华酒ETF,SSE,2024-04-12,0.668,0.673,0.656,0.658,0.6680000000000008,0.6730000000000008,0.6560000000000008,0.6580000000000007,1.000000000000001,391718300.0,259591843.0,腾讯日K,2026-08-07T17:30:13,20260926T093659
512690,鹏华酒ETF,SSE,2024-04-15,0.656,0.681,0.655,0.678,0.6560000000000006,0.6810000000000006,0.6550000000000006,0.6780000000000007,1.0000000000000009,565524900.0,380722089.0,腾讯日K,2026-08-07T17:30:13,20260926T093659
512690,鹏华酒ETF,SSE,2024-04-16,0.675,0.677,0.664,0.666,0.6750000000000008,0.6770000000000008,0.6640000000000008,0.6660000000000007,1.000000000000001,374093900.0,250516287.0,腾讯日K,2026-08-07T17:30:13,20260926T093659
512690,鹏华酒ETF,SSE,2024-04-17,0.666,0.67,0.663,0.669,0.6660000000000006,0.6700000000000006,0.6630000000000006,0.6690000000000006,1.0000000000000009,353972900.0,236114797.0,腾讯日K,2026-08-07T17:30:13,20260926T093659
512690,鹏华酒ETF,SSE,2024-04-18,0.667,0.678,0.661,0.67,0.6670000000000008,0.6780000000000008,0.6610000000000008,0.6700000000000008,1.000000000000001,414138700.0,277765718.0,腾讯日K,2026-08-07T17:30:13,20260926T093659
512690,鹏华酒ETF,SSE,2024-04-19,0.665,0.666,0.655,0.659,0.6650000000000008,0.6660000000000008,0.6550000000000008,0.6590000000000007,1.000000000000001,419313000.0,276520344.0,腾讯日K,2026-08-07T17:30:13,20260926T093659
512690,鹏华酒ETF,SSE,2024-04-22,0.663,0.678,0.662,0.673,0.6630000000000006,0.6780000000000006,0.6620000000000006,0.6730000000000007,1.0000000000000009,456118500.0,306306090.0,腾讯日K,2026-08-07T17:30:13,20260926T093659
512690,鹏华酒ETF,SSE,2024-04-23,0.673,0.683,0.671,0.683,0.6730000000000006,0.6830000000000006,0.6710000000000006,0.6830000000000006,1.0000000000000009,523430700.0,355442469.0,腾讯日K,2026-08-07T17:30:13,20260926T093659
512690,鹏华酒ETF,SSE,2024-04-24,0.683,0.685,0.675,0.684,0.6830000000000006,0.6850000000000006,0.6750000000000006,0.6840000000000006,1.0000000000000009,400498200.0,272764798.0,腾讯日K,2026-08-07T17:30:13,20260926T093659
512690,鹏华酒ETF,SSE,2024-04-25,0.68,0.683,0.675,0.68,0.6800000000000006,0.6830000000000006,0.6750000000000006,0.6800000000000006,1.0000000000000009,246233100.0,167195868.0,腾讯日K,2026-08-07T17:30:13,20260926T093659
512690,鹏华酒ETF,SSE,2024-04-26,0.682,0.698,0.682,0.695,0.6820000000000006,0.6980000000000006,0.6820000000000006,0.6950000000000006,1.0000000000000009,447049800.0,308800755.0,腾讯日K,2026-08-07T17:30:13,20260926T093659
512690,鹏华酒ETF,SSE,2024-04-29,0.692,0.712,0.689,0.701,0.6920000000000006,0.7120000000000006,0.6890000000000006,0.7010000000000006,1.0000000000000009,713861300.0,501431695.0,腾讯日K,2026-08-07T17:30:13,20260926T093659
512690,鹏华酒ETF,SSE,2024-04-30,0.701,0.711,0.698,0.699,0.7010000000000006,0.7110000000000006,0.6980000000000006,0.6990000000000005,1.0000000000000009,396699000.0,279365286.0,腾讯日K,2026-08-07T17:30:13,20260926T093659
512690,鹏华酒ETF,SSE,2024-05-06,0.709,0.733,0.709,0.724,0.7090000000000004,0.7330000000000004,0.7090000000000004,0.7240000000000004,1.0000000000000007,873115300.0,632439392.0,腾讯日K,2026-08-07T17:30:13,20260926T093659
512690,鹏华酒ETF,SSE,2024-05-07,0.724,0.729,0.716,0.727,0.7240000000000004,0.7290000000000004,0.7160000000000004,0.7270000000000005,1.0000000000000007,438926800.0,317971122.0,腾讯日K,2026-08-07T17:30:13,20260926T093659
512690,鹏华酒ETF,SSE,2024-05-08,0.725,0.727,0.716,0.719,0.7250000000000004,0.7270000000000004,0.7160000000000004,0.7190000000000005,1.0000000000000007,373304900.0,268861925.0,腾讯日K,2026-08-07T17:30:13,20260926T093659
512690,鹏华酒ETF,SSE,2024-05-09,0.718,0.723,0.717,0.72,0.7180000000000004,0.7230000000000004,0.7170000000000004,0.7200000000000005,1.0000000000000007,408612800.0,293846418.0,腾讯日K,2026-08-07T17:30:13,20260926T093659
512690,鹏华酒ETF,SSE,2024-05-10,0.723,0.726,0.711,0.716,0.7230000000000006,0.7260000000000006,0.7110000000000006,0.7160000000000006,1.0000000000000009,359197200.0,257233115.0,腾讯日K,2026-08-07T17:30:13,20260926T093659
512690,鹏华酒ETF,SSE,2024-05-13,0.711,0.711,0.698,0.701,0.7110000000000006,0.7110000000000006,0.6980000000000006,0.7010000000000006,1.0000000000000009,509625000.0,357330747.0,腾讯日K,2026-08-07T17:30:13,20260926T093659
512690,鹏华酒ETF,SSE,2024-05-14,0.7,0.707,0.698,0.704,0.7000000000000006,0.7070000000000006,0.6980000000000006,0.7040000000000005,1.0000000000000009,319234700.0,224293332.0,腾讯日K,2026-08-07T17:30:13,20260926T093659
512690,鹏华酒ETF,SSE,2024-05-15,0.703,0.706,0.7,0.7,0.7030000000000006,0.7060000000000006,0.7000000000000006,0.7000000000000005,1.0000000000000009,252217900.0,177216636.0,腾讯日K,2026-08-07T17:30:13,20260926T093659
512690,鹏华酒ETF,SSE,2024-05-16,0.703,0.713,0.695,0.708,0.7030000000000006,0.7130000000000006,0.6950000000000006,0.7080000000000005,1.0000000000000009,506365700.0,357475849.0,腾讯日K,2026-08-07T17:30:13,20260926T093659
512690,鹏华酒ETF,SSE,2024-05-17,0.708,0.719,0.705,0.719,0.7080000000000004,0.7190000000000004,0.7050000000000004,0.7190000000000005,1.0000000000000007,712153100.0,506640334.0,腾讯日K,2026-08-07T17:30:13,20260926T093659
512690,鹏华酒ETF,SSE,2024-05-20,0.72,0.733,0.72,0.722,0.7200000000000004,0.7330000000000004,0.7200000000000004,0.7220000000000005,1.0000000000000007,556581200.0,404221661.0,腾讯日K,2026-08-07T17:30:13,20260926T093659
512690,鹏华酒ETF,SSE,2024-05-21,0.718,0.723,0.713,0.718,0.7180000000000004,0.7230000000000004,0.7130000000000004,0.7180000000000004,1.0000000000000007,442305600.0,317351743.0,腾讯日K,2026-08-07T17:30:13,20260926T093659
512690,鹏华酒ETF,SSE,2024-05-22,0.717,0.719,0.707,0.711,0.7170000000000004,0.7190000000000004,0.7070000000000004,0.7110000000000004,1.0000000000000007,409702000.0,291497126.0,腾讯日K,2026-08-07T17:30:13,20260926T093659
512690,鹏华酒ETF,SSE,2024-05-23,0.711,0.713,0.7,0.701,0.7110000000000006,0.7130000000000006,0.7000000000000006,0.7010000000000005,1.0000000000000009,333913500.0,234901314.0,腾讯日K,2026-08-07T17:30:13,20260926T093659
512690,鹏华酒ETF,SSE,2024-05-24,0.7,0.701,0.691,0.692,0.7000000000000006,0.7010000000000006,0.6910000000000006,0.6920000000000005,1.0000000000000009,325321600.0,225895038.0,腾讯日K,2026-08-07T17:30:13,20260926T093659
512690,鹏华酒ETF,SSE,2024-05-27,0.693,0.697,0.689,0.693,0.6930000000000006,0.6970000000000006,0.6890000000000006,0.6930000000000005,1.0000000000000009,443674200.0,306757814.0,腾讯日K,2026-08-07T17:30:13,20260926T093659
512690,鹏华酒ETF,SSE,2024-05-28,0.692,0.693,0.684,0.685,0.6920000000000006,0.6930000000000006,0.6840000000000006,0.6850000000000006,1.0000000000000009,356938000.0,245269950.0,腾讯日K,2026-08-07T17:30:13,20260926T093659
512690,鹏华酒ETF,SSE,2024-05-29,0.684,0.689,0.68,0.683,0.6840000000000006,0.6890000000000006,0.6800000000000006,0.6830000000000006,1.0000000000000009,362901800.0,248336104.0,腾讯日K,2026-08-07T17:30:13,20260926T093659
512690,鹏华酒ETF,SSE,2024-05-30,0.68,0.681,0.67,0.672,0.6800000000000006,0.6810000000000006,0.6700000000000006,0.6720000000000007,1.0000000000000009,504641300.0,339900645.0,腾讯日K,2026-08-07T17:30:13,20260926T093659
512690,鹏华酒ETF,SSE,2024-05-31,0.673,0.678,0.673,0.674,0.6730000000000006,0.6780000000000006,0.6730000000000006,0.6740000000000007,1.0000000000000009,344117200.0,232447148.0,腾讯日K,2026-08-07T17:30:13,20260926T093659
512690,鹏华酒ETF,SSE,2024-06-03,0.674,0.678,0.667,0.671,0.6740000000000006,0.6780000000000006,0.6670000000000006,0.6710000000000007,1.0000000000000009,425759900.0,285809027.0,腾讯日K,2026-08-07T17:30:13,20260926T093659
512690,鹏华酒ETF,SSE,2024-06-04,0.671,0.68,0.668,0.679,0.6710000000000006,0.6800000000000006,0.6680000000000006,0.6790000000000007,1.0000000000000009,490005000.0,331001432.0,腾讯日K,2026-08-07T17:30:13,20260926T093659
512690,鹏华酒ETF,SSE,2024-06-05,0.677,0.682,0.67,0.671,0.6770000000000006,0.6820000000000006,0.6700000000000006,0.6710000000000007,1.0000000000000009,465453800.0,313877965.0,腾讯日K,2026-08-07T17:30:13,20260926T093659
512690,鹏华酒ETF,SSE,2024-06-06,0.671,0.673,0.66,0.664,0.6710000000000008,0.6730000000000008,0.6600000000000008,0.6640000000000007,1.000000000000001,638371000.0,424163877.0,腾讯日K,2026-08-07T17:30:13,20260926T093659
512690,鹏华酒ETF,SSE,2024-06-07,0.666,0.667,0.653,0.656,0.6660000000000008,0.6670000000000008,0.6530000000000008,0.6560000000000008,1.000000000000001,453624300.0,298354468.0,腾讯日K,2026-08-07T17:30:13,20260926T093659
512690,鹏华酒ETF,SSE,2024-06-11,0.652,0.653,0.637,0.643,0.6520000000000008,0.6530000000000008,0.6370000000000007,0.6430000000000007,1.000000000000001,669976400.0,430271893.0,腾讯日K,2026-08-07T17:30:13,20260926T093659
512690,鹏华酒ETF,SSE,2024-06-12,0.64,0.647,0.639,0.641,0.6400000000000007,0.6470000000000007,0.6390000000000007,0.6410000000000008,1.000000000000001,496354700.0,319082939.0,腾讯日K,2026-08-07T17:30:13,20260926T093659
512690,鹏华酒ETF,SSE,2024-06-13,0.642,0.642,0.63,0.632,0.6420000000000007,0.6420000000000007,0.6300000000000007,0.6320000000000007,1.000000000000001,540981300.0,342477931.0,腾讯日K,2026-08-07T17:30:13,20260926T093659
512690,鹏华酒ETF,SSE,2024-06-14,0.63,0.636,0.62,0.635,0.6300000000000009,0.6360000000000009,0.6200000000000008,0.6350000000000008,1.0000000000000013,814396800.0,511223394.0,腾讯日K,2026-08-07T17:30:13,20260926T093659
512690,鹏华酒ETF,SSE,2024-06-17,0.628,0.636,0.62,0.634,0.6280000000000007,0.6360000000000007,0.6200000000000007,0.6340000000000007,1.000000000000001,676702800.0,425371012.0,腾讯日K,2026-08-07T17:30:13,20260926T093659
512690,鹏华酒ETF,SSE,2024-06-18,0.631,0.639,0.623,0.626,0.6310000000000007,0.6390000000000007,0.6230000000000007,0.6260000000000007,1.000000000000001,825185900.0,519297825.0,腾讯日K,2026-08-07T17:30:13,20260926T093659
512690,鹏华酒ETF,SSE,2024-06-19,0.626,0.63,0.62,0.623,0.6260000000000006,0.6300000000000006,0.6200000000000006,0.6230000000000006,1.0000000000000009,546333100.0,341589088.0,腾讯日K,2026-08-07T17:30:13,20260926T093659
512690,鹏华酒ETF,SSE,2024-06-20,0.623,0.628,0.617,0.617,0.6230000000000006,0.6280000000000006,0.6170000000000005,0.6170000000000005,1.0000000000000009,579565100.0,359086864.0,腾讯日K,2026-08-07T17:30:13,20260926T093659
512690,鹏华酒ETF,SSE,2024-06-21,0.615,0.617,0.603,0.606,0.6150000000000005,0.6170000000000005,0.6030000000000005,0.6060000000000005,1.0000000000000009,687912400.0,418397620.0,腾讯日K,2026-08-07T17:30:13,20260926T093659
512690,鹏华酒ETF,SSE,2024-06-24,0.595,0.616,0.591,0.607,0.5950000000000006,0.6160000000000007,0.5910000000000006,0.6070000000000007,1.000000000000001,752109400.0,453843157.0,腾讯日K,2026-08-07T17:30:13,20260926T093659
512690,鹏华酒ETF,SSE,2024-06-25,0.607,0.615,0.602,0.607,0.6070000000000007,0.6150000000000007,0.6020000000000006,0.6070000000000007,1.000000000000001,628047500.0,382774418.0,腾讯日K,2026-08-07T17:30:13,20260926T093659
512690,鹏华酒ETF,SSE,2024-06-26,0.604,0.611,0.602,0.61,0.6040000000000005,0.6110000000000005,0.6020000000000005,0.6100000000000005,1.0000000000000009,459164700.0,279174589.0,腾讯日K,2026-08-07T17:30:13,20260926T093659
512690,鹏华酒ETF,SSE,2024-06-27,0.608,0.609,0.598,0.6,0.6080000000000005,0.6090000000000005,0.5980000000000005,0.6000000000000005,1.0000000000000009,491486000.0,295277972.0,腾讯日K,2026-08-07T17:30:13,20260926T093659
512690,鹏华酒ETF,SSE,2024-06-28,0.597,0.603,0.588,0.59,0.5970000000000005,0.6030000000000005,0.5880000000000005,0.5900000000000005,1.0000000000000009,699566500.0,415921957.0,腾讯日K,2026-08-07T17:30:13,20260926T093659
512690,鹏华酒ETF,SSE,2024-07-01,0.589,0.592,0.577,0.586,0.5890000000000005,0.5920000000000005,0.5770000000000005,0.5860000000000005,1.0000000000000009,584790000.0,341074297.0,腾讯日K,2026-08-07T17:30:13,20260926T093659
512690,鹏华酒ETF,SSE,2024-07-02,0.583,0.602,0.581,0.595,0.5830000000000006,0.6020000000000006,0.5810000000000006,0.5950000000000006,1.000000000000001,754225000.0,447751529.0,腾讯日K,2026-08-07T17:30:13,20260926T093659
512690,鹏华酒ETF,SSE,2024-07-03,0.595,0.597,0.588,0.59,0.5950000000000006,0.5970000000000006,0.5880000000000006,0.5900000000000006,1.000000000000001,408620600.0,241831680.0,腾讯日K,2026-08-07T17:30:13,20260926T093659
512690,鹏华酒ETF,SSE,2024-07-04,0.59,0.593,0.58,0.58,0.5900000000000006,0.5930000000000006,0.5800000000000006,0.5800000000000006,1.000000000000001,430736800.0,251731337.0,腾讯日K,2026-08-07T17:30:13,20260926T093659
512690,鹏华酒ETF,SSE,2024-07-05,0.578,0.584,0.57,0.575,0.5780000000000006,0.5840000000000006,0.5700000000000006,0.5750000000000006,1.000000000000001,575609800.0,330832267.0,腾讯日K,2026-08-07T17:30:13,20260926T093659
512690,鹏华酒ETF,SSE,2024-07-08,0.572,0.574,0.558,0.559,0.5720000000000006,0.5740000000000006,0.5580000000000007,0.5590000000000007,1.000000000000001,562733900.0,317192147.0,腾讯日K,2026-08-07T17:30:13,20260926T093659
512690,鹏华酒ETF,SSE,2024-07-09,0.56,0.57,0.554,0.566,0.5600000000000007,0.5700000000000006,0.5540000000000007,0.5660000000000006,1.000000000000001,636244100.0,357279950.0,腾讯日K,2026-08-07T17:30:13,20260926T093659
512690,鹏华酒ETF,SSE,2024-07-10,0.563,0.576,0.561,0.565,0.5630000000000006,0.5760000000000006,0.5610000000000007,0.5650000000000006,1.000000000000001,526963500.0,299555977.0,腾讯日K,2026-08-07T17:30:13,20260926T093659
512690,鹏华酒ETF,SSE,2024-07-11,0.572,0.587,0.568,0.582,0.5720000000000007,0.5870000000000007,0.5680000000000007,0.5820000000000007,1.0000000000000013,857488500.0,497444220.0,腾讯日K,2026-08-07T17:30:13,20260926T093659
512690,鹏华酒ETF,SSE,2024-07-12,0.584,0.59,0.58,0.587,0.5840000000000006,0.5900000000000006,0.5800000000000006,0.5870000000000006,1.000000000000001,578487600.0,338586917.0,腾讯日K,2026-08-07T17:30:13,20260926T093659
512690,鹏华酒ETF,SSE,2024-07-15,0.585,0.592,0.583,0.585,0.5850000000000006,0.5920000000000006,0.5830000000000006,0.5850000000000006,1.000000000000001,426521100.0,250178240.0,腾讯日K,2026-08-07T17:30:13,20260926T093659
512690,鹏华酒ETF,SSE,2024-07-16,0.583,0.588,0.579,0.585,0.5830000000000006,0.5880000000000006,0.5790000000000006,0.5850000000000006,1.000000000000001,380940100.0,222279372.0,腾讯日K,2026-08-07T17:30:13,20260926T093659
512690,鹏华酒ETF,SSE,2024-07-17,0.584,0.599,0.581,0.599,0.5840000000000005,0.5990000000000005,0.5810000000000005,0.5990000000000005,1.0000000000000009,668290800.0,395669376.0,腾讯日K,2026-08-07T17:30:13,20260926T093659
512690,鹏华酒ETF,SSE,2024-07-18,0.596,0.607,0.594,0.597,0.5960000000000006,0.6070000000000007,0.5940000000000006,0.5970000000000006,1.000000000000001,606455100.0,363640144.0,腾讯日K,2026-08-07T17:30:13,20260926T093659
512690,鹏华酒ETF,SSE,2024-07-19,0.594,0.61,0.591,0.609,0.5940000000000006,0.6100000000000007,0.5910000000000006,0.6090000000000007,1.000000000000001,937035800.0,564933841.0,腾讯日K,2026-08-07T17:30:13,20260926T093659
512690,鹏华酒ETF,SSE,2024-07-22,0.608,0.609,0.593,0.594,0.6080000000000007,0.6090000000000007,0.5930000000000006,0.5940000000000006,1.000000000000001,907488700.0,542296192.0,腾讯日K,2026-08-07T17:30:13,20260926T093659
512690,鹏华酒ETF,SSE,2024-07-23,0.594,0.595,0.571,0.572,0.5940000000000006,0.5950000000000006,0.5710000000000006,0.5720000000000006,1.000000000000001,727057000.0,422203643.0,腾讯日K,2026-08-07T17:30:13,20260926T093659
512690,鹏华酒ETF,SSE,2024-07-24,0.569,0.575,0.562,0.564,0.5690000000000006,0.5750000000000006,0.5620000000000007,0.5640000000000006,1.000000000000001,633808100.0,359633665.0,腾讯日K,2026-08-07T17:30:13,20260926T093659
512690,鹏华酒ETF,SSE,2024-07-25,0.562,0.57,0.56,0.564,0.5620000000000007,0.5700000000000006,0.5600000000000007,0.5640000000000006,1.000000000000001,478862000.0,270059777.0,腾讯日K,2026-08-07T17:30:13,20260926T093659
512690,鹏华酒ETF,SSE,2024-07-26,0.565,0.572,0.561,0.563,0.5650000000000006,0.5720000000000006,0.5610000000000007,0.5630000000000006,1.000000000000001,550841200.0,310988629.0,腾讯日K,2026-08-07T17:30:13,20260926T093659
512690,鹏华酒ETF,SSE,2024-07-29,0.563,0.565,0.555,0.555,0.5630000000000006,0.5650000000000006,0.5550000000000007,0.5550000000000007,1.000000000000001,491544500.0,274727489.0,腾讯日K,2026-08-07T17:30:13,20260926T093659
512690,鹏华酒ETF,SSE,2024-07-30,0.551,0.554,0.543,0.553,0.5510000000000007,0.5540000000000007,0.5430000000000006,0.5530000000000007,1.000000000000001,732651700.0,401756642.0,腾讯日K,2026-08-07T17:30:13,20260926T093659
512690,鹏华酒ETF,SSE,2024-07-31,0.552,0.576,0.551,0.572,0.5520000000000008,0.5760000000000007,0.5510000000000008,0.5720000000000007,1.0000000000000013,987464000.0,559084530.0,腾讯日K,2026-08-07T17:30:13,20260926T093659
512690,鹏华酒ETF,SSE,2024-08-01,0.571,0.572,0.557,0.559,0.5710000000000006,0.5720000000000006,0.5570000000000007,0.5590000000000007,1.000000000000001,890252000.0,500465481.0,腾讯日K,2026-08-07T17:30:13,20260926T093659
512690,鹏华酒ETF,SSE,2024-08-02,0.554,0.563,0.553,0.556,0.5540000000000007,0.5630000000000006,0.5530000000000007,0.5560000000000007,1.000000000000001,568356700.0,317231563.0,腾讯日K,2026-08-07T17:30:13,20260926T093659
512690,鹏华酒ETF,SSE,2024-08-05,0.554,0.575,0.553,0.564,0.5540000000000008,0.5750000000000007,0.5530000000000008,0.5640000000000007,1.0000000000000013,1045994600.0,593445991.0,腾讯日K,2026-08-07T17:30:13,20260926T093659
512690,鹏华酒ETF,SSE,2024-08-06,0.566,0.573,0.561,0.568,0.5660000000000006,0.5730000000000006,0.5610000000000007,0.5680000000000006,1.000000000000001,601873300.0,340793699.0,腾讯日K,2026-08-07T17:30:13,20260926T093659
512690,鹏华酒ETF,SSE,2024-08-07,0.566,0.574,0.563,0.571,0.5660000000000006,0.5740000000000006,0.5630000000000006,0.5710000000000006,1.000000000000001,576274200.0,328005211.0,腾讯日K,2026-08-07T17:30:13,20260926T093659
512690,鹏华酒ETF,SSE,2024-08-08,0.569,0.59,0.568,0.581,0.5690000000000006,0.5900000000000006,0.5680000000000006,0.5810000000000006,1.000000000000001,865909100.0,501404731.0,腾讯日K,2026-08-07T17:30:13,20260926T093659
512690,鹏华酒ETF,SSE,2024-08-09,0.586,0.589,0.577,0.578,0.5860000000000006,0.5890000000000006,0.5770000000000006,0.5780000000000006,1.000000000000001,562043700.0,327109217.0,腾讯日K,2026-08-07T17:30:13,20260926T093659
512690,鹏华酒ETF,SSE,2024-08-12,0.575,0.578,0.572,0.575,0.5750000000000006,0.5780000000000006,0.5720000000000006,0.5750000000000006,1.000000000000001,285896800.0,164392020.0,腾讯日K,2026-08-07T17:30:13,20260926T093659
512690,鹏华酒ETF,SSE,2024-08-13,0.575,0.575,0.564,0.568,0.5750000000000006,0.5750000000000006,0.5640000000000006,0.5680000000000006,1.000000000000001,351426000.0,199492847.0,腾讯日K,2026-08-07T17:30:13,20260926T093659
512690,鹏华酒ETF,SSE,2024-08-14,0.568,0.568,0.558,0.56,0.5680000000000006,0.5680000000000006,0.5580000000000007,0.5600000000000007,1.000000000000001,317696700.0,178370004.0,腾讯日K,2026-08-07T17:30:13,20260926T093659
512690,鹏华酒ETF,SSE,2024-08-15,0.558,0.569,0.557,0.563,0.5580000000000005,0.5690000000000005,0.5570000000000005,0.5630000000000005,1.0000000000000009,397882000.0,223912703.0,腾讯日K,2026-08-07T17:30:13,20260926T093659
512690,鹏华酒ETF,SSE,2024-08-16,0.562,0.563,0.557,0.56,0.5620000000000007,0.5630000000000006,0.5570000000000007,0.5600000000000007,1.000000000000001,349748200.0,195564219.0,腾讯日K,2026-08-07T17:30:13,20260926T093659
512690,鹏华酒ETF,SSE,2024-08-19,0.56,0.57,0.556,0.557,0.5600000000000007,0.5700000000000006,0.5560000000000007,0.5570000000000007,1.000000000000001,510729500.0,286854435.0,腾讯日K,2026-08-07T17:30:13,20260926T093659
512690,鹏华酒ETF,SSE,2024-08-20,0.558,0.558,0.549,0.551,0.5580000000000007,0.5580000000000007,0.5490000000000006,0.5510000000000006,1.000000000000001,370778800.0,204625690.0,腾讯日K,2026-08-07T17:30:13,20260926T093659
512690,鹏华酒ETF,SSE,2024-08-21,0.549,0.552,0.546,0.546,0.5490000000000006,0.5520000000000007,0.5460000000000006,0.5460000000000006,1.000000000000001,248643000.0,136415194.0,腾讯日K,2026-08-07T17:30:13,20260926T093659
512690,鹏华酒ETF,SSE,2024-08-22,0.546,0.547,0.533,0.537,0.5460000000000006,0.5470000000000006,0.5330000000000006,0.5370000000000006,1.000000000000001,451593500.0,242987623.0,腾讯日K,2026-08-07T17:30:13,20260926T093659
512690,鹏华酒ETF,SSE,2024-08-23,0.536,0.543,0.535,0.537,0.5360000000000006,0.5430000000000006,0.5350000000000006,0.5370000000000006,1.000000000000001,300182900.0,161709630.0,腾讯日K,2026-08-07T17:30:13,20260926T093659
512690,鹏华酒ETF,SSE,2024-08-26,0.538,0.541,0.531,0.533,0.5380000000000006,0.5410000000000006,0.5310000000000006,0.5330000000000006,1.000000000000001,354285100.0,189338734.0,腾讯日K,2026-08-07T17:30:13,20260926T093659
512690,鹏华酒ETF,SSE,2024-08-27,0.532,0.534,0.525,0.531,0.5320000000000005,0.5340000000000005,0.5250000000000005,0.5310000000000005,1.0000000000000009,664047900.0,350804345.0,腾讯日K,2026-08-07T17:30:13,20260926T093659
512690,鹏华酒ETF,SSE,2024-08-28,0.527,0.528,0.51,0.517,0.5270000000000005,0.5280000000000005,0.5100000000000005,0.5170000000000005,1.0000000000000009,748349300.0,385903661.0,腾讯日K,2026-08-07T17:30:13,20260926T093659
512690,鹏华酒ETF,SSE,2024-08-29,0.515,0.533,0.514,0.529,0.5150000000000006,0.5330000000000006,0.5140000000000006,0.5290000000000006,1.000000000000001,954412000.0,502481088.0,腾讯日K,2026-08-07T17:30:13,20260926T093659
512690,鹏华酒ETF,SSE,2024-08-30,0.527,0.554,0.524,0.547,0.5270000000000006,0.5540000000000007,0.5240000000000006,0.5470000000000006,1.000000000000001,802378500.0,434541152.0,腾讯日K,2026-08-07T17:30:13,20260926T093659
512690,鹏华酒ETF,SSE,2024-09-02,0.542,0.542,0.525,0.526,0.5420000000000006,0.5420000000000006,0.5250000000000006,0.5260000000000006,1.000000000000001,583647800.0,310662803.0,腾讯日K,2026-08-07T17:30:13,20260926T093659
512690,鹏华酒ETF,SSE,2024-09-03,0.526,0.537,0.526,0.533,0.5260000000000006,0.5370000000000006,0.5260000000000006,0.5330000000000006,1.000000000000001,451670900.0,240151043.0,腾讯日K,2026-08-07T17:30:13,20260926T093659
512690,鹏华酒ETF,SSE,2024-09-04,0.529,0.536,0.527,0.528,0.5290000000000006,0.5360000000000006,0.5270000000000006,0.5280000000000006,1.000000000000001,259980800.0,137811040.0,腾讯日K,2026-08-07T17:30:13,20260926T093659
512690,鹏华酒ETF,SSE,2024-09-05,0.527,0.532,0.526,0.53,0.5270000000000006,0.5320000000000006,0.5260000000000006,0.5300000000000006,1.000000000000001,316290100.0,167287866.0,腾讯日K,2026-08-07T17:30:13,20260926T093659
512690,鹏华酒ETF,SSE,2024-09-06,0.53,0.53,0.521,0.521,0.5300000000000006,0.5300000000000006,0.5210000000000006,0.5210000000000006,1.000000000000001,272657900.0,143038503.0,腾讯日K,2026-08-07T17:30:13,20260926T093659
512690,鹏华酒ETF,SSE,2024-09-09,0.518,0.52,0.511,0.513,0.5180000000000006,0.5200000000000006,0.5110000000000006,0.5130000000000006,1.000000000000001,404469800.0,208115569.0,腾讯日K,2026-08-07T17:30:13,20260926T093659
512690,鹏华酒ETF,SSE,2024-09-10,0.514,0.521,0.512,0.516,0.5140000000000006,0.5210000000000006,0.5120000000000006,0.5160000000000006,1.000000000000001,467209300.0,241009621.0,腾讯日K,2026-08-07T17:30:13,20260926T093659
512690,鹏华酒ETF,SSE,2024-09-11,0.514,0.518,0.509,0.512,0.5140000000000006,0.5180000000000006,0.5090000000000006,0.5120000000000006,1.000000000000001,393654100.0,201993097.0,腾讯日K,2026-08-07T17:30:13,20260926T093659
512690,鹏华酒ETF,SSE,2024-09-12,0.513,0.515,0.501,0.502,0.5130000000000006,0.5150000000000006,0.5010000000000006,0.5020000000000006,1.000000000000001,711142800.0,360876902.0,腾讯日K,2026-08-07T17:30:13,20260926T093659
512690,鹏华酒ETF,SSE,2024-09-13,0.501,0.502,0.489,0.49,0.5010000000000006,0.5020000000000006,0.48900000000000055,0.49000000000000055,1.000000000000001,688679200.0,340183192.0,腾讯日K,2026-08-07T17:30:13,20260926T093659
512690,鹏华酒ETF,SSE,2024-09-18,0.488,0.49,0.48,0.485,0.48800000000000054,0.49000000000000055,0.48000000000000054,0.4850000000000005,1.000000000000001,553871100.0,268157327.0,腾讯日K,2026-08-07T17:30:13,20260926T093659
512690,鹏华酒ETF,SSE,2024-09-19,0.486,0.507,0.482,0.498,0.48600000000000065,0.5070000000000007,0.48200000000000065,0.4980000000000006,1.0000000000000013,1186563600.0,589350826.0,腾讯日K,2026-08-07T17:30:13,20260926T093659
512690,鹏华酒ETF,SSE,2024-09-20,0.495,0.499,0.491,0.499,0.49500000000000055,0.49900000000000055,0.49100000000000055,0.49900000000000055,1.000000000000001,549442700.0,271980955.0,腾讯日K,2026-08-07T17:30:13,20260926T093659
512690,鹏华酒ETF,SSE,2024-09-23,0.498,0.51,0.498,0.5,0.49800000000000055,0.5100000000000006,0.49800000000000055,0.5000000000000006,1.000000000000001,587540300.0,296325232.0,腾讯日K,2026-08-07T17:30:13,20260926T093659
512690,鹏华酒ETF,SSE,2024-09-24,0.508,0.531,0.501,0.53,0.5080000000000006,0.5310000000000006,0.5010000000000006,0.5300000000000006,1.000000000000001,1564751200.0,811037450.0,腾讯日K,2026-08-07T17:30:13,20260926T093659
512690,鹏华酒ETF,SSE,2024-09-25,0.537,0.549,0.532,0.533,0.5370000000000007,0.5490000000000008,0.5320000000000007,0.5330000000000007,1.0000000000000013,963752600.0,521118375.0,腾讯日K,2026-08-07T17:30:13,20260926T093659
512690,鹏华酒ETF,SSE,2024-09-26,0.531,0.586,0.53,0.586,0.5310000000000007,0.5860000000000007,0.5300000000000007,0.5860000000000007,1.0000000000000013,1987141500.0,1114904438.0,腾讯日K,2026-08-07T17:30:13,20260926T093659
512690,鹏华酒ETF,SSE,2024-09-27,0.617,0.645,0.606,0.645,0.6170000000000007,0.6450000000000007,0.6060000000000006,0.6450000000000008,1.000000000000001,1582541200.0,985757527.0,腾讯日K,2026-08-07T17:30:13,20260926T093659
512690,鹏华酒ETF,SSE,2024-09-30,0.71,0.71,0.654,0.71,0.710000000000001,0.710000000000001,0.6540000000000009,0.7100000000000009,1.0000000000000013,2967942700.0,2051561693.0,腾讯日K,2026-08-07T17:30:13,20260926T093659
512690,鹏华酒ETF,SSE,2024-10-08,0.781,0.781,0.67,0.727,0.7810000000000009,0.7810000000000009,0.6700000000000008,0.7270000000000008,1.000000000000001,4729433400.0,3491458044.0,腾讯日K,2026-08-07T17:30:13,20260926T093659
512690,鹏华酒ETF,SSE,2024-10-09,0.69,0.69,0.654,0.654,0.6900000000000007,0.6900000000000007,0.6540000000000008,0.6540000000000008,1.000000000000001,2807967800.0,1860026081.0,腾讯日K,2026-08-07T17:30:13,20260926T093659
512690,鹏华酒ETF,SSE,2024-10-10,0.639,0.669,0.632,0.652,0.6390000000000007,0.6690000000000008,0.6320000000000007,0.6520000000000008,1.000000000000001,1755393000.0,1145438495.0,腾讯日K,2026-08-07T17:30:13,20260926T093659
512690,鹏华酒ETF,SSE,2024-10-11,0.64,0.652,0.622,0.631,0.6400000000000009,0.6520000000000009,0.6220000000000008,0.6310000000000008,1.0000000000000013,1309268300.0,833737306.0,腾讯日K,2026-08-07T17:30:13,20260926T093659
512690,鹏华酒ETF,SSE,2024-10-14,0.631,0.642,0.617,0.638,0.6310000000000007,0.6420000000000007,0.6170000000000007,0.6380000000000008,1.000000000000001,1253764500.0,792355125.0,腾讯日K,2026-08-07T17:30:13,20260926T093659
512690,鹏华酒ETF,SSE,2024-10-15,0.633,0.637,0.615,0.615,0.6330000000000007,0.6370000000000007,0.6150000000000007,0.6150000000000007,1.000000000000001,996277100.0,623616009.0,腾讯日K,2026-08-07T17:30:13,20260926T093659
512690,鹏华酒ETF,SSE,2024-10-16,0.606,0.62,0.603,0.609,0.6060000000000006,0.6200000000000007,0.6030000000000006,0.6090000000000007,1.000000000000001,1160866400.0,707843962.0,腾讯日K,2026-08-07T17:30:13,20260926T093659
512690,鹏华酒ETF,SSE,2024-10-17,0.614,0.616,0.595,0.596,0.6140000000000008,0.6160000000000008,0.5950000000000008,0.5960000000000008,1.0000000000000013,1324701500.0,799070867.0,腾讯日K,2026-08-07T17:30:13,20260926T093659
512690,鹏华酒ETF,SSE,2024-10-18,0.591,0.627,0.589,0.616,0.5910000000000007,0.6270000000000009,0.5890000000000007,0.6160000000000008,1.0000000000000013,2274040700.0,1377824602.0,腾讯日K,2026-08-07T17:30:13,20260926T093659
512690,鹏华酒ETF,SSE,2024-10-21,0.611,0.62,0.605,0.616,0.6110000000000008,0.6200000000000008,0.6050000000000008,0.6160000000000008,1.0000000000000013,1678624400.0,1028649451.0,腾讯日K,2026-08-07T17:30:13,20260926T093659
512690,鹏华酒ETF,SSE,2024-10-22,0.613,0.629,0.612,0.626,0.6130000000000007,0.6290000000000007,0.6120000000000007,0.6260000000000007,1.000000000000001,1709159800.0,1065913993.0,腾讯日K,2026-08-07T17:30:13,20260926T093659
512690,鹏华酒ETF,SSE,2024-10-23,0.626,0.642,0.62,0.635,0.6260000000000007,0.6420000000000007,0.6200000000000007,0.6350000000000007,1.000000000000001,1791603100.0,1133849591.0,腾讯日K,2026-08-07T17:30:13,20260926T093659
512690,鹏华酒ETF,SSE,2024-10-24,0.63,0.633,0.62,0.622,0.6300000000000007,0.6330000000000007,0.6200000000000007,0.6220000000000007,1.000000000000001,1157476700.0,723776552.0,腾讯日K,2026-08-07T17:30:13,20260926T093659
512690,鹏华酒ETF,SSE,2024-10-25,0.621,0.634,0.619,0.627,0.6210000000000007,0.6340000000000007,0.6190000000000007,0.6270000000000007,1.000000000000001,1271448100.0,796986610.0,腾讯日K,2026-08-07T17:30:13,20260926T093659
512690,鹏华酒ETF,SSE,2024-10-28,0.631,0.645,0.622,0.644,0.6310000000000007,0.6450000000000007,0.6220000000000007,0.6440000000000007,1.000000000000001,1971429400.0,1256705299.0,腾讯日K,2026-08-07T17:30:13,20260926T093659
512690,鹏华酒ETF,SSE,2024-10-29,0.642,0.65,0.626,0.627,0.6420000000000007,0.6500000000000008,0.6260000000000007,0.6270000000000007,1.000000000000001,1455604500.0,924469793.0,腾讯日K,2026-08-07T17:30:13,20260926T093659
512690,鹏华酒ETF,SSE,2024-10-30,0.622,0.629,0.612,0.618,0.6220000000000007,0.6290000000000007,0.6120000000000007,0.6180000000000007,1.000000000000001,1197210000.0,741988492.0,腾讯日K,2026-08-07T17:30:13,20260926T093659
512690,鹏华酒ETF,SSE,2024-10-31,0.613,0.621,0.608,0.614,0.6130000000000007,0.6210000000000007,0.6080000000000007,0.6140000000000007,1.000000000000001,1031560300.0,633646958.0,腾讯日K,2026-08-07T17:30:13,20260926T093659
512690,鹏华酒ETF,SSE,2024-11-01,0.612,0.63,0.611,0.623,0.6120000000000008,0.6300000000000009,0.6110000000000008,0.6230000000000008,1.0000000000000013,1350535300.0,841155024.0,腾讯日K,2026-08-07T17:30:13,20260926T093659
512690,鹏华酒ETF,SSE,2024-11-04,0.627,0.632,0.618,0.631,0.6270000000000007,0.6320000000000007,0.6180000000000007,0.6310000000000007,1.000000000000001,1190239600.0,745441467.0,腾讯日K,2026-08-07T17:30:13,20260926T093659
512690,鹏华酒ETF,SSE,2024-11-05,0.628,0.647,0.624,0.647,0.6280000000000007,0.6470000000000007,0.6240000000000007,0.6470000000000007,1.000000000000001,2203158600.0,1409835142.0,腾讯日K,2026-08-07T17:30:13,20260926T093659
512690,鹏华酒ETF,SSE,2024-11-06,0.646,0.651,0.636,0.643,0.6460000000000007,0.6510000000000008,0.6360000000000007,0.6430000000000007,1.000000000000001,2042159700.0,1314359682.0,腾讯日K,2026-08-07T17:30:13,20260926T093659
512690,鹏华酒ETF,SSE,2024-11-07,0.64,0.707,0.638,0.706,0.6400000000000006,0.7070000000000006,0.6380000000000006,0.7060000000000006,1.0000000000000009,3663442700.0,2481077073.0,腾讯日K,2026-08-07T17:30:13,20260926T093659
512690,鹏华酒ETF,SSE,2024-11-08,0.719,0.719,0.675,0.678,0.7190000000000006,0.7190000000000006,0.6750000000000006,0.6780000000000006,1.0000000000000009,4019401500.0,2760606138.0,腾讯日K,2026-08-07T17:30:13,20260926T093659
512690,鹏华酒ETF,SSE,2024-11-11,0.666,0.674,0.655,0.674,0.6660000000000006,0.6740000000000006,0.6550000000000006,0.6740000000000007,1.0000000000000009,3051471500.0,2028783947.0,腾讯日K,2026-08-07T17:30:13,20260926T093659
512690,鹏华酒ETF,SSE,2024-11-12,0.674,0.687,0.664,0.668,0.6740000000000006,0.6870000000000006,0.6640000000000006,0.6680000000000007,1.0000000000000009,2898190100.0,1958660469.0,腾讯日K,2026-08-07T17:30:13,20260926T093659
512690,鹏华酒ETF,SSE,2024-11-13,0.662,0.673,0.66,0.669,0.6620000000000006,0.6730000000000006,0.6600000000000006,0.6690000000000006,1.0000000000000009,1900601800.0,1268649138.0,腾讯日K,2026-08-07T17:30:13,20260926T093659
512690,鹏华酒ETF,SSE,2024-11-14,0.665,0.673,0.658,0.659,0.6650000000000008,0.6730000000000008,0.6580000000000008,0.6590000000000007,1.000000000000001,1918850900.0,1276665290.0,腾讯日K,2026-08-07T17:30:13,20260926T093659
512690,鹏华酒ETF,SSE,2024-11-15,0.657,0.667,0.65,0.652,0.6570000000000008,0.6670000000000008,0.6500000000000008,0.6520000000000007,1.000000000000001,1815321000.0,1195374841.0,腾讯日K,2026-08-07T17:30:13,20260926T093659
512690,鹏华酒ETF,SSE,2024-11-18,0.653,0.658,0.64,0.642,0.6530000000000006,0.6580000000000006,0.6400000000000006,0.6420000000000006,1.0000000000000009,1655655800.0,1072900008.0,腾讯日K,2026-08-07T17:30:13,20260926T093659
512690,鹏华酒ETF,SSE,2024-11-19,0.646,0.649,0.626,0.643,0.6460000000000006,0.6490000000000006,0.6260000000000006,0.6430000000000006,1.0000000000000009,1657193500.0,1055589083.0,腾讯日K,2026-08-07T17:30:13,20260926T093659
512690,鹏华酒ETF,SSE,2024-11-20,0.64,0.648,0.635,0.645,0.6400000000000006,0.6480000000000006,0.6350000000000006,0.6450000000000006,1.0000000000000009,1334951200.0,856993651.0,腾讯日K,2026-08-07T17:30:13,20260926T093659
512690,鹏华酒ETF,SSE,2024-11-21,0.643,0.647,0.638,0.642,0.6430000000000006,0.6470000000000006,0.6380000000000006,0.6420000000000006,1.0000000000000009,1044104700.0,669871874.0,腾讯日K,2026-08-07T17:30:13,20260926T093659
512690,鹏华酒ETF,SSE,2024-11-22,0.642,0.645,0.619,0.62,0.6420000000000006,0.6450000000000006,0.6190000000000005,0.6200000000000006,1.0000000000000009,1953476300.0,1231825475.0,腾讯日K,2026-08-07T17:30:13,20260926T093659
512690,鹏华酒ETF,SSE,2024-11-25,0.62,0.631,0.615,0.622,0.6200000000000006,0.6310000000000006,0.6150000000000005,0.6220000000000006,1.0000000000000009,1072986500.0,667833131.0,腾讯日K,2026-08-07T17:30:13,20260926T093659
512690,鹏华酒ETF,SSE,2024-11-26,0.618,0.633,0.616,0.625,0.6180000000000005,0.6330000000000006,0.6160000000000005,0.6250000000000006,1.0000000000000009,1265475200.0,792648241.0,腾讯日K,2026-08-07T17:30:13,20260926T093659
512690,鹏华酒ETF,SSE,2024-11-27,0.623,0.639,0.618,0.636,0.6230000000000007,0.6390000000000007,0.6180000000000007,0.6360000000000007,1.000000000000001,1314898700.0,827339890.0,腾讯日K,2026-08-07T17:30:13,20260926T093659
512690,鹏华酒ETF,SSE,2024-11-28,0.632,0.636,0.627,0.628,0.6320000000000007,0.6360000000000007,0.6270000000000007,0.6280000000000007,1.000000000000001,882819000.0,556598667.0,腾讯日K,2026-08-07T17:30:13,20260926T093659
512690,鹏华酒ETF,SSE,2024-11-29,0.631,0.648,0.63,0.637,0.6310000000000007,0.6480000000000007,0.6300000000000007,0.6370000000000007,1.000000000000001,1691064400.0,1079044392.0,腾讯日K,2026-08-07T17:30:13,20260926T093659
512690,鹏华酒ETF,SSE,2024-12-02,0.636,0.643,0.632,0.64,0.6360000000000007,0.6430000000000007,0.6320000000000007,0.6400000000000007,1.000000000000001,1132735100.0,723792067.0,腾讯日K,2026-08-07T17:30:13,20260926T093659
512690,鹏华酒ETF,SSE,2024-12-03,0.64,0.641,0.634,0.638,0.6400000000000006,0.6410000000000006,0.6340000000000006,0.6380000000000006,1.0000000000000009,861430500.0,549035680.0,腾讯日K,2026-08-07T17:30:13,20260926T093659
512690,鹏华酒ETF,SSE,2024-12-04,0.637,0.638,0.63,0.631,0.6370000000000006,0.6380000000000006,0.6300000000000006,0.6310000000000006,1.0000000000000009,1016153100.0,643281821.0,腾讯日K,2026-08-07T17:30:13,20260926T093659
512690,鹏华酒ETF,SSE,2024-12-05,0.63,0.632,0.626,0.63,0.6300000000000006,0.6320000000000006,0.6260000000000006,0.6300000000000006,1.0000000000000009,886490400.0,557764764.0,腾讯日K,2026-08-07T17:30:13,20260926T093659
512690,鹏华酒ETF,SSE,2024-12-06,0.631,0.64,0.629,0.636,0.6310000000000006,0.6400000000000006,0.6290000000000006,0.6360000000000006,1.0000000000000009,1131505900.0,718349774.0,腾讯日K,2026-08-07T17:30:13,20260926T093659
512690,鹏华酒ETF,SSE,2024-12-09,0.635,0.642,0.631,0.634,0.6350000000000006,0.6420000000000006,0.6310000000000006,0.6340000000000006,1.0000000000000009,932188500.0,592564712.0,腾讯日K,2026-08-07T17:30:13,20260926T093659
512690,鹏华酒ETF,SSE,2024-12-10,0.663,0.67,0.645,0.646,0.6630000000000008,0.6700000000000008,0.6450000000000007,0.6460000000000007,1.000000000000001,2789389700.0,1835600014.0,腾讯日K,2026-08-07T17:30:13,20260926T093659
512690,鹏华酒ETF,SSE,2024-12-11,0.642,0.66,0.641,0.653,0.6420000000000007,0.6600000000000008,0.6410000000000007,0.6530000000000007,1.000000000000001,1516337400.0,990354627.0,腾讯日K,2026-08-07T17:30:13,20260926T093659
512690,鹏华酒ETF,SSE,2024-12-12,0.65,0.669,0.648,0.669,0.6500000000000008,0.6690000000000008,0.6480000000000007,0.6690000000000008,1.000000000000001,2257939300.0,1493443434.0,腾讯日K,2026-08-07T17:30:13,20260926T093659
512690,鹏华酒ETF,SSE,2024-12-13,0.663,0.663,0.646,0.647,0.6630000000000008,0.6630000000000008,0.6460000000000007,0.6470000000000008,1.000000000000001,1899250900.0,1240206947.0,腾讯日K,2026-08-07T17:30:13,20260926T093659
512690,鹏华酒ETF,SSE,2024-12-16,0.646,0.647,0.632,0.634,0.6460000000000009,0.6470000000000009,0.6320000000000009,0.6340000000000008,1.0000000000000013,1118564000.0,712433950.0,腾讯日K,2026-08-07T17:30:13,20260926T093659
512690,鹏华酒ETF,SSE,2024-12-17,0.635,0.643,0.631,0.636,0.6350000000000007,0.6430000000000007,0.6310000000000007,0.6360000000000007,1.000000000000001,941052100.0,600127424.0,腾讯日K,2026-08-07T17:30:13,20260926T093659
512690,鹏华酒ETF,SSE,2024-12-18,0.637,0.64,0.632,0.634,0.6370000000000007,0.6400000000000007,0.6320000000000007,0.6340000000000007,1.000000000000001,1717364900.0,1089213497.0,腾讯日K,2026-08-07T17:30:13,20260926T093659
512690,鹏华酒ETF,SSE,2024-12-19,0.628,0.629,0.62,0.625,0.6280000000000007,0.6290000000000007,0.6200000000000007,0.6250000000000007,1.000000000000001,1099053500.0,686253931.0,腾讯日K,2026-08-07T17:30:13,20260926T093659
512690,鹏华酒ETF,SSE,2024-12-20,0.625,0.63,0.622,0.626,0.6250000000000007,0.6300000000000007,0.6220000000000007,0.6260000000000007,1.000000000000001,1399486300.0,875474497.0,腾讯日K,2026-08-07T17:30:13,20260926T093659
512690,鹏华酒ETF,SSE,2024-12-23,0.626,0.628,0.617,0.619,0.6260000000000007,0.6280000000000007,0.6170000000000007,0.6190000000000007,1.000000000000001,1288069900.0,800793585.0,腾讯日K,2026-08-07T17:30:13,20260926T093659
512690,鹏华酒ETF,SSE,2024-12-24,0.619,0.625,0.617,0.624,0.6190000000000008,0.6250000000000009,0.6170000000000008,0.6240000000000008,1.0000000000000013,1117696300.0,694662724.0,腾讯日K,2026-08-07T17:30:13,20260926T093659
512690,鹏华酒ETF,SSE,2024-12-25,0.625,0.625,0.619,0.62,0.6250000000000009,0.6250000000000009,0.6190000000000008,0.6200000000000008,1.0000000000000013,663164700.0,411724327.0,腾讯日K,2026-08-07T17:30:13,20260926T093659
512690,鹏华酒ETF,SSE,2024-12-26,0.621,0.624,0.618,0.621,0.6210000000000008,0.6240000000000008,0.6180000000000008,0.6210000000000008,1.0000000000000013,651698300.0,404553140.0,腾讯日K,2026-08-07T17:30:13,20260926T093659
512690,鹏华酒ETF,SSE,2024-12-27,0.621,0.626,0.618,0.622,0.6210000000000008,0.6260000000000009,0.6180000000000008,0.6220000000000008,1.0000000000000013,792533500.0,492494586.0,腾讯日K,2026-08-07T17:30:13,20260926T093659
512690,鹏华酒ETF,SSE,2024-12-30,0.621,0.626,0.615,0.617,0.6210000000000008,0.6260000000000009,0.6150000000000008,0.6170000000000008,1.0000000000000013,1122480200.0,694137667.0,腾讯日K,2026-08-07T17:30:13,20260926T093659
512690,鹏华酒ETF,SSE,2024-12-31,0.618,0.628,0.615,0.616,0.6180000000000008,0.6280000000000009,0.6150000000000008,0.6160000000000008,1.0000000000000013,1385387000.0,861490887.0,腾讯日K,2026-08-07T17:30:13,20260926T093659
512690,鹏华酒ETF,SSE,2025-01-02,0.614,0.615,0.596,0.6,0.6140000000000007,0.6150000000000007,0.5960000000000006,0.6000000000000006,1.000000000000001,1334007600.0,806740815.0,腾讯日K,2026-08-07T17:30:13,20260926T093659
512690,鹏华酒ETF,SSE,2025-01-03,0.6,0.603,0.589,0.592,0.6000000000000008,0.6030000000000008,0.5890000000000007,0.5920000000000007,1.0000000000000013,882126000.0,526579392.0,腾讯日K,2026-08-07T17:30:13,20260926T093659
512690,鹏华酒ETF,SSE,2025-01-06,0.581,0.587,0.573,0.575,0.5810000000000006,0.5870000000000006,0.5730000000000006,0.5750000000000006,1.000000000000001,1163475100.0,673610705.0,腾讯日K,2026-08-07T17:30:13,20260926T093659
512690,鹏华酒ETF,SSE,2025-01-07,0.577,0.58,0.572,0.579,0.5770000000000007,0.5800000000000007,0.5720000000000007,0.5790000000000007,1.0000000000000013,795116800.0,457691101.0,腾讯日K,2026-08-07T17:30:13,20260926T093659
512690,鹏华酒ETF,SSE,2025-01-08,0.577,0.582,0.567,0.575,0.5770000000000007,0.5820000000000007,0.5670000000000007,0.5750000000000007,1.0000000000000013,1078062400.0,619129997.0,腾讯日K,2026-08-07T17:30:13,20260926T093659
512690,鹏华酒ETF,SSE,2025-01-09,0.575,0.585,0.571,0.578,0.5750000000000007,0.5850000000000007,0.5710000000000007,0.5780000000000007,1.0000000000000013,852911900.0,493217791.0,腾讯日K,2026-08-07T17:30:13,20260926T093659
512690,鹏华酒ETF,SSE,2025-01-10,0.575,0.578,0.566,0.567,0.5750000000000007,0.5780000000000007,0.5660000000000007,0.5670000000000007,1.0000000000000013,684025400.0,390783426.0,腾讯日K,2026-08-07T17:30:13,20260926T093659
512690,鹏华酒ETF,SSE,2025-01-13,0.562,0.572,0.56,0.572,0.5620000000000007,0.5720000000000006,0.5600000000000007,0.5720000000000006,1.000000000000001,720941800.0,409447329.0,腾讯日K,2026-08-07T17:30:13,20260926T093659
512690,鹏华酒ETF,SSE,2025-01-14,0.571,0.589,0.571,0.587,0.5710000000000007,0.5890000000000007,0.5710000000000007,0.5870000000000007,1.0000000000000013,1101235500.0,642039328.0,腾讯日K,2026-08-07T17:30:13,20260926T093659
512690,鹏华酒ETF,SSE,2025-01-15,0.585,0.589,0.581,0.584,0.5850000000000007,0.5890000000000007,0.5810000000000007,0.5840000000000007,1.0000000000000013,501433100.0,293162191.0,腾讯日K,2026-08-07T17:30:13,20260926T093659
512690,鹏华酒ETF,SSE,2025-01-16,0.586,0.593,0.577,0.582,0.5860000000000007,0.5930000000000007,0.5770000000000007,0.5820000000000007,1.0000000000000013,673725200.0,393906480.0,腾讯日K,2026-08-07T17:30:13,20260926T093659
512690,鹏华酒ETF,SSE,2025-01-17,0.579,0.59,0.579,0.586,0.5790000000000006,0.5900000000000006,0.5790000000000006,0.5860000000000006,1.000000000000001,616524000.0,361096510.0,腾讯日K,2026-08-07T17:30:13,20260926T093659
512690,鹏华酒ETF,SSE,2025-01-20,0.588,0.598,0.588,0.591,0.5880000000000007,0.5980000000000008,0.5880000000000007,0.5910000000000007,1.0000000000000013,851023900.0,504603503.0,腾讯日K,2026-08-07T17:30:13,20260926T093659
512690,鹏华酒ETF,SSE,2025-01-21,0.594,0.595,0.582,0.584,0.5940000000000007,0.5950000000000008,0.5820000000000007,0.5840000000000007,1.0000000000000013,689018900.0,403527439.0,腾讯日K,2026-08-07T17:30:13,20260926T093659
512690,鹏华酒ETF,SSE,2025-01-22,0.583,0.583,0.572,0.573,0.5830000000000007,0.5830000000000007,0.5720000000000007,0.5730000000000007,1.0000000000000013,830413600.0,477753309.0,腾讯日K,2026-08-07T17:30:13,20260926T093659
512690,鹏华酒ETF,SSE,2025-01-23,0.578,0.584,0.574,0.576,0.5780000000000006,0.5840000000000006,0.5740000000000006,0.5760000000000006,1.000000000000001,872472500.0,504198992.0,腾讯日K,2026-08-07T17:30:13,20260926T093659
512690,鹏华酒ETF,SSE,2025-01-24,0.573,0.577,0.57,0.575,0.5730000000000006,0.5770000000000006,0.5700000000000006,0.5750000000000006,1.000000000000001,973297600.0,557925008.0,腾讯日K,2026-08-07T17:30:13,20260926T093659
512690,鹏华酒ETF,SSE,2025-01-27,0.575,0.577,0.57,0.57,0.5750000000000005,0.5770000000000005,0.5700000000000005,0.5700000000000005,1.0000000000000009,699775200.0,400620720.0,腾讯日K,2026-08-07T17:30:13,20260926T093659
512690,鹏华酒ETF,SSE,2025-02-05,0.573,0.573,0.559,0.56,0.5730000000000006,0.5730000000000006,0.5590000000000007,0.5600000000000007,1.000000000000001,962274800.0,541151986.0,腾讯日K,2026-08-07T17:30:13,20260926T093659
512690,鹏华酒ETF,SSE,2025-02-06,0.56,0.566,0.559,0.563,0.5600000000000005,0.5660000000000005,0.5590000000000005,0.5630000000000005,1.0000000000000009,1020931100.0,574099480.0,腾讯日K,2026-08-07T17:30:13,20260926T093659
512690,鹏华酒ETF,SSE,2025-02-07,0.563,0.575,0.559,0.571,0.5630000000000005,0.5750000000000005,0.5590000000000005,0.5710000000000005,1.0000000000000009,1642514000.0,934006121.0,腾讯日K,2026-08-07T17:30:13,20260926T093659
512690,鹏华酒ETF,SSE,2025-02-10,0.571,0.572,0.566,0.572,0.5710000000000006,0.5720000000000006,0.5660000000000006,0.5720000000000006,1.000000000000001,1154558300.0,658020159.0,腾讯日K,2026-08-07T17:30:13,20260926T093659
512690,鹏华酒ETF,SSE,2025-02-11,0.572,0.574,0.564,0.565,0.5720000000000006,0.5740000000000006,0.5640000000000006,0.5650000000000006,1.000000000000001,849114800.0,481136279.0,腾讯日K,2026-08-07T17:30:13,20260926T093659
512690,鹏华酒ETF,SSE,2025-02-12,0.565,0.574,0.564,0.573,0.5650000000000006,0.5740000000000006,0.5640000000000006,0.5730000000000006,1.000000000000001,1073503300.0,609848385.0,腾讯日K,2026-08-07T17:30:13,20260926T093659
512690,鹏华酒ETF,SSE,2025-02-13,0.573,0.596,0.572,0.591,0.5730000000000006,0.5960000000000006,0.5720000000000006,0.5910000000000006,1.000000000000001,2923586700.0,1715732076.0,腾讯日K,2026-08-07T17:30:13,20260926T093659
512690,鹏华酒ETF,SSE,2025-02-14,0.589,0.591,0.584,0.588,0.5890000000000006,0.5910000000000006,0.5840000000000006,0.5880000000000006,1.000000000000001,1534535800.0,901015979.0,腾讯日K,2026-08-07T17:30:13,20260926T093659
512690,鹏华酒ETF,SSE,2025-02-17,0.59,0.596,0.588,0.591,0.5900000000000006,0.5960000000000006,0.5880000000000006,0.5910000000000006,1.000000000000001,1359104300.0,803924238.0,腾讯日K,2026-08-07T17:30:13,20260926T093659
512690,鹏华酒ETF,SSE,2025-02-18,0.59,0.594,0.581,0.584,0.5900000000000005,0.5940000000000005,0.5810000000000005,0.5840000000000005,1.0000000000000009,1450853400.0,851623203.0,腾讯日K,2026-08-07T17:30:13,20260926T093659
512690,鹏华酒ETF,SSE,2025-02-19,0.582,0.589,0.579,0.589,0.5820000000000005,0.5890000000000005,0.5790000000000005,0.5890000000000005,1.0000000000000009,1284318400.0,750451413.0,腾讯日K,2026-08-07T17:30:13,20260926T093659
512690,鹏华酒ETF,SSE,2025-02-20,0.586,0.593,0.584,0.587,0.5860000000000005,0.5930000000000005,0.5840000000000005,0.5870000000000005,1.0000000000000009,935551300.0,549795086.0,腾讯日K,2026-08-07T17:30:13,20260926T093659
512690,鹏华酒ETF,SSE,2025-02-21,0.588,0.596,0.583,0.589,0.5880000000000005,0.5960000000000005,0.5830000000000005,0.5890000000000005,1.0000000000000009,2125140500.0,1252186842.0,腾讯日K,2026-08-07T17:30:13,20260926T093659
512690,鹏华酒ETF,SSE,2025-02-24,0.588,0.602,0.586,0.596,0.5880000000000005,0.6020000000000005,0.5860000000000005,0.5960000000000005,1.0000000000000009,1829727900.0,1091312884.0,腾讯日K,2026-08-07T17:30:13,20260926T093659
512690,鹏华酒ETF,SSE,2025-02-25,0.592,0.592,0.583,0.584,0.5920000000000005,0.5920000000000005,0.5830000000000005,0.5840000000000005,1.0000000000000009,1402735700.0,823931839.0,腾讯日K,2026-08-07T17:30:13,20260926T093659
512690,鹏华酒ETF,SSE,2025-02-26,0.584,0.592,0.582,0.591,0.5840000000000006,0.5920000000000006,0.5820000000000006,0.5910000000000006,1.000000000000001,1170342300.0,686879262.0,腾讯日K,2026-08-07T17:30:13,20260926T093659
512690,鹏华酒ETF,SSE,2025-02-27,0.591,0.608,0.589,0.605,0.5910000000000006,0.6080000000000007,0.5890000000000006,0.6050000000000006,1.000000000000001,2034987000.0,1226966984.0,腾讯日K,2026-08-07T17:30:13,20260926T093659
512690,鹏华酒ETF,SSE,2025-02-28,0.603,0.62,0.6,0.602,0.6030000000000006,0.6200000000000007,0.6000000000000006,0.6020000000000006,1.000000000000001,2249873500.0,1376954614.0,腾讯日K,2026-08-07T17:30:13,20260926T093659
512690,鹏华酒ETF,SSE,2025-03-03,0.603,0.616,0.594,0.598,0.6030000000000006,0.6160000000000007,0.5940000000000006,0.5980000000000006,1.000000000000001,1697656300.0,1025299184.0,腾讯日K,2026-08-07T17:30:13,20260926T093659
512690,鹏华酒ETF,SSE,2025-03-04,0.595,0.596,0.587,0.593,0.5950000000000006,0.5960000000000006,0.5870000000000006,0.5930000000000006,1.000000000000001,1166678000.0,688937607.0,腾讯日K,2026-08-07T17:30:13,20260926T093659
512690,鹏华酒ETF,SSE,2025-03-05,0.592,0.593,0.587,0.592,0.5920000000000006,0.5930000000000006,0.5870000000000006,0.5920000000000006,1.000000000000001,855573900.0,504422956.0,腾讯日K,2026-08-07T17:30:13,20260926T093659
512690,鹏华酒ETF,SSE,2025-03-06,0.594,0.603,0.59,0.602,0.5940000000000006,0.6030000000000006,0.5900000000000006,0.6020000000000006,1.000000000000001,1391967100.0,831614528.0,腾讯日K,2026-08-07T17:30:13,20260926T093659
512690,鹏华酒ETF,SSE,2025-03-07,0.6,0.615,0.598,0.612,0.6000000000000006,0.6150000000000007,0.5980000000000006,0.6120000000000007,1.000000000000001,1731241300.0,1052112589.0,腾讯日K,2026-08-07T17:30:13,20260926T093659
512690,鹏华酒ETF,SSE,2025-03-10,0.611,0.614,0.605,0.613,0.6110000000000007,0.6140000000000007,0.6050000000000006,0.6130000000000007,1.000000000000001,973080900.0,592625261.0,腾讯日K,2026-08-07T17:30:13,20260926T093659
512690,鹏华酒ETF,SSE,2025-03-11,0.608,0.63,0.607,0.629,0.6080000000000007,0.6300000000000007,0.6070000000000007,0.6290000000000007,1.000000000000001,1781393100.0,1106181785.0,腾讯日K,2026-08-07T17:30:13,20260926T093659
512690,鹏华酒ETF,SSE,2025-03-12,0.63,0.634,0.621,0.624,0.6300000000000007,0.6340000000000007,0.6210000000000007,0.6240000000000007,1.000000000000001,1099753100.0,687281575.0,腾讯日K,2026-08-07T17:30:13,20260926T093659
512690,鹏华酒ETF,SSE,2025-03-13,0.624,0.632,0.62,0.623,0.6240000000000007,0.6320000000000007,0.6200000000000007,0.6230000000000007,1.000000000000001,1039696400.0,649719975.0,腾讯日K,2026-08-07T17:30:13,20260926T093659
512690,鹏华酒ETF,SSE,2025-03-14,0.623,0.657,0.623,0.652,0.6230000000000007,0.6570000000000008,0.6230000000000007,0.6520000000000007,1.000000000000001,3412831600.0,2207493504.0,腾讯日K,2026-08-07T17:30:13,20260926T093659
512690,鹏华酒ETF,SSE,2025-03-17,0.658,0.662,0.645,0.652,0.6580000000000008,0.6620000000000008,0.6450000000000007,0.6520000000000007,1.000000000000001,1707962000.0,1115058721.0,腾讯日K,2026-08-07T17:30:13,20260926T093659
512690,鹏华酒ETF,SSE,2025-03-18,0.652,0.654,0.643,0.646,0.6520000000000008,0.6540000000000008,0.6430000000000007,0.6460000000000007,1.000000000000001,1671095300.0,1080371971.0,腾讯日K,2026-08-07T17:30:13,20260926T093659
512690,鹏华酒ETF,SSE,2025-03-19,0.646,0.651,0.639,0.641,0.6460000000000006,0.6510000000000006,0.6390000000000006,0.6410000000000006,1.0000000000000009,1172489000.0,754520762.0,腾讯日K,2026-08-07T17:30:13,20260926T093659
512690,鹏华酒ETF,SSE,2025-03-20,0.641,0.642,0.629,0.631,0.6410000000000006,0.6420000000000006,0.6290000000000006,0.6310000000000006,1.0000000000000009,1600184300.0,1012337377.0,腾讯日K,2026-08-07T17:30:13,20260926T093659
512690,鹏华酒ETF,SSE,2025-03-21,0.628,0.637,0.621,0.622,0.6280000000000006,0.6370000000000006,0.6210000000000006,0.6220000000000006,1.0000000000000009,1187366700.0,744358453.0,腾讯日K,2026-08-07T17:30:13,20260926T093659
512690,鹏华酒ETF,SSE,2025-03-24,0.622,0.625,0.616,0.624,0.6220000000000006,0.6250000000000006,0.6160000000000005,0.6240000000000006,1.0000000000000009,1043224600.0,647448333.0,腾讯日K,2026-08-07T17:30:13,20260926T093659
512690,鹏华酒ETF,SSE,2025-03-25,0.624,0.625,0.616,0.623,0.6240000000000006,0.6250000000000006,0.6160000000000005,0.6230000000000006,1.0000000000000009,763152300.0,473582547.0,腾讯日K,2026-08-07T17:30:13,20260926T093659
512690,鹏华酒ETF,SSE,2025-03-26,0.623,0.626,0.62,0.623,0.6230000000000006,0.6260000000000006,0.6200000000000006,0.6230000000000006,1.0000000000000009,627461300.0,391194205.0,腾讯日K,2026-08-07T17:30:13,20260926T093659
512690,鹏华酒ETF,SSE,2025-03-27,0.622,0.631,0.62,0.629,0.6220000000000004,0.6310000000000004,0.6200000000000004,0.6290000000000004,1.0000000000000007,931098900.0,582927333.0,腾讯日K,2026-08-07T17:30:13,20260926T093659
512690,鹏华酒ETF,SSE,2025-03-28,0.628,0.631,0.62,0.623,0.6280000000000004,0.6310000000000004,0.6200000000000004,0.6230000000000004,1.0000000000000007,1123982000.0,701907219.0,腾讯日K,2026-08-07T17:30:13,20260926T093659
512690,鹏华酒ETF,SSE,2025-03-31,0.621,0.623,0.611,0.615,0.6210000000000004,0.6230000000000004,0.6110000000000004,0.6150000000000004,1.0000000000000007,762166400.0,469885823.0,腾讯日K,2026-08-07T17:30:13,20260926T093659
512690,鹏华酒ETF,SSE,2025-04-01,0.615,0.621,0.614,0.616,0.6150000000000005,0.6210000000000006,0.6140000000000005,0.6160000000000005,1.0000000000000009,822645400.0,507272910.0,腾讯日K,2026-08-07T17:30:13,20260926T093659
512690,鹏华酒ETF,SSE,2025-04-02,0.616,0.622,0.613,0.616,0.6160000000000005,0.6220000000000006,0.6130000000000005,0.6160000000000005,1.0000000000000009,584891700.0,360667689.0,腾讯日K,2026-08-07T17:30:13,20260926T093659
512690,鹏华酒ETF,SSE,2025-04-03,0.611,0.628,0.609,0.624,0.6110000000000005,0.6280000000000006,0.6090000000000005,0.6240000000000006,1.0000000000000009,1159810200.0,721895192.0,腾讯日K,2026-08-07T17:30:13,20260926T093659
512690,鹏华酒ETF,SSE,2025-04-07,0.604,0.613,0.578,0.594,0.6040000000000005,0.6130000000000005,0.5780000000000005,0.5940000000000005,1.0000000000000009,2141629300.0,1286618900.0,腾讯日K,2026-08-07T17:30:13,20260926T093659
512690,鹏华酒ETF,SSE,2025-04-08,0.597,0.615,0.595,0.614,0.5970000000000005,0.6150000000000005,0.5950000000000005,0.6140000000000005,1.0000000000000009,1241237700.0,749842971.0,腾讯日K,2026-08-07T17:30:13,20260926T093659
512690,鹏华酒ETF,SSE,2025-04-09,0.605,0.625,0.603,0.622,0.6050000000000005,0.6250000000000006,0.6030000000000005,0.6220000000000006,1.0000000000000009,1112468700.0,684166003.0,腾讯日K,2026-08-07T17:30:13,20260926T093659
512690,鹏华酒ETF,SSE,2025-04-10,0.623,0.626,0.613,0.625,0.6230000000000006,0.6260000000000006,0.6130000000000005,0.6250000000000006,1.0000000000000009,1256586600.0,781863472.0,腾讯日K,2026-08-07T17:30:13,20260926T093659
512690,鹏华酒ETF,SSE,2025-04-11,0.622,0.625,0.611,0.618,0.6220000000000006,0.6250000000000006,0.6110000000000005,0.6180000000000005,1.0000000000000009,1078477900.0,664981838.0,腾讯日K,2026-08-07T17:30:13,20260926T093659
512690,鹏华酒ETF,SSE,2025-04-14,0.616,0.621,0.611,0.612,0.6160000000000005,0.6210000000000006,0.6110000000000005,0.6120000000000005,1.0000000000000009,887073800.0,545192847.0,腾讯日K,2026-08-07T17:30:13,20260926T093659
512690,鹏华酒ETF,SSE,2025-04-15,0.612,0.615,0.608,0.612,0.6120000000000005,0.6150000000000005,0.6080000000000005,0.6120000000000005,1.0000000000000009,659268100.0,403294819.0,腾讯日K,2026-08-07T17:30:13,20260926T093659
512690,鹏华酒ETF,SSE,2025-04-16,0.61,0.616,0.605,0.614,0.6100000000000005,0.6160000000000005,0.6050000000000005,0.6140000000000005,1.0000000000000009,828555500.0,504784867.0,腾讯日K,2026-08-07T17:30:13,20260926T093659
512690,鹏华酒ETF,SSE,2025-04-17,0.611,0.622,0.609,0.62,0.6110000000000005,0.6220000000000006,0.6090000000000005,0.6200000000000006,1.0000000000000009,1016611700.0,628352623.0,腾讯日K,2026-08-07T17:30:13,20260926T093659
512690,鹏华酒ETF,SSE,2025-04-18,0.619,0.619,0.611,0.614,0.6190000000000005,0.6190000000000005,0.6110000000000005,0.6140000000000005,1.0000000000000009,606443900.0,372706512.0,腾讯日K,2026-08-07T17:30:13,20260926T093659
512690,鹏华酒ETF,SSE,2025-04-21,0.613,0.614,0.606,0.608,0.6130000000000005,0.6140000000000005,0.6060000000000005,0.6080000000000005,1.0000000000000009,1098046100.0,667591402.0,腾讯日K,2026-08-07T17:30:13,20260926T093659
512690,鹏华酒ETF,SSE,2025-04-22,0.607,0.611,0.605,0.607,0.6070000000000005,0.6110000000000005,0.6050000000000005,0.6070000000000005,1.0000000000000009,1124715100.0,683802234.0,腾讯日K,2026-08-07T17:30:13,20260926T093659
512690,鹏华酒ETF,SSE,2025-04-23,0.609,0.61,0.602,0.605,0.6090000000000004,0.6100000000000004,0.6020000000000004,0.6050000000000004,1.0000000000000007,1344103300.0,811999474.0,腾讯日K,2026-08-07T17:30:13,20260926T093659
512690,鹏华酒ETF,SSE,2025-04-24,0.604,0.606,0.601,0.602,0.6040000000000004,0.6060000000000004,0.6010000000000004,0.6020000000000004,1.0000000000000007,1249673000.0,754865306.0,腾讯日K,2026-08-07T17:30:13,20260926T093659
512690,鹏华酒ETF,SSE,2025-04-25,0.602,0.607,0.601,0.603,0.6020000000000005,0.6070000000000005,0.6010000000000005,0.6030000000000005,1.0000000000000009,564309900.0,340892993.0,腾讯日K,2026-08-07T17:30:13,20260926T093659
512690,鹏华酒ETF,SSE,2025-04-28,0.603,0.607,0.601,0.601,0.6030000000000005,0.6070000000000005,0.6010000000000005,0.6010000000000005,1.0000000000000009,741308700.0,447437454.0,腾讯日K,2026-08-07T17:30:13,20260926T093659
512690,鹏华酒ETF,SSE,2025-04-29,0.599,0.6,0.592,0.595,0.5990000000000005,0.6000000000000005,0.5920000000000005,0.5950000000000005,1.0000000000000009,870794800.0,518396076.0,腾讯日K,2026-08-07T17:30:13,20260926T093659
512690,鹏华酒ETF,SSE,2025-04-30,0.595,0.6,0.594,0.595,0.5950000000000005,0.6000000000000005,0.5940000000000005,0.5950000000000005,1.0000000000000009,539098700.0,321273130.0,腾讯日K,2026-08-07T17:30:13,20260926T093659
512690,鹏华酒ETF,SSE,2025-05-06,0.596,0.598,0.592,0.597,0.5960000000000004,0.5980000000000004,0.5920000000000004,0.5970000000000004,1.0000000000000007,1054793300.0,628701268.0,腾讯日K,2026-08-07T17:30:13,20260926T093659
512690,鹏华酒ETF,SSE,2025-05-07,0.602,0.605,0.597,0.599,0.6020000000000005,0.6050000000000005,0.5970000000000005,0.5990000000000005,1.0000000000000009,880428900.0,528550562.0,腾讯日K,2026-08-07T17:30:13,20260926T093659
512690,鹏华酒ETF,SSE,2025-05-08,0.598,0.608,0.595,0.602,0.5980000000000005,0.6080000000000005,0.5950000000000005,0.6020000000000005,1.0000000000000009,1077086200.0,649077841.0,腾讯日K,2026-08-07T17:30:13,20260926T093659
512690,鹏华酒ETF,SSE,2025-05-09,0.602,0.605,0.6,0.603,0.6020000000000005,0.6050000000000005,0.6000000000000005,0.6030000000000005,1.0000000000000009,810311000.0,488321959.0,腾讯日K,2026-08-07T17:30:13,20260926T093659
512690,鹏华酒ETF,SSE,2025-05-12,0.604,0.608,0.602,0.605,0.6040000000000005,0.6080000000000005,0.6020000000000005,0.6050000000000005,1.0000000000000009,972041100.0,587828685.0,腾讯日K,2026-08-07T17:30:13,20260926T093659
512690,鹏华酒ETF,SSE,2025-05-13,0.607,0.609,0.602,0.604,0.6070000000000005,0.6090000000000005,0.6020000000000005,0.6040000000000005,1.0000000000000009,694437100.0,419288406.0,腾讯日K,2026-08-07T17:30:13,20260926T093659
512690,鹏华酒ETF,SSE,2025-05-14,0.604,0.62,0.6,0.613,0.6040000000000005,0.6200000000000006,0.6000000000000005,0.6130000000000005,1.0000000000000009,1753303600.0,1069789690.0,腾讯日K,2026-08-07T17:30:13,20260926T093659
512690,鹏华酒ETF,SSE,2025-05-15,0.611,0.615,0.606,0.606,0.6110000000000005,0.6150000000000005,0.6060000000000005,0.6060000000000005,1.0000000000000009,812008200.0,495137123.0,腾讯日K,2026-08-07T17:30:13,20260926T093659
512690,鹏华酒ETF,SSE,2025-05-16,0.606,0.607,0.599,0.599,0.6060000000000005,0.6070000000000005,0.5990000000000005,0.5990000000000005,1.0000000000000009,568744400.0,341901272.0,腾讯日K,2026-08-07T17:30:13,20260926T093659
512690,鹏华酒ETF,SSE,2025-05-19,0.592,0.593,0.589,0.592,0.5920000000000005,0.5930000000000005,0.5890000000000005,0.5920000000000005,1.0000000000000009,985119300.0,582289154.0,腾讯日K,2026-08-07T17:30:13,20260926T093659
512690,鹏华酒ETF,SSE,2025-05-20,0.592,0.596,0.59,0.593,0.5920000000000005,0.5960000000000005,0.5900000000000005,0.5930000000000005,1.0000000000000009,813292300.0,482817353.0,腾讯日K,2026-08-07T17:30:13,20260926T093659
512690,鹏华酒ETF,SSE,2025-05-21,0.593,0.597,0.593,0.594,0.5930000000000005,0.5970000000000005,0.5930000000000005,0.5940000000000005,1.0000000000000009,644239500.0,383397835.0,腾讯日K,2026-08-07T17:30:13,20260926T093659
512690,鹏华酒ETF,SSE,2025-05-22,0.594,0.594,0.59,0.591,0.5940000000000005,0.5940000000000005,0.5900000000000005,0.5910000000000005,1.0000000000000009,457106200.0,270677042.0,腾讯日K,2026-08-07T17:30:13,20260926T093659
512690,鹏华酒ETF,SSE,2025-05-23,0.592,0.595,0.586,0.587,0.5920000000000005,0.5950000000000005,0.5860000000000005,0.5870000000000005,1.0000000000000009,591152800.0,349019508.0,腾讯日K,2026-08-07T17:30:13,20260926T093659
512690,鹏华酒ETF,SSE,2025-05-26,0.587,0.588,0.58,0.582,0.5870000000000005,0.5880000000000005,0.5800000000000005,0.5820000000000005,1.0000000000000009,755308800.0,440631056.0,腾讯日K,2026-08-07T17:30:13,20260926T093659
512690,鹏华酒ETF,SSE,2025-05-27,0.582,0.588,0.582,0.584,0.5820000000000005,0.5880000000000005,0.5820000000000005,0.5840000000000005,1.0000000000000009,478630500.0,280058579.0,腾讯日K,2026-08-07T17:30:13,20260926T093659
512690,鹏华酒ETF,SSE,2025-05-28,0.585,0.588,0.581,0.587,0.5850000000000005,0.5880000000000005,0.5810000000000005,0.5870000000000005,1.0000000000000009,516918300.0,302775457.0,腾讯日K,2026-08-07T17:30:13,20260926T093659
512690,鹏华酒ETF,SSE,2025-05-29,0.587,0.589,0.582,0.588,0.5870000000000005,0.5890000000000005,0.5820000000000005,0.5880000000000005,1.0000000000000009,648153300.0,380005481.0,腾讯日K,2026-08-07T17:30:13,20260926T093659
512690,鹏华酒ETF,SSE,2025-05-30,0.587,0.588,0.579,0.581,0.5870000000000005,0.5880000000000005,0.5790000000000005,0.5810000000000005,1.0000000000000009,906505300.0,527199278.0,腾讯日K,2026-08-07T17:30:13,20260926T093659
512690,鹏华酒ETF,SSE,2025-06-03,0.577,0.579,0.574,0.576,0.5770000000000006,0.5790000000000006,0.5740000000000006,0.5760000000000006,1.000000000000001,699961200.0,403181699.0,腾讯日K,2026-08-07T17:30:13,20260926T093659
512690,鹏华酒ETF,SSE,2025-06-04,0.576,0.58,0.575,0.577,0.5760000000000006,0.5800000000000006,0.5750000000000006,0.5770000000000006,1.000000000000001,592436500.0,342256870.0,腾讯日K,2026-08-07T17:30:13,20260926T093659
512690,鹏华酒ETF,SSE,2025-06-05,0.579,0.58,0.576,0.578,0.5790000000000006,0.5800000000000006,0.5760000000000006,0.5780000000000006,1.000000000000001,908308100.0,524905547.0,腾讯日K,2026-08-07T17:30:13,20260926T093659
512690,鹏华酒ETF,SSE,2025-06-06,0.578,0.581,0.576,0.577,0.5780000000000005,0.5810000000000005,0.5760000000000005,0.5770000000000005,1.0000000000000009,793276600.0,458430249.0,腾讯日K,2026-08-07T17:30:13,20260926T093659
512690,鹏华酒ETF,SSE,2025-06-09,0.577,0.577,0.572,0.574,0.5770000000000006,0.5770000000000006,0.5720000000000006,0.5740000000000006,1.000000000000001,1012837100.0,582029791.0,腾讯日K,2026-08-07T17:30:13,20260926T093659
512690,鹏华酒ETF,SSE,2025-06-10,0.574,0.575,0.565,0.569,0.5740000000000006,0.5750000000000006,0.5650000000000006,0.5690000000000006,1.000000000000001,1249352400.0,711653798.0,腾讯日K,2026-08-07T17:30:13,20260926T093659
512690,鹏华酒ETF,SSE,2025-06-11,0.568,0.573,0.568,0.57,0.5680000000000006,0.5730000000000006,0.5680000000000006,0.5700000000000006,1.000000000000001,893403200.0,509800829.0,腾讯日K,2026-08-07T17:30:13,20260926T093659
512690,鹏华酒ETF,SSE,2025-06-12,0.569,0.569,0.56,0.56,0.5690000000000006,0.5690000000000006,0.5600000000000007,0.5600000000000007,1.000000000000001,1557734200.0,876296730.0,腾讯日K,2026-08-07T17:30:13,20260926T093659
512690,鹏华酒ETF,SSE,2025-06-13,0.558,0.559,0.544,0.545,0.5580000000000008,0.5590000000000008,0.5440000000000008,0.5450000000000007,1.0000000000000013,2045092500.0,1122347324.0,腾讯日K,2026-08-07T17:30:13,20260926T093659
512690,鹏华酒ETF,SSE,2025-06-16,0.541,0.547,0.537,0.546,0.5410000000000006,0.5470000000000006,0.5370000000000006,0.5460000000000007,1.000000000000001,1764538300.0,957626125.0,腾讯日K,2026-08-07T17:30:13,20260926T093659
512690,鹏华酒ETF,SSE,2025-06-17,0.545,0.55,0.544,0.547,0.5450000000000006,0.5500000000000007,0.5440000000000006,0.5470000000000006,1.000000000000001,985357400.0,539034266.0,腾讯日K,2026-08-07T17:30:13,20260926T093659
512690,鹏华酒ETF,SSE,2025-06-18,0.551,0.558,0.549,0.55,0.5510000000000007,0.5580000000000007,0.5490000000000006,0.5500000000000007,1.000000000000001,1576218200.0,871707710.0,腾讯日K,2026-08-07T17:30:13,20260926T093659
512690,鹏华酒ETF,SSE,2025-06-19,0.547,0.552,0.545,0.546,0.5470000000000006,0.5520000000000007,0.5450000000000006,0.5460000000000006,1.000000000000001,834785400.0,457740172.0,腾讯日K,2026-08-07T17:30:13,20260926T093659
512690,鹏华酒ETF,SSE,2025-06-20,0.548,0.56,0.547,0.558,0.5480000000000005,0.5600000000000005,0.5470000000000005,0.5580000000000006,1.0000000000000009,2186255300.0,1216741706.0,腾讯日K,2026-08-07T17:30:13,20260926T093659
512690,鹏华酒ETF,SSE,2025-06-23,0.554,0.554,0.546,0.551,0.5540000000000007,0.5540000000000007,0.5460000000000006,0.5510000000000006,1.000000000000001,1178361900.0,648750912.0,腾讯日K,2026-08-07T17:30:13,20260926T093659
512690,鹏华酒ETF,SSE,2025-06-24,0.552,0.557,0.551,0.555,0.5520000000000007,0.5570000000000007,0.5510000000000007,0.5550000000000006,1.000000000000001,1236444100.0,685659628.0,腾讯日K,2026-08-07T17:30:13,20260926T093659
512690,鹏华酒ETF,SSE,2025-06-25,0.555,0.557,0.549,0.556,0.5550000000000005,0.5570000000000005,0.5490000000000005,0.5560000000000005,1.0000000000000009,1818806200.0,1005394374.0,腾讯日K,2026-08-07T17:30:13,20260926T093659
512690,鹏华酒ETF,SSE,2025-06-26,0.556,0.559,0.554,0.556,0.5560000000000005,0.5590000000000005,0.5540000000000005,0.5560000000000005,1.0000000000000009,1035934600.0,576544107.0,腾讯日K,2026-08-07T17:30:13,20260926T093659
512690,鹏华酒ETF,SSE,2025-06-27,0.555,0.556,0.551,0.552,0.5550000000000007,0.5560000000000007,0.5510000000000007,0.5520000000000006,1.000000000000001,926737300.0,512718019.0,腾讯日K,2026-08-07T17:30:13,20260926T093659
512690,鹏华酒ETF,SSE,2025-06-30,0.552,0.559,0.55,0.555,0.5520000000000005,0.5590000000000005,0.5500000000000005,0.5550000000000005,1.0000000000000009,1319925500.0,731287316.0,腾讯日K,2026-08-07T17:30:13,20260926T093659
512690,鹏华酒ETF,SSE,2025-07-01,0.554,0.555,0.551,0.552,0.5540000000000005,0.5550000000000005,0.5510000000000005,0.5520000000000005,1.0000000000000009,707193200.0,390199715.0,腾讯日K,2026-08-07T17:30:13,20260926T093659
512690,鹏华酒ETF,SSE,2025-07-02,0.552,0.558,0.551,0.554,0.5520000000000005,0.5580000000000005,0.5510000000000005,0.5540000000000005,1.0000000000000009,1199632300.0,665336867.0,腾讯日K,2026-08-07T17:30:13,20260926T093659
512690,鹏华酒ETF,SSE,2025-07-03,0.554,0.558,0.552,0.555,0.5540000000000005,0.5580000000000005,0.5520000000000005,0.5550000000000005,1.0000000000000009,816388800.0,453782467.0,腾讯日K,2026-08-07T17:30:13,20260926T093659
512690,鹏华酒ETF,SSE,2025-07-04,0.555,0.558,0.553,0.555,0.5550000000000005,0.5580000000000005,0.5530000000000005,0.5550000000000005,1.0000000000000009,898253400.0,498977108.0,腾讯日K,2026-08-07T17:30:13,20260926T093659
512690,鹏华酒ETF,SSE,2025-07-07,0.556,0.557,0.553,0.554,0.5560000000000005,0.5570000000000005,0.5530000000000005,0.5540000000000005,1.0000000000000009,550864000.0,305602268.0,腾讯日K,2026-08-07T17:30:13,20260926T093659
512690,鹏华酒ETF,SSE,2025-07-08,0.554,0.559,0.554,0.559,0.5540000000000005,0.5590000000000005,0.5540000000000005,0.5590000000000005,1.0000000000000009,1169278900.0,651404931.0,腾讯日K,2026-08-07T17:30:13,20260926T093659
512690,鹏华酒ETF,SSE,2025-07-09,0.559,0.568,0.557,0.562,0.5590000000000004,0.5680000000000003,0.5570000000000004,0.5620000000000004,1.0000000000000007,1892403000.0,1067778926.0,腾讯日K,2026-08-07T17:30:13,20260926T093659
512690,鹏华酒ETF,SSE,2025-07-10,0.561,0.567,0.558,0.565,0.5610000000000004,0.5670000000000003,0.5580000000000004,0.5650000000000003,1.0000000000000007,1763001000.0,992186644.0,腾讯日K,2026-08-07T17:30:13,20260926T093659
512690,鹏华酒ETF,SSE,2025-07-11,0.564,0.574,0.564,0.57,0.5640000000000003,0.5740000000000003,0.5640000000000003,0.5700000000000003,1.0000000000000007,2039373100.0,1160473468.0,腾讯日K,2026-08-07T17:30:13,20260926T093659
512690,鹏华酒ETF,SSE,2025-07-14,0.568,0.572,0.564,0.57,0.5680000000000003,0.5720000000000003,0.5640000000000003,0.5700000000000003,1.0000000000000007,1724199900.0,980032074.0,腾讯日K,2026-08-07T17:30:13,20260926T093659
512690,鹏华酒ETF,SSE,2025-07-15,0.567,0.568,0.56,0.562,0.5670000000000003,0.5680000000000003,0.5600000000000004,0.5620000000000004,1.0000000000000007,1639863100.0,923172347.0,腾讯日K,2026-08-07T17:30:13,20260926T093659
512690,鹏华酒ETF,SSE,2025-07-16,0.561,0.568,0.561,0.567,0.5610000000000004,0.5680000000000003,0.5610000000000004,0.5670000000000003,1.0000000000000007,1378530700.0,779612153.0,腾讯日K,2026-08-07T17:30:13,20260926T093659
512690,鹏华酒ETF,SSE,2025-07-17,0.565,0.569,0.564,0.568,0.5650000000000003,0.5690000000000003,0.5640000000000003,0.5680000000000003,1.0000000000000007,805370800.0,456346803.0,腾讯日K,2026-08-07T17:30:13,20260926T093659
512690,鹏华酒ETF,SSE,2025-07-18,0.568,0.577,0.567,0.575,0.5680000000000002,0.5770000000000002,0.5670000000000002,0.5750000000000002,1.0000000000000004,1920486900.0,1101892785.0,腾讯日K,2026-08-07T17:30:13,20260926T093659
512690,鹏华酒ETF,SSE,2025-07-21,0.576,0.576,0.572,0.575,0.5760000000000002,0.5760000000000002,0.5720000000000002,0.5750000000000002,1.0000000000000004,1121788500.0,643860915.0,腾讯日K,2026-08-07T17:30:13,20260926T093659
512690,鹏华酒ETF,SSE,2025-07-22,0.574,0.592,0.574,0.591,0.5740000000000002,0.5920000000000002,0.5740000000000002,0.5910000000000002,1.0000000000000004,2964673100.0,1734401712.0,腾讯日K,2026-08-07T17:30:13,20260926T093659
512690,鹏华酒ETF,SSE,2025-07-23,0.591,0.595,0.586,0.587,0.5910000000000002,0.5950000000000002,0.5860000000000002,0.5870000000000002,1.0000000000000004,1781540800.0,1053204514.0,腾讯日K,2026-08-07T17:30:13,20260926T093659
512690,鹏华酒ETF,SSE,2025-07-24,0.587,0.591,0.586,0.59,0.5870000000000002,0.5910000000000002,0.5860000000000002,0.5900000000000002,1.0000000000000004,1531426400.0,902255689.0,腾讯日K,2026-08-07T17:30:13,20260926T093659
512690,鹏华酒ETF,SSE,2025-07-25,0.591,0.591,0.58,0.58,0.5910000000000002,0.5910000000000002,0.5800000000000002,0.5800000000000002,1.0000000000000004,1921567200.0,1121868901.0,腾讯日K,2026-08-07T17:30:13,20260926T093659
512690,鹏华酒ETF,SSE,2025-07-28,0.58,0.58,0.574,0.578,0.5800000000000002,0.5800000000000002,0.5740000000000002,0.5780000000000002,1.0000000000000004,1459580800.0,841574579.0,腾讯日K,2026-08-07T17:30:13,20260926T093659
512690,鹏华酒ETF,SSE,2025-07-29,0.577,0.579,0.572,0.577,0.5770000000000002,0.5790000000000002,0.5720000000000002,0.5770000000000002,1.0000000000000004,1658767300.0,953313658.0,腾讯日K,2026-08-07T17:30:13,20260926T093659
512690,鹏华酒ETF,SSE,2025-07-30,0.578,0.585,0.577,0.581,0.5780000000000002,0.5850000000000002,0.5770000000000002,0.5810000000000002,1.0000000000000004,2085995700.0,1212730183.0,腾讯日K,2026-08-07T17:30:13,20260926T093659
512690,鹏华酒ETF,SSE,2025-07-31,0.579,0.579,0.565,0.568,0.5790000000000002,0.5790000000000002,0.5650000000000002,0.5680000000000002,1.0000000000000004,2508096300.0,1429999756.0,腾讯日K,2026-08-07T17:30:13,20260926T093659
512690,鹏华酒ETF,SSE,2025-08-01,0.567,0.569,0.564,0.567,0.5670000000000002,0.5690000000000002,0.5640000000000002,0.5670000000000002,1.0000000000000004,1143387900.0,647904240.0,腾讯日K,2026-08-07T17:30:13,20260926T093659
512690,鹏华酒ETF,SSE,2025-08-04,0.566,0.568,0.564,0.567,0.5660000000000002,0.5680000000000002,0.5640000000000002,0.5670000000000002,1.0000000000000004,692429500.0,392168550.0,腾讯日K,2026-08-07T17:30:13,20260926T093659
512690,鹏华酒ETF,SSE,2025-08-05,0.567,0.575,0.567,0.574,0.5670000000000002,0.5750000000000002,0.5670000000000002,0.5740000000000002,1.0000000000000004,1155411600.0,660857506.0,腾讯日K,2026-08-07T17:30:13,20260926T093659
512690,鹏华酒ETF,SSE,2025-08-06,0.575,0.576,0.571,0.575,0.5750000000000002,0.5760000000000002,0.5710000000000002,0.5750000000000002,1.0000000000000004,781100500.0,448059148.0,腾讯日K,2026-08-07T17:30:13,20260926T093659
512690,鹏华酒ETF,SSE,2025-08-07,0.574,0.578,0.573,0.576,0.5740000000000002,0.5780000000000002,0.5730000000000002,0.5760000000000002,1.0000000000000004,949404100.0,546569290.0,腾讯日K,2026-08-07T17:30:13,20260926T093659
512690,鹏华酒ETF,SSE,2025-08-08,0.576,0.576,0.572,0.573,0.5760000000000002,0.5760000000000002,0.5720000000000002,0.5730000000000002,1.0000000000000004,875026900.0,501735003.0,腾讯日K,2026-08-07T17:30:13,20260926T093659
512690,鹏华酒ETF,SSE,2025-08-11,0.573,0.586,0.572,0.584,0.5730000000000002,0.5860000000000002,0.5720000000000002,0.5840000000000002,1.0000000000000004,1878758000.0,1090357792.0,腾讯日K,2026-08-07T17:30:13,20260926T093659
512690,鹏华酒ETF,SSE,2025-08-12,0.583,0.592,0.581,0.582,0.5830000000000002,0.5920000000000002,0.5810000000000002,0.5820000000000002,1.0000000000000004,2095625500.0,1228715774.0,腾讯日K,2026-08-07T17:30:13,20260926T093659
512690,鹏华酒ETF,SSE,2025-08-13,0.581,0.584,0.577,0.582,0.5810000000000002,0.5840000000000002,0.5770000000000002,0.5820000000000002,1.0000000000000004,2252122300.0,1308215117.0,腾讯日K,2026-08-07T17:30:13,20260926T093659
512690,鹏华酒ETF,SSE,2025-08-14,0.581,0.589,0.579,0.58,0.5810000000000002,0.5890000000000002,0.5790000000000002,0.5800000000000002,1.0000000000000004,1923252800.0,1123101856.0,腾讯日K,2026-08-07T17:30:13,20260926T093659
512690,鹏华酒ETF,SSE,2025-08-15,0.578,0.583,0.575,0.581,0.5780000000000002,0.5830000000000002,0.5750000000000002,0.5810000000000002,1.0000000000000004,1701472500.0,985926901.0,腾讯日K,2026-08-07T17:30:13,20260926T093659
512690,鹏华酒ETF,SSE,2025-08-18,0.582,0.587,0.581,0.585,0.5820000000000003,0.5870000000000004,0.5810000000000003,0.5850000000000003,1.0000000000000007,2567602300.0,1499874109.0,腾讯日K,2026-08-07T17:30:13,20260926T093659
512690,鹏华酒ETF,SSE,2025-08-19,0.585,0.599,0.584,0.594,0.5850000000000002,0.5990000000000002,0.5840000000000002,0.5940000000000002,1.0000000000000004,3658813700.0,2172542470.0,腾讯日K,2026-08-07T17:30:13,20260926T093659
512690,鹏华酒ETF,SSE,2025-08-20,0.592,0.612,0.589,0.609,0.5920000000000002,0.6120000000000002,0.5890000000000002,0.6090000000000003,1.0000000000000004,3595937900.0,2176657700.0,腾讯日K,2026-08-07T17:30:13,20260926T093659
512690,鹏华酒ETF,SSE,2025-08-21,0.609,0.61,0.601,0.603,0.6090000000000002,0.6100000000000002,0.6010000000000002,0.6030000000000003,1.0000000000000004,2182946200.0,1319537658.0,腾讯日K,2026-08-07T17:30:13,20260926T093659
512690,鹏华酒ETF,SSE,2025-08-22,0.603,0.609,0.601,0.609,0.6030000000000002,0.6090000000000002,0.6010000000000002,0.6090000000000002,1.0000000000000004,2085489800.0,1261783288.0,腾讯日K,2026-08-07T17:30:13,20260926T093659
512690,鹏华酒ETF,SSE,2025-08-25,0.611,0.634,0.61,0.632,0.6110000000000002,0.6340000000000003,0.6100000000000002,0.6320000000000003,1.0000000000000004,3836375700.0,2392100022.0,腾讯日K,2026-08-07T17:30:13,20260926T093659
512690,鹏华酒ETF,SSE,2025-08-26,0.63,0.639,0.623,0.63,0.6300000000000003,0.6390000000000003,0.6230000000000002,0.6300000000000002,1.0000000000000004,2998449900.0,1891668779.0,腾讯日K,2026-08-07T17:30:13,20260926T093659
512690,鹏华酒ETF,SSE,2025-08-27,0.629,0.629,0.611,0.612,0.6290000000000003,0.6290000000000003,0.6110000000000002,0.6120000000000002,1.0000000000000004,4014574400.0,2486677526.0,腾讯日K,2026-08-07T17:30:13,20260926T093659
512690,鹏华酒ETF,SSE,2025-08-28,0.61,0.616,0.598,0.609,0.6100000000000002,0.6160000000000002,0.5980000000000002,0.6090000000000002,1.0000000000000004,3129672500.0,1897956266.0,腾讯日K,2026-08-07T17:30:13,20260926T093659
512690,鹏华酒ETF,SSE,2025-08-29,0.612,0.628,0.611,0.625,0.6120000000000002,0.6280000000000003,0.6110000000000002,0.6250000000000002,1.0000000000000004,3240639700.0,2016885464.0,腾讯日K,2026-08-07T17:30:13,20260926T093659
512690,鹏华酒ETF,SSE,2025-09-01,0.623,0.626,0.618,0.622,0.6230000000000002,0.6260000000000003,0.6180000000000002,0.6220000000000002,1.0000000000000004,2642632700.0,1641786354.0,腾讯日K,2026-08-07T17:30:13,20260926T093659
512690,鹏华酒ETF,SSE,2025-09-02,0.621,0.634,0.617,0.62,0.6210000000000002,0.6340000000000003,0.6170000000000002,0.6200000000000002,1.0000000000000004,3007733700.0,1877863130.0,腾讯日K,2026-08-07T17:30:13,20260926T093659
512690,鹏华酒ETF,SSE,2025-09-03,0.622,0.63,0.609,0.611,0.6220000000000002,0.6300000000000003,0.6090000000000002,0.6110000000000002,1.0000000000000004,2261595100.0,1395818009.0,腾讯日K,2026-08-07T17:30:13,20260926T093659
512690,鹏华酒ETF,SSE,2025-09-04,0.611,0.612,0.602,0.612,0.6110000000000002,0.6120000000000002,0.6020000000000002,0.6120000000000002,1.0000000000000004,2218915200.0,1348762371.0,腾讯日K,2026-08-07T17:30:13,20260926T093659
512690,鹏华酒ETF,SSE,2025-09-05,0.611,0.616,0.604,0.615,0.6110000000000002,0.6160000000000002,0.6040000000000002,0.6150000000000002,1.0000000000000004,2260296500.0,1379633182.0,腾讯日K,2026-08-07T17:30:13,20260926T093659
512690,鹏华酒ETF,SSE,2025-09-08,0.614,0.625,0.612,0.624,0.6140000000000002,0.6250000000000002,0.6120000000000002,0.6240000000000003,1.0000000000000004,2295321300.0,1425301177.0,腾讯日K,2026-08-07T17:30:13,20260926T093659
512690,鹏华酒ETF,SSE,2025-09-09,0.623,0.625,0.616,0.624,0.6230000000000002,0.6250000000000002,0.6160000000000002,0.6240000000000003,1.0000000000000004,1891124500.0,1173426420.0,腾讯日K,2026-08-07T17:30:13,20260926T093659
512690,鹏华酒ETF,SSE,2025-09-10,0.624,0.631,0.618,0.624,0.6240000000000002,0.6310000000000003,0.6180000000000002,0.6240000000000003,1.0000000000000004,2143432500.0,1340385060.0,腾讯日K,2026-08-07T17:30:13,20260926T093659
512690,鹏华酒ETF,SSE,2025-09-11,0.621,0.628,0.62,0.628,0.6210000000000002,0.6280000000000003,0.6200000000000002,0.6280000000000003,1.0000000000000004,2113146400.0,1317778861.0,腾讯日K,2026-08-07T17:30:13,20260926T093659
512690,鹏华酒ETF,SSE,2025-09-12,0.628,0.637,0.62,0.621,0.6280000000000003,0.6370000000000003,0.6200000000000002,0.6210000000000003,1.0000000000000004,2335669600.0,1460640299.0,腾讯日K,2026-08-07T17:30:13,20260926T093659
512690,鹏华酒ETF,SSE,2025-09-15,0.619,0.621,0.616,0.619,0.6190000000000002,0.6210000000000002,0.6160000000000002,0.6190000000000002,1.0000000000000004,1635322500.0,1011912451.0,腾讯日K,2026-08-07T17:30:13,20260926T093659
512690,鹏华酒ETF,SSE,2025-09-16,0.621,0.622,0.615,0.619,0.6210000000000002,0.6220000000000002,0.6150000000000002,0.6190000000000002,1.0000000000000004,1337568000.0,826385606.0,腾讯日K,2026-08-07T17:30:13,20260926T093659
512690,鹏华酒ETF,SSE,2025-09-17,0.618,0.62,0.612,0.614,0.6180000000000002,0.6200000000000002,0.6120000000000002,0.6140000000000003,1.0000000000000004,1587864300.0,975165851.0,腾讯日K,2026-08-07T17:30:13,20260926T093659
512690,鹏华酒ETF,SSE,2025-09-18,0.614,0.614,0.599,0.603,0.6140000000000002,0.6140000000000002,0.5990000000000002,0.6030000000000003,1.0000000000000004,2515278200.0,1525916786.0,腾讯日K,2026-08-07T17:30:13,20260926T093659
512690,鹏华酒ETF,SSE,2025-09-19,0.602,0.607,0.595,0.606,0.6020000000000002,0.6070000000000002,0.5950000000000002,0.6060000000000003,1.0000000000000004,2277164400.0,1368203747.0,腾讯日K,2026-08-07T17:30:13,20260926T093659
512690,鹏华酒ETF,SSE,2025-09-22,0.603,0.603,0.595,0.596,0.6030000000000004,0.6030000000000004,0.5950000000000004,0.5960000000000003,1.0000000000000007,1751715100.0,1046397635.0,腾讯日K,2026-08-07T17:30:13,20260926T093659
512690,鹏华酒ETF,SSE,2025-09-23,0.595,0.598,0.588,0.593,0.5950000000000004,0.5980000000000004,0.5880000000000004,0.5930000000000003,1.0000000000000007,1591958500.0,942711899.0,腾讯日K,2026-08-07T17:30:13,20260926T093659
512690,鹏华酒ETF,SSE,2025-09-24,0.591,0.597,0.59,0.593,0.5910000000000004,0.5970000000000004,0.5900000000000004,0.5930000000000003,1.0000000000000007,1426090200.0,846047561.0,腾讯日K,2026-08-07T17:30:13,20260926T093659
512690,鹏华酒ETF,SSE,2025-09-25,0.594,0.594,0.587,0.588,0.5940000000000004,0.5940000000000004,0.5870000000000004,0.5880000000000003,1.0000000000000007,1681359900.0,991688533.0,腾讯日K,2026-08-07T17:30:13,20260926T093659
512690,鹏华酒ETF,SSE,2025-09-26,0.588,0.59,0.582,0.584,0.5880000000000004,0.5900000000000004,0.5820000000000003,0.5840000000000004,1.0000000000000007,1922687000.0,1125911466.0,腾讯日K,2026-08-07T17:30:13,20260926T093659
512690,鹏华酒ETF,SSE,2025-09-29,0.586,0.597,0.582,0.594,0.5860000000000004,0.5970000000000004,0.5820000000000003,0.5940000000000003,1.0000000000000007,2135325100.0,1260526125.0,腾讯日K,2026-08-07T17:30:13,20260926T093659
512690,鹏华酒ETF,SSE,2025-09-30,0.592,0.593,0.588,0.59,0.5920000000000004,0.5930000000000004,0.5880000000000004,0.5900000000000003,1.0000000000000007,1643556100.0,969716093.0,腾讯日K,2026-08-07T17:30:13,20260926T093659
512690,鹏华酒ETF,SSE,2025-10-09,0.588,0.588,0.577,0.584,0.5880000000000004,0.5880000000000004,0.5770000000000003,0.5840000000000003,1.0000000000000007,2307234800.0,1340512668.0,腾讯日K,2026-08-07T17:30:13,20260926T093659
512690,鹏华酒ETF,SSE,2025-10-10,0.582,0.587,0.581,0.583,0.5820000000000003,0.5870000000000004,0.5810000000000003,0.5830000000000003,1.0000000000000007,1406052900.0,821312320.0,腾讯日K,2026-08-07T17:30:13,20260926T093659
512690,鹏华酒ETF,SSE,2025-10-13,0.575,0.579,0.573,0.577,0.5750000000000003,0.5790000000000003,0.5730000000000003,0.5770000000000004,1.0000000000000007,1889860900.0,1090525613.0,腾讯日K,2026-08-07T17:30:13,20260926T093659
512690,鹏华酒ETF,SSE,2025-10-14,0.579,0.594,0.578,0.593,0.5790000000000003,0.5940000000000004,0.5780000000000003,0.5930000000000003,1.0000000000000007,2889303100.0,1700320586.0,腾讯日K,2026-08-07T17:30:13,20260926T093659
512690,鹏华酒ETF,SSE,2025-10-15,0.591,0.599,0.588,0.597,0.5910000000000004,0.5990000000000004,0.5880000000000004,0.5970000000000004,1.0000000000000007,1927712900.0,1146725182.0,腾讯日K,2026-08-07T17:30:13,20260926T093659
512690,鹏华酒ETF,SSE,2025-10-16,0.594,0.605,0.594,0.604,0.5940000000000004,0.6050000000000004,0.5940000000000004,0.6040000000000004,1.0000000000000007,1855659800.0,1113422792.0,腾讯日K,2026-08-07T17:30:13,20260926T093659
512690,鹏华酒ETF,SSE,2025-10-17,0.603,0.604,0.594,0.595,0.6030000000000004,0.6040000000000004,0.5940000000000004,0.5950000000000004,1.0000000000000007,1803307900.0,1079183402.0,腾讯日K,2026-08-07T17:30:13,20260926T093659
512690,鹏华酒ETF,SSE,2025-10-20,0.596,0.597,0.59,0.591,0.5960000000000004,0.5970000000000004,0.5900000000000004,0.5910000000000004,1.0000000000000007,1434874700.0,850774269.0,腾讯日K,2026-08-07T17:30:13,20260926T093659
512690,鹏华酒ETF,SSE,2025-10-21,0.591,0.596,0.589,0.592,0.5910000000000004,0.5960000000000004,0.5890000000000004,0.5920000000000004,1.0000000000000007,1136802700.0,673128403.0,腾讯日K,2026-08-07T17:30:13,20260926T093659
512690,鹏华酒ETF,SSE,2025-10-22,0.59,0.595,0.588,0.589,0.5900000000000004,0.5950000000000004,0.5880000000000004,0.5890000000000004,1.0000000000000007,1236134200.0,729633262.0,腾讯日K,2026-08-07T17:30:13,20260926T093659
512690,鹏华酒ETF,SSE,2025-10-23,0.588,0.593,0.585,0.593,0.5880000000000005,0.5930000000000005,0.5850000000000005,0.5930000000000005,1.0000000000000009,1535107700.0,903234458.0,腾讯日K,2026-08-07T17:30:13,20260926T093659
512690,鹏华酒ETF,SSE,2025-10-24,0.592,0.594,0.581,0.582,0.5920000000000005,0.5940000000000005,0.5810000000000005,0.5820000000000005,1.0000000000000009,2351974400.0,1375759758.0,腾讯日K,2026-08-07T17:30:13,20260926T093659
512690,鹏华酒ETF,SSE,2025-10-27,0.58,0.585,0.577,0.582,0.5800000000000005,0.5850000000000005,0.5770000000000005,0.5820000000000005,1.0000000000000009,1494854500.0,868741560.0,腾讯日K,2026-08-07T17:30:13,20260926T093659
512690,鹏华酒ETF,SSE,2025-10-28,0.581,0.587,0.58,0.582,0.5810000000000005,0.5870000000000005,0.5800000000000005,0.5820000000000005,1.0000000000000009,1529919400.0,892716286.0,腾讯日K,2026-08-07T17:30:13,20260926T093659
512690,鹏华酒ETF,SSE,2025-10-29,0.58,0.582,0.575,0.579,0.5800000000000003,0.5820000000000003,0.5750000000000003,0.5790000000000004,1.0000000000000007,1803558500.0,1040912554.0,腾讯日K,2026-08-07T17:30:13,20260926T093659
512690,鹏华酒ETF,SSE,2025-10-30,0.576,0.585,0.575,0.579,0.5760000000000003,0.5850000000000004,0.5750000000000003,0.5790000000000004,1.0000000000000007,2522546800.0,1466481763.0,腾讯日K,2026-08-07T17:30:13,20260926T093659
512690,鹏华酒ETF,SSE,2025-10-31,0.576,0.591,0.575,0.588,0.5760000000000005,0.5910000000000005,0.5750000000000005,0.5880000000000005,1.0000000000000009,2747299200.0,1613772431.0,腾讯日K,2026-08-07T17:30:13,20260926T093659
512690,鹏华酒ETF,SSE,2025-11-03,0.585,0.592,0.581,0.588,0.5850000000000005,0.5920000000000005,0.5810000000000005,0.5880000000000005,1.0000000000000009,2545595600.0,1495282225.0,腾讯日K,2026-08-07T17:30:13,20260926T093659
512690,鹏华酒ETF,SSE,2025-11-04,0.587,0.588,0.579,0.581,0.5870000000000005,0.5880000000000005,0.5790000000000005,0.5810000000000005,1.0000000000000009,1637259800.0,954876201.0,腾讯日K,2026-08-07T17:30:13,20260926T093659
512690,鹏华酒ETF,SSE,2025-11-05,0.579,0.585,0.576,0.579,0.5790000000000003,0.5850000000000004,0.5760000000000003,0.5790000000000004,1.0000000000000007,1678755600.0,972434962.0,腾讯日K,2026-08-07T17:30:13,20260926T093659
512690,鹏华酒ETF,SSE,2025-11-06,0.581,0.585,0.578,0.58,0.5810000000000005,0.5850000000000005,0.5780000000000005,0.5800000000000005,1.0000000000000009,1367877700.0,794135867.0,腾讯日K,2026-08-07T17:30:13,20260926T093659
512690,鹏华酒ETF,SSE,2025-11-07,0.579,0.582,0.577,0.578,0.5790000000000005,0.5820000000000005,0.5770000000000005,0.5780000000000005,1.0000000000000009,951782400.0,550780244.0,腾讯日K,2026-08-07T17:30:13,20260926T093659
512690,鹏华酒ETF,SSE,2025-11-10,0.577,0.606,0.576,0.604,0.5770000000000005,0.6060000000000005,0.5760000000000005,0.6040000000000005,1.0000000000000009,4990087100.0,2971400080.0,腾讯日K,2026-08-07T17:30:13,20260926T093659
512690,鹏华酒ETF,SSE,2025-11-11,0.6,0.605,0.595,0.603,0.6000000000000005,0.6050000000000005,0.5950000000000005,0.6030000000000005,1.0000000000000009,2826660100.0,1696833069.0,腾讯日K,2026-08-07T17:30:13,20260926T093659
512690,鹏华酒ETF,SSE,2025-11-12,0.602,0.609,0.602,0.603,0.6020000000000005,0.6090000000000005,0.6020000000000005,0.6030000000000005,1.0000000000000009,2331859800.0,1410526493.0,腾讯日K,2026-08-07T17:30:13,20260926T093659
512690,鹏华酒ETF,SSE,2025-11-13,0.6,0.609,0.599,0.607,0.6000000000000005,0.6090000000000005,0.5990000000000005,0.6070000000000005,1.0000000000000009,2560755700.0,1548972162.0,腾讯日K,2026-08-07T17:30:13,20260926T093659
512690,鹏华酒ETF,SSE,2025-11-14,0.605,0.613,0.598,0.598,0.6050000000000006,0.6130000000000007,0.5980000000000006,0.5980000000000006,1.000000000000001,2127999900.0,1284437453.0,腾讯日K,2026-08-07T17:30:13,20260926T093659
512690,鹏华酒ETF,SSE,2025-11-17,0.597,0.602,0.591,0.598,0.5970000000000006,0.6020000000000006,0.5910000000000006,0.5980000000000006,1.000000000000001,1498669900.0,893803044.0,腾讯日K,2026-08-07T17:30:13,20260926T093659
512690,鹏华酒ETF,SSE,2025-11-18,0.598,0.604,0.593,0.595,0.5980000000000005,0.6040000000000005,0.5930000000000005,0.5950000000000005,1.0000000000000009,1374981100.0,823444183.0,腾讯日K,2026-08-07T17:30:13,20260926T093659
512690,鹏华酒ETF,SSE,2025-11-19,0.595,0.597,0.589,0.592,0.5950000000000005,0.5970000000000005,0.5890000000000005,0.5920000000000005,1.0000000000000009,1074488900.0,636133318.0,腾讯日K,2026-08-07T17:30:13,20260926T093659
512690,鹏华酒ETF,SSE,2025-11-20,0.593,0.597,0.589,0.59,0.5930000000000005,0.5970000000000005,0.5890000000000005,0.5900000000000005,1.0000000000000009,1129463200.0,668821136.0,腾讯日K,2026-08-07T17:30:13,20260926T093659
512690,鹏华酒ETF,SSE,2025-11-21,0.588,0.597,0.581,0.585,0.5880000000000005,0.5970000000000005,0.5810000000000005,0.5850000000000005,1.0000000000000009,1576224000.0,926270483.0,腾讯日K,2026-08-07T17:30:13,20260926T093659
512690,鹏华酒ETF,SSE,2025-11-24,0.584,0.589,0.58,0.581,0.5840000000000005,0.5890000000000005,0.5800000000000005,0.5810000000000005,1.0000000000000009,1300183600.0,758994734.0,腾讯日K,2026-08-07T17:30:13,20260926T093659
512690,鹏华酒ETF,SSE,2025-11-25,0.582,0.583,0.578,0.582,0.5820000000000006,0.5830000000000006,0.5780000000000006,0.5820000000000006,1.000000000000001,1533100900.0,890141715.0,腾讯日K,2026-08-07T17:30:13,20260926T093659
512690,鹏华酒ETF,SSE,2025-11-26,0.582,0.585,0.58,0.582,0.5820000000000006,0.5850000000000006,0.5800000000000006,0.5820000000000006,1.000000000000001,1337157300.0,778308110.0,腾讯日K,2026-08-07T17:30:13,20260926T093659
512690,鹏华酒ETF,SSE,2025-11-27,0.583,0.586,0.579,0.583,0.5830000000000006,0.5860000000000006,0.5790000000000006,0.5830000000000006,1.000000000000001,1212449000.0,706023597.0,腾讯日K,2026-08-07T17:30:13,20260926T093659
512690,鹏华酒ETF,SSE,2025-11-28,0.582,0.585,0.579,0.583,0.5820000000000006,0.5850000000000006,0.5790000000000006,0.5830000000000006,1.000000000000001,1213746800.0,707147948.0,腾讯日K,2026-08-07T17:30:13,20260926T093659
512690,鹏华酒ETF,SSE,2025-12-01,0.583,0.588,0.581,0.583,0.5830000000000006,0.5880000000000006,0.5810000000000006,0.5830000000000006,1.000000000000001,1160586600.0,677487481.0,腾讯日K,2026-08-07T17:30:13,20260926T093659
512690,鹏华酒ETF,SSE,2025-12-02,0.583,0.585,0.577,0.577,0.5830000000000006,0.5850000000000006,0.5770000000000006,0.5770000000000006,1.000000000000001,1460700800.0,846817242.0,腾讯日K,2026-08-07T17:30:13,20260926T093659
512690,鹏华酒ETF,SSE,2025-12-03,0.578,0.578,0.569,0.57,0.5780000000000006,0.5780000000000006,0.5690000000000006,0.5700000000000006,1.000000000000001,2050436700.0,1173278053.0,腾讯日K,2026-08-07T17:30:13,20260926T093659
512690,鹏华酒ETF,SSE,2025-12-04,0.57,0.571,0.559,0.561,0.5700000000000006,0.5710000000000006,0.5590000000000007,0.5610000000000007,1.000000000000001,2057495000.0,1156335099.0,腾讯日K,2026-08-07T17:30:13,20260926T093659
512690,鹏华酒ETF,SSE,2025-12-05,0.56,0.564,0.558,0.563,0.5600000000000008,0.5640000000000007,0.5580000000000008,0.5630000000000007,1.0000000000000013,1137679600.0,638724125.0,腾讯日K,2026-08-07T17:30:13,20260926T093659
512690,鹏华酒ETF,SSE,2025-12-08,0.562,0.564,0.557,0.557,0.5620000000000008,0.5640000000000007,0.5570000000000008,0.5570000000000008,1.0000000000000013,1552400200.0,868633618.0,腾讯日K,2026-08-07T17:30:13,20260926T093659
512690,鹏华酒ETF,SSE,2025-12-09,0.558,0.558,0.547,0.549,0.5580000000000008,0.5580000000000008,0.5470000000000008,0.5490000000000008,1.0000000000000013,1958812800.0,1079604495.0,腾讯日K,2026-08-07T17:30:13,20260926T093659
512690,鹏华酒ETF,SSE,2025-12-10,0.548,0.554,0.544,0.553,0.5480000000000008,0.5540000000000008,0.5440000000000008,0.5530000000000008,1.0000000000000013,1500239900.0,826447056.0,腾讯日K,2026-08-07T17:30:13,20260926T093659
512690,鹏华酒ETF,SSE,2025-12-11,0.553,0.554,0.548,0.55,0.5530000000000008,0.5540000000000008,0.5480000000000008,0.5500000000000008,1.0000000000000013,977663800.0,538030776.0,腾讯日K,2026-08-07T17:30:13,20260926T093659
512690,鹏华酒ETF,SSE,2025-12-12,0.552,0.559,0.55,0.551,0.5520000000000008,0.5590000000000008,0.5500000000000008,0.5510000000000008,1.0000000000000013,1859200300.0,1028623583.0,腾讯日K,2026-08-07T17:30:13,20260926T093659
512690,鹏华酒ETF,SSE,2025-12-15,0.557,0.561,0.554,0.554,0.5570000000000007,0.5610000000000007,0.5540000000000007,0.5540000000000007,1.000000000000001,1991051300.0,1109127065.0,腾讯日K,2026-08-07T17:30:13,20260926T093659
512690,鹏华酒ETF,SSE,2025-12-16,0.553,0.555,0.55,0.555,0.5530000000000007,0.5550000000000007,0.5500000000000007,0.5550000000000007,1.000000000000001,1178840700.0,652025185.0,腾讯日K,2026-08-07T17:30:13,20260926T093659
512690,鹏华酒ETF,SSE,2025-12-17,0.554,0.555,0.548,0.553,0.5540000000000007,0.5550000000000007,0.5480000000000006,0.5530000000000007,1.000000000000001,1038850900.0,573388383.0,腾讯日K,2026-08-07T17:30:13,20260926T093659
512690,鹏华酒ETF,SSE,2025-12-18,0.553,0.554,0.55,0.552,0.5530000000000007,0.5540000000000007,0.5500000000000007,0.5520000000000007,1.000000000000001,1178709400.0,650502946.0,腾讯日K,2026-08-07T17:30:13,20260926T093659
512690,鹏华酒ETF,SSE,2025-12-19,0.552,0.556,0.55,0.554,0.5520000000000007,0.5560000000000007,0.5500000000000007,0.5540000000000007,1.000000000000001,1134263700.0,627579998.0,腾讯日K,2026-08-07T17:30:13,20260926T093659
512690,鹏华酒ETF,SSE,2025-12-22,0.554,0.557,0.552,0.553,0.5540000000000007,0.5570000000000007,0.5520000000000007,0.5530000000000007,1.000000000000001,1432710700.0,793749257.0,腾讯日K,2026-08-07T17:30:13,20260926T093659
512690,鹏华酒ETF,SSE,2025-12-23,0.553,0.554,0.548,0.55,0.5530000000000007,0.5540000000000007,0.5480000000000006,0.5500000000000007,1.000000000000001,1059873200.0,583003235.0,腾讯日K,2026-08-07T17:30:13,20260926T093659
512690,鹏华酒ETF,SSE,2025-12-24,0.549,0.549,0.545,0.548,0.5490000000000006,0.5490000000000006,0.5450000000000006,0.5480000000000007,1.000000000000001,1232078800.0,674211371.0,腾讯日K,2026-08-07T17:30:13,20260926T093659
512690,鹏华酒ETF,SSE,2025-12-25,0.548,0.557,0.547,0.554,0.5480000000000006,0.5570000000000007,0.5470000000000006,0.5540000000000007,1.000000000000001,1830906800.0,1011471257.0,腾讯日K,2026-08-07T17:30:13,20260926T093659
512690,鹏华酒ETF,SSE,2025-12-26,0.552,0.554,0.548,0.55,0.5520000000000007,0.5540000000000007,0.5480000000000006,0.5500000000000007,1.000000000000001,1493867100.0,822380009.0,腾讯日K,2026-08-07T17:30:13,20260926T093659
512690,鹏华酒ETF,SSE,2025-12-29,0.55,0.55,0.542,0.543,0.5500000000000008,0.5500000000000008,0.5420000000000008,0.5430000000000007,1.0000000000000013,1583920700.0,863097491.0,腾讯日K,2026-08-07T17:30:13,20260926T093659
512690,鹏华酒ETF,SSE,2025-12-30,0.543,0.543,0.539,0.541,0.5430000000000008,0.5430000000000008,0.5390000000000007,0.5410000000000007,1.0000000000000013,978304400.0,529129663.0,腾讯日K,2026-08-07T17:30:13,20260926T093659
512690,鹏华酒ETF,SSE,2025-12-31,0.541,0.542,0.535,0.536,0.5410000000000007,0.5420000000000008,0.5350000000000007,0.5360000000000007,1.0000000000000013,1160690800.0,623513982.0,腾讯日K,2026-08-07T17:30:13,20260926T093659
512690,鹏华酒ETF,SSE,2026-01-05,0.536,0.547,0.536,0.546,0.5360000000000007,0.5470000000000008,0.5360000000000007,0.5460000000000008,1.0000000000000013,2219260400.0,1205012985.0,腾讯日K,2026-08-07T17:30:13,20260926T093659
512690,鹏华酒ETF,SSE,2026-01-06,0.546,0.55,0.543,0.55,0.5460000000000008,0.5500000000000008,0.5430000000000008,0.5500000000000008,1.0000000000000013,1732087600.0,947079297.0,腾讯日K,2026-08-07T17:30:13,20260926T093659
512690,鹏华酒ETF,SSE,2026-01-07,0.55,0.551,0.546,0.547,0.5500000000000008,0.5510000000000008,0.5460000000000008,0.5470000000000008,1.0000000000000013,1905082600.0,1043218372.0,腾讯日K,2026-08-07T17:30:13,20260926T093659
512690,鹏华酒ETF,SSE,2026-01-08,0.546,0.547,0.543,0.546,0.5460000000000008,0.5470000000000008,0.5430000000000008,0.5460000000000008,1.0000000000000013,1252097900.0,681576685.0,腾讯日K,2026-08-07T17:30:13,20260926T093659
512690,鹏华酒ETF,SSE,2026-01-09,0.547,0.551,0.545,0.547,0.5470000000000008,0.5510000000000008,0.5450000000000008,0.5470000000000008,1.0000000000000013,1219054900.0,667808895.0,腾讯日K,2026-08-07T17:30:13,20260926T093659
512690,鹏华酒ETF,SSE,2026-01-12,0.547,0.555,0.546,0.553,0.5470000000000006,0.5550000000000007,0.5460000000000006,0.5530000000000007,1.000000000000001,1721205000.0,950145159.0,腾讯日K,2026-08-07T17:30:13,20260926T093659
512690,鹏华酒ETF,SSE,2026-01-13,0.554,0.555,0.546,0.548,0.5540000000000008,0.5550000000000008,0.5460000000000008,0.5480000000000008,1.0000000000000013,1612510200.0,888808354.0,腾讯日K,2026-08-07T17:30:13,20260926T093659
512690,鹏华酒ETF,SSE,2026-01-14,0.547,0.553,0.541,0.545,0.5470000000000008,0.5530000000000008,0.5410000000000007,0.5450000000000007,1.0000000000000013,1808393700.0,990234266.0,腾讯日K,2026-08-07T17:30:13,20260926T093659
512690,鹏华酒ETF,SSE,2026-01-15,0.543,0.546,0.539,0.54,0.5430000000000008,0.5460000000000008,0.5390000000000007,0.5400000000000007,1.0000000000000013,1245774600.0,674267836.0,腾讯日K,2026-08-07T17:30:13,20260926T093659
512690,鹏华酒ETF,SSE,2026-01-16,0.541,0.542,0.535,0.537,0.5410000000000007,0.5420000000000008,0.5350000000000007,0.5370000000000007,1.0000000000000013,1251509600.0,672286848.0,腾讯日K,2026-08-07T17:30:13,20260926T093659
512690,鹏华酒ETF,SSE,2026-01-19,0.536,0.538,0.534,0.535,0.5360000000000007,0.5380000000000007,0.5340000000000007,0.5350000000000007,1.0000000000000013,1025779700.0,549272926.0,腾讯日K,2026-08-07T17:30:13,20260926T093659
512690,鹏华酒ETF,SSE,2026-01-20,0.536,0.542,0.534,0.54,0.5360000000000007,0.5420000000000008,0.5340000000000007,0.5400000000000007,1.0000000000000013,1413628000.0,761555899.0,腾讯日K,2026-08-07T17:30:13,20260926T093659
512690,鹏华酒ETF,SSE,2026-01-21,0.539,0.539,0.529,0.531,0.5390000000000007,0.5390000000000007,0.5290000000000007,0.5310000000000007,1.0000000000000013,1927977200.0,1025920935.0,腾讯日K,2026-08-07T17:30:13,20260926T093659
512690,鹏华酒ETF,SSE,2026-01-22,0.53,0.533,0.528,0.529,0.5300000000000006,0.5330000000000006,0.5280000000000006,0.5290000000000006,1.000000000000001,1068846300.0,566135156.0,腾讯日K,2026-08-07T17:30:13,20260926T093659
512690,鹏华酒ETF,SSE,2026-01-23,0.529,0.531,0.526,0.527,0.5290000000000006,0.5310000000000006,0.5260000000000006,0.5270000000000006,1.000000000000001,1362516700.0,719976289.0,腾讯日K,2026-08-07T17:30:13,20260926T093659
512690,鹏华酒ETF,SSE,2026-01-26,0.525,0.526,0.516,0.524,0.5250000000000006,0.5260000000000006,0.5160000000000006,0.5240000000000006,1.000000000000001,2231753300.0,1163357410.0,腾讯日K,2026-08-07T17:30:13,20260926T093659
512690,鹏华酒ETF,SSE,2026-01-27,0.522,0.523,0.514,0.516,0.5220000000000006,0.5230000000000006,0.5140000000000006,0.5160000000000006,1.000000000000001,1758560000.0,908153988.0,腾讯日K,2026-08-07T17:30:13,20260926T093659
512690,鹏华酒ETF,SSE,2026-01-28,0.515,0.52,0.512,0.516,0.5150000000000006,0.5200000000000006,0.5120000000000006,0.5160000000000006,1.000000000000001,1635738200.0,843134895.0,腾讯日K,2026-08-07T17:30:13,20260926T093659
512690,鹏华酒ETF,SSE,2026-01-29,0.515,0.568,0.515,0.568,0.5150000000000006,0.5680000000000006,0.5150000000000006,0.5680000000000006,1.000000000000001,7943165400.0,4327044724.0,腾讯日K,2026-08-07T17:30:13,20260926T093659
512690,鹏华酒ETF,SSE,2026-01-30,0.562,0.562,0.54,0.541,0.5620000000000008,0.5620000000000008,0.5400000000000007,0.5410000000000007,1.0000000000000013,4935660700.0,2706926885.0,腾讯日K,2026-08-07T17:30:13,20260926T093659
512690,鹏华酒ETF,SSE,2026-02-02,0.536,0.566,0.536,0.549,0.5360000000000006,0.5660000000000006,0.5360000000000006,0.5490000000000007,1.000000000000001,4221753700.0,2336756188.0,腾讯日K,2026-08-07T17:30:13,20260926T093659
512690,鹏华酒ETF,SSE,2026-02-03,0.544,0.56,0.544,0.551,0.5440000000000006,0.5600000000000007,0.5440000000000006,0.5510000000000007,1.000000000000001,2603136400.0,1432837240.0,腾讯日K,2026-08-07T17:30:13,20260926T093659
512690,鹏华酒ETF,SSE,2026-02-04,0.549,0.566,0.546,0.562,0.5490000000000006,0.5660000000000006,0.5460000000000006,0.5620000000000007,1.000000000000001,3238630100.0,1806933017.0,腾讯日K,2026-08-07T17:30:13,20260926T093659
512690,鹏华酒ETF,SSE,2026-02-05,0.56,0.572,0.558,0.565,0.5600000000000007,0.5720000000000006,0.5580000000000007,0.5650000000000006,1.000000000000001,3317409900.0,1880661681.0,腾讯日K,2026-08-07T17:30:13,20260926T093659
512690,鹏华酒ETF,SSE,2026-02-06,0.562,0.567,0.553,0.554,0.5620000000000007,0.5670000000000006,0.5530000000000007,0.5540000000000006,1.000000000000001,2143905800.0,1192071643.0,腾讯日K,2026-08-07T17:30:13,20260926T093659
512690,鹏华酒ETF,SSE,2026-02-09,0.553,0.557,0.55,0.554,0.5530000000000007,0.5570000000000007,0.5500000000000007,0.5540000000000006,1.000000000000001,1760520000.0,973765199.0,腾讯日K,2026-08-07T17:30:13,20260926T093659
512690,鹏华酒ETF,SSE,2026-02-10,0.553,0.553,0.543,0.545,0.5530000000000007,0.5530000000000007,0.5430000000000006,0.5450000000000006,1.000000000000001,1798195900.0,981366849.0,腾讯日K,2026-08-07T17:30:13,20260926T093659
512690,鹏华酒ETF,SSE,2026-02-11,0.545,0.548,0.542,0.545,0.5450000000000006,0.5480000000000006,0.5420000000000006,0.5450000000000006,1.000000000000001,1430085900.0,777880897.0,腾讯日K,2026-08-07T17:30:13,20260926T093659
512690,鹏华酒ETF,SSE,2026-02-12,0.543,0.544,0.535,0.535,0.5430000000000006,0.5440000000000006,0.5350000000000006,0.5350000000000006,1.000000000000001,1511880300.0,812902633.0,腾讯日K,2026-08-07T17:30:13,20260926T093659
512690,鹏华酒ETF,SSE,2026-02-13,0.536,0.542,0.533,0.535,0.5360000000000006,0.5420000000000006,0.5330000000000006,0.5350000000000006,1.000000000000001,1373447100.0,738248055.0,腾讯日K,2026-08-07T17:30:13,20260926T093659
512690,鹏华酒ETF,SSE,2026-02-24,0.539,0.542,0.527,0.529,0.5390000000000006,0.5420000000000006,0.5270000000000006,0.5290000000000006,1.000000000000001,1409184700.0,749560072.0,腾讯日K,2026-08-07T17:30:13,20260926T093659
512690,鹏华酒ETF,SSE,2026-02-25,0.529,0.535,0.528,0.532,0.5290000000000006,0.5350000000000006,0.5280000000000006,0.5320000000000006,1.000000000000001,1070294900.0,569434404.0,腾讯日K,2026-08-07T17:30:13,20260926T093659
512690,鹏华酒ETF,SSE,2026-02-26,0.531,0.532,0.523,0.525,0.5310000000000006,0.5320000000000006,0.5230000000000006,0.5250000000000006,1.000000000000001,1169926300.0,615895630.0,腾讯日K,2026-08-07T17:30:13,20260926T093659
512690,鹏华酒ETF,SSE,2026-02-27,0.525,0.527,0.523,0.526,0.5250000000000006,0.5270000000000006,0.5230000000000006,0.5260000000000006,1.000000000000001,776797000.0,407807278.0,腾讯日K,2026-08-07T17:30:13,20260926T093659
512690,鹏华酒ETF,SSE,2026-03-02,0.52,0.523,0.513,0.516,0.5200000000000006,0.5230000000000006,0.5130000000000006,0.5160000000000006,1.000000000000001,1536301300.0,793772947.0,腾讯日K,2026-08-07T17:30:13,20260926T093659
512690,鹏华酒ETF,SSE,2026-03-03,0.514,0.524,0.509,0.515,0.5140000000000006,0.5240000000000006,0.5090000000000006,0.5150000000000006,1.000000000000001,2165171300.0,1115823623.0,腾讯日K,2026-08-07T17:30:13,20260926T093659
512690,鹏华酒ETF,SSE,2026-03-04,0.511,0.511,0.5,0.502,0.5110000000000006,0.5110000000000006,0.5000000000000006,0.5020000000000006,1.000000000000001,2040707100.0,1028821184.0,腾讯日K,2026-08-07T17:30:13,20260926T093659
512690,鹏华酒ETF,SSE,2026-03-05,0.505,0.507,0.501,0.503,0.5050000000000004,0.5070000000000005,0.5010000000000004,0.5030000000000004,1.0000000000000009,825693200.0,415808291.0,腾讯日K,2026-08-07T17:30:13,20260926T093659
512690,鹏华酒ETF,SSE,2026-03-06,0.501,0.511,0.5,0.51,0.5010000000000004,0.5110000000000005,0.5000000000000004,0.5100000000000005,1.0000000000000009,1947734200.0,987724016.0,腾讯日K,2026-08-07T17:30:13,20260926T093659
512690,鹏华酒ETF,SSE,2026-03-09,0.505,0.508,0.503,0.505,0.5050000000000006,0.5080000000000006,0.5030000000000006,0.5050000000000006,1.000000000000001,1214369500.0,613587964.0,腾讯日K,2026-08-07T17:30:13,20260926T093659
512690,鹏华酒ETF,SSE,2026-03-10,0.507,0.509,0.505,0.508,0.5070000000000006,0.5090000000000006,0.5050000000000006,0.5080000000000006,1.000000000000001,841604500.0,426734292.0,腾讯日K,2026-08-07T17:30:13,20260926T093659
512690,鹏华酒ETF,SSE,2026-03-11,0.507,0.508,0.504,0.506,0.5070000000000006,0.5080000000000006,0.5040000000000006,0.5060000000000006,1.000000000000001,798440100.0,403849701.0,腾讯日K,2026-08-07T17:30:13,20260926T093659
512690,鹏华酒ETF,SSE,2026-03-12,0.505,0.509,0.503,0.506,0.5050000000000006,0.5090000000000006,0.5030000000000006,0.5060000000000006,1.000000000000001,1355345900.0,685300058.0,腾讯日K,2026-08-07T17:30:13,20260926T093659
512690,鹏华酒ETF,SSE,2026-03-13,0.505,0.514,0.504,0.512,0.5050000000000004,0.5140000000000005,0.5040000000000004,0.5120000000000005,1.0000000000000009,1752902800.0,896024021.0,腾讯日K,2026-08-07T17:30:13,20260926T093659
512690,鹏华酒ETF,SSE,2026-03-16,0.511,0.523,0.51,0.519,0.5110000000000005,0.5230000000000005,0.5100000000000005,0.5190000000000005,1.0000000000000009,1739866500.0,901087690.0,腾讯日K,2026-08-07T17:30:13,20260926T093659
512690,鹏华酒ETF,SSE,2026-03-17,0.517,0.525,0.515,0.518,0.5170000000000005,0.5250000000000005,0.5150000000000005,0.5180000000000005,1.0000000000000009,1430067800.0,744316899.0,腾讯日K,2026-08-07T17:30:13,20260926T093659
512690,鹏华酒ETF,SSE,2026-03-18,0.518,0.52,0.51,0.513,0.5180000000000006,0.5200000000000006,0.5100000000000006,0.5130000000000006,1.000000000000001,1090785300.0,559603382.0,腾讯日K,2026-08-07T17:30:13,20260926T093659
512690,鹏华酒ETF,SSE,2026-03-19,0.51,0.511,0.504,0.504,0.5100000000000005,0.5110000000000005,0.5040000000000004,0.5040000000000004,1.0000000000000009,1217566900.0,617154175.0,腾讯日K,2026-08-07T17:30:13,20260926T093659
512690,鹏华酒ETF,SSE,2026-03-20,0.505,0.507,0.499,0.5,0.5050000000000004,0.5070000000000005,0.49900000000000044,0.5000000000000004,1.0000000000000009,1151364700.0,578806217.0,腾讯日K,2026-08-07T17:30:13,20260926T093659
512690,鹏华酒ETF,SSE,2026-03-23,0.496,0.496,0.482,0.484,0.49600000000000044,0.49600000000000044,0.48200000000000043,0.48400000000000043,1.0000000000000009,1764446200.0,860627870.0,腾讯日K,2026-08-07T17:30:13,20260926T093659
512690,鹏华酒ETF,SSE,2026-03-24,0.487,0.49,0.482,0.49,0.48700000000000043,0.49000000000000044,0.48200000000000043,0.49000000000000044,1.0000000000000009,1108143600.0,538885427.0,腾讯日K,2026-08-07T17:30:13,20260926T093659
512690,鹏华酒ETF,SSE,2026-03-25,0.489,0.493,0.487,0.492,0.48900000000000055,0.49300000000000055,0.48700000000000054,0.4920000000000005,1.000000000000001,974678500.0,478095676.0,腾讯日K,2026-08-07T17:30:13,20260926T093659
512690,鹏华酒ETF,SSE,2026-03-26,0.491,0.495,0.485,0.486,0.49100000000000055,0.49500000000000055,0.48500000000000054,0.4860000000000005,1.000000000000001,988156900.0,482914350.0,腾讯日K,2026-08-07T17:30:13,20260926T093659
512690,鹏华酒ETF,SSE,2026-03-27,0.483,0.495,0.483,0.492,0.48300000000000054,0.49500000000000055,0.48300000000000054,0.4920000000000005,1.000000000000001,1197169900.0,587209617.0,腾讯日K,2026-08-07T17:30:13,20260926T093659
512690,鹏华酒ETF,SSE,2026-03-30,0.487,0.497,0.487,0.493,0.48700000000000054,0.49700000000000055,0.48700000000000054,0.4930000000000005,1.000000000000001,1143039400.0,561564513.0,腾讯日K,2026-08-07T17:30:13,20260926T093659
512690,鹏华酒ETF,SSE,2026-03-31,0.503,0.507,0.492,0.493,0.5030000000000006,0.5070000000000006,0.49200000000000055,0.4930000000000005,1.000000000000001,1526205100.0,761838901.0,腾讯日K,2026-08-07T17:30:13,20260926T093659
512690,鹏华酒ETF,SSE,2026-04-01,0.494,0.502,0.492,0.498,0.49400000000000044,0.5020000000000004,0.49200000000000044,0.49800000000000044,1.0000000000000009,1104182400.0,548911987.0,腾讯日K,2026-08-07T17:30:13,20260926T093659
512690,鹏华酒ETF,SSE,2026-04-02,0.496,0.503,0.495,0.499,0.49600000000000044,0.5030000000000004,0.49500000000000044,0.49900000000000044,1.0000000000000009,1044469600.0,521224215.0,腾讯日K,2026-08-07T17:30:13,20260926T093659
512690,鹏华酒ETF,SSE,2026-04-03,0.5,0.502,0.492,0.494,0.5000000000000004,0.5020000000000004,0.49200000000000044,0.49400000000000044,1.0000000000000009,793887100.0,393250968.0,腾讯日K,2026-08-07T17:30:13,20260926T093659
512690,鹏华酒ETF,SSE,2026-04-07,0.493,0.497,0.488,0.491,0.49300000000000044,0.49700000000000044,0.48800000000000043,0.49100000000000044,1.0000000000000009,774496200.0,380892528.0,腾讯日K,2026-08-07T17:30:13,20260926T093659
512690,鹏华酒ETF,SSE,2026-04-08,0.495,0.499,0.493,0.498,0.49500000000000055,0.49900000000000055,0.49300000000000055,0.4980000000000005,1.000000000000001,1684529900.0,836386619.0,腾讯日K,2026-08-07T17:30:13,20260926T093659
512690,鹏华酒ETF,SSE,2026-04-09,0.496,0.497,0.489,0.49,0.49600000000000055,0.49700000000000055,0.48900000000000055,0.49000000000000055,1.000000000000001,1059755700.0,521347626.0,腾讯日K,2026-08-07T17:30:13,20260926T093659
512690,鹏华酒ETF,SSE,2026-04-10,0.491,0.493,0.489,0.491,0.49100000000000055,0.49300000000000055,0.48900000000000055,0.4910000000000005,1.000000000000001,1108108200.0,544388374.0,腾讯日K,2026-08-07T17:30:13,20260926T093659
512690,鹏华酒ETF,SSE,2026-04-13,0.489,0.49,0.485,0.489,0.48900000000000055,0.49000000000000055,0.48500000000000054,0.48900000000000055,1.000000000000001,1007256800.0,490796004.0,腾讯日K,2026-08-07T17:30:13,20260926T093659
512690,鹏华酒ETF,SSE,2026-04-14,0.489,0.492,0.485,0.491,0.48900000000000055,0.49200000000000055,0.48500000000000054,0.4910000000000005,1.000000000000001,1293179400.0,632018264.0,腾讯日K,2026-08-07T17:30:13,20260926T093659
512690,鹏华酒ETF,SSE,2026-04-15,0.491,0.496,0.488,0.492,0.49100000000000055,0.49600000000000055,0.48800000000000054,0.4920000000000005,1.000000000000001,1286679200.0,632960506.0,腾讯日K,2026-08-07T17:30:13,20260926T093659
512690,鹏华酒ETF,SSE,2026-04-16,0.491,0.496,0.491,0.493,0.49100000000000055,0.49600000000000055,0.49100000000000055,0.4930000000000005,1.000000000000001,1009974100.0,498300532.0,腾讯日K,2026-08-07T17:30:13,20260926T093659
512690,鹏华酒ETF,SSE,2026-04-17,0.487,0.487,0.483,0.485,0.48700000000000054,0.48700000000000054,0.48300000000000054,0.4850000000000005,1.000000000000001,1739771500.0,843386983.0,腾讯日K,2026-08-07T17:30:13,20260926T093659
512690,鹏华酒ETF,SSE,2026-04-20,0.484,0.487,0.481,0.484,0.48400000000000054,0.48700000000000054,0.48100000000000054,0.4840000000000005,1.000000000000001,1035114500.0,500889262.0,腾讯日K,2026-08-07T17:30:13,20260926T093659
512690,鹏华酒ETF,SSE,2026-04-21,0.484,0.488,0.482,0.483,0.48400000000000043,0.48800000000000043,0.48200000000000043,0.48300000000000043,1.0000000000000009,808860100.0,391502351.0,腾讯日K,2026-08-07T17:30:13,20260926T093659
512690,鹏华酒ETF,SSE,2026-04-22,0.482,0.483,0.479,0.482,0.48200000000000043,0.48300000000000043,0.4790000000000004,0.48200000000000043,1.0000000000000009,981036900.0,471407211.0,腾讯日K,2026-08-07T17:30:13,20260926T093659
512690,鹏华酒ETF,SSE,2026-04-23,0.483,0.495,0.483,0.49,0.48300000000000043,0.49500000000000044,0.48300000000000043,0.4900000000000004,1.0000000000000009,2477441600.0,1212512657.0,腾讯日K,2026-08-07T17:30:13,20260926T093659
512690,鹏华酒ETF,SSE,2026-04-24,0.488,0.495,0.484,0.491,0.48800000000000043,0.49500000000000044,0.48400000000000043,0.4910000000000004,1.0000000000000009,1519002500.0,744969707.0,腾讯日K,2026-08-07T17:30:13,20260926T093659
512690,鹏华酒ETF,SSE,2026-04-27,0.487,0.488,0.482,0.482,0.4870000000000003,0.4880000000000003,0.4820000000000003,0.4820000000000003,1.0000000000000007,1448691300.0,700162860.0,腾讯日K,2026-08-07T17:30:13,20260926T093659
512690,鹏华酒ETF,SSE,2026-04-28,0.481,0.484,0.48,0.482,0.4810000000000003,0.4840000000000003,0.4800000000000003,0.4820000000000003,1.0000000000000007,928854500.0,447648482.0,腾讯日K,2026-08-07T17:30:13,20260926T093659
512690,鹏华酒ETF,SSE,2026-04-29,0.481,0.49,0.481,0.487,0.4810000000000003,0.4900000000000003,0.4810000000000003,0.4870000000000003,1.0000000000000007,1363861600.0,664128313.0,腾讯日K,2026-08-07T17:30:13,20260926T093659
512690,鹏华酒ETF,SSE,2026-04-30,0.485,0.491,0.484,0.484,0.4850000000000003,0.4910000000000003,0.4840000000000003,0.4840000000000003,1.0000000000000007,1062378700.0,516772673.0,腾讯日K,2026-08-07T17:30:13,20260926T093659
512690,鹏华酒ETF,SSE,2026-05-06,0.477,0.478,0.473,0.477,0.4770000000000003,0.4780000000000003,0.4730000000000003,0.4770000000000003,1.0000000000000007,2251471000.0,1070782108.0,腾讯日K,2026-08-07T17:30:13,20260926T093659
512690,鹏华酒ETF,SSE,2026-05-07,0.477,0.483,0.477,0.478,0.4770000000000003,0.4830000000000003,0.4770000000000003,0.47800000000000026,1.0000000000000007,1522556400.0,729755255.0,腾讯日K,2026-08-07T17:30:13,20260926T093659
512690,鹏华酒ETF,SSE,2026-05-08,0.478,0.479,0.475,0.476,0.4780000000000003,0.4790000000000003,0.4750000000000003,0.4760000000000003,1.0000000000000007,1319592500.0,629055837.0,腾讯日K,2026-08-07T17:30:13,20260926T093659
512690,鹏华酒ETF,SSE,2026-05-11,0.475,0.479,0.472,0.475,0.4750000000000003,0.4790000000000003,0.4720000000000003,0.4750000000000003,1.0000000000000007,1683827200.0,800457669.0,腾讯日K,2026-08-07T17:30:13,20260926T093659
512690,鹏华酒ETF,SSE,2026-05-12,0.476,0.476,0.468,0.469,0.4760000000000003,0.4760000000000003,0.46800000000000036,0.4690000000000003,1.0000000000000007,1803416500.0,848966880.0,腾讯日K,2026-08-07T17:30:13,20260926T093659
512690,鹏华酒ETF,SSE,2026-05-13,0.469,0.47,0.461,0.462,0.4690000000000003,0.4700000000000003,0.46100000000000035,0.4620000000000003,1.0000000000000007,1706763600.0,790663438.0,腾讯日K,2026-08-07T17:30:13,20260926T093659
512690,鹏华酒ETF,SSE,2026-05-14,0.462,0.477,0.459,0.466,0.46200000000000035,0.4770000000000003,0.45900000000000035,0.4660000000000003,1.0000000000000007,2943954300.0,1374025760.0,腾讯日K,2026-08-07T17:30:13,20260926T093659
512690,鹏华酒ETF,SSE,2026-05-15,0.464,0.464,0.453,0.455,0.46400000000000036,0.46400000000000036,0.4530000000000003,0.4550000000000003,1.0000000000000007,1947677300.0,890710224.0,腾讯日K,2026-08-07T17:30:13,20260926T093659
512690,鹏华酒ETF,SSE,2026-05-18,0.456,0.457,0.45,0.451,0.4560000000000003,0.4570000000000003,0.4500000000000003,0.4510000000000003,1.0000000000000007,1350651500.0,610376688.0,腾讯日K,2026-08-07T17:30:13,20260926T093659
512690,鹏华酒ETF,SSE,2026-05-19,0.452,0.459,0.451,0.452,0.4520000000000003,0.45900000000000035,0.4510000000000003,0.4520000000000003,1.0000000000000007,1101283800.0,501074216.0,腾讯日K,2026-08-07T17:30:13,20260926T093659
512690,鹏华酒ETF,SSE,2026-05-20,0.452,0.46,0.451,0.455,0.4520000000000003,0.46000000000000035,0.4510000000000003,0.4550000000000003,1.0000000000000007,1364658500.0,622325736.0,腾讯日K,2026-08-07T17:30:13,20260926T093659
512690,鹏华酒ETF,SSE,2026-05-21,0.454,0.461,0.452,0.454,0.4540000000000003,0.46100000000000035,0.4520000000000003,0.4540000000000003,1.0000000000000007,1440965900.0,658632366.0,腾讯日K,2026-08-07T17:30:13,20260926T093659
512690,鹏华酒ETF,SSE,2026-05-22,0.454,0.454,0.444,0.444,0.4540000000000003,0.4540000000000003,0.4440000000000003,0.4440000000000003,1.0000000000000007,1437105500.0,641623211.0,腾讯日K,2026-08-07T17:30:13,20260926T093659
512690,鹏华酒ETF,SSE,2026-05-25,0.443,0.453,0.439,0.448,0.4430000000000003,0.4530000000000003,0.4390000000000003,0.4480000000000003,1.0000000000000007,1769943600.0,791426691.0,腾讯日K,2026-08-07T17:30:13,20260926T093659
512690,鹏华酒ETF,SSE,2026-05-26,0.445,0.452,0.441,0.444,0.4450000000000003,0.4520000000000003,0.4410000000000003,0.4440000000000003,1.0000000000000007,1533703000.0,684022309.0,腾讯日K,2026-08-07T17:30:13,20260926T093659
512690,鹏华酒ETF,SSE,2026-05-27,0.442,0.461,0.436,0.453,0.4420000000000003,0.46100000000000035,0.4360000000000003,0.45300000000000035,1.0000000000000007,3752009200.0,1681895961.0,腾讯日K,2026-08-07T17:30:13,20260926T093659
512690,鹏华酒ETF,SSE,2026-05-28,0.448,0.451,0.441,0.443,0.4480000000000003,0.4510000000000003,0.4410000000000003,0.4430000000000003,1.0000000000000007,1887990600.0,840705534.0,腾讯日K,2026-08-07T17:30:13,20260926T093659
512690,鹏华酒ETF,SSE,2026-05-29,0.441,0.463,0.44,0.457,0.4410000000000003,0.46300000000000036,0.4400000000000003,0.4570000000000003,1.0000000000000007,3983499200.0,1811842936.0,腾讯日K,2026-08-07T17:30:13,20260926T093659
512690,鹏华酒ETF,SSE,2026-06-01,0.454,0.458,0.45,0.456,0.4540000000000003,0.4580000000000003,0.4500000000000003,0.45600000000000035,1.0000000000000007,1690110600.0,767470650.0,腾讯日K,2026-08-07T17:30:13,20260926T093659
512690,鹏华酒ETF,SSE,2026-06-02,0.454,0.459,0.448,0.448,0.4540000000000003,0.45900000000000035,0.4480000000000003,0.4480000000000003,1.0000000000000007,1693531700.0,765394287.0,腾讯日K,2026-08-07T17:30:13,20260926T093659
512690,鹏华酒ETF,SSE,2026-06-03,0.447,0.447,0.437,0.444,0.4470000000000003,0.4470000000000003,0.4370000000000003,0.4440000000000003,1.0000000000000007,2166655200.0,954736409.0,腾讯日K,2026-08-07T17:30:13,20260926T093659
512690,鹏华酒ETF,SSE,2026-06-04,0.441,0.445,0.432,0.433,0.4410000000000003,0.4450000000000003,0.4320000000000003,0.4330000000000003,1.0000000000000007,1582420900.0,691216346.0,腾讯日K,2026-08-07T17:30:13,20260926T093659
512690,鹏华酒ETF,SSE,2026-06-05,0.435,0.442,0.432,0.433,0.4350000000000003,0.4420000000000003,0.4320000000000003,0.4330000000000003,1.0000000000000007,1564908900.0,682480154.0,腾讯日K,2026-08-07T17:30:13,20260926T093659
512690,鹏华酒ETF,SSE,2026-06-08,0.432,0.437,0.424,0.425,0.4320000000000003,0.4370000000000003,0.42400000000000027,0.42500000000000027,1.0000000000000007,1535129600.0,659180706.0,腾讯日K,2026-08-07T17:30:13,20260926T093659
512690,鹏华酒ETF,SSE,2026-06-09,0.425,0.425,0.418,0.421,0.4250000000000004,0.4250000000000004,0.41800000000000037,0.4210000000000003,1.0000000000000009,1349764900.0,567629508.0,腾讯日K,2026-08-07T17:30:13,20260926T093659
512690,鹏华酒ETF,SSE,2026-06-10,0.42,0.429,0.419,0.426,0.4200000000000004,0.4290000000000004,0.41900000000000037,0.4260000000000003,1.0000000000000009,1748670500.0,744837217.0,腾讯日K,2026-08-07T17:30:13,20260926T093659
512690,鹏华酒ETF,SSE,2026-06-11,0.424,0.427,0.419,0.424,0.4240000000000004,0.4270000000000004,0.41900000000000037,0.4240000000000004,1.0000000000000009,1026584800.0,434183696.0,腾讯日K,2026-08-07T17:30:13,20260926T093659
512690,鹏华酒ETF,SSE,2026-06-12,0.423,0.432,0.421,0.428,0.42300000000000043,0.4320000000000005,0.42100000000000043,0.42800000000000044,1.000000000000001,1564242800.0,669375937.0,腾讯日K,2026-08-07T17:30:13,20260926T093659
512690,鹏华酒ETF,SSE,2026-06-15,0.428,0.43,0.423,0.426,0.4280000000000005,0.4300000000000005,0.42300000000000043,0.42600000000000043,1.000000000000001,1127429700.0,480220718.0,腾讯日K,2026-08-07T17:30:13,20260926T093659
512690,鹏华酒ETF,SSE,2026-06-16,0.425,0.425,0.417,0.419,0.42500000000000043,0.42500000000000043,0.4170000000000004,0.4190000000000004,1.000000000000001,1300583700.0,545682941.0,腾讯日K,2026-08-07T17:30:13,20260926T093659
512690,鹏华酒ETF,SSE,2026-06-17,0.419,0.42,0.41,0.413,0.4190000000000004,0.42000000000000043,0.4100000000000004,0.4130000000000004,1.000000000000001,1501347400.0,620739639.0,腾讯日K,2026-08-07T17:30:13,20260926T093659
512690,鹏华酒ETF,SSE,2026-06-18,0.412,0.413,0.401,0.404,0.4120000000000004,0.4130000000000004,0.40100000000000047,0.40400000000000047,1.000000000000001,2263324000.0,915919913.0,腾讯日K,2026-08-07T17:30:13,20260926T093659
512690,鹏华酒ETF,SSE,2026-06-22,0.401,0.412,0.398,0.407,0.40100000000000047,0.4120000000000004,0.39800000000000046,0.4070000000000004,1.000000000000001,2257714600.0,911054719.0,腾讯日K,2026-08-07T17:30:13,20260926T093659
512690,鹏华酒ETF,SSE,2026-06-23,0.404,0.412,0.398,0.399,0.4040000000000006,0.41200000000000053,0.3980000000000006,0.3990000000000005,1.0000000000000013,1745172100.0,707175331.0,腾讯日K,2026-08-07T17:30:13,20260926T093659
512690,鹏华酒ETF,SSE,2026-06-24,0.399,0.403,0.389,0.39,0.39900000000000047,0.40300000000000047,0.38900000000000046,0.39000000000000046,1.000000000000001,1897967400.0,748091755.0,腾讯日K,2026-08-07T17:30:13,20260926T093659
512690,鹏华酒ETF,SSE,2026-06-25,0.387,0.402,0.386,0.396,0.38700000000000034,0.40200000000000036,0.38600000000000034,0.3960000000000004,1.0000000000000009,2339498500.0,922397676.0,腾讯日K,2026-08-07T17:30:13,20260926T093659
512690,鹏华酒ETF,SSE,2026-06-26,0.396,0.401,0.387,0.388,0.39600000000000046,0.40100000000000047,0.38700000000000045,0.38800000000000046,1.000000000000001,1589622600.0,625873200.0,腾讯日K,2026-08-07T17:30:13,20260926T093659
512690,鹏华酒ETF,SSE,2026-06-29,0.386,0.4,0.378,0.396,0.38600000000000034,0.40000000000000036,0.37800000000000034,0.3960000000000004,1.0000000000000009,2260039700.0,882959666.0,腾讯日K,2026-08-07T17:30:13,20260926T093659
512690,鹏华酒ETF,SSE,2026-06-30,0.391,0.397,0.386,0.393,0.39100000000000035,0.39700000000000035,0.38600000000000034,0.3930000000000004,1.0000000000000009,1803256800.0,703842954.0,腾讯日K,2026-08-07T17:30:13,20260926T093659
512690,鹏华酒ETF,SSE,2026-07-01,0.39,0.401,0.388,0.398,0.39000000000000046,0.40100000000000047,0.38800000000000046,0.39800000000000046,1.000000000000001,1963940700.0,776808933.0,腾讯日K,2026-08-07T17:30:13,20260926T093659
512690,鹏华酒ETF,SSE,2026-07-02,0.397,0.403,0.393,0.396,0.39700000000000035,0.40300000000000036,0.39300000000000035,0.3960000000000004,1.0000000000000009,1571852100.0,624375804.0,腾讯日K,2026-08-07T17:30:13,20260926T093659
512690,鹏华酒ETF,SSE,2026-07-03,0.396,0.402,0.393,0.396,0.39600000000000035,0.40200000000000036,0.39300000000000035,0.3960000000000004,1.0000000000000009,1538864100.0,610814784.0,腾讯日K,2026-08-07T17:30:13,20260926T093659
512690,鹏华酒ETF,SSE,2026-07-06,0.394,0.404,0.392,0.401,0.39400000000000035,0.40400000000000036,0.39200000000000035,0.4010000000000004,1.0000000000000009,1883689500.0,752217244.0,腾讯日K,2026-08-07T17:30:13,20260926T093659
512690,鹏华酒ETF,SSE,2026-07-07,0.4,0.401,0.39,0.39,0.40000000000000036,0.40100000000000036,0.39000000000000035,0.39000000000000035,1.0000000000000009,1579499100.0,621709071.0,腾讯日K,2026-08-07T17:30:13,20260926T093659
512690,鹏华酒ETF,SSE,2026-07-08,0.39,0.393,0.386,0.39,0.39000000000000035,0.39300000000000035,0.38600000000000034,0.39000000000000035,1.0000000000000009,1364138300.0,531331376.0,腾讯日K,2026-08-07T17:30:13,20260926T093659
512690,鹏华酒ETF,SSE,2026-07-09,0.388,0.39,0.382,0.383,0.38800000000000034,0.39000000000000035,0.38200000000000034,0.38300000000000034,1.0000000000000009,1405525300.0,541179548.0,腾讯日K,2026-08-07T17:30:13,20260926T093659
512690,鹏华酒ETF,SSE,2026-07-10,0.384,0.398,0.38,0.397,0.38400000000000034,0.39800000000000035,0.38000000000000034,0.39700000000000035,1.0000000000000009,2427689000.0,951263063.0,腾讯日K,2026-08-07T17:30:13,20260926T093659
512690,鹏华酒ETF,SSE,2026-07-13,0.394,0.396,0.39,0.393,0.39400000000000035,0.39600000000000035,0.39000000000000035,0.39300000000000035,1.0000000000000009,1368946400.0,537734245.0,腾讯日K,2026-08-07T17:30:13,20260926T093659
512690,鹏华酒ETF,SSE,2026-07-14,0.393,0.398,0.392,0.396,0.3930000000000003,0.3980000000000003,0.3920000000000003,0.3960000000000003,1.0000000000000007,1161890000.0,458412331.0,腾讯日K,2026-08-07T17:30:13,20260926T093659
512690,鹏华酒ETF,SSE,2026-07-15,0.393,0.418,0.391,0.416,0.3930000000000003,0.41800000000000026,0.3910000000000003,0.41600000000000026,1.0000000000000007,3641813800.0,1491674295.0,腾讯日K,2026-08-07T17:30:13,20260926T093659
512690,鹏华酒ETF,SSE,2026-07-16,0.414,0.423,0.412,0.42,0.41400000000000026,0.42300000000000026,0.41200000000000025,0.42000000000000026,1.0000000000000007,2601723300.0,1086771713.0,腾讯日K,2026-08-07T17:30:13,20260926T093659
512690,鹏华酒ETF,SSE,2026-07-17,0.42,0.425,0.411,0.413,0.42000000000000026,0.42500000000000027,0.41100000000000025,0.41300000000000026,1.0000000000000007,2343229200.0,974183916.0,腾讯日K,2026-08-07T17:30:13,20260926T093659
512690,鹏华酒ETF,SSE,2026-07-20,0.415,0.433,0.414,0.432,0.41500000000000015,0.43300000000000016,0.41400000000000015,0.4320000000000002,1.0000000000000004,3021997300.0,1288430338.0,腾讯日K,2026-08-07T17:30:13,20260926T093659
512690,鹏华酒ETF,SSE,2026-07-21,0.43,0.437,0.422,0.425,0.43000000000000016,0.43700000000000017,0.42200000000000015,0.4250000000000002,1.0000000000000004,2760576800.0,1182555424.0,腾讯日K,2026-08-07T17:30:13,20260926T093659
512690,鹏华酒ETF,SSE,2026-07-22,0.422,0.43,0.416,0.43,0.42200000000000015,0.43000000000000016,0.41600000000000015,0.4300000000000002,1.0000000000000004,2752336200.0,1166547952.0,腾讯日K,2026-08-07T17:30:13,20260926T093659
512690,鹏华酒ETF,SSE,2026-07-23,0.426,0.427,0.42,0.425,0.42600000000000016,0.42700000000000016,0.42000000000000015,0.42500000000000016,1.0000000000000004,1489919500.0,631492997.0,腾讯日K,2026-08-07T17:30:13,20260926T093659
512690,鹏华酒ETF,SSE,2026-07-24,0.425,0.427,0.415,0.416,0.4250000000000001,0.4270000000000001,0.4150000000000001,0.4160000000000001,1.0000000000000002,1554900600.0,653081587.0,腾讯日K,2026-08-07T17:30:13,20260926T093659
512690,鹏华酒ETF,SSE,2026-07-27,0.419,0.422,0.415,0.42,0.4190000000000001,0.4220000000000001,0.4150000000000001,0.4200000000000001,1.0000000000000002,1189235100.0,498849299.0,腾讯日K,2026-08-07T17:30:13,20260926T093659
512690,鹏华酒ETF,SSE,2026-07-28,0.42,0.431,0.418,0.43,0.4200000000000001,0.4310000000000001,0.4180000000000001,0.43000000000000005,1.0000000000000002,2026551700.0,860692758.0,腾讯日K,2026-08-07T17:30:13,20260926T093659
512690,鹏华酒ETF,SSE,2026-07-29,0.429,0.44,0.428,0.436,0.4290000000000001,0.4400000000000001,0.4280000000000001,0.43600000000000005,1.0000000000000002,1893843100.0,823820793.0,腾讯日K,2026-08-07T17:30:13,20260926T093659
512690,鹏华酒ETF,SSE,2026-07-30,0.435,0.455,0.434,0.452,0.4350000000000001,0.4550000000000001,0.4340000000000001,0.45200000000000007,1.0000000000000002,2515551200.0,1130152953.0,腾讯日K,2026-08-07T17:30:13,20260926T093659
512690,鹏华酒ETF,SSE,2026-07-31,0.442,0.454,0.439,0.453,0.4420000000000001,0.4540000000000001,0.4390000000000001,0.4530000000000001,1.0000000000000002,2100754600.0,941431358.0,腾讯日K,2026-08-07T17:30:13,20260926T093659
512690,鹏华酒ETF,SSE,2026-08-03,0.45,0.454,0.447,0.448,0.4500000000000001,0.4540000000000001,0.4470000000000001,0.44800000000000006,1.0000000000000002,1176730300.0,529382689.0,腾讯日K,2026-08-07T17:30:13,20260926T093659
512690,鹏华酒ETF,SSE,2026-08-04,0.446,0.448,0.44,0.441,0.4460000000000001,0.4480000000000001,0.4400000000000001,0.44100000000000006,1.0000000000000002,1506018200.0,666472927.0,腾讯日K,2026-08-07T17:30:13,20260926T093659
512690,鹏华酒ETF,SSE,2026-08-05,0.44,0.441,0.433,0.437,0.4400000000000001,0.4410000000000001,0.4330000000000001,0.43700000000000006,1.0000000000000002,1940771700.0,844991660.0,腾讯日K,2026-08-07T17:30:13,20260926T093659
512690,鹏华酒ETF,SSE,2026-08-06,0.437,0.437,0.431,0.434,0.4370000000000001,0.4370000000000001,0.4310000000000001,0.43400000000000005,1.0000000000000002,1832274000.0,794312159.0,腾讯日K,2026-08-07T17:30:13,20260926T093659
512690,鹏华酒ETF,SSE,2026-08-07,0.433,0.437,0.427,0.435,0.4330000000000001,0.4370000000000001,0.4270000000000001,0.43500000000000005,1.0000000000000002,2135509300.0,922760000.0,腾讯日K,2026-08-07T17:30:13,20260926T093659
512690,鹏华酒ETF,SSE,2026-08-10,0.436,0.449,0.435,0.445,0.4360000000000001,0.4490000000000001,0.4350000000000001,0.4450000000000001,1.0000000000000002,2345300900.0,1040052099.0,腾讯日K/前复权日K,2026-08-12T15:11:07+08:00,20260926T093659
512690,鹏华酒ETF,SSE,2026-08-11,0.444,0.447,0.439,0.441,0.4440000000000001,0.4470000000000001,0.4390000000000001,0.4410000000000001,1.0000000000000002,1509824000.0,667745911.0,腾讯日K/前复权日K,2026-08-12T15:11:07+08:00,20260926T093659
512690,鹏华酒ETF,SSE,2026-08-12,0.44,0.45,0.438,0.446,0.4400000000000001,0.4500000000000001,0.4380000000000001,0.4460000000000001,1.0000000000000002,1931801500.0,860232972.0,腾讯日K/前复权日K,2026-08-16T10:57:23+08:00,20260926T093659
512690,鹏华酒ETF,SSE,2026-08-13,0.444,0.455,0.444,0.449,0.4440000000000001,0.4550000000000001,0.4440000000000001,0.4490000000000001,1.0000000000000002,1838629200.0,826945920.0,腾讯日K/前复权日K,2026-08-16T10:57:23+08:00,20260926T093659
512690,鹏华酒ETF,SSE,2026-08-14,0.449,0.449,0.44,0.441,0.4490000000000001,0.4490000000000001,0.4400000000000001,0.4410000000000001,1.0000000000000002,1302625100.0,577785245.0,腾讯日K/前复权日K,2026-08-16T10:57:23+08:00,20260926T093659
512690,鹏华酒ETF,SSE,2026-08-17,0.434,0.434,0.426,0.43,0.4340000000000001,0.4340000000000001,0.4260000000000001,0.4300000000000001,1.0000000000000002,1814031900.0,778779011.0,腾讯日K/前复权日K,2026-08-24T09:33:57+08:00,20260926T093659
512690,鹏华酒ETF,SSE,2026-08-18,0.43,0.434,0.428,0.433,0.4300000000000001,0.4340000000000001,0.4280000000000001,0.4330000000000001,1.0000000000000002,997174400.0,430076985.0,腾讯日K/前复权日K,2026-08-24T09:33:57+08:00,20260926T093659
512690,鹏华酒ETF,SSE,2026-08-19,0.431,0.435,0.424,0.425,0.4310000000000001,0.4350000000000001,0.4240000000000001,0.4250000000000001,1.0000000000000002,926983800.0,396139294.0,腾讯日K/前复权日K,2026-08-24T09:33:57+08:00,20260926T093659
512690,鹏华酒ETF,SSE,2026-08-20,0.425,0.43,0.425,0.426,0.4250000000000001,0.4300000000000001,0.4250000000000001,0.4260000000000001,1.0000000000000002,648287500.0,276644692.0,腾讯日K/前复权日K,2026-08-24T09:33:57+08:00,20260926T093659
512690,鹏华酒ETF,SSE,2026-08-21,0.426,0.426,0.418,0.419,0.4260000000000001,0.4260000000000001,0.4180000000000001,0.4190000000000001,1.0000000000000002,778620000.0,327292305.0,腾讯日K/前复权日K,2026-08-24T09:33:57+08:00,20260926T093659
512690,鹏华酒ETF,SSE,2026-08-24,0.419,0.425,0.418,0.421,0.4190000000000001,0.4250000000000001,0.4180000000000001,0.4210000000000001,1.0000000000000002,871723000.0,368192885.0,腾讯日K/前复权日K,2026-08-28T08:35:12+08:00,20260926T093659
512690,鹏华酒ETF,SSE,2026-08-25,0.423,0.425,0.421,0.422,0.4230000000000001,0.4250000000000001,0.4210000000000001,0.4220000000000001,1.0000000000000002,630879200.0,266284516.0,腾讯日K/前复权日K,2026-08-28T08:35:12+08:00,20260926T093659
512690,鹏华酒ETF,SSE,2026-08-26,0.419,0.425,0.417,0.423,0.4190000000000001,0.4250000000000001,0.4170000000000001,0.4230000000000001,1.0000000000000002,678309900.0,286637830.0,腾讯日K/前复权日K,2026-08-28T08:35:12+08:00,20260926T093659
512690,鹏华酒ETF,SSE,2026-08-27,0.422,0.422,0.417,0.421,0.4220000000000001,0.4220000000000001,0.4170000000000001,0.4210000000000001,1.0000000000000002,920630900.0,385686774.0,腾讯日K/前复权日K,2026-08-28T08:35:12+08:00,20260926T093659
512690,鹏华酒ETF,SSE,2026-08-28,0.42,0.424,0.418,0.423,0.4200000000000001,0.4240000000000001,0.4180000000000001,0.4230000000000001,1.0000000000000002,938368500.0,395616461.0,腾讯日K/前复权日K,2026-08-28T20:24:50+08:00,20260926T093659
512690,鹏华酒ETF,SSE,2026-08-31,0.423,0.425,0.418,0.419,0.4230000000000001,0.4250000000000001,0.4180000000000001,0.4190000000000001,1.0000000000000002,822323300.0,345684939.0,腾讯日K/前复权日K,2026-09-05T10:35:53+08:00,20260926T093659
512690,鹏华酒ETF,SSE,2026-09-01,0.419,0.433,0.418,0.429,0.4190000000000001,0.4330000000000001,0.4180000000000001,0.4290000000000001,1.0000000000000002,1504751800.0,642131060.0,腾讯日K/前复权日K,2026-09-05T10:35:53+08:00,20260926T093659
512690,鹏华酒ETF,SSE,2026-09-02,0.427,0.429,0.422,0.423,0.4270000000000001,0.4290000000000001,0.4220000000000001,0.4230000000000001,1.0000000000000002,861777800.0,366095520.0,腾讯日K/前复权日K,2026-09-05T10:35:53+08:00,20260926T093659
512690,鹏华酒ETF,SSE,2026-09-03,0.423,0.426,0.42,0.421,0.4230000000000001,0.4260000000000001,0.4200000000000001,0.4210000000000001,1.0000000000000002,576916000.0,243705530.0,腾讯日K/前复权日K,2026-09-05T10:35:53+08:00,20260926T093659
512690,鹏华酒ETF,SSE,2026-09-04,0.422,0.438,0.421,0.434,0.4220000000000001,0.4380000000000001,0.4210000000000001,0.4340000000000001,1.0000000000000002,2064745700.0,894334218.0,腾讯日K/前复权日K,2026-09-05T10:35:53+08:00,20260926T093659
512690,鹏华酒ETF,SSE,2026-09-07,0.433,0.435,0.429,0.433,0.4330000000000001,0.4350000000000001,0.4290000000000001,0.4330000000000001,1.0000000000000002,908003100.0,391829446.0,腾讯日K/前复权日K,2026-09-12T10:09:37+08:00,20260926T093659
512690,鹏华酒ETF,SSE,2026-09-08,0.433,0.435,0.43,0.432,0.4330000000000001,0.4350000000000001,0.4300000000000001,0.4320000000000001,1.0000000000000002,789705300.0,341118342.0,腾讯日K/前复权日K,2026-09-12T10:09:37+08:00,20260926T093659
512690,鹏华酒ETF,SSE,2026-09-09,0.431,0.431,0.425,0.426,0.4310000000000001,0.4310000000000001,0.4250000000000001,0.4260000000000001,1.0000000000000002,1027725000.0,439091964.0,腾讯日K/前复权日K,2026-09-12T10:09:37+08:00,20260926T093659
512690,鹏华酒ETF,SSE,2026-09-10,0.426,0.427,0.418,0.418,0.4260000000000001,0.4270000000000001,0.4180000000000001,0.4180000000000001,1.0000000000000002,976161300.0,409966155.0,腾讯日K/前复权日K,2026-09-12T10:09:37+08:00,20260926T093659
512690,鹏华酒ETF,SSE,2026-09-11,0.418,0.418,0.409,0.412,0.4180000000000001,0.4180000000000001,0.4090000000000001,0.4120000000000001,1.0000000000000002,1031060700.0,424725424.0,腾讯日K/前复权日K,2026-09-12T10:09:37+08:00,20260926T093659
512690,鹏华酒ETF,SSE,2026-09-14,0.412,0.414,0.41,0.412,0.4120000000000001,0.4140000000000001,0.4100000000000001,0.4120000000000001,1.0000000000000002,509173500.0,209674713.0,腾讯日K/前复权日K,2026-09-18T18:31:56+08:00,20260926T093659
512690,鹏华酒ETF,SSE,2026-09-15,0.413,0.413,0.409,0.41,0.4130000000000001,0.4130000000000001,0.4090000000000001,0.4100000000000001,1.0000000000000002,500351500.0,205646133.0,腾讯日K/前复权日K,2026-09-18T18:31:56+08:00,20260926T093659
512690,鹏华酒ETF,SSE,2026-09-16,0.41,0.41,0.405,0.408,0.4100000000000001,0.4100000000000001,0.40500000000000014,0.4080000000000001,1.0000000000000002,690178100.0,281182543.0,腾讯日K/前复权日K,2026-09-18T18:31:56+08:00,20260926T093659
512690,鹏华酒ETF,SSE,2026-09-17,0.408,0.409,0.405,0.408,0.4080000000000001,0.4090000000000001,0.40500000000000014,0.4080000000000001,1.0000000000000002,726144200.0,295692212.0,腾讯日K/前复权日K,2026-09-18T18:31:56+08:00,20260926T093659
512690,鹏华酒ETF,SSE,2026-09-18,0.407,0.412,0.407,0.411,0.4070000000000001,0.4120000000000001,0.4070000000000001,0.4110000000000001,1.0000000000000002,500756300.0,205420290.0,腾讯日K/前复权日K,2026-09-18T18:31:56+08:00,20260926T093659
512690,鹏华酒ETF,SSE,2026-09-21,0.411,0.417,0.409,0.416,0.4110000000000001,0.4170000000000001,0.4090000000000001,0.4160000000000001,1.0000000000000002,871661900.0,360276359.0,腾讯日K/前复权日K,2026-09-26T09:36:59+08:00,20260926T093659
512690,鹏华酒ETF,SSE,2026-09-22,0.415,0.418,0.413,0.415,0.4150000000000001,0.4180000000000001,0.4130000000000001,0.4150000000000001,1.0000000000000002,723265400.0,300959760.0,腾讯日K/前复权日K,2026-09-26T09:36:59+08:00,20260926T093659
512690,鹏华酒ETF,SSE,2026-09-23,0.416,0.424,0.415,0.415,0.4160000000000001,0.4240000000000001,0.4150000000000001,0.4150000000000001,1.0000000000000002,1026584100.0,430311662.0,腾讯日K/前复权日K,2026-09-26T09:36:59+08:00,20260926T093659
512690,鹏华酒ETF,SSE,2026-09-24,0.414,0.416,0.407,0.408,0.4140000000000001,0.4160000000000001,0.4070000000000001,0.4080000000000001,1.0000000000000002,749708400.0,307883778.0,腾讯日K/前复权日K,2026-09-26T09:36:59+08:00,20260926T093659
