code,name,exchange,date,raw_open,raw_high,raw_low,raw_close,adj_open,adj_high,adj_low,adj_close,adj_factor,volume,amount,source,source_timestamp,run_id
512800,华宝银行ETF,SSE,2017-08-03,1.015,1.022,0.999,0.999,0.5080080080080144,0.5115115115115181,0.5000000000000063,0.5000000000000063,0.5005005005005069,252815400.0,256241188.0,腾讯日K,2026-08-07T17:30:13,20260926T093659
512800,华宝银行ETF,SSE,2017-08-04,1.0,1.005,0.997,0.999,0.5005005005005069,0.5030030030030094,0.49899899899900535,0.5000000000000063,0.5005005005005069,12909300.0,12934325.0,腾讯日K,2026-08-07T17:30:13,20260926T093659
512800,华宝银行ETF,SSE,2017-08-07,0.999,1.0,0.989,0.995,0.5000020100502576,0.5005025125628204,0.4949969849246294,0.4980000000000063,0.5005025125628204,8029300.0,7983500.0,腾讯日K,2026-08-07T17:30:13,20260926T093659
512800,华宝银行ETF,SSE,2017-08-08,0.994,0.997,0.991,0.993,0.497500503524679,0.49900201409869716,0.49599899295066086,0.49700000000000627,0.5005035246727153,4900000.0,4867036.0,腾讯日K,2026-08-07T17:30:13,20260926T093659
512800,华宝银行ETF,SSE,2017-08-09,0.997,0.997,0.978,0.98,0.4985000000000063,0.4985000000000063,0.48900000000000615,0.4900000000000062,0.5000000000000063,5573400.0,5487650.0,腾讯日K,2026-08-07T17:30:13,20260926T093659
512800,华宝银行ETF,SSE,2017-08-10,0.98,0.984,0.97,0.976,0.4900000000000062,0.4920000000000062,0.48500000000000615,0.48800000000000615,0.5000000000000063,7053000.0,6873011.0,腾讯日K,2026-08-07T17:30:13,20260926T093659
512800,华宝银行ETF,SSE,2017-08-11,0.97,0.972,0.954,0.963,0.4855036344756032,0.4865046728972024,0.47749532710280973,0.4820000000000061,0.5005192107995909,6286400.0,6033416.0,腾讯日K,2026-08-07T17:30:13,20260926T093659
512800,华宝银行ETF,SSE,2017-08-14,0.956,0.968,0.953,0.964,0.47800000000000603,0.4840000000000061,0.47650000000000603,0.4820000000000061,0.5000000000000063,5378900.0,5148105.0,腾讯日K,2026-08-07T17:30:13,20260926T093659
512800,华宝银行ETF,SSE,2017-08-15,0.964,0.981,0.962,0.973,0.4824953751284748,0.491004110996923,0.48149434737924557,0.48700000000000615,0.5005138746146004,4292100.0,4185613.0,腾讯日K,2026-08-07T17:30:13,20260926T093659
512800,华宝银行ETF,SSE,2017-08-16,0.97,0.97,0.963,0.968,0.48500000000000615,0.48500000000000615,0.4815000000000061,0.4840000000000061,0.5000000000000063,1642900.0,1590339.0,腾讯日K,2026-08-07T17:30:13,20260926T093659
512800,华宝银行ETF,SSE,2017-08-17,0.967,0.969,0.964,0.969,0.48399896800826203,0.4850000000000061,0.4824974200206459,0.4850000000000061,0.5005159958720393,2595200.0,2508482.0,腾讯日K,2026-08-07T17:30:13,20260926T093659
512800,华宝银行ETF,SSE,2017-08-18,0.962,0.974,0.962,0.97,0.4810000000000061,0.48700000000000615,0.4810000000000061,0.4850000000000061,0.5000000000000063,2670800.0,2582072.0,腾讯日K,2026-08-07T17:30:13,20260926T093659
512800,华宝银行ETF,SSE,2017-08-21,0.97,0.971,0.965,0.97,0.48500000000000615,0.48550000000000615,0.4825000000000061,0.4850000000000061,0.5000000000000063,2367700.0,2291589.0,腾讯日K,2026-08-07T17:30:13,20260926T093659
512800,华宝银行ETF,SSE,2017-08-22,0.968,0.975,0.966,0.975,0.48449641025641627,0.4880000000000061,0.4834953846153906,0.4880000000000061,0.5005128205128268,3307400.0,3215285.0,腾讯日K,2026-08-07T17:30:13,20260926T093659
512800,华宝银行ETF,SSE,2017-08-23,0.975,0.994,0.975,0.987,0.4879939209726505,0.49750354609929703,0.4879939209726505,0.4940000000000062,0.5005065856129749,9212300.0,9085233.0,腾讯日K,2026-08-07T17:30:13,20260926T093659
512800,华宝银行ETF,SSE,2017-08-24,0.989,1.0,0.987,0.989,0.4950000000000062,0.5005055611729082,0.4939989888776604,0.49500000000000627,0.5005055611729082,10211800.0,10141897.0,腾讯日K,2026-08-07T17:30:13,20260926T093659
512800,华宝银行ETF,SSE,2017-08-25,0.994,1.02,0.993,1.018,0.49700000000000627,0.5100000000000064,0.49650000000000627,0.5090000000000064,0.5000000000000063,86292500.0,86957997.0,腾讯日K,2026-08-07T17:30:13,20260926T093659
512800,华宝银行ETF,SSE,2017-08-28,1.02,1.039,1.019,1.026,0.5100000000000064,0.5195000000000065,0.5095000000000064,0.5130000000000065,0.5000000000000063,77712500.0,79698461.0,腾讯日K,2026-08-07T17:30:13,20260926T093659
512800,华宝银行ETF,SSE,2017-08-29,1.023,1.028,1.018,1.026,0.5115000000000064,0.5140000000000066,0.5090000000000064,0.5130000000000065,0.5000000000000063,18122500.0,18535927.0,腾讯日K,2026-08-07T17:30:13,20260926T093659
512800,华宝银行ETF,SSE,2017-08-30,1.026,1.036,1.015,1.017,0.5135044247787677,0.5185093411996133,0.5079990167158374,0.5090000000000064,0.5004916420845689,16820300.0,17228142.0,腾讯日K,2026-08-07T17:30:13,20260926T093659
512800,华宝银行ETF,SSE,2017-08-31,1.018,1.019,1.001,1.009,0.5095044598612553,0.510004955401394,0.5009960356788964,0.5050000000000064,0.5004955401387576,26494500.0,26695371.0,腾讯日K,2026-08-07T17:30:13,20260926T093659
512800,华宝银行ETF,SSE,2017-09-01,1.008,1.013,0.999,1.004,0.5040000000000063,0.5065000000000064,0.49950000000000633,0.5020000000000063,0.5000000000000063,16043500.0,16133331.0,腾讯日K,2026-08-07T17:30:13,20260926T093659
512800,华宝银行ETF,SSE,2017-09-04,1.002,1.01,0.996,1.01,0.5010000000000063,0.5050000000000064,0.4980000000000063,0.5050000000000064,0.5000000000000063,19919700.0,20016489.0,腾讯日K,2026-08-07T17:30:13,20260926T093659
512800,华宝银行ETF,SSE,2017-09-05,1.01,1.022,1.0,1.018,0.5050000000000064,0.5110000000000064,0.5000000000000063,0.5090000000000064,0.5000000000000063,15795800.0,16057225.0,腾讯日K,2026-08-07T17:30:13,20260926T093659
512800,华宝银行ETF,SSE,2017-09-06,1.013,1.016,1.009,1.012,0.5065000000000064,0.5080000000000064,0.5045000000000064,0.5060000000000064,0.5000000000000063,5884900.0,5958620.0,腾讯日K,2026-08-07T17:30:13,20260926T093659
512800,华宝银行ETF,SSE,2017-09-07,1.012,1.014,1.002,1.002,0.5060000000000064,0.5070000000000064,0.5010000000000063,0.5010000000000063,0.5000000000000063,7010700.0,7066015.0,腾讯日K,2026-08-07T17:30:13,20260926T093659
512800,华宝银行ETF,SSE,2017-09-08,1.001,1.009,1.0,1.003,0.5009990029910333,0.5050029910269256,0.5004985044865468,0.5020000000000063,0.5004985044865468,6217200.0,6239665.0,腾讯日K,2026-08-07T17:30:13,20260926T093659
512800,华宝银行ETF,SSE,2017-09-11,1.004,1.012,1.002,1.003,0.502500498504493,0.5065044865403854,0.5014995014955198,0.5020000000000063,0.5004985044865468,8759200.0,8825926.0,腾讯日K,2026-08-07T17:30:13,20260926T093659
512800,华宝银行ETF,SSE,2017-09-12,1.004,1.005,0.998,1.004,0.5020000000000063,0.5025000000000063,0.4990000000000063,0.5020000000000063,0.5000000000000063,12554300.0,12560780.0,腾讯日K,2026-08-07T17:30:13,20260926T093659
512800,华宝银行ETF,SSE,2017-09-13,1.003,1.003,0.998,1.002,0.5015000000000063,0.5015000000000063,0.4990000000000063,0.5010000000000063,0.5000000000000063,6201300.0,6207174.0,腾讯日K,2026-08-07T17:30:13,20260926T093659
512800,华宝银行ETF,SSE,2017-09-14,1.0,1.001,0.991,0.992,0.5000000000000063,0.5005000000000063,0.49550000000000627,0.49600000000000627,0.5000000000000063,11542300.0,11506079.0,腾讯日K,2026-08-07T17:30:13,20260926T093659
512800,华宝银行ETF,SSE,2017-09-15,0.99,0.992,0.986,0.991,0.4954994954591384,0.4965005045408741,0.4934974772956672,0.49600000000000627,0.5005045408678166,9425700.0,9314453.0,腾讯日K,2026-08-07T17:30:13,20260926T093659
512800,华宝银行ETF,SSE,2017-09-18,0.988,0.994,0.988,0.991,0.4944984863774028,0.4975015136226097,0.4944984863774028,0.49600000000000627,0.5005045408678166,8470500.0,8392576.0,腾讯日K,2026-08-07T17:30:13,20260926T093659
512800,华宝银行ETF,SSE,2017-09-19,0.989,0.993,0.983,0.988,0.49450000000000627,0.49650000000000627,0.4915000000000062,0.49400000000000627,0.5000000000000063,15512500.0,15322250.0,腾讯日K,2026-08-07T17:30:13,20260926T093659
512800,华宝银行ETF,SSE,2017-09-20,0.989,0.992,0.985,0.989,0.4950000000000063,0.49650151668352505,0.49299797775531473,0.4950000000000063,0.5005055611729083,7529600.0,7451504.0,腾讯日K,2026-08-07T17:30:13,20260926T093659
512800,华宝银行ETF,SSE,2017-09-21,0.99,0.999,0.987,0.994,0.49500000000000627,0.49950000000000633,0.49350000000000627,0.4970000000000063,0.5000000000000063,7963900.0,7911162.0,腾讯日K,2026-08-07T17:30:13,20260926T093659
512800,华宝银行ETF,SSE,2017-09-22,0.992,1.001,0.992,0.994,0.49600000000000627,0.5005000000000063,0.49600000000000627,0.4970000000000063,0.5000000000000063,7229300.0,7195524.0,腾讯日K,2026-08-07T17:30:13,20260926T093659
512800,华宝银行ETF,SSE,2017-09-25,0.991,0.998,0.989,0.997,0.4959969909729251,0.4995005015045199,0.494995987963898,0.4990000000000064,0.500501504513547,8611600.0,8554481.0,腾讯日K,2026-08-07T17:30:13,20260926T093659
512800,华宝银行ETF,SSE,2017-09-26,0.996,0.996,0.992,0.993,0.4985015105740244,0.4985015105740244,0.4964994964753336,0.4970000000000063,0.5005035246727153,6410100.0,6375929.0,腾讯日K,2026-08-07T17:30:13,20260926T093659
512800,华宝银行ETF,SSE,2017-09-27,0.992,0.992,0.984,0.986,0.49600000000000627,0.49600000000000627,0.4920000000000062,0.49300000000000627,0.5000000000000063,18570300.0,18316045.0,腾讯日K,2026-08-07T17:30:13,20260926T093659
512800,华宝银行ETF,SSE,2017-09-28,0.985,0.987,0.98,0.982,0.4925000000000063,0.4935000000000063,0.4900000000000063,0.49100000000000626,0.5000000000000064,9406000.0,9236431.0,腾讯日K,2026-08-07T17:30:13,20260926T093659
512800,华宝银行ETF,SSE,2017-09-29,0.981,0.988,0.981,0.987,0.49099696048632846,0.4945005065856193,0.49099696048632846,0.4940000000000063,0.500506585612975,8327800.0,8208432.0,腾讯日K,2026-08-07T17:30:13,20260926T093659
512800,华宝银行ETF,SSE,2017-10-09,1.018,1.022,0.996,1.0,0.5090000000000064,0.5110000000000064,0.4980000000000063,0.5000000000000063,0.5000000000000063,22124200.0,22372001.0,腾讯日K,2026-08-07T17:30:13,20260926T093659
512800,华宝银行ETF,SSE,2017-10-10,0.999,1.003,0.993,1.002,0.49950000000000633,0.5015000000000063,0.49650000000000627,0.5010000000000063,0.5000000000000063,10397100.0,10376017.0,腾讯日K,2026-08-07T17:30:13,20260926T093659
512800,华宝银行ETF,SSE,2017-10-11,1.001,1.009,1.0,1.004,0.5005000000000063,0.5045000000000064,0.5000000000000063,0.5020000000000063,0.5000000000000063,6392900.0,6421077.0,腾讯日K,2026-08-07T17:30:13,20260926T093659
512800,华宝银行ETF,SSE,2017-10-12,1.005,1.008,1.003,1.005,0.5030000000000063,0.5045014925373198,0.5019990049751306,0.5030000000000063,0.5004975124378173,10248400.0,10300548.0,腾讯日K,2026-08-07T17:30:13,20260926T093659
512800,华宝银行ETF,SSE,2017-10-13,1.005,1.006,1.002,1.003,0.5030009970089795,0.503501495513466,0.5014995014955198,0.5020000000000063,0.5004985044865468,3862400.0,3877035.0,腾讯日K,2026-08-07T17:30:13,20260926T093659
512800,华宝银行ETF,SSE,2017-10-16,1.003,1.011,1.001,1.009,0.5019970267591739,0.506000991080284,0.5009960356788964,0.5050000000000064,0.5004955401387576,15529500.0,15635630.0,腾讯日K,2026-08-07T17:30:13,20260926T093659
512800,华宝银行ETF,SSE,2017-10-17,1.005,1.012,1.005,1.008,0.5025000000000063,0.5060000000000064,0.5025000000000063,0.5040000000000063,0.5000000000000063,5983300.0,6034409.0,腾讯日K,2026-08-07T17:30:13,20260926T093659
512800,华宝银行ETF,SSE,2017-10-18,1.007,1.013,1.005,1.012,0.5035000000000063,0.5065000000000064,0.5025000000000063,0.5060000000000064,0.5000000000000063,8049300.0,8125469.0,腾讯日K,2026-08-07T17:30:13,20260926T093659
512800,华宝银行ETF,SSE,2017-10-19,1.011,1.014,1.009,1.011,0.5060000000000064,0.5075014836795317,0.504999010880323,0.5060000000000064,0.5004945598417473,12184200.0,12316262.0,腾讯日K,2026-08-07T17:30:13,20260926T093659
512800,华宝银行ETF,SSE,2017-10-20,1.01,1.01,1.006,1.008,0.5050000000000064,0.5050000000000064,0.5030000000000063,0.5040000000000063,0.5000000000000063,3016100.0,3040746.0,腾讯日K,2026-08-07T17:30:13,20260926T093659
512800,华宝银行ETF,SSE,2017-10-23,1.008,1.008,1.0,1.001,0.5045034965035029,0.5045034965035029,0.5004995004995069,0.5010000000000063,0.5004995004995069,10241100.0,10277614.0,腾讯日K,2026-08-07T17:30:13,20260926T093659
512800,华宝银行ETF,SSE,2017-10-24,1.0,1.005,0.999,1.003,0.5004985044865468,0.5030009970089795,0.49999800598206023,0.5020000000000063,0.5004985044865468,4758600.0,4765652.0,腾讯日K,2026-08-07T17:30:13,20260926T093659
512800,华宝银行ETF,SSE,2017-10-25,1.002,1.002,0.999,1.002,0.5010000000000063,0.5010000000000063,0.49950000000000633,0.5010000000000063,0.5000000000000063,2592500.0,2592599.0,腾讯日K,2026-08-07T17:30:13,20260926T093659
512800,华宝银行ETF,SSE,2017-10-26,1.001,1.001,0.992,0.994,0.5005000000000063,0.5005000000000063,0.49600000000000627,0.49700000000000627,0.5000000000000063,6629300.0,6596911.0,腾讯日K,2026-08-07T17:30:13,20260926T093659
512800,华宝银行ETF,SSE,2017-10-27,0.995,1.01,0.994,1.01,0.49750000000000627,0.5050000000000064,0.49700000000000627,0.5050000000000064,0.5000000000000063,16255800.0,16359143.0,腾讯日K,2026-08-07T17:30:13,20260926T093659
512800,华宝银行ETF,SSE,2017-10-30,1.009,1.011,1.004,1.006,0.5045000000000064,0.5055000000000064,0.5020000000000063,0.5030000000000063,0.5000000000000063,5008700.0,5046122.0,腾讯日K,2026-08-07T17:30:13,20260926T093659
512800,华宝银行ETF,SSE,2017-10-31,1.004,1.004,0.998,0.999,0.5025025025025089,0.5025025025025089,0.49949949949950584,0.5000000000000063,0.5005005005005069,3405900.0,3405666.0,腾讯日K,2026-08-07T17:30:13,20260926T093659
512800,华宝银行ETF,SSE,2017-11-01,0.999,1.0,0.99,0.993,0.5000030211480426,0.5005035246727153,0.4954984894259881,0.49700000000000627,0.5005035246727153,10045600.0,9980282.0,腾讯日K,2026-08-07T17:30:13,20260926T093659
512800,华宝银行ETF,SSE,2017-11-02,0.992,0.993,0.985,0.991,0.4965005045408741,0.4970010090817419,0.4929969727547993,0.49600000000000627,0.5005045408678166,6853900.0,6772076.0,腾讯日K,2026-08-07T17:30:13,20260926T093659
512800,华宝银行ETF,SSE,2017-11-03,0.99,0.993,0.981,0.993,0.49549848942598806,0.49700000000000616,0.4909939577039336,0.4970000000000062,0.5005035246727152,4652500.0,4591452.0,腾讯日K,2026-08-07T17:30:13,20260926T093659
512800,华宝银行ETF,SSE,2017-11-06,0.99,0.99,0.981,0.984,0.49500000000000616,0.49500000000000616,0.4905000000000061,0.49200000000000615,0.5000000000000062,4263500.0,4191221.0,腾讯日K,2026-08-07T17:30:13,20260926T093659
512800,华宝银行ETF,SSE,2017-11-07,0.983,0.999,0.983,0.995,0.4919939698492525,0.5000020100502576,0.4919939698492525,0.49800000000000627,0.5005025125628204,6620900.0,6567501.0,腾讯日K,2026-08-07T17:30:13,20260926T093659
512800,华宝银行ETF,SSE,2017-11-08,0.995,1.004,0.994,0.996,0.49750000000000627,0.5020000000000063,0.49700000000000627,0.49800000000000627,0.5000000000000063,8337400.0,8336624.0,腾讯日K,2026-08-07T17:30:13,20260926T093659
512800,华宝银行ETF,SSE,2017-11-09,0.997,1.003,0.994,0.996,0.4985000000000063,0.5015000000000063,0.49700000000000627,0.49800000000000627,0.5000000000000063,3724000.0,3715027.0,腾讯日K,2026-08-07T17:30:13,20260926T093659
512800,华宝银行ETF,SSE,2017-11-10,0.999,0.999,0.986,0.991,0.5000040363269488,0.5000040363269488,0.4934974772956672,0.4960000000000062,0.5005045408678166,9354300.0,9247255.0,腾讯日K,2026-08-07T17:30:13,20260926T093659
512800,华宝银行ETF,SSE,2017-11-13,0.989,1.014,0.989,1.005,0.49499203980100126,0.5075044776119467,0.49499203980100126,0.5030000000000063,0.5004975124378173,19903900.0,19999933.0,腾讯日K,2026-08-07T17:30:13,20260926T093659
512800,华宝银行ETF,SSE,2017-11-14,1.004,1.006,0.999,1.0,0.5020000000000063,0.5030000000000063,0.49950000000000633,0.5000000000000063,0.5000000000000063,5461400.0,5468006.0,腾讯日K,2026-08-07T17:30:13,20260926T093659
512800,华宝银行ETF,SSE,2017-11-15,1.0,1.002,0.996,1.0,0.5000000000000063,0.5010000000000063,0.4980000000000063,0.5000000000000063,0.5000000000000063,3394300.0,3390712.0,腾讯日K,2026-08-07T17:30:13,20260926T093659
512800,华宝银行ETF,SSE,2017-11-16,1.0,1.0,0.991,0.993,0.5005035246727153,0.5005035246727153,0.49599899295066086,0.49700000000000627,0.5005035246727153,9927100.0,9859741.0,腾讯日K,2026-08-07T17:30:13,20260926T093659
512800,华宝银行ETF,SSE,2017-11-17,0.993,1.022,0.993,1.021,0.49698628795299354,0.5115004897159712,0.49698628795299354,0.5110000000000064,0.5004897159647468,27519900.0,27785368.0,腾讯日K,2026-08-07T17:30:13,20260926T093659
512800,华宝银行ETF,SSE,2017-11-20,1.013,1.037,1.013,1.037,0.5069884281581549,0.5190000000000066,0.5069884281581549,0.5190000000000066,0.500482160077152,19857900.0,20413516.0,腾讯日K,2026-08-07T17:30:13,20260926T093659
512800,华宝银行ETF,SSE,2017-11-21,1.027,1.055,1.027,1.043,0.5139923298178397,0.5280057526366319,0.5139923298178397,0.5220000000000067,0.5004793863854331,13298500.0,13904380.0,腾讯日K,2026-08-07T17:30:13,20260926T093659
512800,华宝银行ETF,SSE,2017-11-22,1.046,1.077,1.046,1.065,0.5234910798122133,0.5390056338028237,0.5234910798122133,0.5330000000000068,0.5004694835680815,12443200.0,13220136.0,腾讯日K,2026-08-07T17:30:13,20260926T093659
512800,华宝银行ETF,SSE,2017-11-23,1.064,1.076,1.043,1.048,0.5320000000000068,0.5380000000000068,0.5215000000000065,0.5240000000000067,0.5000000000000063,14476900.0,15423009.0,腾讯日K,2026-08-07T17:30:13,20260926T093659
512800,华宝银行ETF,SSE,2017-11-24,1.05,1.064,1.044,1.057,0.5254966887417285,0.5325033112582849,0.5224938505203472,0.5290000000000067,0.5004730368968843,6529900.0,6872149.0,腾讯日K,2026-08-07T17:30:13,20260926T093659
512800,华宝银行ETF,SSE,2017-11-27,1.057,1.057,1.033,1.045,0.529005741626801,0.529005741626801,0.5169942583732123,0.5230000000000067,0.500478468899528,15229000.0,15858781.0,腾讯日K,2026-08-07T17:30:13,20260926T093659
512800,华宝银行ETF,SSE,2017-11-28,1.042,1.045,1.028,1.033,0.5215043562439563,0.5230058083252729,0.514497579864479,0.5170000000000066,0.5004840271055243,8098300.0,8372916.0,腾讯日K,2026-08-07T17:30:13,20260926T093659
512800,华宝银行ETF,SSE,2017-11-29,1.035,1.039,1.023,1.033,0.5180009680542176,0.5200029041626397,0.5119951597289514,0.5170000000000066,0.5004840271055243,5951700.0,6125488.0,腾讯日K,2026-08-07T17:30:13,20260926T093659
512800,华宝银行ETF,SSE,2017-11-30,1.03,1.037,1.024,1.03,0.5150000000000066,0.5185000000000065,0.5120000000000064,0.5150000000000066,0.5000000000000063,7094000.0,7324248.0,腾讯日K,2026-08-07T17:30:13,20260926T093659
512800,华宝银行ETF,SSE,2017-12-01,1.025,1.034,1.018,1.025,0.5130000000000065,0.517504390243909,0.5094965853658601,0.5130000000000065,0.5004878048780551,8822700.0,9031666.0,腾讯日K,2026-08-07T17:30:13,20260926T093659
512800,华宝银行ETF,SSE,2017-12-04,1.022,1.028,1.019,1.026,0.5110000000000064,0.5140000000000066,0.5095000000000064,0.5130000000000065,0.5000000000000063,5318000.0,5451721.0,腾讯日K,2026-08-07T17:30:13,20260926T093659
512800,华宝银行ETF,SSE,2017-12-05,1.026,1.049,1.025,1.043,0.5134918504314544,0.5250028763183193,0.5129913710450689,0.5220000000000067,0.5004793863854331,29325500.0,30432500.0,腾讯日K,2026-08-07T17:30:13,20260926T093659
512800,华宝银行ETF,SSE,2017-12-06,1.04,1.04,1.024,1.032,0.5200000000000066,0.5200000000000066,0.5120000000000064,0.5160000000000066,0.5000000000000063,5850300.0,6041289.0,腾讯日K,2026-08-07T17:30:13,20260926T093659
512800,华宝银行ETF,SSE,2017-12-07,1.03,1.03,1.014,1.023,0.5155034213098795,0.5155034213098795,0.507495601173027,0.5120000000000064,0.500488758553281,7752300.0,7925094.0,腾讯日K,2026-08-07T17:30:13,20260926T093659
512800,华宝银行ETF,SSE,2017-12-08,1.022,1.024,1.017,1.022,0.5110000000000064,0.5120000000000064,0.5085000000000064,0.5110000000000064,0.5000000000000063,14602900.0,14907919.0,腾讯日K,2026-08-07T17:30:13,20260926T093659
512800,华宝银行ETF,SSE,2017-12-11,1.022,1.026,1.012,1.025,0.5114985365853724,0.5135004878048846,0.5064936585365918,0.5130000000000065,0.5004878048780551,8455900.0,8621798.0,腾讯日K,2026-08-07T17:30:13,20260926T093659
512800,华宝银行ETF,SSE,2017-12-12,1.023,1.024,1.011,1.012,0.5115000000000064,0.5120000000000064,0.5055000000000064,0.5060000000000064,0.5000000000000063,4701000.0,4784149.0,腾讯日K,2026-08-07T17:30:13,20260926T093659
512800,华宝银行ETF,SSE,2017-12-13,1.012,1.016,1.007,1.015,0.5064985221674941,0.508500492610844,0.5039960591133068,0.5080000000000064,0.5004926108374448,4803000.0,4855153.0,腾讯日K,2026-08-07T17:30:13,20260926T093659
512800,华宝银行ETF,SSE,2017-12-14,1.014,1.021,1.01,1.012,0.5070000000000064,0.5105000000000064,0.5050000000000064,0.5060000000000064,0.5000000000000063,6080600.0,6171474.0,腾讯日K,2026-08-07T17:30:13,20260926T093659
512800,华宝银行ETF,SSE,2017-12-15,1.012,1.012,0.998,0.999,0.506506506506513,0.506506506506513,0.49949949949950584,0.5000000000000063,0.5005005005005069,7546000.0,7566473.0,腾讯日K,2026-08-07T17:30:13,20260926T093659
512800,华宝银行ETF,SSE,2017-12-18,0.997,1.006,0.997,1.004,0.4985000000000063,0.5030000000000063,0.4985000000000063,0.5020000000000063,0.5000000000000063,6885000.0,6904284.0,腾讯日K,2026-08-07T17:30:13,20260926T093659
512800,华宝银行ETF,SSE,2017-12-19,1.001,1.018,1.001,1.018,0.5005000000000063,0.5090000000000064,0.5005000000000063,0.5090000000000064,0.5000000000000063,5992500.0,6054864.0,腾讯日K,2026-08-07T17:30:13,20260926T093659
512800,华宝银行ETF,SSE,2017-12-20,1.015,1.02,1.012,1.015,0.5080000000000064,0.5105024630541937,0.5064985221674941,0.5080000000000064,0.5004926108374448,2273000.0,2306409.0,腾讯日K,2026-08-07T17:30:13,20260926T093659
512800,华宝银行ETF,SSE,2017-12-21,1.015,1.023,1.013,1.019,0.5079980372914686,0.5120019627085443,0.5069970559371998,0.5100000000000064,0.500490677134452,5096900.0,5193077.0,腾讯日K,2026-08-07T17:30:13,20260926T093659
512800,华宝银行ETF,SSE,2017-12-22,1.02,1.02,1.013,1.014,0.5100000000000064,0.5100000000000064,0.5065000000000064,0.5070000000000064,0.5000000000000063,2833900.0,2879401.0,腾讯日K,2026-08-07T17:30:13,20260926T093659
512800,华宝银行ETF,SSE,2017-12-25,1.014,1.022,1.011,1.011,0.5075014836795317,0.5115054401582657,0.5060000000000064,0.5060000000000064,0.5004945598417473,5715200.0,5820826.0,腾讯日K,2026-08-07T17:30:13,20260926T093659
512800,华宝银行ETF,SSE,2017-12-26,1.015,1.023,1.01,1.022,0.5075000000000064,0.5115000000000064,0.5050000000000064,0.5110000000000064,0.5000000000000063,5273000.0,5369910.0,腾讯日K,2026-08-07T17:30:13,20260926T093659
512800,华宝银行ETF,SSE,2017-12-27,1.024,1.025,1.007,1.013,0.5125054294175782,0.5130059230009937,0.5039970384995128,0.5070000000000064,0.5004935834156037,4140800.0,4214802.0,腾讯日K,2026-08-07T17:30:13,20260926T093659
512800,华宝银行ETF,SSE,2017-12-28,1.011,1.014,1.007,1.012,0.5055000000000064,0.5070000000000064,0.5035000000000063,0.5060000000000064,0.5000000000000063,3523600.0,3560501.0,腾讯日K,2026-08-07T17:30:13,20260926T093659
512800,华宝银行ETF,SSE,2017-12-29,1.012,1.017,1.01,1.017,0.5064975417895837,0.5090000000000064,0.5054965585054145,0.5090000000000064,0.5004916420845689,5018400.0,5082363.0,腾讯日K,2026-08-07T17:30:13,20260926T093659
512800,华宝银行ETF,SSE,2018-01-02,1.017,1.039,1.017,1.029,0.5089941690962164,0.5200048590864984,0.5089941690962164,0.5150000000000066,0.5004859086491804,11180100.0,11516181.0,腾讯日K,2026-08-07T17:30:13,20260926T093659
512800,华宝银行ETF,SSE,2018-01-03,1.029,1.039,1.027,1.031,0.5149990300679018,0.5200038797284257,0.5139980601357971,0.5160000000000066,0.5004849660523828,9826800.0,10160981.0,腾讯日K,2026-08-07T17:30:13,20260926T093659
512800,华宝银行ETF,SSE,2018-01-04,1.032,1.035,1.027,1.03,0.5160000000000066,0.5175000000000065,0.5135000000000065,0.5150000000000066,0.5000000000000063,6208800.0,6395942.0,腾讯日K,2026-08-07T17:30:13,20260926T093659
512800,华宝银行ETF,SSE,2018-01-05,1.032,1.035,1.027,1.033,0.5164995159729011,0.5180009680542176,0.5139970958373734,0.5170000000000066,0.5004840271055243,8575800.0,8846021.0,腾讯日K,2026-08-07T17:30:13,20260926T093659
512800,华宝银行ETF,SSE,2018-01-08,1.033,1.033,1.026,1.03,0.5165000000000065,0.5165000000000065,0.5130000000000065,0.5150000000000066,0.5000000000000063,14675900.0,15090118.0,腾讯日K,2026-08-07T17:30:13,20260926T093659
512800,华宝银行ETF,SSE,2018-01-09,1.029,1.032,1.026,1.029,0.5150000000000066,0.5165014577259542,0.5134985422740591,0.5150000000000066,0.5004859086491804,10824100.0,11138711.0,腾讯日K,2026-08-07T17:30:13,20260926T093659
512800,华宝银行ETF,SSE,2018-01-10,1.029,1.054,1.027,1.053,0.5149886039886105,0.5275004748338149,0.5139876543209941,0.5270000000000067,0.5004748338081735,17201000.0,17948468.0,腾讯日K,2026-08-07T17:30:13,20260926T093659
512800,华宝银行ETF,SSE,2018-01-11,1.052,1.061,1.048,1.053,0.5264995251661986,0.531003798670472,0.5244976258309658,0.5270000000000067,0.5004748338081735,12708800.0,13408275.0,腾讯日K,2026-08-07T17:30:13,20260926T093659
512800,华宝银行ETF,SSE,2018-01-12,1.053,1.065,1.053,1.058,0.5265000000000066,0.5325000000000067,0.5265000000000066,0.5290000000000067,0.5000000000000063,8630500.0,9138179.0,腾讯日K,2026-08-07T17:30:13,20260926T093659
512800,华宝银行ETF,SSE,2018-01-15,1.054,1.085,1.054,1.078,0.5270000000000067,0.5425000000000069,0.5270000000000067,0.5390000000000068,0.5000000000000063,13105100.0,14073727.0,腾讯日K,2026-08-07T17:30:13,20260926T093659
512800,华宝银行ETF,SSE,2018-01-16,1.079,1.083,1.07,1.082,0.5395000000000069,0.5415000000000069,0.5350000000000068,0.5410000000000069,0.5000000000000063,11387500.0,12244849.0,腾讯日K,2026-08-07T17:30:13,20260926T093659
512800,华宝银行ETF,SSE,2018-01-17,1.083,1.119,1.083,1.092,0.541500000000007,0.5595000000000072,0.541500000000007,0.546000000000007,0.5000000000000064,23609200.0,25931615.0,腾讯日K,2026-08-07T17:30:13,20260926T093659
512800,华宝银行ETF,SSE,2018-01-18,1.098,1.115,1.097,1.114,0.549000000000007,0.5575000000000071,0.548500000000007,0.5570000000000072,0.5000000000000063,34281300.0,37905259.0,腾讯日K,2026-08-07T17:30:13,20260926T093659
512800,华宝银行ETF,SSE,2018-01-19,1.119,1.147,1.116,1.13,0.5595000000000072,0.5735000000000074,0.5580000000000073,0.5650000000000072,0.5000000000000064,33931200.0,38369327.0,腾讯日K,2026-08-07T17:30:13,20260926T093659
512800,华宝银行ETF,SSE,2018-01-22,1.119,1.14,1.11,1.115,0.5600017937219803,0.5705112107623391,0.5554977578475409,0.5580000000000073,0.50044843049328,26559800.0,29813555.0,腾讯日K,2026-08-07T17:30:13,20260926T093659
512800,华宝银行ETF,SSE,2018-01-23,1.115,1.15,1.115,1.15,0.5575000000000072,0.5750000000000074,0.5575000000000072,0.5750000000000074,0.5000000000000064,41097100.0,46552951.0,腾讯日K,2026-08-07T17:30:13,20260926T093659
512800,华宝银行ETF,SSE,2018-01-24,1.154,1.178,1.147,1.155,0.5774995670995744,0.5895099567099642,0.573996536796544,0.5780000000000074,0.5004329004329068,37140700.0,43150494.0,腾讯日K,2026-08-07T17:30:13,20260926T093659
512800,华宝银行ETF,SSE,2018-01-25,1.15,1.152,1.128,1.146,0.5750000000000074,0.5760000000000074,0.5640000000000072,0.5730000000000073,0.5000000000000064,26282300.0,29954782.0,腾讯日K,2026-08-07T17:30:13,20260926T093659
512800,华宝银行ETF,SSE,2018-01-26,1.146,1.166,1.142,1.15,0.5730000000000073,0.5830000000000075,0.5710000000000073,0.5750000000000074,0.5000000000000064,26162500.0,30184424.0,腾讯日K,2026-08-07T17:30:13,20260926T093659
512800,华宝银行ETF,SSE,2018-01-29,1.148,1.167,1.136,1.142,0.5740000000000074,0.5835000000000076,0.5680000000000073,0.5710000000000073,0.5000000000000064,28007300.0,32206891.0,腾讯日K,2026-08-07T17:30:13,20260926T093659
512800,华宝银行ETF,SSE,2018-01-30,1.136,1.142,1.12,1.12,0.5680000000000073,0.5710000000000073,0.5600000000000073,0.5600000000000073,0.5000000000000064,16365900.0,18510283.0,腾讯日K,2026-08-07T17:30:13,20260926T093659
512800,华宝银行ETF,SSE,2018-01-31,1.12,1.141,1.111,1.141,0.5604907975460194,0.5710000000000072,0.5559868536371674,0.5710000000000072,0.5004382120946601,16743000.0,18938491.0,腾讯日K,2026-08-07T17:30:13,20260926T093659
512800,华宝银行ETF,SSE,2018-02-01,1.142,1.156,1.136,1.153,0.5714952298352196,0.5785013009540402,0.5684926279271537,0.5770000000000073,0.5004336513443255,29714000.0,34027649.0,腾讯日K,2026-08-07T17:30:13,20260926T093659
512800,华宝银行ETF,SSE,2018-02-02,1.152,1.152,1.127,1.146,0.5760000000000073,0.5760000000000073,0.5635000000000071,0.5730000000000072,0.5000000000000063,20064100.0,22881270.0,腾讯日K,2026-08-07T17:30:13,20260926T093659
512800,华宝银行ETF,SSE,2018-02-05,1.139,1.188,1.132,1.187,0.5699797809604116,0.594500421229999,0.5664768323504704,0.5940000000000075,0.5004212299915817,37823000.0,44012714.0,腾讯日K,2026-08-07T17:30:13,20260926T093659
512800,华宝银行ETF,SSE,2018-02-06,1.168,1.179,1.152,1.166,0.5840000000000074,0.5895000000000075,0.5760000000000073,0.5830000000000073,0.5000000000000063,60082000.0,69977700.0,腾讯日K,2026-08-07T17:30:13,20260926T093659
512800,华宝银行ETF,SSE,2018-02-07,1.179,1.196,1.126,1.132,0.5895000000000075,0.5980000000000075,0.563000000000007,0.5660000000000072,0.5000000000000063,60533200.0,70373988.0,腾讯日K,2026-08-07T17:30:13,20260926T093659
512800,华宝银行ETF,SSE,2018-02-08,1.12,1.124,1.076,1.092,0.5600000000000072,0.5620000000000072,0.5380000000000068,0.5460000000000069,0.5000000000000063,40901100.0,44904781.0,腾讯日K,2026-08-07T17:30:13,20260926T093659
512800,华宝银行ETF,SSE,2018-02-09,1.058,1.071,1.019,1.058,0.5290000000000067,0.5355000000000067,0.5095000000000064,0.5290000000000067,0.5000000000000063,53413700.0,55720508.0,腾讯日K,2026-08-07T17:30:13,20260926T093659
512800,华宝银行ETF,SSE,2018-02-12,1.05,1.057,1.035,1.045,0.5255023923445044,0.529005741626801,0.5179952153110114,0.5230000000000067,0.500478468899528,47886100.0,50083216.0,腾讯日K,2026-08-07T17:30:13,20260926T093659
512800,华宝银行ETF,SSE,2018-02-13,1.054,1.073,1.052,1.061,0.5274967012252659,0.5370056550424197,0.5264957587181971,0.5310000000000068,0.5004712535344079,19829000.0,21078818.0,腾讯日K,2026-08-07T17:30:13,20260926T093659
512800,华宝银行ETF,SSE,2018-02-14,1.058,1.065,1.052,1.061,0.5294985862394036,0.5330018850141444,0.5264957587181971,0.5310000000000068,0.5004712535344079,15864700.0,16825756.0,腾讯日K,2026-08-07T17:30:13,20260926T093659
512800,华宝银行ETF,SSE,2018-02-22,1.079,1.088,1.077,1.085,0.5399972350230484,0.5445013824884863,0.5389963133640622,0.5430000000000069,0.500460829493094,21818300.0,23603117.0,腾讯日K,2026-08-07T17:30:13,20260926T093659
512800,华宝银行ETF,SSE,2018-02-23,1.082,1.094,1.08,1.093,0.541494967978049,0.5475004574565486,0.5404940530649657,0.5470000000000069,0.5004574565416349,19489800.0,21212721.0,腾讯日K,2026-08-07T17:30:13,20260926T093659
512800,华宝银行ETF,SSE,2018-02-26,1.095,1.105,1.086,1.093,0.5480009149130902,0.5530054894785065,0.5434967978042156,0.5470000000000069,0.5004574565416349,15366000.0,16817726.0,腾讯日K,2026-08-07T17:30:13,20260926T093659
512800,华宝银行ETF,SSE,2018-02-27,1.093,1.095,1.065,1.072,0.5465000000000069,0.5475000000000069,0.5325000000000067,0.5360000000000068,0.5000000000000063,23525200.0,25319360.0,腾讯日K,2026-08-07T17:30:13,20260926T093659
512800,华宝银行ETF,SSE,2018-02-28,1.06,1.063,1.051,1.056,0.5300000000000067,0.5315000000000067,0.5255000000000066,0.5280000000000067,0.5000000000000063,21236900.0,22458023.0,腾讯日K,2026-08-07T17:30:13,20260926T093659
512800,华宝银行ETF,SSE,2018-03-01,1.053,1.065,1.05,1.059,0.5269971671388168,0.5330028328611965,0.525495750708222,0.5300000000000067,0.5004721435316399,15767100.0,16688295.0,腾讯日K,2026-08-07T17:30:13,20260926T093659
512800,华宝银行ETF,SSE,2018-03-02,1.055,1.057,1.045,1.05,0.5275000000000066,0.5285000000000066,0.5225000000000066,0.5250000000000067,0.5000000000000063,15419000.0,16180000.0,腾讯日K,2026-08-07T17:30:13,20260926T093659
512800,华宝银行ETF,SSE,2018-03-05,1.05,1.058,1.043,1.048,0.5250000000000067,0.5290000000000067,0.5215000000000065,0.5240000000000067,0.5000000000000063,13205800.0,13845677.0,腾讯日K,2026-08-07T17:30:13,20260926T093659
512800,华宝银行ETF,SSE,2018-03-06,1.052,1.056,1.039,1.052,0.5260000000000067,0.5280000000000067,0.5195000000000065,0.5260000000000067,0.5000000000000063,28511400.0,29871781.0,腾讯日K,2026-08-07T17:30:13,20260926T093659
512800,华宝银行ETF,SSE,2018-03-07,1.058,1.071,1.056,1.057,0.5295004730369036,0.5360066225165631,0.5284995269631099,0.5290000000000067,0.5004730368968843,38782400.0,41235281.0,腾讯日K,2026-08-07T17:30:13,20260926T093659
512800,华宝银行ETF,SSE,2018-03-08,1.058,1.06,1.048,1.057,0.5295004730369036,0.5305014191106974,0.5244957426679348,0.5290000000000067,0.5004730368968843,15202700.0,16032153.0,腾讯日K,2026-08-07T17:30:13,20260926T093659
512800,华宝银行ETF,SSE,2018-03-09,1.058,1.063,1.054,1.059,0.529499527856475,0.5320018885741332,0.5274976392823485,0.5300000000000067,0.5004721435316399,17329800.0,18323263.0,腾讯日K,2026-08-07T17:30:13,20260926T093659
512800,华宝银行ETF,SSE,2018-03-12,1.061,1.066,1.054,1.055,0.5310028436019025,0.533505213270149,0.5274995260663574,0.5280000000000067,0.5004739336492955,29393000.0,31093727.0,腾讯日K,2026-08-07T17:30:13,20260926T093659
512800,华宝银行ETF,SSE,2018-03-13,1.055,1.065,1.052,1.053,0.528000949667623,0.5330056980057047,0.5264995251661986,0.5270000000000067,0.5004748338081735,29748300.0,31509671.0,腾讯日K,2026-08-07T17:30:13,20260926T093659
512800,华宝银行ETF,SSE,2018-03-14,1.052,1.053,1.04,1.045,0.5265033492823035,0.5270038277512029,0.5204976076555091,0.5230000000000067,0.500478468899528,19334800.0,20186217.0,腾讯日K,2026-08-07T17:30:13,20260926T093659
512800,华宝银行ETF,SSE,2018-03-15,1.043,1.047,1.041,1.044,0.5215000000000065,0.5235000000000066,0.5205000000000065,0.5220000000000067,0.5000000000000063,13936700.0,14543561.0,腾讯日K,2026-08-07T17:30:13,20260926T093659
512800,华宝银行ETF,SSE,2018-03-16,1.045,1.045,1.033,1.034,0.5225000000000066,0.5225000000000066,0.5165000000000065,0.5170000000000066,0.5000000000000063,15739000.0,16359481.0,腾讯日K,2026-08-07T17:30:13,20260926T093659
512800,华宝银行ETF,SSE,2018-03-19,1.033,1.037,1.028,1.037,0.5169980713596979,0.5190000000000066,0.5144956605593122,0.5190000000000066,0.500482160077152,17104500.0,17677539.0,腾讯日K,2026-08-07T17:30:13,20260926T093659
512800,华宝银行ETF,SSE,2018-03-20,1.033,1.044,1.031,1.042,0.5165000000000065,0.5220000000000067,0.5155000000000065,0.5210000000000066,0.5000000000000063,20818300.0,21641578.0,腾讯日K,2026-08-07T17:30:13,20260926T093659
512800,华宝银行ETF,SSE,2018-03-21,1.045,1.053,1.04,1.044,0.5225000000000066,0.5265000000000066,0.5200000000000066,0.5220000000000067,0.5000000000000063,24098800.0,25261905.0,腾讯日K,2026-08-07T17:30:13,20260926T093659
512800,华宝银行ETF,SSE,2018-03-22,1.043,1.047,1.032,1.037,0.5220028929604694,0.5240048216007781,0.5164975891996209,0.5190000000000066,0.500482160077152,17247100.0,17875896.0,腾讯日K,2026-08-07T17:30:13,20260926T093659
512800,华宝银行ETF,SSE,2018-03-23,1.015,1.02,1.001,1.011,0.5080019782393734,0.5105044510385822,0.500995054401589,0.5060000000000064,0.5004945598417473,42555000.0,42964008.0,腾讯日K,2026-08-07T17:30:13,20260926T093659
512800,华宝银行ETF,SSE,2018-03-26,1.003,1.006,0.982,0.989,0.502007077856427,0.5035085945399457,0.4914964610717959,0.49500000000000627,0.5005055611729082,22453500.0,22270253.0,腾讯日K,2026-08-07T17:30:13,20260926T093659
512800,华宝银行ETF,SSE,2018-03-27,0.998,1.002,0.981,0.986,0.4990000000000063,0.5010000000000063,0.4905000000000062,0.4930000000000062,0.5000000000000063,27456400.0,27204567.0,腾讯日K,2026-08-07T17:30:13,20260926T093659
512800,华宝银行ETF,SSE,2018-03-28,0.985,1.0,0.98,0.986,0.4925000000000062,0.5000000000000063,0.4900000000000062,0.4930000000000062,0.5000000000000063,25678200.0,25425210.0,腾讯日K,2026-08-07T17:30:13,20260926T093659
512800,华宝银行ETF,SSE,2018-03-29,0.988,1.009,0.976,1.002,0.49400000000000627,0.5045000000000064,0.48800000000000615,0.5010000000000063,0.5000000000000063,40280900.0,40069984.0,腾讯日K,2026-08-07T17:30:13,20260926T093659
512800,华宝银行ETF,SSE,2018-03-30,1.001,1.003,0.992,0.994,0.5005000000000063,0.5015000000000063,0.49600000000000627,0.49700000000000627,0.5000000000000063,21411300.0,21341934.0,腾讯日K,2026-08-07T17:30:13,20260926T093659
512800,华宝银行ETF,SSE,2018-04-02,0.993,1.001,0.986,0.986,0.49650000000000627,0.5005000000000063,0.4930000000000062,0.4930000000000062,0.5000000000000063,23047700.0,22875313.0,腾讯日K,2026-08-07T17:30:13,20260926T093659
512800,华宝银行ETF,SSE,2018-04-03,0.98,0.982,0.974,0.975,0.4905025641025703,0.491503589743596,0.4874994871794934,0.48800000000000615,0.5005128205128269,32627300.0,31867306.0,腾讯日K,2026-08-07T17:30:13,20260926T093659
512800,华宝银行ETF,SSE,2018-04-04,0.978,0.985,0.975,0.976,0.48900000000000615,0.4925000000000062,0.48750000000000615,0.48800000000000615,0.5000000000000063,24914100.0,24428799.0,腾讯日K,2026-08-07T17:30:13,20260926T093659
512800,华宝银行ETF,SSE,2018-04-09,0.975,0.982,0.973,0.978,0.48750000000000615,0.4910000000000062,0.48650000000000615,0.48900000000000615,0.5000000000000063,18726600.0,18305692.0,腾讯日K,2026-08-07T17:30:13,20260926T093659
512800,华宝银行ETF,SSE,2018-04-10,0.978,1.006,0.976,1.006,0.48900000000000615,0.5030000000000063,0.48800000000000615,0.5030000000000063,0.5000000000000063,54491200.0,53939298.0,腾讯日K,2026-08-07T17:30:13,20260926T093659
512800,华宝银行ETF,SSE,2018-04-11,1.005,1.026,1.004,1.017,0.5029941002949917,0.5135044247787677,0.5024936086529072,0.5090000000000064,0.5004916420845689,50544000.0,51308471.0,腾讯日K,2026-08-07T17:30:13,20260926T093659
512800,华宝银行ETF,SSE,2018-04-12,1.012,1.016,1.001,1.002,0.5060000000000064,0.5080000000000064,0.5005000000000063,0.5010000000000063,0.5000000000000063,16309300.0,16423904.0,腾讯日K,2026-08-07T17:30:13,20260926T093659
512800,华宝银行ETF,SSE,2018-04-13,1.005,1.011,0.995,0.996,0.5025000000000063,0.5055000000000064,0.49750000000000627,0.4980000000000063,0.5000000000000063,14961000.0,14989967.0,腾讯日K,2026-08-07T17:30:13,20260926T093659
512800,华宝银行ETF,SSE,2018-04-16,0.991,0.996,0.966,0.967,0.49601240951396697,0.4985149948293755,0.4834994829369244,0.4840000000000061,0.5005170630817023,54122400.0,52784628.0,腾讯日K,2026-08-07T17:30:13,20260926T093659
512800,华宝银行ETF,SSE,2018-04-17,0.971,0.975,0.961,0.963,0.4860041536864028,0.4880062305296012,0.4809989615784069,0.4820000000000061,0.5005192107995909,29738300.0,28792515.0,腾讯日K,2026-08-07T17:30:13,20260926T093659
512800,华宝银行ETF,SSE,2018-04-18,0.976,0.98,0.965,0.972,0.48800000000000615,0.4900000000000062,0.4825000000000061,0.48600000000000615,0.5000000000000063,50244900.0,48858830.0,腾讯日K,2026-08-07T17:30:13,20260926T093659
512800,华宝银行ETF,SSE,2018-04-19,0.968,0.983,0.968,0.976,0.4840000000000061,0.4915000000000062,0.4840000000000061,0.4880000000000062,0.5000000000000063,41409000.0,40466970.0,腾讯日K,2026-08-07T17:30:13,20260926T093659
512800,华宝银行ETF,SSE,2018-04-20,0.975,0.975,0.961,0.966,0.48750000000000615,0.48750000000000615,0.4805000000000061,0.48300000000000615,0.5000000000000063,22598400.0,21833196.0,腾讯日K,2026-08-07T17:30:13,20260926T093659
512800,华宝银行ETF,SSE,2018-04-23,0.966,0.975,0.963,0.971,0.4834974253347126,0.48800205973224103,0.4819958805355365,0.48600000000000615,0.5005149330587088,38632600.0,37458051.0,腾讯日K,2026-08-07T17:30:13,20260926T093659
512800,华宝银行ETF,SSE,2018-04-24,0.974,0.996,0.973,0.989,0.4874924165824127,0.4985035389282167,0.4869919110212398,0.4950000000000063,0.5005055611729083,47508700.0,46877991.0,腾讯日K,2026-08-07T17:30:13,20260926T093659
512800,华宝银行ETF,SSE,2018-04-25,0.985,0.987,0.977,0.979,0.49300306435138525,0.4940040858018449,0.4889989785495466,0.49000000000000626,0.5005107252298328,27882800.0,27360612.0,腾讯日K,2026-08-07T17:30:13,20260926T093659
512800,华宝银行ETF,SSE,2018-04-26,0.98,0.984,0.968,0.974,0.4900000000000062,0.4920000000000062,0.4840000000000061,0.4870000000000062,0.5000000000000063,35020900.0,34087328.0,腾讯日K,2026-08-07T17:30:13,20260926T093659
512800,华宝银行ETF,SSE,2018-04-27,0.973,0.978,0.965,0.977,0.48699795291709935,0.48950051177073295,0.4829938587512856,0.4890000000000062,0.5005117707267208,31584700.0,30741229.0,腾讯日K,2026-08-07T17:30:13,20260926T093659
512800,华宝银行ETF,SSE,2018-05-02,0.986,0.986,0.973,0.977,0.4935046059365467,0.4935046059365467,0.48699795291709935,0.4890000000000062,0.5005117707267208,25122000.0,24604801.0,腾讯日K,2026-08-07T17:30:13,20260926T093659
512800,华宝银行ETF,SSE,2018-05-03,0.977,0.977,0.965,0.975,0.4890010256410318,0.4890010256410318,0.4829948717948779,0.4880000000000062,0.5005128205128269,24617700.0,23917408.0,腾讯日K,2026-08-07T17:30:13,20260926T093659
512800,华宝银行ETF,SSE,2018-05-04,0.972,0.973,0.965,0.966,0.48600000000000615,0.48650000000000615,0.4825000000000061,0.48300000000000615,0.5000000000000063,22573500.0,21864333.0,腾讯日K,2026-08-07T17:30:13,20260926T093659
512800,华宝银行ETF,SSE,2018-05-07,0.966,0.972,0.962,0.972,0.4830000000000061,0.48600000000000615,0.4810000000000061,0.48600000000000615,0.5000000000000063,37391500.0,36200570.0,腾讯日K,2026-08-07T17:30:13,20260926T093659
512800,华宝银行ETF,SSE,2018-05-08,0.972,0.988,0.971,0.984,0.48600000000000615,0.49400000000000627,0.48550000000000615,0.4920000000000062,0.5000000000000063,50157000.0,49152670.0,腾讯日K,2026-08-07T17:30:13,20260926T093659
512800,华宝银行ETF,SSE,2018-05-09,0.983,0.985,0.978,0.985,0.4919989847715797,0.49300000000000616,0.48949644670051373,0.49300000000000616,0.5005076142132042,18070000.0,17734036.0,腾讯日K,2026-08-07T17:30:13,20260926T093659
512800,华宝银行ETF,SSE,2018-05-10,0.982,0.991,0.98,0.986,0.4910000000000061,0.49550000000000616,0.4900000000000061,0.49300000000000616,0.5000000000000062,18209600.0,17941995.0,腾讯日K,2026-08-07T17:30:13,20260926T093659
512800,华宝银行ETF,SSE,2018-05-11,0.987,0.993,0.983,0.989,0.4939989888776603,0.49700202224469775,0.49199696663296866,0.49500000000000616,0.5005055611729081,36517100.0,36145478.0,腾讯日K,2026-08-07T17:30:13,20260926T093659
512800,华宝银行ETF,SSE,2018-05-14,0.991,1.004,0.991,0.997,0.495996990972925,0.5025035105316011,0.495996990972925,0.4990000000000062,0.5005015045135469,32966900.0,32900200.0,腾讯日K,2026-08-07T17:30:13,20260926T093659
512800,华宝银行ETF,SSE,2018-05-15,0.999,0.999,0.989,0.994,0.4995000000000062,0.4995000000000062,0.49450000000000616,0.49700000000000616,0.5000000000000062,24432200.0,24256045.0,腾讯日K,2026-08-07T17:30:13,20260926T093659
512800,华宝银行ETF,SSE,2018-05-16,0.991,0.991,0.981,0.983,0.4960040691759981,0.4960040691759981,0.4909989827060082,0.49200000000000615,0.500508646998989,27310400.0,26923790.0,腾讯日K,2026-08-07T17:30:13,20260926T093659
512800,华宝银行ETF,SSE,2018-05-17,0.981,0.984,0.976,0.979,0.4910010214504658,0.4925025536261553,0.48849846782431666,0.49000000000000615,0.5005107252298326,17786000.0,17427485.0,腾讯日K,2026-08-07T17:30:13,20260926T093659
512800,华宝银行ETF,SSE,2018-05-18,0.976,0.99,0.976,0.99,0.48800000000000604,0.49500000000000616,0.48800000000000604,0.49500000000000616,0.5000000000000062,29509400.0,29009361.0,腾讯日K,2026-08-07T17:30:13,20260926T093659
512800,华宝银行ETF,SSE,2018-05-21,0.993,0.999,0.989,0.991,0.4970010090817418,0.5000040363269487,0.4949989909182705,0.49600000000000616,0.5005045408678165,21832600.0,21673732.0,腾讯日K,2026-08-07T17:30:13,20260926T093659
512800,华宝银行ETF,SSE,2018-05-22,0.991,0.991,0.98,0.985,0.49600304568528536,0.49600304568528536,0.4904974619289401,0.4930000000000061,0.5005076142132042,24708300.0,24294440.0,腾讯日K,2026-08-07T17:30:13,20260926T093659
512800,华宝银行ETF,SSE,2018-05-23,0.983,0.983,0.973,0.974,0.4915000000000061,0.4915000000000061,0.48650000000000604,0.48700000000000604,0.5000000000000062,18771600.0,18339691.0,腾讯日K,2026-08-07T17:30:13,20260926T093659
512800,华宝银行ETF,SSE,2018-05-24,0.972,0.975,0.966,0.968,0.48600000000000604,0.48750000000000604,0.483000000000006,0.484000000000006,0.5000000000000062,24208100.0,23474232.0,腾讯日K,2026-08-07T17:30:13,20260926T093659
512800,华宝银行ETF,SSE,2018-05-25,0.97,0.971,0.963,0.966,0.48500000000000604,0.48550000000000604,0.481500000000006,0.483000000000006,0.5000000000000062,17536400.0,16953537.0,腾讯日K,2026-08-07T17:30:13,20260926T093659
512800,华宝银行ETF,SSE,2018-05-28,0.967,0.967,0.96,0.964,0.483500000000006,0.483500000000006,0.480000000000006,0.482000000000006,0.5000000000000062,16983200.0,16356937.0,腾讯日K,2026-08-07T17:30:13,20260926T093659
512800,华宝银行ETF,SSE,2018-05-29,0.964,0.964,0.951,0.96,0.482000000000006,0.482000000000006,0.4755000000000059,0.4800000000000059,0.5000000000000062,38542000.0,36893273.0,腾讯日K,2026-08-07T17:30:13,20260926T093659
512800,华宝银行ETF,SSE,2018-05-30,0.953,0.953,0.942,0.943,0.47700530222694126,0.47700530222694126,0.47149946977731233,0.47200000000000586,0.5005302226935375,26326900.0,24938361.0,腾讯日K,2026-08-07T17:30:13,20260926T093659
512800,华宝银行ETF,SSE,2018-05-31,0.947,0.954,0.943,0.951,0.4739978969505842,0.47750157728707215,0.47199579390116253,0.4760000000000059,0.5005257623554216,23386600.0,22172347.0,腾讯日K,2026-08-07T17:30:13,20260926T093659
512800,华宝银行ETF,SSE,2018-06-01,0.95,0.956,0.946,0.951,0.4754994742376505,0.478502628811783,0.47349737118822877,0.4760000000000059,0.5005257623554216,13548400.0,12880644.0,腾讯日K,2026-08-07T17:30:13,20260926T093659
512800,华宝银行ETF,SSE,2018-06-04,0.953,0.961,0.951,0.96,0.4765000000000059,0.480500000000006,0.4755000000000059,0.4800000000000059,0.5000000000000062,26158200.0,25055343.0,腾讯日K,2026-08-07T17:30:13,20260926T093659
512800,华宝银行ETF,SSE,2018-06-05,0.953,0.959,0.951,0.959,0.47699687174140315,0.48000000000000587,0.47599582898853554,0.4800000000000059,0.5005213764337914,30701000.0,29344524.0,腾讯日K,2026-08-07T17:30:13,20260926T093659
512800,华宝银行ETF,SSE,2018-06-06,0.958,0.958,0.948,0.949,0.4795047418335149,0.4795047418335149,0.474499473129616,0.47500000000000586,0.5005268703898903,46802000.0,44517934.0,腾讯日K,2026-08-07T17:30:13,20260926T093659
512800,华宝银行ETF,SSE,2018-06-07,0.951,0.958,0.95,0.954,0.4755000000000059,0.4790000000000059,0.47500000000000586,0.4770000000000059,0.5000000000000062,42794900.0,40814979.0,腾讯日K,2026-08-07T17:30:13,20260926T093659
512800,华宝银行ETF,SSE,2018-06-08,0.952,0.952,0.935,0.938,0.4760000000000059,0.4760000000000059,0.46750000000000586,0.4690000000000058,0.5000000000000062,43776300.0,41222016.0,腾讯日K,2026-08-07T17:30:13,20260926T093659
512800,华宝银行ETF,SSE,2018-06-11,0.937,0.937,0.929,0.936,0.46850000000000586,0.46850000000000586,0.4645000000000058,0.46800000000000586,0.5000000000000062,44818700.0,41849384.0,腾讯日K,2026-08-07T17:30:13,20260926T093659
512800,华宝银行ETF,SSE,2018-06-12,0.937,0.94,0.932,0.938,0.46850000000000597,0.4700000000000059,0.4660000000000059,0.46900000000000586,0.5000000000000063,21540500.0,20191390.0,腾讯日K,2026-08-07T17:30:13,20260926T093659
512800,华宝银行ETF,SSE,2018-06-13,0.937,0.938,0.931,0.934,0.46850000000000586,0.4690000000000058,0.4655000000000058,0.46700000000000585,0.5000000000000062,17044200.0,15929976.0,腾讯日K,2026-08-07T17:30:13,20260926T093659
512800,华宝银行ETF,SSE,2018-06-14,0.931,0.939,0.93,0.934,0.4655000000000058,0.4695000000000058,0.4650000000000058,0.46700000000000585,0.5000000000000062,21187100.0,19792575.0,腾讯日K,2026-08-07T17:30:13,20260926T093659
512800,华宝银行ETF,SSE,2018-06-15,0.934,0.945,0.933,0.943,0.4674952279957641,0.4730010604453929,0.46699469777307057,0.4720000000000059,0.5005302226935375,38050900.0,35812077.0,腾讯日K,2026-08-07T17:30:13,20260926T093659
512800,华宝银行ETF,SSE,2018-06-19,0.937,0.942,0.924,0.933,0.4690021436227283,0.47150482315113124,0.4624951768488804,0.46700000000000585,0.5005359056806065,50229400.0,46906939.0,腾讯日K,2026-08-07T17:30:13,20260926T093659
512800,华宝银行ETF,SSE,2018-06-20,0.926,0.93,0.921,0.927,0.4634994606256801,0.46550161812298324,0.4609967637540512,0.46400000000000585,0.5005393743257884,21406800.0,19823350.0,腾讯日K,2026-08-07T17:30:13,20260926T093659
512800,华宝银行ETF,SSE,2018-06-21,0.929,0.934,0.922,0.924,0.4645000000000058,0.46700000000000585,0.46100000000000574,0.4620000000000058,0.5000000000000062,29403200.0,27306304.0,腾讯日K,2026-08-07T17:30:13,20260926T093659
512800,华宝银行ETF,SSE,2018-06-22,0.92,0.926,0.918,0.926,0.46000000000000585,0.4630000000000059,0.45900000000000585,0.4630000000000059,0.5000000000000063,14561500.0,13421195.0,腾讯日K,2026-08-07T17:30:13,20260926T093659
512800,华宝银行ETF,SSE,2018-06-25,0.93,0.931,0.907,0.907,0.4655126791620787,0.46601323042999493,0.4540000000000058,0.4540000000000058,0.5005512679162136,25783200.0,23652435.0,腾讯日K,2026-08-07T17:30:13,20260926T093659
512800,华宝银行ETF,SSE,2018-06-26,0.903,0.904,0.88,0.891,0.4520067340067398,0.45250729517396765,0.44049382716049945,0.44600000000000567,0.5005611672278403,41169700.0,36616966.0,腾讯日K,2026-08-07T17:30:13,20260926T093659
512800,华宝银行ETF,SSE,2018-06-27,0.89,0.892,0.873,0.878,0.4450000000000056,0.44600000000000567,0.43650000000000555,0.43900000000000555,0.5000000000000063,42777300.0,37766936.0,腾讯日K,2026-08-07T17:30:13,20260926T093659
512800,华宝银行ETF,SSE,2018-06-28,0.875,0.882,0.867,0.872,0.43750000000000555,0.4410000000000056,0.4335000000000055,0.4360000000000055,0.5000000000000063,25905200.0,22632326.0,腾讯日K,2026-08-07T17:30:13,20260926T093659
512800,华宝银行ETF,SSE,2018-06-29,0.874,0.886,0.874,0.885,0.43749378531074,0.44350056497175705,0.43749378531074,0.4430000000000056,0.5005649717514188,31195700.0,27424923.0,腾讯日K,2026-08-07T17:30:13,20260926T093659
512800,华宝银行ETF,SSE,2018-07-02,0.886,0.886,0.853,0.856,0.4430000000000056,0.4430000000000056,0.4265000000000054,0.42800000000000543,0.5000000000000063,54047300.0,46833321.0,腾讯日K,2026-08-07T17:30:13,20260926T093659
512800,华宝银行ETF,SSE,2018-07-03,0.856,0.862,0.846,0.86,0.42800000000000543,0.43100000000000543,0.4230000000000053,0.43000000000000543,0.5000000000000063,48626400.0,41550849.0,腾讯日K,2026-08-07T17:30:13,20260926T093659
512800,华宝银行ETF,SSE,2018-07-04,0.858,0.867,0.855,0.858,0.42900000000000543,0.4335000000000055,0.4275000000000054,0.42900000000000543,0.5000000000000063,36864100.0,31728498.0,腾讯日K,2026-08-07T17:30:13,20260926T093659
512800,华宝银行ETF,SSE,2018-07-05,0.858,0.866,0.853,0.862,0.42900000000000543,0.4330000000000055,0.4265000000000054,0.43100000000000543,0.5000000000000063,23542300.0,20251517.0,腾讯日K,2026-08-07T17:30:13,20260926T093659
512800,华宝银行ETF,SSE,2018-07-06,0.861,0.875,0.852,0.87,0.43050000000000543,0.43750000000000555,0.4260000000000054,0.4350000000000055,0.5000000000000063,32147800.0,27819541.0,腾讯日K,2026-08-07T17:30:13,20260926T093659
512800,华宝银行ETF,SSE,2018-07-09,0.869,0.899,0.869,0.898,0.4345000000000055,0.4495000000000057,0.4345000000000055,0.44900000000000573,0.5000000000000063,43997200.0,38971517.0,腾讯日K,2026-08-07T17:30:13,20260926T093659
512800,华宝银行ETF,SSE,2018-07-10,0.899,0.899,0.888,0.896,0.4495000000000057,0.4495000000000057,0.4440000000000056,0.4480000000000057,0.5000000000000063,15363600.0,13726261.0,腾讯日K,2026-08-07T17:30:13,20260926T093659
512800,华宝银行ETF,SSE,2018-07-11,0.888,0.888,0.878,0.884,0.4440000000000057,0.4440000000000057,0.43900000000000566,0.44200000000000567,0.5000000000000064,18440000.0,16250269.0,腾讯日K,2026-08-07T17:30:13,20260926T093659
512800,华宝银行ETF,SSE,2018-07-12,0.882,0.906,0.882,0.902,0.4410000000000056,0.45300000000000573,0.4410000000000056,0.45100000000000573,0.5000000000000063,23779900.0,21347352.0,腾讯日K,2026-08-07T17:30:13,20260926T093659
512800,华宝银行ETF,SSE,2018-07-13,0.904,0.904,0.896,0.898,0.45200000000000573,0.45200000000000573,0.44800000000000567,0.4490000000000057,0.5000000000000063,19872900.0,17860742.0,腾讯日K,2026-08-07T17:30:13,20260926T093659
512800,华宝银行ETF,SSE,2018-07-16,0.899,0.9,0.884,0.886,0.4495000000000057,0.45000000000000573,0.4420000000000056,0.4430000000000056,0.5000000000000063,28949100.0,25718032.0,腾讯日K,2026-08-07T17:30:13,20260926T093659
512800,华宝银行ETF,SSE,2018-07-17,0.885,0.885,0.877,0.881,0.4430022701475652,0.4430022701475652,0.43899772985244595,0.4410000000000056,0.5005675368899042,25523100.0,22449758.0,腾讯日K,2026-08-07T17:30:13,20260926T093659
512800,华宝银行ETF,SSE,2018-07-18,0.885,0.892,0.879,0.88,0.4425000000000056,0.44600000000000567,0.43950000000000555,0.44000000000000555,0.5000000000000063,33688600.0,29852759.0,腾讯日K,2026-08-07T17:30:13,20260926T093659
512800,华宝银行ETF,SSE,2018-07-19,0.88,0.886,0.877,0.879,0.4405005688282194,0.4435039817975027,0.43899886234357777,0.44000000000000555,0.5005688282138857,19517600.0,17173963.0,腾讯日K,2026-08-07T17:30:13,20260926T093659
512800,华宝银行ETF,SSE,2018-07-20,0.879,0.922,0.873,0.918,0.43950000000000555,0.46100000000000585,0.43650000000000555,0.45900000000000585,0.5000000000000063,48280600.0,43407801.0,腾讯日K,2026-08-07T17:30:13,20260926T093659
512800,华宝银行ETF,SSE,2018-07-23,0.918,0.94,0.912,0.934,0.45900000000000585,0.4700000000000059,0.4560000000000058,0.4670000000000059,0.5000000000000063,51913000.0,48095678.0,腾讯日K,2026-08-07T17:30:13,20260926T093659
512800,华宝银行ETF,SSE,2018-07-24,0.933,0.95,0.933,0.937,0.46699786552828754,0.47550693703309016,0.46699786552828754,0.46900000000000586,0.5005336179295686,86550400.0,81518400.0,腾讯日K,2026-08-07T17:30:13,20260926T093659
512800,华宝银行ETF,SSE,2018-07-25,0.939,0.942,0.932,0.937,0.47000106723586493,0.47150266808965363,0.46649733191035797,0.46900000000000586,0.5005336179295686,19579700.0,18313740.0,腾讯日K,2026-08-07T17:30:13,20260926T093659
512800,华宝银行ETF,SSE,2018-07-26,0.937,0.946,0.931,0.933,0.4690021436227283,0.4735069667738537,0.46599892818864463,0.46700000000000585,0.5005359056806065,23617100.0,22145856.0,腾讯日K,2026-08-07T17:30:13,20260926T093659
512800,华宝银行ETF,SSE,2018-07-27,0.93,0.938,0.925,0.93,0.4650000000000058,0.4690000000000058,0.4625000000000058,0.46500000000000585,0.5000000000000062,30948800.0,28866259.0,腾讯日K,2026-08-07T17:30:13,20260926T093659
512800,华宝银行ETF,SSE,2018-07-30,0.931,0.947,0.93,0.942,0.4655000000000058,0.47350000000000586,0.4650000000000058,0.4710000000000058,0.5000000000000062,41105500.0,38605088.0,腾讯日K,2026-08-07T17:30:13,20260926T093659
512800,华宝银行ETF,SSE,2018-07-31,0.94,0.949,0.932,0.944,0.4700000000000058,0.47450000000000586,0.4660000000000058,0.47200000000000586,0.5000000000000062,23142900.0,21765658.0,腾讯日K,2026-08-07T17:30:13,20260926T093659
512800,华宝银行ETF,SSE,2018-08-01,0.944,0.954,0.926,0.926,0.47200000000000586,0.4770000000000059,0.4630000000000058,0.4630000000000058,0.5000000000000062,35871300.0,33733074.0,腾讯日K,2026-08-07T17:30:13,20260926T093659
512800,华宝银行ETF,SSE,2018-08-02,0.92,0.929,0.903,0.91,0.46000000000000574,0.4645000000000058,0.4515000000000056,0.4550000000000057,0.5000000000000062,54104400.0,49364060.0,腾讯日K,2026-08-07T17:30:13,20260926T093659
512800,华宝银行ETF,SSE,2018-08-03,0.91,0.921,0.907,0.91,0.4550000000000057,0.46050000000000574,0.4535000000000057,0.4550000000000057,0.5000000000000062,39048800.0,35713810.0,腾讯日K,2026-08-07T17:30:13,20260926T093659
512800,华宝银行ETF,SSE,2018-08-06,0.911,0.929,0.909,0.915,0.4559978142076559,0.4650076502732298,0.45499672131148106,0.4580000000000057,0.5005464480874379,26622900.0,24453517.0,腾讯日K,2026-08-07T17:30:13,20260926T093659
512800,华宝银行ETF,SSE,2018-08-07,0.916,0.934,0.913,0.934,0.45800000000000574,0.46700000000000585,0.4565000000000057,0.4670000000000058,0.5000000000000062,34029100.0,31434223.0,腾讯日K,2026-08-07T17:30:13,20260926T093659
512800,华宝银行ETF,SSE,2018-08-08,0.934,0.934,0.923,0.924,0.46700000000000585,0.46700000000000585,0.46150000000000574,0.46200000000000574,0.5000000000000062,16639900.0,15430914.0,腾讯日K,2026-08-07T17:30:13,20260926T093659
512800,华宝银行ETF,SSE,2018-08-09,0.92,0.939,0.92,0.938,0.46000000000000585,0.4695000000000059,0.46000000000000585,0.46900000000000586,0.5000000000000063,25240400.0,23581290.0,腾讯日K,2026-08-07T17:30:13,20260926T093659
512800,华宝银行ETF,SSE,2018-08-10,0.936,0.938,0.926,0.933,0.4685016077170477,0.46950267952840885,0.4634962486602416,0.46700000000000585,0.5005359056806065,23507500.0,21907570.0,腾讯日K,2026-08-07T17:30:13,20260926T093659
512800,华宝银行ETF,SSE,2018-08-13,0.921,0.926,0.908,0.917,0.4610021810250876,0.4635049073064399,0.45449509269357175,0.4590000000000058,0.5005452562704534,32306900.0,29553783.0,腾讯日K,2026-08-07T17:30:13,20260926T093659
512800,华宝银行ETF,SSE,2018-08-14,0.914,0.918,0.909,0.914,0.4570000000000057,0.45900000000000574,0.4545000000000057,0.45700000000000573,0.5000000000000062,20389200.0,18597368.0,腾讯日K,2026-08-07T17:30:13,20260926T093659
512800,华宝银行ETF,SSE,2018-08-15,0.913,0.913,0.898,0.898,0.4565000000000057,0.4565000000000057,0.4490000000000056,0.4490000000000056,0.5000000000000062,18145300.0,16411258.0,腾讯日K,2026-08-07T17:30:13,20260926T093659
512800,华宝银行ETF,SSE,2018-08-16,0.893,0.907,0.887,0.9,0.44650000000000567,0.45350000000000573,0.4435000000000056,0.4500000000000057,0.5000000000000063,23362800.0,20962774.0,腾讯日K,2026-08-07T17:30:13,20260926T093659
512800,华宝银行ETF,SSE,2018-08-17,0.903,0.908,0.892,0.894,0.4515000000000056,0.4540000000000057,0.44600000000000556,0.4470000000000056,0.5000000000000062,17740400.0,15997300.0,腾讯日K,2026-08-07T17:30:13,20260926T093659
512800,华宝银行ETF,SSE,2018-08-20,0.897,0.908,0.896,0.907,0.4489944873208436,0.454500551267922,0.4484939360529274,0.45400000000000573,0.5005512679162136,26067800.0,23521762.0,腾讯日K,2026-08-07T17:30:13,20260926T093659
512800,华宝银行ETF,SSE,2018-08-21,0.907,0.918,0.906,0.915,0.4539956284153063,0.4595016393442681,0.4534950819672188,0.45800000000000574,0.500546448087438,29985400.0,27377078.0,腾讯日K,2026-08-07T17:30:13,20260926T093659
512800,华宝银行ETF,SSE,2018-08-22,0.911,0.913,0.906,0.909,0.45600110011001677,0.4570022002200278,0.4534983498349892,0.45500000000000573,0.5005500550055069,12614200.0,11461537.0,腾讯日K,2026-08-07T17:30:13,20260926T093659
512800,华宝银行ETF,SSE,2018-08-23,0.911,0.916,0.905,0.913,0.4559989047097538,0.4585016429353836,0.45299561883899797,0.45700000000000573,0.5005476451259646,20879400.0,19049948.0,腾讯日K,2026-08-07T17:30:13,20260926T093659
512800,华宝银行ETF,SSE,2018-08-24,0.909,0.946,0.908,0.933,0.4549871382636714,0.4735069667738538,0.45448660235799077,0.4670000000000059,0.5005359056806066,44120700.0,40904495.0,腾讯日K,2026-08-07T17:30:13,20260926T093659
512800,华宝银行ETF,SSE,2018-08-27,0.935,0.943,0.929,0.943,0.46799575821845774,0.47200000000000597,0.4649925768822965,0.47200000000000597,0.5005302226935376,43478800.0,40748339.0,腾讯日K,2026-08-07T17:30:13,20260926T093659
512800,华宝银行ETF,SSE,2018-08-28,0.94,0.948,0.938,0.94,0.4700000000000059,0.47400000000000597,0.4690000000000059,0.4700000000000059,0.5000000000000063,27067000.0,25529347.0,腾讯日K,2026-08-07T17:30:13,20260926T093659
512800,华宝银行ETF,SSE,2018-08-29,0.939,0.943,0.936,0.937,0.47000106723586504,0.4720032017075833,0.46849946638207635,0.4690000000000059,0.5005336179295687,39728600.0,37309084.0,腾讯日K,2026-08-07T17:30:13,20260926T093659
512800,华宝银行ETF,SSE,2018-08-30,0.938,0.944,0.928,0.93,0.4690000000000059,0.47200000000000597,0.4640000000000059,0.4650000000000059,0.5000000000000063,34953300.0,32759866.0,腾讯日K,2026-08-07T17:30:13,20260926T093659
512800,华宝银行ETF,SSE,2018-08-31,0.93,0.942,0.928,0.934,0.4650000000000059,0.4710000000000059,0.4640000000000059,0.46700000000000597,0.5000000000000063,35536500.0,33205649.0,腾讯日K,2026-08-07T17:30:13,20260926T093659
512800,华宝银行ETF,SSE,2018-09-03,0.933,0.94,0.93,0.936,0.466500000000006,0.470000000000006,0.465000000000006,0.468000000000006,0.5000000000000064,19493100.0,18225949.0,腾讯日K,2026-08-07T17:30:13,20260926T093659
512800,华宝银行ETF,SSE,2018-09-04,0.935,0.95,0.93,0.945,0.4679947089947151,0.47550264550265164,0.46549206349206956,0.4730000000000061,0.500529100529107,36895800.0,34702355.0,腾讯日K,2026-08-07T17:30:13,20260926T093659
512800,华宝银行ETF,SSE,2018-09-05,0.942,0.942,0.924,0.925,0.4715091891891952,0.4715091891891952,0.4624994594594654,0.463000000000006,0.500540540540547,35250500.0,33004568.0,腾讯日K,2026-08-07T17:30:13,20260926T093659
512800,华宝银行ETF,SSE,2018-09-06,0.922,0.929,0.919,0.921,0.461500542888171,0.4650043431053263,0.45999891422367584,0.46100000000000596,0.5005428881650444,20150900.0,18628573.0,腾讯日K,2026-08-07T17:30:13,20260926T093659
512800,华宝银行ETF,SSE,2018-09-07,0.921,0.93,0.92,0.926,0.46050000000000596,0.465000000000006,0.46000000000000596,0.46300000000000596,0.5000000000000064,30110900.0,27877412.0,腾讯日K,2026-08-07T17:30:13,20260926T093659
512800,华宝银行ETF,SSE,2018-09-10,0.924,0.927,0.918,0.92,0.46200000000000596,0.463500000000006,0.4590000000000059,0.4600000000000059,0.5000000000000064,13233000.0,12197204.0,腾讯日K,2026-08-07T17:30:13,20260926T093659
512800,华宝银行ETF,SSE,2018-09-11,0.92,0.927,0.911,0.914,0.46000000000000585,0.4635000000000059,0.4555000000000058,0.45700000000000585,0.5000000000000063,20951600.0,19261312.0,腾讯日K,2026-08-07T17:30:13,20260926T093659
512800,华宝银行ETF,SSE,2018-09-12,0.912,0.919,0.907,0.915,0.45649836065574356,0.46000218579235563,0.4539956284153064,0.45800000000000585,0.5005464480874381,18738200.0,17094364.0,腾讯日K,2026-08-07T17:30:13,20260926T093659
512800,华宝银行ETF,SSE,2018-09-13,0.922,0.926,0.916,0.924,0.46100000000000585,0.4630000000000059,0.4580000000000058,0.4620000000000059,0.5000000000000063,44868100.0,41287256.0,腾讯日K,2026-08-07T17:30:13,20260926T093659
512800,华宝银行ETF,SSE,2018-09-14,0.927,0.928,0.922,0.925,0.46400108108108706,0.4645016216216276,0.4614983783783843,0.463000000000006,0.500540540540547,17851300.0,16517549.0,腾讯日K,2026-08-07T17:30:13,20260926T093659
512800,华宝银行ETF,SSE,2018-09-17,0.923,0.923,0.917,0.918,0.46150000000000596,0.46150000000000596,0.4585000000000059,0.45900000000000596,0.5000000000000064,24743700.0,22741845.0,腾讯日K,2026-08-07T17:30:13,20260926T093659
512800,华宝银行ETF,SSE,2018-09-18,0.918,0.934,0.916,0.932,0.4590000000000059,0.467000000000006,0.4580000000000059,0.4660000000000061,0.5000000000000064,24254300.0,22380591.0,腾讯日K,2026-08-07T17:30:13,20260926T093659
512800,华宝银行ETF,SSE,2018-09-19,0.929,0.941,0.927,0.938,0.464500000000006,0.470500000000006,0.463500000000006,0.469000000000006,0.5000000000000064,18819300.0,17612930.0,腾讯日K,2026-08-07T17:30:13,20260926T093659
512800,华宝银行ETF,SSE,2018-09-20,0.938,0.945,0.935,0.94,0.469000000000006,0.4725000000000061,0.467500000000006,0.470000000000006,0.5000000000000064,11928400.0,11214119.0,腾讯日K,2026-08-07T17:30:13,20260926T093659
512800,华宝银行ETF,SSE,2018-09-21,0.94,0.978,0.937,0.978,0.470000000000006,0.48900000000000626,0.4685000000000061,0.48900000000000626,0.5000000000000064,63555600.0,61068388.0,腾讯日K,2026-08-07T17:30:13,20260926T093659
512800,华宝银行ETF,SSE,2018-09-25,0.964,0.971,0.961,0.965,0.4824994818652912,0.4860031088082964,0.4809979274611461,0.4830000000000062,0.5005181347150324,20359300.0,19642532.0,腾讯日K,2026-08-07T17:30:13,20260926T093659
512800,华宝银行ETF,SSE,2018-09-26,0.968,0.986,0.965,0.977,0.48449539406346576,0.4935046059365467,0.4829938587512856,0.48900000000000626,0.5005117707267208,35006800.0,34199978.0,腾讯日K,2026-08-07T17:30:13,20260926T093659
512800,华宝银行ETF,SSE,2018-09-27,0.971,0.979,0.967,0.974,0.48550000000000626,0.4895000000000063,0.4835000000000062,0.48700000000000626,0.5000000000000064,15423500.0,15006040.0,腾讯日K,2026-08-07T17:30:13,20260926T093659
512800,华宝银行ETF,SSE,2018-09-28,0.975,0.997,0.975,0.988,0.48750000000000626,0.49850000000000644,0.48750000000000626,0.4940000000000064,0.5000000000000064,81742000.0,80654365.0,腾讯日K,2026-08-07T17:30:13,20260926T093659
512800,华宝银行ETF,SSE,2018-10-08,0.968,0.969,0.95,0.951,0.4845089379600483,0.4850094637224037,0.47549947423765065,0.47600000000000614,0.5005257623554218,48022900.0,46132017.0,腾讯日K,2026-08-07T17:30:13,20260926T093659
512800,华宝银行ETF,SSE,2018-10-09,0.951,0.959,0.946,0.952,0.4755000000000061,0.47950000000000614,0.4730000000000061,0.47600000000000614,0.5000000000000064,37603700.0,35788743.0,腾讯日K,2026-08-07T17:30:13,20260926T093659
512800,华宝银行ETF,SSE,2018-10-10,0.953,0.962,0.948,0.956,0.47650000000000614,0.4810000000000062,0.4740000000000061,0.47800000000000614,0.5000000000000064,35549800.0,33965305.0,腾讯日K,2026-08-07T17:30:13,20260926T093659
512800,华宝银行ETF,SSE,2018-10-11,0.935,0.94,0.913,0.919,0.4680087051142607,0.4705114254624652,0.4569967355821604,0.46000000000000596,0.5005440696409205,56740700.0,52691599.0,腾讯日K,2026-08-07T17:30:13,20260926T093659
512800,华宝银行ETF,SSE,2018-10-12,0.921,0.943,0.919,0.939,0.46099041533546925,0.4720021299254587,0.4599893503727429,0.470000000000006,0.5005324813631588,59435900.0,55369381.0,腾讯日K,2026-08-07T17:30:13,20260926T093659
512800,华宝银行ETF,SSE,2018-10-15,0.941,0.941,0.926,0.928,0.470500000000006,0.470500000000006,0.46300000000000596,0.464000000000006,0.5000000000000064,45889100.0,42786101.0,腾讯日K,2026-08-07T17:30:13,20260926T093659
512800,华宝银行ETF,SSE,2018-10-16,0.929,0.945,0.929,0.934,0.4645000000000059,0.47250000000000597,0.4645000000000059,0.46700000000000597,0.5000000000000063,46670900.0,43770670.0,腾讯日K,2026-08-07T17:30:13,20260926T093659
512800,华宝银行ETF,SSE,2018-10-17,0.941,0.945,0.925,0.94,0.4705000000000059,0.47250000000000597,0.46250000000000585,0.47000000000000597,0.5000000000000063,68780700.0,64603928.0,腾讯日K,2026-08-07T17:30:13,20260926T093659
512800,华宝银行ETF,SSE,2018-10-18,0.935,0.938,0.922,0.922,0.46750000000000597,0.4690000000000059,0.46100000000000585,0.4610000000000059,0.5000000000000063,25682600.0,23880168.0,腾讯日K,2026-08-07T17:30:13,20260926T093659
512800,华宝银行ETF,SSE,2018-10-19,0.918,0.954,0.916,0.952,0.4590000000000059,0.47700000000000614,0.4580000000000059,0.4760000000000061,0.5000000000000064,57591700.0,54168842.0,腾讯日K,2026-08-07T17:30:13,20260926T093659
512800,华宝银行ETF,SSE,2018-10-22,0.96,0.989,0.959,0.978,0.48000000000000614,0.4945000000000064,0.47950000000000614,0.48900000000000626,0.5000000000000064,217603500.0,213227381.0,腾讯日K,2026-08-07T17:30:13,20260926T093659
512800,华宝银行ETF,SSE,2018-10-23,0.977,0.977,0.953,0.956,0.48850000000000626,0.48850000000000626,0.47650000000000614,0.47800000000000614,0.5000000000000064,63139800.0,61070665.0,腾讯日K,2026-08-07T17:30:13,20260926T093659
512800,华宝银行ETF,SSE,2018-10-24,0.956,0.997,0.956,0.975,0.47849025641026255,0.4990112820512885,0.47849025641026255,0.48800000000000626,0.500512820512827,211952500.0,207129112.0,腾讯日K,2026-08-07T17:30:13,20260926T093659
512800,华宝银行ETF,SSE,2018-10-25,0.955,0.985,0.954,0.984,0.47750000000000603,0.4925000000000062,0.47700000000000603,0.49200000000000627,0.5000000000000063,131921800.0,128168468.0,腾讯日K,2026-08-07T17:30:13,20260926T093659
512800,华宝银行ETF,SSE,2018-10-26,0.982,0.987,0.972,0.982,0.4910000000000063,0.4935000000000063,0.48600000000000626,0.49100000000000626,0.5000000000000064,102384700.0,100134724.0,腾讯日K,2026-08-07T17:30:13,20260926T093659
512800,华宝银行ETF,SSE,2018-10-29,0.985,0.992,0.955,0.964,0.4925000000000063,0.4960000000000064,0.47750000000000614,0.48200000000000615,0.5000000000000064,117188500.0,113826325.0,腾讯日K,2026-08-07T17:30:13,20260926T093659
512800,华宝银行ETF,SSE,2018-10-30,0.964,0.985,0.964,0.977,0.48249334698055873,0.49300409416581986,0.48249334698055873,0.48900000000000615,0.5005117707267207,60398600.0,58913211.0,腾讯日K,2026-08-07T17:30:13,20260926T093659
512800,华宝银行ETF,SSE,2018-10-31,0.98,0.984,0.972,0.979,0.4905005107252361,0.4925025536261554,0.4864964249233974,0.49000000000000626,0.5005107252298328,44126200.0,43136698.0,腾讯日K,2026-08-07T17:30:13,20260926T093659
512800,华宝银行ETF,SSE,2018-11-01,0.983,1.01,0.97,0.974,0.4915000000000062,0.5050000000000064,0.48500000000000615,0.4870000000000062,0.5000000000000063,76082000.0,74390557.0,腾讯日K,2026-08-07T17:30:13,20260926T093659
512800,华宝银行ETF,SSE,2018-11-02,0.988,0.997,0.975,0.995,0.49449648241206656,0.49900100502513195,0.4879899497487499,0.4980000000000063,0.5005025125628204,91031400.0,89873529.0,腾讯日K,2026-08-07T17:30:13,20260926T093659
512800,华宝银行ETF,SSE,2018-11-05,0.986,0.988,0.976,0.981,0.49350254841998586,0.4945035677879777,0.48849745158002655,0.4910000000000062,0.5005096839959289,52775300.0,51799281.0,腾讯日K,2026-08-07T17:30:13,20260926T093659
512800,华宝银行ETF,SSE,2018-11-06,0.98,0.981,0.971,0.976,0.4900000000000062,0.4905000000000062,0.48550000000000615,0.48800000000000615,0.5000000000000063,27939900.0,27240215.0,腾讯日K,2026-08-07T17:30:13,20260926T093659
512800,华宝银行ETF,SSE,2018-11-07,0.976,0.985,0.97,0.971,0.4885025746652997,0.49300720906282813,0.48549948506694746,0.48600000000000615,0.5005149330587088,50695600.0,49471943.0,腾讯日K,2026-08-07T17:30:13,20260926T093659
512800,华宝银行ETF,SSE,2018-11-08,0.977,0.985,0.974,0.979,0.4889989785495466,0.49300306435138525,0.4874974463738571,0.4900000000000062,0.5005107252298328,46447800.0,45418397.0,腾讯日K,2026-08-07T17:30:13,20260926T093659
512800,华宝银行ETF,SSE,2018-11-09,0.97,0.97,0.946,0.949,0.4855110642781937,0.4855110642781937,0.4734984193888363,0.475000000000006,0.5005268703898904,70970200.0,67633399.0,腾讯日K,2026-08-07T17:30:13,20260926T093659
512800,华宝银行ETF,SSE,2018-11-12,0.946,0.952,0.946,0.952,0.4730000000000061,0.4760000000000061,0.4730000000000061,0.4760000000000061,0.5000000000000064,42680800.0,40511958.0,腾讯日K,2026-08-07T17:30:13,20260926T093659
512800,华宝银行ETF,SSE,2018-11-13,0.943,0.961,0.94,0.956,0.471500000000006,0.48050000000000614,0.470000000000006,0.4780000000000061,0.5000000000000064,70907400.0,67637192.0,腾讯日K,2026-08-07T17:30:13,20260926T093659
512800,华宝银行ETF,SSE,2018-11-14,0.954,0.954,0.941,0.943,0.477505832449635,0.477505832449635,0.470998939554619,0.472000000000006,0.5005302226935378,65630300.0,62152224.0,腾讯日K,2026-08-07T17:30:13,20260926T093659
512800,华宝银行ETF,SSE,2018-11-15,0.943,0.953,0.943,0.952,0.471500000000006,0.47650000000000614,0.471500000000006,0.4760000000000061,0.5000000000000064,75665500.0,71760956.0,腾讯日K,2026-08-07T17:30:13,20260926T093659
512800,华宝银行ETF,SSE,2018-11-16,0.951,0.959,0.947,0.952,0.4755000000000061,0.47950000000000614,0.4735000000000061,0.4760000000000061,0.5000000000000064,66383800.0,63200506.0,腾讯日K,2026-08-07T17:30:13,20260926T093659
512800,华宝银行ETF,SSE,2018-11-19,0.952,0.967,0.951,0.967,0.47649224405378054,0.4840000000000061,0.47599172699069886,0.4840000000000061,0.5005170630817023,105730900.0,101527838.0,腾讯日K,2026-08-07T17:30:13,20260926T093659
512800,华宝银行ETF,SSE,2018-11-20,0.959,0.963,0.949,0.951,0.48000420609884936,0.4820063091482711,0.47499894847529517,0.47600000000000603,0.5005257623554217,73020300.0,69695620.0,腾讯日K,2026-08-07T17:30:13,20260926T093659
512800,华宝银行ETF,SSE,2018-11-21,0.947,0.952,0.945,0.95,0.47350000000000597,0.47600000000000603,0.47250000000000597,0.475000000000006,0.5000000000000063,33785200.0,32063810.0,腾讯日K,2026-08-07T17:30:13,20260926T093659
512800,华宝银行ETF,SSE,2018-11-22,0.951,0.954,0.944,0.948,0.475500000000006,0.47700000000000603,0.47200000000000597,0.47400000000000597,0.5000000000000063,29404800.0,27828394.0,腾讯日K,2026-08-07T17:30:13,20260926T093659
512800,华宝银行ETF,SSE,2018-11-23,0.946,0.95,0.936,0.937,0.473504802561372,0.47550693703309027,0.46849946638207635,0.4690000000000059,0.5005336179295687,55546400.0,52382249.0,腾讯日K,2026-08-07T17:30:13,20260926T093659
512800,华宝银行ETF,SSE,2018-11-26,0.938,0.945,0.937,0.94,0.4690000000000058,0.47250000000000586,0.46850000000000586,0.47000000000000586,0.5000000000000062,34079700.0,32085341.0,腾讯日K,2026-08-07T17:30:13,20260926T093659
512800,华宝银行ETF,SSE,2018-11-27,0.942,0.943,0.933,0.936,0.4710000000000059,0.47150000000000597,0.4665000000000059,0.4680000000000059,0.5000000000000063,35445300.0,33279734.0,腾讯日K,2026-08-07T17:30:13,20260926T093659
512800,华宝银行ETF,SSE,2018-11-28,0.936,0.944,0.936,0.942,0.46800000000000597,0.47200000000000597,0.46800000000000597,0.4710000000000059,0.5000000000000063,42445600.0,39942277.0,腾讯日K,2026-08-07T17:30:13,20260926T093659
512800,华宝银行ETF,SSE,2018-11-29,0.945,0.946,0.938,0.939,0.4730031948881849,0.47350372736954804,0.4694994675186428,0.4700000000000059,0.5005324813631586,30070000.0,28351663.0,腾讯日K,2026-08-07T17:30:13,20260926T093659
512800,华宝银行ETF,SSE,2018-11-30,0.938,0.946,0.938,0.944,0.4690000000000059,0.47300000000000597,0.4690000000000059,0.4720000000000059,0.5000000000000063,25839200.0,24341504.0,腾讯日K,2026-08-07T17:30:13,20260926T093659
512800,华宝银行ETF,SSE,2018-12-03,0.961,0.965,0.953,0.961,0.48100000000000603,0.48300208116545873,0.4769958376691007,0.48100000000000603,0.5005202913631697,97912200.0,94056831.0,腾讯日K,2026-08-07T17:30:13,20260926T093659
512800,华宝银行ETF,SSE,2018-12-04,0.961,0.965,0.958,0.964,0.4805000000000061,0.4825000000000061,0.47900000000000603,0.48200000000000603,0.5000000000000063,29762800.0,28631808.0,腾讯日K,2026-08-07T17:30:13,20260926T093659
512800,华宝银行ETF,SSE,2018-12-05,0.955,0.962,0.955,0.958,0.4775000000000059,0.481000000000006,0.4775000000000059,0.479000000000006,0.5000000000000062,30729300.0,29475734.0,腾讯日K,2026-08-07T17:30:13,20260926T093659
512800,华宝银行ETF,SSE,2018-12-06,0.956,0.956,0.944,0.948,0.4780000000000059,0.4780000000000059,0.47200000000000586,0.4740000000000059,0.5000000000000062,41474400.0,39313567.0,腾讯日K,2026-08-07T17:30:13,20260926T093659
512800,华宝银行ETF,SSE,2018-12-07,0.947,0.951,0.944,0.945,0.47400105820106414,0.4760031746031806,0.4724994708994768,0.4730000000000059,0.5005291005291068,26092000.0,24741313.0,腾讯日K,2026-08-07T17:30:13,20260926T093659
512800,华宝银行ETF,SSE,2018-12-10,0.939,0.942,0.934,0.938,0.4695000000000059,0.4710000000000059,0.4670000000000059,0.46900000000000586,0.5000000000000063,23678200.0,22189224.0,腾讯日K,2026-08-07T17:30:13,20260926T093659
512800,华宝银行ETF,SSE,2018-12-11,0.938,0.94,0.935,0.937,0.46950053361793537,0.4705016008537945,0.46799893276414667,0.46900000000000586,0.5005336179295686,19866400.0,18606673.0,腾讯日K,2026-08-07T17:30:13,20260926T093659
512800,华宝银行ETF,SSE,2018-12-12,0.941,0.943,0.935,0.938,0.4705000000000059,0.47150000000000597,0.46750000000000597,0.46900000000000586,0.5000000000000063,15613800.0,14642263.0,腾讯日K,2026-08-07T17:30:13,20260926T093659
512800,华宝银行ETF,SSE,2018-12-13,0.938,0.95,0.936,0.946,0.4690000000000059,0.475000000000006,0.46800000000000597,0.4730000000000059,0.5000000000000063,49954300.0,47197757.0,腾讯日K,2026-08-07T17:30:13,20260926T093659
512800,华宝银行ETF,SSE,2018-12-14,0.942,0.943,0.933,0.935,0.4715037433155139,0.4720042780748722,0.4669989304812893,0.4680000000000059,0.5005347593582951,34960300.0,32761292.0,腾讯日K,2026-08-07T17:30:13,20260926T093659
512800,华宝银行ETF,SSE,2018-12-17,0.933,0.938,0.932,0.934,0.4665000000000058,0.4690000000000058,0.4660000000000058,0.46700000000000585,0.5000000000000062,34202700.0,31984875.0,腾讯日K,2026-08-07T17:30:13,20260926T093659
512800,华宝银行ETF,SSE,2018-12-18,0.93,0.937,0.925,0.926,0.4650000000000059,0.46850000000000597,0.46250000000000585,0.46300000000000585,0.5000000000000063,29863600.0,27804964.0,腾讯日K,2026-08-07T17:30:13,20260926T093659
512800,华宝银行ETF,SSE,2018-12-19,0.927,0.931,0.916,0.918,0.4635000000000059,0.4655000000000059,0.4580000000000058,0.4590000000000058,0.5000000000000063,20836900.0,19243109.0,腾讯日K,2026-08-07T17:30:13,20260926T093659
512800,华宝银行ETF,SSE,2018-12-20,0.916,0.918,0.893,0.902,0.4580000000000058,0.45900000000000585,0.44650000000000567,0.4510000000000057,0.5000000000000063,35926200.0,32418514.0,腾讯日K,2026-08-07T17:30:13,20260926T093659
512800,华宝银行ETF,SSE,2018-12-21,0.899,0.899,0.884,0.89,0.4495000000000056,0.4495000000000056,0.4420000000000055,0.44500000000000556,0.5000000000000062,46697200.0,41508577.0,腾讯日K,2026-08-07T17:30:13,20260926T093659
512800,华宝银行ETF,SSE,2018-12-24,0.886,0.891,0.882,0.89,0.4430000000000055,0.44550000000000556,0.4410000000000055,0.44500000000000556,0.5000000000000062,30223600.0,26785308.0,腾讯日K,2026-08-07T17:30:13,20260926T093659
512800,华宝银行ETF,SSE,2018-12-25,0.884,0.891,0.873,0.886,0.4420000000000055,0.44550000000000556,0.43650000000000544,0.44300000000000556,0.5000000000000062,37267700.0,32838866.0,腾讯日K,2026-08-07T17:30:13,20260926T093659
512800,华宝银行ETF,SSE,2018-12-26,0.885,0.888,0.881,0.884,0.4425000000000056,0.4440000000000056,0.44050000000000555,0.44200000000000556,0.5000000000000063,26895600.0,23810296.0,腾讯日K,2026-08-07T17:30:13,20260926T093659
512800,华宝银行ETF,SSE,2018-12-27,0.891,0.894,0.884,0.888,0.44550000000000556,0.44700000000000556,0.4420000000000055,0.44400000000000556,0.5000000000000062,30052500.0,26686573.0,腾讯日K,2026-08-07T17:30:13,20260926T093659
512800,华宝银行ETF,SSE,2018-12-28,0.888,0.899,0.888,0.893,0.44449720044793395,0.45000335946249165,0.44449720044793395,0.4470000000000056,0.50055991041434,38604100.0,34500032.0,腾讯日K,2026-08-07T17:30:13,20260926T093659
512800,华宝银行ETF,SSE,2019-01-02,0.893,0.895,0.874,0.879,0.44700796359499995,0.44800910125142773,0.4374971558589361,0.4400000000000055,0.5005688282138857,36183000.0,31791009.0,腾讯日K,2026-08-07T17:30:13,20260926T093659
512800,华宝银行ETF,SSE,2019-01-03,0.875,0.888,0.875,0.885,0.43799435028249134,0.4445016949152598,0.43799435028249134,0.44300000000000556,0.5005649717514187,32695600.0,28857100.0,腾讯日K,2026-08-07T17:30:13,20260926T093659
512800,华宝银行ETF,SSE,2019-01-04,0.878,0.905,0.877,0.905,0.43948508287293375,0.45300000000000573,0.4389845303867459,0.45300000000000573,0.5005524861878516,48110900.0,43177993.0,腾讯日K,2026-08-07T17:30:13,20260926T093659
512800,华宝银行ETF,SSE,2019-01-07,0.907,0.909,0.899,0.902,0.45350000000000573,0.4545000000000058,0.4495000000000057,0.45100000000000573,0.5000000000000063,37431700.0,33803098.0,腾讯日K,2026-08-07T17:30:13,20260926T093659
512800,华宝银行ETF,SSE,2019-01-08,0.902,0.902,0.896,0.897,0.4515027870680102,0.4515027870680102,0.44849944258640484,0.4490000000000057,0.5005574136008982,20818100.0,18693325.0,腾讯日K,2026-08-07T17:30:13,20260926T093659
512800,华宝银行ETF,SSE,2019-01-09,0.9,0.915,0.9,0.906,0.45000000000000573,0.4575000000000058,0.45000000000000573,0.45300000000000573,0.5000000000000063,46197700.0,42019283.0,腾讯日K,2026-08-07T17:30:13,20260926T093659
512800,华宝银行ETF,SSE,2019-01-10,0.906,0.908,0.9,0.903,0.45350166112957385,0.45450276854928595,0.4504983388704376,0.45200000000000573,0.5005537098560418,15598400.0,14083619.0,腾讯日K,2026-08-07T17:30:13,20260926T093659
512800,华宝银行ETF,SSE,2019-01-11,0.902,0.914,0.902,0.912,0.45100000000000573,0.4570000000000058,0.45100000000000573,0.4560000000000058,0.5000000000000063,20193000.0,18371189.0,腾讯日K,2026-08-07T17:30:13,20260926T093659
512800,华宝银行ETF,SSE,2019-01-14,0.911,0.912,0.904,0.905,0.45600331491713286,0.4565038674033207,0.4524994475138179,0.45300000000000573,0.5005524861878516,25582700.0,23193586.0,腾讯日K,2026-08-07T17:30:13,20260926T093659
512800,华宝银行ETF,SSE,2019-01-15,0.905,0.915,0.905,0.915,0.4529945355191314,0.4580000000000058,0.4529945355191314,0.4580000000000058,0.500546448087438,20106400.0,18334905.0,腾讯日K,2026-08-07T17:30:13,20260926T093659
512800,华宝银行ETF,SSE,2019-01-16,0.914,0.916,0.912,0.916,0.4570000000000058,0.4580000000000058,0.4560000000000058,0.4580000000000058,0.5000000000000063,12877000.0,11769075.0,腾讯日K,2026-08-07T17:30:13,20260926T093659
512800,华宝银行ETF,SSE,2019-01-17,0.917,0.921,0.91,0.913,0.4590021905805097,0.46100438116101355,0.45549835706462793,0.4570000000000058,0.5005476451259647,21687500.0,19848881.0,腾讯日K,2026-08-07T17:30:13,20260926T093659
512800,华宝银行ETF,SSE,2019-01-18,0.914,0.93,0.914,0.928,0.4570000000000058,0.4650000000000059,0.4570000000000058,0.4640000000000059,0.5000000000000063,29123300.0,26896187.0,腾讯日K,2026-08-07T17:30:13,20260926T093659
512800,华宝银行ETF,SSE,2019-01-21,0.927,0.934,0.927,0.93,0.4635000000000059,0.4670000000000059,0.4635000000000059,0.4650000000000059,0.5000000000000063,19791100.0,18422235.0,腾讯日K,2026-08-07T17:30:13,20260926T093659
512800,华宝银行ETF,SSE,2019-01-22,0.929,0.932,0.919,0.921,0.46500434310532623,0.46650597176982134,0.4599989142236758,0.46100000000000585,0.5005428881650443,18310500.0,16923636.0,腾讯日K,2026-08-07T17:30:13,20260926T093659
512800,华宝银行ETF,SSE,2019-01-23,0.92,0.93,0.92,0.925,0.46049729729730315,0.4655027027027086,0.46049729729730315,0.46300000000000585,0.5005405405405469,15503200.0,14353804.0,腾讯日K,2026-08-07T17:30:13,20260926T093659
512800,华宝银行ETF,SSE,2019-01-24,0.926,0.934,0.925,0.932,0.4630000000000058,0.46700000000000585,0.4625000000000058,0.4660000000000058,0.5000000000000062,15364700.0,14299144.0,腾讯日K,2026-08-07T17:30:13,20260926T093659
512800,华宝银行ETF,SSE,2019-01-25,0.935,0.952,0.934,0.947,0.4679936642027513,0.47650263991552855,0.4674931362196468,0.47400000000000586,0.5005279831045468,32020400.0,30292525.0,腾讯日K,2026-08-07T17:30:13,20260926T093659
512800,华宝银行ETF,SSE,2019-01-28,0.952,0.958,0.944,0.947,0.47650263991552855,0.47950580781415586,0.4724984160506922,0.47400000000000586,0.5005279831045468,22882900.0,21827556.0,腾讯日K,2026-08-07T17:30:13,20260926T093659
512800,华宝银行ETF,SSE,2019-01-29,0.944,0.957,0.943,0.954,0.47200000000000586,0.4785000000000059,0.47150000000000586,0.4770000000000059,0.5000000000000062,21520100.0,20458857.0,腾讯日K,2026-08-07T17:30:13,20260926T093659
512800,华宝银行ETF,SSE,2019-01-30,0.951,0.957,0.947,0.95,0.4755000000000059,0.4785000000000059,0.47350000000000586,0.47500000000000586,0.5000000000000062,15371100.0,14635117.0,腾讯日K,2026-08-07T17:30:13,20260926T093659
512800,华宝银行ETF,SSE,2019-01-31,0.952,0.969,0.952,0.967,0.47649224405378043,0.4850010341261694,0.47649224405378043,0.484000000000006,0.5005170630817022,32682000.0,31464677.0,腾讯日K,2026-08-07T17:30:13,20260926T093659
512800,华宝银行ETF,SSE,2019-02-01,0.969,0.971,0.959,0.969,0.485000000000006,0.48600103199175004,0.47999484004128556,0.485000000000006,0.5005159958720392,29662500.0,28618165.0,腾讯日K,2026-08-07T17:30:13,20260926T093659
512800,华宝银行ETF,SSE,2019-02-11,0.965,0.97,0.96,0.969,0.4829979360165178,0.485500515995878,0.48049535603715765,0.485000000000006,0.5005159958720392,29989800.0,28940498.0,腾讯日K,2026-08-07T17:30:13,20260926T093659
512800,华宝银行ETF,SSE,2019-02-12,0.969,0.97,0.962,0.969,0.485000000000006,0.485500515995878,0.4814963880289017,0.485000000000006,0.5005159958720392,31939900.0,30880656.0,腾讯日K,2026-08-07T17:30:13,20260926T093659
512800,华宝银行ETF,SSE,2019-02-13,0.968,0.986,0.964,0.983,0.4844923702950211,0.49350152594100294,0.48249033570702515,0.492000000000006,0.5005086469989888,54899500.0,53465285.0,腾讯日K,2026-08-07T17:30:13,20260926T093659
512800,华宝银行ETF,SSE,2019-02-14,0.978,0.981,0.973,0.976,0.489000000000006,0.490500000000006,0.4865000000000059,0.48800000000000593,0.5000000000000061,36987800.0,36117939.0,腾讯日K,2026-08-07T17:30:13,20260926T093659
512800,华宝银行ETF,SSE,2019-02-15,0.973,0.974,0.956,0.958,0.4865000000000059,0.48700000000000593,0.4780000000000058,0.4790000000000058,0.5000000000000061,53637900.0,51691748.0,腾讯日K,2026-08-07T17:30:13,20260926T093659
512800,华宝银行ETF,SSE,2019-02-18,0.962,0.978,0.962,0.977,0.4814923234391051,0.4895005117707326,0.4814923234391051,0.48900000000000593,0.5005117707267205,53381200.0,51867049.0,腾讯日K,2026-08-07T17:30:13,20260926T093659
512800,华宝银行ETF,SSE,2019-02-19,0.978,0.99,0.972,0.975,0.4895015384615444,0.49550769230769837,0.4864984615384675,0.48800000000000593,0.5005128205128266,64645800.0,63254839.0,腾讯日K,2026-08-07T17:30:13,20260926T093659
512800,华宝银行ETF,SSE,2019-02-20,0.978,0.982,0.972,0.979,0.4894994892747762,0.49150153217569553,0.48649642492339723,0.490000000000006,0.5005107252298325,32954100.0,32197140.0,腾讯日K,2026-08-07T17:30:13,20260926T093659
512800,华宝银行ETF,SSE,2019-02-21,0.977,0.985,0.97,0.972,0.48850000000000593,0.492500000000006,0.4850000000000059,0.4860000000000059,0.5000000000000061,57373600.0,56074051.0,腾讯日K,2026-08-07T17:30:13,20260926T093659
512800,华宝银行ETF,SSE,2019-02-22,0.97,0.987,0.963,0.985,0.485492385786808,0.4940010152284324,0.48198883248731555,0.493000000000006,0.5005076142132041,131807200.0,128624701.0,腾讯日K,2026-08-07T17:30:13,20260926T093659
512800,华宝银行ETF,SSE,2019-02-25,0.995,1.057,0.989,1.049,0.4979742612011501,0.5290038131553926,0.49497140133461054,0.5250000000000065,0.5004766444232664,298380500.0,305334742.0,腾讯日K,2026-08-07T17:30:13,20260926T093659
512800,华宝银行ETF,SSE,2019-02-26,1.048,1.055,1.025,1.027,0.5245102239532684,0.5280136319376891,0.5129990262901718,0.5140000000000063,0.5004868549172409,274889900.0,285427647.0,腾讯日K,2026-08-07T17:30:13,20260926T093659
512800,华宝银行ETF,SSE,2019-02-27,1.028,1.064,1.025,1.042,0.5140000000000063,0.5320000000000066,0.5125000000000062,0.5210000000000063,0.5000000000000061,251450000.0,262659610.0,腾讯日K,2026-08-07T17:30:13,20260926T093659
512800,华宝银行ETF,SSE,2019-02-28,1.039,1.051,1.033,1.036,0.5195000000000063,0.5255000000000064,0.5165000000000063,0.5180000000000063,0.5000000000000061,117628800.0,122462086.0,腾讯日K,2026-08-07T17:30:13,20260926T093659
512800,华宝银行ETF,SSE,2019-03-01,1.042,1.071,1.03,1.07,0.5210000000000063,0.5355000000000065,0.5150000000000063,0.5350000000000066,0.5000000000000061,168282900.0,177077517.0,腾讯日K,2026-08-07T17:30:13,20260926T093659
512800,华宝银行ETF,SSE,2019-03-04,1.076,1.106,1.071,1.076,0.5380000000000066,0.5530000000000068,0.5355000000000065,0.5380000000000066,0.5000000000000061,267939500.0,290435069.0,腾讯日K,2026-08-07T17:30:13,20260926T093659
512800,华宝银行ETF,SSE,2019-03-05,1.07,1.079,1.067,1.073,0.5354986020503328,0.5400027958993543,0.533997204100659,0.5370000000000066,0.5004659832246101,108151500.0,115798273.0,腾讯日K,2026-08-07T17:30:13,20260926T093659
512800,华宝银行ETF,SSE,2019-03-06,1.072,1.084,1.062,1.079,0.5364967562557991,0.542502316960155,0.5314921223355025,0.5400000000000067,0.5004633920296633,113671700.0,122046513.0,腾讯日K,2026-08-07T17:30:13,20260926T093659
512800,华宝银行ETF,SSE,2019-03-07,1.076,1.076,1.057,1.061,0.5385070688030227,0.5385070688030227,0.5289981149858689,0.5310000000000066,0.5004712535344077,210765900.0,224307162.0,腾讯日K,2026-08-07T17:30:13,20260926T093659
512800,华宝银行ETF,SSE,2019-03-08,1.04,1.046,1.017,1.02,0.5200000000000063,0.5230000000000065,0.5085000000000062,0.5100000000000062,0.5000000000000061,179260700.0,185216285.0,腾讯日K,2026-08-07T17:30:13,20260926T093659
512800,华宝银行ETF,SSE,2019-03-11,1.018,1.027,1.011,1.025,0.5094965853658598,0.5140009756097623,0.5059931707317135,0.5130000000000062,0.5004878048780549,107523100.0,109532041.0,腾讯日K,2026-08-07T17:30:13,20260926T093659
512800,华宝银行ETF,SSE,2019-03-12,1.031,1.042,1.023,1.028,0.5155000000000063,0.5210000000000063,0.5115000000000062,0.5140000000000063,0.5000000000000061,154386000.0,159578607.0,腾讯日K,2026-08-07T17:30:13,20260926T093659
512800,华宝银行ETF,SSE,2019-03-13,1.026,1.038,1.017,1.028,0.5130000000000062,0.5190000000000063,0.5085000000000062,0.5140000000000063,0.5000000000000061,164605300.0,168887495.0,腾讯日K,2026-08-07T17:30:13,20260926T093659
512800,华宝银行ETF,SSE,2019-03-14,1.026,1.04,1.024,1.027,0.5134995131450891,0.5205063291139306,0.5124985394352547,0.5140000000000063,0.5004868549172409,84012200.0,86630729.0,腾讯日K,2026-08-07T17:30:13,20260926T093659
512800,华宝银行ETF,SSE,2019-03-15,1.03,1.042,1.027,1.033,0.5154985479186899,0.5215043562439561,0.5139970958373732,0.5170000000000063,0.5004840271055241,166434900.0,172111755.0,腾讯日K,2026-08-07T17:30:13,20260926T093659
512800,华宝银行ETF,SSE,2019-03-18,1.032,1.052,1.028,1.051,0.5164909609895402,0.5265004757373994,0.5144890580399683,0.5260000000000065,0.5004757373929652,139880500.0,145473971.0,腾讯日K,2026-08-07T17:30:13,20260926T093659
512800,华宝银行ETF,SSE,2019-03-19,1.052,1.054,1.04,1.043,0.5265043144774754,0.5275052732502463,0.5204985618408502,0.5220000000000065,0.5004793863854329,92962600.0,97204889.0,腾讯日K,2026-08-07T17:30:13,20260926T093659
512800,华宝银行ETF,SSE,2019-03-20,1.04,1.051,1.038,1.044,0.5200000000000065,0.5255000000000065,0.5190000000000065,0.5220000000000065,0.5000000000000062,83956500.0,87623186.0,腾讯日K,2026-08-07T17:30:13,20260926T093659
512800,华宝银行ETF,SSE,2019-03-21,1.045,1.045,1.038,1.04,0.5225000000000063,0.5225000000000063,0.5190000000000063,0.5200000000000063,0.5000000000000061,88535800.0,92201160.0,腾讯日K,2026-08-07T17:30:13,20260926T093659
512800,华宝银行ETF,SSE,2019-03-22,1.039,1.04,1.026,1.035,0.5200019323671561,0.5205024154589436,0.5134956521739193,0.5180000000000063,0.5004830917874458,147475500.0,152073797.0,腾讯日K,2026-08-07T17:30:13,20260926T093659
512800,华宝银行ETF,SSE,2019-03-25,1.021,1.028,1.009,1.011,0.5110049455984237,0.514508407517316,0.5049990108803227,0.5060000000000062,0.5004945598417471,118892400.0,121248616.0,腾讯日K,2026-08-07T17:30:13,20260926T093659
512800,华宝银行ETF,SSE,2019-03-26,1.014,1.016,1.003,1.006,0.5070000000000062,0.5080000000000062,0.501500000000006,0.5030000000000061,0.5000000000000061,57482000.0,57960703.0,腾讯日K,2026-08-07T17:30:13,20260926T093659
512800,华宝银行ETF,SSE,2019-03-27,1.01,1.021,1.007,1.015,0.505497536945819,0.5110029556650308,0.5039960591133066,0.5080000000000062,0.5004926108374446,71582100.0,72642990.0,腾讯日K,2026-08-07T17:30:13,20260926T093659
512800,华宝银行ETF,SSE,2019-03-28,1.013,1.014,1.003,1.008,0.5065000000000062,0.5070000000000062,0.501500000000006,0.5040000000000061,0.5000000000000061,74434900.0,74977190.0,腾讯日K,2026-08-07T17:30:13,20260926T093659
512800,华宝银行ETF,SSE,2019-03-29,1.01,1.04,1.008,1.039,0.505486044273346,0.5205004812319602,0.5044850818094384,0.5200000000000063,0.5004812319538079,170713100.0,175785046.0,腾讯日K,2026-08-07T17:30:13,20260926T093659
512800,华宝银行ETF,SSE,2019-04-01,1.043,1.065,1.043,1.057,0.52199337748345,0.5330037842951815,0.52199337748345,0.5290000000000065,0.500473036896884,163076400.0,172383459.0,腾讯日K,2026-08-07T17:30:13,20260926T093659
512800,华宝银行ETF,SSE,2019-04-02,1.062,1.067,1.056,1.059,0.5315014164306014,0.5340037771482595,0.5284985835694116,0.5300000000000065,0.5004721435316397,108024100.0,114571405.0,腾讯日K,2026-08-07T17:30:13,20260926T093659
512800,华宝银行ETF,SSE,2019-04-03,1.048,1.07,1.045,1.069,0.5244901777362087,0.5355004677268542,0.522988774555666,0.5350000000000066,0.5004677268475273,130818900.0,138598496.0,腾讯日K,2026-08-07T17:30:13,20260926T093659
512800,华宝银行ETF,SSE,2019-04-04,1.07,1.09,1.069,1.086,0.5350000000000066,0.5450000000000067,0.5345000000000065,0.5430000000000067,0.5000000000000061,181616200.0,196492239.0,腾讯日K,2026-08-07T17:30:13,20260926T093659
512800,华宝银行ETF,SSE,2019-04-08,1.1,1.118,1.084,1.092,0.5500000000000068,0.5590000000000068,0.5420000000000067,0.5460000000000067,0.5000000000000061,274006500.0,301987524.0,腾讯日K,2026-08-07T17:30:13,20260926T093659
512800,华宝银行ETF,SSE,2019-04-09,1.09,1.094,1.078,1.083,0.5455032317636264,0.5475050784856947,0.5394976915974213,0.5420000000000067,0.5004616805170884,140754300.0,152804557.0,腾讯日K,2026-08-07T17:30:13,20260926T093659
512800,华宝银行ETF,SSE,2019-04-10,1.079,1.084,1.066,1.078,0.5395000000000065,0.5420000000000067,0.5330000000000066,0.5390000000000066,0.5000000000000061,166306500.0,178800719.0,腾讯日K,2026-08-07T17:30:13,20260926T093659
512800,华宝银行ETF,SSE,2019-04-11,1.078,1.088,1.066,1.068,0.5390000000000066,0.5440000000000067,0.5330000000000066,0.5340000000000066,0.5000000000000061,99989900.0,107618423.0,腾讯日K,2026-08-07T17:30:13,20260926T093659
512800,华宝银行ETF,SSE,2019-04-12,1.067,1.073,1.065,1.072,0.5335000000000065,0.5365000000000065,0.5325000000000065,0.5360000000000066,0.5000000000000061,52452400.0,56023357.0,腾讯日K,2026-08-07T17:30:13,20260926T093659
512800,华宝银行ETF,SSE,2019-04-15,1.1,1.106,1.074,1.076,0.5500000000000068,0.5530000000000068,0.5370000000000066,0.5380000000000066,0.5000000000000061,183404800.0,200464293.0,腾讯日K,2026-08-07T17:30:13,20260926T093659
512800,华宝银行ETF,SSE,2019-04-16,1.068,1.12,1.068,1.118,0.5340000000000066,0.5600000000000069,0.5340000000000066,0.5590000000000069,0.5000000000000061,242092800.0,266825835.0,腾讯日K,2026-08-07T17:30:13,20260926T093659
512800,华宝银行ETF,SSE,2019-04-17,1.116,1.127,1.107,1.112,0.5580000000000068,0.5635000000000069,0.5535000000000068,0.5560000000000068,0.5000000000000061,151500000.0,168892057.0,腾讯日K,2026-08-07T17:30:13,20260926T093659
512800,华宝银行ETF,SSE,2019-04-18,1.112,1.112,1.099,1.103,0.5565040797824186,0.5565040797824186,0.5499981867633794,0.5520000000000068,0.5004533091568512,144803300.0,159882997.0,腾讯日K,2026-08-07T17:30:13,20260926T093659
512800,华宝银行ETF,SSE,2019-04-19,1.105,1.119,1.1,1.113,0.5529964061096204,0.5600026954177967,0.550494159928129,0.5570000000000068,0.5004492362982991,96269900.0,106819687.0,腾讯日K,2026-08-07T17:30:13,20260926T093659
512800,华宝银行ETF,SSE,2019-04-22,1.114,1.115,1.079,1.082,0.5570000000000068,0.5575000000000068,0.5395000000000065,0.5410000000000067,0.5000000000000061,130935700.0,143240358.0,腾讯日K,2026-08-07T17:30:13,20260926T093659
512800,华宝银行ETF,SSE,2019-04-23,1.079,1.091,1.074,1.083,0.5399981532779383,0.5460036934441435,0.537495844875353,0.5420000000000067,0.5004616805170884,78633700.0,85240379.0,腾讯日K,2026-08-07T17:30:13,20260926T093659
512800,华宝银行ETF,SSE,2019-04-24,1.086,1.092,1.07,1.087,0.543499540018406,0.5465022999080105,0.5354921803127941,0.5440000000000067,0.5004599816007421,66307000.0,71828945.0,腾讯日K,2026-08-07T17:30:13,20260926T093659
512800,华宝银行ETF,SSE,2019-04-25,1.082,1.086,1.072,1.074,0.5410000000000067,0.5430000000000067,0.5360000000000066,0.5370000000000066,0.5000000000000061,73952900.0,79859583.0,腾讯日K,2026-08-07T17:30:13,20260926T093659
512800,华宝银行ETF,SSE,2019-04-26,1.07,1.073,1.056,1.058,0.5350000000000066,0.5365000000000065,0.5280000000000065,0.5290000000000065,0.5000000000000061,75735400.0,80498431.0,腾讯日K,2026-08-07T17:30:13,20260926T093659
512800,华宝银行ETF,SSE,2019-04-29,1.061,1.083,1.06,1.074,0.5305000000000064,0.5415000000000066,0.5300000000000065,0.5370000000000066,0.5000000000000061,110578300.0,118530147.0,腾讯日K,2026-08-07T17:30:13,20260926T093659
512800,华宝银行ETF,SSE,2019-04-30,1.072,1.081,1.064,1.079,0.5364967562557991,0.541000926784066,0.5324930491195617,0.5400000000000067,0.5004633920296633,62925000.0,67657531.0,腾讯日K,2026-08-07T17:30:13,20260926T093659
512800,华宝银行ETF,SSE,2019-05-06,1.052,1.058,1.03,1.048,0.5260000000000065,0.5290000000000065,0.5150000000000063,0.5240000000000065,0.5000000000000061,150462800.0,157224091.0,腾讯日K,2026-08-07T17:30:13,20260926T093659
512800,华宝银行ETF,SSE,2019-05-07,1.055,1.056,1.038,1.047,0.528003820439357,0.5285042979942759,0.5194957020057371,0.5240000000000065,0.5004775549188218,82325200.0,86043884.0,腾讯日K,2026-08-07T17:30:13,20260926T093659
512800,华宝银行ETF,SSE,2019-05-08,1.034,1.042,1.029,1.031,0.5175014548981636,0.5215053346265827,0.5149990300679016,0.5160000000000063,0.5004849660523826,57187600.0,59117028.0,腾讯日K,2026-08-07T17:30:13,20260926T093659
512800,华宝银行ETF,SSE,2019-05-09,1.028,1.03,1.006,1.009,0.5145094152626426,0.5155104063429201,0.50349851337959,0.5050000000000062,0.5004955401387574,61447300.0,62395715.0,腾讯日K,2026-08-07T17:30:13,20260926T093659
512800,华宝银行ETF,SSE,2019-05-10,1.019,1.037,1.01,1.031,0.5099941804073778,0.5190029097963207,0.5054898157129064,0.5160000000000063,0.5004849660523826,107815700.0,110639476.0,腾讯日K,2026-08-07T17:30:13,20260926T093659
512800,华宝银行ETF,SSE,2019-05-13,1.02,1.023,1.015,1.016,0.5100000000000062,0.5115000000000062,0.5075000000000062,0.5080000000000062,0.5000000000000061,47772200.0,48645712.0,腾讯日K,2026-08-07T17:30:13,20260926T093659
512800,华宝银行ETF,SSE,2019-05-14,1.01,1.022,1.008,1.013,0.5054985192497595,0.5115044422507468,0.5044975320829282,0.5070000000000062,0.5004935834156035,47917100.0,48714789.0,腾讯日K,2026-08-07T17:30:13,20260926T093659
512800,华宝银行ETF,SSE,2019-05-15,1.017,1.034,1.017,1.03,0.5085000000000062,0.5170000000000063,0.5085000000000062,0.5150000000000063,0.5000000000000061,67114500.0,68688538.0,腾讯日K,2026-08-07T17:30:13,20260926T093659
512800,华宝银行ETF,SSE,2019-05-16,1.025,1.031,1.025,1.03,0.5125000000000062,0.5155000000000063,0.5125000000000062,0.5150000000000063,0.5000000000000061,34366700.0,35322681.0,腾讯日K,2026-08-07T17:30:13,20260926T093659
512800,华宝银行ETF,SSE,2019-05-17,1.03,1.031,1.014,1.017,0.5155063913471057,0.5160068829891903,0.5074985250737526,0.5090000000000062,0.5004916420845686,60227000.0,61530010.0,腾讯日K,2026-08-07T17:30:13,20260926T093659
512800,华宝银行ETF,SSE,2019-05-20,1.013,1.024,1.012,1.018,0.5065000000000062,0.5120000000000062,0.5060000000000062,0.5090000000000062,0.5000000000000061,68048800.0,69165418.0,腾讯日K,2026-08-07T17:30:13,20260926T093659
512800,华宝银行ETF,SSE,2019-05-21,1.018,1.033,1.016,1.026,0.5090000000000062,0.5165000000000063,0.5080000000000062,0.5130000000000062,0.5000000000000061,45531600.0,46738264.0,腾讯日K,2026-08-07T17:30:13,20260926T093659
512800,华宝银行ETF,SSE,2019-05-22,1.027,1.027,1.019,1.022,0.5135000000000062,0.5135000000000062,0.5095000000000062,0.5110000000000062,0.5000000000000061,32514100.0,33244234.0,腾讯日K,2026-08-07T17:30:13,20260926T093659
512800,华宝银行ETF,SSE,2019-05-23,1.022,1.023,1.01,1.016,0.5110000000000062,0.5115000000000062,0.5050000000000062,0.5080000000000062,0.5000000000000061,45824400.0,46530118.0,腾讯日K,2026-08-07T17:30:13,20260926T093659
512800,华宝银行ETF,SSE,2019-05-24,1.017,1.027,1.017,1.023,0.5089970674486866,0.5140019550342193,0.5089970674486866,0.5120000000000062,0.5004887585532808,43401100.0,44389460.0,腾讯日K,2026-08-07T17:30:13,20260926T093659
512800,华宝银行ETF,SSE,2019-05-27,1.021,1.027,1.007,1.026,0.5105000000000062,0.5135000000000062,0.503500000000006,0.5130000000000062,0.5000000000000061,90278200.0,91679888.0,腾讯日K,2026-08-07T17:30:13,20260926T093659
512800,华宝银行ETF,SSE,2019-05-28,1.021,1.032,1.02,1.026,0.5105000000000062,0.5160000000000063,0.5100000000000062,0.5130000000000062,0.5000000000000061,94869000.0,97574554.0,腾讯日K,2026-08-07T17:30:13,20260926T093659
512800,华宝银行ETF,SSE,2019-05-29,1.024,1.031,1.019,1.023,0.5125004887585596,0.5160039100684325,0.509998044965793,0.5120000000000062,0.5004887585532808,41244600.0,42246612.0,腾讯日K,2026-08-07T17:30:13,20260926T093659
512800,华宝银行ETF,SSE,2019-05-30,1.021,1.023,1.014,1.022,0.5105000000000062,0.5115000000000062,0.5070000000000062,0.5110000000000062,0.5000000000000061,35018400.0,35666243.0,腾讯日K,2026-08-07T17:30:13,20260926T093659
512800,华宝银行ETF,SSE,2019-05-31,1.02,1.027,1.017,1.019,0.5105004906771408,0.5140039254170818,0.5089990186457374,0.5100000000000062,0.5004906771344517,51667700.0,52749172.0,腾讯日K,2026-08-07T17:30:13,20260926T093659
512800,华宝银行ETF,SSE,2019-06-03,1.018,1.027,1.014,1.021,0.509498530852112,0.5140029382957947,0.507496571988253,0.5110000000000062,0.5004897159647466,50618500.0,51613713.0,腾讯日K,2026-08-07T17:30:13,20260926T093659
512800,华宝银行ETF,SSE,2019-06-04,1.02,1.023,1.016,1.021,0.5104995102840415,0.5120009794319357,0.5084975514201825,0.5110000000000062,0.5004897159647466,26887700.0,27405175.0,腾讯日K,2026-08-07T17:30:13,20260926T093659
512800,华宝银行ETF,SSE,2019-06-05,1.025,1.032,1.024,1.027,0.5129990262901718,0.5165024342745926,0.5124985394352547,0.5140000000000063,0.5004868549172409,51245100.0,52660376.0,腾讯日K,2026-08-07T17:30:13,20260926T093659
512800,华宝银行ETF,SSE,2019-06-06,1.025,1.029,1.021,1.025,0.5130000000000062,0.5150019512195184,0.510998048780494,0.5130000000000062,0.5004878048780549,25276600.0,25921075.0,腾讯日K,2026-08-07T17:30:13,20260926T093659
512800,华宝银行ETF,SSE,2019-06-10,1.027,1.044,1.027,1.04,0.5135000000000062,0.5220000000000063,0.5135000000000062,0.5200000000000063,0.5000000000000061,72142700.0,74884547.0,腾讯日K,2026-08-07T17:30:13,20260926T093659
512800,华宝银行ETF,SSE,2019-06-11,1.046,1.053,1.039,1.053,0.5234966761633493,0.5270000000000065,0.519993352326692,0.5270000000000065,0.5004748338081733,69780300.0,73120640.0,腾讯日K,2026-08-07T17:30:13,20260926T093659
512800,华宝银行ETF,SSE,2019-06-12,1.05,1.053,1.044,1.05,0.5250000000000065,0.5265000000000064,0.5220000000000063,0.5250000000000065,0.5000000000000061,40855800.0,42838004.0,腾讯日K,2026-08-07T17:30:13,20260926T093659
512800,华宝银行ETF,SSE,2019-06-13,1.049,1.052,1.041,1.047,0.5250009551098441,0.5265023877746006,0.5209971346704935,0.5240000000000065,0.5004775549188218,41575000.0,43538394.0,腾讯日K,2026-08-07T17:30:13,20260926T093659
512800,华宝银行ETF,SSE,2019-06-14,1.047,1.052,1.043,1.044,0.5235000000000065,0.5260000000000066,0.5215000000000064,0.5220000000000065,0.5000000000000062,26383800.0,27643668.0,腾讯日K,2026-08-07T17:30:13,20260926T093659
512800,华宝银行ETF,SSE,2019-06-17,1.045,1.057,1.044,1.051,0.5229971455756487,0.5290028544243642,0.5224966698382557,0.5260000000000065,0.5004757373929652,34961500.0,36798777.0,腾讯日K,2026-08-07T17:30:13,20260926T093659
512800,华宝银行ETF,SSE,2019-06-18,1.053,1.056,1.048,1.055,0.5269990521327079,0.5285004739336558,0.5244966824644615,0.5280000000000065,0.5004739336492953,33411100.0,35157488.0,腾讯日K,2026-08-07T17:30:13,20260926T093659
512800,华宝银行ETF,SSE,2019-06-19,1.07,1.076,1.066,1.069,0.5355004677268542,0.5385032740879394,0.5334985968194641,0.5350000000000066,0.5004677268475273,130028500.0,139287520.0,腾讯日K,2026-08-07T17:30:13,20260926T093659
512800,华宝银行ETF,SSE,2019-06-20,1.07,1.102,1.068,1.096,0.5350000000000066,0.5510000000000068,0.5340000000000066,0.5480000000000067,0.5000000000000061,180988100.0,196203421.0,腾讯日K,2026-08-07T17:30:13,20260926T093659
512800,华宝银行ETF,SSE,2019-06-21,1.097,1.097,1.084,1.089,0.5490036730945889,0.5490036730945889,0.5424977043158928,0.5450000000000067,0.5004591368227793,126424300.0,137695876.0,腾讯日K,2026-08-07T17:30:13,20260926T093659
512800,华宝银行ETF,SSE,2019-06-24,1.086,1.088,1.081,1.086,0.5430000000000067,0.5440000000000067,0.5405000000000065,0.5430000000000067,0.5000000000000061,98137900.0,106321199.0,腾讯日K,2026-08-07T17:30:13,20260926T093659
512800,华宝银行ETF,SSE,2019-06-25,1.085,1.085,1.052,1.064,0.5425000000000066,0.5425000000000066,0.5260000000000065,0.5320000000000066,0.5000000000000061,146147100.0,155535742.0,腾讯日K,2026-08-07T17:30:13,20260926T093659
512800,华宝银行ETF,SSE,2019-06-26,1.058,1.065,1.056,1.06,0.5290000000000065,0.5325000000000065,0.5280000000000065,0.5300000000000065,0.5000000000000061,93378800.0,99097393.0,腾讯日K,2026-08-07T17:30:13,20260926T093659
512800,华宝银行ETF,SSE,2019-06-27,1.061,1.074,1.061,1.072,0.5305000000000064,0.5370000000000066,0.5305000000000064,0.5360000000000066,0.5000000000000061,90760000.0,97157903.0,腾讯日K,2026-08-07T17:30:13,20260926T093659
512800,华宝银行ETF,SSE,2019-06-28,1.07,1.07,1.06,1.067,0.5355014058106908,0.5355014058106908,0.5304967197750768,0.5340000000000066,0.5004686035613932,59536500.0,63362776.0,腾讯日K,2026-08-07T17:30:13,20260926T093659
512800,华宝银行ETF,SSE,2019-07-01,1.082,1.085,1.077,1.082,0.5410000000000067,0.5425000000000066,0.5385000000000065,0.5410000000000067,0.5000000000000061,114688000.0,123977340.0,腾讯日K,2026-08-07T17:30:13,20260926T093659
512800,华宝银行ETF,SSE,2019-07-02,1.079,1.083,1.074,1.078,0.5395000000000065,0.5415000000000066,0.5370000000000066,0.5390000000000066,0.5000000000000061,69576900.0,75000176.0,腾讯日K,2026-08-07T17:30:13,20260926T093659
512800,华宝银行ETF,SSE,2019-07-03,1.078,1.078,1.072,1.077,0.53950046425256,0.53950046425256,0.5364976787372397,0.5390000000000066,0.5004642525533952,52734500.0,56721130.0,腾讯日K,2026-08-07T17:30:13,20260926T093659
512800,华宝银行ETF,SSE,2019-07-04,1.078,1.083,1.074,1.077,0.53950046425256,0.542002785515327,0.5374986072423465,0.5390000000000066,0.5004642525533952,49728400.0,53638461.0,腾讯日K,2026-08-07T17:30:13,20260926T093659
512800,华宝银行ETF,SSE,2019-07-05,1.077,1.078,1.071,1.078,0.5385000000000065,0.5390000000000066,0.5355000000000065,0.5390000000000066,0.5000000000000061,45556800.0,48956123.0,腾讯日K,2026-08-07T17:30:13,20260926T093659
512800,华宝银行ETF,SSE,2019-07-08,1.075,1.076,1.053,1.057,0.5380085146641503,0.5385089877010473,0.5269981078524189,0.5290000000000065,0.500473036896884,70379300.0,74530290.0,腾讯日K,2026-08-07T17:30:13,20260926T093659
512800,华宝银行ETF,SSE,2019-07-09,1.056,1.059,1.05,1.052,0.5280000000000065,0.5295000000000064,0.5250000000000065,0.5260000000000065,0.5000000000000061,52053000.0,54832628.0,腾讯日K,2026-08-07T17:30:13,20260926T093659
512800,华宝银行ETF,SSE,2019-07-10,1.054,1.057,1.045,1.049,0.5275023832221228,0.5290038131553926,0.5229980934223134,0.5250000000000065,0.5004766444232664,46019100.0,48329515.0,腾讯日K,2026-08-07T17:30:13,20260926T093659
512800,华宝银行ETF,SSE,2019-07-11,1.05,1.058,1.049,1.053,0.5254985754985819,0.5295023741690473,0.5249981006647737,0.5270000000000064,0.5004748338081733,56112100.0,59155026.0,腾讯日K,2026-08-07T17:30:13,20260926T093659
512800,华宝银行ETF,SSE,2019-07-12,1.054,1.071,1.053,1.067,0.5274939081537082,0.5360018744142518,0.5269934395501468,0.5340000000000064,0.500468603561393,61505600.0,65402939.0,腾讯日K,2026-08-07T17:30:13,20260926T093659
512800,华宝银行ETF,SSE,2019-07-15,1.063,1.071,1.051,1.068,0.5315000000000062,0.5355000000000063,0.5255000000000062,0.5340000000000064,0.5000000000000059,64217300.0,68203392.0,腾讯日K,2026-08-07T17:30:13,20260926T093659
512800,华宝银行ETF,SSE,2019-07-16,1.066,1.067,1.062,1.062,0.5330000000000065,0.5335000000000064,0.5310000000000064,0.5310000000000064,0.500000000000006,47115700.0,50122157.0,腾讯日K,2026-08-07T17:30:13,20260926T093659
512800,华宝银行ETF,SSE,2019-07-17,1.061,1.064,1.058,1.059,0.5310009442870695,0.5325023607176644,0.5294995278564746,0.5300000000000062,0.5004721435316395,51246700.0,54378617.0,腾讯日K,2026-08-07T17:30:13,20260926T093659
512800,华宝银行ETF,SSE,2019-07-18,1.057,1.061,1.056,1.06,0.5285000000000062,0.5305000000000062,0.5280000000000062,0.5300000000000062,0.5000000000000059,41256900.0,43679007.0,腾讯日K,2026-08-07T17:30:13,20260926T093659
512800,华宝银行ETF,SSE,2019-07-19,1.061,1.075,1.06,1.074,0.5305000000000062,0.5375000000000063,0.5300000000000062,0.5370000000000064,0.5000000000000059,61036500.0,65288746.0,腾讯日K,2026-08-07T17:30:13,20260926T093659
512800,华宝银行ETF,SSE,2019-07-22,1.072,1.077,1.064,1.071,0.5365004668534145,0.5390028011204546,0.5324967320261502,0.5360000000000064,0.5004668534080359,60928200.0,65347162.0,腾讯日K,2026-08-07T17:30:13,20260926T093659
512800,华宝银行ETF,SSE,2019-07-23,1.071,1.073,1.067,1.071,0.5360000000000064,0.5370009337068224,0.5339981325863743,0.5360000000000064,0.5004668534080359,46975100.0,50273621.0,腾讯日K,2026-08-07T17:30:13,20260926T093659
512800,华宝银行ETF,SSE,2019-07-24,1.073,1.085,1.073,1.077,0.5369981429897928,0.5430037140204336,0.5369981429897928,0.5390000000000064,0.500464252553395,74471600.0,80359034.0,腾讯日K,2026-08-07T17:30:13,20260926T093659
512800,华宝银行ETF,SSE,2019-07-25,1.078,1.095,1.077,1.094,0.5390000000000064,0.5475000000000064,0.5385000000000063,0.5470000000000065,0.5000000000000059,71119100.0,77375438.0,腾讯日K,2026-08-07T17:30:13,20260926T093659
512800,华宝银行ETF,SSE,2019-07-26,1.09,1.096,1.088,1.092,0.5450000000000065,0.5480000000000065,0.5440000000000065,0.5460000000000065,0.5000000000000059,56751800.0,61961728.0,腾讯日K,2026-08-07T17:30:13,20260926T093659
512800,华宝银行ETF,SSE,2019-07-29,1.091,1.093,1.087,1.093,0.5459990850869233,0.5470000000000065,0.5439972552607567,0.5470000000000065,0.5004574565416345,42745800.0,46598412.0,腾讯日K,2026-08-07T17:30:13,20260926T093659
512800,华宝银行ETF,SSE,2019-07-30,1.092,1.104,1.09,1.098,0.5460000000000066,0.5520000000000067,0.5450000000000066,0.5490000000000066,0.500000000000006,50275100.0,55204261.0,腾讯日K,2026-08-07T17:30:13,20260926T093659
512800,华宝银行ETF,SSE,2019-07-31,1.094,1.094,1.086,1.087,0.5475032198712116,0.5475032198712116,0.5434995400184057,0.5440000000000065,0.5004599816007419,47229800.0,51450700.0,腾讯日K,2026-08-07T17:30:13,20260926T093659
512800,华宝银行ETF,SSE,2019-08-01,1.084,1.087,1.074,1.081,0.542501387604077,0.5440027752081472,0.5374967622571758,0.5410000000000065,0.5004625346901078,48331300.0,52213191.0,腾讯日K,2026-08-07T17:30:13,20260926T093659
512800,华宝银行ETF,SSE,2019-08-02,1.068,1.071,1.063,1.068,0.5340000000000064,0.5355000000000063,0.5315000000000062,0.5340000000000064,0.5000000000000059,55850500.0,59543521.0,腾讯日K,2026-08-07T17:30:13,20260926T093659
512800,华宝银行ETF,SSE,2019-08-05,1.067,1.067,1.046,1.047,0.5340095510983827,0.5340095510983827,0.5234995224450875,0.5240000000000062,0.5004775549188216,86491000.0,91252712.0,腾讯日K,2026-08-07T17:30:13,20260926T093659
512800,华宝银行ETF,SSE,2019-08-06,1.035,1.041,1.029,1.037,0.5179990356798517,0.5210019286403147,0.5149961427193889,0.5190000000000061,0.5004821600771515,112263300.0,116107719.0,腾讯日K,2026-08-07T17:30:13,20260926T093659
512800,华宝银行ETF,SSE,2019-08-07,1.039,1.04,1.032,1.035,0.5200019323671559,0.5205024154589434,0.5164985507246438,0.5180000000000061,0.5004830917874455,54338400.0,56297305.0,腾讯日K,2026-08-07T17:30:13,20260926T093659
512800,华宝银行ETF,SSE,2019-08-08,1.039,1.054,1.039,1.052,0.5195000000000061,0.5270000000000062,0.5195000000000061,0.5260000000000062,0.5000000000000059,59162200.0,61933014.0,腾讯日K,2026-08-07T17:30:13,20260926T093659
512800,华宝银行ETF,SSE,2019-08-09,1.052,1.057,1.046,1.05,0.5260000000000062,0.5285000000000062,0.5230000000000061,0.5250000000000062,0.5000000000000059,44459300.0,46706213.0,腾讯日K,2026-08-07T17:30:13,20260926T093659
512800,华宝银行ETF,SSE,2019-08-12,1.049,1.064,1.048,1.064,0.5245000000000063,0.5320000000000064,0.5240000000000063,0.5320000000000064,0.500000000000006,61009800.0,64396209.0,腾讯日K,2026-08-07T17:30:13,20260926T093659
512800,华宝银行ETF,SSE,2019-08-13,1.059,1.059,1.048,1.05,0.5295000000000062,0.5295000000000062,0.5240000000000062,0.5250000000000062,0.5000000000000059,44297400.0,46523280.0,腾讯日K,2026-08-07T17:30:13,20260926T093659
512800,华宝银行ETF,SSE,2019-08-14,1.058,1.06,1.046,1.048,0.5290000000000062,0.5300000000000062,0.5230000000000061,0.5240000000000062,0.5000000000000059,62500400.0,65647160.0,腾讯日K,2026-08-07T17:30:13,20260926T093659
512800,华宝银行ETF,SSE,2019-08-15,1.036,1.047,1.031,1.047,0.5184947468958993,0.5240000000000062,0.515992359121305,0.5240000000000062,0.5004775549188216,52654300.0,54817953.0,腾讯日K,2026-08-07T17:30:13,20260926T093659
512800,华宝银行ETF,SSE,2019-08-16,1.046,1.049,1.04,1.045,0.5235004784689058,0.5250019138756044,0.5204976076555087,0.5230000000000062,0.5004784688995275,85038000.0,88946402.0,腾讯日K,2026-08-07T17:30:13,20260926T093659
512800,华宝银行ETF,SSE,2019-08-19,1.045,1.05,1.029,1.05,0.5225000000000061,0.5250000000000062,0.5145000000000061,0.5250000000000062,0.5000000000000059,157919400.0,164143612.0,腾讯日K,2026-08-07T17:30:13,20260926T093659
512800,华宝银行ETF,SSE,2019-08-20,1.046,1.053,1.041,1.048,0.5230000000000061,0.5265000000000062,0.5205000000000061,0.5240000000000062,0.5000000000000059,98580200.0,103146313.0,腾讯日K,2026-08-07T17:30:13,20260926T093659
512800,华宝银行ETF,SSE,2019-08-21,1.045,1.047,1.041,1.044,0.5225000000000062,0.5235000000000063,0.5205000000000062,0.5220000000000062,0.500000000000006,46843800.0,48874889.0,腾讯日K,2026-08-07T17:30:13,20260926T093659
512800,华宝银行ETF,SSE,2019-08-22,1.046,1.047,1.038,1.041,0.5235024015369899,0.5240028818443866,0.5194985590778161,0.5210000000000061,0.5004803073967399,35264200.0,36719966.0,腾讯日K,2026-08-07T17:30:13,20260926T093659
512800,华宝银行ETF,SSE,2019-08-23,1.041,1.055,1.04,1.052,0.5205000000000061,0.5275000000000062,0.5200000000000061,0.5260000000000062,0.5000000000000059,75845600.0,79578139.0,腾讯日K,2026-08-07T17:30:13,20260926T093659
512800,华宝银行ETF,SSE,2019-08-26,1.041,1.043,1.033,1.034,0.5205000000000061,0.5215000000000061,0.5165000000000061,0.5170000000000061,0.5000000000000059,63126800.0,65389465.0,腾讯日K,2026-08-07T17:30:13,20260926T093659
512800,华宝银行ETF,SSE,2019-08-27,1.039,1.049,1.039,1.045,0.519997129186609,0.5250019138756044,0.519997129186609,0.5230000000000062,0.5004784688995275,68619600.0,71671901.0,腾讯日K,2026-08-07T17:30:13,20260926T093659
512800,华宝银行ETF,SSE,2019-08-28,1.041,1.042,1.03,1.032,0.5205000000000061,0.5210000000000061,0.5150000000000061,0.5160000000000061,0.5000000000000059,82666700.0,85401339.0,腾讯日K,2026-08-07T17:30:13,20260926T093659
512800,华宝银行ETF,SSE,2019-08-29,1.032,1.033,1.022,1.026,0.5160000000000061,0.5165000000000061,0.511000000000006,0.513000000000006,0.5000000000000059,68720900.0,70483057.0,腾讯日K,2026-08-07T17:30:13,20260926T093659
512800,华宝银行ETF,SSE,2019-08-30,1.031,1.033,1.024,1.027,0.5160019474196751,0.5170029211295095,0.5124985394352545,0.5140000000000061,0.5004868549172407,59574900.0,61226104.0,腾讯日K,2026-08-07T17:30:13,20260926T093659
512800,华宝银行ETF,SSE,2019-09-02,1.027,1.036,1.026,1.034,0.513500000000006,0.5180000000000061,0.513000000000006,0.5170000000000061,0.5000000000000059,72360400.0,74746077.0,腾讯日K,2026-08-07T17:30:13,20260926T093659
512800,华宝银行ETF,SSE,2019-09-03,1.033,1.036,1.03,1.035,0.5169990338164312,0.5185004830917936,0.515497584541069,0.5180000000000061,0.5004830917874455,75809000.0,78264545.0,腾讯日K,2026-08-07T17:30:13,20260926T093659
512800,华宝银行ETF,SSE,2019-09-04,1.033,1.048,1.032,1.047,0.5169933142311427,0.5245004775549251,0.5164928366762239,0.5240000000000062,0.5004775549188216,120648700.0,125722595.0,腾讯日K,2026-08-07T17:30:13,20260926T093659
512800,华宝银行ETF,SSE,2019-09-05,1.051,1.071,1.051,1.06,0.5255000000000062,0.5355000000000063,0.5255000000000062,0.5300000000000062,0.5000000000000059,177772000.0,188726581.0,腾讯日K,2026-08-07T17:30:13,20260926T093659
512800,华宝银行ETF,SSE,2019-09-06,1.064,1.069,1.061,1.069,0.5324976613657688,0.5350000000000064,0.5309962581852262,0.5350000000000064,0.500467726847527,74984200.0,79821122.0,腾讯日K,2026-08-07T17:30:13,20260926T093659
512800,华宝银行ETF,SSE,2019-09-09,1.08,1.08,1.063,1.066,0.5400000000000064,0.5400000000000064,0.5315000000000062,0.5330000000000064,0.5000000000000059,162127000.0,173067987.0,腾讯日K,2026-08-07T17:30:13,20260926T093659
512800,华宝银行ETF,SSE,2019-09-10,1.066,1.066,1.056,1.063,0.533501411100665,0.533501411100665,0.5284967074318031,0.5320000000000064,0.5004703668861772,139377500.0,147622223.0,腾讯日K,2026-08-07T17:30:13,20260926T093659
512800,华宝银行ETF,SSE,2019-09-11,1.067,1.07,1.06,1.068,0.5335000000000063,0.5350000000000064,0.5300000000000062,0.5340000000000064,0.5000000000000059,121691400.0,129769790.0,腾讯日K,2026-08-07T17:30:13,20260926T093659
512800,华宝银行ETF,SSE,2019-09-12,1.07,1.073,1.065,1.072,0.5350000000000064,0.5365000000000063,0.5325000000000062,0.5360000000000064,0.5000000000000059,124323400.0,133017185.0,腾讯日K,2026-08-07T17:30:13,20260926T093659
512800,华宝银行ETF,SSE,2019-09-16,1.072,1.074,1.064,1.068,0.5360000000000064,0.5370000000000064,0.5320000000000062,0.5340000000000064,0.5000000000000059,75357600.0,80356601.0,腾讯日K,2026-08-07T17:30:13,20260926T093659
512800,华宝银行ETF,SSE,2019-09-17,1.065,1.065,1.05,1.053,0.5330056980057044,0.5330056980057044,0.5254985754985818,0.5270000000000062,0.5004748338081731,79694200.0,84214887.0,腾讯日K,2026-08-07T17:30:13,20260926T093659
512800,华宝银行ETF,SSE,2019-09-18,1.055,1.058,1.053,1.057,0.5279990539262125,0.5295004730369033,0.5269981078524187,0.5290000000000062,0.5004730368968839,43656600.0,46066863.0,腾讯日K,2026-08-07T17:30:13,20260926T093659
512800,华宝银行ETF,SSE,2019-09-19,1.056,1.057,1.051,1.055,0.5285004739336556,0.5290009478673048,0.525998104265409,0.5280000000000062,0.500473933649295,34474200.0,36340404.0,腾讯日K,2026-08-07T17:30:13,20260926T093659
512800,华宝银行ETF,SSE,2019-09-20,1.055,1.061,1.055,1.06,0.5275000000000062,0.5305000000000062,0.5275000000000062,0.5300000000000062,0.5000000000000059,36769000.0,38894816.0,腾讯日K,2026-08-07T17:30:13,20260926T093659
512800,华宝银行ETF,SSE,2019-09-23,1.061,1.061,1.046,1.05,0.5305000000000062,0.5305000000000062,0.5230000000000061,0.5250000000000062,0.5000000000000059,36315500.0,38115634.0,腾讯日K,2026-08-07T17:30:13,20260926T093659
512800,华宝银行ETF,SSE,2019-09-24,1.05,1.054,1.048,1.05,0.5250000000000062,0.5270000000000062,0.5240000000000062,0.5250000000000062,0.5000000000000059,38763200.0,40728866.0,腾讯日K,2026-08-07T17:30:13,20260926T093659
512800,华宝银行ETF,SSE,2019-09-25,1.047,1.059,1.044,1.054,0.523500000000006,0.5295000000000061,0.522000000000006,0.5270000000000061,0.5000000000000058,78779200.0,82963611.0,腾讯日K,2026-08-07T17:30:13,20260926T093659
512800,华宝银行ETF,SSE,2019-09-26,1.054,1.077,1.054,1.068,0.527000000000006,0.5385000000000061,0.527000000000006,0.5340000000000061,0.5000000000000057,173111200.0,184845412.0,腾讯日K,2026-08-07T17:30:13,20260926T093659
512800,华宝银行ETF,SSE,2019-09-27,1.068,1.073,1.06,1.069,0.5344995322731586,0.5370018709073962,0.5304957904583784,0.535000000000006,0.5004677268475267,61344500.0,65425714.0,腾讯日K,2026-08-07T17:30:13,20260926T093659
512800,华宝银行ETF,SSE,2019-09-30,1.068,1.073,1.057,1.059,0.5345042492917907,0.5370066100094489,0.5289990557129427,0.5300000000000059,0.5004721435316393,94252000.0,100734695.0,腾讯日K,2026-08-07T17:30:13,20260926T093659
512800,华宝银行ETF,SSE,2019-10-08,1.057,1.078,1.056,1.073,0.5289925442684122,0.5395023299161291,0.5284920782851877,0.537000000000006,0.5004659832246096,65614400.0,70299884.0,腾讯日K,2026-08-07T17:30:13,20260926T093659
512800,华宝银行ETF,SSE,2019-10-09,1.065,1.095,1.065,1.085,0.5329907834101443,0.548004608294937,0.5329907834101443,0.5430000000000061,0.5004608294930932,115533600.0,125373987.0,腾讯日K,2026-08-07T17:30:13,20260926T093659
512800,华宝银行ETF,SSE,2019-10-10,1.083,1.088,1.08,1.084,0.5415000000000061,0.5440000000000061,0.5400000000000061,0.5420000000000061,0.5000000000000057,65232600.0,70658268.0,腾讯日K,2026-08-07T17:30:13,20260926T093659
512800,华宝银行ETF,SSE,2019-10-11,1.09,1.108,1.085,1.107,0.5454923215898887,0.5545004516711896,0.5429900632339717,0.5540000000000062,0.5004516711833841,116318400.0,127623800.0,腾讯日K,2026-08-07T17:30:13,20260926T093659
512800,华宝银行ETF,SSE,2019-10-14,1.116,1.147,1.113,1.127,0.5584951197870514,0.5740088731144695,0.5569937888198818,0.5640000000000062,0.5004436557231643,209106200.0,236614513.0,腾讯日K,2026-08-07T17:30:13,20260926T093659
512800,华宝银行ETF,SSE,2019-10-15,1.127,1.132,1.12,1.131,0.5639982316534102,0.5665004420866552,0.5604951370468674,0.5660000000000063,0.5004420866489887,97995600.0,110377200.0,腾讯日K,2026-08-07T17:30:13,20260926T093659
512800,华宝银行ETF,SSE,2019-10-16,1.135,1.148,1.118,1.125,0.5680044444444506,0.5745102222222285,0.559496888888895,0.5630000000000062,0.5004444444444499,191683600.0,217050830.0,腾讯日K,2026-08-07T17:30:13,20260926T093659
512800,华宝银行ETF,SSE,2019-10-17,1.123,1.13,1.118,1.122,0.5615000000000062,0.5650000000000062,0.5590000000000063,0.5610000000000063,0.5000000000000056,86517800.0,97107031.0,腾讯日K,2026-08-07T17:30:13,20260926T093659
512800,华宝银行ETF,SSE,2019-10-18,1.125,1.134,1.103,1.107,0.5630081300813071,0.5675121951219575,0.5519981933152727,0.5540000000000062,0.5004516711833841,97222000.0,108561963.0,腾讯日K,2026-08-07T17:30:13,20260926T093659
512800,华宝银行ETF,SSE,2019-10-21,1.102,1.123,1.1,1.12,0.5510000000000062,0.5615000000000062,0.5500000000000062,0.5600000000000063,0.5000000000000056,91788400.0,102290153.0,腾讯日K,2026-08-07T17:30:13,20260926T093659
512800,华宝银行ETF,SSE,2019-10-22,1.12,1.122,1.103,1.116,0.5600000000000063,0.5610000000000063,0.5515000000000061,0.5580000000000063,0.5000000000000056,66576600.0,73959221.0,腾讯日K,2026-08-07T17:30:13,20260926T093659
512800,华宝银行ETF,SSE,2019-10-23,1.113,1.122,1.111,1.114,0.5565000000000061,0.5610000000000062,0.555500000000006,0.5570000000000062,0.5000000000000054,49675800.0,55430681.0,腾讯日K,2026-08-07T17:30:13,20260926T093659
512800,华宝银行ETF,SSE,2019-10-24,1.114,1.135,1.114,1.127,0.557494232475605,0.5680035492457914,0.557494232475605,0.5640000000000062,0.5004436557231643,155427300.0,174944985.0,腾讯日K,2026-08-07T17:30:13,20260926T093659
512800,华宝银行ETF,SSE,2019-10-25,1.125,1.127,1.112,1.124,0.5625000000000062,0.5635000000000062,0.5560000000000063,0.5620000000000063,0.5000000000000056,118629800.0,132669211.0,腾讯日K,2026-08-07T17:30:13,20260926T093659
512800,华宝银行ETF,SSE,2019-10-28,1.123,1.129,1.115,1.12,0.5615000000000062,0.5645000000000062,0.5575000000000062,0.5600000000000063,0.5000000000000056,85625900.0,95888075.0,腾讯日K,2026-08-07T17:30:13,20260926T093659
512800,华宝银行ETF,SSE,2019-10-29,1.12,1.12,1.11,1.113,0.5605031446540942,0.5605031446540942,0.5554986522911113,0.5570000000000062,0.5004492362982984,62464200.0,69622833.0,腾讯日K,2026-08-07T17:30:13,20260926T093659
512800,华宝银行ETF,SSE,2019-10-30,1.11,1.121,1.108,1.111,0.5554995499550016,0.5610045004500512,0.5544986498649926,0.5560000000000062,0.500450045004506,70489200.0,78489310.0,腾讯日K,2026-08-07T17:30:13,20260926T093659
512800,华宝银行ETF,SSE,2019-10-31,1.111,1.113,1.102,1.105,0.5560027149321328,0.5570036199095084,0.5514986425339428,0.5530000000000062,0.5004524886877884,46697800.0,51616849.0,腾讯日K,2026-08-07T17:30:13,20260926T093659
512800,华宝银行ETF,SSE,2019-11-01,1.105,1.13,1.101,1.128,0.5525000000000061,0.5650000000000062,0.5505000000000061,0.5640000000000062,0.5000000000000056,106234500.0,118722213.0,腾讯日K,2026-08-07T17:30:13,20260926T093659
512800,华宝银行ETF,SSE,2019-11-04,1.13,1.142,1.129,1.133,0.5654986760812065,0.5715039717564052,0.56499823477494,0.5670000000000063,0.5004413062665545,86613400.0,98227205.0,腾讯日K,2026-08-07T17:30:13,20260926T093659
512800,华宝银行ETF,SSE,2019-11-05,1.132,1.159,1.131,1.145,0.566494323144111,0.5800061135371243,0.5659938864628883,0.5730000000000063,0.5004366812227129,134387800.0,153806613.0,腾讯日K,2026-08-07T17:30:13,20260926T093659
512800,华宝银行ETF,SSE,2019-11-06,1.145,1.158,1.142,1.151,0.5729973935708144,0.5795030408340638,0.5714960903562183,0.5760000000000064,0.5004344048653401,74155700.0,85295607.0,腾讯日K,2026-08-07T17:30:13,20260926T093659
512800,华宝银行ETF,SSE,2019-11-07,1.149,1.155,1.144,1.149,0.5750000000000064,0.5780026109660639,0.5724978241949584,0.5750000000000064,0.5004351610095791,62529400.0,71797440.0,腾讯日K,2026-08-07T17:30:13,20260926T093659
512800,华宝银行ETF,SSE,2019-11-08,1.157,1.157,1.133,1.134,0.5785000000000065,0.5785000000000065,0.5665000000000063,0.5670000000000063,0.5000000000000056,104325800.0,119068364.0,腾讯日K,2026-08-07T17:30:13,20260926T093659
512800,华宝银行ETF,SSE,2019-11-11,1.132,1.132,1.114,1.116,0.5660000000000063,0.5660000000000063,0.5570000000000063,0.5580000000000063,0.5000000000000056,87950100.0,98557240.0,腾讯日K,2026-08-07T17:30:13,20260926T093659
512800,华宝银行ETF,SSE,2019-11-12,1.116,1.122,1.113,1.12,0.5580000000000063,0.5610000000000063,0.5565000000000062,0.5600000000000063,0.5000000000000056,82510200.0,92246334.0,腾讯日K,2026-08-07T17:30:13,20260926T093659
512800,华宝银行ETF,SSE,2019-11-13,1.117,1.118,1.11,1.115,0.5590008968609927,0.5595013452914861,0.5554977578475399,0.5580000000000063,0.5004484304932791,93812900.0,104514160.0,腾讯日K,2026-08-07T17:30:13,20260926T093659
512800,华宝银行ETF,SSE,2019-11-14,1.114,1.117,1.105,1.11,0.5570000000000063,0.5585000000000062,0.5525000000000061,0.5550000000000062,0.5000000000000056,81096000.0,90044180.0,腾讯日K,2026-08-07T17:30:13,20260926T093659
512800,华宝银行ETF,SSE,2019-11-15,1.11,1.116,1.106,1.109,0.5555004508566339,0.5585031559963994,0.5534986474301234,0.5550000000000062,0.500450856627598,62267900.0,69162999.0,腾讯日K,2026-08-07T17:30:13,20260926T093659
512800,华宝银行ETF,SSE,2019-11-18,1.106,1.124,1.105,1.12,0.553000000000006,0.5620000000000062,0.552500000000006,0.5600000000000062,0.5000000000000054,102492000.0,114480609.0,腾讯日K,2026-08-07T17:30:13,20260926T093659
512800,华宝银行ETF,SSE,2019-11-19,1.119,1.125,1.116,1.122,0.5595000000000061,0.5625000000000061,0.5580000000000062,0.5610000000000062,0.5000000000000054,70124300.0,78593063.0,腾讯日K,2026-08-07T17:30:13,20260926T093659
512800,华宝银行ETF,SSE,2019-11-20,1.122,1.122,1.1,1.104,0.5610000000000062,0.5610000000000062,0.550000000000006,0.552000000000006,0.5000000000000054,115491500.0,127967255.0,腾讯日K,2026-08-07T17:30:13,20260926T093659
512800,华宝银行ETF,SSE,2019-11-21,1.1,1.103,1.094,1.098,0.550000000000006,0.551500000000006,0.547000000000006,0.549000000000006,0.5000000000000054,97540900.0,107120239.0,腾讯日K,2026-08-07T17:30:13,20260926T093659
512800,华宝银行ETF,SSE,2019-11-22,1.1,1.106,1.093,1.094,0.5500000000000059,0.5530000000000059,0.5465000000000058,0.5470000000000059,0.5000000000000053,109995900.0,120858109.0,腾讯日K,2026-08-07T17:30:13,20260926T093659
512800,华宝银行ETF,SSE,2019-11-25,1.095,1.109,1.095,1.108,0.547500000000006,0.554500000000006,0.547500000000006,0.554000000000006,0.5000000000000054,102752400.0,113565272.0,腾讯日K,2026-08-07T17:30:13,20260926T093659
512800,华宝银行ETF,SSE,2019-11-26,1.108,1.111,1.101,1.106,0.554000000000006,0.555500000000006,0.550500000000006,0.553000000000006,0.5000000000000054,50063300.0,55282166.0,腾讯日K,2026-08-07T17:30:13,20260926T093659
512800,华宝银行ETF,SSE,2019-11-27,1.103,1.107,1.098,1.1,0.551500000000006,0.553500000000006,0.549000000000006,0.550000000000006,0.5000000000000054,46722900.0,51418043.0,腾讯日K,2026-08-07T17:30:13,20260926T093659
512800,华宝银行ETF,SSE,2019-11-28,1.099,1.102,1.095,1.097,0.5500009115770343,0.5515022789425768,0.5479990884229777,0.549000000000006,0.500455788514135,40263200.0,44225677.0,腾讯日K,2026-08-07T17:30:13,20260926T093659
512800,华宝银行ETF,SSE,2019-11-29,1.095,1.1,1.089,1.09,0.547500000000006,0.550000000000006,0.5445000000000059,0.5450000000000059,0.5000000000000054,62605500.0,68386222.0,腾讯日K,2026-08-07T17:30:13,20260926T093659
512800,华宝银行ETF,SSE,2019-12-02,1.094,1.096,1.09,1.091,0.5475013748854323,0.5485022914757164,0.5454995417048639,0.5460000000000059,0.500458295142077,47423200.0,51826821.0,腾讯日K,2026-08-07T17:30:13,20260926T093659
512800,华宝银行ETF,SSE,2019-12-03,1.089,1.095,1.085,1.095,0.5449972602739785,0.5480000000000059,0.5429954337899603,0.5480000000000059,0.5004566210045717,38870800.0,42453916.0,腾讯日K,2026-08-07T17:30:13,20260926T093659
512800,华宝银行ETF,SSE,2019-12-04,1.093,1.093,1.087,1.089,0.5470018365472971,0.5470018365472971,0.5439990817263604,0.5450000000000059,0.5004591368227786,91346500.0,99478859.0,腾讯日K,2026-08-07T17:30:13,20260926T093659
512800,华宝银行ETF,SSE,2019-12-05,1.092,1.098,1.09,1.097,0.5464977210574354,0.5495004557885202,0.5454968094804071,0.549000000000006,0.500455788514135,95693900.0,104746464.0,腾讯日K,2026-08-07T17:30:13,20260926T093659
512800,华宝银行ETF,SSE,2019-12-06,1.099,1.1,1.092,1.095,0.5500018264840243,0.5505022831050289,0.5464986301369923,0.5480000000000059,0.5004566210045717,89591300.0,98138331.0,腾讯日K,2026-08-07T17:30:13,20260926T093659
512800,华宝银行ETF,SSE,2019-12-09,1.097,1.098,1.09,1.095,0.549000913242015,0.5495013698630198,0.5454977168949832,0.5480000000000059,0.5004566210045717,64442200.0,70463841.0,腾讯日K,2026-08-07T17:30:13,20260926T093659
512800,华宝银行ETF,SSE,2019-12-10,1.092,1.095,1.09,1.092,0.546000000000006,0.547500000000006,0.5450000000000059,0.5460000000000059,0.5000000000000054,56338700.0,61523502.0,腾讯日K,2026-08-07T17:30:13,20260926T093659
512800,华宝银行ETF,SSE,2019-12-11,1.093,1.104,1.091,1.103,0.5469954669084376,0.552500453309163,0.5459945602901238,0.552000000000006,0.5004533091568505,107479500.0,118025261.0,腾讯日K,2026-08-07T17:30:13,20260926T093659
512800,华宝银行ETF,SSE,2019-12-12,1.103,1.103,1.097,1.099,0.5520018198362208,0.5520018198362208,0.5489990900818986,0.550000000000006,0.5004549590536906,72647300.0,79868213.0,腾讯日K,2026-08-07T17:30:13,20260926T093659
512800,华宝银行ETF,SSE,2019-12-13,1.106,1.121,1.105,1.119,0.5534941912421867,0.5610008936550553,0.552993744414662,0.5600000000000062,0.500446827524581,184871000.0,205735711.0,腾讯日K,2026-08-07T17:30:13,20260926T093659
512800,华宝银行ETF,SSE,2019-12-16,1.118,1.12,1.112,1.119,0.5594995531724817,0.5605004468275308,0.5564968722073341,0.5600000000000062,0.500446827524581,129785200.0,144791551.0,腾讯日K,2026-08-07T17:30:13,20260926T093659
512800,华宝银行ETF,SSE,2019-12-17,1.118,1.142,1.114,1.131,0.5594942528735695,0.5715048629531451,0.5574924845269734,0.5660000000000062,0.5004420866489887,326776500.0,368639709.0,腾讯日K,2026-08-07T17:30:13,20260926T093659
512800,华宝银行ETF,SSE,2019-12-18,1.129,1.142,1.128,1.134,0.5645000000000061,0.5710000000000062,0.564000000000006,0.5670000000000062,0.5000000000000054,169688300.0,192570957.0,腾讯日K,2026-08-07T17:30:13,20260926T093659
512800,华宝银行ETF,SSE,2019-12-19,1.136,1.142,1.132,1.136,0.5680000000000062,0.5710000000000062,0.566000000000006,0.5680000000000062,0.5000000000000054,115688200.0,131581545.0,腾讯日K,2026-08-07T17:30:13,20260926T093659
512800,华宝银行ETF,SSE,2019-12-20,1.136,1.145,1.133,1.136,0.5680000000000062,0.5725000000000062,0.5665000000000062,0.5680000000000062,0.5000000000000054,102539700.0,116678700.0,腾讯日K,2026-08-07T17:30:13,20260926T093659
512800,华宝银行ETF,SSE,2019-12-23,1.135,1.14,1.121,1.123,0.568005342831707,0.5705075690115824,0.560999109528056,0.5620000000000062,0.5004452359750723,110417400.0,124779489.0,腾讯日K,2026-08-07T17:30:13,20260926T093659
512800,华宝银行ETF,SSE,2019-12-24,1.124,1.133,1.124,1.13,0.562000000000006,0.566500000000006,0.562000000000006,0.5650000000000059,0.5000000000000053,71409900.0,80623092.0,腾讯日K,2026-08-07T17:30:13,20260926T093659
512800,华宝银行ETF,SSE,2019-12-25,1.129,1.13,1.122,1.128,0.564500000000006,0.5650000000000059,0.561000000000006,0.5640000000000059,0.5000000000000053,83716900.0,94271975.0,腾讯日K,2026-08-07T17:30:13,20260926T093659
512800,华宝银行ETF,SSE,2019-12-26,1.126,1.135,1.125,1.135,0.5634960352422966,0.568000000000006,0.5629955947136623,0.568000000000006,0.5004405286343665,118976500.0,134326157.0,腾讯日K,2026-08-07T17:30:13,20260926T093659
512800,华宝银行ETF,SSE,2019-12-27,1.133,1.145,1.13,1.135,0.5669991189427372,0.5730044052863497,0.5654977973568341,0.568000000000006,0.5004405286343665,162750800.0,185217274.0,腾讯日K,2026-08-07T17:30:13,20260926T093659
512800,华宝银行ETF,SSE,2019-12-30,1.128,1.135,1.116,1.134,0.5640000000000059,0.567500000000006,0.558000000000006,0.5670000000000059,0.5000000000000053,186320300.0,210176709.0,腾讯日K,2026-08-07T17:30:13,20260926T093659
512800,华宝银行ETF,SSE,2019-12-31,1.131,1.133,1.127,1.132,0.565500000000006,0.566500000000006,0.563500000000006,0.5660000000000059,0.5000000000000053,184297600.0,208166154.0,腾讯日K,2026-08-07T17:30:13,20260926T093659
512800,华宝银行ETF,SSE,2020-01-02,1.142,1.16,1.142,1.152,0.5710000000000061,0.5800000000000062,0.5710000000000061,0.5760000000000061,0.5000000000000053,279945900.0,322110117.0,腾讯日K,2026-08-07T17:30:13,20260926T093659
512800,华宝银行ETF,SSE,2020-01-03,1.151,1.156,1.15,1.153,0.5759991326973174,0.578501300954039,0.575498699045973,0.5770000000000061,0.5004336513443244,122082800.0,140761603.0,腾讯日K,2026-08-07T17:30:13,20260926T093659
512800,华宝银行ETF,SSE,2020-01-06,1.148,1.159,1.142,1.149,0.5744995648389964,0.5800043516101019,0.571496953872939,0.5750000000000061,0.5004351610095789,140225200.0,161569447.0,腾讯日K,2026-08-07T17:30:13,20260926T093659
512800,华宝银行ETF,SSE,2020-01-07,1.148,1.159,1.147,1.153,0.5744978317432844,0.580002601908072,0.5739973980919401,0.5770000000000061,0.5004336513443244,97692000.0,112589922.0,腾讯日K,2026-08-07T17:30:13,20260926T093659
512800,华宝银行ETF,SSE,2020-01-08,1.15,1.151,1.131,1.132,0.5750000000000061,0.5755000000000061,0.565500000000006,0.5660000000000059,0.5000000000000053,165405600.0,188117699.0,腾讯日K,2026-08-07T17:30:13,20260926T093659
512800,华宝银行ETF,SSE,2020-01-09,1.141,1.144,1.132,1.138,0.570500000000006,0.572000000000006,0.5660000000000058,0.569000000000006,0.5000000000000052,312265900.0,354679144.0,腾讯日K,2026-08-07T17:30:13,20260926T093659
512800,华宝银行ETF,SSE,2020-01-10,1.139,1.141,1.134,1.138,0.569500000000006,0.570500000000006,0.5670000000000058,0.569000000000006,0.5000000000000052,89212100.0,101399581.0,腾讯日K,2026-08-07T17:30:13,20260926T093659
512800,华宝银行ETF,SSE,2020-01-13,1.136,1.143,1.131,1.143,0.5684969378827706,0.572000000000006,0.5659947506561739,0.572000000000006,0.5004374453193403,114933500.0,130577448.0,腾讯日K,2026-08-07T17:30:13,20260926T093659
512800,华宝银行ETF,SSE,2020-01-14,1.145,1.151,1.138,1.139,0.5730026338893826,0.5760052677787593,0.5694995610184431,0.570000000000006,0.5004389815627796,129741600.0,148359531.0,腾讯日K,2026-08-07T17:30:13,20260926T093659
512800,华宝银行ETF,SSE,2020-01-15,1.139,1.139,1.125,1.126,0.569500000000006,0.569500000000006,0.5625000000000059,0.5630000000000058,0.5000000000000052,115845800.0,130834504.0,腾讯日K,2026-08-07T17:30:13,20260926T093659
512800,华宝银行ETF,SSE,2020-01-16,1.128,1.13,1.118,1.119,0.564504021447727,0.5655049151027762,0.5594995531724813,0.5600000000000059,0.5004468275245808,158325000.0,177518881.0,腾讯日K,2026-08-07T17:30:13,20260926T093659
512800,华宝银行ETF,SSE,2020-01-17,1.119,1.125,1.116,1.118,0.5595000000000059,0.5625000000000059,0.5580000000000058,0.5590000000000059,0.5000000000000052,112181400.0,125686813.0,腾讯日K,2026-08-07T17:30:13,20260926T093659
512800,华宝银行ETF,SSE,2020-01-20,1.12,1.127,1.117,1.127,0.5604968944099435,0.5640000000000056,0.558995563442774,0.5640000000000057,0.5004436557231638,187892100.0,210956556.0,腾讯日K,2026-08-07T17:30:13,20260926T093659
512800,华宝银行ETF,SSE,2020-01-21,1.122,1.124,1.109,1.11,0.5610000000000058,0.5620000000000058,0.5545000000000057,0.5550000000000057,0.5000000000000051,186625700.0,207798472.0,腾讯日K,2026-08-07T17:30:13,20260926T093659
512800,华宝银行ETF,SSE,2020-01-22,1.108,1.111,1.095,1.109,0.5544995491433782,0.5560009017132609,0.5479936880072194,0.5550000000000057,0.5004508566275976,140884200.0,155730927.0,腾讯日K,2026-08-07T17:30:13,20260926T093659
512800,华宝银行ETF,SSE,2020-01-23,1.1,1.103,1.076,1.085,0.550506912442402,0.5520082949308812,0.5384958525345678,0.5430000000000056,0.5004608294930927,223950700.0,244186400.0,腾讯日K,2026-08-07T17:30:13,20260926T093659
512800,华宝银行ETF,SSE,2020-02-03,1.0,1.03,0.992,1.001,0.5004995004995056,0.5155144855144909,0.4964955044955096,0.5010000000000051,0.5004995004995056,393728100.0,397398166.0,腾讯日K,2026-08-07T17:30:13,20260926T093659
512800,华宝银行ETF,SSE,2020-02-04,1.007,1.032,1.007,1.03,0.5035000000000052,0.5160000000000055,0.5035000000000052,0.5150000000000053,0.5000000000000052,214791700.0,219588276.0,腾讯日K,2026-08-07T17:30:13,20260926T093659
512800,华宝银行ETF,SSE,2020-02-05,1.033,1.039,1.02,1.031,0.5170009699321101,0.5200038797284244,0.5104946653734292,0.5160000000000053,0.5004849660523816,185797600.0,191425902.0,腾讯日K,2026-08-07T17:30:13,20260926T093659
512800,华宝银行ETF,SSE,2020-02-06,1.032,1.041,1.025,1.037,0.5164975891996197,0.521001928640314,0.5129942140790795,0.5190000000000053,0.5004821600771509,238599600.0,246642721.0,腾讯日K,2026-08-07T17:30:13,20260926T093659
512800,华宝银行ETF,SSE,2020-02-07,1.031,1.035,1.023,1.033,0.5159990319457942,0.5180009680542164,0.51199515972895,0.5170000000000053,0.5004840271055231,165819200.0,170377442.0,腾讯日K,2026-08-07T17:30:13,20260926T093659
512800,华宝银行ETF,SSE,2020-02-10,1.027,1.032,1.024,1.031,0.5139980601357959,0.5165004849660578,0.5124966052376387,0.5160000000000053,0.5004849660523816,193465900.0,199032097.0,腾讯日K,2026-08-07T17:30:13,20260926T093659
512800,华宝银行ETF,SSE,2020-02-11,1.033,1.042,1.031,1.041,0.5169961575408315,0.5215004803074021,0.515995196926038,0.5210000000000053,0.5004803073967391,194873600.0,202530405.0,腾讯日K,2026-08-07T17:30:13,20260926T093659
512800,华宝银行ETF,SSE,2020-02-12,1.037,1.044,1.035,1.043,0.5189971236816928,0.5225004793863909,0.517996164908922,0.5220000000000055,0.5004793863854319,176864800.0,183790340.0,腾讯日K,2026-08-07T17:30:13,20260926T093659
512800,华宝银行ETF,SSE,2020-02-13,1.04,1.042,1.034,1.035,0.5205024154589426,0.5215033816425174,0.5174995169082179,0.5180000000000053,0.5004830917874448,120855600.0,125378975.0,腾讯日K,2026-08-07T17:30:13,20260926T093659
512800,华宝银行ETF,SSE,2020-02-14,1.034,1.044,1.032,1.044,0.5170000000000055,0.5220000000000055,0.5160000000000055,0.5220000000000055,0.5000000000000052,155967300.0,162059474.0,腾讯日K,2026-08-07T17:30:13,20260926T093659
512800,华宝银行ETF,SSE,2020-02-17,1.044,1.066,1.04,1.064,0.5220000000000053,0.5330000000000055,0.5200000000000053,0.5320000000000055,0.5000000000000051,278092100.0,292894950.0,腾讯日K,2026-08-07T17:30:13,20260926T093659
512800,华宝银行ETF,SSE,2020-02-18,1.062,1.062,1.05,1.054,0.5310000000000055,0.5310000000000055,0.5250000000000054,0.5270000000000054,0.5000000000000051,239037700.0,251992928.0,腾讯日K,2026-08-07T17:30:13,20260926T093659
512800,华宝银行ETF,SSE,2020-02-19,1.051,1.058,1.047,1.051,0.5260000000000054,0.5295033301617562,0.5239980970504335,0.5260000000000054,0.5004757373929642,235055800.0,247380384.0,腾讯日K,2026-08-07T17:30:13,20260926T093659
512800,华宝银行ETF,SSE,2020-02-20,1.052,1.067,1.046,1.066,0.5260000000000054,0.5335000000000054,0.5230000000000053,0.5330000000000055,0.5000000000000051,396066600.0,418478631.0,腾讯日K,2026-08-07T17:30:13,20260926T093659
512800,华宝银行ETF,SSE,2020-02-21,1.063,1.069,1.057,1.063,0.5320000000000055,0.5350028222013226,0.5289971777986885,0.5320000000000055,0.5004703668861764,384065800.0,407739139.0,腾讯日K,2026-08-07T17:30:13,20260926T093659
512800,华宝银行ETF,SSE,2020-02-24,1.061,1.061,1.049,1.05,0.5305000000000054,0.5305000000000054,0.5245000000000053,0.5250000000000054,0.5000000000000051,267760700.0,282062728.0,腾讯日K,2026-08-07T17:30:13,20260926T093659
512800,华宝银行ETF,SSE,2020-02-25,1.037,1.043,1.031,1.04,0.5185000000000052,0.5215000000000052,0.5155000000000051,0.5200000000000052,0.500000000000005,275832500.0,286192818.0,腾讯日K,2026-08-07T17:30:13,20260926T093659
512800,华宝银行ETF,SSE,2020-02-26,1.03,1.051,1.028,1.045,0.5154928229665124,0.5260028708134025,0.5144918660287134,0.5230000000000053,0.5004784688995266,278120000.0,289707073.0,腾讯日K,2026-08-07T17:30:13,20260926T093659
512800,华宝银行ETF,SSE,2020-02-27,1.041,1.048,1.041,1.048,0.5205000000000053,0.5240000000000054,0.5205000000000053,0.5240000000000054,0.5000000000000051,176329200.0,184233750.0,腾讯日K,2026-08-07T17:30:13,20260926T093659
512800,华宝银行ETF,SSE,2020-02-28,1.035,1.041,1.02,1.022,0.5175000000000052,0.5205000000000052,0.5100000000000051,0.5110000000000051,0.500000000000005,266240000.0,274406935.0,腾讯日K,2026-08-07T17:30:13,20260926T093659
512800,华宝银行ETF,SSE,2020-03-02,1.023,1.042,1.023,1.038,0.5115000000000051,0.5210000000000052,0.5115000000000051,0.5190000000000052,0.500000000000005,210716100.0,217846844.0,腾讯日K,2026-08-07T17:30:13,20260926T093659
512800,华宝银行ETF,SSE,2020-03-03,1.045,1.048,1.038,1.04,0.5225000000000052,0.5240000000000052,0.5190000000000052,0.5200000000000052,0.500000000000005,201692800.0,210243555.0,腾讯日K,2026-08-07T17:30:13,20260926T093659
512800,华宝银行ETF,SSE,2020-03-04,1.036,1.044,1.034,1.044,0.5180000000000053,0.5220000000000053,0.5170000000000053,0.5220000000000053,0.5000000000000051,161795100.0,168213372.0,腾讯日K,2026-08-07T17:30:13,20260926T093659
512800,华宝银行ETF,SSE,2020-03-05,1.048,1.072,1.045,1.071,0.5244892623716206,0.5365004668534136,0.5229878618113966,0.5360000000000055,0.500466853408035,430326300.0,456368501.0,腾讯日K,2026-08-07T17:30:13,20260926T093659
512800,华宝银行ETF,SSE,2020-03-06,1.06,1.063,1.053,1.055,0.5305023696682518,0.5320037914691996,0.5269990521327067,0.5280000000000054,0.5004739336492942,234418000.0,247836405.0,腾讯日K,2026-08-07T17:30:13,20260926T093659
512800,华宝银行ETF,SSE,2020-03-09,1.036,1.039,1.024,1.025,0.5185053658536637,0.5200068292682979,0.5124995121951271,0.5130000000000051,0.5004878048780538,266921100.0,274866696.0,腾讯日K,2026-08-07T17:30:13,20260926T093659
512800,华宝银行ETF,SSE,2020-03-10,1.025,1.042,1.023,1.04,0.5125000000000051,0.5210000000000052,0.5115000000000051,0.5200000000000052,0.500000000000005,182509600.0,188877854.0,腾讯日K,2026-08-07T17:30:13,20260926T093659
512800,华宝银行ETF,SSE,2020-03-11,1.04,1.042,1.028,1.029,0.5205053449951462,0.5215063168124446,0.5144995140913561,0.5150000000000052,0.5004859086491791,141031700.0,146016192.0,腾讯日K,2026-08-07T17:30:13,20260926T093659
512800,华宝银行ETF,SSE,2020-03-12,1.027,1.031,1.021,1.024,0.5135000000000051,0.5155000000000051,0.5105000000000051,0.5120000000000051,0.500000000000005,155133600.0,158982548.0,腾讯日K,2026-08-07T17:30:13,20260926T093659
512800,华宝银行ETF,SSE,2020-03-13,0.996,1.02,0.989,1.019,0.4984887144259128,0.5105004906771397,0.49498527968597167,0.5100000000000051,0.5004906771344506,262514800.0,262720053.0,腾讯日K,2026-08-07T17:30:13,20260926T093659
512800,华宝银行ETF,SSE,2020-03-16,1.011,1.015,0.98,0.982,0.505500000000005,0.5075000000000051,0.4900000000000049,0.49100000000000493,0.500000000000005,217031200.0,216728347.0,腾讯日K,2026-08-07T17:30:13,20260926T093659
512800,华宝银行ETF,SSE,2020-03-17,0.986,0.996,0.969,0.98,0.49300000000000493,0.498000000000005,0.4845000000000048,0.49000000000000493,0.500000000000005,208920000.0,205525665.0,腾讯日K,2026-08-07T17:30:13,20260926T093659
512800,华宝银行ETF,SSE,2020-03-18,0.982,0.988,0.957,0.958,0.4910000000000049,0.49400000000000494,0.47850000000000475,0.47900000000000476,0.500000000000005,176758000.0,172481409.0,腾讯日K,2026-08-07T17:30:13,20260926T093659
512800,华宝银行ETF,SSE,2020-03-19,0.954,0.957,0.923,0.935,0.4775101604278122,0.4790117647058871,0.46199358288770515,0.4680000000000047,0.5005347593582937,238148300.0,223203579.0,腾讯日K,2026-08-07T17:30:13,20260926T093659
512800,华宝银行ETF,SSE,2020-03-20,0.941,0.959,0.937,0.954,0.4705000000000047,0.47950000000000476,0.4685000000000047,0.47700000000000475,0.500000000000005,184936400.0,175215705.0,腾讯日K,2026-08-07T17:30:13,20260926T093659
512800,华宝银行ETF,SSE,2020-03-23,0.93,0.941,0.928,0.93,0.4650000000000047,0.4705000000000047,0.4640000000000047,0.4650000000000047,0.500000000000005,96307500.0,89871684.0,腾讯日K,2026-08-07T17:30:13,20260926T093659
512800,华宝银行ETF,SSE,2020-03-24,0.949,0.956,0.942,0.955,0.4749968586387482,0.4785005235602142,0.4714931937172822,0.47800000000000475,0.5005235602094291,121707600.0,115622853.0,腾讯日K,2026-08-07T17:30:13,20260926T093659
512800,华宝银行ETF,SSE,2020-03-25,0.97,0.976,0.964,0.972,0.4850000000000048,0.4880000000000049,0.4820000000000048,0.4860000000000049,0.500000000000005,120509300.0,116856051.0,腾讯日K,2026-08-07T17:30:13,20260926T093659
512800,华宝银行ETF,SSE,2020-03-26,0.967,0.99,0.963,0.978,0.4835000000000048,0.49500000000000494,0.4815000000000048,0.4890000000000049,0.500000000000005,167887900.0,164583003.0,腾讯日K,2026-08-07T17:30:13,20260926T093659
512800,华宝银行ETF,SSE,2020-03-27,0.984,0.99,0.978,0.98,0.49200000000000493,0.49500000000000494,0.4890000000000049,0.49000000000000493,0.500000000000005,114002200.0,112027426.0,腾讯日K,2026-08-07T17:30:13,20260926T093659
512800,华宝银行ETF,SSE,2020-03-30,0.971,0.979,0.967,0.975,0.4859979487179536,0.4900020512820562,0.48399589743590227,0.4880000000000049,0.5005128205128255,71351200.0,69390776.0,腾讯日K,2026-08-07T17:30:13,20260926T093659
512800,华宝银行ETF,SSE,2020-03-31,0.98,0.983,0.965,0.967,0.49050672182006694,0.49200827300931205,0.4829989658738414,0.4840000000000048,0.500517063081701,83728100.0,81639851.0,腾讯日K,2026-08-07T17:30:13,20260926T093659
512800,华宝银行ETF,SSE,2020-04-01,0.968,0.977,0.964,0.965,0.48450155440414994,0.4890062176165852,0.4824994818652898,0.4830000000000048,0.5005181347150309,132638500.0,128819452.0,腾讯日K,2026-08-07T17:30:13,20260926T093659
512800,华宝银行ETF,SSE,2020-04-02,0.961,0.973,0.961,0.972,0.48050000000000476,0.4865000000000049,0.48050000000000476,0.4860000000000048,0.500000000000005,62233900.0,60148583.0,腾讯日K,2026-08-07T17:30:13,20260926T093659
512800,华宝银行ETF,SSE,2020-04-03,0.969,0.97,0.962,0.966,0.4845000000000048,0.4850000000000048,0.4810000000000048,0.48300000000000476,0.500000000000005,65983000.0,63721826.0,腾讯日K,2026-08-07T17:30:13,20260926T093659
512800,华宝银行ETF,SSE,2020-04-07,0.977,0.98,0.974,0.977,0.4890000000000048,0.490501535312185,0.48749846468782465,0.4890000000000048,0.5005117707267194,124935400.0,121967619.0,腾讯日K,2026-08-07T17:30:13,20260926T093659
512800,华宝银行ETF,SSE,2020-04-08,0.974,0.974,0.97,0.971,0.487501544799181,0.487501544799181,0.4854994850669462,0.4860000000000049,0.5005149330587074,82108400.0,79788132.0,腾讯日K,2026-08-07T17:30:13,20260926T093659
512800,华宝银行ETF,SSE,2020-04-09,0.974,0.975,0.97,0.971,0.487501544799181,0.4880020597322397,0.4854994850669462,0.4860000000000049,0.5005149330587074,118696900.0,115373917.0,腾讯日K,2026-08-07T17:30:13,20260926T093659
512800,华宝银行ETF,SSE,2020-04-10,0.971,0.975,0.967,0.969,0.486001031991749,0.4880030959752371,0.4839989680082608,0.48500000000000487,0.5005159958720381,118012300.0,114672005.0,腾讯日K,2026-08-07T17:30:13,20260926T093659
512800,华宝银行ETF,SSE,2020-04-13,0.968,0.968,0.962,0.963,0.48450259605400275,0.48450259605400275,0.4814994807892052,0.4820000000000048,0.5005192107995896,46393000.0,44735304.0,腾讯日K,2026-08-07T17:30:13,20260926T093659
512800,华宝银行ETF,SSE,2020-04-14,0.965,0.975,0.964,0.974,0.4825000000000048,0.4875000000000049,0.4820000000000048,0.4870000000000048,0.500000000000005,73580300.0,71346484.0,腾讯日K,2026-08-07T17:30:13,20260926T093659
512800,华宝银行ETF,SSE,2020-04-15,0.972,0.974,0.968,0.969,0.486501547987621,0.4875025799793651,0.48449948400413284,0.48500000000000487,0.5005159958720381,59291900.0,57549579.0,腾讯日K,2026-08-07T17:30:13,20260926T093659
512800,华宝银行ETF,SSE,2020-04-16,0.966,0.969,0.963,0.966,0.4830000000000048,0.4845000000000048,0.4815000000000048,0.4830000000000048,0.500000000000005,58441400.0,56459640.0,腾讯日K,2026-08-07T17:30:13,20260926T093659
512800,华宝银行ETF,SSE,2020-04-17,0.969,0.979,0.968,0.974,0.4845000000000048,0.4895000000000049,0.4840000000000048,0.4870000000000048,0.500000000000005,131736300.0,128291234.0,腾讯日K,2026-08-07T17:30:13,20260926T093659
512800,华宝银行ETF,SSE,2020-04-20,0.974,0.975,0.969,0.973,0.48750051387461935,0.488001027749234,0.4849979445015464,0.4870000000000048,0.500513874614599,60081900.0,58383752.0,腾讯日K,2026-08-07T17:30:13,20260926T093659
512800,华宝银行ETF,SSE,2020-04-21,0.97,0.975,0.966,0.97,0.4850000000000048,0.4875000000000049,0.4830000000000048,0.48500000000000487,0.500000000000005,90903700.0,88242891.0,腾讯日K,2026-08-07T17:30:13,20260926T093659
512800,华宝银行ETF,SSE,2020-04-22,0.966,0.969,0.963,0.969,0.4834984520123888,0.4850000000000049,0.4819969040247727,0.48500000000000487,0.5005159958720381,49231500.0,47514492.0,腾讯日K,2026-08-07T17:30:13,20260926T093659
512800,华宝银行ETF,SSE,2020-04-23,0.967,0.969,0.963,0.965,0.4840010362694349,0.48500207253886496,0.48199896373057477,0.4830000000000048,0.5005181347150309,45877100.0,44311194.0,腾讯日K,2026-08-07T17:30:13,20260926T093659
512800,华宝银行ETF,SSE,2020-04-24,0.963,0.964,0.958,0.96,0.4815000000000048,0.4820000000000048,0.47900000000000476,0.48000000000000476,0.500000000000005,65632300.0,63049850.0,腾讯日K,2026-08-07T17:30:13,20260926T093659
512800,华宝银行ETF,SSE,2020-04-27,0.963,0.983,0.962,0.977,0.4819928352098308,0.49200307062436527,0.48149232343910414,0.4890000000000049,0.5005117707267195,190868400.0,186528397.0,腾讯日K,2026-08-07T17:30:13,20260926T093659
512800,华宝银行ETF,SSE,2020-04-28,0.978,0.982,0.968,0.981,0.48949847094801713,0.49150050968400083,0.4844933741080579,0.4910000000000049,0.5005096839959275,72805200.0,71123669.0,腾讯日K,2026-08-07T17:30:13,20260926T093659
512800,华宝银行ETF,SSE,2020-04-29,0.982,1.003,0.979,1.002,0.4910000000000049,0.5015000000000049,0.4895000000000049,0.501000000000005,0.500000000000005,148628700.0,147850633.0,腾讯日K,2026-08-07T17:30:13,20260926T093659
512800,华宝银行ETF,SSE,2020-04-30,1.004,1.018,1.004,1.008,0.502000000000005,0.5090000000000051,0.502000000000005,0.504000000000005,0.500000000000005,105300000.0,106457851.0,腾讯日K,2026-08-07T17:30:13,20260926T093659
512800,华宝银行ETF,SSE,2020-05-06,0.999,1.0,0.988,0.999,0.500000000000005,0.5005005005005055,0.49449449449449945,0.500000000000005,0.5005005005005055,141704000.0,140770993.0,腾讯日K,2026-08-07T17:30:13,20260926T093659
512800,华宝银行ETF,SSE,2020-05-07,0.997,0.998,0.99,0.992,0.498500000000005,0.499000000000005,0.49500000000000494,0.496000000000005,0.500000000000005,69728100.0,69188070.0,腾讯日K,2026-08-07T17:30:13,20260926T093659
512800,华宝银行ETF,SSE,2020-05-08,0.996,1.004,0.994,1.001,0.4984975024975075,0.5025014985015036,0.4974965034965085,0.501000000000005,0.5004995004995055,90895600.0,90825482.0,腾讯日K,2026-08-07T17:30:13,20260926T093659
512800,华宝银行ETF,SSE,2020-05-11,1.003,1.009,1.0,1.002,0.5015000000000049,0.504500000000005,0.500000000000005,0.501000000000005,0.500000000000005,68986100.0,69262733.0,腾讯日K,2026-08-07T17:30:13,20260926T093659
512800,华宝银行ETF,SSE,2020-05-12,1.001,1.003,0.992,0.995,0.5010030150753818,0.5020040201005075,0.49649849246231653,0.498000000000005,0.5005025125628191,64818800.0,64507156.0,腾讯日K,2026-08-07T17:30:13,20260926T093659
512800,华宝银行ETF,SSE,2020-05-13,0.993,0.993,0.986,0.992,0.49650000000000494,0.49650000000000494,0.49300000000000493,0.49600000000000494,0.500000000000005,45786400.0,45288402.0,腾讯日K,2026-08-07T17:30:13,20260926T093659
512800,华宝银行ETF,SSE,2020-05-14,0.988,0.988,0.981,0.984,0.49400000000000494,0.49400000000000494,0.4905000000000049,0.4920000000000049,0.500000000000005,57413200.0,56472815.0,腾讯日K,2026-08-07T17:30:13,20260926T093659
512800,华宝银行ETF,SSE,2020-05-15,0.986,0.987,0.98,0.982,0.49300000000000493,0.49350000000000493,0.4900000000000049,0.4910000000000049,0.500000000000005,74240600.0,72953106.0,腾讯日K,2026-08-07T17:30:13,20260926T093659
512800,华宝银行ETF,SSE,2020-05-18,0.981,0.987,0.978,0.984,0.49050000000000477,0.4935000000000048,0.48900000000000476,0.4920000000000048,0.5000000000000049,103034300.0,101424990.0,腾讯日K,2026-08-07T17:30:13,20260926T093659
512800,华宝银行ETF,SSE,2020-05-19,0.99,0.995,0.987,0.989,0.4955005055611778,0.4980030333670424,0.4939989888776591,0.4950000000000049,0.5005055611729069,79387200.0,78599291.0,腾讯日K,2026-08-07T17:30:13,20260926T093659
512800,华宝银行ETF,SSE,2020-05-20,0.988,0.997,0.984,0.993,0.4944974823766413,0.4990020140986957,0.49249546827795043,0.4970000000000049,0.5005035246727139,102862200.0,101905846.0,腾讯日K,2026-08-07T17:30:13,20260926T093659
512800,华宝银行ETF,SSE,2020-05-21,0.996,0.997,0.989,0.99,0.4980000000000049,0.4985000000000049,0.4945000000000048,0.4950000000000049,0.5000000000000049,82421700.0,81805825.0,腾讯日K,2026-08-07T17:30:13,20260926T093659
512800,华宝银行ETF,SSE,2020-05-22,0.989,0.989,0.973,0.974,0.49450000000000494,0.49450000000000494,0.4865000000000049,0.4870000000000048,0.500000000000005,96443500.0,94529253.0,腾讯日K,2026-08-07T17:30:13,20260926T093659
512800,华宝银行ETF,SSE,2020-05-25,0.974,0.976,0.968,0.971,0.4875015447991809,0.48850257466529834,0.4844984552008287,0.4860000000000048,0.5005149330587073,46600700.0,45249426.0,腾讯日K,2026-08-07T17:30:13,20260926T093659
512800,华宝银行ETF,SSE,2020-05-26,0.972,0.976,0.972,0.976,0.4860000000000048,0.4880000000000049,0.4860000000000048,0.4880000000000049,0.500000000000005,57451000.0,55925281.0,腾讯日K,2026-08-07T17:30:13,20260926T093659
512800,华宝银行ETF,SSE,2020-05-27,0.975,0.986,0.973,0.979,0.4879979570990855,0.4935035750766137,0.48699693564862584,0.4900000000000049,0.5005107252298313,61848300.0,60644220.0,腾讯日K,2026-08-07T17:30:13,20260926T093659
512800,华宝银行ETF,SSE,2020-05-28,0.981,0.999,0.98,0.994,0.49050000000000477,0.4995000000000049,0.49000000000000477,0.4970000000000049,0.5000000000000049,114367200.0,113582013.0,腾讯日K,2026-08-07T17:30:13,20260926T093659
512800,华宝银行ETF,SSE,2020-05-29,0.989,0.992,0.986,0.989,0.49500000000000494,0.49650151668352366,0.4934984833164862,0.4950000000000049,0.5005055611729069,56230800.0,55589183.0,腾讯日K,2026-08-07T17:30:13,20260926T093659
512800,华宝银行ETF,SSE,2020-06-01,0.991,1.003,0.99,1.001,0.49599500499501,0.502000999001004,0.49549450549451046,0.501000000000005,0.5004995004995055,114561900.0,114472094.0,腾讯日K,2026-08-07T17:30:13,20260926T093659
512800,华宝银行ETF,SSE,2020-06-02,1.001,1.009,0.999,1.007,0.5009970208540268,0.5050009930486644,0.49999602780536745,0.504000000000005,0.5004965243296972,75063500.0,75380936.0,腾讯日K,2026-08-07T17:30:13,20260926T093659
512800,华宝银行ETF,SSE,2020-06-03,1.01,1.024,1.008,1.009,0.5055004955401439,0.5125074331020865,0.5044995044598664,0.5050000000000051,0.5004955401387563,184250900.0,187478422.0,腾讯日K,2026-08-07T17:30:13,20260926T093659
512800,华宝银行ETF,SSE,2020-06-04,1.012,1.014,1.004,1.007,0.5065024826216535,0.507503475670313,0.502498510427016,0.504000000000005,0.5004965243296972,52684500.0,53082753.0,腾讯日K,2026-08-07T17:30:13,20260926T093659
512800,华宝银行ETF,SSE,2020-06-05,1.006,1.008,1.001,1.008,0.503000000000005,0.504000000000005,0.5005000000000049,0.504000000000005,0.500000000000005,77019600.0,77364442.0,腾讯日K,2026-08-07T17:30:13,20260926T093659
512800,华宝银行ETF,SSE,2020-06-08,1.01,1.015,1.006,1.008,0.505000000000005,0.5075000000000051,0.503000000000005,0.504000000000005,0.500000000000005,63409900.0,64026331.0,腾讯日K,2026-08-07T17:30:13,20260926T093659
512800,华宝银行ETF,SSE,2020-06-09,1.007,1.011,1.004,1.009,0.5039990089197275,0.5060009910802825,0.5024975222993113,0.5050000000000051,0.5004955401387563,90230700.0,90979878.0,腾讯日K,2026-08-07T17:30:13,20260926T093659
512800,华宝银行ETF,SSE,2020-06-10,1.009,1.01,1.002,1.004,0.504500000000005,0.505000000000005,0.501000000000005,0.502000000000005,0.500000000000005,62070300.0,62413425.0,腾讯日K,2026-08-07T17:30:13,20260926T093659
512800,华宝银行ETF,SSE,2020-06-11,1.001,1.002,0.989,0.991,0.5010050454086831,0.5015055499495509,0.49499899091826927,0.49600000000000494,0.5005045408678153,121832800.0,121278481.0,腾讯日K,2026-08-07T17:30:13,20260926T093659
512800,华宝银行ETF,SSE,2020-06-12,0.982,0.991,0.981,0.99,0.4910000000000049,0.49550000000000494,0.4905000000000049,0.49500000000000494,0.500000000000005,62274700.0,61391213.0,腾讯日K,2026-08-07T17:30:13,20260926T093659
512800,华宝银行ETF,SSE,2020-06-15,0.987,0.988,0.98,0.98,0.49350000000000493,0.49400000000000494,0.4900000000000049,0.49000000000000493,0.500000000000005,77673000.0,76411808.0,腾讯日K,2026-08-07T17:30:13,20260926T093659
512800,华宝银行ETF,SSE,2020-06-16,0.985,0.988,0.984,0.987,0.4929989868287791,0.494500506585618,0.4924984802431661,0.49400000000000505,0.5005065856129737,67759500.0,66829494.0,腾讯日K,2026-08-07T17:30:13,20260926T093659
512800,华宝银行ETF,SSE,2020-06-17,0.986,0.988,0.982,0.988,0.49300000000000505,0.49400000000000505,0.491000000000005,0.49400000000000505,0.5000000000000051,41593500.0,40975366.0,腾讯日K,2026-08-07T17:30:13,20260926T093659
512800,华宝银行ETF,SSE,2020-06-18,0.985,0.985,0.973,0.982,0.49250000000000504,0.49250000000000504,0.486500000000005,0.491000000000005,0.5000000000000051,201582400.0,197116651.0,腾讯日K,2026-08-07T17:30:13,20260926T093659
512800,华宝银行ETF,SSE,2020-06-19,0.981,0.991,0.98,0.987,0.4909969604863272,0.4960020263424569,0.49049645390071417,0.49400000000000505,0.5005065856129737,220972800.0,217765973.0,腾讯日K,2026-08-07T17:30:13,20260926T093659
512800,华宝银行ETF,SSE,2020-06-22,0.984,0.991,0.982,0.984,0.49200000000000504,0.49550000000000505,0.491000000000005,0.492000000000005,0.5000000000000051,247803200.0,244396655.0,腾讯日K,2026-08-07T17:30:13,20260926T093659
512800,华宝银行ETF,SSE,2020-06-23,0.982,0.983,0.976,0.98,0.491000000000005,0.491500000000005,0.488000000000005,0.490000000000005,0.5000000000000051,152029800.0,148828773.0,腾讯日K,2026-08-07T17:30:13,20260926T093659
512800,华宝银行ETF,SSE,2020-06-24,0.98,0.992,0.979,0.991,0.49049445005045905,0.49650050454087286,0.48999394550959124,0.496000000000005,0.5005045408678154,247559300.0,244523318.0,腾讯日K,2026-08-07T17:30:13,20260926T093659
512800,华宝银行ETF,SSE,2020-06-29,1.0,1.003,0.984,0.987,0.5005065856129737,0.5020081053698126,0.4924984802431661,0.494000000000005,0.5005065856129737,255520300.0,253296661.0,腾讯日K,2026-08-07T17:30:13,20260926T093659
512800,华宝银行ETF,SSE,2020-06-30,0.988,0.993,0.984,0.99,0.49400000000000505,0.49650000000000505,0.49200000000000504,0.49500000000000505,0.5000000000000051,431633100.0,427237476.0,腾讯日K,2026-08-07T17:30:13,20260926T093659
512800,华宝银行ETF,SSE,2020-07-01,0.99,1.008,0.988,1.006,0.49500000000000505,0.5040000000000051,0.49400000000000505,0.5030000000000051,0.5000000000000051,497649900.0,497262135.0,腾讯日K,2026-08-07T17:30:13,20260926T093659
512800,华宝银行ETF,SSE,2020-07-02,1.003,1.031,1.001,1.03,0.5015000000000052,0.5155000000000053,0.5005000000000052,0.5150000000000053,0.5000000000000052,585698300.0,596660448.0,腾讯日K,2026-08-07T17:30:13,20260926T093659
512800,华宝银行ETF,SSE,2020-07-03,1.036,1.061,1.035,1.057,0.518490066225171,0.531001892147593,0.517989593188274,0.5290000000000055,0.5004730368968832,676009000.0,709510019.0,腾讯日K,2026-08-07T17:30:13,20260926T093659
512800,华宝银行ETF,SSE,2020-07-06,1.074,1.163,1.074,1.163,0.5374617368873658,0.582000000000006,0.5374617368873658,0.582000000000006,0.5004299226139346,1132533200.0,1266172121.0,腾讯日K,2026-08-07T17:30:13,20260926T093659
512800,华宝银行ETF,SSE,2020-07-07,1.219,1.22,1.141,1.146,0.6095000000000063,0.6100000000000062,0.5705000000000058,0.5730000000000058,0.5000000000000051,1437429700.0,1681641345.0,腾讯日K,2026-08-07T17:30:13,20260926T093659
512800,华宝银行ETF,SSE,2020-07-08,1.132,1.167,1.131,1.157,0.5664891961970671,0.5840043215211814,0.5659887640449496,0.5790000000000058,0.5004321521175504,915221900.0,1051344773.0,腾讯日K,2026-08-07T17:30:13,20260926T093659
512800,华宝银行ETF,SSE,2020-07-09,1.15,1.15,1.128,1.143,0.575503062117241,0.575503062117241,0.5644934383202156,0.5720000000000057,0.5004374453193401,981604300.0,1117930232.0,腾讯日K,2026-08-07T17:30:13,20260926T093659
512800,华宝银行ETF,SSE,2020-07-10,1.132,1.135,1.094,1.101,0.566514078110814,0.5680154405086343,0.5474968210717586,0.5510000000000056,0.5004541326067262,840334200.0,935642408.0,腾讯日K,2026-08-07T17:30:13,20260926T093659
512800,华宝银行ETF,SSE,2020-07-13,1.088,1.112,1.083,1.101,0.5444940962761182,0.5565049954586796,0.5419918256130845,0.5510000000000056,0.5004541326067262,784988600.0,861827268.0,腾讯日K,2026-08-07T17:30:13,20260926T093659
512800,华宝银行ETF,SSE,2020-07-14,1.099,1.101,1.076,1.085,0.5500064516129088,0.551007373271895,0.5384958525345678,0.5430000000000055,0.5004608294930927,719963000.0,783625363.0,腾讯日K,2026-08-07T17:30:13,20260926T093659
512800,华宝银行ETF,SSE,2020-07-15,1.091,1.093,1.061,1.066,0.5455000000000054,0.5465000000000054,0.5305000000000053,0.5330000000000054,0.500000000000005,603809200.0,647475245.0,腾讯日K,2026-08-07T17:30:13,20260926T093659
512800,华宝银行ETF,SSE,2020-07-16,1.068,1.084,1.062,1.063,0.5345023518344363,0.5425098777046151,0.5314995296331193,0.5320000000000054,0.5004703668861763,913679600.0,982597299.0,腾讯日K,2026-08-07T17:30:13,20260926T093659
512800,华宝银行ETF,SSE,2020-07-17,1.068,1.072,1.055,1.063,0.5345023518344363,0.536504233301981,0.5279962370649159,0.5320000000000054,0.5004703668861763,557179300.0,592176423.0,腾讯日K,2026-08-07T17:30:13,20260926T093659
512800,华宝银行ETF,SSE,2020-07-20,1.069,1.093,1.061,1.091,0.5349899175068797,0.5470009165902896,0.5309862511457432,0.5460000000000055,0.5004582951420765,751643700.0,813091117.0,腾讯日K,2026-08-07T17:30:13,20260926T093659
512800,华宝银行ETF,SSE,2020-07-21,1.091,1.091,1.077,1.081,0.5460046253469065,0.5460046253469065,0.5389981498612451,0.5410000000000055,0.5004625346901068,438412700.0,473813293.0,腾讯日K,2026-08-07T17:30:13,20260926T093659
512800,华宝银行ETF,SSE,2020-07-22,1.082,1.094,1.074,1.08,0.5410000000000055,0.5470000000000055,0.5370000000000054,0.5400000000000055,0.500000000000005,535293000.0,579493577.0,腾讯日K,2026-08-07T17:30:13,20260926T093659
512800,华宝银行ETF,SSE,2020-07-23,1.071,1.076,1.052,1.064,0.5355000000000053,0.5380000000000054,0.5260000000000052,0.5320000000000054,0.500000000000005,539625700.0,573658766.0,腾讯日K,2026-08-07T17:30:13,20260926T093659
512800,华宝银行ETF,SSE,2020-07-24,1.056,1.061,1.031,1.039,0.5285081809432198,0.5310105871029889,0.5159961501443746,0.5200000000000051,0.5004812319538067,582878800.0,609334029.0,腾讯日K,2026-08-07T17:30:13,20260926T093659
512800,华宝银行ETF,SSE,2020-07-27,1.039,1.042,1.023,1.03,0.5195000000000052,0.5210000000000052,0.5115000000000051,0.5150000000000051,0.500000000000005,413152600.0,425371078.0,腾讯日K,2026-08-07T17:30:13,20260926T093659
512800,华宝银行ETF,SSE,2020-07-28,1.035,1.037,1.028,1.033,0.5180009680542161,0.5190019361084272,0.5144975798644775,0.5170000000000051,0.5004840271055229,295665500.0,305301189.0,腾讯日K,2026-08-07T17:30:13,20260926T093659
512800,华宝银行ETF,SSE,2020-07-29,1.03,1.048,1.026,1.047,0.5154918815663854,0.5245004775549241,0.51348997134671,0.5240000000000052,0.5004775549188207,559999600.0,582223876.0,腾讯日K,2026-08-07T17:30:13,20260926T093659
512800,华宝银行ETF,SSE,2020-07-30,1.045,1.046,1.035,1.035,0.5230048309178796,0.5235053140096672,0.5180000000000052,0.5180000000000051,0.5004830917874447,273979800.0,284951317.0,腾讯日K,2026-08-07T17:30:13,20260926T093659
512800,华宝银行ETF,SSE,2020-07-31,1.035,1.047,1.031,1.038,0.5175000000000051,0.5235000000000051,0.515500000000005,0.5190000000000051,0.5000000000000049,337804500.0,350877873.0,腾讯日K,2026-08-07T17:30:13,20260926T093659
512800,华宝银行ETF,SSE,2020-08-03,1.045,1.047,1.039,1.046,0.5225000000000052,0.5235000000000052,0.5195000000000052,0.5230000000000052,0.500000000000005,422790100.0,440848353.0,腾讯日K,2026-08-07T17:30:13,20260926T093659
512800,华宝银行ETF,SSE,2020-08-04,1.048,1.077,1.043,1.07,0.5240000000000052,0.5385000000000053,0.5215000000000052,0.5350000000000054,0.500000000000005,1248278000.0,1327988402.0,腾讯日K,2026-08-07T17:30:13,20260926T093659
512800,华宝银行ETF,SSE,2020-08-05,1.062,1.063,1.051,1.059,0.5315014164306002,0.5320018885741318,0.5259962228517522,0.5300000000000052,0.5004721435316386,405744900.0,428805663.0,腾讯日K,2026-08-07T17:30:13,20260926T093659
512800,华宝银行ETF,SSE,2020-08-06,1.06,1.068,1.052,1.066,0.5300000000000054,0.5340000000000054,0.5260000000000052,0.5330000000000054,0.500000000000005,403936100.0,428631780.0,腾讯日K,2026-08-07T17:30:13,20260926T093659
512800,华宝银行ETF,SSE,2020-08-07,1.06,1.066,1.05,1.054,0.5300000000000054,0.5330000000000054,0.5250000000000052,0.5270000000000052,0.500000000000005,342757200.0,362288447.0,腾讯日K,2026-08-07T17:30:13,20260926T093659
512800,华宝银行ETF,SSE,2020-08-10,1.052,1.07,1.048,1.066,0.5260000000000052,0.5350000000000054,0.5240000000000052,0.5330000000000054,0.500000000000005,465266900.0,494709883.0,腾讯日K,2026-08-07T17:30:13,20260926T093659
512800,华宝银行ETF,SSE,2020-08-11,1.065,1.09,1.064,1.068,0.5325000000000053,0.5450000000000055,0.5320000000000054,0.5340000000000054,0.500000000000005,697873500.0,754241671.0,腾讯日K,2026-08-07T17:30:13,20260926T093659
512800,华宝银行ETF,SSE,2020-08-12,1.071,1.082,1.063,1.076,0.5355000000000053,0.5410000000000055,0.5315000000000053,0.5380000000000054,0.500000000000005,566421200.0,607700897.0,腾讯日K,2026-08-07T17:30:13,20260926T093659
512800,华宝银行ETF,SSE,2020-08-13,1.078,1.079,1.068,1.07,0.5390000000000055,0.5395000000000054,0.5340000000000054,0.5350000000000054,0.500000000000005,238543600.0,255809160.0,腾讯日K,2026-08-07T17:30:13,20260926T093659
512800,华宝银行ETF,SSE,2020-08-14,1.068,1.088,1.068,1.087,0.5344912603495914,0.5445004599816062,0.5344912603495914,0.5440000000000055,0.500459981600741,387220500.0,417272728.0,腾讯日K,2026-08-07T17:30:13,20260926T093659
512800,华宝银行ETF,SSE,2020-08-17,1.09,1.128,1.089,1.117,0.5454879140555114,0.5645049239033181,0.5449874664279375,0.5590000000000057,0.5004476275738636,1016918100.0,1130022850.0,腾讯日K,2026-08-07T17:30:13,20260926T093659
512800,华宝银行ETF,SSE,2020-08-18,1.115,1.116,1.1,1.107,0.5580036133694726,0.5585040650406561,0.5504968383017219,0.5540000000000056,0.5004516711833835,448240200.0,495548580.0,腾讯日K,2026-08-07T17:30:13,20260926T093659
512800,华宝银行ETF,SSE,2020-08-19,1.104,1.109,1.095,1.097,0.5525031905196046,0.5550054694621752,0.5479990884229773,0.5490000000000056,0.5004557885141345,349670400.0,385400055.0,腾讯日K,2026-08-07T17:30:13,20260926T093659
512800,华宝银行ETF,SSE,2020-08-20,1.092,1.093,1.076,1.077,0.5465069637883063,0.5470074280408597,0.538499535747452,0.5390000000000054,0.500464252553394,389445400.0,421683493.0,腾讯日K,2026-08-07T17:30:13,20260926T093659
512800,华宝银行ETF,SSE,2020-08-21,1.083,1.086,1.077,1.084,0.5415000000000054,0.5430000000000055,0.5385000000000053,0.5420000000000055,0.500000000000005,200339100.0,216824145.0,腾讯日K,2026-08-07T17:30:13,20260926T093659
512800,华宝银行ETF,SSE,2020-08-24,1.083,1.086,1.075,1.078,0.5415000000000054,0.5430000000000055,0.5375000000000053,0.5390000000000054,0.500000000000005,193307800.0,208821160.0,腾讯日K,2026-08-07T17:30:13,20260926T093659
512800,华宝银行ETF,SSE,2020-08-25,1.079,1.086,1.075,1.078,0.5395000000000054,0.5430000000000055,0.5375000000000053,0.5390000000000054,0.500000000000005,217080000.0,234184430.0,腾讯日K,2026-08-07T17:30:13,20260926T093659
512800,华宝银行ETF,SSE,2020-08-26,1.078,1.079,1.066,1.069,0.5395042095416331,0.5400046772684806,0.5334985968194628,0.5350000000000054,0.500467726847526,217993600.0,233576233.0,腾讯日K,2026-08-07T17:30:13,20260926T093659
512800,华宝银行ETF,SSE,2020-08-27,1.069,1.071,1.061,1.069,0.5350000000000054,0.5360009354537004,0.5309962581852251,0.5350000000000054,0.500467726847526,175452400.0,186965687.0,腾讯日K,2026-08-07T17:30:13,20260926T093659
512800,华宝银行ETF,SSE,2020-08-28,1.068,1.092,1.064,1.091,0.5344894592117377,0.5465004582951476,0.5324876260311694,0.5460000000000055,0.5004582951420765,418104500.0,452227944.0,腾讯日K,2026-08-07T17:30:13,20260926T093659
512800,华宝银行ETF,SSE,2020-08-31,1.094,1.105,1.082,1.084,0.5470000000000055,0.5525000000000055,0.5410000000000055,0.5420000000000055,0.500000000000005,329551100.0,361171089.0,腾讯日K,2026-08-07T17:30:13,20260926T093659
512800,华宝银行ETF,SSE,2020-09-01,1.079,1.085,1.077,1.083,0.5399981532779372,0.5430009233610397,0.538997229916903,0.5420000000000055,0.5004616805170873,210871900.0,227963028.0,腾讯日K,2026-08-07T17:30:13,20260926T093659
512800,华宝银行ETF,SSE,2020-09-02,1.083,1.083,1.069,1.075,0.542003720930238,0.542003720930238,0.5349972093023309,0.5380000000000054,0.5004651162790748,182603800.0,196377177.0,腾讯日K,2026-08-07T17:30:13,20260926T093659
512800,华宝银行ETF,SSE,2020-09-03,1.075,1.079,1.068,1.07,0.5375000000000053,0.5395000000000054,0.5340000000000054,0.5350000000000054,0.500000000000005,197653900.0,211991326.0,腾讯日K,2026-08-07T17:30:13,20260926T093659
512800,华宝银行ETF,SSE,2020-09-04,1.062,1.07,1.06,1.066,0.5310000000000054,0.5350000000000054,0.5300000000000054,0.5330000000000054,0.500000000000005,227320800.0,242044147.0,腾讯日K,2026-08-07T17:30:13,20260926T093659
512800,华宝银行ETF,SSE,2020-09-07,1.066,1.075,1.06,1.061,0.5335023562676774,0.5380065975494871,0.530499528746471,0.5310000000000054,0.5004712535344066,218353400.0,233002536.0,腾讯日K,2026-08-07T17:30:13,20260926T093659
512800,华宝银行ETF,SSE,2020-09-08,1.064,1.079,1.064,1.078,0.5320000000000052,0.5395000000000052,0.5320000000000052,0.5390000000000053,0.5000000000000049,331887400.0,356589900.0,腾讯日K,2026-08-07T17:30:13,20260926T093659
512800,华宝银行ETF,SSE,2020-09-09,1.072,1.083,1.068,1.072,0.5360000000000053,0.5415000000000053,0.5340000000000052,0.5360000000000053,0.5000000000000049,212367100.0,228448693.0,腾讯日K,2026-08-07T17:30:13,20260926T093659
512800,华宝银行ETF,SSE,2020-09-10,1.077,1.079,1.067,1.069,0.5390037418147854,0.5400046772684804,0.5339990645463102,0.5350000000000052,0.5004677268475259,187465500.0,201058145.0,腾讯日K,2026-08-07T17:30:13,20260926T093659
512800,华宝银行ETF,SSE,2020-09-11,1.067,1.07,1.055,1.062,0.5335000000000052,0.5350000000000052,0.5275000000000051,0.5310000000000052,0.5000000000000049,216486100.0,229773983.0,腾讯日K,2026-08-07T17:30:13,20260926T093659
512800,华宝银行ETF,SSE,2020-09-14,1.064,1.066,1.059,1.065,0.5324995305164373,0.5335004694835734,0.5299971830985968,0.5330000000000052,0.5004694835680801,126329500.0,134200092.0,腾讯日K,2026-08-07T17:30:13,20260926T093659
512800,华宝银行ETF,SSE,2020-09-15,1.063,1.073,1.061,1.07,0.5315000000000052,0.5365000000000052,0.5305000000000052,0.5350000000000052,0.5000000000000049,138721200.0,148094799.0,腾讯日K,2026-08-07T17:30:13,20260926T093659
512800,华宝银行ETF,SSE,2020-09-16,1.068,1.076,1.064,1.072,0.5340000000000052,0.5380000000000053,0.5320000000000052,0.5360000000000053,0.5000000000000049,150405600.0,161140300.0,腾讯日K,2026-08-07T17:30:13,20260926T093659
512800,华宝银行ETF,SSE,2020-09-17,1.072,1.078,1.068,1.068,0.5360000000000053,0.5390000000000053,0.5340000000000052,0.5340000000000052,0.5000000000000049,138171400.0,148312918.0,腾讯日K,2026-08-07T17:30:13,20260926T093659
512800,华宝银行ETF,SSE,2020-09-18,1.067,1.091,1.067,1.09,0.5335000000000051,0.5455000000000052,0.5335000000000051,0.5450000000000053,0.5000000000000048,332947100.0,360355868.0,腾讯日K,2026-08-07T17:30:13,20260926T093659
512800,华宝银行ETF,SSE,2020-09-21,1.091,1.094,1.081,1.084,0.5455000000000052,0.5470000000000053,0.5405000000000051,0.5420000000000053,0.5000000000000048,178834100.0,194160674.0,腾讯日K,2026-08-07T17:30:13,20260926T093659
512800,华宝银行ETF,SSE,2020-09-22,1.08,1.087,1.07,1.072,0.5400000000000051,0.5435000000000052,0.5350000000000051,0.5360000000000051,0.5000000000000048,197985300.0,213191376.0,腾讯日K,2026-08-07T17:30:13,20260926T093659
512800,华宝银行ETF,SSE,2020-09-23,1.072,1.074,1.066,1.068,0.5360000000000051,0.5370000000000051,0.5330000000000051,0.5340000000000051,0.5000000000000048,332681700.0,355586609.0,腾讯日K,2026-08-07T17:30:13,20260926T093659
512800,华宝银行ETF,SSE,2020-09-24,1.062,1.065,1.05,1.052,0.5310000000000051,0.5325000000000051,0.525000000000005,0.526000000000005,0.5000000000000048,192691500.0,203481415.0,腾讯日K,2026-08-07T17:30:13,20260926T093659
512800,华宝银行ETF,SSE,2020-09-25,1.053,1.056,1.05,1.054,0.526500000000005,0.528000000000005,0.525000000000005,0.527000000000005,0.5000000000000048,130360600.0,137323399.0,腾讯日K,2026-08-07T17:30:13,20260926T093659
512800,华宝银行ETF,SSE,2020-09-28,1.054,1.058,1.051,1.056,0.527000000000005,0.529000000000005,0.525500000000005,0.528000000000005,0.5000000000000048,121738200.0,128333651.0,腾讯日K,2026-08-07T17:30:13,20260926T093659
512800,华宝银行ETF,SSE,2020-09-29,1.059,1.059,1.045,1.046,0.5295000000000051,0.5295000000000051,0.522500000000005,0.523000000000005,0.5000000000000048,206696700.0,217106921.0,腾讯日K,2026-08-07T17:30:13,20260926T093659
512800,华宝银行ETF,SSE,2020-09-30,1.047,1.052,1.037,1.041,0.5240028818443854,0.526505283381369,0.5189980787704179,0.5210000000000049,0.5004803073967387,176748400.0,184740741.0,腾讯日K,2026-08-07T17:30:13,20260926T093659
512800,华宝银行ETF,SSE,2020-10-09,1.047,1.052,1.045,1.046,0.523500000000005,0.526000000000005,0.522500000000005,0.523000000000005,0.5000000000000048,168665800.0,176778521.0,腾讯日K,2026-08-07T17:30:13,20260926T093659
512800,华宝银行ETF,SSE,2020-10-12,1.048,1.075,1.047,1.073,0.5244883504193899,0.5380009319664543,0.5239878844361653,0.537000000000005,0.5004659832246087,299925900.0,319106940.0,腾讯日K,2026-08-07T17:30:13,20260926T093659
512800,华宝银行ETF,SSE,2020-10-13,1.067,1.075,1.065,1.072,0.533500000000005,0.537500000000005,0.532500000000005,0.536000000000005,0.5000000000000047,199713500.0,213799858.0,腾讯日K,2026-08-07T17:30:13,20260926T093659
512800,华宝银行ETF,SSE,2020-10-14,1.075,1.077,1.067,1.071,0.5380018674136372,0.5390028011204533,0.533998132586373,0.536000000000005,0.5004668534080347,156411400.0,167328788.0,腾讯日K,2026-08-07T17:30:13,20260926T093659
512800,华宝银行ETF,SSE,2020-10-15,1.072,1.096,1.071,1.087,0.5364931002759941,0.5485041398344118,0.5359926402943932,0.5440000000000051,0.5004599816007407,577979400.0,628443108.0,腾讯日K,2026-08-07T17:30:13,20260926T093659
512800,华宝银行ETF,SSE,2020-10-16,1.085,1.117,1.084,1.106,0.5425000000000051,0.5585000000000052,0.5420000000000051,0.5530000000000053,0.5000000000000047,726976800.0,803712672.0,腾讯日K,2026-08-07T17:30:13,20260926T093659
512800,华宝银行ETF,SSE,2020-10-19,1.113,1.142,1.107,1.108,0.5565000000000052,0.5710000000000053,0.5535000000000051,0.5540000000000053,0.5000000000000047,524678200.0,591064037.0,腾讯日K,2026-08-07T17:30:13,20260926T093659
512800,华宝银行ETF,SSE,2020-10-20,1.107,1.111,1.098,1.105,0.5540009049773809,0.556002714932132,0.5494968325791908,0.5530000000000053,0.5004524886877876,275524300.0,303919625.0,腾讯日K,2026-08-07T17:30:13,20260926T093659
512800,华宝银行ETF,SSE,2020-10-21,1.105,1.125,1.1,1.123,0.552991985752454,0.5630008904719555,0.5504897595725787,0.5620000000000053,0.5004452359750715,352171500.0,392934929.0,腾讯日K,2026-08-07T17:30:13,20260926T093659
512800,华宝银行ETF,SSE,2020-10-22,1.125,1.139,1.112,1.121,0.5630017841213256,0.5700080285459466,0.5564959857270347,0.5610000000000053,0.5004460303300672,344241700.0,386727229.0,腾讯日K,2026-08-07T17:30:13,20260926T093659
512800,华宝银行ETF,SSE,2020-10-23,1.119,1.142,1.115,1.129,0.5599955713020422,0.5715057573073568,0.5579937998228571,0.565000000000005,0.5004428697962844,642851700.0,729095644.0,腾讯日K,2026-08-07T17:30:13,20260926T093659
512800,华宝银行ETF,SSE,2020-10-26,1.128,1.132,1.102,1.108,0.564000000000005,0.566000000000005,0.551000000000005,0.554000000000005,0.5000000000000046,407043000.0,452125821.0,腾讯日K,2026-08-07T17:30:13,20260926T093659
512800,华宝银行ETF,SSE,2020-10-27,1.103,1.11,1.1,1.103,0.5520000000000052,0.5555031731641031,0.5504986400725346,0.552000000000005,0.5004533091568496,186720200.0,206137770.0,腾讯日K,2026-08-07T17:30:13,20260926T093659
512800,华宝银行ETF,SSE,2020-10-28,1.103,1.107,1.087,1.092,0.5515000000000049,0.5535000000000049,0.5435000000000048,0.5460000000000049,0.5000000000000044,186298700.0,203662932.0,腾讯日K,2026-08-07T17:30:13,20260926T093659
512800,华宝银行ETF,SSE,2020-10-29,1.082,1.101,1.08,1.093,0.5414949679780471,0.551003659652338,0.5404940530649638,0.5470000000000049,0.5004574565416331,286684800.0,312580730.0,腾讯日K,2026-08-07T17:30:13,20260926T093659
512800,华宝银行ETF,SSE,2020-10-30,1.091,1.107,1.08,1.081,0.5460046253469061,0.5540120259019478,0.5404995374653149,0.5410000000000049,0.5004625346901064,258046600.0,281987320.0,腾讯日K,2026-08-07T17:30:13,20260926T093659
512800,华宝银行ETF,SSE,2020-11-02,1.082,1.091,1.074,1.082,0.5410000000000049,0.545500000000005,0.5370000000000049,0.5410000000000049,0.5000000000000046,206547600.0,223629421.0,腾讯日K,2026-08-07T17:30:13,20260926T093659
512800,华宝银行ETF,SSE,2020-11-03,1.089,1.106,1.089,1.096,0.5445000000000046,0.5530000000000048,0.5445000000000046,0.5480000000000048,0.5000000000000043,313919800.0,344941253.0,腾讯日K,2026-08-07T17:30:13,20260926T093659
512800,华宝银行ETF,SSE,2020-11-04,1.106,1.113,1.1,1.109,0.5534986474301221,0.5570018034265153,0.5504959422903566,0.5550000000000048,0.5004508566275968,308252900.0,341004782.0,腾讯日K,2026-08-07T17:30:13,20260926T093659
512800,华宝银行ETF,SSE,2020-11-05,1.119,1.121,1.101,1.106,0.5595000000000049,0.5605000000000049,0.5505000000000048,0.5530000000000048,0.5000000000000043,391159700.0,434377433.0,腾讯日K,2026-08-07T17:30:13,20260926T093659
512800,华宝银行ETF,SSE,2020-11-06,1.105,1.106,1.095,1.101,0.5530018165304317,0.5535022706630385,0.5479972752043645,0.5510000000000048,0.5004541326067256,257227200.0,283146379.0,腾讯日K,2026-08-07T17:30:13,20260926T093659
512800,华宝银行ETF,SSE,2020-11-09,1.102,1.116,1.102,1.114,0.5510000000000048,0.5580000000000049,0.5510000000000048,0.5570000000000048,0.5000000000000043,455035700.0,505673660.0,腾讯日K,2026-08-07T17:30:13,20260926T093659
512800,华宝银行ETF,SSE,2020-11-10,1.122,1.132,1.114,1.12,0.5610000000000049,0.5660000000000048,0.5570000000000048,0.5600000000000049,0.5000000000000043,358406800.0,402940578.0,腾讯日K,2026-08-07T17:30:13,20260926T093659
512800,华宝银行ETF,SSE,2020-11-11,1.118,1.132,1.115,1.125,0.5594968888888937,0.5665031111111158,0.5579955555555602,0.5630000000000048,0.5004444444444487,312672700.0,351319091.0,腾讯日K,2026-08-07T17:30:13,20260926T093659
512800,华宝银行ETF,SSE,2020-11-12,1.123,1.124,1.112,1.114,0.5615000000000049,0.5620000000000049,0.5560000000000048,0.5570000000000048,0.5000000000000043,214167100.0,239210452.0,腾讯日K,2026-08-07T17:30:13,20260926T093659
512800,华宝银行ETF,SSE,2020-11-13,1.109,1.109,1.085,1.097,0.5550054694621744,0.5550054694621744,0.5429945305378352,0.5490000000000048,0.5004557885141339,341148900.0,372752830.0,腾讯日K,2026-08-07T17:30:13,20260926T093659
512800,华宝银行ETF,SSE,2020-11-16,1.095,1.101,1.093,1.099,0.54799818016379,0.5510009099181121,0.5469972702456827,0.5500000000000048,0.5004549590536895,149579300.0,164094155.0,腾讯日K,2026-08-07T17:30:13,20260926T093659
512800,华宝银行ETF,SSE,2020-11-17,1.099,1.116,1.097,1.114,0.5495000000000048,0.5580000000000049,0.5485000000000048,0.5570000000000048,0.5000000000000043,301281900.0,333174571.0,腾讯日K,2026-08-07T17:30:13,20260926T093659
512800,华宝银行ETF,SSE,2020-11-18,1.108,1.142,1.108,1.136,0.5540000000000049,0.5710000000000051,0.5540000000000049,0.568000000000005,0.5000000000000044,512852400.0,581024428.0,腾讯日K,2026-08-07T17:30:13,20260926T093659
512800,华宝银行ETF,SSE,2020-11-19,1.133,1.149,1.129,1.144,0.5665000000000049,0.574500000000005,0.5645000000000049,0.572000000000005,0.5000000000000043,304361700.0,347104188.0,腾讯日K,2026-08-07T17:30:13,20260926T093659
512800,华宝银行ETF,SSE,2020-11-20,1.136,1.141,1.132,1.14,0.5680000000000048,0.5705000000000049,0.5660000000000048,0.570000000000005,0.5000000000000043,195733600.0,222510059.0,腾讯日K,2026-08-07T17:30:13,20260926T093659
512800,华宝银行ETF,SSE,2020-11-23,1.14,1.164,1.137,1.162,0.5700000000000051,0.5820000000000052,0.568500000000005,0.5810000000000051,0.5000000000000044,312279800.0,360790486.0,腾讯日K,2026-08-07T17:30:13,20260926T093659
512800,华宝银行ETF,SSE,2020-11-24,1.158,1.165,1.153,1.156,0.5790000000000051,0.5825000000000052,0.5765000000000051,0.5780000000000051,0.5000000000000044,249341200.0,288683080.0,腾讯日K,2026-08-07T17:30:13,20260926T093659
512800,华宝银行ETF,SSE,2020-11-25,1.161,1.172,1.144,1.146,0.580500000000005,0.5860000000000051,0.572000000000005,0.573000000000005,0.5000000000000043,277767300.0,321323100.0,腾讯日K,2026-08-07T17:30:13,20260926T093659
512800,华宝银行ETF,SSE,2020-11-26,1.144,1.165,1.144,1.163,0.5724918314703402,0.5830008598452329,0.5724918314703402,0.5820000000000051,0.5004299226139338,299980700.0,347175727.0,腾讯日K,2026-08-07T17:30:13,20260926T093659
512800,华宝银行ETF,SSE,2020-11-27,1.162,1.195,1.162,1.194,0.5810000000000051,0.5975000000000054,0.5810000000000051,0.5970000000000053,0.5000000000000044,426153500.0,501444608.0,腾讯日K,2026-08-07T17:30:13,20260926T093659
512800,华宝银行ETF,SSE,2020-11-30,1.212,1.237,1.178,1.179,0.6065139949109467,0.6190245971162056,0.5894995759117948,0.5900000000000052,0.5004240882103521,920422300.0,1118746582.0,腾讯日K,2026-08-07T17:30:13,20260926T093659
512800,华宝银行ETF,SSE,2020-12-01,1.175,1.217,1.173,1.211,0.5879851362510374,0.6090024772915,0.5869843104872058,0.6060000000000053,0.5004128819157765,616644800.0,737178304.0,腾讯日K,2026-08-07T17:30:13,20260926T093659
512800,华宝银行ETF,SSE,2020-12-02,1.209,1.218,1.192,1.205,0.6050016597510426,0.6095053941908767,0.5964946058091337,0.6030000000000053,0.5004149377593404,430331800.0,519106546.0,腾讯日K,2026-08-07T17:30:13,20260926T093659
512800,华宝银行ETF,SSE,2020-12-03,1.202,1.21,1.188,1.202,0.6010000000000053,0.6050000000000053,0.5940000000000053,0.6010000000000053,0.5000000000000044,294965100.0,353748202.0,腾讯日K,2026-08-07T17:30:13,20260926T093659
512800,华宝银行ETF,SSE,2020-12-04,1.196,1.198,1.176,1.19,0.5980000000000052,0.5990000000000052,0.5880000000000051,0.5950000000000052,0.5000000000000043,417775600.0,494238454.0,腾讯日K,2026-08-07T17:30:13,20260926T093659
512800,华宝银行ETF,SSE,2020-12-07,1.191,1.191,1.157,1.162,0.5955000000000051,0.5955000000000051,0.578500000000005,0.581000000000005,0.5000000000000043,488187400.0,569180200.0,腾讯日K,2026-08-07T17:30:13,20260926T093659
512800,华宝银行ETF,SSE,2020-12-08,1.16,1.169,1.152,1.156,0.580000000000005,0.5845000000000051,0.576000000000005,0.578000000000005,0.5000000000000043,363238800.0,420594338.0,腾讯日K,2026-08-07T17:30:13,20260926T093659
512800,华宝银行ETF,SSE,2020-12-09,1.158,1.17,1.151,1.154,0.579000000000005,0.5850000000000051,0.575500000000005,0.577000000000005,0.5000000000000043,396488500.0,460195432.0,腾讯日K,2026-08-07T17:30:13,20260926T093659
512800,华宝银行ETF,SSE,2020-12-10,1.15,1.157,1.139,1.147,0.5755013077593771,0.5790043591979125,0.5699965126416787,0.5740000000000048,0.5004359197907627,289574600.0,332156460.0,腾讯日K,2026-08-07T17:30:13,20260926T093659
512800,华宝银行ETF,SSE,2020-12-11,1.148,1.15,1.13,1.138,0.574000000000005,0.575000000000005,0.5650000000000048,0.5690000000000048,0.5000000000000043,292128000.0,332724970.0,腾讯日K,2026-08-07T17:30:13,20260926T093659
512800,华宝银行ETF,SSE,2020-12-14,1.141,1.151,1.138,1.145,0.570998253275114,0.5760026200873412,0.5694969432314458,0.5730000000000048,0.5004366812227117,280153400.0,320599071.0,腾讯日K,2026-08-07T17:30:13,20260926T093659
512800,华宝银行ETF,SSE,2020-12-15,1.143,1.144,1.122,1.135,0.5720035242290797,0.572503964757714,0.5614942731277581,0.5680000000000048,0.5004405286343655,338813900.0,382718048.0,腾讯日K,2026-08-07T17:30:13,20260926T093659
512800,华宝银行ETF,SSE,2020-12-16,1.136,1.146,1.133,1.137,0.5684995602462669,0.573503957783646,0.5669982409850532,0.5690000000000048,0.500439753737911,300767900.0,342701869.0,腾讯日K,2026-08-07T17:30:13,20260926T093659
512800,华宝银行ETF,SSE,2020-12-17,1.137,1.147,1.125,1.146,0.5685000000000048,0.5735000000000049,0.5625000000000048,0.5730000000000048,0.5000000000000042,397544800.0,452187571.0,腾讯日K,2026-08-07T17:30:13,20260926T093659
512800,华宝银行ETF,SSE,2020-12-18,1.142,1.145,1.125,1.128,0.571000000000005,0.572500000000005,0.5625000000000049,0.5640000000000048,0.5000000000000043,453971900.0,513990128.0,腾讯日K,2026-08-07T17:30:13,20260926T093659
512800,华宝银行ETF,SSE,2020-12-21,1.127,1.132,1.118,1.127,0.5640000000000048,0.5665022182786206,0.5594960070984963,0.5640000000000048,0.5004436557231631,417637000.0,469801378.0,腾讯日K,2026-08-07T17:30:13,20260926T093659
512800,华宝银行ETF,SSE,2020-12-22,1.125,1.129,1.101,1.105,0.5630090497737605,0.5650108597285117,0.5509981900452536,0.5530000000000048,0.5004524886877871,495267600.0,552888292.0,腾讯日K,2026-08-07T17:30:13,20260926T093659
512800,华宝银行ETF,SSE,2020-12-23,1.104,1.112,1.101,1.109,0.5524977457168669,0.5565013525698878,0.5509963931469841,0.5550000000000048,0.5004508566275968,369144300.0,408700807.0,腾讯日K,2026-08-07T17:30:13,20260926T093659
512800,华宝银行ETF,SSE,2020-12-24,1.112,1.125,1.111,1.116,0.5560000000000048,0.5625000000000049,0.5555000000000048,0.5580000000000049,0.5000000000000043,313911500.0,350702373.0,腾讯日K,2026-08-07T17:30:13,20260926T093659
512800,华宝银行ETF,SSE,2020-12-25,1.114,1.118,1.104,1.117,0.5574986571172834,0.5595004476275789,0.5524941808415448,0.5590000000000049,0.500447627573863,260737300.0,290024761.0,腾讯日K,2026-08-07T17:30:13,20260926T093659
512800,华宝银行ETF,SSE,2020-12-28,1.113,1.128,1.108,1.127,0.5569937888198804,0.5645004436557277,0.5544915705412646,0.5640000000000047,0.500443655723163,347473500.0,389365061.0,腾讯日K,2026-08-07T17:30:13,20260926T093659
512800,华宝银行ETF,SSE,2020-12-29,1.127,1.133,1.124,1.129,0.5639991142604122,0.5670017714791898,0.5624977856510234,0.5650000000000047,0.500442869796284,335129300.0,378156850.0,腾讯日K,2026-08-07T17:30:13,20260926T093659
512800,华宝银行ETF,SSE,2020-12-30,1.126,1.133,1.12,1.132,0.5630000000000048,0.5665000000000049,0.5600000000000049,0.5660000000000048,0.5000000000000043,435533700.0,489932443.0,腾讯日K,2026-08-07T17:30:13,20260926T093659
512800,华宝银行ETF,SSE,2020-12-31,1.131,1.151,1.13,1.145,0.565993886462887,0.5760026200873412,0.5654934497816642,0.5730000000000048,0.5004366812227117,695315900.0,793796165.0,腾讯日K,2026-08-07T17:30:13,20260926T093659
512800,华宝银行ETF,SSE,2021-01-04,1.137,1.137,1.111,1.123,0.5690062333036559,0.5690062333036559,0.555994657168304,0.5620000000000048,0.5004452359750711,1085958200.0,1214342224.0,腾讯日K,2026-08-07T17:30:13,20260926T093659
512800,华宝银行ETF,SSE,2021-01-05,1.116,1.116,1.095,1.108,0.5580000000000047,0.5580000000000047,0.5475000000000046,0.5540000000000047,0.5000000000000042,1118899600.0,1234197109.0,腾讯日K,2026-08-07T17:30:13,20260926T093659
512800,华宝银行ETF,SSE,2021-01-06,1.105,1.133,1.101,1.132,0.5525000000000048,0.5665000000000049,0.5505000000000048,0.5660000000000048,0.5000000000000043,975828200.0,1091593870.0,腾讯日K,2026-08-07T17:30:13,20260926T093659
512800,华宝银行ETF,SSE,2021-01-07,1.134,1.146,1.128,1.143,0.5674960629921307,0.5735013123359628,0.5644934383202147,0.5720000000000048,0.5004374453193393,745202600.0,846933555.0,腾讯日K,2026-08-07T17:30:13,20260926T093659
512800,华宝银行ETF,SSE,2021-01-08,1.145,1.157,1.137,1.146,0.5725000000000049,0.5785000000000049,0.5685000000000048,0.5730000000000048,0.5000000000000042,594366700.0,680656922.0,腾讯日K,2026-08-07T17:30:13,20260926T093659
512800,华宝银行ETF,SSE,2021-01-11,1.149,1.17,1.149,1.16,0.574500000000005,0.5850000000000051,0.574500000000005,0.580000000000005,0.5000000000000043,761967500.0,886964014.0,腾讯日K,2026-08-07T17:30:13,20260926T093659
512800,华宝银行ETF,SSE,2021-01-12,1.16,1.178,1.153,1.177,0.5804927782497925,0.589500424808841,0.5769898045879404,0.589000000000005,0.500424808836028,474868000.0,552738397.0,腾讯日K,2026-08-07T17:30:13,20260926T093659
512800,华宝银行ETF,SSE,2021-01-13,1.178,1.179,1.166,1.175,0.5895012765957496,0.5900017021276646,0.5834961702127708,0.588000000000005,0.5004255319148978,536437400.0,628452058.0,腾讯日K,2026-08-07T17:30:13,20260926T093659
512800,华宝银行ETF,SSE,2021-01-14,1.172,1.192,1.168,1.172,0.586000000000005,0.596000000000005,0.5840000000000048,0.586000000000005,0.5000000000000042,482601000.0,568840437.0,腾讯日K,2026-08-07T17:30:13,20260926T093659
512800,华宝银行ETF,SSE,2021-01-15,1.197,1.236,1.197,1.206,0.5985000000000053,0.6180000000000053,0.5985000000000053,0.6030000000000052,0.5000000000000043,1126933800.0,1372925226.0,腾讯日K,2026-08-07T17:30:13,20260926T093659
512800,华宝银行ETF,SSE,2021-01-18,1.207,1.241,1.206,1.23,0.6035000000000051,0.6205000000000053,0.6030000000000051,0.6150000000000052,0.5000000000000042,633730400.0,777417686.0,腾讯日K,2026-08-07T17:30:13,20260926T093659
512800,华宝银行ETF,SSE,2021-01-19,1.23,1.248,1.217,1.232,0.6150000000000052,0.6240000000000052,0.6085000000000051,0.6160000000000052,0.5000000000000042,564286200.0,695544870.0,腾讯日K,2026-08-07T17:30:13,20260926T093659
512800,华宝银行ETF,SSE,2021-01-20,1.23,1.245,1.215,1.22,0.6150000000000053,0.6225000000000055,0.6075000000000053,0.6100000000000052,0.5000000000000043,434330100.0,532829620.0,腾讯日K,2026-08-07T17:30:13,20260926T093659
512800,华宝银行ETF,SSE,2021-01-21,1.222,1.235,1.218,1.227,0.6114979625101924,0.6180032599837052,0.6094963325183423,0.6140000000000051,0.5004074979625143,463725800.0,568907900.0,腾讯日K,2026-08-07T17:30:13,20260926T093659
512800,华宝银行ETF,SSE,2021-01-22,1.224,1.224,1.194,1.203,0.6125087281795563,0.6125087281795563,0.5974962593516259,0.6020000000000051,0.5004156275976767,424345900.0,510800542.0,腾讯日K,2026-08-07T17:30:13,20260926T093659
512800,华宝银行ETF,SSE,2021-01-25,1.196,1.21,1.181,1.207,0.5984954432477264,0.6055012427506262,0.5909892294946195,0.604000000000005,0.5004142502071292,417823900.0,499706460.0,腾讯日K,2026-08-07T17:30:13,20260926T093659
512800,华宝银行ETF,SSE,2021-01-26,1.2,1.221,1.197,1.199,0.6005004170141832,0.6110091743119315,0.5989991659716478,0.6000000000000049,0.500417014178486,352621300.0,425568444.0,腾讯日K,2026-08-07T17:30:13,20260926T093659
512800,华宝银行ETF,SSE,2021-01-27,1.196,1.23,1.196,1.218,0.5980000000000049,0.6150000000000051,0.5980000000000049,0.609000000000005,0.5000000000000041,526780100.0,642395350.0,腾讯日K,2026-08-07T17:30:13,20260926T093659
512800,华宝银行ETF,SSE,2021-01-28,1.207,1.209,1.196,1.205,0.6040008298755236,0.6050016597510424,0.5984962655601709,0.603000000000005,0.5004149377593402,394299200.0,473940748.0,腾讯日K,2026-08-07T17:30:13,20260926T093659
512800,华宝银行ETF,SSE,2021-01-29,1.221,1.224,1.2,1.212,0.610500000000005,0.612000000000005,0.6000000000000049,0.606000000000005,0.5000000000000041,504730100.0,611919137.0,腾讯日K,2026-08-07T17:30:13,20260926T093659
512800,华宝银行ETF,SSE,2021-02-01,1.205,1.243,1.195,1.242,0.602500000000005,0.6215000000000052,0.5975000000000049,0.6210000000000051,0.5000000000000041,611083600.0,747980819.0,腾讯日K,2026-08-07T17:30:13,20260926T093659
512800,华宝银行ETF,SSE,2021-02-02,1.228,1.242,1.219,1.223,0.6145020441537253,0.6215077677841424,0.6099983646770287,0.612000000000005,0.500408830744076,454125600.0,557629093.0,腾讯日K,2026-08-07T17:30:13,20260926T093659
512800,华宝银行ETF,SSE,2021-02-03,1.22,1.255,1.213,1.242,0.6100000000000049,0.6275000000000049,0.6065000000000049,0.621000000000005,0.500000000000004,629537800.0,779135906.0,腾讯日K,2026-08-07T17:30:13,20260926T093659
512800,华宝银行ETF,SSE,2021-02-04,1.234,1.267,1.231,1.246,0.6170000000000049,0.6335000000000051,0.6155000000000049,0.623000000000005,0.500000000000004,592963900.0,741763793.0,腾讯日K,2026-08-07T17:30:13,20260926T093659
512800,华宝银行ETF,SSE,2021-02-05,1.251,1.29,1.247,1.286,0.6255000000000049,0.6450000000000051,0.623500000000005,0.6430000000000051,0.500000000000004,870129600.0,1112090026.0,腾讯日K,2026-08-07T17:30:13,20260926T093659
512800,华宝银行ETF,SSE,2021-02-08,1.284,1.296,1.261,1.29,0.6420000000000051,0.6480000000000052,0.630500000000005,0.6450000000000052,0.500000000000004,793512900.0,1019379517.0,腾讯日K,2026-08-07T17:30:13,20260926T093659
512800,华宝银行ETF,SSE,2021-02-09,1.287,1.294,1.271,1.293,0.6439976798143903,0.6475003866976077,0.6359914926527507,0.6470000000000051,0.5003866976024789,627164500.0,803291786.0,腾讯日K,2026-08-07T17:30:13,20260926T093659
512800,华宝银行ETF,SSE,2021-02-10,1.297,1.313,1.266,1.28,0.648500000000005,0.6565000000000051,0.6330000000000049,0.640000000000005,0.5000000000000039,701814600.0,901690941.0,腾讯日K,2026-08-07T17:30:13,20260926T093659
512800,华宝银行ETF,SSE,2021-02-18,1.293,1.319,1.289,1.305,0.6469954022988555,0.6600053639846795,0.6449938697318057,0.653000000000005,0.500383141762456,557407400.0,726346691.0,腾讯日K,2026-08-07T17:30:13,20260926T093659
512800,华宝银行ETF,SSE,2021-02-19,1.299,1.316,1.29,1.295,0.6500015444015494,0.6585081081081133,0.6454980694980745,0.648000000000005,0.5003861003861043,527370600.0,686971358.0,腾讯日K,2026-08-07T17:30:13,20260926T093659
512800,华宝银行ETF,SSE,2021-02-22,1.295,1.295,1.27,1.274,0.647500000000005,0.647500000000005,0.6350000000000049,0.637000000000005,0.5000000000000039,520800400.0,666971836.0,腾讯日K,2026-08-07T17:30:13,20260926T093659
512800,华宝银行ETF,SSE,2021-02-23,1.271,1.311,1.271,1.285,0.6359945525291878,0.6560101167315225,0.6359945525291878,0.643000000000005,0.5003891050583696,638246400.0,825166031.0,腾讯日K,2026-08-07T17:30:13,20260926T093659
512800,华宝银行ETF,SSE,2021-02-24,1.285,1.288,1.255,1.265,0.6430079051383448,0.6445090909090959,0.6279960474308348,0.6330000000000049,0.5003952569169999,390508000.0,497265866.0,腾讯日K,2026-08-07T17:30:13,20260926T093659
512800,华宝银行ETF,SSE,2021-02-25,1.273,1.295,1.266,1.285,0.6369953307393045,0.6480038910505886,0.633492607003896,0.643000000000005,0.5003891050583696,527244600.0,676606378.0,腾讯日K,2026-08-07T17:30:13,20260926T093659
512800,华宝银行ETF,SSE,2021-02-26,1.269,1.283,1.236,1.24,0.6345000000000048,0.641500000000005,0.6180000000000048,0.6200000000000049,0.5000000000000039,491736800.0,617499689.0,腾讯日K,2026-08-07T17:30:13,20260926T093659
512800,华宝银行ETF,SSE,2021-03-01,1.245,1.249,1.233,1.241,0.6230016116035504,0.625003223207096,0.6169967767929138,0.6210000000000049,0.5004029008863858,757963500.0,939267834.0,腾讯日K,2026-08-07T17:30:13,20260926T093659
512800,华宝银行ETF,SSE,2021-03-02,1.245,1.252,1.219,1.231,0.6230056864337985,0.6265085296506953,0.6099951259138958,0.6160000000000048,0.5004061738424084,250212500.0,309123358.0,腾讯日K,2026-08-07T17:30:13,20260926T093659
512800,华宝银行ETF,SSE,2021-03-03,1.23,1.289,1.23,1.288,0.6150000000000047,0.6445000000000048,0.6150000000000047,0.6440000000000049,0.5000000000000038,554483300.0,704325033.0,腾讯日K,2026-08-07T17:30:13,20260926T093659
512800,华宝银行ETF,SSE,2021-03-04,1.28,1.297,1.268,1.279,0.6405003909304193,0.649007036747464,0.6344956997654466,0.6400000000000049,0.5003909304143901,482692500.0,618172684.0,腾讯日K,2026-08-07T17:30:13,20260926T093659
512800,华宝银行ETF,SSE,2021-03-05,1.265,1.288,1.244,1.267,0.6329992107340222,0.6445082872928226,0.6224909234412045,0.6340000000000048,0.5003946329913219,309436500.0,390191363.0,腾讯日K,2026-08-07T17:30:13,20260926T093659
512800,华宝银行ETF,SSE,2021-03-08,1.268,1.283,1.245,1.246,0.6340000000000049,0.641500000000005,0.6225000000000049,0.6230000000000048,0.5000000000000039,287954400.0,363517586.0,腾讯日K,2026-08-07T17:30:13,20260926T093659
512800,华宝银行ETF,SSE,2021-03-09,1.248,1.261,1.216,1.222,0.6240000000000049,0.6305000000000048,0.6080000000000048,0.6110000000000048,0.5000000000000039,535170500.0,662106024.0,腾讯日K,2026-08-07T17:30:13,20260926T093659
512800,华宝银行ETF,SSE,2021-03-10,1.226,1.229,1.212,1.219,0.6135028712059113,0.6150041017227283,0.6064971287940982,0.6100000000000048,0.5004101722723583,212684100.0,259345831.0,腾讯日K,2026-08-07T17:30:13,20260926T093659
512800,华宝银行ETF,SSE,2021-03-11,1.23,1.265,1.23,1.254,0.6150000000000048,0.6325000000000048,0.6150000000000048,0.6270000000000049,0.5000000000000039,371134900.0,463958315.0,腾讯日K,2026-08-07T17:30:13,20260926T093659
512800,华宝银行ETF,SSE,2021-03-12,1.253,1.272,1.253,1.267,0.6269944751381265,0.6365019731649616,0.6269944751381265,0.634000000000005,0.500394632991322,243933100.0,308313697.0,腾讯日K,2026-08-07T17:30:13,20260926T093659
512800,华宝银行ETF,SSE,2021-03-15,1.265,1.298,1.264,1.278,0.6325000000000048,0.649000000000005,0.6320000000000049,0.639000000000005,0.5000000000000039,414057600.0,530593194.0,腾讯日K,2026-08-07T17:30:13,20260926T093659
512800,华宝银行ETF,SSE,2021-03-16,1.28,1.305,1.279,1.293,0.6404949729311729,0.6530046403712347,0.6399945862335703,0.647000000000005,0.5003866976024788,286495200.0,370484089.0,腾讯日K,2026-08-07T17:30:13,20260926T093659
512800,华宝银行ETF,SSE,2021-03-17,1.284,1.288,1.267,1.272,0.642000000000005,0.644000000000005,0.6335000000000048,0.636000000000005,0.5000000000000039,295252500.0,376715243.0,腾讯日K,2026-08-07T17:30:13,20260926T093659
512800,华宝银行ETF,SSE,2021-03-18,1.27,1.281,1.267,1.277,0.635497259201258,0.6410015661707177,0.6339960845732234,0.639000000000005,0.5003915426781559,233657000.0,297640105.0,腾讯日K,2026-08-07T17:30:13,20260926T093659
512800,华宝银行ETF,SSE,2021-03-19,1.276,1.281,1.235,1.24,0.638000000000005,0.640500000000005,0.6175000000000048,0.6200000000000049,0.5000000000000039,279567200.0,350057938.0,腾讯日K,2026-08-07T17:30:13,20260926T093659
512800,华宝银行ETF,SSE,2021-03-22,1.238,1.273,1.238,1.264,0.6190000000000048,0.636500000000005,0.6190000000000048,0.6320000000000049,0.5000000000000039,236303500.0,297777798.0,腾讯日K,2026-08-07T17:30:13,20260926T093659
512800,华宝银行ETF,SSE,2021-03-23,1.264,1.273,1.25,1.257,0.632502784407324,0.6370063643595913,0.6254972155926859,0.6290000000000049,0.5003977724741487,263558000.0,331810305.0,腾讯日K,2026-08-07T17:30:13,20260926T093659
512800,华宝银行ETF,SSE,2021-03-24,1.253,1.259,1.235,1.238,0.6265000000000048,0.6295000000000048,0.6175000000000048,0.6190000000000048,0.5000000000000039,186970400.0,232097392.0,腾讯日K,2026-08-07T17:30:13,20260926T093659
512800,华宝银行ETF,SSE,2021-03-25,1.238,1.249,1.228,1.23,0.6190000000000047,0.6245000000000047,0.6140000000000047,0.6150000000000047,0.5000000000000038,164986500.0,203771377.0,腾讯日K,2026-08-07T17:30:13,20260926T093659
512800,华宝银行ETF,SSE,2021-03-26,1.235,1.244,1.231,1.243,0.6179967819790876,0.6225004022526194,0.615995172968629,0.6220000000000048,0.5004022526146458,187842900.0,232487322.0,腾讯日K,2026-08-07T17:30:13,20260926T093659
512800,华宝银行ETF,SSE,2021-03-29,1.243,1.25,1.235,1.25,0.6215000000000047,0.6250000000000047,0.6175000000000047,0.6250000000000048,0.5000000000000038,179647800.0,223283862.0,腾讯日K,2026-08-07T17:30:13,20260926T093659
512800,华宝银行ETF,SSE,2021-03-30,1.249,1.257,1.24,1.257,0.6249968178202119,0.6290000000000049,0.6204932378679444,0.6290000000000049,0.5003977724741487,203394600.0,253913641.0,腾讯日K,2026-08-07T17:30:13,20260926T093659
512800,华宝银行ETF,SSE,2021-03-31,1.254,1.266,1.243,1.261,0.6274972244250644,0.6335019825535338,0.6219928628073007,0.6310000000000049,0.5003965107057929,226736900.0,284557210.0,腾讯日K,2026-08-07T17:30:13,20260926T093659
512800,华宝银行ETF,SSE,2021-04-01,1.26,1.262,1.251,1.258,0.6300000000000049,0.6310000000000049,0.6255000000000048,0.6290000000000049,0.5000000000000039,199894800.0,251242314.0,腾讯日K,2026-08-07T17:30:13,20260926T093659
512800,华宝银行ETF,SSE,2021-04-02,1.258,1.258,1.239,1.244,0.6290000000000049,0.6290000000000049,0.6195000000000048,0.6220000000000048,0.5000000000000039,264979400.0,329795490.0,腾讯日K,2026-08-07T17:30:13,20260926T093659
512800,华宝银行ETF,SSE,2021-04-06,1.243,1.251,1.241,1.245,0.6219991967871534,0.6260024096385589,0.620998393574302,0.6230000000000048,0.5004016064257066,144533200.0,179982122.0,腾讯日K,2026-08-07T17:30:13,20260926T093659
512800,华宝银行ETF,SSE,2021-04-07,1.245,1.248,1.235,1.242,0.6225000000000049,0.6240000000000049,0.6175000000000048,0.6210000000000048,0.5000000000000039,164709700.0,204172486.0,腾讯日K,2026-08-07T17:30:13,20260926T093659
512800,华宝银行ETF,SSE,2021-04-08,1.239,1.241,1.235,1.238,0.6195000000000048,0.6205000000000048,0.6175000000000048,0.6190000000000048,0.5000000000000039,160062200.0,198187878.0,腾讯日K,2026-08-07T17:30:13,20260926T093659
512800,华宝银行ETF,SSE,2021-04-09,1.237,1.239,1.229,1.23,0.6185000000000047,0.6195000000000047,0.6145000000000047,0.6150000000000047,0.5000000000000038,149657100.0,184394586.0,腾讯日K,2026-08-07T17:30:13,20260926T093659
512800,华宝银行ETF,SSE,2021-04-12,1.229,1.234,1.222,1.228,0.6145000000000047,0.6170000000000047,0.6110000000000047,0.6140000000000047,0.5000000000000038,227586000.0,279169715.0,腾讯日K,2026-08-07T17:30:13,20260926T093659
512800,华宝银行ETF,SSE,2021-04-13,1.227,1.238,1.219,1.224,0.6135000000000047,0.6190000000000047,0.6095000000000046,0.6120000000000047,0.5000000000000038,179937900.0,220526162.0,腾讯日K,2026-08-07T17:30:13,20260926T093659
512800,华宝银行ETF,SSE,2021-04-14,1.223,1.225,1.206,1.21,0.6115000000000048,0.6125000000000048,0.6030000000000046,0.6050000000000046,0.5000000000000039,249846100.0,303081967.0,腾讯日K,2026-08-07T17:30:13,20260926T093659
512800,华宝银行ETF,SSE,2021-04-15,1.208,1.209,1.186,1.197,0.6045045948203889,0.605005012531333,0.5934954051796202,0.5990000000000045,0.5004177109440305,366056200.0,436645038.0,腾讯日K,2026-08-07T17:30:13,20260926T093659
512800,华宝银行ETF,SSE,2021-04-16,1.196,1.202,1.189,1.201,0.5984979184013367,0.601500416319738,0.5949950041632018,0.6010000000000046,0.5004163197335592,142790000.0,170836569.0,腾讯日K,2026-08-07T17:30:13,20260926T093659
512800,华宝银行ETF,SSE,2021-04-19,1.198,1.222,1.191,1.219,0.599491386382285,0.6115012305168217,0.5959885151763786,0.6100000000000046,0.5004101722723582,214083700.0,259018400.0,腾讯日K,2026-08-07T17:30:13,20260926T093659
512800,华宝银行ETF,SSE,2021-04-20,1.214,1.229,1.212,1.221,0.6074971334971381,0.6150032760032806,0.606496314496319,0.6110000000000047,0.5004095004095042,196889200.0,240418215.0,腾讯日K,2026-08-07T17:30:13,20260926T093659
512800,华宝银行ETF,SSE,2021-04-21,1.223,1.247,1.223,1.242,0.6115000000000047,0.6235000000000047,0.6115000000000047,0.6210000000000047,0.5000000000000038,284334200.0,351981692.0,腾讯日K,2026-08-07T17:30:13,20260926T093659
512800,华宝银行ETF,SSE,2021-04-22,1.242,1.245,1.226,1.233,0.621503649635041,0.6230048661800534,0.6134971613949761,0.6170000000000045,0.5004055150040588,211389800.0,260459907.0,腾讯日K,2026-08-07T17:30:13,20260926T093659
512800,华宝银行ETF,SSE,2021-04-23,1.23,1.243,1.227,1.236,0.6150000000000045,0.6215000000000046,0.6135000000000045,0.6180000000000045,0.5000000000000037,175019400.0,216218825.0,腾讯日K,2026-08-07T17:30:13,20260926T093659
512800,华宝银行ETF,SSE,2021-04-26,1.247,1.251,1.22,1.224,0.6235000000000046,0.6255000000000045,0.6100000000000044,0.6120000000000045,0.5000000000000037,236707800.0,292134765.0,腾讯日K,2026-08-07T17:30:13,20260926T093659
512800,华宝银行ETF,SSE,2021-04-27,1.222,1.229,1.219,1.226,0.6110000000000044,0.6145000000000046,0.6095000000000045,0.6130000000000045,0.5000000000000037,112975900.0,138442712.0,腾讯日K,2026-08-07T17:30:13,20260926T093659
512800,华宝银行ETF,SSE,2021-04-28,1.226,1.229,1.216,1.224,0.6130000000000044,0.6145000000000046,0.6080000000000044,0.6120000000000045,0.5000000000000037,106171100.0,129626465.0,腾讯日K,2026-08-07T17:30:13,20260926T093659
512800,华宝银行ETF,SSE,2021-04-29,1.225,1.248,1.224,1.247,0.6129911788291946,0.6245004009623141,0.612490777866885,0.6240000000000046,0.5004009623095466,204367500.0,253401862.0,腾讯日K,2026-08-07T17:30:13,20260926T093659
512800,华宝银行ETF,SSE,2021-04-30,1.245,1.246,1.218,1.226,0.6225000000000046,0.6230000000000046,0.6090000000000044,0.6130000000000044,0.5000000000000037,254610200.0,313106262.0,腾讯日K,2026-08-07T17:30:13,20260926T093659
512800,华宝银行ETF,SSE,2021-05-06,1.23,1.247,1.226,1.239,0.6154963680387454,0.6240032284100127,0.6134947538337414,0.6200000000000045,0.5004035512510125,177944700.0,220616233.0,腾讯日K,2026-08-07T17:30:13,20260926T093659
512800,华宝银行ETF,SSE,2021-05-07,1.24,1.264,1.237,1.255,0.6204940239043871,0.6325035856573752,0.6189928286852636,0.6280000000000047,0.5003984063745057,195813800.0,245485417.0,腾讯日K,2026-08-07T17:30:13,20260926T093659
512800,华宝银行ETF,SSE,2021-05-10,1.255,1.255,1.232,1.245,0.6280040160642615,0.6280040160642615,0.6164947791164703,0.6230000000000046,0.5004016064257064,163926100.0,203207081.0,腾讯日K,2026-08-07T17:30:13,20260926T093659
512800,华宝银行ETF,SSE,2021-05-11,1.24,1.25,1.237,1.249,0.6204963971176987,0.6255004003202608,0.6189951961569301,0.6250000000000046,0.5004003202562086,128264900.0,159757335.0,腾讯日K,2026-08-07T17:30:13,20260926T093659
512800,华宝银行ETF,SSE,2021-05-12,1.243,1.265,1.243,1.254,0.6215000000000046,0.6325000000000046,0.6215000000000046,0.6270000000000046,0.5000000000000037,169371600.0,212611878.0,腾讯日K,2026-08-07T17:30:13,20260926T093659
512800,华宝银行ETF,SSE,2021-05-13,1.249,1.259,1.243,1.246,0.6245000000000046,0.6295000000000046,0.6215000000000046,0.6230000000000046,0.5000000000000037,231971300.0,289621304.0,腾讯日K,2026-08-07T17:30:13,20260926T093659
512800,华宝银行ETF,SSE,2021-05-14,1.248,1.268,1.24,1.265,0.6244932806324158,0.6345011857707558,0.6204901185770798,0.6330000000000047,0.5003952569169998,239874400.0,300948905.0,腾讯日K,2026-08-07T17:30:13,20260926T093659
512800,华宝银行ETF,SSE,2021-05-17,1.263,1.279,1.259,1.268,0.6315000000000046,0.6395000000000046,0.6295000000000046,0.6340000000000047,0.5000000000000037,276847000.0,350939096.0,腾讯日K,2026-08-07T17:30:13,20260926T093659
512800,华宝银行ETF,SSE,2021-05-18,1.267,1.269,1.259,1.264,0.6335000000000046,0.6345000000000046,0.6295000000000046,0.6320000000000047,0.5000000000000037,136476300.0,172411532.0,腾讯日K,2026-08-07T17:30:13,20260926T093659
512800,华宝银行ETF,SSE,2021-05-19,1.261,1.263,1.242,1.248,0.6305000000000047,0.6315000000000047,0.6210000000000047,0.6240000000000047,0.5000000000000038,185997000.0,232233155.0,腾讯日K,2026-08-07T17:30:13,20260926T093659
512800,华宝银行ETF,SSE,2021-05-20,1.245,1.259,1.237,1.258,0.6225000000000047,0.6295000000000047,0.6185000000000047,0.6290000000000048,0.5000000000000038,212923800.0,266043625.0,腾讯日K,2026-08-07T17:30:13,20260926T093659
512800,华宝银行ETF,SSE,2021-05-21,1.257,1.262,1.24,1.244,0.6285000000000047,0.6310000000000048,0.6200000000000047,0.6220000000000047,0.5000000000000038,169112500.0,210980533.0,腾讯日K,2026-08-07T17:30:13,20260926T093659
512800,华宝银行ETF,SSE,2021-05-24,1.241,1.251,1.24,1.243,0.6209991954947753,0.6260032180209216,0.6204987932421606,0.6220000000000047,0.5004022526146457,149968800.0,186639888.0,腾讯日K,2026-08-07T17:30:13,20260926T093659
512800,华宝银行ETF,SSE,2021-05-25,1.244,1.291,1.241,1.286,0.6220000000000045,0.6455000000000047,0.6205000000000046,0.6430000000000048,0.5000000000000037,365451500.0,463538228.0,腾讯日K,2026-08-07T17:30:13,20260926T093659
512800,华宝银行ETF,SSE,2021-05-26,1.287,1.305,1.286,1.298,0.6435000000000048,0.6525000000000049,0.6430000000000049,0.6490000000000049,0.5000000000000038,242533200.0,314187643.0,腾讯日K,2026-08-07T17:30:13,20260926T093659
512800,华宝银行ETF,SSE,2021-05-27,1.295,1.299,1.279,1.292,0.6475000000000048,0.6495000000000049,0.6395000000000047,0.6460000000000049,0.5000000000000038,278675200.0,358847072.0,腾讯日K,2026-08-07T17:30:13,20260926T093659
512800,华宝银行ETF,SSE,2021-05-28,1.29,1.3,1.284,1.294,0.6450000000000049,0.6500000000000049,0.6420000000000049,0.6470000000000049,0.5000000000000038,249586800.0,321954083.0,腾讯日K,2026-08-07T17:30:13,20260926T093659
512800,华宝银行ETF,SSE,2021-05-31,1.288,1.289,1.275,1.285,0.6445011673151799,0.6450015564202383,0.6379961089494212,0.6430000000000048,0.5003891050583695,196599400.0,251696729.0,腾讯日K,2026-08-07T17:30:13,20260926T093659
512800,华宝银行ETF,SSE,2021-06-01,1.28,1.28,1.268,1.274,0.6400000000000049,0.6400000000000049,0.6340000000000048,0.6370000000000048,0.5000000000000038,279357800.0,355364057.0,腾讯日K,2026-08-07T17:30:13,20260926T093659
512800,华宝银行ETF,SSE,2021-06-02,1.275,1.276,1.262,1.275,0.6380000000000048,0.6385003921568675,0.6314949019607891,0.6380000000000047,0.5003921568627488,228935000.0,290449857.0,腾讯日K,2026-08-07T17:30:13,20260926T093659
512800,华宝银行ETF,SSE,2021-06-03,1.272,1.285,1.267,1.269,0.6365011820331016,0.6430063041765215,0.63399921197794,0.6350000000000046,0.5003940110323125,243793300.0,310686607.0,腾讯日K,2026-08-07T17:30:13,20260926T093659
512800,华宝银行ETF,SSE,2021-06-04,1.269,1.296,1.266,1.284,0.6345000000000046,0.6480000000000048,0.6330000000000047,0.6420000000000047,0.5000000000000037,332916700.0,426485125.0,腾讯日K,2026-08-07T17:30:13,20260926T093659
512800,华宝银行ETF,SSE,2021-06-07,1.284,1.285,1.268,1.276,0.6420000000000047,0.6425000000000046,0.6340000000000047,0.6380000000000047,0.5000000000000037,233845400.0,297623309.0,腾讯日K,2026-08-07T17:30:13,20260926T093659
512800,华宝银行ETF,SSE,2021-06-08,1.273,1.282,1.264,1.273,0.6370000000000047,0.6415035349567997,0.6324964650432097,0.6370000000000047,0.5003927729772228,206270700.0,262164564.0,腾讯日K,2026-08-07T17:30:13,20260926T093659
512800,华宝银行ETF,SSE,2021-06-09,1.269,1.277,1.267,1.269,0.6350000000000046,0.6390031520882631,0.63399921197794,0.6350000000000046,0.5003940110323125,221783400.0,281905589.0,腾讯日K,2026-08-07T17:30:13,20260926T093659
512800,华宝银行ETF,SSE,2021-06-10,1.27,1.282,1.267,1.268,0.6350000000000046,0.6410000000000046,0.6335000000000045,0.6340000000000046,0.5000000000000036,227820000.0,289993894.0,腾讯日K,2026-08-07T17:30:13,20260926T093659
512800,华宝银行ETF,SSE,2021-06-11,1.27,1.272,1.244,1.249,0.6355084067253848,0.6365092073658972,0.6224979983987233,0.6250000000000044,0.5004003202562085,283975300.0,356099916.0,腾讯日K,2026-08-07T17:30:13,20260926T093659
512800,华宝银行ETF,SSE,2021-06-15,1.244,1.248,1.23,1.237,0.6225028294260352,0.6245044462409098,0.6154971705739737,0.6190000000000044,0.5004042037186778,152031900.0,188011793.0,腾讯日K,2026-08-07T17:30:13,20260926T093659
512800,华宝银行ETF,SSE,2021-06-16,1.236,1.25,1.233,1.242,0.6180000000000042,0.6250000000000043,0.6165000000000043,0.6210000000000043,0.5000000000000034,191430400.0,237925796.0,腾讯日K,2026-08-07T17:30:13,20260926T093659
512800,华宝银行ETF,SSE,2021-06-17,1.242,1.25,1.235,1.238,0.6210000000000044,0.6250000000000044,0.6175000000000045,0.6190000000000043,0.5000000000000036,177400700.0,220216517.0,腾讯日K,2026-08-07T17:30:13,20260926T093659
512800,华宝银行ETF,SSE,2021-06-18,1.233,1.239,1.222,1.227,0.6170024449877793,0.6200048899755544,0.6114979625101916,0.6140000000000042,0.5004074979625136,217167100.0,266545895.0,腾讯日K,2026-08-07T17:30:13,20260926T093659
512800,华宝银行ETF,SSE,2021-06-21,1.227,1.228,1.209,1.213,0.6140057708161625,0.6145061830173166,0.6049983511953875,0.6070000000000041,0.5004122011541666,230924200.0,280548856.0,腾讯日K,2026-08-07T17:30:13,20260926T093659
512800,华宝银行ETF,SSE,2021-06-22,1.215,1.23,1.215,1.228,0.6075000000000043,0.6150000000000042,0.6075000000000043,0.6140000000000042,0.5000000000000034,227901300.0,279232355.0,腾讯日K,2026-08-07T17:30:13,20260926T093659
512800,华宝银行ETF,SSE,2021-06-23,1.226,1.231,1.222,1.226,0.6130000000000042,0.6155000000000043,0.6110000000000042,0.6130000000000042,0.5000000000000034,158326100.0,194088951.0,腾讯日K,2026-08-07T17:30:13,20260926T093659
512800,华宝银行ETF,SSE,2021-06-24,1.227,1.239,1.221,1.231,0.6139983753046344,0.6200032493907434,0.6109959382615799,0.6160000000000041,0.5004061738424078,193463500.0,237406533.0,腾讯日K,2026-08-07T17:30:13,20260926T093659
512800,华宝银行ETF,SSE,2021-06-25,1.231,1.25,1.23,1.247,0.6159935846030514,0.6255012028869328,0.6154931836407419,0.6240000000000042,0.5004009623095462,249732800.0,310156186.0,腾讯日K,2026-08-07T17:30:13,20260926T093659
512800,华宝银行ETF,SSE,2021-06-28,1.246,1.247,1.221,1.226,0.6230000000000041,0.6235000000000042,0.6105000000000042,0.6130000000000041,0.5000000000000033,354513100.0,435266859.0,腾讯日K,2026-08-07T17:30:13,20260926T093659
512800,华宝银行ETF,SSE,2021-06-29,1.222,1.229,1.216,1.219,0.6115012305168211,0.6150041017227277,0.608498769483187,0.6100000000000041,0.5004101722723577,296106700.0,361185544.0,腾讯日K,2026-08-07T17:30:13,20260926T093659
512800,华宝银行ETF,SSE,2021-06-30,1.222,1.233,1.22,1.23,0.6110000000000039,0.616500000000004,0.6100000000000039,0.615000000000004,0.5000000000000032,192198000.0,236090733.0,腾讯日K,2026-08-07T17:30:13,20260926T093659
512800,华宝银行ETF,SSE,2021-07-01,1.233,1.249,1.228,1.248,0.6165000000000042,0.6245000000000042,0.6140000000000041,0.6240000000000041,0.5000000000000033,322413300.0,400174909.0,腾讯日K,2026-08-07T17:30:13,20260926T093659
512800,华宝银行ETF,SSE,2021-07-02,1.24,1.24,1.218,1.225,0.6205061224489836,0.6205061224489836,0.6094971428571467,0.613000000000004,0.5004081632653093,210426100.0,257819653.0,腾讯日K,2026-08-07T17:30:13,20260926T093659
512800,华宝银行ETF,SSE,2021-07-05,1.223,1.225,1.205,1.222,0.6115000000000039,0.612500000000004,0.6025000000000039,0.611000000000004,0.5000000000000032,245012700.0,297325206.0,腾讯日K,2026-08-07T17:30:13,20260926T093659
512800,华宝银行ETF,SSE,2021-07-06,1.22,1.238,1.218,1.236,0.6100000000000039,0.619000000000004,0.6090000000000039,0.618000000000004,0.5000000000000032,216777000.0,266745184.0,腾讯日K,2026-08-07T17:30:13,20260926T093659
512800,华宝银行ETF,SSE,2021-07-07,1.233,1.249,1.227,1.234,0.616500000000004,0.624500000000004,0.613500000000004,0.617000000000004,0.5000000000000032,190467800.0,234982521.0,腾讯日K,2026-08-07T17:30:13,20260926T093659
512800,华宝银行ETF,SSE,2021-07-08,1.241,1.248,1.197,1.201,0.6210166527893463,0.6245195670274811,0.5989983347210697,0.601000000000004,0.5004163197335586,577155100.0,697208173.0,腾讯日K,2026-08-07T17:30:13,20260926T093659
512800,华宝银行ETF,SSE,2021-07-09,1.198,1.206,1.188,1.191,0.5995029387069727,0.603506297229223,0.59449874055416,0.5960000000000039,0.5004198152812794,276001300.0,329828527.0,腾讯日K,2026-08-07T17:30:13,20260926T093659
512800,华宝银行ETF,SSE,2021-07-12,1.198,1.204,1.181,1.185,0.5995054852320714,0.602508016877641,0.5909983122362908,0.5930000000000039,0.5004219409282733,413068400.0,491352486.0,腾讯日K,2026-08-07T17:30:13,20260926T093659
512800,华宝银行ETF,SSE,2021-07-13,1.186,1.196,1.176,1.193,0.5934970662196182,0.5985012573344547,0.5884928751047815,0.5970000000000039,0.5004191114836578,275009000.0,327032446.0,腾讯日K,2026-08-07T17:30:13,20260926T093659
512800,华宝银行ETF,SSE,2021-07-14,1.189,1.189,1.165,1.17,0.594500000000004,0.594500000000004,0.5825000000000039,0.5850000000000039,0.5000000000000033,357256200.0,418836055.0,腾讯日K,2026-08-07T17:30:13,20260926T093659
512800,华宝银行ETF,SSE,2021-07-15,1.169,1.202,1.168,1.2,0.5845000000000039,0.601000000000004,0.5840000000000038,0.600000000000004,0.5000000000000033,370826700.0,441634700.0,腾讯日K,2026-08-07T17:30:13,20260926T093659
512800,华宝银行ETF,SSE,2021-07-16,1.195,1.205,1.191,1.197,0.5979991645781159,0.6030033416875562,0.5959974937343397,0.599000000000004,0.50041771094403,158419000.0,189474688.0,腾讯日K,2026-08-07T17:30:13,20260926T093659
512800,华宝银行ETF,SSE,2021-07-19,1.195,1.198,1.178,1.197,0.5979991645781159,0.5995004177109479,0.5894920634920673,0.599000000000004,0.50041771094403,177728100.0,211272089.0,腾讯日K,2026-08-07T17:30:13,20260926T093659
512800,华宝银行ETF,SSE,2021-07-20,1.188,1.194,1.177,1.18,0.594000000000004,0.597000000000004,0.5885000000000039,0.5900000000000039,0.5000000000000033,223075700.0,263908934.0,腾讯日K,2026-08-07T17:30:13,20260926T093659
512800,华宝银行ETF,SSE,2021-07-21,1.184,1.186,1.17,1.176,0.592000000000004,0.593000000000004,0.5850000000000039,0.5880000000000039,0.5000000000000033,313717200.0,368529613.0,腾讯日K,2026-08-07T17:30:13,20260926T093659
512800,华宝银行ETF,SSE,2021-07-22,1.174,1.193,1.173,1.183,0.5874961961115845,0.597004226542692,0.5869957734573158,0.5920000000000039,0.5004226542688114,277048100.0,328162552.0,腾讯日K,2026-08-07T17:30:13,20260926T093659
512800,华宝银行ETF,SSE,2021-07-23,1.18,1.183,1.171,1.178,0.5900000000000039,0.5915000000000039,0.5855000000000039,0.5890000000000039,0.5000000000000033,233850500.0,274920871.0,腾讯日K,2026-08-07T17:30:13,20260926T093659
512800,华宝银行ETF,SSE,2021-07-26,1.171,1.174,1.136,1.139,0.5860140474100126,0.587515364354701,0.5684986830553154,0.5700000000000037,0.5004389815627777,365938200.0,421483309.0,腾讯日K,2026-08-07T17:30:13,20260926T093659
512800,华宝银行ETF,SSE,2021-07-27,1.14,1.143,1.108,1.113,0.5705121293800577,0.5720134770889527,0.5544977538185123,0.5570000000000037,0.5004492362982963,288161700.0,323571393.0,腾讯日K,2026-08-07T17:30:13,20260926T093659
512800,华宝银行ETF,SSE,2021-07-28,1.112,1.129,1.111,1.124,0.5560000000000036,0.5645000000000037,0.5555000000000035,0.5620000000000037,0.5000000000000032,201237400.0,225690039.0,腾讯日K,2026-08-07T17:30:13,20260926T093659
512800,华宝银行ETF,SSE,2021-07-29,1.128,1.13,1.113,1.115,0.5645058295964163,0.5655067264574029,0.5569991031390172,0.5580000000000037,0.5004484304932769,291817500.0,325892697.0,腾讯日K,2026-08-07T17:30:13,20260926T093659
512800,华宝银行ETF,SSE,2021-07-30,1.112,1.112,1.093,1.102,0.5560000000000036,0.5560000000000036,0.5465000000000035,0.5510000000000036,0.5000000000000032,241178600.0,265294017.0,腾讯日K,2026-08-07T17:30:13,20260926T093659
512800,华宝银行ETF,SSE,2021-08-02,1.098,1.122,1.084,1.116,0.5490000000000036,0.5610000000000037,0.5420000000000035,0.5580000000000036,0.5000000000000032,318689100.0,353219883.0,腾讯日K,2026-08-07T17:30:13,20260926T093659
512800,华宝银行ETF,SSE,2021-08-03,1.11,1.113,1.102,1.11,0.5550000000000035,0.5565000000000034,0.5510000000000035,0.5550000000000035,0.5000000000000031,207353100.0,229704158.0,腾讯日K,2026-08-07T17:30:13,20260926T093659
512800,华宝银行ETF,SSE,2021-08-04,1.11,1.112,1.099,1.101,0.5555040871934641,0.5565049954586775,0.54999909173479,0.5510000000000035,0.5004541326067243,224655000.0,247802046.0,腾讯日K,2026-08-07T17:30:13,20260926T093659
512800,华宝银行ETF,SSE,2021-08-05,1.099,1.107,1.094,1.098,0.5495000000000034,0.5535000000000034,0.5470000000000035,0.5490000000000035,0.5000000000000031,157924700.0,173946956.0,腾讯日K,2026-08-07T17:30:13,20260926T093659
512800,华宝银行ETF,SSE,2021-08-06,1.094,1.104,1.088,1.101,0.5474968210717565,0.5525013623978237,0.5444940962761161,0.5510000000000035,0.5004541326067243,196798500.0,215967979.0,腾讯日K,2026-08-07T17:30:13,20260926T093659
512800,华宝银行ETF,SSE,2021-08-09,1.1,1.139,1.098,1.131,0.5504862953138849,0.5700035366931954,0.5494854111405869,0.5660000000000035,0.5004420866489863,399242000.0,450183782.0,腾讯日K,2026-08-07T17:30:13,20260926T093659
512800,华宝银行ETF,SSE,2021-08-10,1.128,1.158,1.121,1.151,0.5644900086881008,0.5795030408340609,0.5609869678540435,0.5760000000000036,0.5004344048653376,434678800.0,496611879.0,腾讯日K,2026-08-07T17:30:13,20260926T093659
512800,华宝银行ETF,SSE,2021-08-11,1.15,1.175,1.149,1.162,0.5750000000000035,0.5875000000000037,0.5745000000000036,0.5810000000000036,0.5000000000000031,439901300.0,511835341.0,腾讯日K,2026-08-07T17:30:13,20260926T093659
512800,华宝银行ETF,SSE,2021-08-12,1.159,1.165,1.153,1.155,0.5800017316017353,0.5830043290043326,0.5769991341991378,0.5780000000000036,0.5004329004329036,148648300.0,172100097.0,腾讯日K,2026-08-07T17:30:13,20260926T093659
512800,华宝银行ETF,SSE,2021-08-13,1.155,1.158,1.148,1.158,0.5775000000000036,0.5790000000000035,0.5740000000000035,0.5790000000000035,0.5000000000000031,133593200.0,154136220.0,腾讯日K,2026-08-07T17:30:13,20260926T093659
512800,华宝银行ETF,SSE,2021-08-16,1.169,1.17,1.148,1.156,0.5845000000000037,0.5850000000000036,0.5740000000000035,0.5780000000000035,0.5000000000000031,142371400.0,164691571.0,腾讯日K,2026-08-07T17:30:13,20260926T093659
512800,华宝银行ETF,SSE,2021-08-17,1.154,1.165,1.118,1.144,0.5770000000000034,0.5825000000000035,0.5590000000000034,0.5720000000000034,0.500000000000003,263703300.0,304254117.0,腾讯日K,2026-08-07T17:30:13,20260926T093659
512800,华宝银行ETF,SSE,2021-08-18,1.143,1.19,1.143,1.182,0.5715000000000034,0.5950000000000035,0.5715000000000034,0.5910000000000035,0.500000000000003,337837400.0,395751615.0,腾讯日K,2026-08-07T17:30:13,20260926T093659
512800,华宝银行ETF,SSE,2021-08-19,1.18,1.18,1.156,1.159,0.5905090595340846,0.5905090595340846,0.578498705780849,0.5800000000000035,0.5004314063848175,249058000.0,289788161.0,腾讯日K,2026-08-07T17:30:13,20260926T093659
512800,华宝银行ETF,SSE,2021-08-20,1.157,1.167,1.135,1.151,0.5790026064291955,0.5840069504778489,0.5679930495221581,0.5760000000000035,0.5004344048653375,279881900.0,321357957.0,腾讯日K,2026-08-07T17:30:13,20260926T093659
512800,华宝银行ETF,SSE,2021-08-23,1.149,1.161,1.149,1.153,0.5749982653946262,0.5810034692107581,0.5749982653946262,0.5770000000000035,0.5004336513443222,289714300.0,334281793.0,腾讯日K,2026-08-07T17:30:13,20260926T093659
512800,华宝银行ETF,SSE,2021-08-24,1.152,1.164,1.146,1.159,0.5764969801553097,0.5825021570319275,0.5734943917170009,0.5800000000000035,0.5004314063848175,242976900.0,280711007.0,腾讯日K,2026-08-07T17:30:13,20260926T093659
512800,华宝银行ETF,SSE,2021-08-25,1.159,1.159,1.143,1.146,0.5795000000000036,0.5795000000000036,0.5715000000000036,0.5730000000000035,0.5000000000000031,183487400.0,210679505.0,腾讯日K,2026-08-07T17:30:13,20260926T093659
512800,华宝银行ETF,SSE,2021-08-26,1.146,1.146,1.122,1.13,0.5730000000000035,0.5730000000000035,0.5610000000000035,0.5650000000000035,0.5000000000000031,305820500.0,346475551.0,腾讯日K,2026-08-07T17:30:13,20260926T093659
512800,华宝银行ETF,SSE,2021-08-27,1.129,1.14,1.128,1.131,0.5649991158267056,0.5705039787798444,0.5644986737400566,0.5660000000000036,0.5004420866489864,253380600.0,287059725.0,腾讯日K,2026-08-07T17:30:13,20260926T093659
512800,华宝银行ETF,SSE,2021-08-30,1.131,1.132,1.107,1.113,0.566008086253373,0.5665085354896713,0.5539973045822139,0.5570000000000036,0.5004492362982962,301439100.0,336283068.0,腾讯日K,2026-08-07T17:30:13,20260926T093659
512800,华宝银行ETF,SSE,2021-08-31,1.114,1.132,1.112,1.131,0.557492484526971,0.5665004420866526,0.5564916003536731,0.5660000000000037,0.5004420866489865,221205200.0,248039935.0,腾讯日K,2026-08-07T17:30:13,20260926T093659
512800,华宝银行ETF,SSE,2021-09-01,1.128,1.159,1.123,1.156,0.5640000000000036,0.5795000000000038,0.5615000000000037,0.5780000000000037,0.5000000000000032,344422500.0,394231092.0,腾讯日K,2026-08-07T17:30:13,20260926T093659
512800,华宝银行ETF,SSE,2021-09-02,1.155,1.168,1.152,1.164,0.5775000000000037,0.5840000000000037,0.5760000000000036,0.5820000000000037,0.5000000000000032,416363800.0,484158710.0,腾讯日K,2026-08-07T17:30:13,20260926T093659
512800,华宝银行ETF,SSE,2021-09-03,1.168,1.178,1.15,1.165,0.5845012875536517,0.5895055793991453,0.5754935622317632,0.5830000000000037,0.5004291845493594,434306300.0,506661985.0,腾讯日K,2026-08-07T17:30:13,20260926T093659
512800,华宝银行ETF,SSE,2021-09-06,1.162,1.176,1.159,1.169,0.5814970059880277,0.5885029940119798,0.579995722840038,0.5850000000000039,0.5004277159965815,299734500.0,350453856.0,腾讯日K,2026-08-07T17:30:13,20260926T093659
512800,华宝银行ETF,SSE,2021-09-07,1.167,1.191,1.159,1.186,0.5835000000000039,0.595500000000004,0.5795000000000039,0.5930000000000039,0.5000000000000033,470057400.0,552940951.0,腾讯日K,2026-08-07T17:30:13,20260926T093659
512800,华宝银行ETF,SSE,2021-09-08,1.185,1.198,1.181,1.184,0.5925000000000038,0.5990000000000039,0.5905000000000038,0.5920000000000037,0.5000000000000032,281058200.0,333933251.0,腾讯日K,2026-08-07T17:30:13,20260926T093659
512800,华宝银行ETF,SSE,2021-09-09,1.18,1.187,1.171,1.183,0.5904987320371973,0.594001690617079,0.5859949281487781,0.5920000000000037,0.5004226542688113,221902200.0,261657172.0,腾讯日K,2026-08-07T17:30:13,20260926T093659
512800,华宝银行ETF,SSE,2021-09-10,1.182,1.218,1.18,1.206,0.5910000000000039,0.6090000000000041,0.5900000000000039,0.603000000000004,0.5000000000000033,625329300.0,753317907.0,腾讯日K,2026-08-07T17:30:13,20260926T093659
512800,华宝银行ETF,SSE,2021-09-13,1.201,1.209,1.196,1.207,0.6009975144987613,0.6050008285004183,0.5984954432477255,0.604000000000004,0.5004142502071284,261619400.0,314783355.0,腾讯日K,2026-08-07T17:30:13,20260926T093659
512800,华宝银行ETF,SSE,2021-09-14,1.207,1.212,1.17,1.173,0.6040144927536273,0.6065166240409248,0.5854987212276254,0.5870000000000039,0.5004262574595089,504637300.0,598465719.0,腾讯日K,2026-08-07T17:30:13,20260926T093659
512800,华宝银行ETF,SSE,2021-09-15,1.168,1.176,1.159,1.164,0.5840000000000037,0.5880000000000037,0.5795000000000038,0.5820000000000037,0.5000000000000032,263390300.0,307336796.0,腾讯日K,2026-08-07T17:30:13,20260926T093659
512800,华宝银行ETF,SSE,2021-09-16,1.163,1.169,1.15,1.153,0.582004336513447,0.5850069384215129,0.5754986990459707,0.5770000000000037,0.5004336513443224,236990600.0,274405214.0,腾讯日K,2026-08-07T17:30:13,20260926T093659
512800,华宝银行ETF,SSE,2021-09-17,1.152,1.158,1.148,1.156,0.5760000000000036,0.5790000000000037,0.5740000000000036,0.5780000000000037,0.5000000000000032,302324400.0,348457433.0,腾讯日K,2026-08-07T17:30:13,20260926T093659
512800,华宝银行ETF,SSE,2021-09-22,1.13,1.135,1.118,1.132,0.5650000000000037,0.5675000000000038,0.5590000000000038,0.5660000000000037,0.5000000000000033,463642800.0,521817279.0,腾讯日K,2026-08-07T17:30:13,20260926T093659
512800,华宝银行ETF,SSE,2021-09-23,1.137,1.147,1.127,1.133,0.56900176522507,0.5740061782877355,0.5639973521624044,0.5670000000000037,0.5004413062665523,249879600.0,283546443.0,腾讯日K,2026-08-07T17:30:13,20260926T093659
512800,华宝银行ETF,SSE,2021-09-24,1.131,1.134,1.12,1.123,0.5660035618878042,0.5675048975957294,0.5604986642920785,0.5620000000000037,0.5004452359750701,378956400.0,426454873.0,腾讯日K,2026-08-07T17:30:13,20260926T093659
512800,华宝银行ETF,SSE,2021-09-27,1.121,1.127,1.113,1.122,0.5605000000000037,0.5635000000000037,0.5565000000000035,0.5610000000000037,0.5000000000000032,509380300.0,570206679.0,腾讯日K,2026-08-07T17:30:13,20260926T093659
512800,华宝银行ETF,SSE,2021-09-28,1.121,1.146,1.12,1.143,0.5609903762029781,0.5735013123359616,0.5604899387576588,0.5720000000000036,0.5004374453193382,470491200.0,534534595.0,腾讯日K,2026-08-07T17:30:13,20260926T093659
512800,华宝银行ETF,SSE,2021-09-29,1.135,1.158,1.13,1.151,0.5679930495221583,0.5795030408340611,0.5654908774978316,0.5760000000000037,0.5004344048653377,360977900.0,412541270.0,腾讯日K,2026-08-07T17:30:13,20260926T093659
512800,华宝银行ETF,SSE,2021-09-30,1.149,1.149,1.134,1.14,0.5745000000000038,0.5745000000000038,0.5670000000000037,0.5700000000000037,0.5000000000000033,273503000.0,311502594.0,腾讯日K,2026-08-07T17:30:13,20260926T093659
512800,华宝银行ETF,SSE,2021-10-08,1.144,1.159,1.141,1.156,0.5720000000000037,0.5795000000000039,0.5705000000000038,0.5780000000000038,0.5000000000000033,312192100.0,359614432.0,腾讯日K,2026-08-07T17:30:13,20260926T093659
512800,华宝银行ETF,SSE,2021-10-11,1.161,1.192,1.161,1.182,0.5805000000000039,0.596000000000004,0.5805000000000039,0.5910000000000039,0.5000000000000033,572120200.0,676117172.0,腾讯日K,2026-08-07T17:30:13,20260926T093659
512800,华宝银行ETF,SSE,2021-10-12,1.179,1.194,1.174,1.184,0.5895000000000039,0.597000000000004,0.5870000000000039,0.5920000000000039,0.5000000000000033,503737800.0,595782883.0,腾讯日K,2026-08-07T17:30:13,20260926T093659
512800,华宝银行ETF,SSE,2021-10-13,1.183,1.186,1.168,1.181,0.5920008467400547,0.5935021168501309,0.5844944961896735,0.5910000000000039,0.5004233700254055,276414000.0,325733556.0,腾讯日K,2026-08-07T17:30:13,20260926T093659
512800,华宝银行ETF,SSE,2021-10-14,1.178,1.187,1.165,1.168,0.5890000000000039,0.593500000000004,0.5825000000000039,0.5840000000000038,0.5000000000000033,222545400.0,260991892.0,腾讯日K,2026-08-07T17:30:13,20260926T093659
512800,华宝银行ETF,SSE,2021-10-15,1.168,1.183,1.168,1.179,0.5844953350296898,0.5920016963528452,0.5844953350296898,0.5900000000000037,0.5004240882103509,217795400.0,256311504.0,腾讯日K,2026-08-07T17:30:13,20260926T093659
512800,华宝银行ETF,SSE,2021-10-18,1.177,1.179,1.167,1.17,0.5885000000000038,0.5895000000000038,0.5835000000000038,0.5850000000000037,0.5000000000000032,222050900.0,260103912.0,腾讯日K,2026-08-07T17:30:13,20260926T093659
512800,华宝银行ETF,SSE,2021-10-19,1.171,1.184,1.169,1.178,0.5855000000000038,0.5920000000000037,0.5845000000000038,0.5890000000000037,0.5000000000000032,191396700.0,225346671.0,腾讯日K,2026-08-07T17:30:13,20260926T093659
512800,华宝银行ETF,SSE,2021-10-20,1.18,1.187,1.169,1.171,0.5905038428693461,0.5940068317677237,0.5849991460290387,0.5860000000000037,0.5004269854824968,198044400.0,232549967.0,腾讯日K,2026-08-07T17:30:13,20260926T093659
512800,华宝银行ETF,SSE,2021-10-21,1.177,1.198,1.177,1.194,0.5885000000000037,0.5990000000000038,0.5885000000000037,0.5970000000000037,0.5000000000000031,612174100.0,728318820.0,腾讯日K,2026-08-07T17:30:13,20260926T093659
512800,华宝银行ETF,SSE,2021-10-22,1.197,1.208,1.189,1.197,0.5990000000000038,0.6045045948203881,0.5949966583124515,0.5990000000000038,0.5004177109440299,282492700.0,338498999.0,腾讯日K,2026-08-07T17:30:13,20260926T093659
512800,华宝银行ETF,SSE,2021-10-25,1.182,1.198,1.181,1.195,0.5914945606694596,0.5995012552301292,0.5909941422594178,0.5980000000000038,0.5004184100418441,305143000.0,363478372.0,腾讯日K,2026-08-07T17:30:13,20260926T093659
512800,华宝银行ETF,SSE,2021-10-26,1.194,1.205,1.19,1.195,0.5974995815899617,0.6030041841004221,0.5954979079497944,0.5980000000000038,0.5004184100418441,207405500.0,248306359.0,腾讯日K,2026-08-07T17:30:13,20260926T093659
512800,华宝银行ETF,SSE,2021-10-27,1.191,1.193,1.175,1.186,0.5955000000000039,0.5965000000000039,0.5875000000000038,0.5930000000000037,0.5000000000000032,300236300.0,355486927.0,腾讯日K,2026-08-07T17:30:13,20260926T093659
512800,华宝银行ETF,SSE,2021-10-28,1.182,1.188,1.13,1.181,0.591500423370029,0.5945029635901814,0.5654784081287079,0.5910000000000036,0.5004233700254053,168413300.0,198531535.0,腾讯日K,2026-08-07T17:30:13,20260926T093659
512800,华宝银行ETF,SSE,2021-10-29,1.182,1.185,1.17,1.174,0.5910000000000036,0.5925000000000037,0.5850000000000036,0.5870000000000036,0.5000000000000031,150313400.0,176759812.0,腾讯日K,2026-08-07T17:30:13,20260926T093659
512800,华宝银行ETF,SSE,2021-11-01,1.172,1.192,1.166,1.187,0.58649368155013,0.5965021061499616,0.5834911541701806,0.5940000000000037,0.5004212299915786,280453300.0,331521729.0,腾讯日K,2026-08-07T17:30:13,20260926T093659
512800,华宝银行ETF,SSE,2021-11-02,1.186,1.19,1.146,1.153,0.5935143104943662,0.5955160450997434,0.5734969644405933,0.5770000000000036,0.5004336513443223,719166500.0,832090114.0,腾讯日K,2026-08-07T17:30:13,20260926T093659
512800,华宝银行ETF,SSE,2021-11-03,1.151,1.155,1.147,1.153,0.575999132697315,0.5780008673026923,0.5739973980919376,0.5770000000000036,0.5004336513443223,161889000.0,186493729.0,腾讯日K,2026-08-07T17:30:13,20260926T093659
512800,华宝银行ETF,SSE,2021-11-04,1.154,1.155,1.142,1.148,0.5770000000000035,0.5775000000000036,0.5710000000000035,0.5740000000000035,0.5000000000000031,303012900.0,347234480.0,腾讯日K,2026-08-07T17:30:13,20260926T093659
512800,华宝银行ETF,SSE,2021-11-05,1.143,1.147,1.14,1.142,0.5715000000000036,0.5735000000000036,0.5700000000000035,0.5710000000000035,0.5000000000000031,224571400.0,256829837.0,腾讯日K,2026-08-07T17:30:13,20260926T093659
512800,华宝银行ETF,SSE,2021-11-08,1.141,1.143,1.135,1.139,0.571000877963129,0.5720017559262546,0.5679982440737524,0.5700000000000035,0.5004389815627774,440824600.0,501826088.0,腾讯日K,2026-08-07T17:30:13,20260926T093659
512800,华宝银行ETF,SSE,2021-11-09,1.139,1.143,1.132,1.14,0.5695000000000036,0.5715000000000036,0.5660000000000035,0.5700000000000035,0.5000000000000031,371129800.0,422224995.0,腾讯日K,2026-08-07T17:30:13,20260926T093659
512800,华宝银行ETF,SSE,2021-11-10,1.138,1.139,1.127,1.136,0.5690000000000035,0.5695000000000036,0.5635000000000036,0.5680000000000035,0.5000000000000031,380565800.0,430662870.0,腾讯日K,2026-08-07T17:30:13,20260926T093659
512800,华宝银行ETF,SSE,2021-11-11,1.135,1.165,1.133,1.162,0.5675000000000036,0.5825000000000037,0.5665000000000036,0.5810000000000035,0.5000000000000031,477660900.0,551551991.0,腾讯日K,2026-08-07T17:30:13,20260926T093659
512800,华宝银行ETF,SSE,2021-11-12,1.162,1.168,1.158,1.16,0.5810000000000036,0.5840000000000036,0.5790000000000035,0.5800000000000035,0.5000000000000031,193457400.0,224720145.0,腾讯日K,2026-08-07T17:30:13,20260926T093659
512800,华宝银行ETF,SSE,2021-11-15,1.16,1.169,1.157,1.166,0.5800000000000034,0.5845000000000036,0.5785000000000035,0.5830000000000035,0.500000000000003,154004900.0,179315583.0,腾讯日K,2026-08-07T17:30:13,20260926T093659
512800,华宝银行ETF,SSE,2021-11-16,1.165,1.17,1.154,1.159,0.5830025884383124,0.5855047454702365,0.5774978429680794,0.5800000000000035,0.5004314063848175,194646300.0,226235490.0,腾讯日K,2026-08-07T17:30:13,20260926T093659
512800,华宝银行ETF,SSE,2021-11-17,1.156,1.161,1.15,1.153,0.5785013009540364,0.5810034692107581,0.5754986990459704,0.5770000000000035,0.5004336513443222,127206600.0,146778350.0,腾讯日K,2026-08-07T17:30:13,20260926T093659
512800,华宝银行ETF,SSE,2021-11-18,1.151,1.153,1.142,1.143,0.5760034995625581,0.5770043744531969,0.571499562554684,0.5720000000000034,0.5004374453193381,133587400.0,153028154.0,腾讯日K,2026-08-07T17:30:13,20260926T093659
512800,华宝银行ETF,SSE,2021-11-19,1.141,1.157,1.141,1.155,0.5709939393939427,0.5790008658008692,0.5709939393939427,0.5780000000000034,0.5004329004329033,191967600.0,220751492.0,腾讯日K,2026-08-07T17:30:13,20260926T093659
512800,华宝银行ETF,SSE,2021-11-22,1.153,1.154,1.144,1.147,0.5770026155187479,0.5775030514385386,0.572498692240631,0.5740000000000033,0.5004359197907614,216257600.0,248151727.0,腾讯日K,2026-08-07T17:30:13,20260926T093659
512800,华宝银行ETF,SSE,2021-11-23,1.147,1.153,1.143,1.147,0.5740000000000034,0.5770026155187479,0.5719982563208403,0.5740000000000033,0.5004359197907614,196355200.0,225353746.0,腾讯日K,2026-08-07T17:30:13,20260926T093659
512800,华宝银行ETF,SSE,2021-11-24,1.147,1.149,1.141,1.147,0.5740000000000034,0.5750008718395848,0.5709973844812588,0.5740000000000033,0.5004359197907614,226644300.0,259465266.0,腾讯日K,2026-08-07T17:30:13,20260926T093659
512800,华宝银行ETF,SSE,2021-11-25,1.146,1.147,1.141,1.143,0.5735013123359612,0.5740017497812807,0.5709991251093647,0.5720000000000033,0.500437445319338,137220400.0,156914662.0,腾讯日K,2026-08-07T17:30:13,20260926T093659
512800,华宝银行ETF,SSE,2021-11-26,1.143,1.144,1.134,1.135,0.5720035242290783,0.5725039647577126,0.5674995594713689,0.5680000000000033,0.5004405286343642,213216700.0,242464927.0,腾讯日K,2026-08-07T17:30:13,20260926T093659
512800,华宝银行ETF,SSE,2021-11-29,1.13,1.133,1.125,1.129,0.5655004428697994,0.5670017714791883,0.562998228520818,0.5650000000000032,0.5004428697962827,226854400.0,256120163.0,腾讯日K,2026-08-07T17:30:13,20260926T093659
512800,华宝银行ETF,SSE,2021-11-30,1.131,1.133,1.124,1.127,0.5660017746228958,0.5670026619343421,0.5624986690328337,0.5640000000000032,0.5004436557231616,171669900.0,193700252.0,腾讯日K,2026-08-07T17:30:13,20260926T093659
512800,华宝银行ETF,SSE,2021-12-01,1.128,1.136,1.126,1.134,0.5640000000000032,0.5680000000000033,0.5630000000000032,0.5670000000000032,0.5000000000000029,167659600.0,189866922.0,腾讯日K,2026-08-07T17:30:13,20260926T093659
512800,华宝银行ETF,SSE,2021-12-02,1.131,1.142,1.127,1.138,0.5655000000000031,0.5710000000000032,0.5635000000000031,0.5690000000000032,0.5000000000000028,224455300.0,254908431.0,腾讯日K,2026-08-07T17:30:13,20260926T093659
512800,华宝银行ETF,SSE,2021-12-03,1.138,1.145,1.131,1.144,0.5690000000000031,0.5725000000000032,0.5655000000000031,0.5720000000000032,0.5000000000000028,245499000.0,279697314.0,腾讯日K,2026-08-07T17:30:13,20260926T093659
512800,华宝银行ETF,SSE,2021-12-06,1.145,1.161,1.145,1.151,0.5729973935708113,0.5810043440486566,0.5729973935708113,0.5760000000000033,0.5004344048653373,461553600.0,532641100.0,腾讯日K,2026-08-07T17:30:13,20260926T093659
512800,华宝银行ETF,SSE,2021-12-07,1.159,1.166,1.151,1.163,0.5799982803095475,0.583501289767845,0.5759948409286361,0.5820000000000033,0.5004299226139323,355898100.0,412676513.0,腾讯日K,2026-08-07T17:30:13,20260926T093659
512800,华宝银行ETF,SSE,2021-12-08,1.161,1.166,1.155,1.162,0.5805000000000033,0.5830000000000033,0.5775000000000033,0.5810000000000033,0.5000000000000029,314772700.0,365668820.0,腾讯日K,2026-08-07T17:30:13,20260926T093659
512800,华宝银行ETF,SSE,2021-12-09,1.161,1.184,1.159,1.172,0.5805000000000033,0.5920000000000034,0.5795000000000033,0.5860000000000034,0.5000000000000029,444603000.0,520712186.0,腾讯日K,2026-08-07T17:30:13,20260926T093659
512800,华宝银行ETF,SSE,2021-12-10,1.166,1.176,1.163,1.169,0.5834987168520136,0.5885029940119795,0.5819974337040239,0.5850000000000034,0.5004277159965812,243397700.0,284139705.0,腾讯日K,2026-08-07T17:30:13,20260926T093659
512800,华宝银行ETF,SSE,2021-12-13,1.171,1.182,1.16,1.161,0.586004306632217,0.5915090439276519,0.5804995693367819,0.5810000000000033,0.5004306632213638,320427500.0,374755213.0,腾讯日K,2026-08-07T17:30:13,20260926T093659
512800,华宝银行ETF,SSE,2021-12-14,1.157,1.161,1.145,1.147,0.5790043591979108,0.5810061028770739,0.5729991281604216,0.5740000000000032,0.5004359197907613,264016400.0,303612570.0,腾讯日K,2026-08-07T17:30:13,20260926T093659
512800,华宝银行ETF,SSE,2021-12-15,1.145,1.15,1.142,1.149,0.572998259355965,0.5755004351610128,0.5714969538729362,0.5750000000000033,0.5004351610095764,159626300.0,182772455.0,腾讯日K,2026-08-07T17:30:13,20260926T093659
512800,华宝银行ETF,SSE,2021-12-16,1.149,1.154,1.144,1.154,0.5745000000000033,0.5770000000000033,0.5720000000000033,0.5770000000000033,0.5000000000000029,239400500.0,275503066.0,腾讯日K,2026-08-07T17:30:13,20260926T093659
512800,华宝银行ETF,SSE,2021-12-17,1.153,1.155,1.147,1.15,0.5765000000000033,0.5775000000000033,0.5735000000000033,0.5750000000000033,0.5000000000000029,183379300.0,210977341.0,腾讯日K,2026-08-07T17:30:13,20260926T093659
512800,华宝银行ETF,SSE,2021-12-20,1.145,1.154,1.143,1.148,0.5725000000000032,0.5770000000000032,0.5715000000000032,0.5740000000000032,0.5000000000000028,227158600.0,260986032.0,腾讯日K,2026-08-07T17:30:13,20260926T093659
512800,华宝银行ETF,SSE,2021-12-21,1.145,1.157,1.145,1.154,0.5725000000000033,0.5785000000000033,0.5725000000000033,0.5770000000000033,0.5000000000000029,256913000.0,296067492.0,腾讯日K,2026-08-07T17:30:13,20260926T093659
512800,华宝银行ETF,SSE,2021-12-22,1.155,1.156,1.143,1.145,0.5780043668122303,0.578504803493453,0.5719991266375578,0.5730000000000032,0.5004366812227102,208294400.0,238961599.0,腾讯日K,2026-08-07T17:30:13,20260926T093659
512800,华宝银行ETF,SSE,2021-12-23,1.145,1.146,1.141,1.144,0.5725000000000032,0.5730000000000032,0.5705000000000032,0.5720000000000032,0.5000000000000028,124764900.0,142628175.0,腾讯日K,2026-08-07T17:30:13,20260926T093659
512800,华宝银行ETF,SSE,2021-12-24,1.145,1.146,1.138,1.14,0.5725000000000032,0.5730000000000032,0.5690000000000031,0.5700000000000032,0.5000000000000028,270080600.0,307808624.0,腾讯日K,2026-08-07T17:30:13,20260926T093659
512800,华宝银行ETF,SSE,2021-12-27,1.14,1.141,1.131,1.135,0.570502202643175,0.5710026431718094,0.5659982378854658,0.5680000000000032,0.5004405286343641,285301900.0,323814744.0,腾讯日K,2026-08-07T17:30:13,20260926T093659
512800,华宝银行ETF,SSE,2021-12-28,1.135,1.141,1.134,1.138,0.5675000000000031,0.5705000000000032,0.5670000000000031,0.5690000000000032,0.5000000000000028,212320900.0,241537109.0,腾讯日K,2026-08-07T17:30:13,20260926T093659
512800,华宝银行ETF,SSE,2021-12-29,1.139,1.14,1.127,1.128,0.5695000000000031,0.5700000000000031,0.5635000000000031,0.564000000000003,0.5000000000000028,297467400.0,336686823.0,腾讯日K,2026-08-07T17:30:13,20260926T093659
512800,华宝银行ETF,SSE,2021-12-30,1.127,1.136,1.127,1.133,0.5639973521624038,0.5685013239188027,0.5639973521624038,0.5670000000000031,0.5004413062665517,265468900.0,300627567.0,腾讯日K,2026-08-07T17:30:13,20260926T093659
512800,华宝银行ETF,SSE,2021-12-31,1.133,1.135,1.13,1.132,0.5665000000000031,0.5675000000000031,0.565000000000003,0.5660000000000031,0.5000000000000028,261554000.0,296176482.0,腾讯日K,2026-08-07T17:30:13,20260926T093659
512800,华宝银行ETF,SSE,2022-01-04,1.133,1.137,1.123,1.136,0.5665000000000031,0.5685000000000031,0.5615000000000031,0.5680000000000031,0.5000000000000028,376850700.0,425749744.0,腾讯日K,2026-08-07T17:30:13,20260926T093659
512800,华宝银行ETF,SSE,2022-01-05,1.135,1.159,1.133,1.153,0.5679921942758054,0.5800026019080692,0.5669913269731167,0.5770000000000032,0.5004336513443219,656110100.0,754260100.0,腾讯日K,2026-08-07T17:30:13,20260926T093659
512800,华宝银行ETF,SSE,2022-01-06,1.15,1.155,1.145,1.149,0.5755004351610127,0.5780026109660606,0.5729982593559648,0.5750000000000032,0.5004351610095763,313871200.0,360859833.0,腾讯日K,2026-08-07T17:30:13,20260926T093659
512800,华宝银行ETF,SSE,2022-01-07,1.149,1.166,1.148,1.164,0.5745000000000032,0.5830000000000032,0.5740000000000032,0.5820000000000032,0.5000000000000028,390626700.0,453234407.0,腾讯日K,2026-08-07T17:30:13,20260926T093659
512800,华宝银行ETF,SSE,2022-01-10,1.169,1.176,1.159,1.17,0.5845000000000034,0.5880000000000034,0.5795000000000033,0.5850000000000033,0.5000000000000029,520508800.0,607157637.0,腾讯日K,2026-08-07T17:30:13,20260926T093659
512800,华宝银行ETF,SSE,2022-01-11,1.172,1.188,1.168,1.183,0.5864953508030463,0.5945021132713473,0.584493660185971,0.5920000000000032,0.5004226542688108,388749100.0,458998865.0,腾讯日K,2026-08-07T17:30:13,20260926T093659
512800,华宝银行ETF,SSE,2022-01-12,1.184,1.186,1.172,1.18,0.5920000000000033,0.5930000000000033,0.5860000000000032,0.5900000000000032,0.5000000000000028,439427400.0,518506453.0,腾讯日K,2026-08-07T17:30:13,20260926T093659
512800,华宝银行ETF,SSE,2022-01-13,1.177,1.194,1.175,1.181,0.5889983065199016,0.5975055038103335,0.5879974597798509,0.5910000000000032,0.5004233700254049,502999200.0,596042811.0,腾讯日K,2026-08-07T17:30:13,20260926T093659
512800,华宝银行ETF,SSE,2022-01-14,1.179,1.18,1.153,1.155,0.590010389610393,0.5905108225108258,0.5769991341991374,0.5780000000000032,0.5004329004329032,328963400.0,381607221.0,腾讯日K,2026-08-07T17:30:13,20260926T093659
512800,华宝银行ETF,SSE,2022-01-17,1.153,1.163,1.148,1.154,0.5765000000000032,0.5815000000000032,0.5740000000000032,0.5770000000000032,0.5000000000000028,228898000.0,264271846.0,腾讯日K,2026-08-07T17:30:13,20260926T093659
512800,华宝银行ETF,SSE,2022-01-18,1.155,1.178,1.153,1.178,0.5775000000000032,0.5890000000000032,0.5765000000000032,0.5890000000000032,0.5000000000000028,341711700.0,398974372.0,腾讯日K,2026-08-07T17:30:13,20260926T093659
512800,华宝银行ETF,SSE,2022-01-19,1.175,1.186,1.175,1.184,0.5875000000000031,0.5930000000000031,0.5875000000000031,0.5920000000000031,0.5000000000000027,383262900.0,453070041.0,腾讯日K,2026-08-07T17:30:13,20260926T093659
512800,华宝银行ETF,SSE,2022-01-20,1.184,1.214,1.183,1.206,0.5920000000000033,0.6070000000000033,0.5915000000000034,0.6030000000000033,0.5000000000000028,471187100.0,566068418.0,腾讯日K,2026-08-07T17:30:13,20260926T093659
512800,华宝银行ETF,SSE,2022-01-21,1.203,1.207,1.196,1.201,0.6020008326394704,0.6040024979184045,0.5984979184013354,0.6010000000000033,0.500416319733558,379426500.0,455715641.0,腾讯日K,2026-08-07T17:30:13,20260926T093659
512800,华宝银行ETF,SSE,2022-01-24,1.2,1.205,1.187,1.199,0.6005004170141817,0.6030025020850741,0.5939949958298614,0.6000000000000032,0.5004170141784847,209883300.0,251146894.0,腾讯日K,2026-08-07T17:30:13,20260926T093659
512800,华宝银行ETF,SSE,2022-01-25,1.195,1.195,1.18,1.181,0.5980059271803589,0.5980059271803589,0.5904995766299778,0.5910000000000032,0.5004233700254049,329529000.0,391279979.0,腾讯日K,2026-08-07T17:30:13,20260926T093659
512800,华宝银行ETF,SSE,2022-01-26,1.181,1.185,1.176,1.181,0.5910000000000033,0.5930016934801049,0.5884978831498762,0.5910000000000032,0.5004233700254049,257373900.0,303809882.0,腾讯日K,2026-08-07T17:30:13,20260926T093659
512800,华宝银行ETF,SSE,2022-01-27,1.18,1.186,1.171,1.175,0.5905021276595777,0.593504680851067,0.5859982978723437,0.5880000000000032,0.5004255319148964,288675200.0,340059700.0,腾讯日K,2026-08-07T17:30:13,20260926T093659
512800,华宝银行ETF,SSE,2022-01-28,1.179,1.183,1.161,1.162,0.5895000000000032,0.5915000000000034,0.5805000000000032,0.5810000000000032,0.5000000000000028,425942600.0,498943089.0,腾讯日K,2026-08-07T17:30:13,20260926T093659
512800,华宝银行ETF,SSE,2022-02-07,1.173,1.198,1.171,1.195,0.5869907949790827,0.5995012552301288,0.585989958158999,0.5980000000000033,0.5004184100418437,579336300.0,686514216.0,腾讯日K,2026-08-07T17:30:13,20260926T093659
512800,华宝银行ETF,SSE,2022-02-08,1.194,1.215,1.191,1.214,0.5970000000000034,0.6075000000000036,0.5955000000000035,0.6070000000000034,0.5000000000000029,490496600.0,592514245.0,腾讯日K,2026-08-07T17:30:13,20260926T093659
512800,华宝银行ETF,SSE,2022-02-09,1.213,1.22,1.204,1.208,0.6065000000000036,0.6100000000000035,0.6020000000000034,0.6040000000000034,0.5000000000000029,345298200.0,418149032.0,腾讯日K,2026-08-07T17:30:13,20260926T093659
512800,华宝银行ETF,SSE,2022-02-10,1.208,1.223,1.2,1.222,0.6040000000000034,0.6115000000000036,0.6000000000000034,0.6110000000000035,0.5000000000000029,262999000.0,318529392.0,腾讯日K,2026-08-07T17:30:13,20260926T093659
512800,华宝银行ETF,SSE,2022-02-11,1.217,1.237,1.217,1.228,0.6085000000000036,0.6185000000000036,0.6085000000000036,0.6140000000000035,0.5000000000000029,441015700.0,542167214.0,腾讯日K,2026-08-07T17:30:13,20260926T093659
512800,华宝银行ETF,SSE,2022-02-14,1.227,1.228,1.197,1.201,0.6140108243130761,0.6145112406328096,0.5989983347210692,0.6010000000000035,0.5004163197335583,294231000.0,354970364.0,腾讯日K,2026-08-07T17:30:13,20260926T093659
512800,华宝银行ETF,SSE,2022-02-15,1.201,1.206,1.181,1.188,0.6005000000000036,0.6030000000000036,0.5905000000000036,0.5940000000000035,0.500000000000003,285626300.0,339977425.0,腾讯日K,2026-08-07T17:30:13,20260926T093659
512800,华宝银行ETF,SSE,2022-02-16,1.19,1.204,1.189,1.199,0.5954962468723971,0.6025020850708959,0.5949958298582186,0.6000000000000035,0.5004170141784849,236011100.0,282541857.0,腾讯日K,2026-08-07T17:30:13,20260926T093659
512800,华宝银行ETF,SSE,2022-02-17,1.199,1.211,1.195,1.202,0.5995000000000036,0.6055000000000037,0.5975000000000036,0.6010000000000036,0.500000000000003,255615900.0,307613946.0,腾讯日K,2026-08-07T17:30:13,20260926T093659
512800,华宝银行ETF,SSE,2022-02-18,1.196,1.216,1.196,1.215,0.5984921810699623,0.6085004115226372,0.5984921810699623,0.6080000000000035,0.5004115226337478,223546100.0,270065942.0,腾讯日K,2026-08-07T17:30:13,20260926T093659
512800,华宝银行ETF,SSE,2022-02-21,1.212,1.212,1.198,1.211,0.6065004128819192,0.6065004128819192,0.5994946325350984,0.6060000000000035,0.5004128819157749,228988200.0,276102798.0,腾讯日K,2026-08-07T17:30:13,20260926T093659
512800,华宝银行ETF,SSE,2022-02-22,1.203,1.21,1.199,1.205,0.6019991701244848,0.6055020746888001,0.5999975103734475,0.6030000000000035,0.500414937759339,193540100.0,232851621.0,腾讯日K,2026-08-07T17:30:13,20260926T093659
512800,华宝银行ETF,SSE,2022-02-23,1.205,1.206,1.191,1.195,0.603004184100422,0.6035046025104638,0.5959983263598362,0.5980000000000035,0.500418410041844,222761600.0,266185733.0,腾讯日K,2026-08-07T17:30:13,20260926T093659
512800,华宝银行ETF,SSE,2022-02-24,1.191,1.194,1.175,1.178,0.5955000000000036,0.5970000000000035,0.5875000000000036,0.5890000000000035,0.500000000000003,261835000.0,310051882.0,腾讯日K,2026-08-07T17:30:13,20260926T093659
512800,华宝银行ETF,SSE,2022-02-25,1.181,1.185,1.169,1.172,0.5905000000000036,0.5925000000000036,0.5845000000000036,0.5860000000000035,0.500000000000003,298068600.0,349979003.0,腾讯日K,2026-08-07T17:30:13,20260926T093659
512800,华宝银行ETF,SSE,2022-02-28,1.169,1.173,1.16,1.172,0.5845000000000036,0.5865000000000036,0.5800000000000034,0.5860000000000035,0.500000000000003,202495600.0,236393471.0,腾讯日K,2026-08-07T17:30:13,20260926T093659
512800,华宝银行ETF,SSE,2022-03-01,1.173,1.184,1.167,1.183,0.5869957734573152,0.5925004226542722,0.5839932375317024,0.5920000000000034,0.5004226542688109,209391500.0,246254383.0,腾讯日K,2026-08-07T17:30:13,20260926T093659
512800,华宝银行ETF,SSE,2022-03-02,1.174,1.183,1.172,1.178,0.5870000000000034,0.5915000000000035,0.5860000000000033,0.5890000000000034,0.5000000000000029,209569700.0,246880396.0,腾讯日K,2026-08-07T17:30:13,20260926T093659
512800,华宝银行ETF,SSE,2022-03-03,1.18,1.189,1.179,1.186,0.5900000000000035,0.5945000000000036,0.5895000000000036,0.5930000000000035,0.500000000000003,263747200.0,312604181.0,腾讯日K,2026-08-07T17:30:13,20260926T093659
512800,华宝银行ETF,SSE,2022-03-04,1.18,1.181,1.17,1.174,0.5900000000000034,0.5905000000000035,0.5850000000000033,0.5870000000000034,0.5000000000000029,227105200.0,266903642.0,腾讯日K,2026-08-07T17:30:13,20260926T093659
512800,华宝银行ETF,SSE,2022-03-07,1.165,1.169,1.149,1.151,0.5830060816681181,0.5850078192875795,0.5749991311902727,0.5760000000000034,0.5004344048653374,338308400.0,391797310.0,腾讯日K,2026-08-07T17:30:13,20260926T093659
512800,华宝银行ETF,SSE,2022-03-08,1.149,1.152,1.125,1.127,0.5750097604259129,0.5765110913930823,0.562999112688557,0.5640000000000033,0.5004436557231617,296298500.0,337920674.0,腾讯日K,2026-08-07T17:30:13,20260926T093659
512800,华宝银行ETF,SSE,2022-03-09,1.13,1.134,1.082,1.11,0.5650000000000034,0.5670000000000034,0.5410000000000033,0.5550000000000034,0.500000000000003,558946800.0,619747965.0,腾讯日K,2026-08-07T17:30:13,20260926T093659
512800,华宝银行ETF,SSE,2022-03-10,1.125,1.129,1.117,1.122,0.5625000000000036,0.5645000000000036,0.5585000000000034,0.5610000000000035,0.5000000000000031,466972000.0,524484440.0,腾讯日K,2026-08-07T17:30:13,20260926T093659
512800,华宝银行ETF,SSE,2022-03-11,1.11,1.128,1.099,1.126,0.5550000000000035,0.5640000000000035,0.5495000000000034,0.5630000000000034,0.5000000000000031,386372000.0,429978285.0,腾讯日K,2026-08-07T17:30:13,20260926T093659
512800,华宝银行ETF,SSE,2022-03-14,1.112,1.123,1.095,1.097,0.5565068368277155,0.5620118505013709,0.5479990884229752,0.5490000000000035,0.5004557885141326,451019300.0,498563085.0,腾讯日K,2026-08-07T17:30:13,20260926T093659
512800,华宝银行ETF,SSE,2022-03-15,1.09,1.091,1.045,1.047,0.5455205348615125,0.5460210124164313,0.5229990448901657,0.5240000000000032,0.5004775549188188,622595800.0,663141501.0,腾讯日K,2026-08-07T17:30:13,20260926T093659
512800,华宝银行ETF,SSE,2022-03-16,1.059,1.09,1.042,1.084,0.5295000000000033,0.5450000000000035,0.5210000000000032,0.5420000000000034,0.5000000000000031,488712400.0,522073128.0,腾讯日K,2026-08-07T17:30:13,20260926T093659
512800,华宝银行ETF,SSE,2022-03-17,1.096,1.107,1.087,1.095,0.548500456621008,0.5540054794520582,0.5439963470319669,0.5480000000000034,0.5004566210045693,429042100.0,470828479.0,腾讯日K,2026-08-07T17:30:13,20260926T093659
512800,华宝银行ETF,SSE,2022-03-18,1.09,1.122,1.07,1.118,0.5450000000000035,0.5610000000000035,0.5350000000000034,0.5590000000000035,0.5000000000000031,422507200.0,469901296.0,腾讯日K,2026-08-07T17:30:13,20260926T093659
512800,华宝银行ETF,SSE,2022-03-21,1.115,1.119,1.1,1.104,0.5575000000000034,0.5595000000000034,0.5500000000000035,0.5520000000000035,0.5000000000000031,218090400.0,241583982.0,腾讯日K,2026-08-07T17:30:13,20260926T093659
512800,华宝银行ETF,SSE,2022-03-22,1.104,1.13,1.103,1.123,0.5524915405164773,0.565503116651829,0.5519910952805022,0.5620000000000036,0.50044523597507,413754400.0,463836277.0,腾讯日K,2026-08-07T17:30:13,20260926T093659
512800,华宝银行ETF,SSE,2022-03-23,1.123,1.123,1.11,1.116,0.5615000000000037,0.5615000000000037,0.5550000000000036,0.5580000000000036,0.5000000000000032,159089500.0,177603685.0,腾讯日K,2026-08-07T17:30:13,20260926T093659
512800,华宝银行ETF,SSE,2022-03-24,1.11,1.124,1.108,1.119,0.5554959785522823,0.5625022341376263,0.5544950848972331,0.5600000000000035,0.5004468275245786,174893500.0,195480299.0,腾讯日K,2026-08-07T17:30:13,20260926T093659
512800,华宝银行ETF,SSE,2022-03-25,1.119,1.129,1.115,1.118,0.5595000000000034,0.5645000000000036,0.5575000000000034,0.5590000000000035,0.5000000000000031,178734100.0,200515334.0,腾讯日K,2026-08-07T17:30:13,20260926T093659
512800,华宝银行ETF,SSE,2022-03-28,1.113,1.129,1.101,1.122,0.5565000000000034,0.5645000000000036,0.5505000000000034,0.5610000000000035,0.5000000000000031,206593100.0,230996039.0,腾讯日K,2026-08-07T17:30:13,20260926T093659
512800,华宝银行ETF,SSE,2022-03-29,1.125,1.131,1.121,1.126,0.5625000000000036,0.5655000000000036,0.5605000000000034,0.5630000000000034,0.5000000000000031,149706000.0,168541111.0,腾讯日K,2026-08-07T17:30:13,20260926T093659
512800,华宝银行ETF,SSE,2022-03-30,1.127,1.142,1.125,1.14,0.5635000000000033,0.5710000000000034,0.5625000000000033,0.5700000000000034,0.500000000000003,261545100.0,296705582.0,腾讯日K,2026-08-07T17:30:13,20260926T093659
512800,华宝银行ETF,SSE,2022-03-31,1.137,1.162,1.134,1.155,0.5689922077922113,0.5815030303030337,0.5674909090909125,0.5780000000000035,0.5004329004329034,300178100.0,346236432.0,腾讯日K,2026-08-07T17:30:13,20260926T093659
512800,华宝银行ETF,SSE,2022-04-01,1.149,1.178,1.147,1.178,0.5745000000000035,0.5890000000000035,0.5735000000000035,0.5890000000000035,0.500000000000003,366235000.0,428151127.0,腾讯日K,2026-08-07T17:30:13,20260926T093659
512800,华宝银行ETF,SSE,2022-04-06,1.17,1.204,1.168,1.195,0.5854895397489576,0.6025037656903802,0.5844887029288738,0.5980000000000036,0.5004184100418441,385251200.0,459679286.0,腾讯日K,2026-08-07T17:30:13,20260926T093659
512800,华宝银行ETF,SSE,2022-04-07,1.193,1.204,1.179,1.184,0.5965000000000036,0.6020000000000036,0.5895000000000036,0.5920000000000035,0.500000000000003,307604200.0,366075670.0,腾讯日K,2026-08-07T17:30:13,20260926T093659
512800,华宝银行ETF,SSE,2022-04-08,1.181,1.193,1.177,1.192,0.5905000000000037,0.5965000000000037,0.5885000000000037,0.5960000000000036,0.5000000000000031,341030800.0,404337624.0,腾讯日K,2026-08-07T17:30:13,20260926T093659
512800,华宝银行ETF,SSE,2022-04-11,1.187,1.188,1.17,1.176,0.5935000000000037,0.5940000000000036,0.5850000000000036,0.5880000000000036,0.5000000000000031,361612300.0,425560294.0,腾讯日K,2026-08-07T17:30:13,20260926T093659
512800,华宝银行ETF,SSE,2022-04-12,1.174,1.187,1.163,1.176,0.5870000000000036,0.5935000000000037,0.5815000000000037,0.5880000000000036,0.5000000000000031,291517200.0,341395017.0,腾讯日K,2026-08-07T17:30:13,20260926T093659
512800,华宝银行ETF,SSE,2022-04-13,1.173,1.188,1.172,1.179,0.5869974554707413,0.5945038167938965,0.586497031382531,0.5900000000000035,0.5004240882103507,175898100.0,207870170.0,腾讯日K,2026-08-07T17:30:13,20260926T093659
512800,华宝银行ETF,SSE,2022-04-14,1.188,1.191,1.173,1.175,0.5945055319148971,0.5960068085106418,0.5869991489361737,0.5880000000000035,0.5004255319148966,355137700.0,418970663.0,腾讯日K,2026-08-07T17:30:13,20260926T093659
512800,华宝银行ETF,SSE,2022-04-15,1.171,1.195,1.168,1.194,0.5855000000000037,0.5975000000000037,0.5840000000000036,0.5970000000000036,0.5000000000000031,379221200.0,448987555.0,腾讯日K,2026-08-07T17:30:13,20260926T093659
512800,华宝银行ETF,SSE,2022-04-18,1.18,1.18,1.157,1.161,0.5905081826012093,0.5905081826012093,0.5789982773471181,0.5810000000000035,0.5004306632213639,280559900.0,326626984.0,腾讯日K,2026-08-07T17:30:13,20260926T093659
512800,华宝银行ETF,SSE,2022-04-19,1.156,1.162,1.143,1.158,0.5780000000000035,0.5810000000000036,0.5715000000000036,0.5790000000000035,0.5000000000000031,234047400.0,269653714.0,腾讯日K,2026-08-07T17:30:13,20260926T093659
512800,华宝银行ETF,SSE,2022-04-20,1.155,1.161,1.146,1.148,0.5775000000000036,0.5805000000000037,0.5730000000000035,0.5740000000000035,0.5000000000000031,173153300.0,199318566.0,腾讯日K,2026-08-07T17:30:13,20260926T093659
512800,华宝银行ETF,SSE,2022-04-21,1.144,1.161,1.137,1.143,0.5725004374453228,0.5810078740157515,0.5689973753280874,0.5720000000000035,0.5004374453193381,211236700.0,243091911.0,腾讯日K,2026-08-07T17:30:13,20260926T093659
512800,华宝银行ETF,SSE,2022-04-22,1.136,1.167,1.136,1.164,0.5680000000000034,0.5835000000000036,0.5680000000000034,0.5820000000000035,0.500000000000003,249155400.0,288518533.0,腾讯日K,2026-08-07T17:30:13,20260926T093659
512800,华宝银行ETF,SSE,2022-04-25,1.149,1.153,1.113,1.114,0.5745000000000035,0.5765000000000035,0.5565000000000033,0.5570000000000034,0.500000000000003,353438100.0,400751196.0,腾讯日K,2026-08-07T17:30:13,20260926T093659
512800,华宝银行ETF,SSE,2022-04-26,1.116,1.126,1.108,1.112,0.5580000000000034,0.5630000000000033,0.5540000000000034,0.5560000000000034,0.500000000000003,316378600.0,353199249.0,腾讯日K,2026-08-07T17:30:13,20260926T093659
512800,华宝银行ETF,SSE,2022-04-27,1.107,1.122,1.103,1.114,0.5535000000000033,0.5610000000000034,0.5515000000000033,0.5570000000000034,0.500000000000003,342561900.0,381142586.0,腾讯日K,2026-08-07T17:30:13,20260926T093659
512800,华宝银行ETF,SSE,2022-04-28,1.111,1.133,1.11,1.13,0.5555000000000033,0.5665000000000034,0.5550000000000034,0.5650000000000034,0.500000000000003,295127800.0,331862691.0,腾讯日K,2026-08-07T17:30:13,20260926T093659
512800,华宝银行ETF,SSE,2022-04-29,1.129,1.137,1.111,1.135,0.5649973568281973,0.5690008810572722,0.5559894273127787,0.5680000000000035,0.5004405286343643,356509700.0,400081039.0,腾讯日K,2026-08-07T17:30:13,20260926T093659
512800,华宝银行ETF,SSE,2022-05-05,1.128,1.135,1.12,1.126,0.5640000000000035,0.5675000000000036,0.5600000000000035,0.5630000000000034,0.5000000000000031,221264000.0,249000578.0,腾讯日K,2026-08-07T17:30:13,20260926T093659
512800,华宝银行ETF,SSE,2022-05-06,1.116,1.117,1.1,1.102,0.5580000000000035,0.5585000000000034,0.5500000000000035,0.5510000000000035,0.5000000000000031,266766100.0,295190397.0,腾讯日K,2026-08-07T17:30:13,20260926T093659
512800,华宝银行ETF,SSE,2022-05-09,1.098,1.099,1.082,1.087,0.5495050597976118,0.5500055197792124,0.5414977000919999,0.5440000000000035,0.5004599816007392,163670100.0,178386072.0,腾讯日K,2026-08-07T17:30:13,20260926T093659
512800,华宝银行ETF,SSE,2022-05-10,1.081,1.099,1.071,1.095,0.5409936073059396,0.5500018264840218,0.5359890410958938,0.5480000000000035,0.5004566210045694,266319100.0,289645582.0,腾讯日K,2026-08-07T17:30:13,20260926T093659
512800,华宝银行ETF,SSE,2022-05-11,1.094,1.099,1.089,1.091,0.5475013748854298,0.5500036663611402,0.5449990834097194,0.5460000000000035,0.5004582951420747,278232800.0,304401753.0,腾讯日K,2026-08-07T17:30:13,20260926T093659
512800,华宝银行ETF,SSE,2022-05-12,1.087,1.09,1.082,1.084,0.5435000000000035,0.5450000000000036,0.5410000000000035,0.5420000000000035,0.5000000000000032,204978000.0,222409671.0,腾讯日K,2026-08-07T17:30:13,20260926T093659
512800,华宝银行ETF,SSE,2022-05-13,1.089,1.101,1.088,1.098,0.5445000000000033,0.5505000000000034,0.5440000000000034,0.5490000000000035,0.5000000000000031,210705100.0,230978530.0,腾讯日K,2026-08-07T17:30:13,20260926T093659
512800,华宝银行ETF,SSE,2022-05-16,1.098,1.1,1.082,1.089,0.5495041322314085,0.550505050505054,0.541496786042244,0.5450000000000034,0.5004591368227763,232263100.0,252287467.0,腾讯日K,2026-08-07T17:30:13,20260926T093659
512800,华宝银行ETF,SSE,2022-05-17,1.09,1.103,1.087,1.098,0.5450000000000035,0.5515000000000034,0.5435000000000033,0.5490000000000035,0.5000000000000031,212034100.0,232245236.0,腾讯日K,2026-08-07T17:30:13,20260926T093659
512800,华宝银行ETF,SSE,2022-05-18,1.1,1.101,1.085,1.091,0.5505041246562822,0.5510045829514242,0.5429972502291509,0.5460000000000034,0.5004582951420746,260820600.0,284182167.0,腾讯日K,2026-08-07T17:30:13,20260926T093659
512800,华宝银行ETF,SSE,2022-05-19,1.082,1.085,1.079,1.085,0.5414986175115242,0.5430000000000034,0.5399972350230449,0.5430000000000034,0.5004608294930907,202844600.0,219662228.0,腾讯日K,2026-08-07T17:30:13,20260926T093659
512800,华宝银行ETF,SSE,2022-05-20,1.087,1.101,1.087,1.101,0.5439936421435092,0.5510000000000034,0.5439936421435092,0.5510000000000034,0.5004541326067242,307736800.0,337249294.0,腾讯日K,2026-08-07T17:30:13,20260926T093659
512800,华宝银行ETF,SSE,2022-05-23,1.1,1.101,1.092,1.095,0.5505022831050262,0.5510027397260308,0.5464986301369896,0.5480000000000033,0.5004566210045692,195260500.0,213914058.0,腾讯日K,2026-08-07T17:30:13,20260926T093659
512800,华宝银行ETF,SSE,2022-05-24,1.095,1.098,1.083,1.084,0.5475000000000033,0.5490000000000034,0.5415000000000032,0.5420000000000033,0.500000000000003,190840200.0,207927671.0,腾讯日K,2026-08-07T17:30:13,20260926T093659
512800,华宝银行ETF,SSE,2022-05-25,1.083,1.09,1.083,1.089,0.5419972451790667,0.5455004591368261,0.5419972451790667,0.5450000000000033,0.5004591368227762,145720100.0,158353947.0,腾讯日K,2026-08-07T17:30:13,20260926T093659
512800,华宝银行ETF,SSE,2022-05-26,1.089,1.09,1.08,1.087,0.5450009199632048,0.5455013799448055,0.5404967801287982,0.5440000000000033,0.500459981600739,296194400.0,321950302.0,腾讯日K,2026-08-07T17:30:13,20260926T093659
512800,华宝银行ETF,SSE,2022-05-27,1.088,1.097,1.088,1.093,0.5444977127172952,0.5490018298261697,0.5444977127172952,0.5470000000000033,0.5004574565416315,238490000.0,260701107.0,腾讯日K,2026-08-07T17:30:13,20260926T093659
512800,华宝银行ETF,SSE,2022-05-30,1.093,1.095,1.082,1.087,0.5470027598896078,0.5480036798528092,0.5414977000919996,0.5440000000000033,0.500459981600739,204731900.0,222464447.0,腾讯日K,2026-08-07T17:30:13,20260926T093659
512800,华宝银行ETF,SSE,2022-05-31,1.085,1.091,1.081,1.09,0.5425000000000032,0.5455000000000032,0.5405000000000032,0.5450000000000033,0.500000000000003,252757700.0,275104389.0,腾讯日K,2026-08-07T17:30:13,20260926T093659
512800,华宝银行ETF,SSE,2022-06-01,1.089,1.09,1.081,1.086,0.5445000000000032,0.5450000000000033,0.5405000000000032,0.5430000000000033,0.500000000000003,217805900.0,236221577.0,腾讯日K,2026-08-07T17:30:13,20260926T093659
512800,华宝银行ETF,SSE,2022-06-02,1.084,1.084,1.076,1.08,0.5420000000000033,0.5420000000000033,0.5380000000000033,0.5400000000000033,0.500000000000003,296774700.0,319998815.0,腾讯日K,2026-08-07T17:30:13,20260926T093659
512800,华宝银行ETF,SSE,2022-06-06,1.078,1.081,1.065,1.081,0.539498612395933,0.5410000000000033,0.5329925994449616,0.5410000000000033,0.5004625346901048,494549900.0,529350581.0,腾讯日K,2026-08-07T17:30:13,20260926T093659
512800,华宝银行ETF,SSE,2022-06-07,1.078,1.093,1.074,1.089,0.5394949494949528,0.5470018365472944,0.5374931129476617,0.5450000000000033,0.5004591368227762,502651200.0,545642820.0,腾讯日K,2026-08-07T17:30:13,20260926T093659
512800,华宝银行ETF,SSE,2022-06-08,1.09,1.096,1.085,1.096,0.5450000000000031,0.5480000000000032,0.5425000000000031,0.5480000000000033,0.5000000000000029,592492200.0,645345780.0,腾讯日K,2026-08-07T17:30:13,20260926T093659
512800,华宝银行ETF,SSE,2022-06-09,1.092,1.11,1.092,1.108,0.5460000000000033,0.5550000000000034,0.5460000000000033,0.5540000000000034,0.500000000000003,569567600.0,628957045.0,腾讯日K,2026-08-07T17:30:13,20260926T093659
512800,华宝银行ETF,SSE,2022-06-10,1.102,1.115,1.1,1.111,0.551495949594963,0.5580018001800214,0.5504950495049539,0.5560000000000034,0.5004500450045035,331721400.0,367233574.0,腾讯日K,2026-08-07T17:30:13,20260926T093659
512800,华宝银行ETF,SSE,2022-06-13,1.105,1.106,1.085,1.09,0.5525000000000034,0.5530000000000035,0.5425000000000033,0.5450000000000034,0.5000000000000031,302961500.0,331096304.0,腾讯日K,2026-08-07T17:30:13,20260926T093659
512800,华宝银行ETF,SSE,2022-06-14,1.086,1.109,1.082,1.108,0.5430000000000033,0.5545000000000033,0.5410000000000033,0.5540000000000034,0.500000000000003,451895900.0,494945869.0,腾讯日K,2026-08-07T17:30:13,20260926T093659
512800,华宝银行ETF,SSE,2022-06-15,1.109,1.143,1.107,1.126,0.5545000000000033,0.5715000000000034,0.5535000000000033,0.5630000000000033,0.500000000000003,628630500.0,708771853.0,腾讯日K,2026-08-07T17:30:13,20260926T093659
512800,华宝银行ETF,SSE,2022-06-16,1.126,1.129,1.111,1.113,0.5635058400718811,0.565007187780776,0.5559991015274067,0.5570000000000033,0.5004492362982959,350002700.0,391247290.0,腾讯日K,2026-08-07T17:30:13,20260926T093659
512800,华宝银行ETF,SSE,2022-06-17,1.11,1.119,1.103,1.114,0.5550000000000033,0.5595000000000032,0.5515000000000032,0.5570000000000033,0.5000000000000029,308937900.0,343084776.0,腾讯日K,2026-08-07T17:30:13,20260926T093659
512800,华宝银行ETF,SSE,2022-06-20,1.112,1.112,1.103,1.106,0.5560000000000033,0.5560000000000033,0.5515000000000032,0.5530000000000033,0.5000000000000029,326634300.0,361445752.0,腾讯日K,2026-08-07T17:30:13,20260926T093659
512800,华宝银行ETF,SSE,2022-06-21,1.106,1.118,1.104,1.116,0.5530000000000034,0.5590000000000034,0.5520000000000034,0.5580000000000034,0.500000000000003,267181000.0,297287856.0,腾讯日K,2026-08-07T17:30:13,20260926T093659
512800,华宝银行ETF,SSE,2022-06-22,1.115,1.116,1.101,1.102,0.5575000000000032,0.5580000000000033,0.5505000000000032,0.5510000000000033,0.5000000000000029,232114600.0,256887327.0,腾讯日K,2026-08-07T17:30:13,20260926T093659
512800,华宝银行ETF,SSE,2022-06-23,1.102,1.11,1.102,1.11,0.5510000000000033,0.5550000000000033,0.5510000000000033,0.5550000000000033,0.5000000000000029,339999200.0,376117004.0,腾讯日K,2026-08-07T17:30:13,20260926T093659
512800,华宝银行ETF,SSE,2022-06-24,1.109,1.113,1.102,1.109,0.5550000000000033,0.5570018034265136,0.5514968440036101,0.5550000000000033,0.5004508566275954,362080000.0,400399114.0,腾讯日K,2026-08-07T17:30:13,20260926T093659
512800,华宝银行ETF,SSE,2022-06-27,1.109,1.121,1.107,1.119,0.5549955317247576,0.5610008936550525,0.5539946380697084,0.5600000000000033,0.5004468275245785,711941100.0,794081336.0,腾讯日K,2026-08-07T17:30:13,20260926T093659
512800,华宝银行ETF,SSE,2022-06-28,1.117,1.126,1.115,1.125,0.5589964444444475,0.5635004444444476,0.5579955555555587,0.5630000000000032,0.5004444444444472,370660100.0,415376652.0,腾讯日K,2026-08-07T17:30:13,20260926T093659
512800,华宝银行ETF,SSE,2022-06-29,1.123,1.135,1.121,1.127,0.5619982253771105,0.5680035492457884,0.5609973380656642,0.5640000000000032,0.5004436557231616,409440200.0,462513422.0,腾讯日K,2026-08-07T17:30:13,20260926T093659
512800,华宝银行ETF,SSE,2022-06-30,1.127,1.143,1.124,1.141,0.563993865030678,0.5720008764241926,0.5624925503943942,0.5710000000000033,0.5004382120946567,329142700.0,373738523.0,腾讯日K,2026-08-07T17:30:13,20260926T093659
512800,华宝银行ETF,SSE,2022-07-01,1.139,1.14,1.131,1.133,0.5700026478376027,0.5705030891438692,0.5659991173874702,0.5670000000000033,0.5004413062665519,228790200.0,259399535.0,腾讯日K,2026-08-07T17:30:13,20260926T093659
512800,华宝银行ETF,SSE,2022-07-04,1.13,1.133,1.125,1.128,0.5650000000000032,0.5665000000000032,0.5625000000000032,0.5640000000000032,0.5000000000000029,308942200.0,348477256.0,腾讯日K,2026-08-07T17:30:13,20260926T093659
512800,华宝银行ETF,SSE,2022-07-05,1.129,1.138,1.125,1.128,0.5645000000000032,0.5690000000000033,0.5625000000000032,0.5640000000000032,0.5000000000000029,293330800.0,331724928.0,腾讯日K,2026-08-07T17:30:13,20260926T093659
512800,华宝银行ETF,SSE,2022-07-06,1.126,1.128,1.109,1.114,0.563000000000003,0.564000000000003,0.5545000000000031,0.5570000000000032,0.5000000000000028,435618600.0,485605094.0,腾讯日K,2026-08-07T17:30:13,20260926T093659
512800,华宝银行ETF,SSE,2022-07-07,1.113,1.117,1.109,1.112,0.5565000000000031,0.5585000000000031,0.5545000000000031,0.5560000000000032,0.5000000000000028,190857900.0,212540179.0,腾讯日K,2026-08-07T17:30:13,20260926T093659
512800,华宝银行ETF,SSE,2022-07-08,1.114,1.117,1.109,1.114,0.5570000000000032,0.5585000000000031,0.5545000000000031,0.5570000000000032,0.5000000000000028,208725400.0,232331596.0,腾讯日K,2026-08-07T17:30:13,20260926T093659
512800,华宝银行ETF,SSE,2022-07-11,1.112,1.115,1.109,1.114,0.5560000000000032,0.5575000000000031,0.5545000000000031,0.5570000000000032,0.5000000000000028,354384700.0,393950338.0,腾讯日K,2026-08-07T17:30:13,20260926T093659
512800,华宝银行ETF,SSE,2022-07-12,1.114,1.125,1.113,1.119,0.5574977658623804,0.5630026809651508,0.5569973190348558,0.5600000000000033,0.5004468275245785,349589200.0,391447035.0,腾讯日K,2026-08-07T17:30:13,20260926T093659
512800,华宝银行ETF,SSE,2022-07-13,1.118,1.118,1.091,1.094,0.5590000000000033,0.5590000000000033,0.5455000000000031,0.5470000000000032,0.5000000000000029,690318900.0,758609369.0,腾讯日K,2026-08-07T17:30:13,20260926T093659
512800,华宝银行ETF,SSE,2022-07-14,1.088,1.088,1.06,1.071,0.5445079365079398,0.5445079365079398,0.5304948646125148,0.5360000000000031,0.5004668534080329,789982100.0,844578135.0,腾讯日K,2026-08-07T17:30:13,20260926T093659
512800,华宝银行ETF,SSE,2022-07-15,1.072,1.081,1.062,1.062,0.5360000000000031,0.5405000000000031,0.5310000000000031,0.5310000000000031,0.5000000000000029,408250000.0,437462120.0,腾讯日K,2026-08-07T17:30:13,20260926T093659
512800,华宝银行ETF,SSE,2022-07-18,1.065,1.078,1.065,1.076,0.532500000000003,0.539000000000003,0.532500000000003,0.538000000000003,0.5000000000000028,360238600.0,386503939.0,腾讯日K,2026-08-07T17:30:13,20260926T093659
512800,华宝银行ETF,SSE,2022-07-19,1.073,1.082,1.072,1.08,0.536500000000003,0.541000000000003,0.536000000000003,0.540000000000003,0.5000000000000028,275005000.0,296372911.0,腾讯日K,2026-08-07T17:30:13,20260926T093659
512800,华宝银行ETF,SSE,2022-07-20,1.082,1.086,1.081,1.082,0.541000000000003,0.543000000000003,0.540500000000003,0.541000000000003,0.5000000000000028,220741000.0,239230870.0,腾讯日K,2026-08-07T17:30:13,20260926T093659
512800,华宝银行ETF,SSE,2022-07-21,1.081,1.083,1.069,1.07,0.5405000000000029,0.5415000000000029,0.5345000000000029,0.5350000000000029,0.5000000000000027,357081700.0,383491365.0,腾讯日K,2026-08-07T17:30:13,20260926T093659
512800,华宝银行ETF,SSE,2022-07-22,1.072,1.078,1.066,1.074,0.5360000000000029,0.5390000000000029,0.5330000000000029,0.5370000000000029,0.5000000000000027,221876400.0,237833954.0,腾讯日K,2026-08-07T17:30:13,20260926T093659
512800,华宝银行ETF,SSE,2022-07-25,1.071,1.077,1.068,1.076,0.5355000000000029,0.5385000000000029,0.5340000000000029,0.5380000000000029,0.5000000000000027,258136700.0,277079556.0,腾讯日K,2026-08-07T17:30:13,20260926T093659
512800,华宝银行ETF,SSE,2022-07-26,1.075,1.086,1.075,1.085,0.537995391705072,0.5435004608294961,0.537995391705072,0.543000000000003,0.5004608294930903,233722000.0,252887326.0,腾讯日K,2026-08-07T17:30:13,20260926T093659
512800,华宝银行ETF,SSE,2022-07-27,1.084,1.085,1.078,1.08,0.542000000000003,0.542500000000003,0.539000000000003,0.540000000000003,0.5000000000000028,172104200.0,186065028.0,腾讯日K,2026-08-07T17:30:13,20260926T093659
512800,华宝银行ETF,SSE,2022-07-28,1.082,1.085,1.077,1.079,0.5415013901760921,0.5430027803521811,0.5389990732159438,0.540000000000003,0.50046339202966,177224900.0,191538919.0,腾讯日K,2026-08-07T17:30:13,20260926T093659
512800,华宝银行ETF,SSE,2022-07-29,1.078,1.082,1.066,1.066,0.539000000000003,0.541000000000003,0.533000000000003,0.533000000000003,0.5000000000000028,468827000.0,502808178.0,腾讯日K,2026-08-07T17:30:13,20260926T093659
512800,华宝银行ETF,SSE,2022-08-01,1.066,1.067,1.058,1.06,0.533000000000003,0.533500000000003,0.5290000000000029,0.5300000000000029,0.5000000000000028,291778400.0,309482414.0,腾讯日K,2026-08-07T17:30:13,20260926T093659
512800,华宝银行ETF,SSE,2022-08-02,1.056,1.056,1.035,1.043,0.5285062320230136,0.5285062320230136,0.5179961649089195,0.522000000000003,0.5004793863854295,307572800.0,320316040.0,腾讯日K,2026-08-07T17:30:13,20260926T093659
512800,华宝银行ETF,SSE,2022-08-03,1.042,1.049,1.031,1.034,0.5210000000000029,0.5245000000000029,0.5155000000000028,0.5170000000000029,0.5000000000000028,370130900.0,383982077.0,腾讯日K,2026-08-07T17:30:13,20260926T093659
512800,华宝银行ETF,SSE,2022-08-04,1.037,1.042,1.035,1.042,0.5185000000000027,0.5210000000000028,0.5175000000000027,0.5210000000000028,0.5000000000000027,346177500.0,359594812.0,腾讯日K,2026-08-07T17:30:13,20260926T093659
512800,华宝银行ETF,SSE,2022-08-05,1.042,1.054,1.038,1.053,0.5214947768281131,0.5275004748338111,0.5194928774928804,0.5270000000000029,0.5004748338081699,265087600.0,277031010.0,腾讯日K,2026-08-07T17:30:13,20260926T093659
512800,华宝银行ETF,SSE,2022-08-08,1.051,1.056,1.045,1.048,0.5255000000000029,0.5280000000000029,0.5225000000000029,0.5240000000000029,0.5000000000000028,163281700.0,171276598.0,腾讯日K,2026-08-07T17:30:13,20260926T093659
512800,华宝银行ETF,SSE,2022-08-09,1.048,1.048,1.041,1.042,0.5240000000000028,0.5240000000000028,0.5205000000000027,0.5210000000000028,0.5000000000000027,180617100.0,188415892.0,腾讯日K,2026-08-07T17:30:13,20260926T093659
512800,华宝银行ETF,SSE,2022-08-10,1.041,1.045,1.033,1.034,0.5205000000000027,0.5225000000000027,0.5165000000000027,0.5170000000000028,0.5000000000000027,217803500.0,225863348.0,腾讯日K,2026-08-07T17:30:13,20260926T093659
512800,华宝银行ETF,SSE,2022-08-11,1.038,1.056,1.035,1.054,0.5190000000000028,0.5280000000000028,0.5175000000000027,0.5270000000000028,0.5000000000000027,370491000.0,387935233.0,腾讯日K,2026-08-07T17:30:13,20260926T093659
512800,华宝银行ETF,SSE,2022-08-12,1.05,1.057,1.048,1.056,0.5250000000000028,0.5285000000000027,0.5240000000000028,0.5280000000000028,0.5000000000000027,205788900.0,216566984.0,腾讯日K,2026-08-07T17:30:13,20260926T093659
512800,华宝银行ETF,SSE,2022-08-15,1.051,1.055,1.042,1.043,0.5260038350910862,0.5280057526366279,0.5214995206136174,0.5220000000000028,0.5004793863854293,211696800.0,221459168.0,腾讯日K,2026-08-07T17:30:13,20260926T093659
512800,华宝银行ETF,SSE,2022-08-16,1.043,1.048,1.041,1.045,0.5219990430622037,0.5245014354067014,0.5209980861244047,0.5230000000000028,0.5004784688995242,170828300.0,178429064.0,腾讯日K,2026-08-07T17:30:13,20260926T093659
512800,华宝银行ETF,SSE,2022-08-17,1.045,1.055,1.04,1.054,0.5225000000000026,0.5275000000000026,0.5200000000000027,0.5270000000000027,0.5000000000000026,293524600.0,307705920.0,腾讯日K,2026-08-07T17:30:13,20260926T093659
512800,华宝银行ETF,SSE,2022-08-18,1.052,1.052,1.041,1.044,0.5260000000000027,0.5260000000000027,0.5205000000000026,0.5220000000000027,0.5000000000000026,165922100.0,173270962.0,腾讯日K,2026-08-07T17:30:13,20260926T093659
512800,华宝银行ETF,SSE,2022-08-19,1.042,1.052,1.041,1.046,0.5210000000000027,0.5260000000000027,0.5205000000000026,0.5230000000000027,0.5000000000000026,230863300.0,241849179.0,腾讯日K,2026-08-07T17:30:13,20260926T093659
512800,华宝银行ETF,SSE,2022-08-22,1.043,1.051,1.042,1.047,0.5219980897803275,0.526001910219678,0.5214976122254087,0.5240000000000027,0.5004775549188183,200739600.0,210242224.0,腾讯日K,2026-08-07T17:30:13,20260926T093659
512800,华宝银行ETF,SSE,2022-08-23,1.045,1.045,1.036,1.039,0.5230028873917254,0.5230028873917254,0.5184985563041412,0.5200000000000026,0.5004812319538042,199400300.0,207159640.0,腾讯日K,2026-08-07T17:30:13,20260926T093659
512800,华宝银行ETF,SSE,2022-08-24,1.038,1.043,1.034,1.034,0.5190000000000026,0.5215000000000025,0.5170000000000026,0.5170000000000026,0.5000000000000024,264017800.0,274091692.0,腾讯日K,2026-08-07T17:30:13,20260926T093659
512800,华宝银行ETF,SSE,2022-08-25,1.034,1.049,1.032,1.047,0.517493791786058,0.5250009551098402,0.5164928366762204,0.5240000000000026,0.5004775549188182,299140100.0,310478317.0,腾讯日K,2026-08-07T17:30:13,20260926T093659
512800,华宝银行ETF,SSE,2022-08-26,1.046,1.053,1.042,1.049,0.5234985700667328,0.5270019065776956,0.5214966634890399,0.5250000000000026,0.5004766444232628,192802500.0,201879369.0,腾讯日K,2026-08-07T17:30:13,20260926T093659
512800,华宝银行ETF,SSE,2022-08-29,1.042,1.043,1.034,1.039,0.521501443695864,0.5220019249278178,0.5174975938402336,0.5200000000000026,0.5004812319538042,199630900.0,206994796.0,腾讯日K,2026-08-07T17:30:13,20260926T093659
512800,华宝银行ETF,SSE,2022-08-30,1.039,1.045,1.035,1.044,0.5195000000000026,0.5225000000000026,0.5175000000000026,0.5220000000000027,0.5000000000000026,219381800.0,228386372.0,腾讯日K,2026-08-07T17:30:13,20260926T093659
512800,华宝银行ETF,SSE,2022-08-31,1.04,1.063,1.039,1.058,0.5200000000000027,0.5315000000000026,0.5195000000000026,0.5290000000000027,0.5000000000000026,376370300.0,396630220.0,腾讯日K,2026-08-07T17:30:13,20260926T093659
512800,华宝银行ETF,SSE,2022-09-01,1.055,1.062,1.053,1.055,0.5280000000000027,0.5315033175355478,0.5269990521327041,0.5280000000000027,0.5004739336492917,182690500.0,193226876.0,腾讯日K,2026-08-07T17:30:13,20260926T093659
512800,华宝银行ETF,SSE,2022-09-02,1.055,1.061,1.05,1.054,0.5275000000000026,0.5305000000000026,0.5250000000000027,0.5270000000000027,0.5000000000000026,163144600.0,172050763.0,腾讯日K,2026-08-07T17:30:13,20260926T093659
512800,华宝银行ETF,SSE,2022-09-05,1.054,1.057,1.045,1.056,0.5270000000000027,0.5285000000000026,0.5225000000000026,0.5280000000000027,0.5000000000000026,136127600.0,142975826.0,腾讯日K,2026-08-07T17:30:13,20260926T093659
512800,华宝银行ETF,SSE,2022-09-06,1.056,1.063,1.051,1.055,0.5285004739336521,0.5320037914691971,0.5259981042654056,0.5280000000000027,0.5004739336492917,206196100.0,217768213.0,腾讯日K,2026-08-07T17:30:13,20260926T093659
512800,华宝银行ETF,SSE,2022-09-07,1.052,1.052,1.044,1.048,0.5260000000000027,0.5260000000000027,0.5220000000000027,0.5240000000000027,0.5000000000000026,161190800.0,168654484.0,腾讯日K,2026-08-07T17:30:13,20260926T093659
512800,华宝银行ETF,SSE,2022-09-08,1.048,1.055,1.046,1.051,0.5244985727878239,0.5280019029495746,0.523497621313038,0.5260000000000027,0.5004757373929617,199241500.0,209426449.0,腾讯日K,2026-08-07T17:30:13,20260926T093659
512800,华宝银行ETF,SSE,2022-09-09,1.052,1.071,1.052,1.07,0.5260000000000026,0.5355000000000026,0.5260000000000026,0.5350000000000027,0.5000000000000024,351326600.0,374674072.0,腾讯日K,2026-08-07T17:30:13,20260926T093659
512800,华宝银行ETF,SSE,2022-09-13,1.07,1.082,1.065,1.076,0.5350000000000027,0.5410000000000027,0.5325000000000025,0.5380000000000027,0.5000000000000024,277829500.0,299114560.0,腾讯日K,2026-08-07T17:30:13,20260926T093659
512800,华宝银行ETF,SSE,2022-09-14,1.069,1.076,1.067,1.068,0.5345000000000026,0.5380000000000027,0.5335000000000025,0.5340000000000027,0.5000000000000024,172115500.0,184393585.0,腾讯日K,2026-08-07T17:30:13,20260926T093659
512800,华宝银行ETF,SSE,2022-09-15,1.072,1.084,1.072,1.08,0.5360000000000028,0.5420000000000028,0.5360000000000028,0.5400000000000028,0.5000000000000026,264978700.0,285966817.0,腾讯日K,2026-08-07T17:30:13,20260926T093659
512800,华宝银行ETF,SSE,2022-09-16,1.076,1.079,1.061,1.062,0.5380000000000028,0.5395000000000028,0.5305000000000026,0.5310000000000027,0.5000000000000026,218334100.0,233269274.0,腾讯日K,2026-08-07T17:30:13,20260926T093659
512800,华宝银行ETF,SSE,2022-09-19,1.062,1.066,1.058,1.063,0.5314995296331165,0.5335014111006613,0.5294976481655719,0.5320000000000027,0.5004703668861737,165495400.0,175678415.0,腾讯日K,2026-08-07T17:30:13,20260926T093659
512800,华宝银行ETF,SSE,2022-09-20,1.064,1.065,1.051,1.053,0.5325052231718925,0.5330056980057006,0.5259990503323863,0.5270000000000026,0.5004748338081696,180989000.0,191075622.0,腾讯日K,2026-08-07T17:30:13,20260926T093659
512800,华宝银行ETF,SSE,2022-09-21,1.051,1.063,1.046,1.057,0.5259971617786212,0.5320028382213838,0.5234947965941369,0.5290000000000026,0.5004730368968804,171204500.0,180484120.0,腾讯日K,2026-08-07T17:30:13,20260926T093659
512800,华宝银行ETF,SSE,2022-09-22,1.051,1.055,1.049,1.054,0.5255000000000025,0.5275000000000025,0.5245000000000025,0.5270000000000026,0.5000000000000024,151120600.0,158867944.0,腾讯日K,2026-08-07T17:30:13,20260926T093659
512800,华宝银行ETF,SSE,2022-09-23,1.052,1.064,1.051,1.058,0.5260000000000026,0.5320000000000026,0.5255000000000025,0.5290000000000026,0.5000000000000024,227681900.0,241077544.0,腾讯日K,2026-08-07T17:30:13,20260926T093659
512800,华宝银行ETF,SSE,2022-09-26,1.054,1.061,1.042,1.042,0.5270000000000025,0.5305000000000024,0.5210000000000025,0.5210000000000025,0.5000000000000023,207874200.0,218206098.0,腾讯日K,2026-08-07T17:30:13,20260926T093659
512800,华宝银行ETF,SSE,2022-09-27,1.042,1.048,1.035,1.047,0.5214976122254085,0.5245004775549214,0.5179942693409767,0.5240000000000025,0.5004775549188181,176844200.0,183958431.0,腾讯日K,2026-08-07T17:30:13,20260926T093659
512800,华宝银行ETF,SSE,2022-09-28,1.045,1.053,1.038,1.048,0.5225000000000024,0.5265000000000024,0.5190000000000025,0.5240000000000025,0.5000000000000023,265206000.0,277770209.0,腾讯日K,2026-08-07T17:30:13,20260926T093659
512800,华宝银行ETF,SSE,2022-09-29,1.051,1.055,1.033,1.037,0.5260067502410825,0.528008678881391,0.5169980713596938,0.5190000000000023,0.500482160077148,341146000.0,356212055.0,腾讯日K,2026-08-07T17:30:13,20260926T093659
512800,华宝银行ETF,SSE,2022-09-30,1.037,1.046,1.036,1.042,0.5185000000000023,0.5230000000000024,0.5180000000000023,0.5210000000000024,0.5000000000000022,328885200.0,342837821.0,腾讯日K,2026-08-07T17:30:13,20260926T093659
512800,华宝银行ETF,SSE,2022-10-10,1.039,1.039,1.026,1.027,0.5200058422590091,0.5200058422590091,0.5134995131450851,0.5140000000000023,0.500486854917237,212390000.0,218765795.0,腾讯日K,2026-08-07T17:30:13,20260926T093659
512800,华宝银行ETF,SSE,2022-10-11,1.028,1.033,1.023,1.025,0.5145014634146364,0.5170039024390266,0.5119990243902461,0.5130000000000022,0.500487804878051,149553900.0,153565142.0,腾讯日K,2026-08-07T17:30:13,20260926T093659
512800,华宝银行ETF,SSE,2022-10-12,1.026,1.028,1.015,1.028,0.5130000000000023,0.5140000000000023,0.5075000000000022,0.5140000000000023,0.5000000000000022,190713500.0,194703687.0,腾讯日K,2026-08-07T17:30:13,20260926T093659
512800,华宝银行ETF,SSE,2022-10-13,1.025,1.025,1.01,1.013,0.5130059230009894,0.5130059230009894,0.5054985192497554,0.5070000000000022,0.5004935834155995,242552600.0,245970595.0,腾讯日K,2026-08-07T17:30:13,20260926T093659
512800,华宝银行ETF,SSE,2022-10-14,1.017,1.027,1.017,1.026,0.5085000000000021,0.5135000000000022,0.5085000000000021,0.5130000000000022,0.5000000000000021,284490800.0,291381160.0,腾讯日K,2026-08-07T17:30:13,20260926T093659
512800,华宝银行ETF,SSE,2022-10-17,1.018,1.023,1.014,1.022,0.5090000000000022,0.5115000000000022,0.5070000000000022,0.5110000000000022,0.5000000000000022,222736000.0,227009870.0,腾讯日K,2026-08-07T17:30:13,20260926T093659
512800,华宝银行ETF,SSE,2022-10-18,1.025,1.028,1.017,1.02,0.5125000000000022,0.5140000000000023,0.5085000000000022,0.5100000000000022,0.5000000000000022,311440300.0,318221115.0,腾讯日K,2026-08-07T17:30:13,20260926T093659
512800,华宝银行ETF,SSE,2022-10-19,1.018,1.022,1.008,1.01,0.5090000000000023,0.5110000000000023,0.5040000000000023,0.5050000000000023,0.5000000000000023,306692700.0,311043288.0,腾讯日K,2026-08-07T17:30:13,20260926T093659
512800,华宝银行ETF,SSE,2022-10-20,1.006,1.011,1.005,1.007,0.5034995034756725,0.5060019860973209,0.5029990069513428,0.5040000000000022,0.5004965243296944,250341200.0,252205142.0,腾讯日K,2026-08-07T17:30:13,20260926T093659
512800,华宝银行ETF,SSE,2022-10-21,1.007,1.01,1.0,1.003,0.5040019940179484,0.5055034895314081,0.5004985044865427,0.5020000000000022,0.5004985044865427,201289800.0,202339795.0,腾讯日K,2026-08-07T17:30:13,20260926T093659
512800,华宝银行ETF,SSE,2022-10-24,1.001,1.002,0.972,0.973,0.5010143884892109,0.5015149023638255,0.48649948612538757,0.4870000000000022,0.5005138746145963,467613400.0,460457209.0,腾讯日K,2026-08-07T17:30:13,20260926T093659
512800,华宝银行ETF,SSE,2022-10-25,0.974,0.98,0.968,0.973,0.4875005138746168,0.49050359712230435,0.4844974306269292,0.4870000000000022,0.5005138746145963,232025100.0,225851213.0,腾讯日K,2026-08-07T17:30:13,20260926T093659
512800,华宝银行ETF,SSE,2022-10-26,0.972,0.976,0.961,0.964,0.48600000000000226,0.48800000000000227,0.4805000000000022,0.4820000000000022,0.5000000000000023,296891600.0,287259142.0,腾讯日K,2026-08-07T17:30:13,20260926T093659
512800,华宝银行ETF,SSE,2022-10-27,0.966,0.969,0.961,0.964,0.48300000000000226,0.48450000000000226,0.4805000000000022,0.4820000000000022,0.5000000000000023,236047400.0,227760613.0,腾讯日K,2026-08-07T17:30:13,20260926T093659
512800,华宝银行ETF,SSE,2022-10-28,0.96,0.966,0.953,0.954,0.4800000000000022,0.48300000000000226,0.4765000000000022,0.4770000000000022,0.5000000000000023,182589300.0,175096639.0,腾讯日K,2026-08-07T17:30:13,20260926T093659
512800,华宝银行ETF,SSE,2022-10-31,0.949,0.952,0.94,0.944,0.4745000000000022,0.4760000000000022,0.47000000000000214,0.4720000000000022,0.5000000000000023,267073900.0,252501431.0,腾讯日K,2026-08-07T17:30:13,20260926T093659
512800,华宝银行ETF,SSE,2022-11-01,0.945,0.96,0.945,0.959,0.4729927007299291,0.48050052137643595,0.4729927007299291,0.48000000000000215,0.5005213764337875,199519900.0,189874963.0,腾讯日K,2026-08-07T17:30:13,20260926T093659
512800,华宝银行ETF,SSE,2022-11-02,0.956,0.962,0.949,0.96,0.4780000000000021,0.4810000000000021,0.4745000000000021,0.48000000000000215,0.5000000000000022,337723700.0,322419783.0,腾讯日K,2026-08-07T17:30:13,20260926T093659
512800,华宝银行ETF,SSE,2022-11-03,0.952,0.954,0.947,0.952,0.4760000000000022,0.4770000000000022,0.4735000000000022,0.4760000000000022,0.5000000000000023,126480200.0,120259627.0,腾讯日K,2026-08-07T17:30:13,20260926T093659
512800,华宝银行ETF,SSE,2022-11-04,0.951,0.972,0.95,0.968,0.4755000000000021,0.48600000000000215,0.4750000000000021,0.48400000000000215,0.5000000000000022,290035400.0,279546144.0,腾讯日K,2026-08-07T17:30:13,20260926T093659
512800,华宝银行ETF,SSE,2022-11-07,0.964,0.97,0.961,0.97,0.48200000000000215,0.48500000000000215,0.4805000000000021,0.48500000000000215,0.5000000000000022,246198000.0,237663601.0,腾讯日K,2026-08-07T17:30:13,20260926T093659
512800,华宝银行ETF,SSE,2022-11-08,0.968,0.971,0.963,0.967,0.48450051706308384,0.48600206825232894,0.48199793174767536,0.4840000000000021,0.5005170630816982,232669700.0,225004694.0,腾讯日K,2026-08-07T17:30:13,20260926T093659
512800,华宝银行ETF,SSE,2022-11-09,0.966,0.974,0.966,0.967,0.4834994829369204,0.487503619441574,0.4834994829369204,0.4840000000000021,0.5005170630816982,263863400.0,255804056.0,腾讯日K,2026-08-07T17:30:13,20260926T093659
512800,华宝银行ETF,SSE,2022-11-10,0.964,0.97,0.959,0.97,0.48200000000000215,0.48500000000000215,0.4795000000000021,0.4850000000000021,0.5000000000000022,193754200.0,186920912.0,腾讯日K,2026-08-07T17:30:13,20260926T093659
512800,华宝银行ETF,SSE,2022-11-11,0.983,1.01,0.976,1.001,0.4919910089910112,0.5055044955044978,0.4884875124875147,0.5010000000000022,0.5004995004995028,508379000.0,504514429.0,腾讯日K,2026-08-07T17:30:13,20260926T093659
512800,华宝银行ETF,SSE,2022-11-14,1.011,1.033,1.011,1.022,0.5055000000000023,0.5165000000000024,0.5055000000000023,0.5110000000000023,0.5000000000000023,497951700.0,510481082.0,腾讯日K,2026-08-07T17:30:13,20260926T093659
512800,华宝银行ETF,SSE,2022-11-15,1.02,1.034,1.016,1.026,0.5100000000000022,0.5170000000000023,0.5080000000000022,0.5130000000000023,0.5000000000000022,227699400.0,233341127.0,腾讯日K,2026-08-07T17:30:13,20260926T093659
512800,华宝银行ETF,SSE,2022-11-16,1.024,1.024,1.016,1.016,0.5120000000000025,0.5120000000000025,0.5080000000000023,0.5080000000000023,0.5000000000000023,156608900.0,159614306.0,腾讯日K,2026-08-07T17:30:13,20260926T093659
512800,华宝银行ETF,SSE,2022-11-17,1.013,1.016,1.006,1.012,0.5065000000000023,0.5080000000000023,0.5030000000000023,0.5060000000000023,0.5000000000000023,179575200.0,181377919.0,腾讯日K,2026-08-07T17:30:13,20260926T093659
512800,华宝银行ETF,SSE,2022-11-18,1.014,1.014,1.004,1.008,0.5070000000000022,0.5070000000000022,0.5020000000000022,0.5040000000000022,0.5000000000000022,155752200.0,156886677.0,腾讯日K,2026-08-07T17:30:13,20260926T093659
512800,华宝银行ETF,SSE,2022-11-21,1.002,1.003,0.992,1.002,0.5010000000000022,0.5015000000000022,0.4960000000000022,0.5010000000000022,0.5000000000000022,131408200.0,131106441.0,腾讯日K,2026-08-07T17:30:13,20260926T093659
512800,华宝银行ETF,SSE,2022-11-22,1.004,1.025,1.002,1.02,0.5020000000000022,0.5125000000000022,0.5010000000000022,0.5100000000000022,0.5000000000000022,258309900.0,262364474.0,腾讯日K,2026-08-07T17:30:13,20260926T093659
512800,华宝银行ETF,SSE,2022-11-23,1.018,1.036,1.017,1.023,0.5094975562072359,0.5185063538611949,0.5089970674486826,0.5120000000000022,0.5004887585532769,218036500.0,224336376.0,腾讯日K,2026-08-07T17:30:13,20260926T093659
512800,华宝银行ETF,SSE,2022-11-24,1.028,1.033,1.018,1.022,0.5140000000000023,0.5165000000000023,0.5090000000000022,0.5110000000000022,0.5000000000000022,129318700.0,132410759.0,腾讯日K,2026-08-07T17:30:13,20260926T093659
512800,华宝银行ETF,SSE,2022-11-25,1.022,1.049,1.02,1.045,0.5114889952153134,0.5250019138756005,0.5104880382775143,0.5230000000000024,0.5004784688995239,339470300.0,353049213.0,腾讯日K,2026-08-07T17:30:13,20260926T093659
512800,华宝银行ETF,SSE,2022-11-28,1.033,1.033,1.018,1.028,0.5165000000000022,0.5165000000000022,0.5090000000000021,0.5140000000000022,0.5000000000000021,207446500.0,212359221.0,腾讯日K,2026-08-07T17:30:13,20260926T093659
512800,华宝银行ETF,SSE,2022-11-29,1.037,1.08,1.037,1.073,0.5189832246039164,0.5405032618825745,0.5189832246039164,0.5370000000000023,0.500465983224606,635520100.0,675313888.0,腾讯日K,2026-08-07T17:30:13,20260926T093659
512800,华宝银行ETF,SSE,2022-11-30,1.073,1.081,1.066,1.067,0.5370028116213706,0.5410065604498617,0.5334995313964409,0.5340000000000023,0.5004686035613892,219808800.0,235562608.0,腾讯日K,2026-08-07T17:30:13,20260926T093659
512800,华宝银行ETF,SSE,2022-12-01,1.086,1.088,1.06,1.062,0.5430000000000024,0.5440000000000024,0.5300000000000022,0.5310000000000022,0.5000000000000021,234907100.0,251400353.0,腾讯日K,2026-08-07T17:30:13,20260926T093659
512800,华宝银行ETF,SSE,2022-12-02,1.061,1.063,1.046,1.054,0.5305000000000021,0.5315000000000021,0.5230000000000021,0.5270000000000021,0.500000000000002,173253100.0,182480291.0,腾讯日K,2026-08-07T17:30:13,20260926T093659
512800,华宝银行ETF,SSE,2022-12-05,1.061,1.085,1.06,1.081,0.5309907493062002,0.5430018501387627,0.5304902867715101,0.5410000000000023,0.5004625346901038,449995400.0,483054522.0,腾讯日K,2026-08-07T17:30:13,20260926T093659
512800,华宝银行ETF,SSE,2022-12-06,1.077,1.083,1.072,1.08,0.5385000000000022,0.5415000000000023,0.5360000000000023,0.5400000000000023,0.5000000000000021,183807100.0,198051148.0,腾讯日K,2026-08-07T17:30:13,20260926T093659
512800,华宝银行ETF,SSE,2022-12-07,1.077,1.082,1.068,1.071,0.5390028011204503,0.5415051353874906,0.5344985994397781,0.5360000000000021,0.5004668534080319,233229500.0,250424505.0,腾讯日K,2026-08-07T17:30:13,20260926T093659
512800,华宝银行ETF,SSE,2022-12-08,1.07,1.084,1.067,1.078,0.5350000000000021,0.5420000000000023,0.5335000000000021,0.5390000000000021,0.500000000000002,114663100.0,123341935.0,腾讯日K,2026-08-07T17:30:13,20260926T093659
512800,华宝银行ETF,SSE,2022-12-09,1.08,1.095,1.077,1.09,0.540000000000002,0.5475000000000021,0.538500000000002,0.5450000000000021,0.5000000000000019,189168600.0,205591670.0,腾讯日K,2026-08-07T17:30:13,20260926T093659
512800,华宝银行ETF,SSE,2022-12-12,1.083,1.085,1.065,1.068,0.5415000000000021,0.5425000000000022,0.5325000000000021,0.5340000000000021,0.500000000000002,192424000.0,206490305.0,腾讯日K,2026-08-07T17:30:13,20260926T093659
512800,华宝银行ETF,SSE,2022-12-13,1.065,1.079,1.065,1.076,0.5325000000000021,0.5395000000000021,0.5325000000000021,0.5380000000000021,0.500000000000002,99880900.0,107282558.0,腾讯日K,2026-08-07T17:30:13,20260926T093659
512800,华宝银行ETF,SSE,2022-12-14,1.077,1.084,1.07,1.079,0.5389990732159428,0.5425023169601505,0.5354958294717352,0.5400000000000021,0.5004633920296591,119264100.0,128417824.0,腾讯日K,2026-08-07T17:30:13,20260926T093659
512800,华宝银行ETF,SSE,2022-12-15,1.077,1.08,1.066,1.068,0.5385000000000021,0.5400000000000021,0.5330000000000021,0.5340000000000021,0.500000000000002,217325000.0,232389031.0,腾讯日K,2026-08-07T17:30:13,20260926T093659
512800,华宝银行ETF,SSE,2022-12-16,1.063,1.082,1.063,1.078,0.531500000000002,0.541000000000002,0.531500000000002,0.539000000000002,0.5000000000000019,161600600.0,174006436.0,腾讯日K,2026-08-07T17:30:13,20260926T093659
512800,华宝银行ETF,SSE,2022-12-19,1.08,1.084,1.06,1.062,0.5400000000000021,0.5420000000000023,0.5300000000000021,0.5310000000000021,0.500000000000002,125763200.0,134850300.0,腾讯日K,2026-08-07T17:30:13,20260926T093659
512800,华宝银行ETF,SSE,2022-12-20,1.061,1.065,1.043,1.048,0.530500000000002,0.532500000000002,0.521500000000002,0.524000000000002,0.5000000000000019,133775100.0,141132644.0,腾讯日K,2026-08-07T17:30:13,20260926T093659
512800,华宝银行ETF,SSE,2022-12-21,1.048,1.06,1.048,1.053,0.5244976258309612,0.5305033238366592,0.5244976258309612,0.527000000000002,0.500474833808169,158909900.0,167559919.0,腾讯日K,2026-08-07T17:30:13,20260926T093659
512800,华宝银行ETF,SSE,2022-12-22,1.058,1.066,1.054,1.056,0.529000000000002,0.533000000000002,0.527000000000002,0.528000000000002,0.5000000000000019,168312200.0,178284041.0,腾讯日K,2026-08-07T17:30:13,20260926T093659
512800,华宝银行ETF,SSE,2022-12-23,1.052,1.061,1.05,1.054,0.526000000000002,0.530500000000002,0.525000000000002,0.527000000000002,0.5000000000000019,186196200.0,196071246.0,腾讯日K,2026-08-07T17:30:13,20260926T093659
512800,华宝银行ETF,SSE,2022-12-26,1.051,1.056,1.047,1.048,0.525500000000002,0.528000000000002,0.523500000000002,0.524000000000002,0.5000000000000019,96821000.0,101763824.0,腾讯日K,2026-08-07T17:30:13,20260926T093659
512800,华宝银行ETF,SSE,2022-12-27,1.053,1.069,1.053,1.068,0.526500000000002,0.534500000000002,0.526500000000002,0.534000000000002,0.5000000000000019,118892100.0,126488689.0,腾讯日K,2026-08-07T17:30:13,20260926T093659
512800,华宝银行ETF,SSE,2022-12-28,1.065,1.081,1.064,1.077,0.5329944289693612,0.5410018570102155,0.5324939647168079,0.5390000000000019,0.5004642525533909,140261100.0,150747780.0,腾讯日K,2026-08-07T17:30:13,20260926T093659
512800,华宝银行ETF,SSE,2022-12-29,1.072,1.075,1.061,1.071,0.53650046685341,0.538001867413634,0.5309953314659216,0.5360000000000019,0.5004668534080317,207346400.0,221619535.0,腾讯日K,2026-08-07T17:30:13,20260926T093659
512800,华宝银行ETF,SSE,2022-12-30,1.072,1.082,1.071,1.078,0.5360000000000019,0.5410000000000019,0.5355000000000019,0.5390000000000019,0.5000000000000018,163053300.0,175872573.0,腾讯日K,2026-08-07T17:30:13,20260926T093659
512800,华宝银行ETF,SSE,2023-01-03,1.077,1.085,1.065,1.083,0.5389972299168995,0.5430009233610362,0.5329916897506946,0.542000000000002,0.5004616805170841,120749500.0,130090684.0,腾讯日K,2026-08-07T17:30:13,20260926T093659
512800,华宝银行ETF,SSE,2023-01-04,1.081,1.108,1.081,1.103,0.5409900271985514,0.5545022665457864,0.5409900271985514,0.552000000000002,0.5004533091568468,254414800.0,279577391.0,腾讯日K,2026-08-07T17:30:13,20260926T093659
512800,华宝银行ETF,SSE,2023-01-05,1.103,1.113,1.1,1.104,0.551500000000002,0.556500000000002,0.550000000000002,0.552000000000002,0.5000000000000018,208656300.0,230533787.0,腾讯日K,2026-08-07T17:30:13,20260926T093659
512800,华宝银行ETF,SSE,2023-01-06,1.103,1.107,1.093,1.101,0.5520009082652154,0.5540027247956424,0.5469963669391482,0.551000000000002,0.500454132606723,162501400.0,178537753.0,腾讯日K,2026-08-07T17:30:13,20260926T093659
512800,华宝银行ETF,SSE,2023-01-09,1.101,1.107,1.096,1.102,0.550500000000002,0.553500000000002,0.548000000000002,0.551000000000002,0.5000000000000018,230488400.0,254317897.0,腾讯日K,2026-08-07T17:30:13,20260926T093659
512800,华宝银行ETF,SSE,2023-01-10,1.102,1.102,1.087,1.09,0.551000000000002,0.551000000000002,0.5435000000000019,0.5450000000000019,0.5000000000000018,184902900.0,201982132.0,腾讯日K,2026-08-07T17:30:13,20260926T093659
512800,华宝银行ETF,SSE,2023-01-11,1.09,1.103,1.089,1.098,0.5450000000000019,0.551500000000002,0.5445000000000019,0.549000000000002,0.5000000000000018,249682100.0,274214091.0,腾讯日K,2026-08-07T17:30:13,20260926T093659
512800,华宝银行ETF,SSE,2023-01-12,1.101,1.102,1.092,1.1,0.550500000000002,0.551000000000002,0.5460000000000019,0.550000000000002,0.5000000000000018,106459100.0,116694600.0,腾讯日K,2026-08-07T17:30:13,20260926T093659
512800,华宝银行ETF,SSE,2023-01-13,1.099,1.111,1.098,1.111,0.549994599459948,0.556000000000002,0.5494941494149436,0.556000000000002,0.5004500450045023,147571500.0,162957431.0,腾讯日K,2026-08-07T17:30:13,20260926T093659
512800,华宝银行ETF,SSE,2023-01-16,1.111,1.126,1.109,1.113,0.5559991015274055,0.5635058400718799,0.5549982030548088,0.557000000000002,0.5004492362982947,206596100.0,230565946.0,腾讯日K,2026-08-07T17:30:13,20260926T093659
512800,华宝银行ETF,SSE,2023-01-17,1.111,1.116,1.106,1.112,0.555500000000002,0.558000000000002,0.553000000000002,0.556000000000002,0.5000000000000018,181956900.0,201933274.0,腾讯日K,2026-08-07T17:30:13,20260926T093659
512800,华宝银行ETF,SSE,2023-01-18,1.112,1.117,1.108,1.113,0.5564995507637038,0.5590017969451953,0.5544977538185106,0.557000000000002,0.5004492362982947,131992300.0,146813586.0,腾讯日K,2026-08-07T17:30:13,20260926T093659
512800,华宝银行ETF,SSE,2023-01-19,1.11,1.115,1.103,1.114,0.555000000000002,0.557500000000002,0.551500000000002,0.557000000000002,0.5000000000000018,176528700.0,195824840.0,腾讯日K,2026-08-07T17:30:13,20260926T093659
512800,华宝银行ETF,SSE,2023-01-20,1.115,1.116,1.111,1.115,0.5580000000000022,0.5585004484304955,0.5559982062780291,0.5580000000000022,0.5004484304932755,144786500.0,161260086.0,腾讯日K,2026-08-07T17:30:13,20260926T093659
512800,华宝银行ETF,SSE,2023-01-30,1.129,1.132,1.117,1.119,0.5650044682752479,0.5665058087578215,0.5589991063449529,0.560000000000002,0.5004468275245774,269030400.0,302124140.0,腾讯日K,2026-08-07T17:30:13,20260926T093659
512800,华宝银行ETF,SSE,2023-01-31,1.119,1.125,1.107,1.109,0.5600045085662779,0.5630072137060436,0.5539990982867469,0.555000000000002,0.5004508566275943,158167300.0,176561857.0,腾讯日K,2026-08-07T17:30:13,20260926T093659
512800,华宝银行ETF,SSE,2023-02-01,1.11,1.112,1.095,1.106,0.555000000000002,0.556000000000002,0.547500000000002,0.553000000000002,0.5000000000000018,232820500.0,256554882.0,腾讯日K,2026-08-07T17:30:13,20260926T093659
512800,华宝银行ETF,SSE,2023-02-02,1.107,1.108,1.093,1.097,0.5540045578851434,0.5545050136736576,0.5469981768459455,0.549000000000002,0.5004557885141313,274791500.0,301172386.0,腾讯日K,2026-08-07T17:30:13,20260926T093659
512800,华宝银行ETF,SSE,2023-02-03,1.093,1.096,1.082,1.088,0.5465000000000021,0.5480000000000022,0.541000000000002,0.544000000000002,0.5000000000000019,327212500.0,355297471.0,腾讯日K,2026-08-07T17:30:13,20260926T093659
512800,华宝银行ETF,SSE,2023-02-06,1.081,1.082,1.073,1.076,0.540500000000002,0.541000000000002,0.536500000000002,0.538000000000002,0.5000000000000019,224264100.0,241210721.0,腾讯日K,2026-08-07T17:30:13,20260926T093659
512800,华宝银行ETF,SSE,2023-02-07,1.077,1.085,1.077,1.081,0.5389981498612417,0.5430018501387625,0.5389981498612417,0.5410000000000021,0.5004625346901037,278419100.0,300689319.0,腾讯日K,2026-08-07T17:30:13,20260926T093659
512800,华宝银行ETF,SSE,2023-02-08,1.081,1.085,1.077,1.079,0.5410009267840614,0.5430027803521801,0.5389990732159428,0.5400000000000021,0.5004633920296591,113102700.0,122200305.0,腾讯日K,2026-08-07T17:30:13,20260926T093659
512800,华宝银行ETF,SSE,2023-02-09,1.077,1.086,1.076,1.083,0.5389972299168996,0.5435013850415534,0.5384967682363826,0.5420000000000021,0.5004616805170842,188829200.0,204416155.0,腾讯日K,2026-08-07T17:30:13,20260926T093659
512800,华宝银行ETF,SSE,2023-02-10,1.081,1.083,1.076,1.083,0.540999076638968,0.5420000000000021,0.5384967682363826,0.5420000000000021,0.5004616805170842,127451300.0,137573664.0,腾讯日K,2026-08-07T17:30:13,20260926T093659
512800,华宝银行ETF,SSE,2023-02-13,1.083,1.083,1.067,1.074,0.5415000000000021,0.5415000000000021,0.5335000000000021,0.5370000000000021,0.500000000000002,310141200.0,332663967.0,腾讯日K,2026-08-07T17:30:13,20260926T093659
512800,华宝银行ETF,SSE,2023-02-14,1.074,1.078,1.072,1.076,0.5370000000000021,0.5390000000000021,0.5360000000000021,0.5380000000000021,0.500000000000002,223509700.0,240119213.0,腾讯日K,2026-08-07T17:30:13,20260926T093659
512800,华宝银行ETF,SSE,2023-02-15,1.075,1.076,1.065,1.067,0.5380037488284932,0.5385042174320547,0.5329990627928793,0.5340000000000021,0.5004686035613891,200009000.0,213614081.0,腾讯日K,2026-08-07T17:30:13,20260926T093659
512800,华宝银行ETF,SSE,2023-02-16,1.066,1.076,1.063,1.067,0.5334995313964408,0.5385042174320547,0.5319981255857567,0.5340000000000021,0.5004686035613891,252156800.0,269982604.0,腾讯日K,2026-08-07T17:30:13,20260926T093659
512800,华宝银行ETF,SSE,2023-02-17,1.065,1.068,1.055,1.059,0.5330028328611919,0.5345042492917869,0.5279981114258755,0.530000000000002,0.5004721435316356,163476300.0,173619620.0,腾讯日K,2026-08-07T17:30:13,20260926T093659
512800,华宝银行ETF,SSE,2023-02-20,1.06,1.085,1.059,1.084,0.5300000000000021,0.5425000000000022,0.5295000000000021,0.5420000000000021,0.500000000000002,316888800.0,340587028.0,腾讯日K,2026-08-07T17:30:13,20260926T093659
512800,华宝银行ETF,SSE,2023-02-21,1.084,1.086,1.079,1.086,0.542000000000002,0.543000000000002,0.539500000000002,0.5430000000000021,0.5000000000000019,190705200.0,206515355.0,腾讯日K,2026-08-07T17:30:13,20260926T093659
512800,华宝银行ETF,SSE,2023-02-22,1.082,1.083,1.076,1.078,0.541000000000002,0.541500000000002,0.538000000000002,0.539000000000002,0.5000000000000019,123397900.0,133172265.0,腾讯日K,2026-08-07T17:30:13,20260926T093659
512800,华宝银行ETF,SSE,2023-02-23,1.078,1.086,1.077,1.079,0.5394995366079725,0.5435032437442098,0.5389990732159428,0.5400000000000021,0.5004633920296591,118153900.0,127675113.0,腾讯日K,2026-08-07T17:30:13,20260926T093659
512800,华宝银行ETF,SSE,2023-02-24,1.078,1.079,1.069,1.07,0.539000000000002,0.539500000000002,0.534500000000002,0.535000000000002,0.5000000000000019,198145400.0,212366501.0,腾讯日K,2026-08-07T17:30:13,20260926T093659
512800,华宝银行ETF,SSE,2023-02-27,1.068,1.07,1.064,1.066,0.534000000000002,0.535000000000002,0.532000000000002,0.533000000000002,0.5000000000000019,98788800.0,105358152.0,腾讯日K,2026-08-07T17:30:13,20260926T093659
512800,华宝银行ETF,SSE,2023-02-28,1.067,1.069,1.061,1.069,0.533999064546307,0.535000000000002,0.5309962581852218,0.535000000000002,0.5004677268475229,102983800.0,109656834.0,腾讯日K,2026-08-07T17:30:13,20260926T093659
512800,华宝银行ETF,SSE,2023-03-01,1.067,1.081,1.067,1.079,0.5339944392956462,0.5410009267840614,0.5339944392956462,0.5400000000000021,0.5004633920296591,166973800.0,179890164.0,腾讯日K,2026-08-07T17:30:13,20260926T093659
512800,华宝银行ETF,SSE,2023-03-02,1.079,1.087,1.077,1.083,0.5399981532779338,0.5440018467220705,0.5389972299168996,0.5420000000000021,0.5004616805170842,167874100.0,181709066.0,腾讯日K,2026-08-07T17:30:13,20260926T093659
512800,华宝银行ETF,SSE,2023-03-03,1.086,1.096,1.082,1.094,0.5430000000000019,0.548000000000002,0.5410000000000019,0.547000000000002,0.5000000000000018,296933100.0,323766744.0,腾讯日K,2026-08-07T17:30:13,20260926T093659
512800,华宝银行ETF,SSE,2023-03-06,1.094,1.095,1.076,1.077,0.5475078922934097,0.548008356545963,0.5384995357474486,0.5390000000000019,0.5004642525533909,225731900.0,244162895.0,腾讯日K,2026-08-07T17:30:13,20260926T093659
512800,华宝银行ETF,SSE,2023-03-07,1.075,1.099,1.073,1.078,0.5375000000000019,0.549500000000002,0.5365000000000019,0.5390000000000019,0.5000000000000018,316203400.0,343885054.0,腾讯日K,2026-08-07T17:30:13,20260926T093659
512800,华宝银行ETF,SSE,2023-03-08,1.072,1.073,1.064,1.071,0.53650046685341,0.5370009337068179,0.5324967320261457,0.5360000000000019,0.5004668534080317,197993300.0,211423550.0,腾讯日K,2026-08-07T17:30:13,20260926T093659
512800,华宝银行ETF,SSE,2023-03-09,1.07,1.076,1.065,1.067,0.5355014058106862,0.5385042174320545,0.5329990627928791,0.5340000000000019,0.5004686035613889,145500000.0,155587324.0,腾讯日K,2026-08-07T17:30:13,20260926T093659
512800,华宝银行ETF,SSE,2023-03-10,1.061,1.064,1.05,1.05,0.5305000000000019,0.5320000000000019,0.5250000000000019,0.5250000000000019,0.5000000000000018,190260000.0,201009440.0,腾讯日K,2026-08-07T17:30:13,20260926T093659
512800,华宝银行ETF,SSE,2023-03-13,1.049,1.056,1.045,1.053,0.5249981006647692,0.5285014245014265,0.5229962013295365,0.5270000000000018,0.5004748338081689,160157000.0,168200985.0,腾讯日K,2026-08-07T17:30:13,20260926T093659
512800,华宝银行ETF,SSE,2023-03-14,1.047,1.053,1.041,1.045,0.5240009569378009,0.527003827751198,0.5209980861244037,0.5230000000000018,0.5004784688995233,154149000.0,161184427.0,腾讯日K,2026-08-07T17:30:13,20260926T093659
512800,华宝银行ETF,SSE,2023-03-15,1.05,1.06,1.05,1.056,0.5250000000000017,0.5300000000000017,0.5250000000000017,0.5280000000000017,0.5000000000000016,174217600.0,183915948.0,腾讯日K,2026-08-07T17:30:13,20260926T093659
512800,华宝银行ETF,SSE,2023-03-16,1.052,1.069,1.049,1.057,0.5264976348155174,0.5350056764427643,0.5249962157048267,0.5290000000000017,0.5004730368968796,220513900.0,233814075.0,腾讯日K,2026-08-07T17:30:13,20260926T093659
512800,华宝银行ETF,SSE,2023-03-17,1.061,1.069,1.053,1.058,0.5305000000000016,0.5345000000000016,0.5265000000000016,0.5290000000000017,0.5000000000000016,268392100.0,284855491.0,腾讯日K,2026-08-07T17:30:13,20260926T093659
512800,华宝银行ETF,SSE,2023-03-20,1.058,1.066,1.052,1.052,0.5290000000000017,0.5330000000000017,0.5260000000000017,0.5260000000000017,0.5000000000000016,186782500.0,197759935.0,腾讯日K,2026-08-07T17:30:13,20260926T093659
512800,华宝银行ETF,SSE,2023-03-21,1.053,1.061,1.047,1.05,0.5265000000000016,0.5305000000000016,0.5235000000000016,0.5250000000000017,0.5000000000000016,176187800.0,185192627.0,腾讯日K,2026-08-07T17:30:13,20260926T093659
512800,华宝银行ETF,SSE,2023-03-22,1.052,1.061,1.05,1.059,0.5264966949952802,0.5310009442870649,0.525495750708217,0.5300000000000016,0.5004721435316352,151503200.0,160104546.0,腾讯日K,2026-08-07T17:30:13,20260926T093659
512800,华宝银行ETF,SSE,2023-03-23,1.056,1.067,1.053,1.066,0.5280000000000017,0.5335000000000016,0.5265000000000016,0.5330000000000017,0.5000000000000016,198439800.0,210866200.0,腾讯日K,2026-08-07T17:30:13,20260926T093659
512800,华宝银行ETF,SSE,2023-03-24,1.063,1.064,1.054,1.056,0.5315000000000015,0.5320000000000016,0.5270000000000016,0.5280000000000016,0.5000000000000014,127208500.0,134593075.0,腾讯日K,2026-08-07T17:30:13,20260926T093659
512800,华宝银行ETF,SSE,2023-03-27,1.051,1.055,1.043,1.045,0.5260028708133987,0.5280047846889968,0.5219990430622026,0.5230000000000016,0.5004784688995231,195639700.0,204622976.0,腾讯日K,2026-08-07T17:30:13,20260926T093659
512800,华宝银行ETF,SSE,2023-03-28,1.047,1.052,1.044,1.049,0.523999046711155,0.5265014299332714,0.5224976167778853,0.5250000000000016,0.5004766444232618,142937200.0,149805737.0,腾讯日K,2026-08-07T17:30:13,20260926T093659
512800,华宝银行ETF,SSE,2023-03-29,1.051,1.054,1.045,1.046,0.5255000000000015,0.5270000000000016,0.5225000000000015,0.5230000000000016,0.5000000000000014,154606500.0,161828208.0,腾讯日K,2026-08-07T17:30:13,20260926T093659
512800,华宝银行ETF,SSE,2023-03-30,1.048,1.055,1.042,1.054,0.5240000000000015,0.5275000000000014,0.5210000000000015,0.5270000000000015,0.5000000000000013,158083800.0,165773093.0,腾讯日K,2026-08-07T17:30:13,20260926T093659
512800,华宝银行ETF,SSE,2023-03-31,1.053,1.059,1.047,1.05,0.5265000000000014,0.5295000000000014,0.5235000000000014,0.5250000000000015,0.5000000000000013,135433400.0,142516254.0,腾讯日K,2026-08-07T17:30:13,20260926T093659
512800,华宝银行ETF,SSE,2023-04-03,1.05,1.053,1.046,1.052,0.5250000000000015,0.5265000000000014,0.5230000000000015,0.5260000000000015,0.5000000000000013,235076900.0,246706879.0,腾讯日K,2026-08-07T17:30:13,20260926T093659
512800,华宝银行ETF,SSE,2023-04-04,1.05,1.058,1.048,1.058,0.5250000000000015,0.5290000000000015,0.5240000000000015,0.5290000000000015,0.5000000000000013,343754600.0,362514353.0,腾讯日K,2026-08-07T17:30:13,20260926T093659
512800,华宝银行ETF,SSE,2023-04-06,1.055,1.056,1.05,1.052,0.5275000000000014,0.5280000000000015,0.5250000000000015,0.5260000000000015,0.5000000000000013,142969400.0,150389778.0,腾讯日K,2026-08-07T17:30:13,20260926T093659
512800,华宝银行ETF,SSE,2023-04-07,1.053,1.057,1.051,1.055,0.5269990521327027,0.5290009478672999,0.5259981042654042,0.5280000000000014,0.5004739336492904,144423000.0,152332808.0,腾讯日K,2026-08-07T17:30:13,20260926T093659
512800,华宝银行ETF,SSE,2023-04-10,1.056,1.059,1.052,1.058,0.5280000000000014,0.5295000000000013,0.5260000000000014,0.5290000000000014,0.5000000000000012,286334400.0,302531914.0,腾讯日K,2026-08-07T17:30:13,20260926T093659
512800,华宝银行ETF,SSE,2023-04-11,1.057,1.059,1.051,1.055,0.5290009478672999,0.5300018957345984,0.5259981042654042,0.5280000000000014,0.5004739336492904,143971400.0,151836191.0,腾讯日K,2026-08-07T17:30:13,20260926T093659
512800,华宝银行ETF,SSE,2023-04-12,1.055,1.062,1.054,1.057,0.5279990539262076,0.5315023651844858,0.5274985808893108,0.5290000000000014,0.5004730368968793,179578400.0,189856377.0,腾讯日K,2026-08-07T17:30:13,20260926T093659
512800,华宝银行ETF,SSE,2023-04-13,1.056,1.072,1.052,1.067,0.5284948453608262,0.5365023430178084,0.5264929709465807,0.5340000000000015,0.5004686035613884,338617300.0,360344523.0,腾讯日K,2026-08-07T17:30:13,20260926T093659
512800,华宝银行ETF,SSE,2023-04-14,1.067,1.077,1.065,1.071,0.5339981325863694,0.5390028011204497,0.5329971988795533,0.5360000000000015,0.5004668534080313,315930600.0,338386057.0,腾讯日K,2026-08-07T17:30:13,20260926T093659
512800,华宝银行ETF,SSE,2023-04-17,1.071,1.094,1.067,1.091,0.5359908340971601,0.5475013748854278,0.5339890009165918,0.5460000000000016,0.500458295142073,287658500.0,311037368.0,腾讯日K,2026-08-07T17:30:13,20260926T093659
512800,华宝银行ETF,SSE,2023-04-18,1.09,1.109,1.089,1.101,0.5454950045413277,0.5550036330608554,0.544994550408721,0.5510000000000016,0.5004541326067227,362341500.0,399180557.0,腾讯日K,2026-08-07T17:30:13,20260926T093659
512800,华宝银行ETF,SSE,2023-04-19,1.103,1.109,1.095,1.099,0.5520018198362163,0.5550045495905385,0.5479981801637869,0.5500000000000016,0.5004549590536866,237994700.0,262326426.0,腾讯日K,2026-08-07T17:30:13,20260926T093659
512800,华宝银行ETF,SSE,2023-04-20,1.099,1.105,1.087,1.097,0.5500009115770298,0.5530036463081146,0.5439954421148603,0.5490000000000016,0.5004557885141309,329991400.0,361139362.0,腾讯日K,2026-08-07T17:30:13,20260926T093659
512800,华宝银行ETF,SSE,2023-04-21,1.095,1.105,1.084,1.084,0.5475000000000014,0.5525000000000014,0.5420000000000015,0.5420000000000015,0.5000000000000013,229658200.0,251582395.0,腾讯日K,2026-08-07T17:30:13,20260926T093659
512800,华宝银行ETF,SSE,2023-04-24,1.083,1.093,1.075,1.077,0.5420027855153217,0.5470074280408557,0.5379990714948946,0.5390000000000014,0.5004642525533903,193260100.0,209167257.0,腾讯日K,2026-08-07T17:30:13,20260926T093659
512800,华宝银行ETF,SSE,2023-04-25,1.076,1.097,1.076,1.096,0.5380000000000014,0.5485000000000013,0.5380000000000014,0.5480000000000014,0.5000000000000012,267394200.0,291530099.0,腾讯日K,2026-08-07T17:30:13,20260926T093659
512800,华宝银行ETF,SSE,2023-04-26,1.095,1.095,1.072,1.085,0.5480046082949324,0.5480046082949324,0.5364940092165913,0.5430000000000015,0.5004608294930889,238988500.0,258498874.0,腾讯日K,2026-08-07T17:30:13,20260926T093659
512800,华宝银行ETF,SSE,2023-04-27,1.082,1.087,1.074,1.085,0.5414986175115222,0.5440009216589876,0.5374949308755775,0.5430000000000015,0.5004608294930889,194448200.0,209927194.0,腾讯日K,2026-08-07T17:30:13,20260926T093659
512800,华宝银行ETF,SSE,2023-04-28,1.084,1.104,1.082,1.095,0.5424949771689512,0.5525041095890426,0.5414940639269421,0.5480000000000015,0.5004566210045676,217446500.0,238450004.0,腾讯日K,2026-08-07T17:30:13,20260926T093659
512800,华宝银行ETF,SSE,2023-05-04,1.089,1.128,1.08,1.127,0.5449831410825213,0.5645004436557245,0.540479148181013,0.5640000000000014,0.5004436557231601,315250900.0,350581996.0,腾讯日K,2026-08-07T17:30:13,20260926T093659
512800,华宝银行ETF,SSE,2023-05-05,1.126,1.154,1.124,1.137,0.5634951627088844,0.5775074758135459,0.5624942832014087,0.5690000000000015,0.500439753737908,463124200.0,528608897.0,腾讯日K,2026-08-07T17:30:13,20260926T093659
512800,华宝银行ETF,SSE,2023-05-08,1.141,1.198,1.139,1.185,0.5709814345991577,0.5995054852320691,0.5699805907173011,0.5930000000000016,0.5004219409282714,1192421600.0,1400579844.0,腾讯日K,2026-08-07T17:30:13,20260926T093659
512800,华宝银行ETF,SSE,2023-05-09,1.193,1.206,1.168,1.171,0.5970093936806166,0.6035149444918889,0.5844987190435541,0.5860000000000016,0.500426985482495,841537100.0,998363353.0,腾讯日K,2026-08-07T17:30:13,20260926T093659
512800,华宝银行ETF,SSE,2023-05-10,1.168,1.168,1.13,1.139,0.5845127304653219,0.5845127304653219,0.5654960491659364,0.5700000000000015,0.5004389815627757,601092000.0,686799119.0,腾讯日K,2026-08-07T17:30:13,20260926T093659
512800,华宝银行ETF,SSE,2023-05-11,1.139,1.152,1.128,1.133,0.5700026478376008,0.5765083848190659,0.5644977934686687,0.5670000000000015,0.5004413062665503,290664400.0,330861722.0,腾讯日K,2026-08-07T17:30:13,20260926T093659
512800,华宝银行ETF,SSE,2023-05-12,1.133,1.137,1.12,1.121,0.5670053523639623,0.5690071364852826,0.5604995539696715,0.5610000000000016,0.5004460303300639,272631800.0,307270254.0,腾讯日K,2026-08-07T17:30:13,20260926T093659
512800,华宝银行ETF,SSE,2023-05-15,1.119,1.14,1.105,1.135,0.5599929515418517,0.5705022026431732,0.5529867841409706,0.5680000000000015,0.5004405286343625,467829200.0,524504417.0,腾讯日K,2026-08-07T17:30:13,20260926T093659
512800,华宝银行ETF,SSE,2023-05-16,1.132,1.15,1.128,1.131,0.5665004420866504,0.5755083996463322,0.5644986737400545,0.5660000000000015,0.5004420866489845,382622900.0,435473802.0,腾讯日K,2026-08-07T17:30:13,20260926T093659
512800,华宝银行ETF,SSE,2023-05-17,1.128,1.136,1.12,1.123,0.5645022261798768,0.5685057880676773,0.5604986642920763,0.5620000000000015,0.5004452359750681,172913400.0,194685513.0,腾讯日K,2026-08-07T17:30:13,20260926T093659
512800,华宝银行ETF,SSE,2023-05-18,1.126,1.144,1.125,1.136,0.5630000000000015,0.5720000000000015,0.5625000000000016,0.5680000000000015,0.5000000000000013,381018300.0,432290839.0,腾讯日K,2026-08-07T17:30:13,20260926T093659
512800,华宝银行ETF,SSE,2023-05-19,1.131,1.131,1.117,1.118,0.5655000000000017,0.5655000000000017,0.5585000000000017,0.5590000000000016,0.5000000000000014,187327100.0,210227221.0,腾讯日K,2026-08-07T17:30:13,20260926T093659
512800,华宝银行ETF,SSE,2023-05-22,1.115,1.128,1.114,1.121,0.5579973238180211,0.564503122212312,0.5574968777876912,0.5610000000000016,0.5004460303300639,171406000.0,192237874.0,腾讯日K,2026-08-07T17:30:13,20260926T093659
512800,华宝银行ETF,SSE,2023-05-23,1.121,1.126,1.1,1.101,0.5610090826521361,0.5635113533151697,0.550499545867395,0.5510000000000016,0.5004541326067227,309200200.0,342400809.0,腾讯日K,2026-08-07T17:30:13,20260926T093659
512800,华宝银行ETF,SSE,2023-05-24,1.1,1.101,1.077,1.079,0.5505097312326245,0.5510101946246542,0.5389990732159423,0.5400000000000016,0.5004633920296586,253198100.0,274789643.0,腾讯日K,2026-08-07T17:30:13,20260926T093659
512800,华宝银行ETF,SSE,2023-05-25,1.076,1.076,1.066,1.075,0.5385004651162807,0.5385004651162807,0.5334958139534899,0.5380000000000015,0.5004651162790712,307802200.0,329706400.0,腾讯日K,2026-08-07T17:30:13,20260926T093659
512800,华宝银行ETF,SSE,2023-05-26,1.073,1.087,1.07,1.085,0.5369944700460844,0.5440009216589876,0.5354930875576052,0.5430000000000015,0.5004608294930889,180419800.0,194601123.0,腾讯日K,2026-08-07T17:30:13,20260926T093659
512800,华宝银行ETF,SSE,2023-05-29,1.086,1.093,1.079,1.086,0.5430000000000015,0.5465000000000014,0.5395000000000014,0.5430000000000015,0.5000000000000013,184850100.0,200548181.0,腾讯日K,2026-08-07T17:30:13,20260926T093659
512800,华宝银行ETF,SSE,2023-05-30,1.084,1.088,1.073,1.082,0.5420000000000015,0.5440000000000015,0.5365000000000014,0.5410000000000015,0.5000000000000013,270668400.0,292202292.0,腾讯日K,2026-08-07T17:30:13,20260926T093659
512800,华宝银行ETF,SSE,2023-05-31,1.077,1.08,1.072,1.074,0.5385000000000013,0.5400000000000014,0.5360000000000014,0.5370000000000014,0.5000000000000012,202985400.0,218374470.0,腾讯日K,2026-08-07T17:30:13,20260926T093659
512800,华宝银行ETF,SSE,2023-06-01,1.074,1.081,1.069,1.071,0.5375014005602256,0.5410046685340817,0.5349990662931854,0.5360000000000014,0.5004668534080312,274589400.0,294812509.0,腾讯日K,2026-08-07T17:30:13,20260926T093659
512800,华宝银行ETF,SSE,2023-06-02,1.073,1.086,1.072,1.085,0.5369944700460842,0.5435004608294944,0.5364940092165912,0.5430000000000014,0.5004608294930888,249506900.0,269647515.0,腾讯日K,2026-08-07T17:30:13,20260926T093659
512800,华宝银行ETF,SSE,2023-06-05,1.086,1.098,1.08,1.093,0.54349679780421,0.5495022872827096,0.5404940530649602,0.5470000000000014,0.5004574565416298,153197500.0,166929266.0,腾讯日K,2026-08-07T17:30:13,20260926T093659
512800,华宝银行ETF,SSE,2023-06-06,1.091,1.108,1.087,1.09,0.5455000000000013,0.5540000000000014,0.5435000000000013,0.5450000000000014,0.5000000000000012,270361400.0,296577418.0,腾讯日K,2026-08-07T17:30:13,20260926T093659
512800,华宝银行ETF,SSE,2023-06-07,1.092,1.106,1.092,1.103,0.5464950135992763,0.5535013599274722,0.5464950135992763,0.5520000000000015,0.5004533091568464,211735300.0,233000939.0,腾讯日K,2026-08-07T17:30:13,20260926T093659
512800,华宝银行ETF,SSE,2023-06-08,1.102,1.123,1.096,1.12,0.5510000000000015,0.5615000000000014,0.5480000000000015,0.5600000000000016,0.5000000000000013,576253300.0,642790787.0,腾讯日K,2026-08-07T17:30:13,20260926T093659
512800,华宝银行ETF,SSE,2023-06-09,1.119,1.122,1.114,1.115,0.5600017937219748,0.5615031390134546,0.5574995515695085,0.5580000000000016,0.500448430493275,320245900.0,357764670.0,腾讯日K,2026-08-07T17:30:13,20260926T093659
512800,华宝银行ETF,SSE,2023-06-12,1.116,1.117,1.098,1.099,0.5585077343039143,0.559008189262968,0.549499545040948,0.5500000000000016,0.5004549590536866,179566100.0,198185101.0,腾讯日K,2026-08-07T17:30:13,20260926T093659
512800,华宝银行ETF,SSE,2023-06-13,1.098,1.107,1.097,1.103,0.5494977334542174,0.5540018132366289,0.5489972801450604,0.5520000000000016,0.5004533091568464,245378400.0,270644222.0,腾讯日K,2026-08-07T17:30:13,20260926T093659
512800,华宝银行ETF,SSE,2023-06-14,1.104,1.108,1.086,1.087,0.5525078196872141,0.554509659613617,0.5434995400184008,0.5440000000000015,0.5004599816007373,569680800.0,622184584.0,腾讯日K,2026-08-07T17:30:13,20260926T093659
512800,华宝银行ETF,SSE,2023-06-15,1.088,1.097,1.086,1.094,0.5440000000000015,0.5485000000000014,0.5430000000000015,0.5470000000000015,0.5000000000000013,219869300.0,239848327.0,腾讯日K,2026-08-07T17:30:13,20260926T093659
512800,华宝银行ETF,SSE,2023-06-16,1.093,1.098,1.091,1.093,0.5470000000000015,0.5495022872827097,0.5459990850869182,0.5470000000000015,0.5004574565416299,214410800.0,234467941.0,腾讯日K,2026-08-07T17:30:13,20260926T093659
512800,华宝银行ETF,SSE,2023-06-19,1.091,1.091,1.077,1.078,0.5455000000000013,0.5455000000000013,0.5385000000000013,0.5390000000000014,0.5000000000000012,172307900.0,186338950.0,腾讯日K,2026-08-07T17:30:13,20260926T093659
512800,华宝银行ETF,SSE,2023-06-20,1.077,1.081,1.073,1.074,0.5385000000000013,0.5405000000000013,0.5365000000000013,0.5370000000000014,0.5000000000000012,154045800.0,165870800.0,腾讯日K,2026-08-07T17:30:13,20260926T093659
512800,华宝银行ETF,SSE,2023-06-21,1.073,1.086,1.071,1.074,0.5365000000000013,0.5430000000000014,0.5355000000000013,0.5370000000000014,0.5000000000000012,187498600.0,202348667.0,腾讯日K,2026-08-07T17:30:13,20260926T093659
512800,华宝银行ETF,SSE,2023-06-26,1.071,1.071,1.055,1.057,0.5360066225165577,0.5360066225165577,0.5279990539262076,0.5290000000000014,0.5004730368968793,170829200.0,181140409.0,腾讯日K,2026-08-07T17:30:13,20260926T093659
512800,华宝银行ETF,SSE,2023-06-27,1.059,1.07,1.055,1.069,0.5299953227315263,0.5355004677268491,0.5279934518241362,0.5350000000000015,0.5004677268475225,241632000.0,257232537.0,腾讯日K,2026-08-07T17:30:13,20260926T093659
512800,华宝银行ETF,SSE,2023-06-28,1.067,1.074,1.065,1.071,0.5339981325863694,0.5375014005602257,0.5329971988795533,0.5360000000000015,0.5004668534080313,128196600.0,137038291.0,腾讯日K,2026-08-07T17:30:13,20260926T093659
512800,华宝银行ETF,SSE,2023-06-29,1.07,1.071,1.063,1.066,0.5350000000000015,0.5355000000000014,0.5315000000000014,0.5330000000000015,0.5000000000000013,115068400.0,122581117.0,腾讯日K,2026-08-07T17:30:13,20260926T093659
512800,华宝银行ETF,SSE,2023-06-30,1.065,1.075,1.064,1.074,0.5325000000000014,0.5375000000000014,0.5320000000000015,0.5370000000000015,0.5000000000000013,142482300.0,152650553.0,腾讯日K,2026-08-07T17:30:13,20260926T093659
512800,华宝银行ETF,SSE,2023-07-03,1.075,1.091,1.073,1.09,0.5375000000000014,0.5455000000000014,0.5365000000000014,0.5450000000000015,0.5000000000000013,255916500.0,277158217.0,腾讯日K,2026-08-07T17:30:13,20260926T093659
512800,华宝银行ETF,SSE,2023-07-04,1.088,1.089,1.077,1.08,0.5440000000000015,0.5445000000000014,0.5385000000000014,0.5400000000000015,0.5000000000000013,163059700.0,176369606.0,腾讯日K,2026-08-07T17:30:13,20260926T093659
512800,华宝银行ETF,SSE,2023-07-05,1.078,1.079,1.071,1.073,0.5395023299161245,0.540002795899349,0.5359990680335521,0.5370000000000014,0.5004659832246052,184247100.0,197867364.0,腾讯日K,2026-08-07T17:30:13,20260926T093659
512800,华宝银行ETF,SSE,2023-07-06,1.07,1.074,1.062,1.065,0.5355023474178418,0.5375042253521141,0.5314985915492971,0.5330000000000014,0.5004694835680764,239961700.0,256261642.0,腾讯日K,2026-08-07T17:30:13,20260926T093659
512800,华宝银行ETF,SSE,2023-07-07,1.064,1.069,1.062,1.065,0.5324995305164333,0.5350018779342737,0.5314985915492971,0.5330000000000014,0.5004694835680764,147587900.0,157155008.0,腾讯日K,2026-08-07T17:30:13,20260926T093659
512800,华宝银行ETF,SSE,2023-07-10,1.067,1.07,1.062,1.066,0.5335000000000013,0.5350000000000014,0.5310000000000014,0.5330000000000014,0.5000000000000012,157361800.0,167642962.0,腾讯日K,2026-08-07T17:30:13,20260926T093659
512800,华宝银行ETF,SSE,2023-07-11,1.066,1.072,1.066,1.072,0.5330000000000013,0.5360000000000013,0.5330000000000013,0.5360000000000013,0.5000000000000011,162934900.0,174309185.0,腾讯日K,2026-08-07T17:30:13,20260926T093659
512800,华宝银行ETF,SSE,2023-07-12,1.072,1.083,1.07,1.076,0.5360000000000013,0.5415000000000012,0.5350000000000013,0.5380000000000013,0.5000000000000011,173191300.0,186760154.0,腾讯日K,2026-08-07T17:30:13,20260926T093659
512800,华宝银行ETF,SSE,2023-07-13,1.081,1.091,1.078,1.091,0.5409954170485805,0.5460000000000013,0.5394940421631543,0.5460000000000013,0.5004582951420726,162428700.0,176393364.0,腾讯日K,2026-08-07T17:30:13,20260926T093659
512800,华宝银行ETF,SSE,2023-07-14,1.091,1.097,1.088,1.094,0.5455000000000012,0.5485000000000012,0.5440000000000013,0.5470000000000013,0.5000000000000011,182182900.0,199064353.0,腾讯日K,2026-08-07T17:30:13,20260926T093659
512800,华宝银行ETF,SSE,2023-07-17,1.091,1.092,1.083,1.087,0.5460018399264042,0.546502299908005,0.5419981600735982,0.5440000000000013,0.5004599816007371,121507000.0,131896195.0,腾讯日K,2026-08-07T17:30:13,20260926T093659
512800,华宝银行ETF,SSE,2023-07-18,1.087,1.089,1.082,1.084,0.5435000000000012,0.5445000000000012,0.5410000000000013,0.5420000000000013,0.5000000000000011,82610300.0,89622748.0,腾讯日K,2026-08-07T17:30:13,20260926T093659
512800,华宝银行ETF,SSE,2023-07-19,1.084,1.089,1.079,1.089,0.5424977043158874,0.5450000000000013,0.5399954086317734,0.5450000000000013,0.5004591368227743,103212400.0,111900676.0,腾讯日K,2026-08-07T17:30:13,20260926T093659
512800,华宝银行ETF,SSE,2023-07-20,1.089,1.098,1.088,1.09,0.5445000000000012,0.5490000000000013,0.5440000000000013,0.5450000000000013,0.5000000000000011,113885200.0,124509236.0,腾讯日K,2026-08-07T17:30:13,20260926T093659
512800,华宝银行ETF,SSE,2023-07-21,1.091,1.095,1.089,1.093,0.5459990850869181,0.5480009149130846,0.5449981701738348,0.5470000000000013,0.5004574565416298,118375700.0,129271631.0,腾讯日K,2026-08-07T17:30:13,20260926T093659
512800,华宝银行ETF,SSE,2023-07-24,1.092,1.092,1.085,1.088,0.5460000000000013,0.5460000000000013,0.5425000000000012,0.5440000000000013,0.5000000000000011,192367800.0,209164348.0,腾讯日K,2026-08-07T17:30:13,20260926T093659
512800,华宝银行ETF,SSE,2023-07-25,1.098,1.118,1.098,1.118,0.5490000000000014,0.5590000000000014,0.5490000000000014,0.5590000000000014,0.5000000000000012,280802100.0,312184560.0,腾讯日K,2026-08-07T17:30:13,20260926T093659
512800,华宝银行ETF,SSE,2023-07-26,1.116,1.122,1.112,1.117,0.5584995523724275,0.5615022381378707,0.5564977618621321,0.5590000000000014,0.5004476275738597,174115900.0,194186205.0,腾讯日K,2026-08-07T17:30:13,20260926T093659
512800,华宝银行ETF,SSE,2023-07-27,1.118,1.133,1.116,1.126,0.5590000000000014,0.5665000000000013,0.5580000000000014,0.5630000000000013,0.5000000000000012,249715700.0,281506701.0,腾讯日K,2026-08-07T17:30:13,20260926T093659
512800,华宝银行ETF,SSE,2023-07-28,1.121,1.165,1.121,1.16,0.5605000000000013,0.5825000000000015,0.5605000000000013,0.5800000000000014,0.5000000000000012,379254000.0,435598302.0,腾讯日K,2026-08-07T17:30:13,20260926T093659
512800,华宝银行ETF,SSE,2023-07-31,1.164,1.183,1.16,1.168,0.5820000000000015,0.5915000000000016,0.5800000000000015,0.5840000000000015,0.5000000000000013,322289300.0,376818988.0,腾讯日K,2026-08-07T17:30:13,20260926T093659
512800,华宝银行ETF,SSE,2023-08-01,1.165,1.172,1.158,1.161,0.5830017226528869,0.5865047372954363,0.5794987080103373,0.5810000000000014,0.5004306632213621,224214000.0,260802581.0,腾讯日K,2026-08-07T17:30:13,20260926T093659
512800,华宝银行ETF,SSE,2023-08-02,1.155,1.157,1.135,1.139,0.5780070237050058,0.5790079016681313,0.5679982440737502,0.5700000000000014,0.5004389815627756,252645000.0,289029618.0,腾讯日K,2026-08-07T17:30:13,20260926T093659
512800,华宝银行ETF,SSE,2023-08-03,1.138,1.157,1.136,1.156,0.5690000000000014,0.5785000000000015,0.5680000000000013,0.5780000000000014,0.5000000000000012,285086000.0,327516595.0,腾讯日K,2026-08-07T17:30:13,20260926T093659
512800,华宝银行ETF,SSE,2023-08-04,1.161,1.173,1.154,1.16,0.5805000000000015,0.5865000000000015,0.5770000000000014,0.5800000000000014,0.5000000000000012,361863800.0,420580747.0,腾讯日K,2026-08-07T17:30:13,20260926T093659
512800,华宝银行ETF,SSE,2023-08-07,1.152,1.155,1.145,1.149,0.5765013054830302,0.578002610966059,0.5729982593559633,0.5750000000000015,0.5004351610095749,166132600.0,190838358.0,腾讯日K,2026-08-07T17:30:13,20260926T093659
512800,华宝银行ETF,SSE,2023-08-08,1.147,1.152,1.139,1.143,0.5740017497812787,0.5765039370078754,0.5699982502187241,0.5720000000000014,0.5004374453193363,137867400.0,157941898.0,腾讯日K,2026-08-07T17:30:13,20260926T093659
512800,华宝银行ETF,SSE,2023-08-09,1.14,1.149,1.139,1.147,0.570496948561466,0.5750008718395829,0.5699965126416754,0.5740000000000014,0.5004359197907597,133288400.0,152766478.0,腾讯日K,2026-08-07T17:30:13,20260926T093659
512800,华宝银行ETF,SSE,2023-08-10,1.145,1.148,1.137,1.146,0.5725000000000015,0.5740000000000014,0.5685000000000014,0.5730000000000014,0.5000000000000012,96808100.0,110566613.0,腾讯日K,2026-08-07T17:30:13,20260926T093659
512800,华宝银行ETF,SSE,2023-08-11,1.144,1.15,1.122,1.123,0.5725093499554779,0.5755120213713283,0.5614995547640265,0.5620000000000015,0.5004452359750681,164567200.0,186504450.0,腾讯日K,2026-08-07T17:30:13,20260926T093659
512800,华宝银行ETF,SSE,2023-08-14,1.115,1.118,1.103,1.109,0.5580027051397671,0.55950405770965,0.551997294860236,0.5550000000000015,0.5004508566275938,229930500.0,254870462.0,腾讯日K,2026-08-07T17:30:13,20260926T093659
512800,华宝银行ETF,SSE,2023-08-15,1.109,1.126,1.107,1.121,0.5549946476360408,0.5635022301516518,0.5539937555753807,0.5610000000000016,0.5004460303300639,306193700.0,341994949.0,腾讯日K,2026-08-07T17:30:13,20260926T093659
512800,华宝银行ETF,SSE,2023-08-16,1.116,1.124,1.111,1.118,0.5580000000000017,0.5620000000000017,0.5555000000000015,0.5590000000000016,0.5000000000000014,149220000.0,166933652.0,腾讯日K,2026-08-07T17:30:13,20260926T093659
512800,华宝银行ETF,SSE,2023-08-17,1.114,1.116,1.102,1.111,0.5575013501350151,0.5585022502250241,0.5514959495949611,0.5560000000000015,0.5004500450045019,194279800.0,215496103.0,腾讯日K,2026-08-07T17:30:13,20260926T093659
512800,华宝银行ETF,SSE,2023-08-18,1.111,1.13,1.109,1.114,0.5555000000000014,0.5650000000000015,0.5545000000000014,0.5570000000000015,0.5000000000000013,174792100.0,195909048.0,腾讯日K,2026-08-07T17:30:13,20260926T093659
512800,华宝银行ETF,SSE,2023-08-21,1.116,1.118,1.097,1.099,0.5585077343039143,0.5595086442220217,0.5489990900818942,0.5500000000000016,0.5004549590536866,184379900.0,203983987.0,腾讯日K,2026-08-07T17:30:13,20260926T093659
512800,华宝银行ETF,SSE,2023-08-22,1.101,1.112,1.101,1.11,0.5505000000000014,0.5560000000000015,0.5505000000000014,0.5550000000000015,0.5000000000000013,122445000.0,135354139.0,腾讯日K,2026-08-07T17:30:13,20260926T093659
512800,华宝银行ETF,SSE,2023-08-23,1.107,1.116,1.106,1.107,0.5540000000000015,0.558504065040652,0.5534995483288182,0.5540000000000015,0.5004516711833799,176003800.0,195667109.0,腾讯日K,2026-08-07T17:30:13,20260926T093659
512800,华宝银行ETF,SSE,2023-08-24,1.108,1.111,1.097,1.104,0.5540000000000015,0.5555000000000014,0.5485000000000014,0.5520000000000015,0.5000000000000013,132984600.0,146655479.0,腾讯日K,2026-08-07T17:30:13,20260926T093659
512800,华宝银行ETF,SSE,2023-08-25,1.101,1.117,1.099,1.113,0.5509946091644219,0.5590017969451946,0.5499937106918253,0.5570000000000014,0.5004492362982942,301981800.0,335103241.0,腾讯日K,2026-08-07T17:30:13,20260926T093659
512800,华宝银行ETF,SSE,2023-08-28,1.17,1.178,1.123,1.13,0.5850000000000015,0.5890000000000015,0.5615000000000014,0.5650000000000014,0.5000000000000013,352571900.0,401923496.0,腾讯日K,2026-08-07T17:30:13,20260926T093659
512800,华宝银行ETF,SSE,2023-08-29,1.124,1.129,1.105,1.116,0.5620000000000017,0.5645000000000017,0.5525000000000015,0.5580000000000016,0.5000000000000014,294854900.0,328726574.0,腾讯日K,2026-08-07T17:30:13,20260926T093659
512800,华宝银行ETF,SSE,2023-08-30,1.112,1.112,1.098,1.101,0.5565049954586755,0.5565049954586755,0.5494986376021814,0.5510000000000015,0.5004541326067226,331681900.0,365959230.0,腾讯日K,2026-08-07T17:30:13,20260926T093659
512800,华宝银行ETF,SSE,2023-08-31,1.101,1.11,1.095,1.097,0.5510018231540581,0.5555059252506853,0.5479990884229733,0.5490000000000015,0.5004557885141309,301460600.0,331384911.0,腾讯日K,2026-08-07T17:30:13,20260926T093659
512800,华宝银行ETF,SSE,2023-09-01,1.102,1.114,1.102,1.108,0.5510000000000015,0.5570000000000015,0.5510000000000015,0.5540000000000015,0.5000000000000013,220933800.0,244535892.0,腾讯日K,2026-08-07T17:30:13,20260926T093659
512800,华宝银行ETF,SSE,2023-09-04,1.11,1.13,1.11,1.128,0.5550000000000015,0.5650000000000015,0.5550000000000015,0.5640000000000014,0.5000000000000013,223493800.0,251323338.0,腾讯日K,2026-08-07T17:30:13,20260926T093659
512800,华宝银行ETF,SSE,2023-09-05,1.123,1.126,1.115,1.118,0.5615000000000017,0.5630000000000016,0.5575000000000015,0.5590000000000016,0.5000000000000014,129637000.0,144971120.0,腾讯日K,2026-08-07T17:30:13,20260926T093659
512800,华宝银行ETF,SSE,2023-09-06,1.114,1.121,1.111,1.121,0.5574968777876912,0.5610000000000016,0.5559955396967009,0.5610000000000016,0.5004460303300639,142338000.0,158905616.0,腾讯日K,2026-08-07T17:30:13,20260926T093659
512800,华宝银行ETF,SSE,2023-09-07,1.118,1.123,1.113,1.117,0.5595004476275754,0.5620026857654448,0.5569982094897061,0.5590000000000016,0.50044762757386,226043500.0,252755018.0,腾讯日K,2026-08-07T17:30:13,20260926T093659
512800,华宝银行ETF,SSE,2023-09-08,1.114,1.115,1.109,1.112,0.5570000000000015,0.5575000000000014,0.5545000000000014,0.5560000000000015,0.5000000000000013,96074700.0,106841372.0,腾讯日K,2026-08-07T17:30:13,20260926T093659
512800,华宝银行ETF,SSE,2023-09-11,1.112,1.119,1.111,1.114,0.5560000000000015,0.5595000000000014,0.5555000000000014,0.5570000000000015,0.5000000000000013,144254400.0,160733797.0,腾讯日K,2026-08-07T17:30:13,20260926T093659
512800,华宝银行ETF,SSE,2023-09-12,1.113,1.115,1.111,1.112,0.5565000000000014,0.5575000000000014,0.5555000000000014,0.5560000000000015,0.5000000000000013,77332400.0,86046190.0,腾讯日K,2026-08-07T17:30:13,20260926T093659
512800,华宝银行ETF,SSE,2023-09-13,1.113,1.117,1.11,1.112,0.5565000000000014,0.5585000000000014,0.5550000000000015,0.5560000000000015,0.5000000000000013,152952100.0,170231888.0,腾讯日K,2026-08-07T17:30:13,20260926T093659
512800,华宝银行ETF,SSE,2023-09-14,1.113,1.125,1.113,1.124,0.5565000000000014,0.5625000000000016,0.5565000000000014,0.5620000000000015,0.5000000000000013,204653100.0,229400044.0,腾讯日K,2026-08-07T17:30:13,20260926T093659
512800,华宝银行ETF,SSE,2023-09-15,1.126,1.132,1.116,1.118,0.5630000000000015,0.5660000000000015,0.5580000000000015,0.5590000000000015,0.5000000000000013,296858900.0,333435200.0,腾讯日K,2026-08-07T17:30:13,20260926T093659
512800,华宝银行ETF,SSE,2023-09-18,1.116,1.12,1.111,1.119,0.5584986595174277,0.5605004468275261,0.5559964253798049,0.5600000000000014,0.5004468275245768,164031200.0,183016232.0,腾讯日K,2026-08-07T17:30:13,20260926T093659
512800,华宝银行ETF,SSE,2023-09-19,1.118,1.126,1.116,1.126,0.5590000000000013,0.5630000000000012,0.5580000000000013,0.5630000000000012,0.5000000000000011,121522100.0,136376754.0,腾讯日K,2026-08-07T17:30:13,20260926T093659
512800,华宝银行ETF,SSE,2023-09-20,1.125,1.132,1.121,1.13,0.5625000000000011,0.5660000000000011,0.5605000000000011,0.5650000000000011,0.500000000000001,132093400.0,149111090.0,腾讯日K,2026-08-07T17:30:13,20260926T093659
512800,华宝银行ETF,SSE,2023-09-21,1.128,1.133,1.121,1.123,0.5645022261798766,0.567004452359752,0.5609991095280512,0.5620000000000013,0.500445235975068,145114200.0,163405208.0,腾讯日K,2026-08-07T17:30:13,20260926T093659
512800,华宝银行ETF,SSE,2023-09-22,1.121,1.136,1.118,1.135,0.5609938325991203,0.5685004405286356,0.5594925110132172,0.5680000000000013,0.5004405286343624,294212300.0,332350004.0,腾讯日K,2026-08-07T17:30:13,20260926T093659
512800,华宝银行ETF,SSE,2023-09-25,1.133,1.138,1.128,1.135,0.5669991189427326,0.5695013215859044,0.5644969162995607,0.5680000000000013,0.5004405286343624,165140500.0,187284542.0,腾讯日K,2026-08-07T17:30:13,20260926T093659
512800,华宝银行ETF,SSE,2023-09-26,1.134,1.138,1.128,1.132,0.5670000000000013,0.5690000000000014,0.5640000000000013,0.5660000000000013,0.5000000000000012,134194000.0,151916002.0,腾讯日K,2026-08-07T17:30:13,20260926T093659
512800,华宝银行ETF,SSE,2023-09-27,1.13,1.134,1.122,1.127,0.5655013309671706,0.5675031055900632,0.5614977817213854,0.5640000000000012,0.5004436557231599,152556200.0,171842371.0,腾讯日K,2026-08-07T17:30:13,20260926T093659
512800,华宝银行ETF,SSE,2023-09-28,1.126,1.129,1.124,1.124,0.5630000000000012,0.5645000000000012,0.5620000000000013,0.5620000000000013,0.5000000000000011,111997900.0,126165597.0,腾讯日K,2026-08-07T17:30:13,20260926T093659
512800,华宝银行ETF,SSE,2023-10-09,1.121,1.121,1.11,1.117,0.5610017905102967,0.5610017905102967,0.5554968666069844,0.5590000000000013,0.5004476275738597,131997400.0,147225018.0,腾讯日K,2026-08-07T17:30:13,20260926T093659
512800,华宝银行ETF,SSE,2023-10-10,1.121,1.127,1.115,1.117,0.5610017905102967,0.5640044762757399,0.5579991047448536,0.5590000000000013,0.5004476275738597,119168200.0,133335573.0,腾讯日K,2026-08-07T17:30:13,20260926T093659
512800,华宝银行ETF,SSE,2023-10-11,1.118,1.121,1.111,1.113,0.5595022461814927,0.5610035938903876,0.5559991015274046,0.5570000000000012,0.500449236298294,127337500.0,142119211.0,腾讯日K,2026-08-07T17:30:13,20260926T093659
512800,华宝银行ETF,SSE,2023-10-12,1.128,1.133,1.121,1.13,0.5640000000000012,0.5665000000000012,0.5605000000000012,0.5650000000000012,0.5000000000000011,186702700.0,210577609.0,腾讯日K,2026-08-07T17:30:13,20260926T093659
512800,华宝银行ETF,SSE,2023-10-13,1.124,1.135,1.119,1.13,0.5620000000000013,0.5675000000000012,0.5595000000000012,0.5650000000000012,0.5000000000000011,171908100.0,194042423.0,腾讯日K,2026-08-07T17:30:13,20260926T093659
512800,华宝银行ETF,SSE,2023-10-16,1.127,1.13,1.122,1.129,0.5639991142604086,0.5655004428697974,0.5614968999114273,0.5650000000000012,0.5004428697962809,109217300.0,123018960.0,腾讯日K,2026-08-07T17:30:13,20260926T093659
512800,华宝银行ETF,SSE,2023-10-17,1.13,1.134,1.125,1.132,0.5650000000000013,0.5670000000000013,0.5625000000000013,0.5660000000000013,0.5000000000000012,94365700.0,106640168.0,腾讯日K,2026-08-07T17:30:13,20260926T093659
512800,华宝银行ETF,SSE,2023-10-18,1.13,1.137,1.127,1.13,0.5650000000000012,0.5685000000000012,0.5635000000000012,0.5650000000000012,0.5000000000000011,131816800.0,149243600.0,腾讯日K,2026-08-07T17:30:13,20260926T093659
512800,华宝银行ETF,SSE,2023-10-19,1.128,1.128,1.101,1.102,0.5640000000000012,0.5640000000000012,0.5505000000000012,0.5510000000000013,0.5000000000000011,169654900.0,188452719.0,腾讯日K,2026-08-07T17:30:13,20260926T093659
512800,华宝银行ETF,SSE,2023-10-20,1.1,1.107,1.096,1.103,0.5504986400725307,0.5540018132366286,0.5484968268359033,0.5520000000000012,0.500453309156846,126354000.0,139017039.0,腾讯日K,2026-08-07T17:30:13,20260926T093659
512800,华宝银行ETF,SSE,2023-10-23,1.098,1.103,1.087,1.092,0.549000000000001,0.551500000000001,0.543500000000001,0.546000000000001,0.5000000000000009,135633200.0,148331638.0,腾讯日K,2026-08-07T17:30:13,20260926T093659
512800,华宝银行ETF,SSE,2023-10-24,1.096,1.097,1.083,1.088,0.548000000000001,0.548500000000001,0.541500000000001,0.544000000000001,0.5000000000000009,100388500.0,109191981.0,腾讯日K,2026-08-07T17:30:13,20260926T093659
512800,华宝银行ETF,SSE,2023-10-25,1.093,1.094,1.084,1.09,0.546500000000001,0.547000000000001,0.542000000000001,0.545000000000001,0.5000000000000009,122245700.0,133024495.0,腾讯日K,2026-08-07T17:30:13,20260926T093659
512800,华宝银行ETF,SSE,2023-10-26,1.085,1.102,1.085,1.101,0.5429927338782936,0.551500454132608,0.5429927338782936,0.5510000000000012,0.5004541326067222,127866600.0,140158118.0,腾讯日K,2026-08-07T17:30:13,20260926T093659
512800,华宝银行ETF,SSE,2023-10-27,1.097,1.102,1.091,1.099,0.5489990900818937,0.5515013648771623,0.5459963603275716,0.5500000000000012,0.5004549590536862,120511600.0,132245231.0,腾讯日K,2026-08-07T17:30:13,20260926T093659
512800,华宝银行ETF,SSE,2023-10-30,1.097,1.098,1.074,1.081,0.5490074005550428,0.549507863089733,0.5374967622571705,0.5410000000000011,0.5004625346901028,287847600.0,311005954.0,腾讯日K,2026-08-07T17:30:13,20260926T093659
512800,华宝银行ETF,SSE,2023-10-31,1.079,1.082,1.072,1.082,0.5395000000000011,0.5410000000000011,0.5360000000000011,0.5410000000000011,0.500000000000001,129799700.0,139956164.0,腾讯日K,2026-08-07T17:30:13,20260926T093659
512800,华宝银行ETF,SSE,2023-11-01,1.083,1.084,1.076,1.082,0.5415000000000011,0.5420000000000011,0.5380000000000011,0.5410000000000011,0.500000000000001,99379800.0,107346057.0,腾讯日K,2026-08-07T17:30:13,20260926T093659
512800,华宝银行ETF,SSE,2023-11-02,1.082,1.092,1.081,1.09,0.5410000000000011,0.5460000000000012,0.5405000000000011,0.5450000000000012,0.500000000000001,183358400.0,199492975.0,腾讯日K,2026-08-07T17:30:13,20260926T093659
512800,华宝银行ETF,SSE,2023-11-03,1.089,1.09,1.083,1.086,0.5445000000000011,0.5450000000000012,0.5415000000000011,0.5430000000000011,0.500000000000001,141715500.0,153913727.0,腾讯日K,2026-08-07T17:30:13,20260926T093659
512800,华宝银行ETF,SSE,2023-11-06,1.088,1.09,1.082,1.087,0.5445004599816019,0.5455013799448034,0.5414977000919975,0.5440000000000011,0.500459981600737,269204900.0,292223419.0,腾讯日K,2026-08-07T17:30:13,20260926T093659
512800,华宝银行ETF,SSE,2023-11-07,1.086,1.087,1.081,1.086,0.5430000000000011,0.5435000000000011,0.5405000000000011,0.5430000000000011,0.500000000000001,143515200.0,155534071.0,腾讯日K,2026-08-07T17:30:13,20260926T093659
512800,华宝银行ETF,SSE,2023-11-08,1.085,1.086,1.077,1.08,0.5425000000000011,0.5430000000000011,0.5385000000000011,0.5400000000000011,0.500000000000001,146407000.0,158332108.0,腾讯日K,2026-08-07T17:30:13,20260926T093659
512800,华宝银行ETF,SSE,2023-11-09,1.079,1.087,1.077,1.086,0.5395000000000011,0.5435000000000011,0.5385000000000011,0.5430000000000011,0.500000000000001,149523600.0,162146058.0,腾讯日K,2026-08-07T17:30:13,20260926T093659
512800,华宝银行ETF,SSE,2023-11-10,1.083,1.088,1.075,1.077,0.5420027855153214,0.5445051067780885,0.5379990714948943,0.5390000000000011,0.5004642525533901,128049600.0,138117136.0,腾讯日K,2026-08-07T17:30:13,20260926T093659
512800,华宝银行ETF,SSE,2023-11-13,1.078,1.078,1.067,1.072,0.5390000000000011,0.5390000000000011,0.5335000000000011,0.5360000000000011,0.500000000000001,109321700.0,116957519.0,腾讯日K,2026-08-07T17:30:13,20260926T093659
512800,华宝银行ETF,SSE,2023-11-14,1.072,1.076,1.07,1.074,0.5360000000000011,0.5380000000000011,0.5350000000000011,0.5370000000000011,0.500000000000001,95754900.0,102761386.0,腾讯日K,2026-08-07T17:30:13,20260926T093659
512800,华宝银行ETF,SSE,2023-11-15,1.078,1.083,1.077,1.08,0.5390000000000013,0.5415000000000012,0.5385000000000012,0.5400000000000013,0.5000000000000011,133452700.0,144104771.0,腾讯日K,2026-08-07T17:30:13,20260926T093659
512800,华宝银行ETF,SSE,2023-11-16,1.08,1.081,1.076,1.077,0.5405013927576614,0.5410018570102146,0.5384995357474478,0.5390000000000011,0.5004642525533901,104634200.0,112809575.0,腾讯日K,2026-08-07T17:30:13,20260926T093659
512800,华宝银行ETF,SSE,2023-11-17,1.076,1.077,1.069,1.072,0.5380000000000011,0.5385000000000011,0.5345000000000011,0.5360000000000011,0.500000000000001,106396900.0,113992670.0,腾讯日K,2026-08-07T17:30:13,20260926T093659
512800,华宝银行ETF,SSE,2023-11-20,1.072,1.078,1.069,1.078,0.5360000000000011,0.5390000000000011,0.5345000000000011,0.5390000000000011,0.500000000000001,85327100.0,91658155.0,腾讯日K,2026-08-07T17:30:13,20260926T093659
512800,华宝银行ETF,SSE,2023-11-21,1.079,1.086,1.078,1.081,0.539999074930621,0.5435023126734518,0.539498612395931,0.5410000000000013,0.5004625346901029,152602600.0,165269077.0,腾讯日K,2026-08-07T17:30:13,20260926T093659
512800,华宝银行ETF,SSE,2023-11-22,1.08,1.081,1.076,1.077,0.5405013927576614,0.5410018570102146,0.5384995357474478,0.5390000000000011,0.5004642525533901,121655800.0,131243928.0,腾讯日K,2026-08-07T17:30:13,20260926T093659
512800,华宝银行ETF,SSE,2023-11-23,1.076,1.077,1.071,1.077,0.5384995357474478,0.5390000000000011,0.5359972144846807,0.5390000000000011,0.5004642525533901,108687300.0,116709106.0,腾讯日K,2026-08-07T17:30:13,20260926T093659
512800,华宝银行ETF,SSE,2023-11-24,1.077,1.078,1.074,1.077,0.5390000000000011,0.5395004642525546,0.537498607242341,0.5390000000000011,0.5004642525533901,108639900.0,116927215.0,腾讯日K,2026-08-07T17:30:13,20260926T093659
512800,华宝银行ETF,SSE,2023-11-27,1.075,1.076,1.062,1.068,0.5375000000000011,0.5380000000000011,0.5310000000000011,0.5340000000000011,0.500000000000001,152457500.0,162667827.0,腾讯日K,2026-08-07T17:30:13,20260926T093659
512800,华宝银行ETF,SSE,2023-11-28,1.068,1.07,1.061,1.062,0.5340000000000011,0.5350000000000011,0.5305000000000011,0.5310000000000011,0.500000000000001,177242400.0,188617696.0,腾讯日K,2026-08-07T17:30:13,20260926T093659
512800,华宝银行ETF,SSE,2023-11-29,1.063,1.064,1.049,1.053,0.5320047483380829,0.5325052231718911,0.5249981006647685,0.5270000000000011,0.5004748338081683,136065100.0,143337516.0,腾讯日K,2026-08-07T17:30:13,20260926T093659
512800,华宝银行ETF,SSE,2023-11-30,1.051,1.057,1.05,1.057,0.5259971617786199,0.5290000000000011,0.5254966887417231,0.5290000000000011,0.500473036896879,87271100.0,91992627.0,腾讯日K,2026-08-07T17:30:13,20260926T093659
512800,华宝银行ETF,SSE,2023-12-01,1.056,1.058,1.05,1.054,0.5280000000000011,0.5290000000000011,0.525000000000001,0.5270000000000011,0.500000000000001,93171700.0,98196601.0,腾讯日K,2026-08-07T17:30:13,20260926T093659
512800,华宝银行ETF,SSE,2023-12-04,1.055,1.058,1.05,1.051,0.528001902949573,0.529503330161752,0.5254995242626083,0.5260000000000011,0.5004757373929603,88367500.0,92985111.0,腾讯日K,2026-08-07T17:30:13,20260926T093659
512800,华宝银行ETF,SSE,2023-12-05,1.051,1.051,1.034,1.034,0.5255000000000012,0.5255000000000012,0.5170000000000011,0.5170000000000011,0.5000000000000011,116098500.0,120999372.0,腾讯日K,2026-08-07T17:30:13,20260926T093659
512800,华宝银行ETF,SSE,2023-12-06,1.034,1.036,1.024,1.032,0.5170000000000011,0.5180000000000011,0.5120000000000011,0.5160000000000011,0.5000000000000011,107018400.0,110448135.0,腾讯日K,2026-08-07T17:30:13,20260926T093659
512800,华宝银行ETF,SSE,2023-12-07,1.033,1.037,1.023,1.034,0.5165000000000011,0.5185000000000011,0.5115000000000011,0.5170000000000011,0.5000000000000011,115476200.0,119068159.0,腾讯日K,2026-08-07T17:30:13,20260926T093659
512800,华宝银行ETF,SSE,2023-12-08,1.034,1.04,1.03,1.033,0.5175004840271068,0.5205033881897398,0.5154985479186847,0.5170000000000011,0.5004840271055191,63299900.0,65526079.0,腾讯日K,2026-08-07T17:30:13,20260926T093659
512800,华宝银行ETF,SSE,2023-12-11,1.03,1.038,1.015,1.037,0.5154966248794611,0.5195004821600784,0.5079893924783039,0.5190000000000011,0.5004821600771467,126137000.0,129429803.0,腾讯日K,2026-08-07T17:30:13,20260926T093659
512800,华宝银行ETF,SSE,2023-12-12,1.036,1.048,1.032,1.047,0.5184947468958943,0.5245004775549201,0.516492836676219,0.5240000000000012,0.5004775549188168,130787100.0,136531722.0,腾讯日K,2026-08-07T17:30:13,20260926T093659
512800,华宝银行ETF,SSE,2023-12-13,1.045,1.046,1.034,1.035,0.5230048309178756,0.5235053140096632,0.5174995169082139,0.5180000000000012,0.5004830917874409,110424100.0,114859060.0,腾讯日K,2026-08-07T17:30:13,20260926T093659
512800,华宝银行ETF,SSE,2023-12-14,1.036,1.041,1.031,1.031,0.5185024248302632,0.5210048496605251,0.5160000000000012,0.5160000000000012,0.5004849660523776,102122500.0,105683385.0,腾讯日K,2026-08-07T17:30:13,20260926T093659
512800,华宝银行ETF,SSE,2023-12-15,1.035,1.043,1.028,1.03,0.5175000000000012,0.5215000000000012,0.5140000000000012,0.5150000000000012,0.5000000000000012,99259000.0,102734378.0,腾讯日K,2026-08-07T17:30:13,20260926T093659
512800,华宝银行ETF,SSE,2023-12-18,1.027,1.033,1.021,1.03,0.5135000000000012,0.5165000000000012,0.5105000000000012,0.5150000000000012,0.5000000000000012,117160400.0,120673902.0,腾讯日K,2026-08-07T17:30:13,20260926T093659
512800,华宝银行ETF,SSE,2023-12-19,1.029,1.031,1.025,1.028,0.5145000000000012,0.5155000000000012,0.5125000000000012,0.5140000000000012,0.5000000000000012,101777800.0,104673702.0,腾讯日K,2026-08-07T17:30:13,20260926T093659
512800,华宝银行ETF,SSE,2023-12-20,1.03,1.036,1.026,1.026,0.5150000000000011,0.5180000000000011,0.5130000000000011,0.5130000000000011,0.5000000000000011,161346800.0,166247970.0,腾讯日K,2026-08-07T17:30:13,20260926T093659
512800,华宝银行ETF,SSE,2023-12-21,1.025,1.033,1.02,1.033,0.5129961277831571,0.5170000000000011,0.5104937076476295,0.5170000000000012,0.5004840271055191,116986400.0,120198658.0,腾讯日K,2026-08-07T17:30:13,20260926T093659
512800,华宝银行ETF,SSE,2023-12-22,1.033,1.037,1.026,1.033,0.5170000000000011,0.5190019361084233,0.5134966118102626,0.5170000000000012,0.5004840271055191,147636900.0,152414317.0,腾讯日K,2026-08-07T17:30:13,20260926T093659
512800,华宝银行ETF,SSE,2023-12-25,1.033,1.035,1.029,1.034,0.5165000000000012,0.5175000000000012,0.5145000000000012,0.5170000000000012,0.5000000000000012,73861500.0,76231014.0,腾讯日K,2026-08-07T17:30:13,20260926T093659
512800,华宝银行ETF,SSE,2023-12-26,1.033,1.034,1.029,1.03,0.5165000000000012,0.5170000000000012,0.5145000000000012,0.5150000000000012,0.5000000000000012,55675300.0,57383914.0,腾讯日K,2026-08-07T17:30:13,20260926T093659
512800,华宝银行ETF,SSE,2023-12-27,1.032,1.035,1.023,1.035,0.516498550724639,0.5180000000000012,0.511994202898552,0.5180000000000012,0.5004830917874409,114788900.0,118127475.0,腾讯日K,2026-08-07T17:30:13,20260926T093659
512800,华宝银行ETF,SSE,2023-12-28,1.033,1.046,1.033,1.044,0.5165000000000012,0.5230000000000014,0.5165000000000012,0.5220000000000014,0.5000000000000012,171373000.0,178379507.0,腾讯日K,2026-08-07T17:30:13,20260926T093659
512800,华宝银行ETF,SSE,2023-12-29,1.042,1.045,1.04,1.042,0.5210000000000012,0.5225000000000012,0.5200000000000012,0.5210000000000012,0.5000000000000012,147828600.0,154056902.0,腾讯日K,2026-08-07T17:30:13,20260926T093659
512800,华宝银行ETF,SSE,2024-01-02,1.043,1.046,1.039,1.042,0.5215000000000012,0.5230000000000014,0.5195000000000012,0.5210000000000012,0.5000000000000012,106536500.0,111091550.0,腾讯日K,2026-08-07T17:30:13,20260926T093659
512800,华宝银行ETF,SSE,2024-01-03,1.038,1.046,1.037,1.046,0.5190000000000012,0.5230000000000014,0.5185000000000012,0.5230000000000014,0.5000000000000012,105255100.0,109685229.0,腾讯日K,2026-08-07T17:30:13,20260926T093659
512800,华宝银行ETF,SSE,2024-01-04,1.045,1.049,1.038,1.048,0.5225000000000012,0.5245000000000013,0.5190000000000012,0.5240000000000014,0.5000000000000012,108989100.0,113660525.0,腾讯日K,2026-08-07T17:30:13,20260926T093659
512800,华宝银行ETF,SSE,2024-01-05,1.046,1.071,1.044,1.058,0.5230000000000011,0.5355000000000012,0.5220000000000011,0.5290000000000012,0.5000000000000011,212887700.0,225557186.0,腾讯日K,2026-08-07T17:30:13,20260926T093659
512800,华宝银行ETF,SSE,2024-01-08,1.055,1.063,1.047,1.05,0.5275000000000013,0.5315000000000013,0.5235000000000013,0.5250000000000014,0.5000000000000012,154445400.0,162753908.0,腾讯日K,2026-08-07T17:30:13,20260926T093659
512800,华宝银行ETF,SSE,2024-01-09,1.05,1.057,1.043,1.056,0.5250000000000014,0.5285000000000013,0.5215000000000012,0.5280000000000014,0.5000000000000012,146546400.0,153678844.0,腾讯日K,2026-08-07T17:30:13,20260926T093659
512800,华宝银行ETF,SSE,2024-01-10,1.053,1.058,1.049,1.049,0.5270019065776944,0.5295042897998108,0.5250000000000014,0.5250000000000014,0.5004766444232616,85775100.0,90301351.0,腾讯日K,2026-08-07T17:30:13,20260926T093659
512800,华宝银行ETF,SSE,2024-01-11,1.048,1.056,1.044,1.048,0.5240000000000014,0.5280000000000014,0.5220000000000012,0.5240000000000014,0.5000000000000012,135834800.0,142702691.0,腾讯日K,2026-08-07T17:30:13,20260926T093659
512800,华宝银行ETF,SSE,2024-01-12,1.048,1.062,1.047,1.058,0.5240000000000011,0.5310000000000012,0.5235000000000011,0.5290000000000012,0.5000000000000011,159825800.0,168753591.0,腾讯日K,2026-08-07T17:30:13,20260926T093659
512800,华宝银行ETF,SSE,2024-01-15,1.055,1.065,1.053,1.062,0.5275000000000013,0.5325000000000013,0.5265000000000013,0.5310000000000014,0.5000000000000012,122806300.0,130178191.0,腾讯日K,2026-08-07T17:30:13,20260926T093659
512800,华宝银行ETF,SSE,2024-01-16,1.06,1.075,1.059,1.075,0.5304930232558153,0.5380000000000013,0.5299925581395362,0.5380000000000013,0.500465116279071,264869700.0,283253665.0,腾讯日K,2026-08-07T17:30:13,20260926T093659
512800,华宝银行ETF,SSE,2024-01-17,1.073,1.081,1.065,1.066,0.5365000000000013,0.5405000000000013,0.5325000000000013,0.5330000000000014,0.5000000000000012,185641300.0,199730590.0,腾讯日K,2026-08-07T17:30:13,20260926T093659
512800,华宝银行ETF,SSE,2024-01-18,1.062,1.074,1.039,1.071,0.531495798319329,0.5375014005602254,0.5199850606909443,0.5360000000000013,0.5004668534080311,230652100.0,243369968.0,腾讯日K,2026-08-07T17:30:13,20260926T093659
512800,华宝银行ETF,SSE,2024-01-19,1.066,1.073,1.058,1.072,0.5330000000000013,0.5365000000000012,0.5290000000000012,0.5360000000000013,0.5000000000000011,134672100.0,143592910.0,腾讯日K,2026-08-07T17:30:13,20260926T093659
512800,华宝银行ETF,SSE,2024-01-22,1.069,1.082,1.061,1.065,0.5350018779342736,0.5415079812206586,0.5309981220657289,0.5330000000000013,0.5004694835680763,208806500.0,224441515.0,腾讯日K,2026-08-07T17:30:13,20260926T093659
512800,华宝银行ETF,SSE,2024-01-23,1.064,1.072,1.056,1.067,0.5324985941893171,0.5365023430178082,0.528494845360826,0.5340000000000013,0.5004686035613882,141903200.0,150995847.0,腾讯日K,2026-08-07T17:30:13,20260926T093659
512800,华宝银行ETF,SSE,2024-01-24,1.07,1.084,1.064,1.083,0.5354939981532792,0.5425004616805185,0.5324912280701768,0.5420000000000013,0.5004616805170834,157390300.0,169099037.0,腾讯日K,2026-08-07T17:30:13,20260926T093659
512800,华宝银行ETF,SSE,2024-01-25,1.083,1.1,1.083,1.098,0.5415000000000012,0.5500000000000013,0.5415000000000012,0.5490000000000013,0.5000000000000011,229692000.0,251422950.0,腾讯日K,2026-08-07T17:30:13,20260926T093659
512800,华宝银行ETF,SSE,2024-01-26,1.1,1.119,1.098,1.117,0.5504923903312458,0.5600008952551491,0.5494914950760981,0.5590000000000013,0.5004476275738597,246192800.0,273585400.0,腾讯日K,2026-08-07T17:30:13,20260926T093659
512800,华宝银行ETF,SSE,2024-01-29,1.12,1.137,1.117,1.127,0.560496894409939,0.5690044365572327,0.5589955634427695,0.5640000000000011,0.5004436557231597,260438700.0,293518012.0,腾讯日K,2026-08-07T17:30:13,20260926T093659
512800,华宝银行ETF,SSE,2024-01-30,1.121,1.131,1.109,1.115,0.5610026905829608,0.5660071748878935,0.5549973094170415,0.5580000000000012,0.5004484304932746,217530800.0,243359085.0,腾讯日K,2026-08-07T17:30:13,20260926T093659
512800,华宝银行ETF,SSE,2024-01-31,1.11,1.124,1.106,1.115,0.5554977578475349,0.5625040358744406,0.5534959641255618,0.5580000000000012,0.5004484304932746,210780100.0,235388724.0,腾讯日K,2026-08-07T17:30:13,20260926T093659
512800,华宝银行ETF,SSE,2024-02-01,1.113,1.117,1.105,1.109,0.5570018034265114,0.5590036068530218,0.5529981965734907,0.555000000000001,0.5004508566275934,147093300.0,163320562.0,腾讯日K,2026-08-07T17:30:13,20260926T093659
512800,华宝银行ETF,SSE,2024-02-02,1.107,1.12,1.09,1.11,0.553500000000001,0.560000000000001,0.545000000000001,0.555000000000001,0.5000000000000009,185864800.0,206700916.0,腾讯日K,2026-08-07T17:30:13,20260926T093659
512800,华宝银行ETF,SSE,2024-02-05,1.11,1.128,1.104,1.126,0.555000000000001,0.564000000000001,0.552000000000001,0.5630000000000009,0.5000000000000009,195332600.0,218143830.0,腾讯日K,2026-08-07T17:30:13,20260926T093659
512800,华宝银行ETF,SSE,2024-02-06,1.12,1.137,1.116,1.135,0.5604933920704857,0.5690008810572698,0.5584916299559483,0.5680000000000011,0.5004405286343622,243130300.0,274190283.0,腾讯日K,2026-08-07T17:30:13,20260926T093659
512800,华宝银行ETF,SSE,2024-02-07,1.132,1.133,1.106,1.126,0.566000000000001,0.566500000000001,0.553000000000001,0.5630000000000009,0.5000000000000009,293053100.0,327681654.0,腾讯日K,2026-08-07T17:30:13,20260926T093659
512800,华宝银行ETF,SSE,2024-02-08,1.121,1.122,1.107,1.12,0.560500000000001,0.561000000000001,0.553500000000001,0.560000000000001,0.5000000000000009,172539800.0,192247935.0,腾讯日K,2026-08-07T17:30:13,20260926T093659
512800,华宝银行ETF,SSE,2024-02-19,1.125,1.145,1.118,1.145,0.5629912663755468,0.573000000000001,0.5594882096069879,0.573000000000001,0.5004366812227082,178000400.0,201535456.0,腾讯日K,2026-08-07T17:30:13,20260926T093659
512800,华宝银行ETF,SSE,2024-02-20,1.141,1.153,1.135,1.15,0.5705000000000011,0.5765000000000011,0.5675000000000011,0.5750000000000011,0.500000000000001,198328400.0,227702721.0,腾讯日K,2026-08-07T17:30:13,20260926T093659
512800,华宝银行ETF,SSE,2024-02-21,1.147,1.194,1.146,1.183,0.5739847844463238,0.5975046491969579,0.573484361792055,0.592000000000001,0.5004226542688089,317431500.0,374123570.0,腾讯日K,2026-08-07T17:30:13,20260926T093659
512800,华宝银行ETF,SSE,2024-02-22,1.179,1.186,1.171,1.185,0.5899974683544315,0.5935004219409293,0.5859940928270053,0.5930000000000011,0.500421940928271,223097100.0,262935195.0,腾讯日K,2026-08-07T17:30:13,20260926T093659
512800,华宝银行ETF,SSE,2024-02-23,1.183,1.206,1.183,1.19,0.591500000000001,0.6030000000000011,0.591500000000001,0.595000000000001,0.5000000000000009,212576400.0,253700776.0,腾讯日K,2026-08-07T17:30:13,20260926T093659
512800,华宝银行ETF,SSE,2024-02-26,1.186,1.189,1.157,1.159,0.5935116479723908,0.5950129421915453,0.5789991371872312,0.5800000000000008,0.5004314063848152,284175100.0,332603568.0,腾讯日K,2026-08-07T17:30:13,20260926T093659
512800,华宝银行ETF,SSE,2024-02-27,1.156,1.17,1.154,1.162,0.5780000000000008,0.5850000000000009,0.5770000000000008,0.5810000000000008,0.5000000000000008,138630000.0,160849282.0,腾讯日K,2026-08-07T17:30:13,20260926T093659
512800,华宝银行ETF,SSE,2024-02-28,1.16,1.167,1.149,1.16,0.5800000000000008,0.5835000000000009,0.5745000000000009,0.5800000000000008,0.5000000000000008,174910100.0,202839069.0,腾讯日K,2026-08-07T17:30:13,20260926T093659
512800,华宝银行ETF,SSE,2024-02-29,1.154,1.163,1.153,1.162,0.5770000000000008,0.5815000000000009,0.5765000000000009,0.5810000000000008,0.5000000000000008,114256200.0,132412397.0,腾讯日K,2026-08-07T17:30:13,20260926T093659
512800,华宝银行ETF,SSE,2024-03-01,1.16,1.165,1.156,1.163,0.5804987102321589,0.5830008598452286,0.5784969905417032,0.5820000000000008,0.5004299226139302,106122000.0,123145550.0,腾讯日K,2026-08-07T17:30:13,20260926T093659
512800,华宝银行ETF,SSE,2024-03-04,1.162,1.162,1.15,1.152,0.581000000000001,0.581000000000001,0.575000000000001,0.576000000000001,0.5000000000000009,181530800.0,209245011.0,腾讯日K,2026-08-07T17:30:13,20260926T093659
512800,华宝银行ETF,SSE,2024-03-05,1.149,1.177,1.148,1.176,0.5745000000000009,0.5885000000000009,0.5740000000000008,0.5880000000000009,0.5000000000000008,299133600.0,348325441.0,腾讯日K,2026-08-07T17:30:13,20260926T093659
512800,华宝银行ETF,SSE,2024-03-06,1.174,1.178,1.161,1.163,0.587504729148754,0.5895064488392097,0.5809991401547729,0.5820000000000008,0.5004299226139302,194893300.0,228136570.0,腾讯日K,2026-08-07T17:30:13,20260926T093659
512800,华宝银行ETF,SSE,2024-03-07,1.162,1.175,1.161,1.167,0.581497857754928,0.5880034275921175,0.5809974293059136,0.584000000000001,0.5004284490145681,167464300.0,195450184.0,腾讯日K,2026-08-07T17:30:13,20260926T093659
512800,华宝银行ETF,SSE,2024-03-08,1.166,1.173,1.161,1.165,0.5835004291845501,0.5870034334763957,0.5809982832618034,0.5830000000000009,0.5004291845493569,133398200.0,155589073.0,腾讯日K,2026-08-07T17:30:13,20260926T093659
512800,华宝银行ETF,SSE,2024-03-11,1.164,1.169,1.155,1.164,0.5820000000000008,0.5845000000000009,0.5775000000000009,0.5820000000000008,0.5000000000000008,134022000.0,155490935.0,腾讯日K,2026-08-07T17:30:13,20260926T093659
512800,华宝银行ETF,SSE,2024-03-12,1.162,1.163,1.151,1.155,0.5815030303030312,0.5820034632034642,0.5759982683982693,0.578000000000001,0.5004329004329012,372188400.0,429798832.0,腾讯日K,2026-08-07T17:30:13,20260926T093659
512800,华宝银行ETF,SSE,2024-03-13,1.152,1.152,1.14,1.143,0.5765039370078747,0.5765039370078747,0.5704986876640428,0.5720000000000008,0.5004374453193358,183440000.0,209960145.0,腾讯日K,2026-08-07T17:30:13,20260926T093659
512800,华宝银行ETF,SSE,2024-03-14,1.14,1.151,1.139,1.142,0.5700000000000008,0.5755000000000009,0.5695000000000009,0.5710000000000008,0.5000000000000008,131485800.0,150456965.0,腾讯日K,2026-08-07T17:30:13,20260926T093659
512800,华宝银行ETF,SSE,2024-03-15,1.145,1.152,1.144,1.148,0.5725000000000009,0.5760000000000008,0.5720000000000008,0.5740000000000008,0.5000000000000008,145278100.0,166776589.0,腾讯日K,2026-08-07T17:30:13,20260926T093659
512800,华宝银行ETF,SSE,2024-03-18,1.146,1.151,1.143,1.148,0.5730000000000008,0.5755000000000009,0.5715000000000009,0.5740000000000008,0.5000000000000008,132272600.0,151599360.0,腾讯日K,2026-08-07T17:30:13,20260926T093659
512800,华宝银行ETF,SSE,2024-03-19,1.146,1.146,1.135,1.137,0.5735039577836419,0.5735039577836419,0.567999120492525,0.5690000000000008,0.5004397537379075,155831500.0,177456271.0,腾讯日K,2026-08-07T17:30:13,20260926T093659
512800,华宝银行ETF,SSE,2024-03-20,1.136,1.149,1.132,1.148,0.5680000000000008,0.5745000000000009,0.5660000000000008,0.5740000000000008,0.5000000000000008,152649700.0,174301621.0,腾讯日K,2026-08-07T17:30:13,20260926T093659
512800,华宝银行ETF,SSE,2024-03-21,1.146,1.157,1.143,1.154,0.573000000000001,0.578500000000001,0.571500000000001,0.577000000000001,0.5000000000000009,281321900.0,324382621.0,腾讯日K,2026-08-07T17:30:13,20260926T093659
512800,华宝银行ETF,SSE,2024-03-22,1.153,1.154,1.14,1.149,0.5770017406440393,0.5775021758050488,0.5704960835509147,0.575000000000001,0.5004351610095744,246533600.0,283071987.0,腾讯日K,2026-08-07T17:30:13,20260926T093659
512800,华宝银行ETF,SSE,2024-03-25,1.148,1.16,1.146,1.156,0.574000000000001,0.580000000000001,0.573000000000001,0.578000000000001,0.5000000000000009,237657900.0,274661308.0,腾讯日K,2026-08-07T17:30:13,20260926T093659
512800,华宝银行ETF,SSE,2024-03-26,1.157,1.172,1.156,1.172,0.578500000000001,0.586000000000001,0.578000000000001,0.586000000000001,0.5000000000000009,178523100.0,208264054.0,腾讯日K,2026-08-07T17:30:13,20260926T093659
512800,华宝银行ETF,SSE,2024-03-27,1.17,1.185,1.167,1.176,0.585000000000001,0.592500000000001,0.583500000000001,0.588000000000001,0.5000000000000009,189341000.0,223075862.0,腾讯日K,2026-08-07T17:30:13,20260926T093659
512800,华宝银行ETF,SSE,2024-03-28,1.173,1.174,1.156,1.163,0.5870042992261402,0.5875047291487541,0.5784969905417033,0.582000000000001,0.5004299226139303,225127700.0,261808193.0,腾讯日K,2026-08-07T17:30:13,20260926T093659
512800,华宝银行ETF,SSE,2024-03-29,1.157,1.168,1.151,1.161,0.5789982773471156,0.5845030146425505,0.5759956933677874,0.581000000000001,0.5004306632213618,165125500.0,191968286.0,腾讯日K,2026-08-07T17:30:13,20260926T093659
512800,华宝银行ETF,SSE,2024-04-01,1.161,1.175,1.159,1.174,0.5805000000000011,0.5875000000000012,0.5795000000000011,0.5870000000000011,0.500000000000001,158560500.0,185429487.0,腾讯日K,2026-08-07T17:30:13,20260926T093659
512800,华宝银行ETF,SSE,2024-04-02,1.173,1.182,1.17,1.173,0.5870000000000011,0.5915038363171365,0.5854987212276225,0.5870000000000011,0.5004262574595064,129365600.0,152130684.0,腾讯日K,2026-08-07T17:30:13,20260926T093659
512800,华宝银行ETF,SSE,2024-04-03,1.173,1.175,1.163,1.168,0.5865000000000012,0.5875000000000012,0.5815000000000011,0.5840000000000011,0.500000000000001,81632500.0,95492346.0,腾讯日K,2026-08-07T17:30:13,20260926T093659
512800,华宝银行ETF,SSE,2024-04-08,1.167,1.178,1.16,1.175,0.5839965957446819,0.5895012765957457,0.5804936170212776,0.5880000000000011,0.5004255319148945,144103700.0,168944629.0,腾讯日K,2026-08-07T17:30:13,20260926T093659
512800,华宝银行ETF,SSE,2024-04-09,1.174,1.181,1.166,1.168,0.5870000000000012,0.5905000000000012,0.5830000000000011,0.5840000000000011,0.500000000000001,329992400.0,386097346.0,腾讯日K,2026-08-07T17:30:13,20260926T093659
512800,华宝银行ETF,SSE,2024-04-10,1.167,1.177,1.165,1.169,0.5839991445680079,0.5890034217279737,0.5829982891360148,0.5850000000000011,0.5004277159965792,114227100.0,133795756.0,腾讯日K,2026-08-07T17:30:13,20260926T093659
512800,华宝银行ETF,SSE,2024-04-11,1.165,1.171,1.157,1.168,0.5825000000000011,0.5855000000000012,0.5785000000000011,0.5840000000000011,0.500000000000001,102306000.0,119202915.0,腾讯日K,2026-08-07T17:30:13,20260926T093659
512800,华宝银行ETF,SSE,2024-04-12,1.166,1.171,1.158,1.16,0.583000000000001,0.585500000000001,0.579000000000001,0.580000000000001,0.5000000000000009,114963300.0,133872696.0,腾讯日K,2026-08-07T17:30:13,20260926T093659
512800,华宝银行ETF,SSE,2024-04-15,1.162,1.184,1.16,1.184,0.581000000000001,0.592000000000001,0.580000000000001,0.592000000000001,0.5000000000000009,194085000.0,228396597.0,腾讯日K,2026-08-07T17:30:13,20260926T093659
512800,华宝银行ETF,SSE,2024-04-16,1.183,1.19,1.174,1.185,0.5919991561181446,0.5955021097046425,0.5874953586497901,0.5930000000000011,0.500421940928271,145079500.0,171582266.0,腾讯日K,2026-08-07T17:30:13,20260926T093659
512800,华宝银行ETF,SSE,2024-04-17,1.182,1.207,1.172,1.205,0.5914904564315363,0.6040008298755197,0.5864863070539429,0.6030000000000011,0.500414937759337,247939600.0,295541978.0,腾讯日K,2026-08-07T17:30:13,20260926T093659
512800,华宝银行ETF,SSE,2024-04-18,1.2,1.233,1.2,1.215,0.6004938271604949,0.6170074074074086,0.6004938271604949,0.6080000000000011,0.5004115226337458,306829700.0,373647447.0,腾讯日K,2026-08-07T17:30:13,20260926T093659
512800,华宝银行ETF,SSE,2024-04-19,1.209,1.221,1.208,1.213,0.6049983511953844,0.6110032976092343,0.6044979389942302,0.6070000000000011,0.5004122011541641,208453500.0,253029467.0,腾讯日K,2026-08-07T17:30:13,20260926T093659
512800,华宝银行ETF,SSE,2024-04-22,1.214,1.228,1.197,1.204,0.6070000000000012,0.6140000000000012,0.5985000000000013,0.6020000000000012,0.500000000000001,211420000.0,255862110.0,腾讯日K,2026-08-07T17:30:13,20260926T093659
512800,华宝银行ETF,SSE,2024-04-23,1.202,1.217,1.197,1.203,0.6014995843724035,0.6090058187863686,0.5989975062344152,0.6020000000000012,0.5004156275976734,207121300.0,249545398.0,腾讯日K,2026-08-07T17:30:13,20260926T093659
512800,华宝银行ETF,SSE,2024-04-24,1.202,1.205,1.194,1.199,0.6015012510425365,0.603002502085072,0.5974979149291086,0.6000000000000011,0.5004170141784829,268636200.0,321908155.0,腾讯日K,2026-08-07T17:30:13,20260926T093659
512800,华宝银行ETF,SSE,2024-04-25,1.197,1.219,1.196,1.218,0.5985000000000013,0.6095000000000013,0.5980000000000012,0.6090000000000012,0.500000000000001,152880600.0,184676534.0,腾讯日K,2026-08-07T17:30:13,20260926T093659
512800,华宝银行ETF,SSE,2024-04-26,1.212,1.216,1.193,1.199,0.6065054211843215,0.6085070892410354,0.5969974979149303,0.6000000000000012,0.500417014178483,274774000.0,330192075.0,腾讯日K,2026-08-07T17:30:13,20260926T093659
512800,华宝银行ETF,SSE,2024-04-29,1.195,1.218,1.19,1.211,0.5979933938893488,0.6095028901734115,0.5954913294797699,0.6060000000000012,0.500412881915773,297066700.0,359738085.0,腾讯日K,2026-08-07T17:30:13,20260926T093659
512800,华宝银行ETF,SSE,2024-04-30,1.207,1.224,1.207,1.218,0.6035000000000013,0.6120000000000012,0.6035000000000013,0.6090000000000012,0.500000000000001,140191500.0,170533963.0,腾讯日K,2026-08-07T17:30:13,20260926T093659
512800,华宝银行ETF,SSE,2024-05-06,1.226,1.23,1.214,1.217,0.6135036976170924,0.6155053410024663,0.6074987674609708,0.6090000000000012,0.5004108463434686,150436100.0,183602275.0,腾讯日K,2026-08-07T17:30:13,20260926T093659
512800,华宝银行ETF,SSE,2024-05-07,1.218,1.218,1.205,1.217,0.6095004108463447,0.6095004108463447,0.6029950698438796,0.6090000000000012,0.5004108463434686,117088900.0,141895255.0,腾讯日K,2026-08-07T17:30:13,20260926T093659
512800,华宝银行ETF,SSE,2024-05-08,1.212,1.223,1.212,1.217,0.6064979457682839,0.6120024650780621,0.6064979457682839,0.6090000000000012,0.5004108463434686,79759000.0,97193437.0,腾讯日K,2026-08-07T17:30:13,20260926T093659
512800,华宝银行ETF,SSE,2024-05-09,1.215,1.223,1.214,1.219,0.6079983593109118,0.6120016406890907,0.6074979491386394,0.6100000000000013,0.5004101722723554,123458300.0,150522086.0,腾讯日K,2026-08-07T17:30:13,20260926T093659
512800,华宝银行ETF,SSE,2024-05-10,1.219,1.236,1.218,1.234,0.6095000000000014,0.6180000000000013,0.6090000000000013,0.6170000000000013,0.5000000000000011,184896500.0,227239105.0,腾讯日K,2026-08-07T17:30:13,20260926T093659
512800,华宝银行ETF,SSE,2024-05-13,1.23,1.243,1.224,1.241,0.6154955680902512,0.6220008058017742,0.6124931506849328,0.6210000000000014,0.5004029008863831,127471300.0,157456733.0,腾讯日K,2026-08-07T17:30:13,20260926T093659
512800,华宝银行ETF,SSE,2024-05-14,1.242,1.245,1.23,1.235,0.6215028340080984,0.6230040485829973,0.6154979757085033,0.6180000000000013,0.5004048582995961,111459800.0,137794433.0,腾讯日K,2026-08-07T17:30:13,20260926T093659
512800,华宝银行ETF,SSE,2024-05-15,1.231,1.238,1.225,1.231,0.6160000000000013,0.6195028432168981,0.6129975629569469,0.6160000000000013,0.5004061738424056,84562400.0,104135422.0,腾讯日K,2026-08-07T17:30:13,20260926T093659
512800,华宝银行ETF,SSE,2024-05-16,1.231,1.258,1.231,1.254,0.6155000000000014,0.6290000000000014,0.6155000000000014,0.6270000000000013,0.5000000000000011,253386400.0,317193413.0,腾讯日K,2026-08-07T17:30:13,20260926T093659
512800,华宝银行ETF,SSE,2024-05-17,1.254,1.271,1.249,1.269,0.6274940898345167,0.6360007880220659,0.6249921197793552,0.6350000000000013,0.50039401103231,294665100.0,370573660.0,腾讯日K,2026-08-07T17:30:13,20260926T093659
512800,华宝银行ETF,SSE,2024-05-20,1.271,1.28,1.258,1.263,0.6360031670625508,0.640506730007919,0.629498020585908,0.6320000000000013,0.5003958828186867,200233800.0,253778787.0,腾讯日K,2026-08-07T17:30:13,20260926T093659
512800,华宝银行ETF,SSE,2024-05-21,1.261,1.277,1.257,1.272,0.6305000000000014,0.6385000000000014,0.6285000000000014,0.6360000000000015,0.5000000000000011,207528000.0,263448732.0,腾讯日K,2026-08-07T17:30:13,20260926T093659
512800,华宝银行ETF,SSE,2024-05-22,1.273,1.287,1.268,1.278,0.6365000000000014,0.6435000000000014,0.6340000000000015,0.6390000000000015,0.5000000000000011,266962100.0,341673271.0,腾讯日K,2026-08-07T17:30:13,20260926T093659
512800,华宝银行ETF,SSE,2024-05-23,1.275,1.28,1.265,1.269,0.6380023640661953,0.6405043341213569,0.6329984239558721,0.6350000000000015,0.5003940110323101,233230600.0,296600976.0,腾讯日K,2026-08-07T17:30:13,20260926T093659
512800,华宝银行ETF,SSE,2024-05-24,1.268,1.277,1.257,1.258,0.6340000000000015,0.6385000000000014,0.6285000000000014,0.6290000000000014,0.5000000000000011,203691600.0,258055611.0,腾讯日K,2026-08-07T17:30:13,20260926T093659
512800,华宝银行ETF,SSE,2024-05-27,1.259,1.278,1.259,1.276,0.6295000000000014,0.6390000000000015,0.6295000000000014,0.6380000000000015,0.5000000000000011,359768400.0,456796433.0,腾讯日K,2026-08-07T17:30:13,20260926T093659
512800,华宝银行ETF,SSE,2024-05-28,1.275,1.282,1.266,1.27,0.6375000000000012,0.6410000000000013,0.6330000000000012,0.6350000000000013,0.500000000000001,134207200.0,170604855.0,腾讯日K,2026-08-07T17:30:13,20260926T093659
512800,华宝银行ETF,SSE,2024-05-29,1.269,1.275,1.257,1.258,0.6345000000000014,0.6375000000000014,0.6285000000000014,0.6290000000000013,0.5000000000000011,179058700.0,226502093.0,腾讯日K,2026-08-07T17:30:13,20260926T093659
512800,华宝银行ETF,SSE,2024-05-30,1.256,1.267,1.244,1.249,0.6285028022417946,0.6340072057646128,0.6224979983987201,0.6250000000000012,0.5004003202562058,143231000.0,179799877.0,腾讯日K,2026-08-07T17:30:13,20260926T093659
512800,华宝银行ETF,SSE,2024-05-31,1.251,1.258,1.25,1.254,0.6255000000000012,0.6290000000000012,0.6250000000000012,0.6270000000000012,0.500000000000001,114614300.0,143703922.0,腾讯日K,2026-08-07T17:30:13,20260926T093659
512800,华宝银行ETF,SSE,2024-06-03,1.252,1.252,1.233,1.239,0.6265052461662644,0.6265052461662644,0.6169975786924953,0.6200000000000013,0.5004035512510099,194495400.0,240736121.0,腾讯日K,2026-08-07T17:30:13,20260926T093659
512800,华宝银行ETF,SSE,2024-06-04,1.238,1.248,1.236,1.247,0.6194963913392152,0.6245004009623106,0.6184955894145961,0.6240000000000012,0.5004009623095438,97420800.0,121147635.0,腾讯日K,2026-08-07T17:30:13,20260926T093659
512800,华宝银行ETF,SSE,2024-06-05,1.247,1.248,1.23,1.232,0.6235000000000012,0.6240000000000011,0.6150000000000011,0.6160000000000011,0.5000000000000009,125590000.0,155181247.0,腾讯日K,2026-08-07T17:30:13,20260926T093659
512800,华宝银行ETF,SSE,2024-06-06,1.233,1.238,1.228,1.231,0.6170008123476859,0.6195028432168979,0.6144987814784738,0.6160000000000011,0.5004061738424054,105375000.0,129888774.0,腾讯日K,2026-08-07T17:30:13,20260926T093659
512800,华宝银行ETF,SSE,2024-06-07,1.231,1.242,1.231,1.24,0.6155000000000013,0.6210000000000012,0.6155000000000013,0.6200000000000012,0.500000000000001,189164800.0,234276104.0,腾讯日K,2026-08-07T17:30:13,20260926T093659
512800,华宝银行ETF,SSE,2024-06-11,1.238,1.243,1.218,1.22,0.6190000000000012,0.6215000000000013,0.6090000000000012,0.6100000000000012,0.500000000000001,128485200.0,157479204.0,腾讯日K,2026-08-07T17:30:13,20260926T093659
512800,华宝银行ETF,SSE,2024-06-12,1.218,1.219,1.204,1.216,0.6090000000000011,0.6095000000000012,0.6020000000000011,0.6080000000000011,0.5000000000000009,121748700.0,147330188.0,腾讯日K,2026-08-07T17:30:13,20260926T093659
512800,华宝银行ETF,SSE,2024-06-13,1.214,1.217,1.202,1.206,0.6070000000000011,0.6085000000000012,0.6010000000000011,0.6030000000000011,0.5000000000000009,329188100.0,397444525.0,腾讯日K,2026-08-07T17:30:13,20260926T093659
512800,华宝银行ETF,SSE,2024-06-14,1.206,1.223,1.203,1.219,0.6034946677604605,0.6120016406890906,0.6019934372436434,0.6100000000000012,0.5004101722723553,175326100.0,212848136.0,腾讯日K,2026-08-07T17:30:13,20260926T093659
512800,华宝银行ETF,SSE,2024-06-17,1.213,1.218,1.204,1.207,0.6070024855012439,0.6095045567522795,0.6024987572493797,0.6040000000000012,0.500414250207126,112917500.0,136407439.0,腾讯日K,2026-08-07T17:30:13,20260926T093659
512800,华宝银行ETF,SSE,2024-06-18,1.206,1.215,1.198,1.212,0.6030000000000011,0.6075000000000012,0.5990000000000011,0.6060000000000011,0.5000000000000009,143122600.0,173009954.0,腾讯日K,2026-08-07T17:30:13,20260926T093659
512800,华宝银行ETF,SSE,2024-06-19,1.209,1.229,1.209,1.226,0.6045000000000013,0.6145000000000013,0.6045000000000013,0.6130000000000012,0.500000000000001,116595700.0,142403405.0,腾讯日K,2026-08-07T17:30:13,20260926T093659
512800,华宝银行ETF,SSE,2024-06-20,1.224,1.227,1.214,1.218,0.6120000000000012,0.6135000000000013,0.6070000000000012,0.6090000000000012,0.500000000000001,267226500.0,325710241.0,腾讯日K,2026-08-07T17:30:13,20260926T093659
512800,华宝银行ETF,SSE,2024-06-21,1.218,1.221,1.209,1.218,0.6090000000000012,0.6105000000000013,0.6045000000000013,0.6090000000000012,0.500000000000001,259321900.0,314562772.0,腾讯日K,2026-08-07T17:30:13,20260926T093659
512800,华宝银行ETF,SSE,2024-06-24,1.215,1.223,1.206,1.219,0.6079983593109118,0.6120016406890907,0.6034946677604606,0.6100000000000013,0.5004101722723554,111208800.0,135044687.0,腾讯日K,2026-08-07T17:30:13,20260926T093659
512800,华宝银行ETF,SSE,2024-06-25,1.219,1.229,1.216,1.226,0.6095000000000013,0.6145000000000013,0.6080000000000012,0.6130000000000012,0.500000000000001,310074800.0,379125223.0,腾讯日K,2026-08-07T17:30:13,20260926T093659
512800,华宝银行ETF,SSE,2024-06-26,1.224,1.23,1.221,1.227,0.6124987775061135,0.6155012224938886,0.6109975550122261,0.6140000000000011,0.500407497962511,154652000.0,189527714.0,腾讯日K,2026-08-07T17:30:13,20260926T093659
512800,华宝银行ETF,SSE,2024-06-27,1.225,1.257,1.221,1.242,0.6125000000000012,0.6285000000000011,0.6105000000000012,0.6210000000000011,0.5000000000000009,245670400.0,303391843.0,腾讯日K,2026-08-07T17:30:13,20260926T093659
512800,华宝银行ETF,SSE,2024-06-28,1.239,1.252,1.233,1.247,0.6199967923015248,0.6265020048115488,0.6169943865276676,0.6240000000000011,0.5004009623095438,140401100.0,174738423.0,腾讯日K,2026-08-07T17:30:13,20260926T093659
512800,华宝银行ETF,SSE,2024-07-01,1.245,1.265,1.244,1.263,0.622992874109265,0.6330007917656385,0.6224924782264462,0.6320000000000011,0.5003958828186866,154596300.0,194422864.0,腾讯日K,2026-08-07T17:30:13,20260926T093659
512800,华宝银行ETF,SSE,2024-07-02,1.26,1.283,1.258,1.28,0.6300000000000012,0.6415000000000013,0.6290000000000012,0.6400000000000012,0.500000000000001,201770000.0,257588392.0,腾讯日K,2026-08-07T17:30:13,20260926T093659
512800,华宝银行ETF,SSE,2024-07-03,1.282,1.284,1.262,1.269,0.6415051221434214,0.642505910165486,0.6314972419227751,0.6350000000000012,0.50039401103231,251662800.0,319962149.0,腾讯日K,2026-08-07T17:30:13,20260926T093659
512800,华宝银行ETF,SSE,2024-07-04,1.267,1.279,1.267,1.272,0.6335000000000012,0.6395000000000013,0.6335000000000012,0.6360000000000013,0.500000000000001,143012000.0,182092722.0,腾讯日K,2026-08-07T17:30:13,20260926T093659
512800,华宝银行ETF,SSE,2024-07-05,1.272,1.275,1.238,1.246,0.6360000000000012,0.6375000000000012,0.6190000000000012,0.6230000000000012,0.500000000000001,224943600.0,280984267.0,腾讯日K,2026-08-07T17:30:13,20260926T093659
512800,华宝银行ETF,SSE,2024-07-08,1.243,1.258,1.241,1.253,0.6219960095770163,0.6295019952114935,0.6209952114924193,0.6270000000000011,0.5003990422984845,125235100.0,156853842.0,腾讯日K,2026-08-07T17:30:13,20260926T093659
512800,华宝银行ETF,SSE,2024-07-09,1.253,1.267,1.244,1.265,0.6269952569169972,0.6340007905138352,0.6224916996047444,0.6330000000000012,0.500395256916997,152534500.0,191725007.0,腾讯日K,2026-08-07T17:30:13,20260926T093659
512800,华宝银行ETF,SSE,2024-07-10,1.266,1.276,1.264,1.271,0.6334980330448479,0.6385019669551547,0.6324972462627865,0.6360000000000012,0.5003933910306855,103678000.0,131732115.0,腾讯日K,2026-08-07T17:30:13,20260926T093659
512800,华宝银行ETF,SSE,2024-07-11,1.275,1.276,1.258,1.263,0.6380047505938254,0.6385051464766441,0.6294980205859078,0.6320000000000011,0.5003958828186866,208574800.0,263529232.0,腾讯日K,2026-08-07T17:30:13,20260926T093659
512800,华宝银行ETF,SSE,2024-07-12,1.262,1.291,1.262,1.289,0.6314895267649353,0.6460007757951913,0.6314895267649353,0.6450000000000012,0.5003878975950359,243139200.0,312357959.0,腾讯日K,2026-08-07T17:30:13,20260926T093659
512800,华宝银行ETF,SSE,2024-07-15,1.288,1.304,1.286,1.304,0.6440000000000011,0.6520000000000011,0.6430000000000011,0.6520000000000011,0.5000000000000009,274030600.0,355539452.0,腾讯日K,2026-08-07T17:30:13,20260926T093659
512800,华宝银行ETF,SSE,2024-07-16,1.303,1.309,1.289,1.299,0.6520015396458826,0.6550038491147048,0.6449961508852975,0.6500000000000011,0.5003849114703627,155248400.0,201613208.0,腾讯日K,2026-08-07T17:30:13,20260926T093659
512800,华宝银行ETF,SSE,2024-07-17,1.296,1.31,1.294,1.31,0.6480000000000011,0.6550000000000011,0.6470000000000011,0.6550000000000011,0.5000000000000009,126078200.0,164366893.0,腾讯日K,2026-08-07T17:30:13,20260926T093659
512800,华宝银行ETF,SSE,2024-07-18,1.305,1.308,1.294,1.307,0.6529992348890601,0.6545003825554717,0.6474950267788842,0.6540000000000011,0.5003825554705441,111550800.0,145098693.0,腾讯日K,2026-08-07T17:30:13,20260926T093659
512800,华宝银行ETF,SSE,2024-07-19,1.306,1.306,1.287,1.303,0.6535011511895636,0.6535011511895636,0.6439938603223341,0.652000000000001,0.5003837298541834,141416500.0,183153587.0,腾讯日K,2026-08-07T17:30:13,20260926T093659
512800,华宝银行ETF,SSE,2024-07-22,1.299,1.3,1.276,1.282,0.649500000000001,0.650000000000001,0.638000000000001,0.641000000000001,0.5000000000000008,191147700.0,245134088.0,腾讯日K,2026-08-07T17:30:13,20260926T093659
512800,华宝银行ETF,SSE,2024-07-23,1.281,1.308,1.281,1.294,0.640500000000001,0.654000000000001,0.640500000000001,0.647000000000001,0.5000000000000008,196151900.0,254308251.0,腾讯日K,2026-08-07T17:30:13,20260926T093659
512800,华宝银行ETF,SSE,2024-07-24,1.293,1.304,1.289,1.295,0.6469992277992288,0.652503474903476,0.6449976833976844,0.648000000000001,0.5003861003861012,154188000.0,199922765.0,腾讯日K,2026-08-07T17:30:13,20260926T093659
512800,华宝银行ETF,SSE,2024-07-25,1.293,1.296,1.269,1.283,0.647003897116135,0.6485050662509753,0.6349945440374132,0.6420000000000009,0.5003897116134068,132715200.0,170197418.0,腾讯日K,2026-08-07T17:30:13,20260926T093659
512800,华宝银行ETF,SSE,2024-07-26,1.281,1.283,1.255,1.265,0.6410063241106729,0.6420071146245069,0.6279960474308309,0.6330000000000009,0.5003952569169968,143220900.0,181374000.0,腾讯日K,2026-08-07T17:30:13,20260926T093659
512800,华宝银行ETF,SSE,2024-07-29,1.264,1.284,1.257,1.283,0.6324925954793462,0.6425003897116144,0.6289898674980523,0.6420000000000009,0.5003897116134068,114746100.0,146142608.0,腾讯日K,2026-08-07T17:30:13,20260926T093659
512800,华宝银行ETF,SSE,2024-07-30,1.282,1.287,1.269,1.277,0.6415019577133917,0.6440039154267825,0.6349968676585757,0.6390000000000009,0.5003915426781527,93010200.0,118760620.0,腾讯日K,2026-08-07T17:30:13,20260926T093659
512800,华宝银行ETF,SSE,2024-07-31,1.276,1.281,1.271,1.276,0.6380000000000009,0.6405000000000008,0.6355000000000008,0.6380000000000009,0.5000000000000007,157821000.0,201215462.0,腾讯日K,2026-08-07T17:30:13,20260926T093659
512800,华宝银行ETF,SSE,2024-08-01,1.272,1.287,1.259,1.278,0.6360000000000009,0.6435000000000008,0.6295000000000008,0.6390000000000009,0.5000000000000007,182666800.0,233047851.0,腾讯日K,2026-08-07T17:30:13,20260926T093659
512800,华宝银行ETF,SSE,2024-08-02,1.271,1.279,1.267,1.271,0.636000000000001,0.6400031471282466,0.6339984264358783,0.636000000000001,0.5003933910306854,99048400.0,126037645.0,腾讯日K,2026-08-07T17:30:13,20260926T093659
512800,华宝银行ETF,SSE,2024-08-05,1.27,1.275,1.259,1.26,0.635000000000001,0.637500000000001,0.629500000000001,0.630000000000001,0.5000000000000008,159043200.0,201428499.0,腾讯日K,2026-08-07T17:30:13,20260926T093659
512800,华宝银行ETF,SSE,2024-08-06,1.264,1.267,1.24,1.248,0.632000000000001,0.633500000000001,0.620000000000001,0.624000000000001,0.5000000000000008,199215800.0,248730706.0,腾讯日K,2026-08-07T17:30:13,20260926T093659
512800,华宝银行ETF,SSE,2024-08-07,1.247,1.258,1.246,1.25,0.623500000000001,0.629000000000001,0.623000000000001,0.625000000000001,0.5000000000000008,103415600.0,129495334.0,腾讯日K,2026-08-07T17:30:13,20260926T093659
512800,华宝银行ETF,SSE,2024-08-08,1.248,1.254,1.244,1.253,0.6244980047885087,0.6275003990422996,0.6224964086193148,0.627000000000001,0.5003990422984845,117681100.0,147049483.0,腾讯日K,2026-08-07T17:30:13,20260926T093659
512800,华宝银行ETF,SSE,2024-08-09,1.251,1.266,1.248,1.259,0.6259968228752989,0.6335027799841155,0.6244956314535357,0.630000000000001,0.500397140587769,134668100.0,169492409.0,腾讯日K,2026-08-07T17:30:13,20260926T093659
512800,华宝银行ETF,SSE,2024-08-12,1.258,1.259,1.251,1.255,0.6295011952191246,0.630001593625499,0.625998406374503,0.628000000000001,0.5003984063745028,88322000.0,110824878.0,腾讯日K,2026-08-07T17:30:13,20260926T093659
512800,华宝银行ETF,SSE,2024-08-13,1.254,1.266,1.253,1.261,0.6274972244250604,0.63350198255353,0.6269968279143546,0.6310000000000009,0.5003965107057898,100876800.0,127131403.0,腾讯日K,2026-08-07T17:30:13,20260926T093659
512800,华宝银行ETF,SSE,2024-08-14,1.259,1.268,1.257,1.26,0.6295000000000008,0.6340000000000009,0.6285000000000008,0.6300000000000009,0.5000000000000007,250429900.0,316050369.0,腾讯日K,2026-08-07T17:30:13,20260926T093659
512800,华宝银行ETF,SSE,2024-08-15,1.258,1.279,1.257,1.278,0.6290000000000009,0.6395000000000008,0.6285000000000008,0.6390000000000009,0.5000000000000007,134849100.0,171483544.0,腾讯日K,2026-08-07T17:30:13,20260926T093659
512800,华宝银行ETF,SSE,2024-08-16,1.278,1.294,1.275,1.293,0.6394941995359638,0.6475003866976033,0.6379930394431563,0.6470000000000009,0.5003866976024756,197444200.0,254260320.0,腾讯日K,2026-08-07T17:30:13,20260926T093659
512800,华宝银行ETF,SSE,2024-08-19,1.294,1.317,1.289,1.315,0.6474920152091265,0.6590007604562748,0.644990114068442,0.6580000000000009,0.5003802281368829,202997500.0,265083559.0,腾讯日K,2026-08-07T17:30:13,20260926T093659
512800,华宝银行ETF,SSE,2024-08-20,1.314,1.322,1.309,1.318,0.6570000000000009,0.6610000000000009,0.6545000000000009,0.6590000000000009,0.5000000000000007,173653100.0,228773043.0,腾讯日K,2026-08-07T17:30:13,20260926T093659
512800,华宝银行ETF,SSE,2024-08-21,1.313,1.317,1.297,1.31,0.6565000000000009,0.6585000000000009,0.6485000000000009,0.6550000000000009,0.5000000000000007,262896200.0,344035679.0,腾讯日K,2026-08-07T17:30:13,20260926T093659
512800,华宝银行ETF,SSE,2024-08-22,1.307,1.327,1.307,1.322,0.6535000000000007,0.6635000000000008,0.6535000000000007,0.6610000000000008,0.5000000000000006,133423400.0,176210469.0,腾讯日K,2026-08-07T17:30:13,20260926T093659
512800,华宝银行ETF,SSE,2024-08-23,1.321,1.33,1.31,1.329,0.66099699021821,0.6655003762227247,0.6554928517682477,0.6650000000000009,0.5003762227238532,110585800.0,146245789.0,腾讯日K,2026-08-07T17:30:13,20260926T093659
512800,华宝银行ETF,SSE,2024-08-26,1.328,1.331,1.316,1.329,0.664499623777277,0.6660007524454485,0.6584951091045909,0.6650000000000009,0.5003762227238532,102898400.0,136294378.0,腾讯日K,2026-08-07T17:30:13,20260926T093659
512800,华宝银行ETF,SSE,2024-08-27,1.326,1.34,1.323,1.334,0.6630000000000009,0.6700000000000009,0.6615000000000009,0.6670000000000009,0.5000000000000007,101979900.0,136021274.0,腾讯日K,2026-08-07T17:30:13,20260926T093659
512800,华宝银行ETF,SSE,2024-08-28,1.331,1.337,1.316,1.325,0.6660022641509443,0.6690045283018877,0.6584966037735859,0.6630000000000009,0.5003773584905667,112428400.0,148998984.0,腾讯日K,2026-08-07T17:30:13,20260926T093659
512800,华宝银行ETF,SSE,2024-08-29,1.323,1.323,1.279,1.282,0.6615000000000008,0.6615000000000008,0.6395000000000006,0.6410000000000008,0.5000000000000006,211065800.0,272810064.0,腾讯日K,2026-08-07T17:30:13,20260926T093659
512800,华宝银行ETF,SSE,2024-08-30,1.275,1.286,1.251,1.256,0.6375000000000008,0.6430000000000009,0.6255000000000008,0.6280000000000008,0.5000000000000007,420344400.0,530762228.0,腾讯日K,2026-08-07T17:30:13,20260926T093659
512800,华宝银行ETF,SSE,2024-09-02,1.246,1.266,1.243,1.255,0.6234964143426303,0.6335043824701203,0.6219952191235067,0.6280000000000008,0.5003984063745026,233840900.0,294462074.0,腾讯日K,2026-08-07T17:30:13,20260926T093659
512800,华宝银行ETF,SSE,2024-09-03,1.254,1.256,1.226,1.234,0.6270000000000007,0.6280000000000007,0.6130000000000007,0.6170000000000007,0.5000000000000006,259115900.0,319879998.0,腾讯日K,2026-08-07T17:30:13,20260926T093659
512800,华宝银行ETF,SSE,2024-09-04,1.229,1.241,1.225,1.23,0.6145000000000007,0.6205000000000007,0.6125000000000007,0.6150000000000007,0.5000000000000006,220137200.0,271221989.0,腾讯日K,2026-08-07T17:30:13,20260926T093659
512800,华宝银行ETF,SSE,2024-09-05,1.23,1.233,1.218,1.228,0.6150000000000007,0.6165000000000007,0.6090000000000007,0.6140000000000007,0.5000000000000006,168860100.0,206770530.0,腾讯日K,2026-08-07T17:30:13,20260926T093659
512800,华宝银行ETF,SSE,2024-09-06,1.227,1.245,1.227,1.232,0.6135000000000007,0.6225000000000007,0.6135000000000007,0.6160000000000007,0.5000000000000006,165234300.0,204599880.0,腾讯日K,2026-08-07T17:30:13,20260926T093659
512800,华宝银行ETF,SSE,2024-09-09,1.227,1.229,1.206,1.209,0.6140074441687352,0.6150082712985946,0.6034987593052115,0.6050000000000006,0.5004135649296945,282560900.0,341896937.0,腾讯日K,2026-08-07T17:30:13,20260926T093659
512800,华宝银行ETF,SSE,2024-09-10,1.209,1.219,1.203,1.217,0.6049967132292529,0.6100008216926875,0.6019942481511921,0.6090000000000007,0.500410846343468,149753100.0,181554986.0,腾讯日K,2026-08-07T17:30:13,20260926T093659
512800,华宝银行ETF,SSE,2024-09-11,1.214,1.215,1.184,1.19,0.6070000000000008,0.6075000000000008,0.5920000000000007,0.5950000000000008,0.5000000000000007,294913500.0,352245890.0,腾讯日K,2026-08-07T17:30:13,20260926T093659
512800,华宝银行ETF,SSE,2024-09-12,1.187,1.201,1.18,1.197,0.5939958228905603,0.6010016708437768,0.5904928989139521,0.5990000000000006,0.5004177109440272,171261800.0,204367881.0,腾讯日K,2026-08-07T17:30:13,20260926T093659
512800,华宝银行ETF,SSE,2024-09-13,1.196,1.208,1.193,1.193,0.5985012573344515,0.6045062866722554,0.5970000000000006,0.5970000000000006,0.5004191114836551,143350800.0,172069784.0,腾讯日K,2026-08-07T17:30:13,20260926T093659
512800,华宝银行ETF,SSE,2024-09-18,1.193,1.207,1.192,1.207,0.5969942004971011,0.6040000000000008,0.5964937862468939,0.6040000000000008,0.5004142502071257,156647300.0,188095195.0,腾讯日K,2026-08-07T17:30:13,20260926T093659
512800,华宝银行ETF,SSE,2024-09-19,1.209,1.21,1.194,1.208,0.6045000000000008,0.6050000000000008,0.5970000000000008,0.6040000000000008,0.5000000000000007,157830900.0,189709724.0,腾讯日K,2026-08-07T17:30:13,20260926T093659
512800,华宝银行ETF,SSE,2024-09-20,1.207,1.218,1.204,1.217,0.6039958915365659,0.609500410846344,0.6024946589975354,0.6090000000000007,0.500410846343468,150622300.0,182567190.0,腾讯日K,2026-08-07T17:30:13,20260926T093659
512800,华宝银行ETF,SSE,2024-09-23,1.213,1.237,1.209,1.236,0.6065000000000008,0.6185000000000008,0.6045000000000008,0.6180000000000008,0.5000000000000007,163264700.0,200485987.0,腾讯日K,2026-08-07T17:30:13,20260926T093659
512800,华宝银行ETF,SSE,2024-09-24,1.241,1.287,1.238,1.285,0.6209828793774329,0.6440007782101177,0.6194817120622578,0.6430000000000009,0.5003891050583665,285403400.0,360393977.0,腾讯日K,2026-08-07T17:30:13,20260926T093659
512800,华宝银行ETF,SSE,2024-09-25,1.3,1.33,1.295,1.31,0.650000000000001,0.665000000000001,0.647500000000001,0.655000000000001,0.5000000000000008,275863500.0,362822701.0,腾讯日K,2026-08-07T17:30:13,20260926T093659
512800,华宝银行ETF,SSE,2024-09-26,1.308,1.36,1.305,1.359,0.6544812362030915,0.6805003679175875,0.652980132450332,0.680000000000001,0.5003679175864614,260010200.0,346084713.0,腾讯日K,2026-08-07T17:30:13,20260926T093659
512800,华宝银行ETF,SSE,2024-09-27,1.369,1.389,1.325,1.378,0.6845000000000011,0.6945000000000011,0.662500000000001,0.6890000000000011,0.5000000000000008,155308000.0,210381908.0,腾讯日K,2026-08-07T17:30:13,20260926T093659
512800,华宝银行ETF,SSE,2024-09-30,1.385,1.428,1.347,1.414,0.6925000000000011,0.7140000000000011,0.673500000000001,0.7070000000000011,0.5000000000000008,683606000.0,949865495.0,腾讯日K,2026-08-07T17:30:13,20260926T093659
512800,华宝银行ETF,SSE,2024-10-08,1.533,1.555,1.4,1.46,0.7665000000000012,0.7775000000000012,0.7000000000000011,0.7300000000000011,0.5000000000000008,686689500.0,1011260301.0,腾讯日K,2026-08-07T17:30:13,20260926T093659
512800,华宝银行ETF,SSE,2024-10-09,1.429,1.43,1.352,1.354,0.7145000000000011,0.7150000000000011,0.676000000000001,0.6770000000000012,0.5000000000000008,333492000.0,464965302.0,腾讯日K,2026-08-07T17:30:13,20260926T093659
512800,华宝银行ETF,SSE,2024-10-10,1.354,1.441,1.354,1.412,0.677000000000001,0.7205000000000011,0.677000000000001,0.7060000000000011,0.5000000000000008,363744300.0,512690806.0,腾讯日K,2026-08-07T17:30:13,20260926T093659
512800,华宝银行ETF,SSE,2024-10-11,1.41,1.435,1.387,1.396,0.7050000000000012,0.7175000000000012,0.6935000000000012,0.6980000000000012,0.5000000000000009,303543700.0,428463109.0,腾讯日K,2026-08-07T17:30:13,20260926T093659
512800,华宝银行ETF,SSE,2024-10-14,1.417,1.458,1.417,1.446,0.7085000000000012,0.7290000000000013,0.7085000000000012,0.7230000000000012,0.5000000000000009,574894900.0,828558387.0,腾讯日K,2026-08-07T17:30:13,20260926T093659
512800,华宝银行ETF,SSE,2024-10-15,1.441,1.458,1.41,1.412,0.7205000000000014,0.7290000000000013,0.7050000000000012,0.7060000000000012,0.5000000000000009,311506300.0,447803580.0,腾讯日K,2026-08-07T17:30:13,20260926T093659
512800,华宝银行ETF,SSE,2024-10-16,1.404,1.454,1.401,1.452,0.7020000000000012,0.7270000000000013,0.7005000000000012,0.7260000000000013,0.5000000000000009,363470900.0,523524870.0,腾讯日K,2026-08-07T17:30:13,20260926T093659
512800,华宝银行ETF,SSE,2024-10-17,1.452,1.463,1.428,1.431,0.7265073375262068,0.7320111809923144,0.7144989517819719,0.7160000000000013,0.5003494060097843,306153900.0,442353960.0,腾讯日K,2026-08-07T17:30:13,20260926T093659
512800,华宝银行ETF,SSE,2024-10-18,1.431,1.448,1.404,1.439,0.7159972202918706,0.7245031271716482,0.7024878387769296,0.7200000000000013,0.5003474635163316,403832800.0,576551842.0,腾讯日K,2026-08-07T17:30:13,20260926T093659
512800,华宝银行ETF,SSE,2024-10-21,1.432,1.433,1.405,1.419,0.7165045806906285,0.7170049330514461,0.7029950669485566,0.7100000000000013,0.500352360817478,409234800.0,578164487.0,腾讯日K,2026-08-07T17:30:13,20260926T093659
512800,华宝银行ETF,SSE,2024-10-22,1.414,1.428,1.408,1.416,0.7070000000000012,0.7140000000000012,0.7040000000000012,0.7080000000000013,0.5000000000000009,234237600.0,331491244.0,腾讯日K,2026-08-07T17:30:13,20260926T093659
512800,华宝银行ETF,SSE,2024-10-23,1.416,1.425,1.412,1.422,0.7080000000000012,0.7125000000000012,0.7060000000000012,0.7110000000000013,0.5000000000000009,263501500.0,374183133.0,腾讯日K,2026-08-07T17:30:13,20260926T093659
512800,华宝银行ETF,SSE,2024-10-24,1.42,1.429,1.414,1.417,0.7105010585744542,0.7150042342978136,0.7074989414255481,0.7090000000000013,0.5003528581510241,228553000.0,324529502.0,腾讯日K,2026-08-07T17:30:13,20260926T093659
512800,华宝银行ETF,SSE,2024-10-25,1.415,1.419,1.405,1.411,0.7080014174344448,0.7100028348688885,0.7029978738483357,0.7060000000000012,0.500354358610915,214712000.0,302964518.0,腾讯日K,2026-08-07T17:30:13,20260926T093659
512800,华宝银行ETF,SSE,2024-10-28,1.406,1.406,1.389,1.398,0.7030000000000014,0.7030000000000014,0.6945000000000014,0.6990000000000013,0.500000000000001,209854900.0,292599569.0,腾讯日K,2026-08-07T17:30:13,20260926T093659
512800,华宝银行ETF,SSE,2024-10-29,1.398,1.414,1.394,1.397,0.699500357909808,0.7075060844667157,0.6974989262705811,0.6990000000000013,0.5003579098067297,266593200.0,373974244.0,腾讯日K,2026-08-07T17:30:13,20260926T093659
512800,华宝银行ETF,SSE,2024-10-30,1.396,1.405,1.375,1.381,0.6985054308472134,0.7030086893555407,0.6879978276611164,0.6910000000000013,0.5003620564808119,224619400.0,311532452.0,腾讯日K,2026-08-07T17:30:13,20260926T093659
512800,华宝银行ETF,SSE,2024-10-31,1.378,1.388,1.362,1.372,0.6890000000000012,0.6940000000000012,0.6810000000000013,0.6860000000000013,0.5000000000000009,264240800.0,362788334.0,腾讯日K,2026-08-07T17:30:13,20260926T093659
512800,华宝银行ETF,SSE,2024-11-01,1.37,1.399,1.37,1.391,0.6854924514737611,0.7000028756290451,0.6854924514737611,0.6960000000000012,0.5003594536304825,337808200.0,469009265.0,腾讯日K,2026-08-07T17:30:13,20260926T093659
512800,华宝银行ETF,SSE,2024-11-04,1.391,1.399,1.369,1.398,0.6955000000000015,0.6995000000000015,0.6845000000000013,0.6990000000000013,0.500000000000001,232267800.0,321478001.0,腾讯日K,2026-08-07T17:30:13,20260926T093659
512800,华宝银行ETF,SSE,2024-11-05,1.393,1.41,1.39,1.409,0.6969943222143375,0.705500354861605,0.6954932576295255,0.7050000000000012,0.5003548616039752,293314200.0,411231488.0,腾讯日K,2026-08-07T17:30:13,20260926T093659
512800,华宝银行ETF,SSE,2024-11-06,1.407,1.408,1.391,1.399,0.7040028591851334,0.7045032165832749,0.6959971408148689,0.7000000000000012,0.5003573981415305,319906200.0,447190802.0,腾讯日K,2026-08-07T17:30:13,20260926T093659
512800,华宝银行ETF,SSE,2024-11-07,1.395,1.43,1.392,1.429,0.6979881035689305,0.7155003498950326,0.696487053883836,0.7150000000000012,0.5003498950314914,379306900.0,534760627.0,腾讯日K,2026-08-07T17:30:13,20260926T093659
512800,华宝银行ETF,SSE,2024-11-08,1.429,1.433,1.403,1.409,0.7150070972320807,0.7170085166784965,0.7019978708303772,0.7050000000000011,0.5003548616039752,375666700.0,530864001.0,腾讯日K,2026-08-07T17:30:13,20260926T093659
512800,华宝银行ETF,SSE,2024-11-11,1.401,1.401,1.38,1.387,0.7010050468637358,0.7010050468637358,0.6904974765681337,0.6940000000000011,0.5003604902667635,255244300.0,353771449.0,腾讯日K,2026-08-07T17:30:13,20260926T093659
512800,华宝银行ETF,SSE,2024-11-12,1.386,1.401,1.371,1.375,0.6935040000000009,0.7010094545454555,0.6859985454545463,0.6880000000000009,0.500363636363637,301359100.0,417452979.0,腾讯日K,2026-08-07T17:30:13,20260926T093659
512800,华宝银行ETF,SSE,2024-11-13,1.372,1.387,1.371,1.382,0.6860000000000012,0.6935000000000011,0.6855000000000011,0.691000000000001,0.5000000000000008,252620500.0,348771911.0,腾讯日K,2026-08-07T17:30:13,20260926T093659
512800,华宝银行ETF,SSE,2024-11-14,1.381,1.397,1.375,1.386,0.6905000000000009,0.6985000000000009,0.6875000000000009,0.693000000000001,0.5000000000000007,347715100.0,483414161.0,腾讯日K,2026-08-07T17:30:13,20260926T093659
512800,华宝银行ETF,SSE,2024-11-15,1.382,1.397,1.374,1.384,0.6910000000000011,0.6985000000000011,0.6870000000000012,0.692000000000001,0.5000000000000008,398496700.0,553167680.0,腾讯日K,2026-08-07T17:30:13,20260926T093659
512800,华宝银行ETF,SSE,2024-11-18,1.397,1.433,1.393,1.41,0.6985000000000009,0.716500000000001,0.6965000000000009,0.705000000000001,0.5000000000000007,523525600.0,740708435.0,腾讯日K,2026-08-07T17:30:13,20260926T093659
512800,华宝银行ETF,SSE,2024-11-19,1.409,1.425,1.387,1.405,0.7050014234875454,0.7130071174377234,0.6939935943060507,0.703000000000001,0.5003558718861216,343165700.0,482351336.0,腾讯日K,2026-08-07T17:30:13,20260926T093659
512800,华宝银行ETF,SSE,2024-11-20,1.401,1.408,1.394,1.399,0.7010007147962842,0.7045032165832749,0.6974982130092934,0.7000000000000011,0.5003573981415305,235813300.0,329812628.0,腾讯日K,2026-08-07T17:30:13,20260926T093659
512800,华宝银行ETF,SSE,2024-11-21,1.396,1.401,1.389,1.396,0.6980000000000011,0.7005000000000011,0.6945000000000011,0.6980000000000011,0.5000000000000008,280072800.0,390289792.0,腾讯日K,2026-08-07T17:30:13,20260926T093659
512800,华宝银行ETF,SSE,2024-11-22,1.394,1.399,1.363,1.365,0.6975106227106239,0.7000124542124555,0.6819992673992686,0.6830000000000012,0.5003663003663013,267394600.0,369041452.0,腾讯日K,2026-08-07T17:30:13,20260926T093659
512800,华宝银行ETF,SSE,2024-11-25,1.368,1.377,1.364,1.368,0.6840000000000012,0.6885000000000011,0.6820000000000012,0.684000000000001,0.5000000000000008,243545700.0,333658274.0,腾讯日K,2026-08-07T17:30:13,20260926T093659
512800,华宝银行ETF,SSE,2024-11-26,1.364,1.382,1.358,1.38,0.6820000000000012,0.6910000000000011,0.6790000000000012,0.690000000000001,0.5000000000000008,246991600.0,339319451.0,腾讯日K,2026-08-07T17:30:13,20260926T093659
512800,华宝银行ETF,SSE,2024-11-27,1.376,1.395,1.37,1.393,0.6884938980617381,0.6980007178750907,0.685491744436469,0.697000000000001,0.5003589375448678,281881200.0,390253068.0,腾讯日K,2026-08-07T17:30:13,20260926T093659
512800,华宝银行ETF,SSE,2024-11-28,1.391,1.399,1.385,1.392,0.6955000000000009,0.6995000000000009,0.6925000000000009,0.696000000000001,0.5000000000000007,180907900.0,251902815.0,腾讯日K,2026-08-07T17:30:13,20260926T093659
512800,华宝银行ETF,SSE,2024-11-29,1.393,1.409,1.389,1.394,0.6965000000000009,0.7045000000000009,0.6945000000000009,0.697000000000001,0.5000000000000007,252061400.0,352637186.0,腾讯日K,2026-08-07T17:30:13,20260926T093659
512800,华宝银行ETF,SSE,2024-12-02,1.393,1.395,1.38,1.387,0.6970021629416017,0.6980028839221352,0.6904974765681337,0.6940000000000011,0.5003604902667635,231380600.0,320673962.0,腾讯日K,2026-08-07T17:30:13,20260926T093659
512800,华宝银行ETF,SSE,2024-12-03,1.388,1.409,1.383,1.409,0.6944925479063174,0.705000000000001,0.6919907735982976,0.705000000000001,0.5003548616039751,321356100.0,449586785.0,腾讯日K,2026-08-07T17:30:13,20260926T093659
512800,华宝银行ETF,SSE,2024-12-04,1.405,1.416,1.394,1.408,0.7025000000000009,0.7080000000000009,0.6970000000000008,0.704000000000001,0.5000000000000007,292654700.0,411948847.0,腾讯日K,2026-08-07T17:30:13,20260926T093659
512800,华宝银行ETF,SSE,2024-12-05,1.406,1.416,1.403,1.408,0.7030000000000008,0.7080000000000009,0.7015000000000009,0.704000000000001,0.5000000000000007,199676200.0,281579864.0,腾讯日K,2026-08-07T17:30:13,20260926T093659
512800,华宝银行ETF,SSE,2024-12-06,1.406,1.432,1.406,1.423,0.7034940267041471,0.7165031623331001,0.7034940267041471,0.7120000000000011,0.5003513703443436,293688500.0,417414829.0,腾讯日K,2026-08-07T17:30:13,20260926T093659
512800,华宝银行ETF,SSE,2024-12-09,1.42,1.435,1.414,1.429,0.7104968509447178,0.7180020993701902,0.7074947515745288,0.7150000000000012,0.5003498950314914,244998100.0,349600169.0,腾讯日K,2026-08-07T17:30:13,20260926T093659
512800,华宝银行ETF,SSE,2024-12-10,1.444,1.46,1.433,1.443,0.7225003465003477,0.7305058905058918,0.7169965349965363,0.7220000000000012,0.5003465003465012,335664900.0,484722167.0,腾讯日K,2026-08-07T17:30:13,20260926T093659
512800,华宝银行ETF,SSE,2024-12-11,1.441,1.449,1.427,1.429,0.7210041987403791,0.7250069979006311,0.7139993002099383,0.7150000000000013,0.5003498950314914,226539300.0,324542401.0,腾讯日K,2026-08-07T17:30:13,20260926T093659
512800,华宝银行ETF,SSE,2024-12-12,1.428,1.447,1.425,1.447,0.7144934346924684,0.7240000000000013,0.7129923980649633,0.7240000000000013,0.5003455425017286,255015100.0,366860995.0,腾讯日K,2026-08-07T17:30:13,20260926T093659
512800,华宝银行ETF,SSE,2024-12-13,1.437,1.44,1.415,1.416,0.7185000000000012,0.7200000000000013,0.7075000000000012,0.7080000000000012,0.5000000000000009,266876400.0,380419701.0,腾讯日K,2026-08-07T17:30:13,20260926T093659
512800,华宝银行ETF,SSE,2024-12-16,1.414,1.439,1.414,1.429,0.7074947515745288,0.7200034989503161,0.7074947515745288,0.7150000000000013,0.5003498950314914,222403000.0,317971723.0,腾讯日K,2026-08-07T17:30:13,20260926T093659
512800,华宝银行ETF,SSE,2024-12-17,1.427,1.439,1.425,1.428,0.7135000000000012,0.7195000000000014,0.7125000000000012,0.7140000000000012,0.5000000000000009,221052100.0,316397718.0,腾讯日K,2026-08-07T17:30:13,20260926T093659
512800,华宝银行ETF,SSE,2024-12-18,1.435,1.455,1.431,1.446,0.7175000000000012,0.7275000000000014,0.7155000000000012,0.7230000000000012,0.5000000000000009,260978700.0,377284443.0,腾讯日K,2026-08-07T17:30:13,20260926T093659
512800,华宝银行ETF,SSE,2024-12-19,1.44,1.447,1.426,1.431,0.7205031446540894,0.7240055904961579,0.7134982529699524,0.7160000000000013,0.5003494060097843,262925700.0,376805986.0,腾讯日K,2026-08-07T17:30:13,20260926T093659
512800,华宝银行ETF,SSE,2024-12-20,1.429,1.439,1.425,1.428,0.7145000000000012,0.7195000000000014,0.7125000000000012,0.7140000000000012,0.5000000000000009,238697100.0,341720888.0,腾讯日K,2026-08-07T17:30:13,20260926T093659
512800,华宝银行ETF,SSE,2024-12-23,1.427,1.462,1.427,1.453,0.713991052993807,0.7315030970406068,0.713991052993807,0.7270000000000012,0.5003441156228501,387832200.0,562631720.0,腾讯日K,2026-08-07T17:30:13,20260926T093659
512800,华宝银行ETF,SSE,2024-12-24,1.451,1.473,1.448,1.471,0.7259932019034683,0.7370006798096546,0.7244921821889883,0.7360000000000013,0.5003399048266494,324844200.0,475597464.0,腾讯日K,2026-08-07T17:30:13,20260926T093659
512800,华宝银行ETF,SSE,2024-12-25,1.47,1.496,1.47,1.488,0.7350000000000013,0.7480000000000013,0.7350000000000013,0.7440000000000013,0.5000000000000009,473601600.0,703072095.0,腾讯日K,2026-08-07T17:30:13,20260926T093659
512800,华宝银行ETF,SSE,2024-12-26,1.485,1.49,1.467,1.487,0.742999327505045,0.7455010087424356,0.7339932750504384,0.7440000000000013,0.5003362474781448,269668500.0,398523959.0,腾讯日K,2026-08-07T17:30:13,20260926T093659
512800,华宝银行ETF,SSE,2024-12-27,1.482,1.489,1.455,1.483,0.7414996628455847,0.7450020229265018,0.7279905596763331,0.7420000000000013,0.5003371544167238,508023500.0,748562387.0,腾讯日K,2026-08-07T17:30:13,20260926T093659
512800,华宝银行ETF,SSE,2024-12-30,1.477,1.505,1.477,1.502,0.7385000000000014,0.7525000000000013,0.7385000000000014,0.7510000000000013,0.5000000000000009,579206100.0,865476092.0,腾讯日K,2026-08-07T17:30:13,20260926T093659
512800,华宝银行ETF,SSE,2024-12-31,1.501,1.512,1.483,1.485,0.7510053872053885,0.7565090909090922,0.7419993265993279,0.7430000000000013,0.5003367003367012,521317500.0,781041242.0,腾讯日K,2026-08-07T17:30:13,20260926T093659
512800,华宝银行ETF,SSE,2025-01-02,1.485,1.495,1.444,1.451,0.7430117160578923,0.748015161957272,0.7224975878704353,0.7260000000000012,0.5003445899379746,471052600.0,691397697.0,腾讯日K,2026-08-07T17:30:13,20260926T093659
512800,华宝银行ETF,SSE,2025-01-03,1.451,1.463,1.435,1.442,0.7255000000000011,0.7315000000000011,0.7175000000000011,0.7210000000000011,0.5000000000000008,461902100.0,667865211.0,腾讯日K,2026-08-07T17:30:13,20260926T093659
512800,华宝银行ETF,SSE,2025-01-06,1.444,1.455,1.418,1.455,0.7224962199312726,0.7280000000000012,0.7094872852233688,0.7280000000000011,0.5003436426116846,384734600.0,555192914.0,腾讯日K,2026-08-07T17:30:13,20260926T093659
512800,华宝银行ETF,SSE,2025-01-07,1.449,1.465,1.442,1.464,0.724500000000001,0.732500000000001,0.721000000000001,0.732000000000001,0.5000000000000007,379572900.0,551835718.0,腾讯日K,2026-08-07T17:30:13,20260926T093659
512800,华宝银行ETF,SSE,2025-01-08,1.46,1.483,1.459,1.475,0.7304949152542383,0.7420027118644078,0.7299945762711875,0.738000000000001,0.5003389830508481,357280300.0,526016001.0,腾讯日K,2026-08-07T17:30:13,20260926T093659
512800,华宝银行ETF,SSE,2025-01-09,1.476,1.476,1.455,1.465,0.7385037542662127,0.7385037542662127,0.7279965870307179,0.7330000000000011,0.5003412969283284,268444900.0,393284173.0,腾讯日K,2026-08-07T17:30:13,20260926T093659
512800,华宝银行ETF,SSE,2025-01-10,1.464,1.471,1.444,1.456,0.7320000000000011,0.7355000000000012,0.7220000000000011,0.7280000000000011,0.5000000000000008,295374800.0,430509060.0,腾讯日K,2026-08-07T17:30:13,20260926T093659
512800,华宝银行ETF,SSE,2025-01-13,1.45,1.453,1.425,1.436,0.7250000000000011,0.7265000000000011,0.7125000000000011,0.7180000000000011,0.5000000000000008,311093800.0,447792637.0,腾讯日K,2026-08-07T17:30:13,20260926T093659
512800,华宝银行ETF,SSE,2025-01-14,1.439,1.463,1.435,1.459,0.7199931459904054,0.7320013708019202,0.7179917751884862,0.7300000000000011,0.5003427004797814,317062100.0,460429113.0,腾讯日K,2026-08-07T17:30:13,20260926T093659
512800,华宝银行ETF,SSE,2025-01-15,1.458,1.49,1.457,1.471,0.7294955812372548,0.7455064581917076,0.7289952413324282,0.7360000000000012,0.5003399048266494,316510000.0,466743793.0,腾讯日K,2026-08-07T17:30:13,20260926T093659
512800,华宝银行ETF,SSE,2025-01-16,1.475,1.487,1.466,1.485,0.7379966329966341,0.7440006734006746,0.7334936026936038,0.7430000000000012,0.5003367003367011,347402500.0,514126878.0,腾讯日K,2026-08-07T17:30:13,20260926T093659
512800,华宝银行ETF,SSE,2025-01-17,1.481,1.488,1.468,1.477,0.7410013540961421,0.7445037237643884,0.7344969532836843,0.7390000000000012,0.5003385240352073,230936700.0,341253521.0,腾讯日K,2026-08-07T17:30:13,20260926T093659
512800,华宝银行ETF,SSE,2025-01-20,1.479,1.485,1.469,1.471,0.7400027192386145,0.7430047586675743,0.734999320190348,0.7360000000000012,0.5003399048266494,295535600.0,435948234.0,腾讯日K,2026-08-07T17:30:13,20260926T093659
512800,华宝银行ETF,SSE,2025-01-21,1.473,1.479,1.462,1.471,0.7370006798096546,0.7400027192386145,0.7314969408565614,0.7360000000000012,0.5003399048266494,196593600.0,289317391.0,腾讯日K,2026-08-07T17:30:13,20260926T093659
512800,华宝银行ETF,SSE,2025-01-22,1.471,1.471,1.44,1.443,0.7360097020097032,0.7360097020097032,0.7204989604989616,0.7220000000000011,0.5003465003465011,290274900.0,420423280.0,腾讯日K,2026-08-07T17:30:13,20260926T093659
512800,华宝银行ETF,SSE,2025-01-23,1.451,1.485,1.45,1.479,0.7259905341446934,0.743002028397567,0.7254901960784323,0.7400000000000011,0.5003380662609879,372047500.0,547681849.0,腾讯日K,2026-08-07T17:30:13,20260926T093659
512800,华宝银行ETF,SSE,2025-01-24,1.482,1.49,1.459,1.483,0.7414996628455844,0.7455023600809183,0.7299919082939998,0.7420000000000012,0.5003371544167237,318919700.0,471689090.0,腾讯日K,2026-08-07T17:30:13,20260926T093659
512800,华宝银行ETF,SSE,2025-01-27,1.484,1.509,1.484,1.503,0.7424936793080518,0.7550019960079851,0.7424936793080518,0.7520000000000011,0.5003326679973394,270671300.0,406467711.0,腾讯日K,2026-08-07T17:30:13,20260926T093659
512800,华宝银行ETF,SSE,2025-02-05,1.503,1.507,1.477,1.48,0.751500000000001,0.753500000000001,0.738500000000001,0.740000000000001,0.5000000000000007,252675600.0,375028482.0,腾讯日K,2026-08-07T17:30:13,20260926T093659
512800,华宝银行ETF,SSE,2025-02-06,1.48,1.491,1.468,1.48,0.740000000000001,0.745500000000001,0.734000000000001,0.740000000000001,0.5000000000000007,260270600.0,384654129.0,腾讯日K,2026-08-07T17:30:13,20260926T093659
512800,华宝银行ETF,SSE,2025-02-07,1.479,1.479,1.47,1.475,0.7400013559322044,0.7400013559322044,0.7354983050847467,0.738000000000001,0.5003389830508481,553747400.0,816533703.0,腾讯日K,2026-08-07T17:30:13,20260926T093659
512800,华宝银行ETF,SSE,2025-02-10,1.471,1.488,1.466,1.477,0.7359979688557898,0.7445037237643882,0.7334962762356138,0.739000000000001,0.5003385240352072,363557600.0,537383654.0,腾讯日K,2026-08-07T17:30:13,20260926T093659
512800,华宝银行ETF,SSE,2025-02-11,1.476,1.49,1.475,1.49,0.7380000000000011,0.7450000000000011,0.7375000000000012,0.7450000000000011,0.5000000000000008,256052000.0,380479190.0,腾讯日K,2026-08-07T17:30:13,20260926T093659
512800,华宝银行ETF,SSE,2025-02-12,1.488,1.502,1.48,1.5,0.7440000000000011,0.7510000000000012,0.7400000000000011,0.7500000000000011,0.5000000000000008,350573200.0,522923592.0,腾讯日K,2026-08-07T17:30:13,20260926T093659
512800,华宝银行ETF,SSE,2025-02-13,1.498,1.508,1.496,1.502,0.7490000000000011,0.7540000000000012,0.7480000000000011,0.7510000000000012,0.5000000000000008,295571800.0,444400558.0,腾讯日K,2026-08-07T17:30:13,20260926T093659
512800,华宝银行ETF,SSE,2025-02-14,1.502,1.509,1.495,1.509,0.7514976805831688,0.755000000000001,0.7479953611663365,0.7550000000000011,0.5003313452617635,222872700.0,334658295.0,腾讯日K,2026-08-07T17:30:13,20260926T093659
512800,华宝银行ETF,SSE,2025-02-17,1.51,1.51,1.494,1.506,0.7550000000000012,0.7550000000000012,0.7470000000000011,0.7530000000000011,0.5000000000000008,263615200.0,395380571.0,腾讯日K,2026-08-07T17:30:13,20260926T093659
512800,华宝银行ETF,SSE,2025-02-18,1.502,1.529,1.499,1.522,0.7510000000000012,0.7645000000000012,0.7495000000000012,0.7610000000000011,0.5000000000000008,397669900.0,603834814.0,腾讯日K,2026-08-07T17:30:13,20260926T093659
512800,华宝银行ETF,SSE,2025-02-19,1.517,1.523,1.511,1.514,0.758500000000001,0.761500000000001,0.755500000000001,0.757000000000001,0.5000000000000007,302614600.0,458790961.0,腾讯日K,2026-08-07T17:30:13,20260926T093659
512800,华宝银行ETF,SSE,2025-02-20,1.51,1.517,1.506,1.515,0.7554983498349844,0.7590006600660074,0.7534970297029712,0.7580000000000009,0.5003300330033009,315170100.0,476323819.0,腾讯日K,2026-08-07T17:30:13,20260926T093659
512800,华宝银行ETF,SSE,2025-02-21,1.513,1.514,1.49,1.494,0.7565000000000008,0.7570000000000009,0.7450000000000008,0.7470000000000009,0.5000000000000006,612727900.0,916624605.0,腾讯日K,2026-08-07T17:30:13,20260926T093659
512800,华宝银行ETF,SSE,2025-02-24,1.49,1.494,1.48,1.481,0.7455030384875092,0.7475043889264018,0.7404996623902776,0.7410000000000009,0.5003376097231605,402730600.0,597828417.0,腾讯日K,2026-08-07T17:30:13,20260926T093659
512800,华宝银行ETF,SSE,2025-02-25,1.484,1.486,1.466,1.47,0.742000000000001,0.743000000000001,0.733000000000001,0.735000000000001,0.5000000000000007,334696100.0,493521263.0,腾讯日K,2026-08-07T17:30:13,20260926T093659
512800,华宝银行ETF,SSE,2025-02-26,1.47,1.488,1.47,1.478,0.7350000000000008,0.7440000000000008,0.7350000000000008,0.7390000000000009,0.5000000000000006,468647700.0,693769509.0,腾讯日K,2026-08-07T17:30:13,20260926T093659
512800,华宝银行ETF,SSE,2025-02-27,1.479,1.497,1.469,1.497,0.7399939879759528,0.7490000000000009,0.7349906479625927,0.7490000000000009,0.5003340013360059,463364000.0,688422499.0,腾讯日K,2026-08-07T17:30:13,20260926T093659
512800,华宝银行ETF,SSE,2025-02-28,1.493,1.504,1.488,1.489,0.7470013431833455,0.752505036937543,0.7444996642041649,0.745000000000001,0.5003357958361323,415262600.0,620969129.0,腾讯日K,2026-08-07T17:30:13,20260926T093659
512800,华宝银行ETF,SSE,2025-03-03,1.489,1.494,1.476,1.486,0.7445000000000012,0.7470000000000011,0.7380000000000011,0.7430000000000011,0.5000000000000008,424951100.0,630941856.0,腾讯日K,2026-08-07T17:30:13,20260926T093659
512800,华宝银行ETF,SSE,2025-03-04,1.482,1.492,1.48,1.485,0.741498989898991,0.746502356902358,0.7404983164983175,0.7430000000000011,0.5003367003367011,323111200.0,480421225.0,腾讯日K,2026-08-07T17:30:13,20260926T093659
512800,华宝银行ETF,SSE,2025-03-05,1.483,1.51,1.48,1.509,0.7419913850231953,0.7555003313452628,0.74049039098741,0.7550000000000011,0.5003313452617635,490892300.0,736924835.0,腾讯日K,2026-08-07T17:30:13,20260926T093659
512800,华宝银行ETF,SSE,2025-03-06,1.508,1.508,1.493,1.502,0.7540000000000012,0.7540000000000012,0.7465000000000012,0.7510000000000012,0.5000000000000008,333706900.0,500651107.0,腾讯日K,2026-08-07T17:30:13,20260926T093659
512800,华宝银行ETF,SSE,2025-03-07,1.498,1.509,1.495,1.502,0.7490000000000011,0.7545000000000012,0.7475000000000012,0.7510000000000012,0.5000000000000008,321626100.0,482984126.0,腾讯日K,2026-08-07T17:30:13,20260926T093659
512800,华宝银行ETF,SSE,2025-03-10,1.5,1.501,1.486,1.49,0.7500000000000011,0.7505000000000012,0.7430000000000011,0.7450000000000012,0.5000000000000008,200752200.0,299117013.0,腾讯日K,2026-08-07T17:30:13,20260926T093659
512800,华宝银行ETF,SSE,2025-03-11,1.485,1.499,1.482,1.498,0.7425000000000012,0.7495000000000012,0.7410000000000011,0.7490000000000011,0.5000000000000008,235614200.0,351274336.0,腾讯日K,2026-08-07T17:30:13,20260926T093659
512800,华宝银行ETF,SSE,2025-03-12,1.496,1.502,1.489,1.497,0.748499665998665,0.7515016700066811,0.7449973279893131,0.7490000000000011,0.500334001336006,211728900.0,316746995.0,腾讯日K,2026-08-07T17:30:13,20260926T093659
512800,华宝银行ETF,SSE,2025-03-13,1.499,1.509,1.496,1.502,0.7495000000000012,0.7545000000000012,0.7480000000000011,0.7510000000000012,0.5000000000000008,220195000.0,331104175.0,腾讯日K,2026-08-07T17:30:13,20260926T093659
512800,华宝银行ETF,SSE,2025-03-14,1.502,1.529,1.501,1.522,0.7510000000000012,0.7645000000000012,0.7505000000000012,0.7610000000000012,0.5000000000000008,421338900.0,640532669.0,腾讯日K,2026-08-07T17:30:13,20260926T093659
512800,华宝银行ETF,SSE,2025-03-17,1.523,1.533,1.518,1.527,0.7619986902423065,0.7670019646365436,0.759497053045188,0.7640000000000012,0.5003274394237075,161452500.0,246528123.0,腾讯日K,2026-08-07T17:30:13,20260926T093659
512800,华宝银行ETF,SSE,2025-03-18,1.529,1.53,1.521,1.524,0.7645000000000012,0.7650000000000012,0.7605000000000012,0.7620000000000012,0.5000000000000008,115276400.0,175890918.0,腾讯日K,2026-08-07T17:30:13,20260926T093659
512800,华宝银行ETF,SSE,2025-03-19,1.524,1.547,1.524,1.547,0.7624925662572734,0.7740000000000011,0.7624925662572734,0.7740000000000012,0.5003232062055599,198011600.0,304421974.0,腾讯日K,2026-08-07T17:30:13,20260926T093659
512800,华宝银行ETF,SSE,2025-03-20,1.546,1.55,1.532,1.537,0.7735029277813937,0.7755042290175681,0.7664983734547834,0.7690000000000013,0.5003253090435923,207229700.0,318619401.0,腾讯日K,2026-08-07T17:30:13,20260926T093659
512800,华宝银行ETF,SSE,2025-03-21,1.534,1.54,1.516,1.518,0.7670000000000013,0.7700000000000014,0.7580000000000013,0.7590000000000013,0.5000000000000009,192391100.0,293912898.0,腾讯日K,2026-08-07T17:30:13,20260926T093659
512800,华宝银行ETF,SSE,2025-03-24,1.518,1.535,1.517,1.532,0.7590000000000012,0.7675000000000012,0.7585000000000012,0.7660000000000012,0.5000000000000008,297331000.0,454429856.0,腾讯日K,2026-08-07T17:30:13,20260926T093659
512800,华宝银行ETF,SSE,2025-03-25,1.531,1.542,1.53,1.54,0.7655000000000013,0.7710000000000014,0.7650000000000013,0.7700000000000014,0.5000000000000009,221226500.0,340017707.0,腾讯日K,2026-08-07T17:30:13,20260926T093659
512800,华宝银行ETF,SSE,2025-03-26,1.535,1.536,1.514,1.517,0.7680059327620317,0.7685062623599223,0.7574990112063297,0.7590000000000013,0.5003295978905744,460363800.0,700397174.0,腾讯日K,2026-08-07T17:30:13,20260926T093659
512800,华宝银行ETF,SSE,2025-03-27,1.516,1.53,1.513,1.523,0.758497701904138,0.7655022980958649,0.7569967170059108,0.7620000000000013,0.500328299409062,210520100.0,320971099.0,腾讯日K,2026-08-07T17:30:13,20260926T093659
512800,华宝银行ETF,SSE,2025-03-28,1.523,1.525,1.515,1.519,0.7620013166556959,0.7630019749835432,0.7579986833443069,0.7600000000000013,0.5003291639236349,160336400.0,243511778.0,腾讯日K,2026-08-07T17:30:13,20260926T093659
512800,华宝银行ETF,SSE,2025-03-31,1.53,1.534,1.506,1.524,0.7650000000000012,0.7670000000000012,0.7530000000000012,0.7620000000000012,0.5000000000000008,337697200.0,514404690.0,腾讯日K,2026-08-07T17:30:13,20260926T093659
512800,华宝银行ETF,SSE,2025-04-01,1.52,1.525,1.507,1.515,0.7605016501650177,0.7630033003300342,0.7539973597359748,0.7580000000000011,0.5003300330033011,343171000.0,519307952.0,腾讯日K,2026-08-07T17:30:13,20260926T093659
512800,华宝银行ETF,SSE,2025-04-02,1.513,1.532,1.512,1.528,0.7565000000000012,0.7660000000000012,0.7560000000000012,0.7640000000000011,0.5000000000000008,273448400.0,417096023.0,腾讯日K,2026-08-07T17:30:13,20260926T093659
512800,华宝银行ETF,SSE,2025-04-03,1.522,1.535,1.518,1.533,0.7614964122635366,0.7680006523157218,0.759495107632095,0.767000000000001,0.5003261578604051,255444800.0,390208824.0,腾讯日K,2026-08-07T17:30:13,20260926T093659
512800,华宝银行ETF,SSE,2025-04-07,1.51,1.512,1.423,1.485,0.7555084175084185,0.7565090909090919,0.7119791245791255,0.743000000000001,0.500336700336701,530264100.0,777352343.0,腾讯日K,2026-08-07T17:30:13,20260926T093659
512800,华宝银行ETF,SSE,2025-04-08,1.469,1.487,1.458,1.485,0.7349946127946138,0.7440006734006744,0.72949090909091,0.743000000000001,0.500336700336701,336251600.0,494544622.0,腾讯日K,2026-08-07T17:30:13,20260926T093659
512800,华宝银行ETF,SSE,2025-04-09,1.471,1.484,1.46,1.472,0.7355000000000008,0.7420000000000008,0.7300000000000008,0.7360000000000009,0.5000000000000006,425481400.0,625716230.0,腾讯日K,2026-08-07T17:30:13,20260926T093659
512800,华宝银行ETF,SSE,2025-04-10,1.472,1.488,1.47,1.484,0.7360000000000008,0.7440000000000008,0.7350000000000008,0.7420000000000009,0.5000000000000006,297824600.0,440907976.0,腾讯日K,2026-08-07T17:30:13,20260926T093659
512800,华宝银行ETF,SSE,2025-04-11,1.478,1.488,1.472,1.488,0.7390000000000008,0.7440000000000008,0.7360000000000008,0.7440000000000008,0.5000000000000006,201210400.0,297576213.0,腾讯日K,2026-08-07T17:30:13,20260926T093659
512800,华宝银行ETF,SSE,2025-04-14,1.486,1.5,1.485,1.496,0.7430000000000008,0.7500000000000009,0.7425000000000008,0.7480000000000008,0.5000000000000006,258432600.0,386063684.0,腾讯日K,2026-08-07T17:30:13,20260926T093659
512800,华宝银行ETF,SSE,2025-04-15,1.495,1.519,1.492,1.518,0.7475000000000008,0.7595000000000008,0.7460000000000008,0.7590000000000008,0.5000000000000006,226345200.0,341519794.0,腾讯日K,2026-08-07T17:30:13,20260926T093659
512800,华宝银行ETF,SSE,2025-04-16,1.517,1.535,1.512,1.532,0.7585000000000006,0.7675000000000006,0.7560000000000007,0.7660000000000007,0.5000000000000004,216327600.0,329055315.0,腾讯日K,2026-08-07T17:30:13,20260926T093659
512800,华宝银行ETF,SSE,2025-04-17,1.528,1.536,1.515,1.533,0.7644983692106987,0.768500978473582,0.7579941291585134,0.7670000000000007,0.5003261578604049,178333400.0,272501820.0,腾讯日K,2026-08-07T17:30:13,20260926T093659
512800,华宝银行ETF,SSE,2025-04-18,1.53,1.55,1.53,1.548,0.7650000000000007,0.7750000000000007,0.7650000000000007,0.7740000000000007,0.5000000000000004,200467100.0,309171228.0,腾讯日K,2026-08-07T17:30:13,20260926T093659
512800,华宝银行ETF,SSE,2025-04-21,1.546,1.561,1.527,1.528,0.7730000000000007,0.7805000000000006,0.7635000000000006,0.7640000000000007,0.5000000000000004,317760300.0,489588339.0,腾讯日K,2026-08-07T17:30:13,20260926T093659
512800,华宝银行ETF,SSE,2025-04-22,1.528,1.542,1.528,1.541,0.7644957819597673,0.7715003244646343,0.7644957819597673,0.7710000000000008,0.5003244646333556,287048100.0,441080222.0,腾讯日K,2026-08-07T17:30:13,20260926T093659
512800,华宝银行ETF,SSE,2025-04-23,1.54,1.542,1.529,1.533,0.7705022831050238,0.7715029354207446,0.7649986953685592,0.7670000000000008,0.500326157860405,171853200.0,263661119.0,腾讯日K,2026-08-07T17:30:13,20260926T093659
512800,华宝银行ETF,SSE,2025-04-24,1.53,1.553,1.53,1.55,0.7650000000000009,0.7765000000000009,0.7650000000000009,0.7750000000000008,0.5000000000000006,213661100.0,330112913.0,腾讯日K,2026-08-07T17:30:13,20260926T093659
512800,华宝银行ETF,SSE,2025-04-25,1.551,1.557,1.536,1.545,0.7760019417475735,0.7790038834951464,0.7684970873786415,0.7730000000000008,0.5003236245954698,190016000.0,293344932.0,腾讯日K,2026-08-07T17:30:13,20260926T093659
512800,华宝银行ETF,SSE,2025-04-28,1.544,1.561,1.542,1.558,0.7720000000000009,0.7805000000000009,0.7710000000000009,0.7790000000000009,0.5000000000000006,203224600.0,315918620.0,腾讯日K,2026-08-07T17:30:13,20260926T093659
512800,华宝银行ETF,SSE,2025-04-29,1.556,1.565,1.55,1.554,0.7780000000000009,0.7825000000000009,0.7750000000000009,0.7770000000000009,0.5000000000000006,173733000.0,270082972.0,腾讯日K,2026-08-07T17:30:13,20260926T093659
512800,华宝银行ETF,SSE,2025-04-30,1.548,1.549,1.515,1.52,0.7740000000000009,0.7745000000000009,0.7575000000000008,0.7600000000000009,0.5000000000000006,405696100.0,617557223.0,腾讯日K,2026-08-07T17:30:13,20260926T093659
512800,华宝银行ETF,SSE,2025-05-06,1.522,1.525,1.508,1.519,0.7615009874917719,0.7630019749835427,0.754496379196841,0.7600000000000009,0.5003291639236346,260878800.0,395346864.0,腾讯日K,2026-08-07T17:30:13,20260926T093659
512800,华宝银行ETF,SSE,2025-05-07,1.525,1.543,1.519,1.542,0.7625000000000008,0.7715000000000009,0.7595000000000008,0.7710000000000009,0.5000000000000006,326631000.0,500527056.0,腾讯日K,2026-08-07T17:30:13,20260926T093659
512800,华宝银行ETF,SSE,2025-05-08,1.538,1.56,1.536,1.558,0.7690000000000009,0.7800000000000009,0.7680000000000009,0.7790000000000009,0.5000000000000006,275182200.0,427577413.0,腾讯日K,2026-08-07T17:30:13,20260926T093659
512800,华宝银行ETF,SSE,2025-05-09,1.556,1.581,1.555,1.577,0.7784933417882065,0.791001268230819,0.7779930247305019,0.789000000000001,0.5003170577045029,249361800.0,392512088.0,腾讯日K,2026-08-07T17:30:13,20260926T093659
512800,华宝银行ETF,SSE,2025-05-12,1.577,1.596,1.567,1.582,0.788500000000001,0.7980000000000012,0.783500000000001,0.791000000000001,0.5000000000000007,484819100.0,768579810.0,腾讯日K,2026-08-07T17:30:13,20260926T093659
512800,华宝银行ETF,SSE,2025-05-13,1.579,1.607,1.576,1.605,0.7899919003115274,0.8040006230529605,0.7884909657320882,0.803000000000001,0.5003115264797514,221603500.0,353303535.0,腾讯日K,2026-08-07T17:30:13,20260926T093659
512800,华宝银行ETF,SSE,2025-05-14,1.602,1.626,1.597,1.619,0.8014947498455848,0.81350216182829,0.7989932056825211,0.8100000000000009,0.5003088326127245,482788000.0,779719690.0,腾讯日K,2026-08-07T17:30:13,20260926T093659
512800,华宝银行ETF,SSE,2025-05-15,1.618,1.632,1.613,1.615,0.8095009287925706,0.8165052631578955,0.8069993808049544,0.8080000000000009,0.5003095975232204,411456800.0,666509801.0,腾讯日K,2026-08-07T17:30:13,20260926T093659
512800,华宝银行ETF,SSE,2025-05-16,1.613,1.619,1.591,1.601,0.8070037476577149,0.8100056214865718,0.7959968769519059,0.8010000000000009,0.5003123048094946,329441900.0,527443735.0,腾讯日K,2026-08-07T17:30:13,20260926T093659
512800,华宝银行ETF,SSE,2025-05-19,1.601,1.613,1.594,1.596,0.8005000000000009,0.8065000000000009,0.7970000000000009,0.7980000000000009,0.5000000000000006,367722500.0,588522492.0,腾讯日K,2026-08-07T17:30:13,20260926T093659
512800,华宝银行ETF,SSE,2025-05-20,1.599,1.614,1.595,1.601,0.7999993753903819,0.8075040599625244,0.797998126171144,0.8010000000000008,0.5003123048094946,206470600.0,331007667.0,腾讯日K,2026-08-07T17:30:13,20260926T093659
512800,华宝银行ETF,SSE,2025-05-21,1.602,1.618,1.595,1.612,0.8010000000000009,0.8090000000000009,0.7975000000000009,0.8060000000000009,0.5000000000000006,245102600.0,394566401.0,腾讯日K,2026-08-07T17:30:13,20260926T093659
512800,华宝银行ETF,SSE,2025-05-22,1.611,1.628,1.605,1.626,0.8055000000000009,0.8140000000000008,0.8025000000000009,0.8130000000000008,0.5000000000000006,315428800.0,511300711.0,腾讯日K,2026-08-07T17:30:13,20260926T093659
512800,华宝银行ETF,SSE,2025-05-23,1.629,1.633,1.608,1.61,0.8145000000000009,0.8165000000000009,0.8040000000000009,0.8050000000000009,0.5000000000000006,304173000.0,492534616.0,腾讯日K,2026-08-07T17:30:13,20260926T093659
512800,华宝银行ETF,SSE,2025-05-26,1.609,1.614,1.594,1.598,0.8045000000000007,0.8070000000000007,0.7970000000000007,0.7990000000000008,0.5000000000000004,295283500.0,473320050.0,腾讯日K,2026-08-07T17:30:13,20260926T093659
512800,华宝银行ETF,SSE,2025-05-27,1.602,1.615,1.6,1.607,0.8014984443061615,0.8080024891101439,0.8004978220286256,0.8040000000000009,0.500311138767891,217684400.0,349872844.0,腾讯日K,2026-08-07T17:30:13,20260926T093659
512800,华宝银行ETF,SSE,2025-05-28,1.608,1.614,1.594,1.605,0.8045009345794403,0.8075028037383188,0.7974965732087238,0.8030000000000009,0.5003115264797514,205633700.0,329839816.0,腾讯日K,2026-08-07T17:30:13,20260926T093659
512800,华宝银行ETF,SSE,2025-05-29,1.605,1.609,1.596,1.604,0.8025000000000007,0.8045000000000007,0.7980000000000007,0.8020000000000008,0.5000000000000004,215233600.0,344966300.0,腾讯日K,2026-08-07T17:30:13,20260926T093659
512800,华宝银行ETF,SSE,2025-05-30,1.602,1.618,1.6,1.615,0.8014959752321991,0.8095009287925706,0.8004953560371526,0.8080000000000009,0.5003095975232204,232382600.0,374499489.0,腾讯日K,2026-08-07T17:30:13,20260926T093659
512800,华宝银行ETF,SSE,2025-06-03,1.614,1.652,1.612,1.643,0.8074911746804635,0.8265027388922711,0.8064905660377367,0.8220000000000008,0.5003043213633602,328177200.0,537003051.0,腾讯日K,2026-08-07T17:30:13,20260926T093659
512800,华宝银行ETF,SSE,2025-06-04,1.643,1.651,1.635,1.645,0.8219993920972651,0.8260018237082074,0.817996960486323,0.8230000000000008,0.5003039513677816,223141800.0,366565203.0,腾讯日K,2026-08-07T17:30:13,20260926T093659
512800,华宝银行ETF,SSE,2025-06-05,1.642,1.651,1.632,1.633,0.8215027556644221,0.8260055113288435,0.816499693815065,0.8170000000000008,0.5003061849357017,298335400.0,488083102.0,腾讯日K,2026-08-07T17:30:13,20260926T093659
512800,华宝银行ETF,SSE,2025-06-06,1.635,1.646,1.632,1.638,0.8175000000000008,0.8230000000000007,0.8160000000000007,0.8190000000000007,0.5000000000000004,175429700.0,287406668.0,腾讯日K,2026-08-07T17:30:13,20260926T093659
512800,华宝银行ETF,SSE,2025-06-09,1.638,1.644,1.626,1.643,0.819498478393184,0.8225003043213641,0.8134948265368237,0.8220000000000008,0.5003043213633602,296640600.0,485988382.0,腾讯日K,2026-08-07T17:30:13,20260926T093659
512800,华宝银行ETF,SSE,2025-06-10,1.638,1.667,1.638,1.651,0.8194960629921267,0.8340048455481535,0.8194960629921267,0.8260000000000008,0.5003028467595402,360157600.0,595594373.0,腾讯日K,2026-08-07T17:30:13,20260926T093659
512800,华宝银行ETF,SSE,2025-06-11,1.648,1.663,1.647,1.657,0.8244972842486428,0.832001810500906,0.823996982498492,0.8290000000000008,0.5003017501508755,216734900.0,358675985.0,腾讯日K,2026-08-07T17:30:13,20260926T093659
512800,华宝银行ETF,SSE,2025-06-12,1.658,1.666,1.65,1.663,0.8294984966927247,0.8335009019843663,0.8254960914010832,0.8320000000000007,0.5003006614552019,283263900.0,470574456.0,腾讯日K,2026-08-07T17:30:13,20260926T093659
512800,华宝银行ETF,SSE,2025-06-13,1.661,1.667,1.644,1.65,0.8305000000000008,0.8335000000000008,0.8220000000000007,0.8250000000000007,0.5000000000000004,481047900.0,794027870.0,腾讯日K,2026-08-07T17:30:13,20260926T093659
512800,华宝银行ETF,SSE,2025-06-16,1.647,1.67,1.644,1.67,0.8235000000000008,0.8350000000000007,0.8220000000000007,0.8350000000000007,0.5000000000000004,220509400.0,365561460.0,腾讯日K,2026-08-07T17:30:13,20260926T093659
512800,华宝银行ETF,SSE,2025-06-17,1.669,1.677,1.664,1.666,0.8345000000000009,0.8385000000000009,0.8320000000000008,0.8330000000000009,0.5000000000000006,274373600.0,457836030.0,腾讯日K,2026-08-07T17:30:13,20260926T093659
512800,华宝银行ETF,SSE,2025-06-18,1.667,1.684,1.664,1.683,0.8339952465834828,0.8425002970885332,0.8324943553178856,0.8420000000000009,0.5002970885323832,226849900.0,379976535.0,腾讯日K,2026-08-07T17:30:13,20260926T093659
512800,华宝银行ETF,SSE,2025-06-19,1.68,1.686,1.67,1.681,0.8404997025580021,0.843501487209995,0.8354967281380139,0.8410000000000009,0.5002974419988108,310058400.0,520316941.0,腾讯日K,2026-08-07T17:30:13,20260926T093659
512800,华宝银行ETF,SSE,2025-06-20,1.68,1.701,1.677,1.7,0.8400000000000007,0.8505000000000008,0.8385000000000008,0.8500000000000008,0.5000000000000004,359971300.0,609310729.0,腾讯日K,2026-08-07T17:30:13,20260926T093659
512800,华宝银行ETF,SSE,2025-06-23,1.697,1.726,1.681,1.721,0.8489930273097045,0.8635014526438125,0.8409883788495068,0.8610000000000008,0.5002905287623479,519619800.0,888066590.0,腾讯日K,2026-08-07T17:30:13,20260926T093659
512800,华宝银行ETF,SSE,2025-06-24,1.717,1.734,1.708,1.726,0.8585000000000008,0.8670000000000008,0.8540000000000008,0.8630000000000008,0.5000000000000004,439247300.0,756399984.0,腾讯日K,2026-08-07T17:30:13,20260926T093659
512800,华宝银行ETF,SSE,2025-06-25,1.723,1.748,1.714,1.744,0.8615000000000008,0.8740000000000008,0.8570000000000008,0.8720000000000008,0.5000000000000004,456196100.0,790076461.0,腾讯日K,2026-08-07T17:30:13,20260926T093659
512800,华宝银行ETF,SSE,2025-06-26,1.741,1.765,1.734,1.762,0.8705000000000006,0.8825000000000005,0.8670000000000005,0.8810000000000007,0.5000000000000003,571335500.0,1000358646.0,腾讯日K,2026-08-07T17:30:13,20260926T093659
512800,华宝银行ETF,SSE,2025-06-27,1.76,1.771,1.708,1.713,0.8805137186223008,0.88601692936369,0.8544985405720964,0.8570000000000008,0.5002918855808527,1127942500.0,1961468258.0,腾讯日K,2026-08-07T17:30:13,20260926T093659
512800,华宝银行ETF,SSE,2025-06-30,1.705,1.712,1.693,1.711,0.8529982466393929,0.8565002922267687,0.8469947399181772,0.8560000000000008,0.5002922267679724,646160000.0,1100078652.0,腾讯日K,2026-08-07T17:30:13,20260926T093659
512800,华宝银行ETF,SSE,2025-07-01,1.709,1.741,1.708,1.737,0.8549919401266558,0.8710011514104785,0.8544916522740362,0.8690000000000007,0.5002878526194592,406854600.0,703330856.0,腾讯日K,2026-08-07T17:30:13,20260926T093659
512800,华宝银行ETF,SSE,2025-07-02,1.734,1.754,1.733,1.746,0.8670000000000008,0.8770000000000008,0.8665000000000008,0.8730000000000008,0.5000000000000004,487196000.0,850917080.0,腾讯日K,2026-08-07T17:30:13,20260926T093659
512800,华宝银行ETF,SSE,2025-07-03,1.742,1.756,1.733,1.746,0.8710000000000008,0.8780000000000008,0.8665000000000008,0.8730000000000008,0.5000000000000004,376381000.0,656689078.0,腾讯日K,2026-08-07T17:30:13,20260926T093659
512800,华宝银行ETF,SSE,2025-07-04,1.742,1.788,1.741,1.777,0.871490151941475,0.8945030951041087,0.8709898705683744,0.8890000000000007,0.500281373100732,491442800.0,869176606.0,腾讯日K,2026-08-07T17:30:13,20260926T093659
512800,华宝银行ETF,SSE,2025-07-07,0.888,0.894,0.884,0.894,0.8880000000000008,0.8940000000000008,0.8840000000000008,0.8940000000000008,1.0000000000000009,670895100.0,597424436.0,腾讯日K,2026-08-07T17:30:13,20260926T093659
512800,华宝银行ETF,SSE,2025-07-08,0.893,0.896,0.884,0.891,0.8930000000000008,0.8960000000000008,0.8840000000000008,0.8910000000000008,1.0000000000000009,704919100.0,627016573.0,腾讯日K,2026-08-07T17:30:13,20260926T093659
512800,华宝银行ETF,SSE,2025-07-09,0.889,0.899,0.887,0.895,0.8890000000000006,0.8990000000000006,0.8870000000000006,0.8950000000000007,1.0000000000000007,539214300.0,481861417.0,腾讯日K,2026-08-07T17:30:13,20260926T093659
512800,华宝银行ETF,SSE,2025-07-10,0.894,0.911,0.893,0.906,0.8940000000000006,0.9110000000000006,0.8930000000000006,0.9060000000000006,1.0000000000000007,923243700.0,835138955.0,腾讯日K,2026-08-07T17:30:13,20260926T093659
512800,华宝银行ETF,SSE,2025-07-11,0.906,0.912,0.887,0.888,0.9060000000000006,0.9120000000000006,0.8870000000000006,0.8880000000000006,1.0000000000000007,1584764600.0,1424232582.0,腾讯日K,2026-08-07T17:30:13,20260926T093659
512800,华宝银行ETF,SSE,2025-07-14,0.888,0.903,0.887,0.895,0.8880000000000006,0.9030000000000006,0.8870000000000006,0.8950000000000007,1.0000000000000007,976028000.0,875578540.0,腾讯日K,2026-08-07T17:30:13,20260926T093659
512800,华宝银行ETF,SSE,2025-07-15,0.896,0.898,0.881,0.886,0.8960000000000006,0.8980000000000006,0.8810000000000006,0.8860000000000007,1.0000000000000007,1007121400.0,894823441.0,腾讯日K,2026-08-07T17:30:13,20260926T093659
512800,华宝银行ETF,SSE,2025-07-16,0.884,0.886,0.873,0.882,0.8840000000000006,0.8860000000000006,0.8730000000000006,0.8820000000000007,1.0000000000000007,1226051900.0,1076589321.0,腾讯日K,2026-08-07T17:30:13,20260926T093659
512800,华宝银行ETF,SSE,2025-07-17,0.882,0.884,0.876,0.879,0.8820000000000006,0.8840000000000006,0.8760000000000006,0.8790000000000006,1.0000000000000007,746793400.0,656662159.0,腾讯日K,2026-08-07T17:30:13,20260926T093659
512800,华宝银行ETF,SSE,2025-07-18,0.88,0.887,0.877,0.883,0.8800000000000006,0.8870000000000006,0.8770000000000006,0.8830000000000006,1.0000000000000007,901960100.0,796860997.0,腾讯日K,2026-08-07T17:30:13,20260926T093659
512800,华宝银行ETF,SSE,2025-07-21,0.881,0.885,0.875,0.88,0.8810000000000006,0.8850000000000006,0.8750000000000006,0.8800000000000006,1.0000000000000007,1067658100.0,937613981.0,腾讯日K,2026-08-07T17:30:13,20260926T093659
512800,华宝银行ETF,SSE,2025-07-22,0.875,0.877,0.861,0.867,0.8750000000000006,0.8770000000000006,0.8610000000000005,0.8670000000000007,1.0000000000000007,1863283900.0,1616244438.0,腾讯日K,2026-08-07T17:30:13,20260926T093659
512800,华宝银行ETF,SSE,2025-07-23,0.866,0.88,0.865,0.872,0.8660000000000005,0.8800000000000006,0.8650000000000005,0.8720000000000006,1.0000000000000007,1236466300.0,1079742900.0,腾讯日K,2026-08-07T17:30:13,20260926T093659
512800,华宝银行ETF,SSE,2025-07-24,0.872,0.873,0.858,0.859,0.8720000000000006,0.8730000000000006,0.8580000000000005,0.8590000000000007,1.0000000000000007,1534703600.0,1323419207.0,腾讯日K,2026-08-07T17:30:13,20260926T093659
512800,华宝银行ETF,SSE,2025-07-25,0.858,0.864,0.856,0.858,0.8580000000000005,0.8640000000000005,0.8560000000000005,0.8580000000000007,1.0000000000000007,1097160200.0,943381789.0,腾讯日K,2026-08-07T17:30:13,20260926T093659
512800,华宝银行ETF,SSE,2025-07-28,0.856,0.866,0.856,0.86,0.8560000000000005,0.8660000000000005,0.8560000000000005,0.8600000000000007,1.0000000000000007,956953100.0,824018991.0,腾讯日K,2026-08-07T17:30:13,20260926T093659
512800,华宝银行ETF,SSE,2025-07-29,0.858,0.863,0.848,0.849,0.8580000000000008,0.8630000000000008,0.8480000000000008,0.8490000000000006,1.0000000000000009,1191184200.0,1015955207.0,腾讯日K,2026-08-07T17:30:13,20260926T093659
512800,华宝银行ETF,SSE,2025-07-30,0.849,0.86,0.846,0.854,0.8490000000000008,0.8600000000000008,0.8460000000000008,0.8540000000000006,1.0000000000000009,1403660800.0,1199253464.0,腾讯日K,2026-08-07T17:30:13,20260926T093659
512800,华宝银行ETF,SSE,2025-07-31,0.854,0.854,0.841,0.848,0.8540000000000008,0.8540000000000008,0.8410000000000007,0.8480000000000008,1.0000000000000009,1386657500.0,1174169736.0,腾讯日K,2026-08-07T17:30:13,20260926T093659
512800,华宝银行ETF,SSE,2025-08-01,0.85,0.855,0.842,0.853,0.8500000000000008,0.8550000000000008,0.8420000000000007,0.8530000000000008,1.0000000000000009,1157656900.0,984568211.0,腾讯日K,2026-08-07T17:30:13,20260926T093659
512800,华宝银行ETF,SSE,2025-08-04,0.851,0.864,0.849,0.858,0.851000000000001,0.864000000000001,0.8490000000000009,0.8580000000000009,1.000000000000001,1387133900.0,1191364018.0,腾讯日K,2026-08-07T17:30:13,20260926T093659
512800,华宝银行ETF,SSE,2025-08-05,0.857,0.873,0.856,0.871,0.8570000000000008,0.8730000000000008,0.8560000000000008,0.8710000000000008,1.0000000000000009,1356978400.0,1175428194.0,腾讯日K,2026-08-07T17:30:13,20260926T093659
512800,华宝银行ETF,SSE,2025-08-06,0.871,0.876,0.866,0.87,0.8710000000000008,0.8760000000000008,0.8660000000000008,0.8700000000000008,1.0000000000000009,1150314800.0,1001493339.0,腾讯日K,2026-08-07T17:30:13,20260926T093659
512800,华宝银行ETF,SSE,2025-08-07,0.869,0.875,0.864,0.874,0.869000000000001,0.875000000000001,0.864000000000001,0.8740000000000009,1.000000000000001,929929200.0,811115700.0,腾讯日K,2026-08-07T17:30:13,20260926T093659
512800,华宝银行ETF,SSE,2025-08-08,0.874,0.878,0.869,0.87,0.874000000000001,0.878000000000001,0.869000000000001,0.8700000000000009,1.000000000000001,721236900.0,629646093.0,腾讯日K,2026-08-07T17:30:13,20260926T093659
512800,华宝银行ETF,SSE,2025-08-11,0.87,0.871,0.86,0.863,0.870000000000001,0.871000000000001,0.860000000000001,0.8630000000000009,1.000000000000001,1202857500.0,1038467902.0,腾讯日K,2026-08-07T17:30:13,20260926T093659
512800,华宝银行ETF,SSE,2025-08-12,0.862,0.87,0.861,0.865,0.862000000000001,0.870000000000001,0.861000000000001,0.8650000000000009,1.000000000000001,912379700.0,790281381.0,腾讯日K,2026-08-07T17:30:13,20260926T093659
512800,华宝银行ETF,SSE,2025-08-13,0.866,0.868,0.854,0.857,0.866000000000001,0.868000000000001,0.854000000000001,0.8570000000000009,1.000000000000001,1581411900.0,1358711629.0,腾讯日K,2026-08-07T17:30:13,20260926T093659
512800,华宝银行ETF,SSE,2025-08-14,0.856,0.86,0.854,0.856,0.856000000000001,0.860000000000001,0.854000000000001,0.8560000000000009,1.000000000000001,935699200.0,801763294.0,腾讯日K,2026-08-07T17:30:13,20260926T093659
512800,华宝银行ETF,SSE,2025-08-15,0.855,0.856,0.837,0.844,0.8550000000000008,0.8560000000000008,0.8370000000000007,0.8440000000000007,1.0000000000000009,1894097800.0,1596230515.0,腾讯日K,2026-08-07T17:30:13,20260926T093659
512800,华宝银行ETF,SSE,2025-08-18,0.841,0.847,0.836,0.846,0.8410000000000007,0.8470000000000008,0.8360000000000007,0.8460000000000008,1.0000000000000009,1174759100.0,989843897.0,腾讯日K,2026-08-07T17:30:13,20260926T093659
512800,华宝银行ETF,SSE,2025-08-19,0.845,0.849,0.842,0.847,0.8450000000000009,0.8490000000000009,0.8420000000000009,0.8470000000000009,1.000000000000001,853855900.0,722344968.0,腾讯日K,2026-08-07T17:30:13,20260926T093659
512800,华宝银行ETF,SSE,2025-08-20,0.847,0.856,0.843,0.851,0.8470000000000008,0.8560000000000008,0.8430000000000007,0.8510000000000008,1.0000000000000009,1054793200.0,897343860.0,腾讯日K,2026-08-07T17:30:13,20260926T093659
512800,华宝银行ETF,SSE,2025-08-21,0.85,0.857,0.845,0.855,0.8500000000000008,0.8570000000000008,0.8450000000000008,0.8550000000000008,1.0000000000000009,1281779900.0,1092353038.0,腾讯日K,2026-08-07T17:30:13,20260926T093659
512800,华宝银行ETF,SSE,2025-08-22,0.854,0.855,0.846,0.852,0.8540000000000008,0.8550000000000008,0.8460000000000008,0.8520000000000008,1.0000000000000009,1347372000.0,1143977892.0,腾讯日K,2026-08-07T17:30:13,20260926T093659
512800,华宝银行ETF,SSE,2025-08-25,0.849,0.859,0.848,0.858,0.8490000000000008,0.8590000000000008,0.8480000000000008,0.8580000000000008,1.0000000000000009,1395781000.0,1191603331.0,腾讯日K,2026-08-07T17:30:13,20260926T093659
512800,华宝银行ETF,SSE,2025-08-26,0.856,0.86,0.852,0.853,0.8560000000000008,0.8600000000000008,0.8520000000000008,0.8530000000000008,1.0000000000000009,780251000.0,666530496.0,腾讯日K,2026-08-07T17:30:13,20260926T093659
512800,华宝银行ETF,SSE,2025-08-27,0.851,0.852,0.837,0.838,0.851000000000001,0.852000000000001,0.8370000000000009,0.8380000000000009,1.000000000000001,1193553000.0,1007559340.0,腾讯日K,2026-08-07T17:30:13,20260926T093659
512800,华宝银行ETF,SSE,2025-08-28,0.837,0.845,0.831,0.842,0.8370000000000009,0.8450000000000009,0.8310000000000008,0.8420000000000009,1.000000000000001,1159639400.0,971508706.0,腾讯日K,2026-08-07T17:30:13,20260926T093659
512800,华宝银行ETF,SSE,2025-08-29,0.84,0.852,0.835,0.836,0.8400000000000007,0.8520000000000008,0.8350000000000007,0.8360000000000007,1.0000000000000009,1350375200.0,1137718487.0,腾讯日K,2026-08-07T17:30:13,20260926T093659
512800,华宝银行ETF,SSE,2025-09-01,0.834,0.839,0.825,0.826,0.8340000000000007,0.8390000000000007,0.8250000000000007,0.8260000000000007,1.0000000000000009,1483289600.0,1230020878.0,腾讯日K,2026-08-07T17:30:13,20260926T093659
512800,华宝银行ETF,SSE,2025-09-02,0.825,0.842,0.824,0.842,0.8250000000000007,0.8420000000000007,0.8240000000000007,0.8420000000000007,1.0000000000000009,2323215100.0,1939585269.0,腾讯日K,2026-08-07T17:30:13,20260926T093659
512800,华宝银行ETF,SSE,2025-09-03,0.84,0.843,0.827,0.83,0.8400000000000007,0.8430000000000007,0.8270000000000007,0.8300000000000007,1.0000000000000009,1377552800.0,1150121014.0,腾讯日K,2026-08-07T17:30:13,20260926T093659
512800,华宝银行ETF,SSE,2025-09-04,0.829,0.84,0.816,0.838,0.8290000000000008,0.8400000000000009,0.8160000000000008,0.8380000000000009,1.000000000000001,1671119700.0,1383692747.0,腾讯日K,2026-08-07T17:30:13,20260926T093659
512800,华宝银行ETF,SSE,2025-09-05,0.834,0.835,0.826,0.83,0.8340000000000009,0.8350000000000009,0.8260000000000008,0.8300000000000008,1.000000000000001,1314895700.0,1091057209.0,腾讯日K,2026-08-07T17:30:13,20260926T093659
512800,华宝银行ETF,SSE,2025-09-08,0.828,0.833,0.824,0.826,0.8280000000000007,0.8330000000000007,0.8240000000000007,0.8260000000000007,1.0000000000000009,979726700.0,811239003.0,腾讯日K,2026-08-07T17:30:13,20260926T093659
512800,华宝银行ETF,SSE,2025-09-09,0.825,0.833,0.824,0.832,0.8250000000000008,0.8330000000000009,0.8240000000000008,0.8320000000000008,1.000000000000001,1101976200.0,913599153.0,腾讯日K,2026-08-07T17:30:13,20260926T093659
512800,华宝银行ETF,SSE,2025-09-10,0.83,0.835,0.827,0.833,0.8300000000000008,0.8350000000000009,0.8270000000000008,0.8330000000000009,1.000000000000001,1023456500.0,851888862.0,腾讯日K,2026-08-07T17:30:13,20260926T093659
512800,华宝银行ETF,SSE,2025-09-11,0.831,0.838,0.827,0.837,0.8310000000000008,0.8380000000000009,0.8270000000000008,0.8370000000000009,1.000000000000001,1471075700.0,1225576468.0,腾讯日K,2026-08-07T17:30:13,20260926T093659
512800,华宝银行ETF,SSE,2025-09-12,0.835,0.838,0.823,0.824,0.8350000000000009,0.8380000000000009,0.8230000000000008,0.824000000000001,1.000000000000001,1655508700.0,1373193124.0,腾讯日K,2026-08-07T17:30:13,20260926T093659
512800,华宝银行ETF,SSE,2025-09-15,0.823,0.825,0.814,0.816,0.8230000000000011,0.8250000000000011,0.8140000000000011,0.816000000000001,1.0000000000000013,1785738200.0,1461290109.0,腾讯日K,2026-08-07T17:30:13,20260926T093659
512800,华宝银行ETF,SSE,2025-09-16,0.815,0.819,0.807,0.808,0.8150000000000011,0.8190000000000011,0.8070000000000012,0.808000000000001,1.0000000000000013,1386608500.0,1125825410.0,腾讯日K,2026-08-07T17:30:13,20260926T093659
512800,华宝银行ETF,SSE,2025-09-17,0.808,0.812,0.804,0.805,0.8080000000000012,0.8120000000000012,0.8040000000000012,0.805000000000001,1.0000000000000013,1144000800.0,922186679.0,腾讯日K,2026-08-07T17:30:13,20260926T093659
512800,华宝银行ETF,SSE,2025-09-18,0.805,0.807,0.788,0.79,0.8050000000000009,0.8070000000000009,0.7880000000000009,0.7900000000000009,1.000000000000001,2177235700.0,1732389630.0,腾讯日K,2026-08-07T17:30:13,20260926T093659
512800,华宝银行ETF,SSE,2025-09-19,0.79,0.794,0.782,0.792,0.7900000000000009,0.7940000000000009,0.7820000000000009,0.7920000000000009,1.000000000000001,1576073500.0,1243959499.0,腾讯日K,2026-08-07T17:30:13,20260926T093659
512800,华宝银行ETF,SSE,2025-09-22,0.791,0.792,0.781,0.784,0.7910000000000009,0.7920000000000009,0.7810000000000009,0.7840000000000009,1.000000000000001,1139543500.0,894913139.0,腾讯日K,2026-08-07T17:30:13,20260926T093659
512800,华宝银行ETF,SSE,2025-09-23,0.781,0.798,0.778,0.794,0.781000000000001,0.7980000000000012,0.778000000000001,0.794000000000001,1.0000000000000013,2481671400.0,1966670607.0,腾讯日K,2026-08-07T17:30:13,20260926T093659
512800,华宝银行ETF,SSE,2025-09-24,0.792,0.802,0.79,0.792,0.7920000000000009,0.8020000000000009,0.7900000000000009,0.7920000000000009,1.000000000000001,1921192300.0,1527264010.0,腾讯日K,2026-08-07T17:30:13,20260926T093659
512800,华宝银行ETF,SSE,2025-09-25,0.792,0.793,0.783,0.788,0.7920000000000009,0.7930000000000009,0.7830000000000009,0.7880000000000009,1.000000000000001,1241638100.0,976163348.0,腾讯日K,2026-08-07T17:30:13,20260926T093659
512800,华宝银行ETF,SSE,2025-09-26,0.786,0.79,0.779,0.789,0.7860000000000009,0.7900000000000009,0.7790000000000009,0.7890000000000009,1.000000000000001,1269470400.0,996230365.0,腾讯日K,2026-08-07T17:30:13,20260926T093659
512800,华宝银行ETF,SSE,2025-09-29,0.786,0.793,0.78,0.786,0.7860000000000009,0.7930000000000009,0.7800000000000009,0.7860000000000009,1.000000000000001,1597849900.0,1255484804.0,腾讯日K,2026-08-07T17:30:13,20260926T093659
512800,华宝银行ETF,SSE,2025-09-30,0.785,0.785,0.776,0.778,0.7850000000000009,0.7850000000000009,0.7760000000000009,0.7780000000000009,1.000000000000001,1579730400.0,1230649811.0,腾讯日K,2026-08-07T17:30:13,20260926T093659
512800,华宝银行ETF,SSE,2025-10-09,0.776,0.778,0.77,0.777,0.7760000000000009,0.7780000000000009,0.7700000000000009,0.7770000000000009,1.000000000000001,1633879400.0,1265203541.0,腾讯日K,2026-08-07T17:30:13,20260926T093659
512800,华宝银行ETF,SSE,2025-10-10,0.777,0.786,0.775,0.78,0.7770000000000009,0.7860000000000009,0.7750000000000009,0.7800000000000009,1.000000000000001,1977763600.0,1545778157.0,腾讯日K,2026-08-07T17:30:13,20260926T093659
512800,华宝银行ETF,SSE,2025-10-13,0.78,0.791,0.772,0.787,0.7800000000000009,0.7910000000000009,0.7720000000000009,0.7870000000000009,1.000000000000001,2792374200.0,2186968437.0,腾讯日K,2026-08-07T17:30:13,20260926T093659
512800,华宝银行ETF,SSE,2025-10-14,0.784,0.807,0.781,0.806,0.7840000000000009,0.8070000000000009,0.7810000000000009,0.8060000000000009,1.000000000000001,4215772600.0,3373841377.0,腾讯日K,2026-08-07T17:30:13,20260926T093659
512800,华宝银行ETF,SSE,2025-10-15,0.806,0.812,0.802,0.81,0.8060000000000009,0.8120000000000009,0.8020000000000009,0.8100000000000009,1.000000000000001,2819412800.0,2278117347.0,腾讯日K,2026-08-07T17:30:13,20260926T093659
512800,华宝银行ETF,SSE,2025-10-16,0.809,0.823,0.809,0.822,0.8090000000000009,0.8230000000000008,0.8090000000000009,0.8220000000000008,1.000000000000001,2955556300.0,2418978874.0,腾讯日K,2026-08-07T17:30:13,20260926T093659
512800,华宝银行ETF,SSE,2025-10-17,0.82,0.83,0.816,0.821,0.8200000000000008,0.8300000000000008,0.8160000000000008,0.8210000000000008,1.000000000000001,3546744100.0,2921926642.0,腾讯日K,2026-08-07T17:30:13,20260926T093659
512800,华宝银行ETF,SSE,2025-10-20,0.817,0.821,0.806,0.819,0.8170000000000008,0.8210000000000008,0.8060000000000009,0.8190000000000008,1.000000000000001,2331719900.0,1899760865.0,腾讯日K,2026-08-07T17:30:13,20260926T093659
512800,华宝银行ETF,SSE,2025-10-21,0.817,0.824,0.816,0.822,0.8170000000000008,0.8240000000000008,0.8160000000000008,0.822000000000001,1.000000000000001,1578225500.0,1295141712.0,腾讯日K,2026-08-07T17:30:13,20260926T093659
512800,华宝银行ETF,SSE,2025-10-22,0.819,0.831,0.819,0.829,0.8190000000000008,0.8310000000000008,0.8190000000000008,0.829000000000001,1.000000000000001,1438947000.0,1188951555.0,腾讯日K,2026-08-07T17:30:13,20260926T093659
512800,华宝银行ETF,SSE,2025-10-23,0.829,0.841,0.825,0.834,0.8290000000000008,0.8410000000000009,0.8250000000000008,0.834000000000001,1.000000000000001,2544647200.0,2119390348.0,腾讯日K,2026-08-07T17:30:13,20260926T093659
512800,华宝银行ETF,SSE,2025-10-24,0.831,0.837,0.828,0.829,0.8310000000000011,0.8370000000000011,0.8280000000000011,0.8290000000000011,1.0000000000000013,1690293500.0,1406926181.0,腾讯日K,2026-08-07T17:30:13,20260926T093659
512800,华宝银行ETF,SSE,2025-10-27,0.826,0.836,0.821,0.83,0.8260000000000011,0.8360000000000011,0.8210000000000011,0.8300000000000011,1.0000000000000013,2308518700.0,1912645514.0,腾讯日K,2026-08-07T17:30:13,20260926T093659
512800,华宝银行ETF,SSE,2025-10-28,0.831,0.834,0.821,0.829,0.8310000000000011,0.8340000000000011,0.8210000000000011,0.8290000000000011,1.0000000000000013,1425284400.0,1179767773.0,腾讯日K,2026-08-07T17:30:13,20260926T093659
512800,华宝银行ETF,SSE,2025-10-29,0.827,0.827,0.81,0.813,0.8270000000000011,0.8270000000000011,0.8100000000000012,0.813000000000001,1.0000000000000013,2645711100.0,2158108200.0,腾讯日K,2026-08-07T17:30:13,20260926T093659
512800,华宝银行ETF,SSE,2025-10-30,0.811,0.819,0.811,0.812,0.8110000000000012,0.8190000000000011,0.8110000000000012,0.8120000000000012,1.0000000000000013,1183213300.0,963554384.0,腾讯日K,2026-08-07T17:30:13,20260926T093659
512800,华宝银行ETF,SSE,2025-10-31,0.813,0.815,0.807,0.813,0.813000000000001,0.8150000000000011,0.8070000000000012,0.8130000000000009,1.0000000000000013,1443434000.0,1169926116.0,腾讯日K,2026-08-07T17:30:13,20260926T093659
512800,华宝银行ETF,SSE,2025-11-03,0.813,0.825,0.812,0.823,0.8130000000000008,0.8250000000000008,0.8120000000000009,0.823000000000001,1.000000000000001,2090598600.0,1715163052.0,腾讯日K,2026-08-07T17:30:13,20260926T093659
512800,华宝银行ETF,SSE,2025-11-04,0.823,0.84,0.822,0.84,0.8230000000000008,0.8400000000000009,0.8220000000000008,0.840000000000001,1.000000000000001,1877417300.0,1568850885.0,腾讯日K,2026-08-07T17:30:13,20260926T093659
512800,华宝银行ETF,SSE,2025-11-05,0.843,0.85,0.835,0.84,0.8430000000000009,0.8500000000000009,0.8350000000000009,0.840000000000001,1.000000000000001,2080475900.0,1750708354.0,腾讯日K,2026-08-07T17:30:13,20260926T093659
512800,华宝银行ETF,SSE,2025-11-06,0.835,0.841,0.831,0.836,0.8350000000000009,0.8410000000000009,0.8310000000000008,0.836000000000001,1.000000000000001,1210039500.0,1011631501.0,腾讯日K,2026-08-07T17:30:13,20260926T093659
512800,华宝银行ETF,SSE,2025-11-07,0.836,0.843,0.833,0.835,0.8360000000000009,0.8430000000000009,0.8330000000000009,0.835000000000001,1.000000000000001,1025395300.0,858175773.0,腾讯日K,2026-08-07T17:30:13,20260926T093659
512800,华宝银行ETF,SSE,2025-11-10,0.832,0.84,0.829,0.839,0.8320000000000008,0.8400000000000009,0.8290000000000008,0.839000000000001,1.000000000000001,1081313800.0,904944357.0,腾讯日K,2026-08-07T17:30:13,20260926T093659
512800,华宝银行ETF,SSE,2025-11-11,0.838,0.845,0.836,0.843,0.8380000000000009,0.8450000000000009,0.8360000000000009,0.843000000000001,1.000000000000001,1016459300.0,854969092.0,腾讯日K,2026-08-07T17:30:13,20260926T093659
512800,华宝银行ETF,SSE,2025-11-12,0.844,0.854,0.844,0.848,0.8440000000000011,0.8540000000000011,0.8440000000000011,0.8480000000000011,1.0000000000000013,1294080600.0,1099234531.0,腾讯日K,2026-08-07T17:30:13,20260926T093659
512800,华宝银行ETF,SSE,2025-11-13,0.846,0.85,0.838,0.846,0.8460000000000009,0.8500000000000009,0.8380000000000009,0.846000000000001,1.000000000000001,1197372500.0,1009950339.0,腾讯日K,2026-08-07T17:30:13,20260926T093659
512800,华宝银行ETF,SSE,2025-11-14,0.846,0.857,0.846,0.849,0.8460000000000009,0.857000000000001,0.8460000000000009,0.849000000000001,1.000000000000001,1212979700.0,1033025358.0,腾讯日K,2026-08-07T17:30:13,20260926T093659
512800,华宝银行ETF,SSE,2025-11-17,0.846,0.848,0.835,0.838,0.8460000000000009,0.8480000000000009,0.8350000000000009,0.838000000000001,1.000000000000001,1539837100.0,1291529423.0,腾讯日K,2026-08-07T17:30:13,20260926T093659
512800,华宝银行ETF,SSE,2025-11-18,0.835,0.839,0.832,0.834,0.8350000000000009,0.8390000000000009,0.8320000000000008,0.834000000000001,1.000000000000001,1320129000.0,1101685094.0,腾讯日K,2026-08-07T17:30:13,20260926T093659
512800,华宝银行ETF,SSE,2025-11-19,0.834,0.845,0.834,0.842,0.8340000000000009,0.8450000000000009,0.8340000000000009,0.842000000000001,1.000000000000001,1213066200.0,1019894428.0,腾讯日K,2026-08-07T17:30:13,20260926T093659
512800,华宝银行ETF,SSE,2025-11-20,0.84,0.858,0.838,0.849,0.8400000000000009,0.858000000000001,0.8380000000000009,0.849000000000001,1.000000000000001,1753097200.0,1491377695.0,腾讯日K,2026-08-07T17:30:13,20260926T093659
512800,华宝银行ETF,SSE,2025-11-21,0.848,0.853,0.839,0.84,0.8480000000000009,0.853000000000001,0.8390000000000009,0.840000000000001,1.000000000000001,1724050600.0,1456548288.0,腾讯日K,2026-08-07T17:30:13,20260926T093659
512800,华宝银行ETF,SSE,2025-11-24,0.839,0.843,0.833,0.835,0.8390000000000009,0.8430000000000009,0.8330000000000009,0.835000000000001,1.000000000000001,1385807400.0,1159460987.0,腾讯日K,2026-08-07T17:30:13,20260926T093659
512800,华宝银行ETF,SSE,2025-11-25,0.833,0.846,0.829,0.846,0.8330000000000009,0.8460000000000009,0.8290000000000008,0.8460000000000009,1.000000000000001,1655273600.0,1389838840.0,腾讯日K,2026-08-07T17:30:13,20260926T093659
512800,华宝银行ETF,SSE,2025-11-26,0.846,0.85,0.837,0.839,0.8460000000000009,0.8500000000000009,0.8370000000000009,0.839000000000001,1.000000000000001,1275013600.0,1072245585.0,腾讯日K,2026-08-07T17:30:13,20260926T093659
512800,华宝银行ETF,SSE,2025-11-27,0.837,0.845,0.831,0.842,0.8370000000000009,0.8450000000000009,0.8310000000000008,0.842000000000001,1.000000000000001,1190734100.0,998190325.0,腾讯日K,2026-08-07T17:30:13,20260926T093659
512800,华宝银行ETF,SSE,2025-11-28,0.841,0.842,0.834,0.836,0.8410000000000009,0.8420000000000009,0.8340000000000009,0.8360000000000009,1.000000000000001,1242889500.0,1040591250.0,腾讯日K,2026-08-07T17:30:13,20260926T093659
512800,华宝银行ETF,SSE,2025-12-01,0.833,0.843,0.832,0.842,0.8330000000000009,0.8430000000000009,0.8320000000000008,0.8420000000000009,1.000000000000001,1287667400.0,1079631369.0,腾讯日K,2026-08-07T17:30:13,20260926T093659
512800,华宝银行ETF,SSE,2025-12-02,0.842,0.846,0.836,0.841,0.8420000000000009,0.8460000000000009,0.8360000000000009,0.8410000000000009,1.000000000000001,683004900.0,574488442.0,腾讯日K,2026-08-07T17:30:13,20260926T093659
512800,华宝银行ETF,SSE,2025-12-03,0.84,0.847,0.834,0.834,0.8400000000000007,0.8470000000000008,0.8340000000000007,0.8340000000000007,1.0000000000000009,1251847400.0,1050803064.0,腾讯日K,2026-08-07T17:30:13,20260926T093659
512800,华宝银行ETF,SSE,2025-12-04,0.834,0.836,0.829,0.831,0.8340000000000009,0.8360000000000009,0.8290000000000008,0.8310000000000008,1.000000000000001,943649400.0,784994297.0,腾讯日K,2026-08-07T17:30:13,20260926T093659
512800,华宝银行ETF,SSE,2025-12-05,0.829,0.834,0.822,0.827,0.8290000000000007,0.8340000000000007,0.8220000000000007,0.8270000000000007,1.0000000000000009,1423853400.0,1175584378.0,腾讯日K,2026-08-07T17:30:13,20260926T093659
512800,华宝银行ETF,SSE,2025-12-08,0.826,0.83,0.823,0.827,0.8260000000000007,0.8300000000000007,0.8230000000000007,0.8270000000000007,1.0000000000000009,1136182900.0,939552029.0,腾讯日K,2026-08-07T17:30:13,20260926T093659
512800,华宝银行ETF,SSE,2025-12-09,0.827,0.83,0.821,0.826,0.8270000000000007,0.8300000000000007,0.8210000000000007,0.8260000000000007,1.0000000000000009,1285414600.0,1060154586.0,腾讯日K,2026-08-07T17:30:13,20260926T093659
512800,华宝银行ETF,SSE,2025-12-10,0.825,0.827,0.81,0.814,0.8250000000000007,0.8270000000000007,0.8100000000000007,0.8140000000000007,1.0000000000000009,1514175200.0,1233677799.0,腾讯日K,2026-08-07T17:30:13,20260926T093659
512800,华宝银行ETF,SSE,2025-12-11,0.813,0.816,0.81,0.815,0.8130000000000007,0.8160000000000007,0.8100000000000007,0.8150000000000006,1.0000000000000009,1121197900.0,911227984.0,腾讯日K,2026-08-07T17:30:13,20260926T093659
512800,华宝银行ETF,SSE,2025-12-12,0.814,0.815,0.809,0.813,0.8140000000000007,0.8150000000000007,0.8090000000000007,0.8130000000000006,1.0000000000000009,1386143000.0,1125114996.0,腾讯日K,2026-08-07T17:30:13,20260926T093659
512800,华宝银行ETF,SSE,2025-12-15,0.812,0.819,0.81,0.815,0.8120000000000007,0.8190000000000007,0.8100000000000007,0.8150000000000006,1.0000000000000009,802644400.0,654412068.0,腾讯日K,2026-08-07T17:30:13,20260926T093659
512800,华宝银行ETF,SSE,2025-12-16,0.814,0.817,0.807,0.81,0.8140000000000007,0.8170000000000007,0.8070000000000007,0.8100000000000007,1.0000000000000009,827089600.0,670474360.0,腾讯日K,2026-08-07T17:30:13,20260926T093659
512800,华宝银行ETF,SSE,2025-12-17,0.809,0.816,0.805,0.812,0.8090000000000007,0.8160000000000007,0.8050000000000007,0.8120000000000008,1.0000000000000009,1078355900.0,874887186.0,腾讯日K,2026-08-07T17:30:13,20260926T093659
512800,华宝银行ETF,SSE,2025-12-18,0.81,0.828,0.809,0.827,0.8100000000000007,0.8280000000000007,0.8090000000000007,0.8270000000000007,1.0000000000000009,1358444800.0,1114932593.0,腾讯日K,2026-08-07T17:30:13,20260926T093659
512800,华宝银行ETF,SSE,2025-12-19,0.825,0.828,0.821,0.824,0.8250000000000008,0.8280000000000008,0.8210000000000008,0.8240000000000008,1.000000000000001,1137170500.0,938104542.0,腾讯日K,2026-08-07T17:30:13,20260926T093659
512800,华宝银行ETF,SSE,2025-12-22,0.823,0.823,0.818,0.819,0.8230000000000007,0.8230000000000007,0.8180000000000007,0.8190000000000007,1.0000000000000009,795634900.0,652212029.0,腾讯日K,2026-08-07T17:30:13,20260926T093659
512800,华宝银行ETF,SSE,2025-12-23,0.818,0.824,0.817,0.82,0.8180000000000007,0.8240000000000007,0.8170000000000007,0.8200000000000007,1.0000000000000009,851526900.0,699040615.0,腾讯日K,2026-08-07T17:30:13,20260926T093659
512800,华宝银行ETF,SSE,2025-12-24,0.821,0.823,0.815,0.82,0.8210000000000007,0.8230000000000007,0.8150000000000007,0.8200000000000007,1.0000000000000009,837567600.0,685809638.0,腾讯日K,2026-08-07T17:30:13,20260926T093659
512800,华宝银行ETF,SSE,2025-12-25,0.819,0.824,0.818,0.819,0.8190000000000007,0.8240000000000007,0.8180000000000007,0.8190000000000007,1.0000000000000009,887956100.0,728514807.0,腾讯日K,2026-08-07T17:30:13,20260926T093659
512800,华宝银行ETF,SSE,2025-12-26,0.818,0.82,0.815,0.816,0.8180000000000007,0.8200000000000007,0.8150000000000007,0.8160000000000007,1.0000000000000009,683317200.0,558241455.0,腾讯日K,2026-08-07T17:30:13,20260926T093659
512800,华宝银行ETF,SSE,2025-12-29,0.816,0.824,0.813,0.824,0.8160000000000007,0.8240000000000007,0.8130000000000007,0.8240000000000007,1.0000000000000009,921560700.0,756097036.0,腾讯日K,2026-08-07T17:30:13,20260926T093659
512800,华宝银行ETF,SSE,2025-12-30,0.822,0.826,0.818,0.824,0.8220000000000007,0.8260000000000007,0.8180000000000007,0.8240000000000007,1.0000000000000009,785390300.0,645575007.0,腾讯日K,2026-08-07T17:30:13,20260926T093659
512800,华宝银行ETF,SSE,2025-12-31,0.823,0.826,0.82,0.823,0.8230000000000007,0.8260000000000007,0.8200000000000007,0.8230000000000007,1.0000000000000009,596048000.0,490665352.0,腾讯日K,2026-08-07T17:30:13,20260926T093659
512800,华宝银行ETF,SSE,2026-01-05,0.823,0.828,0.818,0.82,0.8230000000000007,0.8280000000000007,0.8180000000000007,0.8200000000000006,1.0000000000000009,789513700.0,648196009.0,腾讯日K,2026-08-07T17:30:13,20260926T093659
512800,华宝银行ETF,SSE,2026-01-06,0.82,0.825,0.815,0.825,0.8200000000000007,0.8250000000000007,0.8150000000000007,0.8250000000000006,1.0000000000000009,1426538500.0,1169599152.0,腾讯日K,2026-08-07T17:30:13,20260926T093659
512800,华宝银行ETF,SSE,2026-01-07,0.824,0.827,0.818,0.819,0.8240000000000005,0.8270000000000005,0.8180000000000005,0.8190000000000005,1.0000000000000007,902334300.0,741157364.0,腾讯日K,2026-08-07T17:30:13,20260926T093659
512800,华宝银行ETF,SSE,2026-01-08,0.819,0.819,0.81,0.811,0.8190000000000005,0.8190000000000005,0.8100000000000006,0.8110000000000006,1.0000000000000007,835386900.0,678900567.0,腾讯日K,2026-08-07T17:30:13,20260926T093659
512800,华宝银行ETF,SSE,2026-01-09,0.811,0.813,0.806,0.808,0.8110000000000006,0.8130000000000005,0.8060000000000006,0.8080000000000006,1.0000000000000007,802612900.0,648579411.0,腾讯日K,2026-08-07T17:30:13,20260926T093659
512800,华宝银行ETF,SSE,2026-01-12,0.807,0.812,0.804,0.812,0.8070000000000007,0.8120000000000007,0.8040000000000007,0.8120000000000007,1.0000000000000009,1074371200.0,869123459.0,腾讯日K,2026-08-07T17:30:13,20260926T093659
512800,华宝银行ETF,SSE,2026-01-13,0.811,0.821,0.811,0.815,0.8110000000000007,0.8210000000000007,0.8110000000000007,0.8150000000000006,1.0000000000000009,950586000.0,775943542.0,腾讯日K,2026-08-07T17:30:13,20260926T093659
512800,华宝银行ETF,SSE,2026-01-14,0.815,0.815,0.802,0.804,0.8150000000000007,0.8150000000000007,0.8020000000000007,0.8040000000000007,1.0000000000000009,1221136500.0,987694039.0,腾讯日K,2026-08-07T17:30:13,20260926T093659
512800,华宝银行ETF,SSE,2026-01-15,0.802,0.803,0.794,0.795,0.8020000000000007,0.8030000000000007,0.7940000000000007,0.7950000000000007,1.0000000000000009,1186271700.0,947959992.0,腾讯日K,2026-08-07T17:30:13,20260926T093659
512800,华宝银行ETF,SSE,2026-01-16,0.797,0.799,0.785,0.787,0.7970000000000007,0.7990000000000007,0.7850000000000007,0.7870000000000007,1.0000000000000009,1043965000.0,825325721.0,腾讯日K,2026-08-07T17:30:13,20260926T093659
512800,华宝银行ETF,SSE,2026-01-19,0.786,0.789,0.781,0.784,0.7860000000000006,0.7890000000000006,0.7810000000000006,0.7840000000000006,1.0000000000000007,755071400.0,592469866.0,腾讯日K,2026-08-07T17:30:13,20260926T093659
512800,华宝银行ETF,SSE,2026-01-20,0.784,0.792,0.781,0.79,0.7840000000000007,0.7920000000000007,0.7810000000000007,0.7900000000000007,1.0000000000000009,1115796100.0,878918610.0,腾讯日K,2026-08-07T17:30:13,20260926T093659
512800,华宝银行ETF,SSE,2026-01-21,0.79,0.794,0.776,0.778,0.7900000000000007,0.7940000000000007,0.7760000000000007,0.7780000000000008,1.0000000000000009,1122168200.0,878868696.0,腾讯日K,2026-08-07T17:30:13,20260926T093659
512800,华宝银行ETF,SSE,2026-01-22,0.778,0.784,0.773,0.775,0.7780000000000007,0.7840000000000007,0.7730000000000007,0.7750000000000007,1.0000000000000009,886145200.0,688729714.0,腾讯日K,2026-08-07T17:30:13,20260926T093659
512800,华宝银行ETF,SSE,2026-01-23,0.775,0.778,0.765,0.767,0.7750000000000007,0.7780000000000007,0.7650000000000007,0.7670000000000007,1.0000000000000009,1076611100.0,829970100.0,腾讯日K,2026-08-07T17:30:13,20260926T093659
512800,华宝银行ETF,SSE,2026-01-26,0.765,0.777,0.763,0.771,0.7650000000000009,0.7770000000000009,0.7630000000000009,0.7710000000000008,1.000000000000001,1054787800.0,813219741.0,腾讯日K,2026-08-07T17:30:13,20260926T093659
512800,华宝银行ETF,SSE,2026-01-27,0.771,0.78,0.768,0.77,0.7710000000000009,0.7800000000000009,0.7680000000000009,0.7700000000000008,1.000000000000001,1258102500.0,974847719.0,腾讯日K,2026-08-07T17:30:13,20260926T093659
512800,华宝银行ETF,SSE,2026-01-28,0.768,0.775,0.763,0.765,0.7680000000000007,0.7750000000000007,0.7630000000000007,0.7650000000000007,1.0000000000000009,1181817900.0,907533834.0,腾讯日K,2026-08-07T17:30:13,20260926T093659
512800,华宝银行ETF,SSE,2026-01-29,0.764,0.779,0.76,0.778,0.7640000000000007,0.7790000000000007,0.7600000000000007,0.7780000000000007,1.0000000000000009,1279042500.0,983671460.0,腾讯日K,2026-08-07T17:30:13,20260926T093659
512800,华宝银行ETF,SSE,2026-01-30,0.779,0.785,0.774,0.775,0.7790000000000006,0.7850000000000006,0.7740000000000006,0.7750000000000006,1.0000000000000007,1299965600.0,1013993113.0,腾讯日K,2026-08-07T17:30:13,20260926T093659
512800,华宝银行ETF,SSE,2026-02-02,0.774,0.786,0.773,0.776,0.7740000000000006,0.7860000000000006,0.7730000000000006,0.7760000000000005,1.0000000000000007,1725774700.0,1344155697.0,腾讯日K,2026-08-07T17:30:13,20260926T093659
512800,华宝银行ETF,SSE,2026-02-03,0.775,0.776,0.766,0.768,0.7750000000000006,0.7760000000000006,0.7660000000000006,0.7680000000000006,1.0000000000000007,1152909800.0,886087699.0,腾讯日K,2026-08-07T17:30:13,20260926T093659
512800,华宝银行ETF,SSE,2026-02-04,0.767,0.78,0.767,0.779,0.7670000000000006,0.7800000000000006,0.7670000000000006,0.7790000000000006,1.0000000000000007,975499700.0,756831063.0,腾讯日K,2026-08-07T17:30:13,20260926T093659
512800,华宝银行ETF,SSE,2026-02-05,0.781,0.794,0.779,0.792,0.7810000000000006,0.7940000000000006,0.7790000000000006,0.7920000000000006,1.0000000000000007,1359185300.0,1071167543.0,腾讯日K,2026-08-07T17:30:13,20260926T093659
512800,华宝银行ETF,SSE,2026-02-06,0.791,0.796,0.785,0.79,0.7910000000000007,0.7960000000000007,0.7850000000000007,0.7900000000000007,1.0000000000000009,1082272600.0,854326731.0,腾讯日K,2026-08-07T17:30:13,20260926T093659
512800,华宝银行ETF,SSE,2026-02-09,0.786,0.794,0.784,0.792,0.7860000000000007,0.7940000000000007,0.7840000000000007,0.7920000000000007,1.0000000000000009,874681100.0,690839125.0,腾讯日K,2026-08-07T17:30:13,20260926T093659
512800,华宝银行ETF,SSE,2026-02-10,0.792,0.797,0.791,0.794,0.7920000000000007,0.7970000000000007,0.7910000000000007,0.7940000000000008,1.0000000000000009,595240100.0,472614868.0,腾讯日K,2026-08-07T17:30:13,20260926T093659
512800,华宝银行ETF,SSE,2026-02-11,0.794,0.797,0.79,0.796,0.7940000000000007,0.7970000000000007,0.7900000000000007,0.7960000000000008,1.0000000000000009,651565700.0,517312052.0,腾讯日K,2026-08-07T17:30:13,20260926T093659
512800,华宝银行ETF,SSE,2026-02-12,0.796,0.796,0.783,0.784,0.7960000000000007,0.7960000000000007,0.7830000000000007,0.7840000000000007,1.0000000000000009,703657600.0,553745138.0,腾讯日K,2026-08-07T17:30:13,20260926T093659
512800,华宝银行ETF,SSE,2026-02-13,0.785,0.787,0.778,0.779,0.7850000000000007,0.7870000000000007,0.7780000000000007,0.7790000000000008,1.0000000000000009,889896800.0,696515689.0,腾讯日K,2026-08-07T17:30:13,20260926T093659
512800,华宝银行ETF,SSE,2026-02-24,0.78,0.784,0.777,0.777,0.7800000000000009,0.7840000000000009,0.7770000000000009,0.7770000000000008,1.000000000000001,639564400.0,498544741.0,腾讯日K,2026-08-07T17:30:13,20260926T093659
512800,华宝银行ETF,SSE,2026-02-25,0.777,0.781,0.772,0.774,0.7770000000000007,0.7810000000000007,0.7720000000000007,0.7740000000000007,1.0000000000000009,807650100.0,626760605.0,腾讯日K,2026-08-07T17:30:13,20260926T093659
512800,华宝银行ETF,SSE,2026-02-26,0.773,0.778,0.769,0.772,0.7730000000000007,0.7780000000000007,0.7690000000000007,0.7720000000000007,1.0000000000000009,751784300.0,580055304.0,腾讯日K,2026-08-07T17:30:13,20260926T093659
512800,华宝银行ETF,SSE,2026-02-27,0.772,0.776,0.77,0.773,0.7720000000000007,0.7760000000000007,0.7700000000000007,0.7730000000000007,1.0000000000000009,461849300.0,357094612.0,腾讯日K,2026-08-07T17:30:13,20260926T093659
512800,华宝银行ETF,SSE,2026-03-02,0.771,0.779,0.767,0.777,0.7710000000000009,0.7790000000000009,0.7670000000000009,0.7770000000000008,1.000000000000001,839106900.0,649231335.0,腾讯日K,2026-08-07T17:30:13,20260926T093659
512800,华宝银行ETF,SSE,2026-03-03,0.776,0.79,0.771,0.784,0.7760000000000007,0.7900000000000007,0.7710000000000007,0.7840000000000007,1.0000000000000009,1850724900.0,1450139639.0,腾讯日K,2026-08-07T17:30:13,20260926T093659
512800,华宝银行ETF,SSE,2026-03-04,0.781,0.782,0.77,0.775,0.7810000000000007,0.7820000000000007,0.7700000000000007,0.7750000000000007,1.0000000000000009,1098202500.0,850027785.0,腾讯日K,2026-08-07T17:30:13,20260926T093659
512800,华宝银行ETF,SSE,2026-03-05,0.773,0.784,0.773,0.783,0.7730000000000007,0.7840000000000007,0.7730000000000007,0.7830000000000007,1.0000000000000009,1017137000.0,793143325.0,腾讯日K,2026-08-07T17:30:13,20260926T093659
512800,华宝银行ETF,SSE,2026-03-06,0.781,0.786,0.779,0.784,0.7810000000000006,0.7860000000000006,0.7790000000000006,0.7840000000000006,1.0000000000000007,637333700.0,498574875.0,腾讯日K,2026-08-07T17:30:13,20260926T093659
512800,华宝银行ETF,SSE,2026-03-09,0.78,0.786,0.777,0.778,0.7800000000000006,0.7860000000000006,0.7770000000000006,0.7780000000000006,1.0000000000000007,1100645400.0,859351295.0,腾讯日K,2026-08-07T17:30:13,20260926T093659
512800,华宝银行ETF,SSE,2026-03-10,0.777,0.781,0.774,0.779,0.7770000000000006,0.7810000000000006,0.7740000000000006,0.7790000000000006,1.0000000000000007,663883900.0,516547232.0,腾讯日K,2026-08-07T17:30:13,20260926T093659
512800,华宝银行ETF,SSE,2026-03-11,0.779,0.787,0.776,0.786,0.7790000000000006,0.7870000000000006,0.7760000000000006,0.7860000000000006,1.0000000000000007,880247900.0,688972917.0,腾讯日K,2026-08-07T17:30:13,20260926T093659
512800,华宝银行ETF,SSE,2026-03-12,0.785,0.793,0.784,0.793,0.7850000000000006,0.7930000000000006,0.7840000000000006,0.7930000000000006,1.0000000000000007,845127500.0,667436132.0,腾讯日K,2026-08-07T17:30:13,20260926T093659
512800,华宝银行ETF,SSE,2026-03-13,0.792,0.801,0.788,0.795,0.7920000000000007,0.8010000000000007,0.7880000000000007,0.7950000000000007,1.0000000000000009,1136478900.0,904070842.0,腾讯日K,2026-08-07T17:30:13,20260926T093659
512800,华宝银行ETF,SSE,2026-03-16,0.795,0.802,0.793,0.797,0.7950000000000007,0.8020000000000007,0.7930000000000007,0.7970000000000007,1.0000000000000009,999872500.0,797686131.0,腾讯日K,2026-08-07T17:30:13,20260926T093659
512800,华宝银行ETF,SSE,2026-03-17,0.797,0.807,0.796,0.804,0.7970000000000007,0.8070000000000007,0.7960000000000007,0.8040000000000007,1.0000000000000009,1274350300.0,1026084767.0,腾讯日K,2026-08-07T17:30:13,20260926T093659
512800,华宝银行ETF,SSE,2026-03-18,0.804,0.806,0.798,0.802,0.8040000000000006,0.8060000000000006,0.7980000000000006,0.8020000000000006,1.0000000000000007,1232262500.0,988405922.0,腾讯日K,2026-08-07T17:30:13,20260926T093659
512800,华宝银行ETF,SSE,2026-03-19,0.799,0.806,0.798,0.799,0.7990000000000006,0.8060000000000006,0.7980000000000006,0.7990000000000006,1.0000000000000007,1109286700.0,889194319.0,腾讯日K,2026-08-07T17:30:13,20260926T093659
512800,华宝银行ETF,SSE,2026-03-20,0.798,0.805,0.796,0.797,0.7980000000000006,0.8050000000000006,0.7960000000000006,0.7970000000000006,1.0000000000000007,948223800.0,758617446.0,腾讯日K,2026-08-07T17:30:13,20260926T093659
512800,华宝银行ETF,SSE,2026-03-23,0.793,0.794,0.768,0.771,0.7930000000000006,0.7940000000000006,0.7680000000000006,0.7710000000000006,1.0000000000000007,1534374100.0,1196547457.0,腾讯日K,2026-08-07T17:30:13,20260926T093659
512800,华宝银行ETF,SSE,2026-03-24,0.773,0.788,0.773,0.787,0.7730000000000006,0.7880000000000006,0.7730000000000006,0.7870000000000006,1.0000000000000007,1227458200.0,961588588.0,腾讯日K,2026-08-07T17:30:13,20260926T093659
512800,华宝银行ETF,SSE,2026-03-25,0.787,0.795,0.779,0.794,0.7870000000000007,0.7950000000000007,0.7790000000000007,0.7940000000000007,1.0000000000000009,966486800.0,759976019.0,腾讯日K,2026-08-07T17:30:13,20260926T093659
512800,华宝银行ETF,SSE,2026-03-26,0.79,0.799,0.79,0.796,0.7900000000000007,0.7990000000000007,0.7900000000000007,0.7960000000000007,1.0000000000000009,821634300.0,653763524.0,腾讯日K,2026-08-07T17:30:13,20260926T093659
512800,华宝银行ETF,SSE,2026-03-27,0.795,0.798,0.789,0.792,0.7950000000000006,0.7980000000000006,0.7890000000000006,0.7920000000000006,1.0000000000000007,799005100.0,633130170.0,腾讯日K,2026-08-07T17:30:13,20260926T093659
512800,华宝银行ETF,SSE,2026-03-30,0.789,0.798,0.786,0.795,0.7890000000000007,0.7980000000000007,0.7860000000000007,0.7950000000000007,1.0000000000000009,1025080300.0,813673139.0,腾讯日K,2026-08-07T17:30:13,20260926T093659
512800,华宝银行ETF,SSE,2026-03-31,0.795,0.806,0.795,0.802,0.7950000000000006,0.8060000000000006,0.7950000000000006,0.8020000000000006,1.0000000000000007,996230600.0,798997077.0,腾讯日K,2026-08-07T17:30:13,20260926T093659
512800,华宝银行ETF,SSE,2026-04-01,0.803,0.809,0.799,0.802,0.8030000000000006,0.8090000000000006,0.7990000000000006,0.8020000000000006,1.0000000000000007,804753800.0,646767934.0,腾讯日K,2026-08-07T17:30:13,20260926T093659
512800,华宝银行ETF,SSE,2026-04-02,0.801,0.809,0.8,0.805,0.8010000000000006,0.8090000000000006,0.8000000000000006,0.8050000000000006,1.0000000000000007,962543000.0,774452276.0,腾讯日K,2026-08-07T17:30:13,20260926T093659
512800,华宝银行ETF,SSE,2026-04-03,0.806,0.806,0.795,0.797,0.8060000000000006,0.8060000000000006,0.7950000000000006,0.7970000000000006,1.0000000000000007,628528600.0,501590321.0,腾讯日K,2026-08-07T17:30:13,20260926T093659
512800,华宝银行ETF,SSE,2026-04-07,0.796,0.798,0.786,0.788,0.7960000000000006,0.7980000000000006,0.7860000000000006,0.7880000000000006,1.0000000000000007,894283200.0,706698679.0,腾讯日K,2026-08-07T17:30:13,20260926T093659
512800,华宝银行ETF,SSE,2026-04-08,0.79,0.795,0.784,0.794,0.7900000000000006,0.7950000000000006,0.7840000000000006,0.7940000000000006,1.0000000000000007,1152031500.0,911251358.0,腾讯日K,2026-08-07T17:30:13,20260926T093659
512800,华宝银行ETF,SSE,2026-04-09,0.793,0.796,0.787,0.788,0.7930000000000006,0.7960000000000006,0.7870000000000006,0.7880000000000006,1.0000000000000007,625015900.0,493509157.0,腾讯日K,2026-08-07T17:30:13,20260926T093659
512800,华宝银行ETF,SSE,2026-04-10,0.788,0.789,0.786,0.787,0.7880000000000006,0.7890000000000006,0.7860000000000006,0.7870000000000006,1.0000000000000007,813951300.0,640823185.0,腾讯日K,2026-08-07T17:30:13,20260926T093659
512800,华宝银行ETF,SSE,2026-04-13,0.787,0.789,0.782,0.789,0.7870000000000006,0.7890000000000006,0.7820000000000006,0.7890000000000006,1.0000000000000007,739512000.0,580682945.0,腾讯日K,2026-08-07T17:30:13,20260926T093659
512800,华宝银行ETF,SSE,2026-04-14,0.787,0.795,0.786,0.794,0.7870000000000007,0.7950000000000007,0.7860000000000007,0.7940000000000007,1.0000000000000009,793302200.0,628172015.0,腾讯日K,2026-08-07T17:30:13,20260926T093659
512800,华宝银行ETF,SSE,2026-04-15,0.794,0.804,0.793,0.802,0.7940000000000007,0.8040000000000007,0.7930000000000007,0.8020000000000007,1.0000000000000009,829089400.0,663371327.0,腾讯日K,2026-08-07T17:30:13,20260926T093659
512800,华宝银行ETF,SSE,2026-04-16,0.802,0.808,0.798,0.801,0.8020000000000007,0.8080000000000007,0.7980000000000007,0.8010000000000007,1.0000000000000009,781656100.0,626682236.0,腾讯日K,2026-08-07T17:30:13,20260926T093659
512800,华宝银行ETF,SSE,2026-04-17,0.799,0.802,0.795,0.796,0.7990000000000007,0.8020000000000007,0.7950000000000007,0.7960000000000007,1.0000000000000009,638087800.0,509032459.0,腾讯日K,2026-08-07T17:30:13,20260926T093659
512800,华宝银行ETF,SSE,2026-04-20,0.796,0.805,0.794,0.805,0.7960000000000007,0.8050000000000007,0.7940000000000007,0.8050000000000007,1.0000000000000009,783748000.0,628612710.0,腾讯日K,2026-08-07T17:30:13,20260926T093659
512800,华宝银行ETF,SSE,2026-04-21,0.805,0.814,0.803,0.808,0.8050000000000007,0.8140000000000007,0.8030000000000007,0.8080000000000007,1.0000000000000009,796016700.0,644365053.0,腾讯日K,2026-08-07T17:30:13,20260926T093659
512800,华宝银行ETF,SSE,2026-04-22,0.808,0.809,0.8,0.802,0.8080000000000007,0.8090000000000007,0.8000000000000007,0.8020000000000007,1.0000000000000009,657524700.0,528343050.0,腾讯日K,2026-08-07T17:30:13,20260926T093659
512800,华宝银行ETF,SSE,2026-04-23,0.802,0.808,0.799,0.804,0.8020000000000007,0.8080000000000007,0.7990000000000007,0.8040000000000007,1.0000000000000009,763619000.0,614220415.0,腾讯日K,2026-08-07T17:30:13,20260926T093659
512800,华宝银行ETF,SSE,2026-04-24,0.804,0.807,0.8,0.803,0.8040000000000007,0.8070000000000007,0.8000000000000007,0.8030000000000007,1.0000000000000009,645295600.0,518122190.0,腾讯日K,2026-08-07T17:30:13,20260926T093659
512800,华宝银行ETF,SSE,2026-04-27,0.802,0.811,0.798,0.8,0.8020000000000006,0.8110000000000006,0.7980000000000006,0.8000000000000006,1.0000000000000007,578546400.0,465406575.0,腾讯日K,2026-08-07T17:30:13,20260926T093659
512800,华宝银行ETF,SSE,2026-04-28,0.798,0.803,0.797,0.803,0.7980000000000006,0.8030000000000006,0.7970000000000006,0.8030000000000006,1.0000000000000007,711242100.0,569013966.0,腾讯日K,2026-08-07T17:30:13,20260926T093659
512800,华宝银行ETF,SSE,2026-04-29,0.8,0.803,0.794,0.8,0.8000000000000004,0.8030000000000004,0.7940000000000004,0.8000000000000005,1.0000000000000004,769589600.0,614600230.0,腾讯日K,2026-08-07T17:30:13,20260926T093659
512800,华宝银行ETF,SSE,2026-04-30,0.798,0.8,0.792,0.795,0.7980000000000006,0.8000000000000006,0.7920000000000006,0.7950000000000006,1.0000000000000007,1015084500.0,807184213.0,腾讯日K,2026-08-07T17:30:13,20260926T093659
512800,华宝银行ETF,SSE,2026-05-06,0.793,0.794,0.783,0.788,0.7930000000000006,0.7940000000000006,0.7830000000000006,0.7880000000000006,1.0000000000000007,1056780600.0,830690161.0,腾讯日K,2026-08-07T17:30:13,20260926T093659
512800,华宝银行ETF,SSE,2026-05-07,0.787,0.789,0.784,0.784,0.7870000000000006,0.7890000000000006,0.7840000000000006,0.7840000000000005,1.0000000000000007,729274000.0,573092505.0,腾讯日K,2026-08-07T17:30:13,20260926T093659
512800,华宝银行ETF,SSE,2026-05-08,0.785,0.79,0.783,0.785,0.7850000000000004,0.7900000000000004,0.7830000000000004,0.7850000000000004,1.0000000000000004,769889000.0,604451063.0,腾讯日K,2026-08-07T17:30:13,20260926T093659
512800,华宝银行ETF,SSE,2026-05-11,0.784,0.785,0.779,0.785,0.7840000000000004,0.7850000000000004,0.7790000000000004,0.7850000000000004,1.0000000000000004,940600600.0,734883824.0,腾讯日K,2026-08-07T17:30:13,20260926T093659
512800,华宝银行ETF,SSE,2026-05-12,0.784,0.787,0.781,0.782,0.7840000000000004,0.7870000000000004,0.7810000000000004,0.7820000000000004,1.0000000000000004,1056543900.0,827303668.0,腾讯日K,2026-08-07T17:30:13,20260926T093659
512800,华宝银行ETF,SSE,2026-05-13,0.782,0.785,0.779,0.78,0.7820000000000004,0.7850000000000004,0.7790000000000004,0.7800000000000004,1.0000000000000004,908019800.0,709389373.0,腾讯日K,2026-08-07T17:30:13,20260926T093659
512800,华宝银行ETF,SSE,2026-05-14,0.78,0.786,0.778,0.784,0.7800000000000002,0.7860000000000003,0.7780000000000002,0.7840000000000003,1.0000000000000002,962654000.0,753770104.0,腾讯日K,2026-08-07T17:30:13,20260926T093659
512800,华宝银行ETF,SSE,2026-05-15,0.782,0.786,0.777,0.779,0.7820000000000004,0.7860000000000004,0.7770000000000004,0.7790000000000004,1.0000000000000004,940728500.0,734447746.0,腾讯日K,2026-08-07T17:30:13,20260926T093659
512800,华宝银行ETF,SSE,2026-05-18,0.777,0.778,0.769,0.771,0.7770000000000004,0.7780000000000004,0.7690000000000003,0.7710000000000004,1.0000000000000004,793885900.0,612810654.0,腾讯日K,2026-08-07T17:30:13,20260926T093659
512800,华宝银行ETF,SSE,2026-05-19,0.771,0.781,0.77,0.775,0.7710000000000002,0.7810000000000002,0.7700000000000002,0.7750000000000002,1.0000000000000002,620913300.0,482233398.0,腾讯日K,2026-08-07T17:30:13,20260926T093659
512800,华宝银行ETF,SSE,2026-05-20,0.775,0.776,0.767,0.768,0.7750000000000004,0.7760000000000004,0.7670000000000003,0.7680000000000003,1.0000000000000004,1005315000.0,775146335.0,腾讯日K,2026-08-07T17:30:13,20260926T093659
512800,华宝银行ETF,SSE,2026-05-21,0.768,0.774,0.765,0.771,0.7680000000000003,0.7740000000000004,0.7650000000000003,0.7710000000000004,1.0000000000000004,1031175000.0,794295986.0,腾讯日K,2026-08-07T17:30:13,20260926T093659
512800,华宝银行ETF,SSE,2026-05-22,0.769,0.772,0.764,0.769,0.7690000000000003,0.7720000000000004,0.7640000000000003,0.7690000000000003,1.0000000000000004,750132300.0,576053392.0,腾讯日K,2026-08-07T17:30:13,20260926T093659
512800,华宝银行ETF,SSE,2026-05-25,0.767,0.773,0.765,0.767,0.7670000000000003,0.7730000000000004,0.7650000000000003,0.7670000000000003,1.0000000000000004,521647300.0,401140181.0,腾讯日K,2026-08-07T17:30:13,20260926T093659
512800,华宝银行ETF,SSE,2026-05-26,0.767,0.774,0.767,0.771,0.7670000000000006,0.7740000000000006,0.7670000000000006,0.7710000000000005,1.0000000000000007,713641400.0,549809359.0,腾讯日K,2026-08-07T17:30:13,20260926T093659
512800,华宝银行ETF,SSE,2026-05-27,0.77,0.773,0.766,0.767,0.7700000000000006,0.7730000000000006,0.7660000000000006,0.7670000000000005,1.0000000000000007,681753300.0,524118563.0,腾讯日K,2026-08-07T17:30:13,20260926T093659
512800,华宝银行ETF,SSE,2026-05-28,0.766,0.77,0.76,0.761,0.7660000000000006,0.7700000000000006,0.7600000000000006,0.7610000000000005,1.0000000000000007,1128902900.0,861982889.0,腾讯日K,2026-08-07T17:30:13,20260926T093659
512800,华宝银行ETF,SSE,2026-05-29,0.76,0.779,0.757,0.776,0.7600000000000003,0.7790000000000004,0.7570000000000003,0.7760000000000004,1.0000000000000004,1167237600.0,901367164.0,腾讯日K,2026-08-07T17:30:13,20260926T093659
512800,华宝银行ETF,SSE,2026-06-01,0.775,0.785,0.772,0.785,0.7750000000000004,0.7850000000000004,0.7720000000000004,0.7850000000000004,1.0000000000000004,1047003500.0,815818267.0,腾讯日K,2026-08-07T17:30:13,20260926T093659
512800,华宝银行ETF,SSE,2026-06-02,0.784,0.795,0.783,0.79,0.7840000000000004,0.7950000000000004,0.7830000000000004,0.7900000000000004,1.0000000000000004,1092003000.0,861986903.0,腾讯日K,2026-08-07T17:30:13,20260926T093659
512800,华宝银行ETF,SSE,2026-06-03,0.788,0.789,0.778,0.783,0.7880000000000003,0.7890000000000003,0.7780000000000002,0.7830000000000003,1.0000000000000002,858531900.0,671932268.0,腾讯日K,2026-08-07T17:30:13,20260926T093659
512800,华宝银行ETF,SSE,2026-06-04,0.782,0.786,0.772,0.774,0.7820000000000003,0.7860000000000003,0.7720000000000002,0.7740000000000002,1.0000000000000002,569528700.0,442927171.0,腾讯日K,2026-08-07T17:30:13,20260926T093659
512800,华宝银行ETF,SSE,2026-06-05,0.775,0.786,0.774,0.784,0.7750000000000002,0.7860000000000003,0.7740000000000002,0.7840000000000001,1.0000000000000002,876530000.0,686113997.0,腾讯日K,2026-08-07T17:30:13,20260926T093659
512800,华宝银行ETF,SSE,2026-06-08,0.786,0.793,0.78,0.789,0.7860000000000003,0.7930000000000003,0.7800000000000002,0.7890000000000003,1.0000000000000002,1191483000.0,938390378.0,腾讯日K,2026-08-07T17:30:13,20260926T093659
512800,华宝银行ETF,SSE,2026-06-09,0.785,0.798,0.784,0.792,0.7850000000000003,0.7980000000000003,0.7840000000000003,0.7920000000000001,1.0000000000000002,1792823800.0,1421906301.0,腾讯日K,2026-08-07T17:30:13,20260926T093659
512800,华宝银行ETF,SSE,2026-06-10,0.792,0.807,0.792,0.806,0.7920000000000003,0.8070000000000003,0.7920000000000003,0.8060000000000003,1.0000000000000002,1503232400.0,1205078116.0,腾讯日K,2026-08-07T17:30:13,20260926T093659
512800,华宝银行ETF,SSE,2026-06-11,0.808,0.809,0.797,0.802,0.8080000000000003,0.8090000000000003,0.7970000000000003,0.8020000000000002,1.0000000000000002,1530754700.0,1229474849.0,腾讯日K,2026-08-07T17:30:13,20260926T093659
512800,华宝银行ETF,SSE,2026-06-12,0.797,0.816,0.794,0.814,0.7970000000000003,0.8160000000000002,0.7940000000000003,0.8140000000000002,1.0000000000000002,1522149400.0,1228487593.0,腾讯日K,2026-08-07T17:30:13,20260926T093659
512800,华宝银行ETF,SSE,2026-06-15,0.812,0.815,0.8,0.802,0.8120000000000003,0.8150000000000002,0.8000000000000003,0.8020000000000002,1.0000000000000002,1550196800.0,1249680490.0,腾讯日K,2026-08-07T17:30:13,20260926T093659
512800,华宝银行ETF,SSE,2026-06-16,0.8,0.802,0.79,0.792,0.8000000000000003,0.8020000000000003,0.7900000000000003,0.7920000000000001,1.0000000000000002,1058686200.0,841075236.0,腾讯日K,2026-08-07T17:30:13,20260926T093659
512800,华宝银行ETF,SSE,2026-06-17,0.794,0.798,0.783,0.785,0.7940000000000003,0.7980000000000003,0.7830000000000003,0.7850000000000001,1.0000000000000002,1239997300.0,976660730.0,腾讯日K,2026-08-07T17:30:13,20260926T093659
512800,华宝银行ETF,SSE,2026-06-18,0.785,0.785,0.764,0.766,0.7850000000000003,0.7850000000000003,0.7640000000000002,0.7660000000000001,1.0000000000000002,1813710000.0,1397825407.0,腾讯日K,2026-08-07T17:30:13,20260926T093659
512800,华宝银行ETF,SSE,2026-06-22,0.763,0.776,0.757,0.771,0.7630000000000002,0.7760000000000002,0.7570000000000002,0.7710000000000002,1.0000000000000002,1659863700.0,1270387864.0,腾讯日K,2026-08-07T17:30:13,20260926T093659
512800,华宝银行ETF,SSE,2026-06-23,0.769,0.786,0.769,0.778,0.7690000000000002,0.7860000000000003,0.7690000000000002,0.7780000000000002,1.0000000000000002,1244068900.0,969897910.0,腾讯日K,2026-08-07T17:30:13,20260926T093659
512800,华宝银行ETF,SSE,2026-06-24,0.779,0.781,0.76,0.761,0.7790000000000002,0.7810000000000002,0.7600000000000002,0.7610000000000002,1.0000000000000002,1240928600.0,953094445.0,腾讯日K,2026-08-07T17:30:13,20260926T093659
512800,华宝银行ETF,SSE,2026-06-25,0.757,0.765,0.752,0.753,0.7570000000000002,0.7650000000000002,0.7520000000000002,0.7530000000000002,1.0000000000000002,1238922600.0,937000090.0,腾讯日K,2026-08-07T17:30:13,20260926T093659
512800,华宝银行ETF,SSE,2026-06-26,0.753,0.757,0.745,0.746,0.7530000000000002,0.7570000000000002,0.7450000000000001,0.7460000000000002,1.0000000000000002,895153900.0,670671754.0,腾讯日K,2026-08-07T17:30:13,20260926T093659
512800,华宝银行ETF,SSE,2026-06-29,0.745,0.753,0.731,0.75,0.7450000000000001,0.7530000000000002,0.7310000000000001,0.7500000000000002,1.0000000000000002,1223533500.0,910648499.0,腾讯日K,2026-08-07T17:30:13,20260926T093659
512800,华宝银行ETF,SSE,2026-06-30,0.747,0.747,0.728,0.734,0.7470000000000003,0.7470000000000003,0.7280000000000003,0.7340000000000003,1.0000000000000004,1807252300.0,1324801576.0,腾讯日K,2026-08-07T17:30:13,20260926T093659
512800,华宝银行ETF,SSE,2026-07-01,0.732,0.74,0.728,0.737,0.7320000000000003,0.7400000000000003,0.7280000000000003,0.7370000000000003,1.0000000000000004,1141637400.0,839804165.0,腾讯日K,2026-08-07T17:30:13,20260926T093659
512800,华宝银行ETF,SSE,2026-07-02,0.737,0.754,0.737,0.748,0.7370000000000003,0.7540000000000003,0.7370000000000003,0.7480000000000003,1.0000000000000004,2344586500.0,1747898700.0,腾讯日K,2026-08-07T17:30:13,20260926T093659
512800,华宝银行ETF,SSE,2026-07-03,0.744,0.753,0.738,0.747,0.7440000000000003,0.7530000000000003,0.7380000000000003,0.7470000000000003,1.0000000000000004,1023447500.0,763563360.0,腾讯日K,2026-08-07T17:30:13,20260926T093659
512800,华宝银行ETF,SSE,2026-07-06,0.744,0.761,0.74,0.76,0.7440000000000003,0.7610000000000003,0.7400000000000003,0.7600000000000003,1.0000000000000004,987870900.0,743062540.0,腾讯日K,2026-08-07T17:30:13,20260926T093659
512800,华宝银行ETF,SSE,2026-07-07,0.759,0.763,0.751,0.759,0.7590000000000003,0.7630000000000003,0.7510000000000003,0.7590000000000003,1.0000000000000004,1606910100.0,1214082957.0,腾讯日K,2026-08-07T17:30:13,20260926T093659
512800,华宝银行ETF,SSE,2026-07-08,0.758,0.77,0.752,0.77,0.7580000000000003,0.7700000000000004,0.7520000000000003,0.7700000000000004,1.0000000000000004,1026256700.0,785232565.0,腾讯日K,2026-08-07T17:30:13,20260926T093659
512800,华宝银行ETF,SSE,2026-07-09,0.764,0.766,0.758,0.761,0.7640000000000003,0.7660000000000003,0.7580000000000003,0.7610000000000003,1.0000000000000004,1067943300.0,813588827.0,腾讯日K,2026-08-07T17:30:13,20260926T093659
512800,华宝银行ETF,SSE,2026-07-10,0.761,0.767,0.758,0.767,0.7610000000000002,0.7670000000000002,0.7580000000000002,0.7670000000000002,1.0000000000000002,964055700.0,735054599.0,腾讯日K,2026-08-07T17:30:13,20260926T093659
512800,华宝银行ETF,SSE,2026-07-13,0.764,0.781,0.762,0.779,0.7640000000000003,0.7810000000000004,0.7620000000000003,0.7790000000000004,1.0000000000000004,1528652500.0,1186670038.0,腾讯日K,2026-08-07T17:30:13,20260926T093659
512800,华宝银行ETF,SSE,2026-07-14,0.778,0.783,0.773,0.781,0.7780000000000002,0.7830000000000003,0.7730000000000002,0.7810000000000002,1.0000000000000002,995612300.0,774934537.0,腾讯日K,2026-08-07T17:30:13,20260926T093659
512800,华宝银行ETF,SSE,2026-07-15,0.775,0.792,0.773,0.79,0.7750000000000002,0.7920000000000003,0.7730000000000002,0.7900000000000001,1.0000000000000002,2079465700.0,1632111435.0,腾讯日K,2026-08-07T17:30:13,20260926T093659
512800,华宝银行ETF,SSE,2026-07-16,0.79,0.795,0.78,0.782,0.7900000000000003,0.7950000000000003,0.7800000000000002,0.7820000000000001,1.0000000000000002,934213400.0,733656513.0,腾讯日K,2026-08-07T17:30:13,20260926T093659
512800,华宝银行ETF,SSE,2026-07-17,0.784,0.794,0.783,0.789,0.7840000000000003,0.7940000000000003,0.7830000000000003,0.7890000000000001,1.0000000000000002,2458832000.0,1943623465.0,腾讯日K,2026-08-07T17:30:13,20260926T093659
512800,华宝银行ETF,SSE,2026-07-20,0.787,0.809,0.786,0.808,0.7870000000000003,0.8090000000000003,0.7860000000000003,0.8080000000000002,1.0000000000000002,1238131100.0,990917499.0,腾讯日K,2026-08-07T17:30:13,20260926T093659
512800,华宝银行ETF,SSE,2026-07-21,0.808,0.815,0.789,0.79,0.8080000000000003,0.8150000000000002,0.7890000000000003,0.7900000000000001,1.0000000000000002,1929934700.0,1541908628.0,腾讯日K,2026-08-07T17:30:13,20260926T093659
512800,华宝银行ETF,SSE,2026-07-22,0.789,0.799,0.781,0.799,0.7890000000000003,0.7990000000000003,0.7810000000000002,0.7990000000000002,1.0000000000000002,1191519800.0,942367315.0,腾讯日K,2026-08-07T17:30:13,20260926T093659
512800,华宝银行ETF,SSE,2026-07-23,0.797,0.805,0.795,0.803,0.7970000000000003,0.8050000000000003,0.7950000000000003,0.8030000000000002,1.0000000000000002,1423810200.0,1140740994.0,腾讯日K,2026-08-07T17:30:13,20260926T093659
512800,华宝银行ETF,SSE,2026-07-24,0.805,0.81,0.803,0.804,0.8050000000000003,0.8100000000000003,0.8030000000000003,0.8040000000000002,1.0000000000000002,1450245900.0,1169400138.0,腾讯日K,2026-08-07T17:30:13,20260926T093659
512800,华宝银行ETF,SSE,2026-07-27,0.807,0.811,0.801,0.805,0.8070000000000003,0.8110000000000003,0.8010000000000003,0.8050000000000002,1.0000000000000002,893674200.0,720619453.0,腾讯日K,2026-08-07T17:30:13,20260926T093659
512800,华宝银行ETF,SSE,2026-07-28,0.807,0.819,0.805,0.818,0.8070000000000003,0.8190000000000002,0.8050000000000003,0.8180000000000001,1.0000000000000002,2002695800.0,1630402376.0,腾讯日K,2026-08-07T17:30:13,20260926T093659
512800,华宝银行ETF,SSE,2026-07-29,0.819,0.826,0.818,0.819,0.819,0.826,0.818,0.819,1.0,1629096800.0,1337275558.0,腾讯日K,2026-08-07T17:30:13,20260926T093659
512800,华宝银行ETF,SSE,2026-07-30,0.819,0.841,0.818,0.84,0.8190000000000002,0.8410000000000002,0.8180000000000002,0.8400000000000001,1.0000000000000002,1173785000.0,976958525.0,腾讯日K,2026-08-07T17:30:13,20260926T093659
512800,华宝银行ETF,SSE,2026-07-31,0.826,0.836,0.81,0.836,0.8260000000000002,0.8360000000000002,0.8100000000000003,0.8360000000000001,1.0000000000000002,1898851700.0,1556291717.0,腾讯日K,2026-08-07T17:30:13,20260926T093659
512800,华宝银行ETF,SSE,2026-08-03,0.827,0.836,0.821,0.831,0.8270000000000002,0.8360000000000002,0.8210000000000002,0.8310000000000001,1.0000000000000002,1008267300.0,835751064.0,腾讯日K,2026-08-07T17:30:13,20260926T093659
512800,华宝银行ETF,SSE,2026-08-04,0.829,0.829,0.81,0.811,0.829,0.829,0.81,0.811,1.0,1747787000.0,1422932169.0,腾讯日K,2026-08-07T17:30:13,20260926T093659
512800,华宝银行ETF,SSE,2026-08-05,0.808,0.813,0.798,0.801,0.808,0.813,0.798,0.801,1.0,1519934000.0,1220309182.0,腾讯日K,2026-08-07T17:30:13,20260926T093659
512800,华宝银行ETF,SSE,2026-08-06,0.803,0.807,0.794,0.805,0.8030000000000003,0.8070000000000003,0.7940000000000003,0.8050000000000002,1.0000000000000002,1378304000.0,1102729682.0,腾讯日K,2026-08-07T17:30:13,20260926T093659
512800,华宝银行ETF,SSE,2026-08-07,0.802,0.805,0.793,0.798,0.802,0.805,0.793,0.798,1.0,1950541600.0,1558960000.0,腾讯日K,2026-08-07T17:30:13,20260926T093659
512800,华宝银行ETF,SSE,2026-08-10,0.795,0.808,0.795,0.803,0.795,0.808,0.795,0.803,1.0,1226971700.0,985377295.0,腾讯日K/前复权日K,2026-08-12T15:11:07+08:00,20260926T093659
512800,华宝银行ETF,SSE,2026-08-11,0.803,0.807,0.799,0.8,0.803,0.807,0.799,0.8,1.0,1573656100.0,1261088360.0,腾讯日K/前复权日K,2026-08-12T15:11:07+08:00,20260926T093659
512800,华宝银行ETF,SSE,2026-08-12,0.8,0.802,0.795,0.8,0.8,0.802,0.795,0.8,1.0,738927900.0,589913579.0,腾讯日K/前复权日K,2026-08-16T10:57:23+08:00,20260926T093659
512800,华宝银行ETF,SSE,2026-08-13,0.796,0.803,0.795,0.803,0.796,0.803,0.795,0.803,1.0,1129185100.0,903430505.0,腾讯日K/前复权日K,2026-08-16T10:57:23+08:00,20260926T093659
512800,华宝银行ETF,SSE,2026-08-14,0.8,0.804,0.797,0.797,0.8,0.804,0.797,0.797,1.0,919619600.0,735893066.0,腾讯日K/前复权日K,2026-08-16T10:57:23+08:00,20260926T093659
512800,华宝银行ETF,SSE,2026-08-17,0.796,0.798,0.793,0.796,0.796,0.798,0.793,0.796,1.0,948910000.0,754739315.0,腾讯日K/前复权日K,2026-08-24T09:33:57+08:00,20260926T093659
512800,华宝银行ETF,SSE,2026-08-18,0.795,0.802,0.795,0.802,0.795,0.802,0.795,0.802,1.0,1257986600.0,1005789903.0,腾讯日K/前复权日K,2026-08-24T09:33:57+08:00,20260926T093659
512800,华宝银行ETF,SSE,2026-08-19,0.804,0.816,0.803,0.815,0.804,0.816,0.803,0.815,1.0,1466279300.0,1189038949.0,腾讯日K/前复权日K,2026-08-24T09:33:57+08:00,20260926T093659
512800,华宝银行ETF,SSE,2026-08-20,0.809,0.82,0.807,0.818,0.809,0.82,0.807,0.818,1.0,1589679000.0,1295134348.0,腾讯日K/前复权日K,2026-08-24T09:33:57+08:00,20260926T093659
512800,华宝银行ETF,SSE,2026-08-21,0.817,0.822,0.814,0.815,0.817,0.822,0.814,0.815,1.0,887073600.0,724817299.0,腾讯日K/前复权日K,2026-08-24T09:33:57+08:00,20260926T093659
512800,华宝银行ETF,SSE,2026-08-24,0.815,0.829,0.813,0.827,0.815,0.829,0.813,0.827,1.0,1245598500.0,1027765130.0,腾讯日K/前复权日K,2026-08-28T08:35:12+08:00,20260926T093659
512800,华宝银行ETF,SSE,2026-08-25,0.829,0.832,0.82,0.821,0.829,0.832,0.82,0.821,1.0,1046603600.0,862532709.0,腾讯日K/前复权日K,2026-08-28T08:35:12+08:00,20260926T093659
512800,华宝银行ETF,SSE,2026-08-26,0.82,0.83,0.819,0.829,0.82,0.83,0.819,0.829,1.0,1061222300.0,877402806.0,腾讯日K/前复权日K,2026-08-28T08:35:12+08:00,20260926T093659
512800,华宝银行ETF,SSE,2026-08-27,0.826,0.827,0.814,0.819,0.826,0.827,0.814,0.819,1.0,1281894000.0,1049347509.0,腾讯日K/前复权日K,2026-08-28T08:35:12+08:00,20260926T093659
512800,华宝银行ETF,SSE,2026-08-28,0.817,0.819,0.811,0.817,0.817,0.819,0.811,0.817,1.0,792156400.0,645679898.0,腾讯日K/前复权日K,2026-08-28T20:24:50+08:00,20260926T093659
512800,华宝银行ETF,SSE,2026-08-31,0.818,0.83,0.817,0.829,0.818,0.83,0.817,0.829,1.0,1113046700.0,919117369.0,腾讯日K/前复权日K,2026-09-05T10:35:53+08:00,20260926T093659
512800,华宝银行ETF,SSE,2026-09-01,0.826,0.846,0.826,0.846,0.826,0.846,0.826,0.846,1.0,1250453000.0,1049443614.0,腾讯日K/前复权日K,2026-09-05T10:35:53+08:00,20260926T093659
512800,华宝银行ETF,SSE,2026-09-02,0.846,0.85,0.84,0.844,0.846,0.85,0.84,0.844,1.0,1108325900.0,936802924.0,腾讯日K/前复权日K,2026-09-05T10:35:53+08:00,20260926T093659
512800,华宝银行ETF,SSE,2026-09-03,0.841,0.854,0.839,0.84,0.841,0.854,0.839,0.84,1.0,1145145400.0,970104733.0,腾讯日K/前复权日K,2026-09-05T10:35:53+08:00,20260926T093659
512800,华宝银行ETF,SSE,2026-09-04,0.839,0.851,0.838,0.848,0.839,0.851,0.838,0.848,1.0,1133044700.0,960462242.0,腾讯日K/前复权日K,2026-09-05T10:35:53+08:00,20260926T093659
512800,华宝银行ETF,SSE,2026-09-07,0.849,0.85,0.833,0.835,0.849,0.85,0.833,0.835,1.0,1221756100.0,1024976948.0,腾讯日K/前复权日K,2026-09-12T10:09:37+08:00,20260926T093659
512800,华宝银行ETF,SSE,2026-09-08,0.835,0.842,0.833,0.839,0.835,0.842,0.833,0.839,1.0,845454300.0,708046499.0,腾讯日K/前复权日K,2026-09-12T10:09:37+08:00,20260926T093659
512800,华宝银行ETF,SSE,2026-09-09,0.838,0.844,0.835,0.842,0.838,0.844,0.835,0.842,1.0,752595100.0,632271291.0,腾讯日K/前复权日K,2026-09-12T10:09:37+08:00,20260926T093659
512800,华宝银行ETF,SSE,2026-09-10,0.842,0.854,0.839,0.853,0.842,0.854,0.839,0.853,1.0,1209047400.0,1027296266.0,腾讯日K/前复权日K,2026-09-12T10:09:37+08:00,20260926T093659
512800,华宝银行ETF,SSE,2026-09-11,0.854,0.856,0.845,0.847,0.854,0.856,0.845,0.847,1.0,1065658200.0,905949827.0,腾讯日K/前复权日K,2026-09-12T10:09:37+08:00,20260926T093659
512800,华宝银行ETF,SSE,2026-09-14,0.849,0.86,0.848,0.856,0.849,0.86,0.848,0.856,1.0,1154893700.0,986595424.0,腾讯日K/前复权日K,2026-09-18T18:31:56+08:00,20260926T093659
512800,华宝银行ETF,SSE,2026-09-15,0.855,0.855,0.843,0.843,0.855,0.855,0.843,0.843,1.0,1104891200.0,936535935.0,腾讯日K/前复权日K,2026-09-18T18:31:56+08:00,20260926T093659
512800,华宝银行ETF,SSE,2026-09-16,0.845,0.848,0.833,0.839,0.845,0.848,0.833,0.839,1.0,1419651600.0,1190726263.0,腾讯日K/前复权日K,2026-09-18T18:31:56+08:00,20260926T093659
512800,华宝银行ETF,SSE,2026-09-17,0.839,0.845,0.832,0.837,0.839,0.845,0.832,0.837,1.0,885345200.0,742432890.0,腾讯日K/前复权日K,2026-09-18T18:31:56+08:00,20260926T093659
512800,华宝银行ETF,SSE,2026-09-18,0.834,0.843,0.831,0.835,0.834,0.843,0.831,0.835,1.0,839967100.0,702707752.0,腾讯日K/前复权日K,2026-09-18T18:31:56+08:00,20260926T093659
512800,华宝银行ETF,SSE,2026-09-21,0.833,0.839,0.827,0.839,0.833,0.839,0.827,0.839,1.0,991716100.0,827157247.0,腾讯日K/前复权日K,2026-09-26T09:36:59+08:00,20260926T093659
512800,华宝银行ETF,SSE,2026-09-22,0.836,0.839,0.831,0.839,0.836,0.839,0.831,0.839,1.0,712128800.0,594514541.0,腾讯日K/前复权日K,2026-09-26T09:36:59+08:00,20260926T093659
512800,华宝银行ETF,SSE,2026-09-23,0.836,0.84,0.831,0.833,0.836,0.84,0.831,0.833,1.0,786956000.0,656026480.0,腾讯日K/前复权日K,2026-09-26T09:36:59+08:00,20260926T093659
512800,华宝银行ETF,SSE,2026-09-24,0.834,0.843,0.833,0.839,0.834,0.843,0.833,0.839,1.0,1150329600.0,965671382.0,腾讯日K/前复权日K,2026-09-26T09:36:59+08:00,20260926T093659
