code,name,exchange,date,raw_open,raw_high,raw_low,raw_close,adj_open,adj_high,adj_low,adj_close,adj_factor,volume,amount,source,source_timestamp,run_id
515220,煤炭ETF国泰,SSE,2020-03-02,0.97,1.008,0.97,1.006,0.3210834990059642,0.333662027833002,0.3210834990059642,0.333,0.33101391650099404,89435600.0,,腾讯日K/前复权日K,2026-08-28T18:45:09+08:00,20260926T093659
515220,煤炭ETF国泰,SSE,2020-03-03,1.049,1.049,1.007,1.014,0.3486321499013807,0.3486321499013807,0.33467357001972386,0.337,0.33234714003944776,83868000.0,,腾讯日K/前复权日K,2026-08-28T18:45:09+08:00,20260926T093659
515220,煤炭ETF国泰,SSE,2020-03-04,1.012,1.024,1.0,1.024,0.3379921875,0.342,0.333984375,0.342,0.333984375,63942400.0,,腾讯日K/前复权日K,2026-08-28T18:45:09+08:00,20260926T093659
515220,煤炭ETF国泰,SSE,2020-03-05,1.027,1.044,1.027,1.04,0.34562499999999996,0.3513461538461538,0.34562499999999996,0.35,0.3365384615384615,68569400.0,,腾讯日K/前复权日K,2026-08-28T18:45:09+08:00,20260926T093659
515220,煤炭ETF国泰,SSE,2020-03-06,1.032,1.032,1.017,1.025,0.3453424390243903,0.3453424390243903,0.34032292682926835,0.343,0.3346341463414635,31208000.0,,腾讯日K/前复权日K,2026-08-28T18:45:09+08:00,20260926T093659
515220,煤炭ETF国泰,SSE,2020-03-09,1.003,1.01,0.986,0.987,0.3292522796352583,0.3315501519756839,0.32367173252279635,0.324,0.3282674772036474,35984300.0,,腾讯日K/前复权日K,2026-08-28T18:45:09+08:00,20260926T093659
515220,煤炭ETF国泰,SSE,2020-03-10,0.975,1.003,0.97,1.002,0.3220808383233533,0.33133033932135725,0.3204291417165669,0.331,0.33033932135728544,20707800.0,,腾讯日K/前复权日K,2026-08-28T18:45:09+08:00,20260926T093659
515220,煤炭ETF国泰,SSE,2020-03-11,1.005,1.009,0.99,0.993,0.3309516616314199,0.3322688821752266,0.32601208459214503,0.327,0.32930513595166166,21477600.0,,腾讯日K/前复权日K,2026-08-28T18:45:09+08:00,20260926T093659
515220,煤炭ETF国泰,SSE,2020-03-12,0.979,0.983,0.97,0.976,0.31897745901639346,0.32028073770491805,0.3160450819672131,0.318,0.32581967213114754,15874200.0,,腾讯日K/前复权日K,2026-08-28T18:45:09+08:00,20260926T093659
515220,煤炭ETF国泰,SSE,2020-03-13,0.944,0.969,0.936,0.962,0.30518087318087317,0.31326299376299377,0.3025945945945946,0.311,0.3232848232848233,32233800.0,,腾讯日K/前复权日K,2026-08-28T18:45:09+08:00,20260926T093659
515220,煤炭ETF国泰,SSE,2020-03-16,0.96,0.971,0.939,0.941,0.30707757704569605,0.310596174282678,0.30036025504782143,0.301,0.3198724760892667,25652200.0,,腾讯日K/前复权日K,2026-08-28T18:45:09+08:00,20260926T093659
515220,煤炭ETF国泰,SSE,2020-03-17,0.943,0.96,0.922,0.941,0.3016397449521785,0.30707757704569605,0.29492242295430393,0.301,0.3198724760892667,14532900.0,,腾讯日K/前复权日K,2026-08-28T18:45:09+08:00,20260926T093659
515220,煤炭ETF国泰,SSE,2020-03-18,0.936,0.951,0.928,0.928,0.2965344827586207,0.30128663793103444,0.294,0.294,0.3168103448275862,20087000.0,,腾讯日K/前复权日K,2026-08-28T18:45:09+08:00,20260926T093659
515220,煤炭ETF国泰,SSE,2020-03-19,0.93,0.93,0.896,0.916,0.2924017467248908,0.2924017467248908,0.2817117903930131,0.288,0.31441048034934493,20253500.0,,腾讯日K/前复权日K,2026-08-28T18:45:09+08:00,20260926T093659
515220,煤炭ETF国泰,SSE,2020-03-20,0.918,0.928,0.912,0.928,0.29083189655172415,0.294,0.2889310344827586,0.294,0.3168103448275862,21690600.0,,腾讯日K/前复权日K,2026-08-28T18:45:09+08:00,20260926T093659
515220,煤炭ETF国泰,SSE,2020-03-23,0.919,0.919,0.9,0.904,0.286679203539823,0.286679203539823,0.28075221238938053,0.282,0.31194690265486724,19676200.0,,腾讯日K/前复权日K,2026-08-28T18:45:09+08:00,20260926T093659
515220,煤炭ETF国泰,SSE,2020-03-24,0.908,0.929,0.908,0.928,0.28766379310344825,0.2943168103448276,0.28766379310344825,0.294,0.3168103448275862,20293400.0,,腾讯日K/前复权日K,2026-08-28T18:45:09+08:00,20260926T093659
515220,煤炭ETF国泰,SSE,2020-03-25,0.928,0.945,0.928,0.938,0.29581236673773986,0.30123134328358203,0.29581236673773986,0.299,0.3187633262260128,20064900.0,,腾讯日K/前复权日K,2026-08-28T18:45:09+08:00,20260926T093659
515220,煤炭ETF国泰,SSE,2020-03-26,0.929,0.935,0.927,0.929,0.295,0.2969052744886975,0.2943649085037675,0.295,0.317545748116254,18171900.0,,腾讯日K/前复权日K,2026-08-28T18:45:09+08:00,20260926T093659
515220,煤炭ETF国泰,SSE,2020-03-27,0.939,0.939,0.93,0.931,0.2985435016111707,0.2985435016111707,0.2956820622986036,0.296,0.31793770139634797,14759300.0,,腾讯日K/前复权日K,2026-08-28T18:45:09+08:00,20260926T093659
515220,煤炭ETF国泰,SSE,2020-03-30,0.931,0.934,0.919,0.929,0.2956350914962325,0.29658772874058126,0.29182454251883744,0.295,0.317545748116254,17130500.0,,腾讯日K/前复权日K,2026-08-28T18:45:09+08:00,20260926T093659
515220,煤炭ETF国泰,SSE,2020-03-31,0.931,0.935,0.924,0.925,0.29490054054054055,0.29616756756756757,0.29268324324324324,0.293,0.31675675675675674,13712300.0,,腾讯日K/前复权日K,2026-08-28T18:45:09+08:00,20260926T093659
515220,煤炭ETF国泰,SSE,2020-04-01,0.925,0.931,0.919,0.919,0.2918933623503808,0.2937867247007617,0.29,0.29,0.31556039173014144,20385000.0,,腾讯日K/前复权日K,2026-08-28T18:45:09+08:00,20260926T093659
515220,煤炭ETF国泰,SSE,2020-04-02,0.915,0.937,0.915,0.937,0.2919797225186766,0.299,0.2919797225186766,0.299,0.3191035218783351,16857900.0,,腾讯日K/前复权日K,2026-08-28T18:45:09+08:00,20260926T093659
515220,煤炭ETF国泰,SSE,2020-04-03,0.937,0.937,0.924,0.925,0.2968010810810811,0.2968010810810811,0.29268324324324324,0.293,0.31675675675675674,15288000.0,,腾讯日K/前复权日K,2026-08-28T18:45:09+08:00,20260926T093659
515220,煤炭ETF国泰,SSE,2020-04-07,0.931,0.941,0.931,0.94,0.29712765957446813,0.30031914893617023,0.29712765957446813,0.3,0.3191489361702128,18227700.0,,腾讯日K/前复权日K,2026-08-28T18:45:09+08:00,20260926T093659
515220,煤炭ETF国泰,SSE,2020-04-08,0.937,0.948,0.932,0.944,0.299760593220339,0.30327966101694914,0.29816101694915254,0.302,0.3199152542372881,16538600.0,,腾讯日K/前复权日K,2026-08-28T18:45:09+08:00,20260926T093659
515220,煤炭ETF国泰,SSE,2020-04-09,0.95,0.95,0.939,0.941,0.3038788522848034,0.3038788522848034,0.30036025504782143,0.301,0.3198724760892667,16648400.0,,腾讯日K/前复权日K,2026-08-28T18:45:09+08:00,20260926T093659
515220,煤炭ETF国泰,SSE,2020-04-10,0.942,0.942,0.928,0.93,0.29880645161290315,0.29880645161290315,0.2943655913978494,0.295,0.31720430107526876,24568300.0,,腾讯日K/前复权日K,2026-08-28T18:45:09+08:00,20260926T093659
515220,煤炭ETF国泰,SSE,2020-04-13,0.93,0.93,0.923,0.926,0.2942656587473002,0.2942656587473002,0.29205075593952484,0.293,0.31641468682505397,12564300.0,,腾讯日K/前复权日K,2026-08-28T18:45:09+08:00,20260926T093659
515220,煤炭ETF国泰,SSE,2020-04-14,0.921,0.939,0.921,0.939,0.2942492012779553,0.3,0.2942492012779553,0.3,0.3194888178913738,17383200.0,,腾讯日K/前复权日K,2026-08-28T18:45:09+08:00,20260926T093659
515220,煤炭ETF国泰,SSE,2020-04-15,0.941,0.941,0.927,0.93,0.2984892473118279,0.2984892473118279,0.29404838709677417,0.295,0.31720430107526876,14687300.0,,腾讯日K/前复权日K,2026-08-28T18:45:09+08:00,20260926T093659
515220,煤炭ETF国泰,SSE,2020-04-16,0.925,0.932,0.925,0.928,0.29304956896551726,0.2952672413793103,0.29304956896551726,0.294,0.3168103448275862,14355700.0,,腾讯日K/前复权日K,2026-08-28T18:45:09+08:00,20260926T093659
515220,煤炭ETF国泰,SSE,2020-04-17,0.93,0.935,0.928,0.93,0.295,0.29658602150537633,0.2943655913978494,0.295,0.31720430107526876,17442400.0,,腾讯日K/前复权日K,2026-08-28T18:45:09+08:00,20260926T093659
515220,煤炭ETF国泰,SSE,2020-04-20,0.931,0.932,0.927,0.932,0.2956824034334764,0.296,0.29441201716738197,0.296,0.31759656652360513,12782900.0,,腾讯日K/前复权日K,2026-08-28T18:45:09+08:00,20260926T093659
515220,煤炭ETF国泰,SSE,2020-04-21,0.929,0.929,0.908,0.913,0.29202957283680175,0.29202957283680175,0.28542825848849945,0.287,0.3143483023001095,15604900.0,,腾讯日K/前复权日K,2026-08-28T18:45:09+08:00,20260926T093659
515220,煤炭ETF国泰,SSE,2020-04-22,0.904,0.921,0.904,0.918,0.28459259259259256,0.2899444444444444,0.28459259259259256,0.289,0.31481481481481477,21472400.0,,腾讯日K/前复权日K,2026-08-28T18:45:09+08:00,20260926T093659
515220,煤炭ETF国泰,SSE,2020-04-23,0.918,0.918,0.912,0.913,0.28857174151150056,0.28857174151150056,0.2866856516976999,0.287,0.3143483023001095,16418700.0,,腾讯日K/前复权日K,2026-08-28T18:45:09+08:00,20260926T093659
515220,煤炭ETF国泰,SSE,2020-04-24,0.913,0.923,0.913,0.917,0.2877393675027262,0.29089094874591054,0.2877393675027262,0.289,0.3151581243184296,22596800.0,,腾讯日K/前复权日K,2026-08-28T18:45:09+08:00,20260926T093659
515220,煤炭ETF国泰,SSE,2020-04-27,0.915,0.919,0.91,0.912,0.2869407894736842,0.28819517543859646,0.28537280701754386,0.286,0.31359649122807015,22858800.0,,腾讯日K/前复权日K,2026-08-28T18:45:09+08:00,20260926T093659
515220,煤炭ETF国泰,SSE,2020-04-28,0.91,0.91,0.881,0.896,0.28234375,0.28234375,0.27334598214285716,0.278,0.31026785714285715,21729300.0,,腾讯日K/前复权日K,2026-08-28T18:45:09+08:00,20260926T093659
515220,煤炭ETF国泰,SSE,2020-04-29,0.89,0.906,0.89,0.9,0.2768888888888889,0.28186666666666665,0.2768888888888889,0.28,0.3111111111111111,26698400.0,,腾讯日K/前复权日K,2026-08-28T18:45:09+08:00,20260926T093659
515220,煤炭ETF国泰,SSE,2020-04-30,0.9,0.92,0.9,0.92,0.283695652173913,0.29,0.283695652173913,0.29,0.3152173913043478,23145800.0,,腾讯日K/前复权日K,2026-08-28T18:45:09+08:00,20260926T093659
515220,煤炭ETF国泰,SSE,2020-05-06,0.906,0.922,0.906,0.92,0.2855869565217391,0.2906304347826087,0.2855869565217391,0.29,0.3152173913043478,23192600.0,,腾讯日K/前复权日K,2026-08-28T18:45:09+08:00,20260926T093659
515220,煤炭ETF国泰,SSE,2020-05-07,0.92,0.92,0.91,0.913,0.28920043811610074,0.28920043811610074,0.2860569550930997,0.287,0.3143483023001095,19442800.0,,腾讯日K/前复权日K,2026-08-28T18:45:09+08:00,20260926T093659
515220,煤炭ETF国泰,SSE,2020-05-08,0.916,0.922,0.914,0.922,0.28910629067245114,0.291,0.28847505422993486,0.291,0.31561822125813443,34507300.0,,腾讯日K/前复权日K,2026-08-28T18:45:09+08:00,20260926T093659
515220,煤炭ETF国泰,SSE,2020-05-11,0.921,0.927,0.92,0.923,0.2913672806067172,0.2932654387865655,0.29105092091007584,0.292,0.31635969664138675,26580000.0,,腾讯日K/前复权日K,2026-08-28T18:45:09+08:00,20260926T093659
515220,煤炭ETF国泰,SSE,2020-05-12,0.921,0.923,0.913,0.918,0.2899444444444444,0.29057407407407404,0.2874259259259259,0.289,0.31481481481481477,22559600.0,,腾讯日K/前复权日K,2026-08-28T18:45:09+08:00,20260926T093659
515220,煤炭ETF国泰,SSE,2020-05-13,0.917,0.919,0.909,0.919,0.2893688792165397,0.29,0.28684439608269857,0.29,0.31556039173014144,19192800.0,,腾讯日K/前复权日K,2026-08-28T18:45:09+08:00,20260926T093659
515220,煤炭ETF国泰,SSE,2020-05-14,0.917,0.917,0.908,0.909,0.28750825082508247,0.28750825082508247,0.28468646864686464,0.285,0.3135313531353135,18963300.0,,腾讯日K/前复权日K,2026-08-28T18:45:09+08:00,20260926T093659
515220,煤炭ETF国泰,SSE,2020-05-15,0.909,0.914,0.909,0.911,0.2853721185510428,0.2869418221734357,0.2853721185510428,0.286,0.3139407244785949,16938100.0,,腾讯日K/前复权日K,2026-08-28T18:45:09+08:00,20260926T093659
515220,煤炭ETF国泰,SSE,2020-05-18,0.911,0.919,0.908,0.916,0.28642794759825324,0.288943231441048,0.2854847161572052,0.288,0.31441048034934493,22470500.0,,腾讯日K/前复权日K,2026-08-28T18:45:09+08:00,20260926T093659
515220,煤炭ETF国泰,SSE,2020-05-19,0.927,0.929,0.924,0.927,0.294,0.2946343042071197,0.2930485436893204,0.294,0.3171521035598705,20421800.0,,腾讯日K/前复权日K,2026-08-28T18:45:09+08:00,20260926T093659
515220,煤炭ETF国泰,SSE,2020-05-20,0.927,0.929,0.918,0.92,0.2922065217391304,0.2928369565217391,0.28936956521739127,0.29,0.3152173913043478,18918700.0,,腾讯日K/前复权日K,2026-08-28T18:45:09+08:00,20260926T093659
515220,煤炭ETF国泰,SSE,2020-05-21,0.92,0.924,0.916,0.918,0.2896296296296296,0.29088888888888886,0.28837037037037033,0.289,0.31481481481481477,15904800.0,,腾讯日K/前复权日K,2026-08-28T18:45:09+08:00,20260926T093659
515220,煤炭ETF国泰,SSE,2020-05-22,0.916,0.916,0.9,0.902,0.2853614190687362,0.2853614190687362,0.28037694013303777,0.281,0.31152993348115304,22922900.0,,腾讯日K/前复权日K,2026-08-28T18:45:09+08:00,20260926T093659
515220,煤炭ETF国泰,SSE,2020-05-25,0.904,0.916,0.901,0.912,0.2834912280701754,0.28725438596491226,0.2825504385964912,0.286,0.31359649122807015,20653900.0,,腾讯日K/前复权日K,2026-08-28T18:45:09+08:00,20260926T093659
515220,煤炭ETF国泰,SSE,2020-05-26,0.911,0.918,0.906,0.918,0.28679629629629627,0.289,0.2852222222222222,0.289,0.31481481481481477,19099900.0,,腾讯日K/前复权日K,2026-08-28T18:45:09+08:00,20260926T093659
515220,煤炭ETF国泰,SSE,2020-05-27,0.913,0.931,0.913,0.93,0.28960752688172037,0.2953172043010752,0.28960752688172037,0.295,0.31720430107526876,24076100.0,,腾讯日K/前复权日K,2026-08-28T18:45:09+08:00,20260926T093659
515220,煤炭ETF国泰,SSE,2020-05-28,0.931,0.931,0.918,0.926,0.29458207343412524,0.29458207343412524,0.29046868250539953,0.293,0.31641468682505397,16648200.0,,腾讯日K/前复权日K,2026-08-28T18:45:09+08:00,20260926T093659
515220,煤炭ETF国泰,SSE,2020-05-29,0.922,0.924,0.918,0.919,0.2909466811751904,0.2915778019586507,0.28968443960826984,0.29,0.31556039173014144,17188100.0,,腾讯日K/前复权日K,2026-08-28T18:45:09+08:00,20260926T093659
515220,煤炭ETF国泰,SSE,2020-06-01,0.919,0.933,0.919,0.932,0.29187124463519315,0.2963175965665236,0.29187124463519315,0.296,0.31759656652360513,20860000.0,,腾讯日K/前复权日K,2026-08-28T18:45:09+08:00,20260926T093659
515220,煤炭ETF国泰,SSE,2020-06-02,0.933,0.936,0.929,0.936,0.29704487179487177,0.298,0.2957713675213675,0.298,0.31837606837606836,23729400.0,,腾讯日K/前复权日K,2026-08-28T18:45:09+08:00,20260926T093659
515220,煤炭ETF国泰,SSE,2020-06-03,0.945,0.945,0.933,0.933,0.3008199356913183,0.3008199356913183,0.297,0.297,0.3183279742765273,14766300.0,,腾讯日K/前复权日K,2026-08-28T18:45:09+08:00,20260926T093659
515220,煤炭ETF国泰,SSE,2020-06-04,0.933,0.935,0.928,0.93,0.29595161290322575,0.29658602150537633,0.2943655913978494,0.295,0.31720430107526876,26915300.0,,腾讯日K/前复权日K,2026-08-28T18:45:09+08:00,20260926T093659
515220,煤炭ETF国泰,SSE,2020-06-05,0.934,0.935,0.924,0.931,0.296953813104189,0.2972717508055854,0.2937744360902255,0.296,0.31793770139634797,25173400.0,,腾讯日K/前复权日K,2026-08-28T18:45:09+08:00,20260926T093659
515220,煤炭ETF国泰,SSE,2020-06-08,0.931,0.938,0.931,0.937,0.29708537886873,0.2993191035218783,0.29708537886873,0.299,0.3191035218783351,25734400.0,,腾讯日K/前复权日K,2026-08-28T18:45:09+08:00,20260926T093659
515220,煤炭ETF国泰,SSE,2020-06-09,0.936,0.941,0.934,0.941,0.29940063761955366,0.301,0.29876089266737516,0.301,0.3198724760892667,27460500.0,,腾讯日K/前复权日K,2026-08-28T18:45:09+08:00,20260926T093659
515220,煤炭ETF国泰,SSE,2020-06-10,0.94,0.94,0.933,0.935,0.2995935828877005,0.2995935828877005,0.29736256684491974,0.298,0.3187165775401069,26686500.0,,腾讯日K/前复权日K,2026-08-28T18:45:09+08:00,20260926T093659
515220,煤炭ETF国泰,SSE,2020-06-11,0.937,0.939,0.927,0.93,0.29722043010752686,0.2978548387096773,0.29404838709677417,0.295,0.31720430107526876,28755800.0,,腾讯日K/前复权日K,2026-08-28T18:45:09+08:00,20260926T093659
515220,煤炭ETF国泰,SSE,2020-06-12,0.9,0.925,0.9,0.923,0.28472372697724807,0.2926327193932828,0.28472372697724807,0.292,0.31635969664138675,26266900.0,,腾讯日K/前复权日K,2026-08-28T18:45:09+08:00,20260926T093659
515220,煤炭ETF国泰,SSE,2020-06-15,0.923,0.925,0.914,0.917,0.29089094874591054,0.2915212649945474,0.28805452562704464,0.289,0.3151581243184296,27796000.0,,腾讯日K/前复权日K,2026-08-28T18:45:09+08:00,20260926T093659
515220,煤炭ETF国泰,SSE,2020-06-16,0.922,0.933,0.918,0.93,0.2924623655913978,0.29595161290322575,0.2911935483870967,0.295,0.31720430107526876,23801200.0,,腾讯日K/前复权日K,2026-08-28T18:45:09+08:00,20260926T093659
515220,煤炭ETF国泰,SSE,2020-06-17,0.93,0.941,0.929,0.937,0.2967662753468516,0.30027641408751327,0.2964471718249733,0.299,0.3191035218783351,26916600.0,,腾讯日K/前复权日K,2026-08-28T18:45:09+08:00,20260926T093659
515220,煤炭ETF国泰,SSE,2020-06-18,0.939,0.975,0.934,0.974,0.3056088295687885,0.31732546201232037,0.3039815195071869,0.317,0.32546201232032856,62320000.0,,腾讯日K/前复权日K,2026-08-28T18:45:09+08:00,20260926T093659
515220,煤炭ETF国泰,SSE,2020-06-19,0.972,0.972,0.961,0.966,0.314944099378882,0.314944099378882,0.311379917184265,0.313,0.32401656314699795,43993100.0,,腾讯日K/前复权日K,2026-08-28T18:45:09+08:00,20260926T093659
515220,煤炭ETF国泰,SSE,2020-06-22,0.969,0.969,0.955,0.957,0.31287460815047025,0.31287460815047025,0.3083542319749216,0.309,0.322884012539185,39717500.0,,腾讯日K/前复权日K,2026-08-28T18:45:09+08:00,20260926T093659
515220,煤炭ETF国泰,SSE,2020-06-23,0.959,0.959,0.952,0.957,0.30964576802507837,0.30964576802507837,0.3073855799373041,0.309,0.322884012539185,30884700.0,,腾讯日K/前复权日K,2026-08-28T18:45:09+08:00,20260926T093659
515220,煤炭ETF国泰,SSE,2020-06-24,0.955,0.96,0.953,0.955,0.308,0.3096125654450262,0.3073549738219895,0.308,0.3225130890052356,30898800.0,,腾讯日K/前复权日K,2026-08-28T18:45:09+08:00,20260926T093659
515220,煤炭ETF国泰,SSE,2020-06-29,0.954,0.954,0.939,0.941,0.30515834218916044,0.30515834218916044,0.30036025504782143,0.301,0.3198724760892667,25347600.0,,腾讯日K/前复权日K,2026-08-28T18:45:09+08:00,20260926T093659
515220,煤炭ETF国泰,SSE,2020-06-30,0.944,0.952,0.944,0.95,0.3030736842105263,0.3056421052631579,0.3030736842105263,0.305,0.32105263157894737,28778200.0,,腾讯日K/前复权日K,2026-08-28T18:45:09+08:00,20260926T093659
515220,煤炭ETF国泰,SSE,2020-07-01,0.951,0.966,0.949,0.966,0.30813975155279505,0.313,0.307491718426501,0.313,0.32401656314699795,33235600.0,,腾讯日K/前复权日K,2026-08-28T18:45:09+08:00,20260926T093659
515220,煤炭ETF国泰,SSE,2020-07-02,0.968,1.0,0.965,0.999,0.31975975975975973,0.3303303303303303,0.31876876876876875,0.33,0.3303303303303303,57304500.0,,腾讯日K/前复权日K,2026-08-28T18:45:09+08:00,20260926T093659
515220,煤炭ETF国泰,SSE,2020-07-03,1.004,1.056,1.0,1.056,0.3403712121212121,0.358,0.3390151515151515,0.358,0.3390151515151515,92660500.0,,腾讯日K/前复权日K,2026-08-28T18:45:09+08:00,20260926T093659
515220,煤炭ETF国泰,SSE,2020-07-06,1.08,1.161,1.07,1.149,0.3806788511749348,0.4092297650130549,0.3771540469973891,0.405,0.35248041775456923,183910400.0,,腾讯日K/前复权日K,2026-08-28T18:45:09+08:00,20260926T093659
515220,煤炭ETF国泰,SSE,2020-07-07,1.209,1.21,1.09,1.101,0.4183732970027248,0.4187193460490463,0.37719346049046326,0.381,0.3460490463215259,212425900.0,,腾讯日K/前复权日K,2026-08-28T18:45:09+08:00,20260926T093659
515220,煤炭ETF国泰,SSE,2020-07-08,1.085,1.13,1.081,1.122,0.37810606060606056,0.39378787878787874,0.37671212121212116,0.391,0.34848484848484845,143201600.0,,腾讯日K/前复权日K,2026-08-28T18:45:09+08:00,20260926T093659
515220,煤炭ETF国泰,SSE,2020-07-09,1.124,1.176,1.102,1.163,0.3981840068787618,0.4166053310404127,0.390390369733448,0.412,0.35425623387790195,217371000.0,,腾讯日K/前复权日K,2026-08-28T18:45:09+08:00,20260926T093659
515220,煤炭ETF国泰,SSE,2020-07-10,1.156,1.156,1.105,1.114,0.4015906642728904,0.4015906642728904,0.3838734290843806,0.387,0.3473967684021544,113843000.0,,腾讯日K/前复权日K,2026-08-28T18:45:09+08:00,20260926T093659
515220,煤炭ETF国泰,SSE,2020-07-13,1.103,1.142,1.097,1.136,0.3864383802816902,0.40010211267605633,0.38433626760563383,0.398,0.35035211267605637,146398500.0,,腾讯日K/前复权日K,2026-08-28T18:45:09+08:00,20260926T093659
515220,煤炭ETF国泰,SSE,2020-07-14,1.136,1.162,1.112,1.15,0.40006956521739134,0.4092260869565218,0.391617391304348,0.405,0.35217391304347834,125294600.0,,腾讯日K/前复权日K,2026-08-28T18:45:09+08:00,20260926T093659
515220,煤炭ETF国泰,SSE,2020-07-15,1.151,1.159,1.105,1.109,0.39958070333633905,0.4023579801623084,0.38361136158701536,0.385,0.34715960324616774,72802900.0,,腾讯日K/前复权日K,2026-08-28T18:45:09+08:00,20260926T093659
515220,煤炭ETF国泰,SSE,2020-07-16,1.111,1.123,1.064,1.07,0.3789859813084112,0.38307943925233645,0.36295327102803737,0.365,0.3411214953271028,59453500.0,,腾讯日K/前复权日K,2026-08-28T18:45:09+08:00,20260926T093659
515220,煤炭ETF国泰,SSE,2020-07-17,1.073,1.086,1.055,1.065,0.36572676056338027,0.37015774647887323,0.35959154929577464,0.363,0.3408450704225352,50448100.0,,腾讯日K/前复权日K,2026-08-28T18:45:09+08:00,20260926T093659
515220,煤炭ETF国泰,SSE,2020-07-20,1.07,1.129,1.068,1.125,0.3737866666666667,0.3943973333333333,0.37308800000000003,0.393,0.34933333333333333,101962100.0,,腾讯日K/前复权日K,2026-08-28T18:45:09+08:00,20260926T093659
515220,煤炭ETF国泰,SSE,2020-07-21,1.12,1.133,1.104,1.11,0.38846846846846844,0.3929774774774774,0.3829189189189189,0.385,0.3468468468468468,43845500.0,,腾讯日K/前复权日K,2026-08-28T18:45:09+08:00,20260926T093659
515220,煤炭ETF国泰,SSE,2020-07-22,1.121,1.127,1.105,1.109,0.38916591523895405,0.391248872858431,0.38361136158701536,0.385,0.34715960324616774,62276000.0,,腾讯日K/前复权日K,2026-08-28T18:45:09+08:00,20260926T093659
515220,煤炭ETF国泰,SSE,2020-07-23,1.098,1.107,1.076,1.101,0.37996185286103545,0.38307629427792916,0.37234877384196186,0.381,0.3460490463215259,48794400.0,,腾讯日K/前复权日K,2026-08-28T18:45:09+08:00,20260926T093659
515220,煤炭ETF国泰,SSE,2020-07-24,1.09,1.117,1.065,1.073,0.3728145386766077,0.38204939422180806,0.36426374650512583,0.367,0.3420316868592731,74114800.0,,腾讯日K/前复权日K,2026-08-28T18:45:09+08:00,20260926T093659
515220,煤炭ETF国泰,SSE,2020-07-27,1.074,1.081,1.057,1.075,0.3676576744186047,0.3700539534883721,0.3618381395348837,0.368,0.34232558139534885,51177800.0,,腾讯日K/前复权日K,2026-08-28T18:45:09+08:00,20260926T093659
515220,煤炭ETF国泰,SSE,2020-07-28,1.081,1.102,1.075,1.084,0.370970479704797,0.3781771217712177,0.36891143911439106,0.372,0.3431734317343173,46795600.0,,腾讯日K/前复权日K,2026-08-28T18:45:09+08:00,20260926T093659
515220,煤炭ETF国泰,SSE,2020-07-29,1.073,1.1,1.069,1.099,0.371010009099181,0.38034576888080074,0.36962693357597814,0.38,0.34576888080072793,52637600.0,,腾讯日K/前复权日K,2026-08-28T18:45:09+08:00,20260926T093659
515220,煤炭ETF国泰,SSE,2020-07-30,1.101,1.112,1.092,1.096,0.3797244525547445,0.3835182481751825,0.3766204379562044,0.378,0.3448905109489051,56677700.0,,腾讯日K/前复权日K,2026-08-28T18:45:09+08:00,20260926T093659
515220,煤炭ETF国泰,SSE,2020-07-31,1.09,1.103,1.08,1.095,0.37627397260273976,0.38076164383561645,0.3728219178082192,0.378,0.3452054794520548,50672000.0,,腾讯日K/前复权日K,2026-08-28T18:45:09+08:00,20260926T093659
515220,煤炭ETF国泰,SSE,2020-08-03,1.096,1.115,1.096,1.114,0.38074685816876125,0.38734739676840213,0.38074685816876125,0.387,0.3473967684021544,65817200.0,,腾讯日K/前复权日K,2026-08-28T18:45:09+08:00,20260926T093659
515220,煤炭ETF国泰,SSE,2020-08-04,1.116,1.116,1.1,1.108,0.38677256317689535,0.38677256317689535,0.3812274368231047,0.384,0.34657039711191334,41771800.0,,腾讯日K/前复权日K,2026-08-28T18:45:09+08:00,20260926T093659
515220,煤炭ETF国泰,SSE,2020-08-05,1.112,1.112,1.085,1.098,0.38383242258652095,0.38383242258652095,0.37451275045537336,0.379,0.3451730418943533,46067600.0,,腾讯日K/前复权日K,2026-08-28T18:45:09+08:00,20260926T093659
515220,煤炭ETF国泰,SSE,2020-08-06,1.1,1.104,1.087,1.102,0.38030852994555353,0.3816914700544465,0.3758139745916515,0.381,0.34573502722323046,50537600.0,,腾讯日K/前复权日K,2026-08-28T18:45:09+08:00,20260926T093659
515220,煤炭ETF国泰,SSE,2020-08-07,1.101,1.102,1.073,1.082,0.37751478743068384,0.37785767097966727,0.3679140480591497,0.371,0.3428835489833641,53335900.0,,腾讯日K/前复权日K,2026-08-28T18:45:09+08:00,20260926T093659
515220,煤炭ETF国泰,SSE,2020-08-10,1.08,1.094,1.075,1.089,0.37190082644628103,0.3767217630853995,0.3701790633608816,0.375,0.34435261707988984,37168200.0,,腾讯日K/前复权日K,2026-08-28T18:45:09+08:00,20260926T093659
515220,煤炭ETF国泰,SSE,2020-08-11,1.092,1.097,1.074,1.076,0.3734721189591078,0.375182156133829,0.36731598513011154,0.368,0.3420074349442379,44468100.0,,腾讯日K/前复权日K,2026-08-28T18:45:09+08:00,20260926T093659
515220,煤炭ETF国泰,SSE,2020-08-12,1.074,1.084,1.062,1.083,0.36890858725761777,0.37234349030470915,0.36478670360110804,0.372,0.34349030470914127,41936100.0,,腾讯日K/前复权日K,2026-08-28T18:45:09+08:00,20260926T093659
515220,煤炭ETF国泰,SSE,2020-08-13,1.083,1.106,1.083,1.097,0.37416317228805834,0.3821093892433911,0.37416317228805834,0.379,0.3454876937101185,42983600.0,,腾讯日K/前复权日K,2026-08-28T18:45:09+08:00,20260926T093659
515220,煤炭ETF国泰,SSE,2020-08-14,1.096,1.102,1.085,1.101,0.3792697547683924,0.3813460490463216,0.37546321525885556,0.381,0.3460490463215259,31253600.0,,腾讯日K/前复权日K,2026-08-28T18:45:09+08:00,20260926T093659
515220,煤炭ETF国泰,SSE,2020-08-17,1.099,1.13,1.096,1.13,0.38416371681415934,0.395,0.3831150442477877,0.395,0.34955752212389385,61957700.0,,腾讯日K/前复权日K,2026-08-28T18:45:09+08:00,20260926T093659
515220,煤炭ETF国泰,SSE,2020-08-18,1.14,1.158,1.126,1.145,0.40124017467248907,0.4075755458515284,0.3963126637554585,0.403,0.3519650655021834,82882800.0,,腾讯日K/前复权日K,2026-08-28T18:45:09+08:00,20260926T093659
515220,煤炭ETF国泰,SSE,2020-08-19,1.141,1.164,1.133,1.148,0.40153658536585374,0.409630662020906,0.39872125435540073,0.404,0.35191637630662026,73305500.0,,腾讯日K/前复权日K,2026-08-28T18:45:09+08:00,20260926T093659
515220,煤炭ETF国泰,SSE,2020-08-20,1.144,1.15,1.122,1.129,0.40024800708591673,0.40234720992028344,0.39255093002657226,0.395,0.34986713906111605,47715100.0,,腾讯日K/前复权日K,2026-08-28T18:45:09+08:00,20260926T093659
515220,煤炭ETF国泰,SSE,2020-08-21,1.129,1.136,1.121,1.128,0.39434929078014186,0.39679432624113475,0.3915549645390071,0.394,0.349290780141844,46588900.0,,腾讯日K/前复权日K,2026-08-28T18:45:09+08:00,20260926T093659
515220,煤炭ETF国泰,SSE,2020-08-24,1.128,1.135,1.12,1.126,0.3936980461811723,0.3961412078152754,0.39090586145648326,0.393,0.3490230905861457,56313200.0,,腾讯日K/前复权日K,2026-08-28T18:45:09+08:00,20260926T093659
515220,煤炭ETF国泰,SSE,2020-08-25,1.126,1.132,1.113,1.114,0.3911687612208258,0.3932531418312387,0.38665260323159784,0.387,0.3473967684021544,27696800.0,,腾讯日K/前复权日K,2026-08-28T18:45:09+08:00,20260926T093659
515220,煤炭ETF国泰,SSE,2020-08-26,1.114,1.117,1.101,1.103,0.3858096101541252,0.38684859474161376,0.3813073436083409,0.382,0.34632819582955576,31695900.0,,腾讯日K/前复权日K,2026-08-28T18:45:09+08:00,20260926T093659
515220,煤炭ETF国泰,SSE,2020-08-27,1.106,1.113,1.104,1.112,0.38391726618705035,0.38634712230215823,0.3832230215827338,0.386,0.34712230215827333,26947500.0,,腾讯日K/前复权日K,2026-08-28T18:45:09+08:00,20260926T093659
515220,煤炭ETF国泰,SSE,2020-08-28,1.109,1.126,1.105,1.125,0.3874106666666667,0.3933493333333333,0.3860133333333333,0.393,0.34933333333333333,47646500.0,,腾讯日K/前复权日K,2026-08-28T18:45:09+08:00,20260926T093659
515220,煤炭ETF国泰,SSE,2020-08-31,1.125,1.14,1.123,1.124,0.39234875444839856,0.39758007117437716,0.3916512455516014,0.392,0.3487544483985765,37392400.0,,腾讯日K/前复权日K,2026-08-28T18:45:09+08:00,20260926T093659
515220,煤炭ETF国泰,SSE,2020-09-01,1.12,1.132,1.119,1.131,0.3921485411140584,0.39635013262599467,0.3917984084880637,0.396,0.35013262599469497,38462500.0,,腾讯日K/前复权日K,2026-08-28T18:45:09+08:00,20260926T093659
515220,煤炭ETF国泰,SSE,2020-09-02,1.132,1.134,1.115,1.124,0.39479003558718856,0.3954875444839857,0.3888612099644128,0.392,0.3487544483985765,34718400.0,,腾讯日K/前复权日K,2026-08-28T18:45:09+08:00,20260926T093659
515220,煤炭ETF国泰,SSE,2020-09-03,1.122,1.15,1.121,1.137,0.39373614775725596,0.40356200527704483,0.39338522427440636,0.399,0.35092348284960423,47004600.0,,腾讯日K/前复权日K,2026-08-28T18:45:09+08:00,20260926T093659
515220,煤炭ETF国泰,SSE,2020-09-04,1.117,1.13,1.112,1.125,0.39020533333333335,0.39474666666666663,0.3884586666666667,0.393,0.34933333333333333,28017900.0,,腾讯日K/前复权日K,2026-08-28T18:45:09+08:00,20260926T093659
515220,煤炭ETF国泰,SSE,2020-09-07,1.123,1.137,1.115,1.118,0.3907397137745975,0.3956109123434705,0.3879561717352415,0.389,0.3479427549194991,28948300.0,,腾讯日K/前复权日K,2026-08-28T18:45:09+08:00,20260926T093659
515220,煤炭ETF国泰,SSE,2020-09-08,1.118,1.16,1.115,1.159,0.39549611734253665,0.4103537532355478,0.394434857635893,0.41,0.35375323554788607,64650600.0,,腾讯日K/前复权日K,2026-08-28T18:45:09+08:00,20260926T093659
515220,煤炭ETF国泰,SSE,2020-09-09,1.15,1.175,1.14,1.151,0.40564726324934836,0.4144656820156386,0.4021198957428323,0.406,0.3527367506516073,73514000.0,,腾讯日K/前复权日K,2026-08-28T18:45:09+08:00,20260926T093659
515220,煤炭ETF国泰,SSE,2020-09-10,1.158,1.171,1.128,1.131,0.40545358090185674,0.4100053050397878,0.3949496021220159,0.396,0.35013262599469497,52844500.0,,腾讯日K/前复权日K,2026-08-28T18:45:09+08:00,20260926T093659
515220,煤炭ETF国泰,SSE,2020-09-11,1.111,1.131,1.111,1.123,0.3878112199465717,0.39479252003561893,0.3878112199465717,0.392,0.3490650044523598,29459100.0,,腾讯日K/前复权日K,2026-08-28T18:45:09+08:00,20260926T093659
515220,煤炭ETF国泰,SSE,2020-09-14,1.122,1.127,1.113,1.118,0.39039177101967804,0.3921314847942755,0.3872602862254025,0.389,0.3479427549194991,28127900.0,,腾讯日K/前复权日K,2026-08-28T18:45:09+08:00,20260926T093659
515220,煤炭ETF国泰,SSE,2020-09-15,1.12,1.123,1.111,1.121,0.3906512042818912,0.3916975914362177,0.3875120428189117,0.391,0.3487957181088314,24299000.0,,腾讯日K/前复权日K,2026-08-28T18:45:09+08:00,20260926T093659
515220,煤炭ETF国泰,SSE,2020-09-16,1.12,1.13,1.112,1.123,0.390952804986643,0.3944434550311665,0.3881602849510241,0.392,0.3490650044523598,35079900.0,,腾讯日K/前复权日K,2026-08-28T18:45:09+08:00,20260926T093659
515220,煤炭ETF国泰,SSE,2020-09-17,1.124,1.131,1.117,1.12,0.39139285714285715,0.39383035714285713,0.3889553571428571,0.39,0.3482142857142857,33163400.0,,腾讯日K/前复权日K,2026-08-28T18:45:09+08:00,20260926T093659
515220,煤炭ETF国泰,SSE,2020-09-18,1.12,1.171,1.12,1.165,0.39704721030042917,0.41512703862660943,0.39704721030042917,0.413,0.3545064377682403,74392700.0,,腾讯日K/前复权日K,2026-08-28T18:45:09+08:00,20260926T093659
515220,煤炭ETF国泰,SSE,2020-09-21,1.188,1.188,1.157,1.166,0.4207924528301887,0.4207924528301887,0.4098121783876501,0.413,0.3542024013722127,61101500.0,,腾讯日K/前复权日K,2026-08-28T18:45:09+08:00,20260926T093659
515220,煤炭ETF国泰,SSE,2020-09-22,1.153,1.16,1.131,1.136,0.403955985915493,0.4064084507042254,0.39624823943661974,0.398,0.35035211267605637,47199600.0,,腾讯日K/前复权日K,2026-08-28T18:45:09+08:00,20260926T093659
515220,煤炭ETF国泰,SSE,2020-09-23,1.135,1.143,1.124,1.128,0.39644503546099297,0.3992393617021277,0.3926028368794327,0.394,0.349290780141844,44130700.0,,腾讯日K/前复权日K,2026-08-28T18:45:09+08:00,20260926T093659
515220,煤炭ETF国泰,SSE,2020-09-24,1.126,1.126,1.098,1.099,0.3893357597816196,0.3893357597816196,0.37965423111919927,0.38,0.34576888080072793,44866100.0,,腾讯日K/前复权日K,2026-08-28T18:45:09+08:00,20260926T093659
515220,煤炭ETF国泰,SSE,2020-09-25,1.1,1.117,1.1,1.109,0.38187556357078456,0.38777727682596935,0.38187556357078456,0.385,0.34715960324616774,48973100.0,,腾讯日K/前复权日K,2026-08-28T18:45:09+08:00,20260926T093659
515220,煤炭ETF国泰,SSE,2020-09-28,1.115,1.142,1.115,1.133,0.39069285083848193,0.400153574580759,0.39069285083848193,0.397,0.3503971756398941,53887000.0,,腾讯日K/前复权日K,2026-08-28T18:45:09+08:00,20260926T093659
515220,煤炭ETF国泰,SSE,2020-09-29,1.138,1.138,1.12,1.122,0.3965757575757575,0.3965757575757575,0.3903030303030303,0.391,0.34848484848484845,60413300.0,,腾讯日K/前复权日K,2026-08-28T18:45:09+08:00,20260926T093659
515220,煤炭ETF国泰,SSE,2020-09-30,1.122,1.125,1.096,1.1,0.3876,0.38863636363636356,0.3786181818181818,0.38,0.3454545454545454,51842800.0,,腾讯日K/前复权日K,2026-08-28T18:45:09+08:00,20260926T093659
515220,煤炭ETF国泰,SSE,2020-10-09,1.11,1.139,1.11,1.129,0.38835252435783885,0.3984986713906112,0.38835252435783885,0.395,0.34986713906111605,60768700.0,,腾讯日K/前复权日K,2026-08-28T18:45:09+08:00,20260926T093659
515220,煤炭ETF国泰,SSE,2020-10-12,1.135,1.154,1.13,1.154,0.4002989601386482,0.407,0.3985355285961872,0.407,0.35268630849220106,58128900.0,,腾讯日K/前复权日K,2026-08-28T18:45:09+08:00,20260926T093659
515220,煤炭ETF国泰,SSE,2020-10-13,1.158,1.166,1.148,1.161,0.40993798449612395,0.41277002583979316,0.40639793281653736,0.411,0.3540051679586563,57013300.0,,腾讯日K/前复权日K,2026-08-28T18:45:09+08:00,20260926T093659
515220,煤炭ETF国泰,SSE,2020-10-14,1.164,1.166,1.144,1.148,0.409630662020906,0.4103344947735192,0.40259233449477355,0.404,0.35191637630662026,44057600.0,,腾讯日K/前复权日K,2026-08-28T18:45:09+08:00,20260926T093659
515220,煤炭ETF国泰,SSE,2020-10-15,1.146,1.196,1.145,1.17,0.4064871794871795,0.4242222222222222,0.40613247863247864,0.415,0.3547008547008547,95399500.0,,腾讯日K/前复权日K,2026-08-28T18:45:09+08:00,20260926T093659
515220,煤炭ETF国泰,SSE,2020-10-16,1.171,1.207,1.16,1.195,0.4194041841004184,0.4322979079497908,0.41546443514644343,0.428,0.35815899581589955,120693900.0,,腾讯日K/前复权日K,2026-08-28T18:45:09+08:00,20260926T093659
515220,煤炭ETF国泰,SSE,2020-10-19,1.196,1.196,1.163,1.164,0.4233264604810997,0.4233264604810997,0.4116460481099657,0.412,0.3539518900343643,66081500.0,,腾讯日K/前复权日K,2026-08-28T18:45:09+08:00,20260926T093659
515220,煤炭ETF国泰,SSE,2020-10-20,1.16,1.165,1.15,1.162,0.41029259896729775,0.4120611015490534,0.40675559380378656,0.411,0.35370051635111877,41952800.0,,腾讯日K/前复权日K,2026-08-28T18:45:09+08:00,20260926T093659
515220,煤炭ETF国泰,SSE,2020-10-21,1.163,1.167,1.144,1.149,0.40993472584856405,0.41134464751958233,0.40323759791122715,0.405,0.35248041775456923,45502100.0,,腾讯日K/前复权日K,2026-08-28T18:45:09+08:00,20260926T093659
515220,煤炭ETF国泰,SSE,2020-10-22,1.142,1.156,1.139,1.145,0.40194410480349346,0.406871615720524,0.4008882096069869,0.403,0.3519650655021834,44410000.0,,腾讯日K/前复权日K,2026-08-28T18:45:09+08:00,20260926T093659
515220,煤炭ETF国泰,SSE,2020-10-23,1.144,1.148,1.128,1.132,0.40019787985865724,0.40159717314487636,0.39460070671378095,0.396,0.34982332155477036,43825300.0,,腾讯日K/前复权日K,2026-08-28T18:45:09+08:00,20260926T093659
515220,煤炭ETF国泰,SSE,2020-10-26,1.125,1.128,1.114,1.123,0.39269813000890474,0.3937453250222618,0.38885841495992884,0.392,0.3490650044523598,45101700.0,,腾讯日K/前复权日K,2026-08-28T18:45:09+08:00,20260926T093659
515220,煤炭ETF国泰,SSE,2020-10-27,1.115,1.122,1.112,1.121,0.38890722569134706,0.3913487957181089,0.3878608385370206,0.391,0.3487957181088314,43445700.0,,腾讯日K/前复权日K,2026-08-28T18:45:09+08:00,20260926T093659
515220,煤炭ETF国泰,SSE,2020-10-28,1.119,1.125,1.107,1.122,0.38995454545454544,0.39204545454545453,0.3857727272727272,0.391,0.34848484848484845,42699100.0,,腾讯日K/前复权日K,2026-08-28T18:45:09+08:00,20260926T093659
515220,煤炭ETF国泰,SSE,2020-10-29,1.11,1.113,1.101,1.111,0.3856525652565257,0.3866948694869487,0.3825256525652565,0.386,0.34743474347434744,45978300.0,,腾讯日K/前复权日K,2026-08-28T18:45:09+08:00,20260926T093659
515220,煤炭ETF国泰,SSE,2020-10-30,1.108,1.126,1.097,1.101,0.38342234332425074,0.3896512261580381,0.3796158038147139,0.381,0.3460490463215259,62040900.0,,腾讯日K/前复权日K,2026-08-28T18:45:09+08:00,20260926T093659
515220,煤炭ETF国泰,SSE,2020-11-02,1.101,1.119,1.101,1.116,0.3827849462365591,0.38904301075268816,0.3827849462365591,0.388,0.34767025089605735,52185500.0,,腾讯日K/前复权日K,2026-08-28T18:45:09+08:00,20260926T093659
515220,煤炭ETF国泰,SSE,2020-11-03,1.118,1.139,1.117,1.136,0.3916936619718311,0.39905105633802823,0.39134330985915494,0.398,0.35035211267605637,54672100.0,,腾讯日K/前复权日K,2026-08-28T18:45:09+08:00,20260926T093659
515220,煤炭ETF国泰,SSE,2020-11-04,1.132,1.155,1.132,1.152,0.39895138888888887,0.4070572916666667,0.39895138888888887,0.406,0.3524305555555556,71766500.0,,腾讯日K/前复权日K,2026-08-28T18:45:09+08:00,20260926T093659
515220,煤炭ETF国泰,SSE,2020-11-05,1.151,1.157,1.144,1.155,0.40658701298701294,0.40870649350649346,0.40411428571428565,0.408,0.3532467532467532,51393600.0,,腾讯日K/前复权日K,2026-08-28T18:45:09+08:00,20260926T093659
515220,煤炭ETF国泰,SSE,2020-11-06,1.154,1.169,1.148,1.162,0.408170395869191,0.41347590361445785,0.40604819277108434,0.411,0.35370051635111877,71749400.0,,腾讯日K/前复权日K,2026-08-28T18:45:09+08:00,20260926T093659
515220,煤炭ETF国泰,SSE,2020-11-09,1.165,1.193,1.165,1.189,0.41642136248948697,0.4264297729184188,0.41642136248948697,0.425,0.3574432296047098,94625300.0,,腾讯日K/前复权日K,2026-08-28T18:45:09+08:00,20260926T093659
515220,煤炭ETF国泰,SSE,2020-11-10,1.2,1.2,1.171,1.177,0.42718776550552245,0.42718776550552245,0.4168640611724724,0.419,0.3559898045879354,55037000.0,,腾讯日K/前复权日K,2026-08-28T18:45:09+08:00,20260926T093659
515220,煤炭ETF国泰,SSE,2020-11-11,1.178,1.22,1.164,1.202,0.4223943427620632,0.4374542429284526,0.41737437603993344,0.431,0.35856905158069885,120524300.0,,腾讯日K/前复权日K,2026-08-28T18:45:09+08:00,20260926T093659
515220,煤炭ETF国泰,SSE,2020-11-12,1.196,1.199,1.181,1.192,0.4274295302013423,0.42850167785234905,0.42206879194630875,0.426,0.3573825503355705,59223700.0,,腾讯日K/前复权日K,2026-08-28T18:45:09+08:00,20260926T093659
515220,煤炭ETF国泰,SSE,2020-11-13,1.184,1.19,1.172,1.181,0.4220694326841659,0.4242082980524978,0.4177917019475021,0.421,0.35647756138865366,44133600.0,,腾讯日K/前复权日K,2026-08-28T18:45:09+08:00,20260926T093659
515220,煤炭ETF国泰,SSE,2020-11-16,1.184,1.231,1.184,1.23,0.4283577235772358,0.4453617886178862,0.4283577235772358,0.445,0.3617886178861789,100786800.0,,腾讯日K/前复权日K,2026-08-28T18:45:09+08:00,20260926T093659
515220,煤炭ETF国泰,SSE,2020-11-17,1.227,1.243,1.206,1.214,0.44167957166392097,0.4474390444810544,0.4341202635914333,0.437,0.3599670510708402,122697700.0,,腾讯日K/前复权日K,2026-08-28T18:45:09+08:00,20260926T093659
515220,煤炭ETF国泰,SSE,2020-11-18,1.21,1.226,1.197,1.219,0.43675143560295315,0.44252666119770295,0.432059064807219,0.44,0.36095159967186213,81953100.0,,腾讯日K/前复权日K,2026-08-28T18:45:09+08:00,20260926T093659
515220,煤炭ETF国泰,SSE,2020-11-19,1.211,1.229,1.195,1.206,0.43479519071310124,0.4412578772802654,0.4290505804311775,0.433,0.3590381426202322,58759900.0,,腾讯日K/前复权日K,2026-08-28T18:45:09+08:00,20260926T093659
515220,煤炭ETF国泰,SSE,2020-11-20,1.2,1.237,1.192,1.236,0.4349514563106796,0.4483624595469256,0.4320517799352751,0.448,0.36245954692556637,93378200.0,,腾讯日K/前复权日K,2026-08-28T18:45:09+08:00,20260926T093659
515220,煤炭ETF国泰,SSE,2020-11-23,1.243,1.325,1.243,1.308,0.45994801223241594,0.4902905198776758,0.45994801223241594,0.484,0.37003058103975534,143337500.0,,腾讯日K/前复权日K,2026-08-28T18:45:09+08:00,20260926T093659
515220,煤炭ETF国泰,SSE,2020-11-24,1.305,1.322,1.281,1.312,0.48340701219512194,0.48970426829268293,0.4745167682926829,0.486,0.3704268292682927,150767800.0,,腾讯日K/前复权日K,2026-08-28T18:45:09+08:00,20260926T093659
515220,煤炭ETF国泰,SSE,2020-11-25,1.318,1.337,1.289,1.291,0.4859550735863672,0.4929604957397366,0.47526258714175057,0.476,0.3687064291247095,112606400.0,,腾讯日K/前复权日K,2026-08-28T18:45:09+08:00,20260926T093659
515220,煤炭ETF国泰,SSE,2020-11-26,1.28,1.3,1.278,1.289,0.47168347556245155,0.47905352986811484,0.4709464701318852,0.475,0.36850271528316525,78393800.0,,腾讯日K/前复权日K,2026-08-28T18:45:09+08:00,20260926T093659
515220,煤炭ETF国泰,SSE,2020-11-27,1.287,1.301,1.258,1.297,0.4753068619892058,0.4804772552043176,0.4645967617579029,0.479,0.36931380107941403,88355900.0,,腾讯日K/前复权日K,2026-08-28T18:45:09+08:00,20260926T093659
515220,煤炭ETF国泰,SSE,2020-11-30,1.293,1.332,1.288,1.297,0.4775227447956823,0.4919259830377795,0.47567617579028526,0.479,0.36931380107941403,97299700.0,,腾讯日K/前复权日K,2026-08-28T18:45:09+08:00,20260926T093659
515220,煤炭ETF国泰,SSE,2020-12-01,1.293,1.315,1.285,1.312,0.4789618902439024,0.48711128048780483,0.47599847560975606,0.486,0.3704268292682927,77749000.0,,腾讯日K/前复权日K,2026-08-28T18:45:09+08:00,20260926T093659
515220,煤炭ETF国泰,SSE,2020-12-02,1.312,1.336,1.304,1.333,0.4891702925731433,0.4981185296324081,0.48618754688672167,0.497,0.37284321080270066,94503400.0,,腾讯日K/前复权日K,2026-08-28T18:45:09+08:00,20260926T093659
515220,煤炭ETF国泰,SSE,2020-12-03,1.324,1.324,1.28,1.283,0.4870833982852689,0.4870833982852689,0.470896336710834,0.472,0.36788776305533905,84706100.0,,腾讯日K/前复权日K,2026-08-28T18:45:09+08:00,20260926T093659
515220,煤炭ETF国泰,SSE,2020-12-04,1.274,1.275,1.253,1.272,0.46673270440251574,0.4670990566037736,0.4590393081761006,0.466,0.36635220125786166,110300700.0,,腾讯日K/前复权日K,2026-08-28T18:45:09+08:00,20260926T093659
515220,煤炭ETF国泰,SSE,2020-12-07,1.274,1.29,1.257,1.258,0.46483783783783783,0.4706756756756757,0.4586351351351351,0.459,0.36486486486486486,65523100.0,,腾讯日K/前复权日K,2026-08-28T18:45:09+08:00,20260926T093659
515220,煤炭ETF国泰,SSE,2020-12-08,1.256,1.269,1.247,1.258,0.4582702702702703,0.4630135135135135,0.45498648648648654,0.459,0.36486486486486486,66112100.0,,腾讯日K/前复权日K,2026-08-28T18:45:09+08:00,20260926T093659
515220,煤炭ETF国泰,SSE,2020-12-09,1.264,1.308,1.264,1.286,0.46490824261275265,0.48109175738724724,0.46490824261275265,0.473,0.36780715396578534,140170800.0,,腾讯日K/前复权日K,2026-08-28T18:45:09+08:00,20260926T093659
515220,煤炭ETF国泰,SSE,2020-12-10,1.291,1.302,1.275,1.283,0.4749431021044427,0.47898986749805145,0.46905689789555727,0.472,0.36788776305533905,89515900.0,,腾讯日K/前复权日K,2026-08-28T18:45:09+08:00,20260926T093659
515220,煤炭ETF国泰,SSE,2020-12-11,1.303,1.324,1.269,1.287,0.4798927738927739,0.4876270396270397,0.46737062937062934,0.474,0.3682983682983683,103868500.0,,腾讯日K/前复权日K,2026-08-28T18:45:09+08:00,20260926T093659
515220,煤炭ETF国泰,SSE,2020-12-14,1.25,1.269,1.201,1.211,0.4500412881915772,0.45688191577208914,0.43239966969446736,0.436,0.36003303055326175,102453800.0,,腾讯日K/前复权日K,2026-08-28T18:45:09+08:00,20260926T093659
515220,煤炭ETF国泰,SSE,2020-12-15,1.207,1.21,1.189,1.207,0.434,0.43507870753935374,0.42752775476387733,0.434,0.35956917978458985,81215500.0,,腾讯日K/前复权日K,2026-08-28T18:45:09+08:00,20260926T093659
515220,煤炭ETF国泰,SSE,2020-12-16,1.206,1.222,1.194,1.196,0.43157859531772574,0.4373043478260869,0.4272842809364548,0.428,0.35785953177257523,85099100.0,,腾讯日K/前复权日K,2026-08-28T18:45:09+08:00,20260926T093659
515220,煤炭ETF国泰,SSE,2020-12-17,1.192,1.237,1.181,1.236,0.4320517799352751,0.4483624595469256,0.4280647249190939,0.448,0.36245954692556637,128532100.0,,腾讯日K/前复权日K,2026-08-28T18:45:09+08:00,20260926T093659
515220,煤炭ETF国泰,SSE,2020-12-18,1.255,1.318,1.255,1.31,0.46463740458015257,0.48796183206106863,0.46463740458015257,0.485,0.37022900763358774,167108900.0,,腾讯日K/前复权日K,2026-08-28T18:45:09+08:00,20260926T093659
515220,煤炭ETF国泰,SSE,2020-12-21,1.322,1.33,1.294,1.324,0.49125679758308155,0.49422960725075527,0.4808519637462235,0.492,0.37160120845921446,120799900.0,,腾讯日K/前复权日K,2026-08-28T18:45:09+08:00,20260926T093659
515220,煤炭ETF国泰,SSE,2020-12-22,1.304,1.319,1.248,1.251,0.4753189448441248,0.48078657074340536,0.45490647482014396,0.456,0.36450839328537177,93686400.0,,腾讯日K/前复权日K,2026-08-28T18:45:09+08:00,20260926T093659
515220,煤炭ETF国泰,SSE,2020-12-23,1.241,1.296,1.24,1.283,0.4565487139516758,0.47678254091971944,0.45618082618862044,0.472,0.36788776305533905,86340200.0,,腾讯日K/前复权日K,2026-08-28T18:45:09+08:00,20260926T093659
515220,煤炭ETF国泰,SSE,2020-12-24,1.289,1.305,1.262,1.299,0.47630484988452654,0.48221709006928404,0.4663279445727483,0.48,0.3695150115473441,80182900.0,,腾讯日K/前复权日K,2026-08-28T18:45:09+08:00,20260926T093659
515220,煤炭ETF国泰,SSE,2020-12-25,1.291,1.346,1.275,1.334,0.48097976011994,0.5014707646176911,0.47501874062968513,0.497,0.37256371814092953,106955700.0,,腾讯日K/前复权日K,2026-08-28T18:45:09+08:00,20260926T093659
515220,煤炭ETF国泰,SSE,2020-12-28,1.342,1.366,1.33,1.351,0.5026291635825315,0.511618060695781,0.4981347150259067,0.506,0.37453737971872686,88107900.0,,腾讯日K/前复权日K,2026-08-28T18:45:09+08:00,20260926T093659
515220,煤炭ETF国泰,SSE,2020-12-29,1.346,1.346,1.286,1.294,0.4961684698608964,0.4961684698608964,0.4740510046367851,0.477,0.36862442040185467,78806300.0,,腾讯日K/前复权日K,2026-08-28T18:45:09+08:00,20260926T093659
515220,煤炭ETF国泰,SSE,2020-12-30,1.284,1.346,1.276,1.323,0.47749659863945576,0.5005532879818594,0.47452154195011337,0.492,0.37188208616780044,89242200.0,,腾讯日K/前复权日K,2026-08-28T18:45:09+08:00,20260926T093659
515220,煤炭ETF国泰,SSE,2020-12-31,1.316,1.331,1.297,1.313,0.48811271896420416,0.4936763137852247,0.48106549885757804,0.487,0.3709063214013709,83999100.0,,腾讯日K/前复权日K,2026-08-28T18:45:09+08:00,20260926T093659
515220,煤炭ETF国泰,SSE,2021-01-04,1.301,1.346,1.291,1.344,0.48593898809523806,0.5027470238095239,0.482203869047619,0.502,0.37351190476190477,105910100.0,,腾讯日K/前复权日K,2026-08-28T18:45:09+08:00,20260926T093659
515220,煤炭ETF国泰,SSE,2021-01-05,1.353,1.353,1.283,1.307,0.5010344299923489,0.5010344299923489,0.4751124713083397,0.484,0.3703136954858455,130553700.0,,腾讯日K/前复权日K,2026-08-28T18:45:09+08:00,20260926T093659
515220,煤炭ETF国泰,SSE,2021-01-06,1.307,1.325,1.28,1.294,0.48179211746522405,0.48842735703245743,0.471839258114374,0.477,0.36862442040185467,111921700.0,,腾讯日K/前复权日K,2026-08-28T18:45:09+08:00,20260926T093659
515220,煤炭ETF国泰,SSE,2021-01-07,1.296,1.341,1.289,1.317,0.48120273348519366,0.4979111617312073,0.47860364464692484,0.489,0.3712984054669704,199107100.0,,腾讯日K/前复权日K,2026-08-28T18:45:09+08:00,20260926T093659
515220,煤炭ETF国泰,SSE,2021-01-08,1.317,1.331,1.292,1.309,0.4879640947288006,0.49315126050420166,0.47870129870129874,0.485,0.3705118411000764,119296000.0,,腾讯日K/前复权日K,2026-08-28T18:45:09+08:00,20260926T093659
515220,煤炭ETF国泰,SSE,2021-01-11,1.3,1.3,1.245,1.249,0.47357886309047237,0.47357886309047237,0.45354283426741393,0.455,0.3642914331465172,110265000.0,,腾讯日K/前复权日K,2026-08-28T18:45:09+08:00,20260926T093659
515220,煤炭ETF国泰,SSE,2021-01-12,1.242,1.266,1.24,1.265,0.45458181818181825,0.46336600790513843,0.45384980237154154,0.463,0.36600790513834,93006700.0,,腾讯日K/前复权日K,2026-08-28T18:45:09+08:00,20260926T093659
515220,煤炭ETF国泰,SSE,2021-01-13,1.262,1.281,1.244,1.264,0.4612689873417722,0.4682136075949367,0.45468987341772155,0.462,0.36550632911392406,110624700.0,,腾讯日K/前复权日K,2026-08-28T18:45:09+08:00,20260926T093659
515220,煤炭ETF国泰,SSE,2021-01-14,1.254,1.26,1.231,1.232,0.4539642857142857,0.4561363636363636,0.44563798701298707,0.446,0.362012987012987,83065500.0,,腾讯日K/前复权日K,2026-08-28T18:45:09+08:00,20260926T093659
515220,煤炭ETF国泰,SSE,2021-01-15,1.241,1.263,1.239,1.261,0.45368834258524987,0.46173116574147505,0.45295717684377484,0.461,0.36558287073750995,119157900.0,,腾讯日K/前复权日K,2026-08-28T18:45:09+08:00,20260926T093659
515220,煤炭ETF国泰,SSE,2021-01-18,1.254,1.288,1.248,1.283,0.46133125487139515,0.4738394388152767,0.45912392829306314,0.472,0.36788776305533905,103745900.0,,腾讯日K/前复权日K,2026-08-28T18:45:09+08:00,20260926T093659
515220,煤炭ETF国泰,SSE,2021-01-19,1.28,1.312,1.272,1.281,0.470632318501171,0.4823981264637003,0.46769086651053865,0.471,0.36768149882903983,98695100.0,,腾讯日K/前复权日K,2026-08-28T18:45:09+08:00,20260926T093659
515220,煤炭ETF国泰,SSE,2021-01-20,1.28,1.285,1.259,1.279,0.47036747458952305,0.4722048475371384,0.4626505082095387,0.47,0.3674745895230649,69431300.0,,腾讯日K/前复权日K,2026-08-28T18:45:09+08:00,20260926T093659
515220,煤炭ETF国泰,SSE,2021-01-21,1.274,1.322,1.274,1.315,0.47278479087452474,0.4905977186311788,0.47278479087452474,0.488,0.3711026615969582,120942500.0,,腾讯日K/前复权日K,2026-08-28T18:45:09+08:00,20260926T093659
515220,煤炭ETF国泰,SSE,2021-01-22,1.309,1.314,1.278,1.285,0.4818342412451362,0.4836747081712063,0.47042334630350197,0.473,0.3680933852140078,67362100.0,,腾讯日K/前复权日K,2026-08-28T18:45:09+08:00,20260926T093659
515220,煤炭ETF国泰,SSE,2021-01-25,1.28,1.284,1.258,1.273,0.469567949725059,0.4710353495679498,0.4614972505891595,0.467,0.3668499607227023,74909900.0,,腾讯日K/前复权日K,2026-08-28T18:45:09+08:00,20260926T093659
515220,煤炭ETF国泰,SSE,2021-01-26,1.27,1.309,1.269,1.293,0.46851508120649654,0.4829025522041763,0.4681461716937355,0.477,0.3689095127610209,97627500.0,,腾讯日K/前复权日K,2026-08-28T18:45:09+08:00,20260926T093659
515220,煤炭ETF国泰,SSE,2021-01-27,1.293,1.317,1.279,1.29,0.47610465116279066,0.4849418604651162,0.47094961240310074,0.475,0.3682170542635659,69023600.0,,腾讯日K/前复权日K,2026-08-28T18:45:09+08:00,20260926T093659
515220,煤炭ETF国泰,SSE,2021-01-28,1.27,1.28,1.246,1.251,0.46292565947242215,0.4665707434052759,0.45417745803357323,0.456,0.36450839328537177,48637700.0,,腾讯日K/前复权日K,2026-08-28T18:45:09+08:00,20260926T093659
515220,煤炭ETF国泰,SSE,2021-01-29,1.245,1.263,1.202,1.215,0.44881481481481483,0.45530370370370365,0.4333135802469136,0.438,0.36049382716049383,51021900.0,,腾讯日K/前复权日K,2026-08-28T18:45:09+08:00,20260926T093659
515220,煤炭ETF国泰,SSE,2021-02-01,1.216,1.25,1.204,1.248,0.4423589743589744,0.45472756410256415,0.43799358974358976,0.454,0.3637820512820513,46896200.0,,腾讯日K/前复权日K,2026-08-28T18:45:09+08:00,20260926T093659
515220,煤炭ETF国泰,SSE,2021-02-02,1.25,1.251,1.213,1.228,0.4519543973941368,0.45231596091205206,0.4385765472312704,0.444,0.36156351791530944,66843500.0,,腾讯日K/前复权日K,2026-08-28T18:45:09+08:00,20260926T093659
515220,煤炭ETF国泰,SSE,2021-02-03,1.221,1.235,1.21,1.221,0.441,0.44605651105651106,0.437027027027027,0.441,0.36117936117936117,50911200.0,,腾讯日K/前复权日K,2026-08-28T18:45:09+08:00,20260926T093659
515220,煤炭ETF国泰,SSE,2021-02-04,1.214,1.245,1.2,1.222,0.4381129296235679,0.44930032733224223,0.43306055646481173,0.441,0.3608837970540098,55405700.0,,腾讯日K/前复权日K,2026-08-28T18:45:09+08:00,20260926T093659
515220,煤炭ETF国泰,SSE,2021-02-05,1.222,1.225,1.175,1.177,0.435019541206457,0.4360875106202209,0.4182880203908241,0.419,0.3559898045879354,46072800.0,,腾讯日K/前复权日K,2026-08-28T18:45:09+08:00,20260926T093659
515220,煤炭ETF国泰,SSE,2021-02-08,1.173,1.212,1.171,1.207,0.42177464788732394,0.4357978458989229,0.4210555095277547,0.434,0.35956917978458985,42722700.0,,腾讯日K/前复权日K,2026-08-28T18:45:09+08:00,20260926T093659
515220,煤炭ETF国泰,SSE,2021-02-09,1.21,1.242,1.203,1.239,0.4394673123486682,0.4510895883777239,0.4369249394673123,0.45,0.3631961259079903,47546300.0,,腾讯日K/前复权日K,2026-08-28T18:45:09+08:00,20260926T093659
515220,煤炭ETF国泰,SSE,2021-02-10,1.244,1.244,1.216,1.23,0.45006504065040653,0.45006504065040653,0.43993495934959354,0.445,0.3617886178861789,40053700.0,,腾讯日K/前复权日K,2026-08-28T18:45:09+08:00,20260926T093659
515220,煤炭ETF国泰,SSE,2021-02-18,1.252,1.323,1.252,1.32,0.46475757575757576,0.49111363636363636,0.46475757575757576,0.49,0.3712121212121212,88358000.0,,腾讯日K/前复权日K,2026-08-28T18:45:09+08:00,20260926T093659
515220,煤炭ETF国泰,SSE,2021-02-19,1.301,1.36,1.294,1.356,0.4873952802359881,0.5094985250737463,0.4847728613569321,0.508,0.3746312684365781,85096100.0,,腾讯日K/前复权日K,2026-08-28T18:45:09+08:00,20260926T093659
515220,煤炭ETF国泰,SSE,2021-02-22,1.355,1.447,1.353,1.385,0.5116714801444043,0.5464122743682311,0.5109162454873647,0.523,0.37761732851985563,105243400.0,,腾讯日K/前复权日K,2026-08-28T18:45:09+08:00,20260926T093659
515220,煤炭ETF国泰,SSE,2021-02-23,1.357,1.365,1.325,1.333,0.5059482370592648,0.5089309827456864,0.49401725431357835,0.497,0.37284321080270066,90345200.0,,腾讯日K/前复权日K,2026-08-28T18:45:09+08:00,20260926T093659
515220,煤炭ETF国泰,SSE,2021-02-24,1.327,1.355,1.304,1.324,0.4931148036253776,0.5035196374622356,0.4845679758308157,0.492,0.37160120845921446,75561300.0,,腾讯日K/前复权日K,2026-08-28T18:45:09+08:00,20260926T093659
515220,煤炭ETF国泰,SSE,2021-02-25,1.335,1.355,1.318,1.325,0.4967207547169811,0.5041622641509435,0.49039547169811326,0.493,0.3720754716981132,62578400.0,,腾讯日K/前复权日K,2026-08-28T18:45:09+08:00,20260926T093659
515220,煤炭ETF国泰,SSE,2021-02-26,1.295,1.305,1.27,1.278,0.4752386541471048,0.4789084507042253,0.46606416275430357,0.469,0.36697965571205005,58897700.0,,腾讯日K/前复权日K,2026-08-28T18:45:09+08:00,20260926T093659
515220,煤炭ETF国泰,SSE,2021-03-01,1.281,1.312,1.28,1.311,0.4748787185354691,0.4863707093821511,0.47450800915331814,0.486,0.3707093821510298,47840000.0,,腾讯日K/前复权日K,2026-08-28T18:45:09+08:00,20260926T093659
515220,煤炭ETF国泰,SSE,2021-03-02,1.309,1.359,1.309,1.33,0.4871842105263157,0.5057932330827067,0.4871842105263157,0.495,0.3721804511278195,59246400.0,,腾讯日K/前复权日K,2026-08-28T18:45:09+08:00,20260926T093659
515220,煤炭ETF国泰,SSE,2021-03-03,1.33,1.408,1.314,1.401,0.5040899357601714,0.5336531049250536,0.49802569593147755,0.531,0.3790149892933619,83964200.0,,腾讯日K/前复权日K,2026-08-28T18:45:09+08:00,20260926T093659
515220,煤炭ETF国泰,SSE,2021-03-04,1.373,1.387,1.359,1.378,0.5171168359941946,0.52238969521045,0.5118439767779391,0.519,0.3766328011611031,86249400.0,,腾讯日K/前复权日K,2026-08-28T18:45:09+08:00,20260926T093659
515220,煤炭ETF国泰,SSE,2021-03-05,1.358,1.365,1.336,1.348,0.5077388724035609,0.5103560830860534,0.499513353115727,0.504,0.37388724035608306,57824500.0,,腾讯日K/前复权日K,2026-08-28T18:45:09+08:00,20260926T093659
515220,煤炭ETF国泰,SSE,2021-03-08,1.357,1.38,1.341,1.342,0.5065998509687034,0.5151862891207153,0.5006266766020864,0.501,0.37332339791356184,67379500.0,,腾讯日K/前复权日K,2026-08-28T18:45:09+08:00,20260926T093659
515220,煤炭ETF国泰,SSE,2021-03-09,1.33,1.356,1.287,1.325,0.4948603773584906,0.5045343396226416,0.4788611320754717,0.493,0.3720754716981132,66605600.0,,腾讯日K/前复权日K,2026-08-28T18:45:09+08:00,20260926T093659
515220,煤炭ETF国泰,SSE,2021-03-10,1.324,1.354,1.32,1.342,0.4942801788375559,0.5054798807749628,0.49278688524590164,0.501,0.37332339791356184,57859100.0,,腾讯日K/前复权日K,2026-08-28T18:45:09+08:00,20260926T093659
515220,煤炭ETF国泰,SSE,2021-03-11,1.34,1.376,1.327,1.371,0.5043326039387309,0.5178818380743982,0.49943982494529543,0.516,0.3763676148796499,72845100.0,,腾讯日K/前复权日K,2026-08-28T18:45:09+08:00,20260926T093659
515220,煤炭ETF国泰,SSE,2021-03-12,1.37,1.418,1.354,1.39,0.5174460431654677,0.5355755395683454,0.5114028776978418,0.525,0.37769784172661874,98020400.0,,腾讯日K/前复权日K,2026-08-28T18:45:09+08:00,20260926T093659
515220,煤炭ETF国泰,SSE,2021-03-15,1.375,1.424,1.372,1.42,0.522887323943662,0.5415211267605634,0.5217464788732395,0.54,0.3802816901408451,100165400.0,,腾讯日K/前复权日K,2026-08-28T18:45:09+08:00,20260926T093659
515220,煤炭ETF国泰,SSE,2021-03-16,1.4,1.41,1.359,1.385,0.5286642599277979,0.5324404332129964,0.5131819494584838,0.523,0.37761732851985563,70758500.0,,腾讯日K/前复权日K,2026-08-28T18:45:09+08:00,20260926T093659
515220,煤炭ETF国泰,SSE,2021-03-17,1.382,1.394,1.35,1.393,0.5228384781048098,0.52737832017229,0.5107322325915291,0.527,0.3783201722900216,88303400.0,,腾讯日K/前复权日K,2026-08-28T18:45:09+08:00,20260926T093659
515220,煤炭ETF国泰,SSE,2021-03-18,1.388,1.39,1.371,1.376,0.5225174418604651,0.5232703488372094,0.5161177325581396,0.518,0.3764534883720931,66929600.0,,腾讯日K/前复权日K,2026-08-28T18:45:09+08:00,20260926T093659
515220,煤炭ETF国泰,SSE,2021-03-19,1.359,1.398,1.35,1.359,0.51,0.524635761589404,0.5066225165562914,0.51,0.3752759381898455,68509000.0,,腾讯日K/前复权日K,2026-08-28T18:45:09+08:00,20260926T093659
515220,煤炭ETF国泰,SSE,2021-03-22,1.351,1.377,1.348,1.371,0.5084726477024071,0.5182582056892779,0.5073435448577681,0.516,0.3763676148796499,69061600.0,,腾讯日K/前复权日K,2026-08-28T18:45:09+08:00,20260926T093659
515220,煤炭ETF国泰,SSE,2021-03-23,1.368,1.371,1.308,1.316,0.5072826747720365,0.5083951367781155,0.48503343465045595,0.488,0.3708206686930091,66598700.0,,腾讯日K/前复权日K,2026-08-28T18:45:09+08:00,20260926T093659
515220,煤炭ETF国泰,SSE,2021-03-24,1.302,1.313,1.277,1.289,0.47979053529868115,0.48384406516679596,0.470577967416602,0.475,0.36850271528316525,59893100.0,,腾讯日K/前复权日K,2026-08-28T18:45:09+08:00,20260926T093659
515220,煤炭ETF国泰,SSE,2021-03-25,1.276,1.329,1.276,1.317,0.4737767653758542,0.49345558086560365,0.4737767653758542,0.489,0.3712984054669704,57064300.0,,腾讯日K/前复权日K,2026-08-28T18:45:09+08:00,20260926T093659
515220,煤炭ETF国泰,SSE,2021-03-26,1.317,1.322,1.28,1.32,0.4888863636363636,0.49074242424242426,0.47515151515151516,0.49,0.3712121212121212,51915300.0,,腾讯日K/前复权日K,2026-08-28T18:45:09+08:00,20260926T093659
515220,煤炭ETF国泰,SSE,2021-03-29,1.344,1.395,1.342,1.381,0.5070412744388125,0.526281679942071,0.5062867487328023,0.521,0.3772628530050688,76112600.0,,腾讯日K/前复权日K,2026-08-28T18:45:09+08:00,20260926T093659
515220,煤炭ETF国泰,SSE,2021-03-30,1.372,1.372,1.343,1.362,0.5147518355359765,0.5147518355359765,0.5038715124816446,0.511,0.3751835535976505,73246000.0,,腾讯日K/前复权日K,2026-08-28T18:45:09+08:00,20260926T093659
515220,煤炭ETF国泰,SSE,2021-03-31,1.354,1.369,1.347,1.357,0.5078747236551217,0.5135011053795137,0.5052490788504053,0.509,0.3750921149594694,49510900.0,,腾讯日K/前复权日K,2026-08-28T18:45:09+08:00,20260926T093659
515220,煤炭ETF国泰,SSE,2021-04-01,1.356,1.368,1.334,1.362,0.5087488986784141,0.5132511013215859,0.5004948604992657,0.511,0.3751835535976505,69897100.0,,腾讯日K/前复权日K,2026-08-28T18:45:09+08:00,20260926T093659
515220,煤炭ETF国泰,SSE,2021-04-02,1.358,1.362,1.341,1.347,0.5081158129175947,0.5096124721603564,0.5017550111358575,0.504,0.3741648106904232,58587300.0,,腾讯日K/前复权日K,2026-08-28T18:45:09+08:00,20260926T093659
515220,煤炭ETF国泰,SSE,2021-04-06,1.348,1.368,1.345,1.359,0.5058719646799118,0.5133774834437087,0.5047461368653422,0.51,0.3752759381898455,75076000.0,,腾讯日K/前复权日K,2026-08-28T18:45:09+08:00,20260926T093659
515220,煤炭ETF国泰,SSE,2021-04-07,1.359,1.385,1.352,1.384,0.512570809248555,0.5223771676300579,0.5099306358381503,0.522,0.3771676300578035,77904200.0,,腾讯日K/前复权日K,2026-08-28T18:45:09+08:00,20260926T093659
515220,煤炭ETF国泰,SSE,2021-04-08,1.394,1.412,1.37,1.385,0.5263985559566787,0.5331956678700361,0.5173357400722023,0.523,0.37761732851985563,111421200.0,,腾讯日K/前复权日K,2026-08-28T18:45:09+08:00,20260926T093659
515220,煤炭ETF国泰,SSE,2021-04-09,1.379,1.419,1.37,1.413,0.5240785562632697,0.5392802547770701,0.5206581740976646,0.537,0.38004246284501064,93019300.0,,腾讯日K/前复权日K,2026-08-28T18:45:09+08:00,20260926T093659
515220,煤炭ETF国泰,SSE,2021-04-12,1.41,1.427,1.396,1.403,0.5346543121881682,0.5411004989308624,0.5293456878118318,0.532,0.3791874554526016,69647300.0,,腾讯日K/前复权日K,2026-08-28T18:45:09+08:00,20260926T093659
515220,煤炭ETF国泰,SSE,2021-04-13,1.396,1.399,1.36,1.37,0.5247737226277371,0.5259014598540146,0.5112408759124087,0.515,0.3759124087591241,56021300.0,,腾讯日K/前复权日K,2026-08-28T18:45:09+08:00,20260926T093659
515220,煤炭ETF国泰,SSE,2021-04-14,1.365,1.388,1.359,1.381,0.5149637943519189,0.5236408399710354,0.5127002172338885,0.521,0.3772628530050688,59695600.0,,腾讯日K/前复权日K,2026-08-28T18:45:09+08:00,20260926T093659
515220,煤炭ETF国泰,SSE,2021-04-15,1.381,1.4,1.369,1.395,0.5227010752688172,0.5298924731182795,0.5181591397849462,0.528,0.37849462365591396,78926500.0,,腾讯日K/前复权日K,2026-08-28T18:45:09+08:00,20260926T093659
515220,煤炭ETF国泰,SSE,2021-04-16,1.397,1.452,1.388,1.436,0.5331169916434542,0.5541058495821728,0.5296824512534819,0.548,0.38161559888579394,90397900.0,,腾讯日K/前复权日K,2026-08-28T18:45:09+08:00,20260926T093659
515220,煤炭ETF国泰,SSE,2021-04-19,1.437,1.481,1.437,1.456,0.5507184065934067,0.567581043956044,0.5507184065934067,0.558,0.38324175824175827,69487000.0,,腾讯日K/前复权日K,2026-08-28T18:45:09+08:00,20260926T093659
515220,煤炭ETF国泰,SSE,2021-04-20,1.436,1.458,1.436,1.449,0.5500207039337475,0.5584472049689441,0.5500207039337475,0.555,0.3830227743271222,72284900.0,,腾讯日K/前复权日K,2026-08-28T18:45:09+08:00,20260926T093659
515220,煤炭ETF国泰,SSE,2021-04-21,1.437,1.45,1.422,1.444,0.5493240997229918,0.5542936288088643,0.5435900277008311,0.552,0.3822714681440444,57115500.0,,腾讯日K/前复权日K,2026-08-28T18:45:09+08:00,20260926T093659
515220,煤炭ETF国泰,SSE,2021-04-22,1.45,1.476,1.45,1.457,0.5563143445435828,0.566289636238847,0.5563143445435828,0.559,0.38366506520247085,71655800.0,,腾讯日K/前复权日K,2026-08-28T18:45:09+08:00,20260926T093659
515220,煤炭ETF国泰,SSE,2021-04-23,1.447,1.452,1.424,1.44,0.5526736111111111,0.5545833333333333,0.5438888888888889,0.55,0.3819444444444445,61954700.0,,腾讯日K/前复权日K,2026-08-28T18:45:09+08:00,20260926T093659
515220,煤炭ETF国泰,SSE,2021-04-26,1.445,1.476,1.441,1.47,0.5553911564625851,0.5673061224489796,0.5538537414965986,0.565,0.3843537414965986,91650100.0,,腾讯日K/前复权日K,2026-08-28T18:45:09+08:00,20260926T093659
515220,煤炭ETF国泰,SSE,2021-04-27,1.462,1.473,1.416,1.445,0.5595058823529412,0.5637155709342562,0.5419017301038063,0.553,0.3826989619377163,58229900.0,,腾讯日K/前复权日K,2026-08-28T18:45:09+08:00,20260926T093659
515220,煤炭ETF国泰,SSE,2021-04-28,1.438,1.504,1.425,1.494,0.5553721552878179,0.5808621151271753,0.55035140562249,0.577,0.3862115127175368,106906700.0,,腾讯日K/前复权日K,2026-08-28T18:45:09+08:00,20260926T093659
515220,煤炭ETF国泰,SSE,2021-04-29,1.492,1.514,1.469,1.51,0.5780264900662251,0.5865496688741721,0.5691158940397351,0.585,0.38741721854304634,75817200.0,,腾讯日K/前复权日K,2026-08-28T18:45:09+08:00,20260926T093659
515220,煤炭ETF国泰,SSE,2021-04-30,1.5,1.5,1.453,1.462,0.5755813953488373,0.5755813953488373,0.5575465116279071,0.561,0.3837209302325582,66466600.0,,腾讯日K/前复权日K,2026-08-28T18:45:09+08:00,20260926T093659
515220,煤炭ETF国泰,SSE,2021-05-06,1.476,1.549,1.476,1.54,0.5750649350649351,0.6035064935064934,0.5750649350649351,0.6,0.3896103896103896,77987600.0,,腾讯日K/前复权日K,2026-08-28T18:45:09+08:00,20260926T093659
515220,煤炭ETF国泰,SSE,2021-05-07,1.543,1.627,1.541,1.612,0.6087766749379653,0.6419181141439206,0.6079875930521091,0.636,0.3945409429280397,77486400.0,,腾讯日K/前复权日K,2026-08-28T18:45:09+08:00,20260926T093659
515220,煤炭ETF国泰,SSE,2021-05-10,1.633,1.721,1.628,1.71,0.654154970760234,0.6894064327485382,0.6521520467836258,0.685,0.4005847953216375,109143500.0,,腾讯日K/前复权日K,2026-08-28T18:45:09+08:00,20260926T093659
515220,煤炭ETF国泰,SSE,2021-05-11,1.65,1.667,1.583,1.643,0.6547778454047474,0.6615240413877055,0.6281898965307364,0.652,0.39683505782105905,155226500.0,,腾讯日K/前复权日K,2026-08-28T18:45:09+08:00,20260926T093659
515220,煤炭ETF国泰,SSE,2021-05-12,1.628,1.686,1.628,1.661,0.6478675496688742,0.6709488260084286,0.6478675496688742,0.661,0.3979530403371463,120688900.0,,腾讯日K/前复权日K,2026-08-28T18:45:09+08:00,20260926T093659
515220,煤炭ETF国泰,SSE,2021-05-13,1.628,1.635,1.57,1.577,0.6390183893468611,0.6417660114140774,0.6162523779327838,0.619,0.3925174381737476,101283000.0,,腾讯日K/前复权日K,2026-08-28T18:45:09+08:00,20260926T093659
515220,煤炭ETF国泰,SSE,2021-05-14,1.568,1.602,1.54,1.559,0.6135214881334189,0.6268248877485568,0.6025657472738936,0.61,0.39127645926876203,82555700.0,,腾讯日K/前复权日K,2026-08-28T18:45:09+08:00,20260926T093659
515220,煤炭ETF国泰,SSE,2021-05-17,1.554,1.58,1.544,1.558,0.6074364569961489,0.617599486521181,0.6035275994865212,0.609,0.3908857509627728,103933300.0,,腾讯日K/前复权日K,2026-08-28T18:45:09+08:00,20260926T093659
515220,煤炭ETF国泰,SSE,2021-05-18,1.568,1.578,1.556,1.566,0.6137828863346105,0.6176973180076628,0.6090855683269476,0.613,0.39144316730523626,87427000.0,,腾讯日K/前复权日K,2026-08-28T18:45:09+08:00,20260926T093659
515220,煤炭ETF国泰,SSE,2021-05-19,1.552,1.556,1.523,1.531,0.6041750489875899,0.6057322011757021,0.5928856956237752,0.596,0.3892880470280862,88125800.0,,腾讯日K/前复权日K,2026-08-28T18:45:09+08:00,20260926T093659
515220,煤炭ETF国泰,SSE,2021-05-20,1.467,1.477,1.439,1.472,0.5640774456521739,0.567922554347826,0.5533111413043478,0.566,0.38451086956521735,114806900.0,,腾讯日K/前复权日K,2026-08-28T18:45:09+08:00,20260926T093659
515220,煤炭ETF国泰,SSE,2021-05-21,1.459,1.511,1.459,1.496,0.5637045454545455,0.5837954545454545,0.5637045454545455,0.578,0.38636363636363635,116020000.0,,腾讯日K/前复权日K,2026-08-28T18:45:09+08:00,20260926T093659
515220,煤炭ETF国泰,SSE,2021-05-24,1.488,1.515,1.483,1.494,0.5746827309236947,0.5851104417670682,0.5727516733601071,0.577,0.3862115127175368,73119400.0,,腾讯日K/前复权日K,2026-08-28T18:45:09+08:00,20260926T093659
515220,煤炭ETF国泰,SSE,2021-05-25,1.496,1.528,1.468,1.52,0.5806842105263158,0.5931052631578947,0.5698157894736842,0.59,0.3881578947368421,94138900.0,,腾讯日K/前复权日K,2026-08-28T18:45:09+08:00,20260926T093659
515220,煤炭ETF国泰,SSE,2021-05-26,1.505,1.536,1.5,1.517,0.5843408042188529,0.5963770599868161,0.5823994726433751,0.589,0.3882663150955834,74203800.0,,腾讯日K/前复权日K,2026-08-28T18:45:09+08:00,20260926T093659
515220,煤炭ETF国泰,SSE,2021-05-27,1.526,1.559,1.522,1.545,0.5955844660194175,0.608464077669903,0.5940233009708739,0.603,0.39029126213592236,80145300.0,,腾讯日K/前复权日K,2026-08-28T18:45:09+08:00,20260926T093659
515220,煤炭ETF国泰,SSE,2021-05-28,1.56,1.571,1.521,1.53,0.6066666666666666,0.6109444444444444,0.5914999999999999,0.595,0.38888888888888884,67185800.0,,腾讯日K/前复权日K,2026-08-28T18:45:09+08:00,20260926T093659
515220,煤炭ETF国泰,SSE,2021-05-31,1.538,1.546,1.523,1.539,0.5996101364522417,0.602729044834308,0.5937621832358674,0.6,0.3898635477582846,66228000.0,,腾讯日K/前复权日K,2026-08-28T18:45:09+08:00,20260926T093659
515220,煤炭ETF国泰,SSE,2021-06-01,1.541,1.598,1.51,1.596,0.6063583959899749,0.6287869674185463,0.5941604010025062,0.628,0.39348370927318294,113377200.0,,腾讯日K/前复权日K,2026-08-28T18:45:09+08:00,20260926T093659
515220,煤炭ETF国泰,SSE,2021-06-02,1.589,1.622,1.58,1.598,0.6254574468085106,0.6384468085106383,0.6219148936170212,0.629,0.3936170212765957,108438200.0,,腾讯日K/前复权日K,2026-08-28T18:45:09+08:00,20260926T093659
515220,煤炭ETF国泰,SSE,2021-06-03,1.611,1.65,1.61,1.637,0.6386921197312156,0.6541539401343922,0.6382956627978009,0.649,0.39645693341478316,102886800.0,,腾讯日K/前复权日K,2026-08-28T18:45:09+08:00,20260926T093659
515220,煤炭ETF国泰,SSE,2021-06-04,1.587,1.609,1.561,1.6,0.6248812499999999,0.63354375,0.6146437499999999,0.63,0.39375,95463600.0,,腾讯日K/前复权日K,2026-08-28T18:45:09+08:00,20260926T093659
515220,煤炭ETF国泰,SSE,2021-06-07,1.591,1.651,1.591,1.624,0.6289544334975369,0.652673645320197,0.6289544334975369,0.642,0.39532019704433496,77622400.0,,腾讯日K/前复权日K,2026-08-28T18:45:09+08:00,20260926T093659
515220,煤炭ETF国泰,SSE,2021-06-08,1.619,1.633,1.597,1.611,0.6391582867783986,0.6446852886405959,0.6304729981378027,0.636,0.3947858472998138,50543200.0,,腾讯日K/前复权日K,2026-08-28T18:45:09+08:00,20260926T093659
515220,煤炭ETF国泰,SSE,2021-06-09,1.621,1.705,1.609,1.681,0.6470499702558001,0.68058001189768,0.6422599643069602,0.671,0.3991671624033314,103371900.0,,腾讯日K/前复权日K,2026-08-28T18:45:09+08:00,20260926T093659
515220,煤炭ETF国泰,SSE,2021-06-10,1.675,1.689,1.657,1.666,0.6665816326530614,0.6721530612244899,0.6594183673469389,0.663,0.39795918367346944,78854400.0,,腾讯日K/前复权日K,2026-08-28T18:45:09+08:00,20260926T093659
515220,煤炭ETF国泰,SSE,2021-06-11,1.679,1.698,1.668,1.678,0.6693986889153755,0.6769737783075089,0.6650131108462456,0.669,0.398688915375447,74517000.0,,腾讯日K/前复权日K,2026-08-28T18:45:09+08:00,20260926T093659
515220,煤炭ETF国泰,SSE,2021-06-15,1.692,1.718,1.643,1.67,0.6737604790419162,0.6841137724550899,0.654248502994012,0.665,0.3982035928143713,69158000.0,,腾讯日K/前复权日K,2026-08-28T18:45:09+08:00,20260926T093659
515220,煤炭ETF国泰,SSE,2021-06-16,1.669,1.714,1.653,1.661,0.6641836243226972,0.6820915111378687,0.6578163756773028,0.661,0.3979530403371463,89851600.0,,腾讯日K/前复权日K,2026-08-28T18:45:09+08:00,20260926T093659
515220,煤炭ETF国泰,SSE,2021-06-17,1.648,1.696,1.629,1.673,0.6570328750747161,0.6761697549312612,0.6494578601315003,0.667,0.39868499701135685,87023200.0,,腾讯日K/前复权日K,2026-08-28T18:45:09+08:00,20260926T093659
515220,煤炭ETF国泰,SSE,2021-06-18,1.672,1.673,1.62,1.636,0.6622591687041566,0.6626552567237165,0.6416625916870417,0.648,0.39608801955990225,84731300.0,,腾讯日K/前复权日K,2026-08-28T18:45:09+08:00,20260926T093659
515220,煤炭ETF国泰,SSE,2021-06-21,1.616,1.623,1.585,1.608,0.6371542288557214,0.6399141791044776,0.6249315920398009,0.634,0.3942786069651741,70441900.0,,腾讯日K/前复权日K,2026-08-28T18:45:09+08:00,20260926T093659
515220,煤炭ETF国泰,SSE,2021-06-22,1.602,1.631,1.595,1.629,0.6343093922651933,0.6457918968692449,0.6315377532228361,0.645,0.39594843462246776,71198700.0,,腾讯日K/前复权日K,2026-08-28T18:45:09+08:00,20260926T093659
515220,煤炭ETF国泰,SSE,2021-06-23,1.63,1.692,1.615,1.685,0.6510326409495549,0.6757958456973294,0.6450415430267062,0.673,0.399406528189911,95358900.0,,腾讯日K/前复权日K,2026-08-28T18:45:09+08:00,20260926T093659
515220,煤炭ETF国泰,SSE,2021-06-24,1.679,1.734,1.662,1.692,0.670806146572104,0.6927801418439716,0.6640141843971631,0.676,0.39952718676122934,71662400.0,,腾讯日K/前复权日K,2026-08-28T18:45:09+08:00,20260926T093659
515220,煤炭ETF国泰,SSE,2021-06-25,1.71,1.755,1.705,1.753,0.689657729606389,0.7078066172276098,0.6876411865373646,0.707,0.4033086138049059,72816500.0,,腾讯日K/前复权日K,2026-08-28T18:45:09+08:00,20260926T093659
515220,煤炭ETF国泰,SSE,2021-06-28,1.694,1.696,1.642,1.655,0.6735057401812689,0.6743009063444109,0.652831419939577,0.658,0.397583081570997,146432800.0,,腾讯日K/前复权日K,2026-08-28T18:45:09+08:00,20260926T093659
515220,煤炭ETF国泰,SSE,2021-06-29,1.64,1.65,1.619,1.622,0.6481134401972872,0.6520653514180024,0.6398144266337854,0.641,0.39519112207151663,91207300.0,,腾讯日K/前复权日K,2026-08-28T18:45:09+08:00,20260926T093659
515220,煤炭ETF国泰,SSE,2021-06-30,1.62,1.649,1.62,1.635,0.6420550458715597,0.6535486238532111,0.6420550458715597,0.648,0.3963302752293578,68377500.0,,腾讯日K/前复权日K,2026-08-28T18:45:09+08:00,20260926T093659
515220,煤炭ETF国泰,SSE,2021-07-01,1.63,1.639,1.598,1.606,0.6424595267745952,0.6460068493150685,0.6298468244084682,0.633,0.39414694894146945,69521800.0,,腾讯日K/前复权日K,2026-08-28T18:45:09+08:00,20260926T093659
515220,煤炭ETF国泰,SSE,2021-07-02,1.591,1.611,1.587,1.593,0.6262128060263653,0.6340847457627119,0.624638418079096,0.627,0.3935969868173258,54681300.0,,腾讯日K/前复权日K,2026-08-28T18:45:09+08:00,20260926T093659
515220,煤炭ETF国泰,SSE,2021-07-05,1.609,1.633,1.597,1.632,0.6368958333333334,0.6463958333333334,0.6321458333333334,0.646,0.39583333333333337,72936600.0,,腾讯日K/前复权日K,2026-08-28T18:45:09+08:00,20260926T093659
515220,煤炭ETF国泰,SSE,2021-07-06,1.636,1.642,1.615,1.633,0.648188609920392,0.6505658297611757,0.6398683404776485,0.647,0.3962033067973056,60100700.0,,腾讯日K/前复权日K,2026-08-28T18:45:09+08:00,20260926T093659
515220,煤炭ETF国泰,SSE,2021-07-07,1.612,1.618,1.591,1.609,0.6361839651957739,0.6385518955873214,0.6278962088253575,0.635,0.3946550652579242,69276300.0,,腾讯日K/前复权日K,2026-08-28T18:45:09+08:00,20260926T093659
515220,煤炭ETF国泰,SSE,2021-07-08,1.606,1.606,1.535,1.542,0.6259442282749677,0.6259442282749677,0.5982717250324254,0.601,0.38975356679636836,98558400.0,,腾讯日K/前复权日K,2026-08-28T18:45:09+08:00,20260926T093659
515220,煤炭ETF国泰,SSE,2021-07-09,1.542,1.58,1.54,1.576,0.6046675126903553,0.6195685279187817,0.6038832487309644,0.618,0.39213197969543145,99463700.0,,腾讯日K/前复权日K,2026-08-28T18:45:09+08:00,20260926T093659
515220,煤炭ETF国泰,SSE,2021-07-12,1.576,1.605,1.575,1.589,0.6198867212083072,0.6312932662051606,0.6194933920704846,0.625,0.39332913782252993,77314800.0,,腾讯日K/前复权日K,2026-08-28T18:45:09+08:00,20260926T093659
515220,煤炭ETF国泰,SSE,2021-07-13,1.595,1.663,1.586,1.657,0.6343421846710923,0.6613862401931201,0.6307628243814122,0.659,0.3977066988533494,111083900.0,,腾讯日K/前复权日K,2026-08-28T18:45:09+08:00,20260926T093659
515220,煤炭ETF国泰,SSE,2021-07-14,1.65,1.705,1.642,1.661,0.6566225165562913,0.6785099337748345,0.6534388922335942,0.661,0.3979530403371463,95113200.0,,腾讯日K/前复权日K,2026-08-28T18:45:09+08:00,20260926T093659
515220,煤炭ETF国泰,SSE,2021-07-15,1.655,1.67,1.63,1.668,0.6588249400479617,0.6647961630695444,0.6488729016786571,0.664,0.3980815347721823,96662300.0,,腾讯日K/前复权日K,2026-08-28T18:45:09+08:00,20260926T093659
515220,煤炭ETF国泰,SSE,2021-07-16,1.666,1.726,1.661,1.708,0.6671803278688525,0.691208430913349,0.6651779859484779,0.684,0.4004683840749415,104907700.0,,腾讯日K/前复权日K,2026-08-28T18:45:09+08:00,20260926T093659
515220,煤炭ETF国泰,SSE,2021-07-19,1.726,1.753,1.702,1.707,0.6916133567662566,0.7024323374340948,0.6819964850615114,0.684,0.4007029876977153,79131500.0,,腾讯日K/前复权日K,2026-08-28T18:45:09+08:00,20260926T093659
515220,煤炭ETF国泰,SSE,2021-07-20,1.675,1.728,1.65,1.726,0.6725231749710313,0.693803012746234,0.6624855156431053,0.693,0.4015063731170336,77277000.0,,腾讯日K/前复权日K,2026-08-28T18:45:09+08:00,20260926T093659
515220,煤炭ETF国泰,SSE,2021-07-21,1.73,1.739,1.693,1.715,0.6940174927113703,0.6976279883381924,0.6791743440233236,0.688,0.40116618075801747,85065800.0,,腾讯日K/前复权日K,2026-08-28T18:45:09+08:00,20260926T093659
515220,煤炭ETF国泰,SSE,2021-07-22,1.71,1.74,1.695,1.731,0.6875563258232235,0.6996187175043327,0.6815251299826689,0.696,0.40207972270363945,83725100.0,,腾讯日K/前复权日K,2026-08-28T18:45:09+08:00,20260926T093659
515220,煤炭ETF国泰,SSE,2021-07-23,1.731,1.805,1.731,1.754,0.6977291904218929,0.7275570125427594,0.6977291904218929,0.707,0.403078677309008,114144100.0,,腾讯日K/前复权日K,2026-08-28T18:45:09+08:00,20260926T093659
515220,煤炭ETF国泰,SSE,2021-07-26,1.75,1.766,1.698,1.735,0.7040345821325648,0.7104714697406339,0.68311469740634,0.698,0.4023054755043227,85319100.0,,腾讯日K/前复权日K,2026-08-28T18:45:09+08:00,20260926T093659
515220,煤炭ETF国泰,SSE,2021-07-27,1.735,1.78,1.682,1.685,0.6929703264094956,0.7109436201780416,0.6718017804154303,0.673,0.399406528189911,97764600.0,,腾讯日K/前复权日K,2026-08-28T18:45:09+08:00,20260926T093659
515220,煤炭ETF国泰,SSE,2021-07-28,1.666,1.708,1.619,1.665,0.6633981981981981,0.6801225225225225,0.6446828828828829,0.663,0.3981981981981982,79568400.0,,腾讯日K/前复权日K,2026-08-28T18:45:09+08:00,20260926T093659
515220,煤炭ETF国泰,SSE,2021-07-29,1.71,1.71,1.658,1.691,0.6835955056179776,0.6835955056179776,0.6628078060319338,0.676,0.39976345357776466,95653800.0,,腾讯日K/前复权日K,2026-08-28T18:45:09+08:00,20260926T093659
515220,煤炭ETF国泰,SSE,2021-07-30,1.712,1.751,1.695,1.739,0.6891316848763657,0.7048303622771707,0.6822886716503738,0.7,0.40253018976423227,113872000.0,,腾讯日K/前复权日K,2026-08-28T18:45:09+08:00,20260926T093659
515220,煤炭ETF国泰,SSE,2021-08-02,1.66,1.686,1.635,1.682,0.6622235434007134,0.6725957193816885,0.6522502972651606,0.671,0.39892984542211657,116327100.0,,腾讯日K/前复权日K,2026-08-28T18:45:09+08:00,20260926T093659
515220,煤炭ETF国泰,SSE,2021-08-03,1.666,1.69,1.623,1.633,0.6600747091243111,0.6695835884874464,0.643037966932027,0.647,0.3962033067973056,66698100.0,,腾讯日K/前复权日K,2026-08-28T18:45:09+08:00,20260926T093659
515220,煤炭ETF国泰,SSE,2021-08-04,1.65,1.701,1.642,1.7,0.66,0.6804000000000001,0.6568,0.68,0.4,92136600.0,,腾讯日K/前复权日K,2026-08-28T18:45:09+08:00,20260926T093659
515220,煤炭ETF国泰,SSE,2021-08-05,1.704,1.745,1.698,1.712,0.6827943925233645,0.6992231308411216,0.6803901869158879,0.686,0.4007009345794393,98321200.0,,腾讯日K/前复权日K,2026-08-28T18:45:09+08:00,20260926T093659
515220,煤炭ETF国泰,SSE,2021-08-06,1.714,1.85,1.705,1.797,0.6953288814691152,0.7505008347245409,0.691677796327212,0.729,0.4056761268781302,85700200.0,,腾讯日K/前复权日K,2026-08-28T18:45:09+08:00,20260926T093659
515220,煤炭ETF国泰,SSE,2021-08-09,1.81,1.82,1.772,1.796,0.733674832962138,0.737728285077951,0.7182717149220489,0.728,0.4053452115812917,66689400.0,,腾讯日K/前复权日K,2026-08-28T18:45:09+08:00,20260926T093659
515220,煤炭ETF国泰,SSE,2021-08-10,1.79,1.826,1.783,1.807,0.7270946319867183,0.7417177642501384,0.72425124515772,0.734,0.40619811842833425,62230400.0,,腾讯日K/前复权日K,2026-08-28T18:45:09+08:00,20260926T093659
515220,煤炭ETF国泰,SSE,2021-08-11,1.821,1.904,1.812,1.9,0.7475684210526317,0.7816421052631579,0.7438736842105265,0.78,0.41052631578947374,104236300.0,,腾讯日K/前复权日K,2026-08-28T18:45:09+08:00,20260926T093659
515220,煤炭ETF国泰,SSE,2021-08-12,1.894,1.941,1.862,1.923,0.7800561622464899,0.7994134165366615,0.7668767550702029,0.792,0.4118564742589704,106536000.0,,腾讯日K/前复权日K,2026-08-28T18:45:09+08:00,20260926T093659
515220,煤炭ETF国泰,SSE,2021-08-13,1.918,1.957,1.906,1.942,0.7911009268795057,0.8071869207003091,0.7861513903192585,0.801,0.41246138002059735,71369500.0,,腾讯日K/前复权日K,2026-08-28T18:45:09+08:00,20260926T093659
515220,煤炭ETF国泰,SSE,2021-08-16,1.97,1.98,1.931,1.943,0.8131446217189913,0.8172722593926918,0.7970468347915595,0.802,0.41276376737004633,99018400.0,,腾讯日K/前复权日K,2026-08-28T18:45:09+08:00,20260926T093659
515220,煤炭ETF国泰,SSE,2021-08-17,1.935,1.956,1.88,1.887,0.7936883942766296,0.802302066772655,0.7711287758346582,0.774,0.4101748807631161,137613600.0,,腾讯日K/前复权日K,2026-08-28T18:45:09+08:00,20260926T093659
515220,煤炭ETF国泰,SSE,2021-08-18,1.89,1.918,1.862,1.889,0.7754102699841185,0.7868978295394389,0.7639227104287984,0.775,0.4102699841185813,58447100.0,,腾讯日K/前复权日K,2026-08-28T18:45:09+08:00,20260926T093659
515220,煤炭ETF国泰,SSE,2021-08-19,1.873,1.877,1.825,1.856,0.7649428879310345,0.7665765086206896,0.7453394396551724,0.758,0.4084051724137931,92532200.0,,腾讯日K/前复权日K,2026-08-28T18:45:09+08:00,20260926T093659
515220,煤炭ETF国泰,SSE,2021-08-20,1.85,1.86,1.807,1.835,0.7541144414168938,0.758190735694823,0.7365863760217984,0.748,0.40762942779291556,73513500.0,,腾讯日K/前复权日K,2026-08-28T18:45:09+08:00,20260926T093659
515220,煤炭ETF国泰,SSE,2021-08-23,1.88,1.913,1.878,1.908,0.7724947589098533,0.7860545073375264,0.7716729559748429,0.784,0.41090146750524115,102607100.0,,腾讯日K/前复权日K,2026-08-28T18:45:09+08:00,20260926T093659
515220,煤炭ETF国泰,SSE,2021-08-24,1.945,1.96,1.908,1.929,0.8015940902021773,0.8077760497667185,0.7863452566096423,0.795,0.4121306376360809,90635600.0,,腾讯日K/前复权日K,2026-08-28T18:45:09+08:00,20260926T093659
515220,煤炭ETF国泰,SSE,2021-08-25,1.92,2.005,1.916,2.003,0.7975237144283573,0.8328307538691961,0.795862206689965,0.832,0.4153769345981028,88184700.0,,腾讯日K/前复权日K,2026-08-28T18:45:09+08:00,20260926T093659
515220,煤炭ETF国泰,SSE,2021-08-26,2.004,2.101,1.997,2.073,0.8381418234442837,0.8787105643994211,0.8352141823444283,0.867,0.4182344428364689,110509100.0,,腾讯日K/前复权日K,2026-08-28T18:45:09+08:00,20260926T093659
515220,煤炭ETF国泰,SSE,2021-08-27,2.02,2.089,1.987,2.076,0.8445857418111753,0.8734354527938343,0.8307880539499036,0.868,0.41811175337186895,110322300.0,,腾讯日K/前复权日K,2026-08-28T18:45:09+08:00,20260926T093659
515220,煤炭ETF国泰,SSE,2021-08-30,2.076,2.153,2.055,2.145,0.8739524475524476,0.9063678321678322,0.8651118881118882,0.903,0.420979020979021,113491900.0,,腾讯日K/前复权日K,2026-08-28T18:45:09+08:00,20260926T093659
515220,煤炭ETF国泰,SSE,2021-08-31,2.157,2.275,2.109,2.259,0.9166533864541833,0.9667994687915007,0.8962549800796813,0.96,0.4249667994687915,123496200.0,,腾讯日K/前复权日K,2026-08-28T18:45:09+08:00,20260926T093659
515220,煤炭ETF国泰,SSE,2021-09-01,2.27,2.322,2.151,2.181,0.9585832187070151,0.9805419532324622,0.908331499312242,0.921,0.422283356258597,157352500.0,,腾讯日K/前复权日K,2026-08-28T18:45:09+08:00,20260926T093659
515220,煤炭ETF国泰,SSE,2021-09-02,2.156,2.301,2.154,2.29,0.9179475982532751,0.9796834061135372,0.9170960698689956,0.975,0.425764192139738,153796200.0,,腾讯日K/前复权日K,2026-08-28T18:45:09+08:00,20260926T093659
515220,煤炭ETF国泰,SSE,2021-09-03,2.273,2.287,2.061,2.215,0.9625616252821672,0.9684902934537246,0.8727846501128669,0.938,0.4234762979683973,132872500.0,,腾讯日K/前复权日K,2026-08-28T18:45:09+08:00,20260926T093659
515220,煤炭ETF国泰,SSE,2021-09-06,2.256,2.309,2.218,2.27,0.9590484581497796,0.9815792951541851,0.9428942731277532,0.965,0.4251101321585903,130056000.0,,腾讯日K/前复权日K,2026-08-28T18:45:09+08:00,20260926T093659
515220,煤炭ETF国泰,SSE,2021-09-07,2.294,2.415,2.276,2.405,0.985323076923077,1.0372952182952184,0.977591683991684,1.033,0.42952182952182955,147845200.0,,腾讯日K/前复权日K,2026-08-28T18:45:09+08:00,20260926T093659
515220,煤炭ETF国泰,SSE,2021-09-08,2.387,2.511,2.362,2.473,1.029894460169834,1.0833954710877478,1.0191079660331581,1.067,0.43145976546704407,159248400.0,,腾讯日K/前复权日K,2026-08-28T18:45:09+08:00,20260926T093659
515220,煤炭ETF国泰,SSE,2021-09-09,2.487,2.668,2.432,2.635,1.0835203036053132,1.162377229601518,1.0595582542694497,1.148,0.43567362428842504,185274000.0,,腾讯日K/前复权日K,2026-08-28T18:45:09+08:00,20260926T093659
515220,煤炭ETF国泰,SSE,2021-09-10,2.59,2.615,2.51,2.516,1.12,1.130810810810811,1.0854054054054054,1.088,0.43243243243243246,258654100.0,,腾讯日K/前复权日K,2026-08-28T18:45:09+08:00,20260926T093659
515220,煤炭ETF国泰,SSE,2021-09-13,2.515,2.675,2.515,2.643,1.0962088535754824,1.1659477866061292,1.0962088535754824,1.152,0.4358683314415437,245056900.0,,腾讯日K/前复权日K,2026-08-28T18:45:09+08:00,20260926T093659
515220,煤炭ETF国泰,SSE,2021-09-14,2.566,2.656,2.528,2.572,1.1133965785381026,1.152447900466563,1.0969082426127528,1.116,0.4339035769828927,191616300.0,,腾讯日K/前复权日K,2026-08-28T18:45:09+08:00,20260926T093659
515220,煤炭ETF国泰,SSE,2021-09-15,2.562,2.638,2.514,2.579,1.112617293524622,1.1456223342380767,1.0917720046529662,1.12,0.4342768514928267,165211200.0,,腾讯日K/前复权日K,2026-08-28T18:45:09+08:00,20260926T093659
515220,煤炭ETF国泰,SSE,2021-09-16,2.675,2.721,2.582,2.6,1.1625961538461536,1.1825884615384614,1.122176923076923,1.13,0.43461538461538457,190537000.0,,腾讯日K/前复权日K,2026-08-28T18:45:09+08:00,20260926T093659
515220,煤炭ETF国泰,SSE,2021-09-17,2.518,2.638,2.382,2.428,1.0826985172981878,1.1342965403624383,1.0242207578253708,1.044,0.42998352553542013,211759100.0,,腾讯日K/前复权日K,2026-08-28T18:45:09+08:00,20260926T093659
515220,煤炭ETF国泰,SSE,2021-09-22,2.416,2.575,2.406,2.573,1.0488425961912164,1.1178682471822776,1.044501360279829,1.117,0.43412359113874854,171139600.0,,腾讯日K/前复权日K,2026-08-28T18:45:09+08:00,20260926T093659
515220,煤炭ETF国泰,SSE,2021-09-23,2.633,2.666,2.457,2.521,1.1394696548988497,1.153750892502975,1.0633030543435145,1.091,0.4327647758825863,226146700.0,,腾讯日K/前复权日K,2026-08-28T18:45:09+08:00,20260926T093659
515220,煤炭ETF国泰,SSE,2021-09-24,2.46,2.487,2.335,2.339,1.0517315091919623,1.0632749038050449,0.9982898674647285,1.0,0.4275331338178709,278401800.0,,腾讯日K/前复权日K,2026-08-28T18:45:09+08:00,20260926T093659
515220,煤炭ETF国泰,SSE,2021-09-27,2.353,2.369,2.224,2.266,0.9999730803177406,1.0067727272727274,0.9451509267431598,0.963,0.42497793468667255,219991400.0,,腾讯日K/前复权日K,2026-08-28T18:45:09+08:00,20260926T093659
515220,煤炭ETF国泰,SSE,2021-09-28,2.271,2.366,2.27,2.354,0.9714940526762954,1.0121333899745113,0.9710662701784195,1.007,0.42778249787595574,229847400.0,,腾讯日K/前复权日K,2026-08-28T18:45:09+08:00,20260926T093659
515220,煤炭ETF国泰,SSE,2021-09-29,2.366,2.415,2.221,2.233,1.0034043887147335,1.0241849529780565,0.941910882221227,0.947,0.42409314823107924,207786200.0,,腾讯日K/前复权日K,2026-08-28T18:45:09+08:00,20260926T093659
515220,煤炭ETF国泰,SSE,2021-09-30,2.223,2.333,2.208,2.33,0.9493068669527895,0.9962811158798284,0.9429012875536481,0.995,0.42703862660944203,170027800.0,,腾讯日K/前复权日K,2026-08-28T18:45:09+08:00,20260926T093659
515220,煤炭ETF国泰,SSE,2021-10-08,2.378,2.394,2.194,2.226,1.0073917340521115,1.0141698113207547,0.9294438454627134,0.943,0.42362982929020665,217817600.0,,腾讯日K/前复权日K,2026-08-28T18:45:09+08:00,20260926T093659
515220,煤炭ETF国泰,SSE,2021-10-11,2.255,2.317,2.203,2.31,0.961547619047619,0.9879848484848486,0.9393744588744588,0.985,0.4264069264069264,199853500.0,,腾讯日K/前复权日K,2026-08-28T18:45:09+08:00,20260926T093659
515220,煤炭ETF国泰,SSE,2021-10-12,2.32,2.393,2.219,2.269,0.9866901718818861,1.017736888497135,0.9437351256059936,0.965,0.42529748788012334,216235600.0,,腾讯日K/前复权日K,2026-08-28T18:45:09+08:00,20260926T093659
515220,煤炭ETF国泰,SSE,2021-10-13,2.25,2.26,2.09,2.147,0.9473684210526316,0.9515789473684211,0.88,0.904,0.4210526315789474,282049500.0,,腾讯日K/前复权日K,2026-08-28T18:45:09+08:00,20260926T093659
515220,煤炭ETF国泰,SSE,2021-10-14,2.101,2.165,2.068,2.136,0.8832855805243445,0.910191947565543,0.8694119850187265,0.898,0.42041198501872656,224828700.0,,腾讯日K/前复权日K,2026-08-28T18:45:09+08:00,20260926T093659
515220,煤炭ETF国泰,SSE,2021-10-15,2.136,2.236,2.12,2.227,0.9054261338123036,0.9478149977548272,0.8986439155814998,0.944,0.42388863942523575,239418100.0,,腾讯日K/前复权日K,2026-08-28T18:45:09+08:00,20260926T093659
515220,煤炭ETF国泰,SSE,2021-10-18,2.227,2.373,2.217,2.368,0.9536224662162163,1.0161410472972974,0.9493403716216217,1.014,0.4282094594594595,247003000.0,,腾讯日K/前复权日K,2026-08-28T18:45:09+08:00,20260926T093659
515220,煤炭ETF国泰,SSE,2021-10-19,2.385,2.44,2.332,2.368,1.0212795608108107,1.044831081081081,0.9985844594594595,1.014,0.4282094594594595,205326300.0,,腾讯日K/前复权日K,2026-08-28T18:45:09+08:00,20260926T093659
515220,煤炭ETF国泰,SSE,2021-10-20,2.133,2.194,2.133,2.179,0.9005782469022489,0.9263331803579624,0.9005782469022489,0.92,0.4222120238641579,255740400.0,,腾讯日K/前复权日K,2026-08-28T18:45:09+08:00,20260926T093659
515220,煤炭ETF国泰,SSE,2021-10-21,2.15,2.32,2.15,2.27,0.9139867841409691,0.9862555066079294,0.9139867841409691,0.965,0.4251101321585903,240938300.0,,腾讯日K/前复权日K,2026-08-28T18:45:09+08:00,20260926T093659
515220,煤炭ETF国泰,SSE,2021-10-22,2.22,2.285,2.134,2.147,0.9347368421052633,0.9621052631578949,0.8985263157894737,0.904,0.4210526315789474,212588300.0,,腾讯日K/前复权日K,2026-08-28T18:45:09+08:00,20260926T093659
515220,煤炭ETF国泰,SSE,2021-10-25,2.152,2.222,2.114,2.193,0.9096689466484269,0.9392585499316006,0.8936060191518468,0.927,0.4227086183310534,163694700.0,,腾讯日K/前复权日K,2026-08-28T18:45:09+08:00,20260926T093659
515220,煤炭ETF国泰,SSE,2021-10-26,2.187,2.239,2.161,2.2,0.9245045454545454,0.9464863636363636,0.9135136363636364,0.93,0.42272727272727273,138994200.0,,腾讯日K/前复权日K,2026-08-28T18:45:09+08:00,20260926T093659
515220,煤炭ETF国泰,SSE,2021-10-27,2.153,2.174,2.1,2.109,0.9034637268847796,0.912275960170697,0.8812233285917498,0.885,0.41963015647226176,165645200.0,,腾讯日K/前复权日K,2026-08-28T18:45:09+08:00,20260926T093659
515220,煤炭ETF国泰,SSE,2021-10-28,2.028,2.108,1.926,1.963,0.8388874172185431,0.8719796230259806,0.7966948548140601,0.812,0.41365257259296995,341700200.0,,腾讯日K/前复权日K,2026-08-28T18:45:09+08:00,20260926T093659
515220,煤炭ETF国泰,SSE,2021-10-29,1.963,1.981,1.931,1.949,0.810782452539764,0.8182170343766034,0.7975654181631606,0.805,0.41303232426885583,165265600.0,,腾讯日K/前复权日K,2026-08-28T18:45:09+08:00,20260926T093659
515220,煤炭ETF国泰,SSE,2021-11-01,1.931,1.998,1.923,1.979,0.8001111672561899,0.8278726629610913,0.7967963617988882,0.82,0.4143506821627084,176557800.0,,腾讯日K/前复权日K,2026-08-28T18:45:09+08:00,20260926T093659
515220,煤炭ETF国泰,SSE,2021-11-02,1.985,1.997,1.868,1.916,0.8163778705636745,0.8213131524008352,0.7682588726513572,0.788,0.4112734864300627,198907500.0,,腾讯日K/前复权日K,2026-08-28T18:45:09+08:00,20260926T093659
515220,煤炭ETF国泰,SSE,2021-11-03,1.93,2.006,1.913,1.995,0.8010225563909773,0.8325654135338344,0.793966917293233,0.828,0.41503759398496237,231166200.0,,腾讯日K/前复权日K,2026-08-28T18:45:09+08:00,20260926T093659
515220,煤炭ETF国泰,SSE,2021-11-04,1.958,1.973,1.927,1.971,0.8106179604261795,0.8168280060882801,0.7977838660578387,0.816,0.4140030441400304,157853100.0,,腾讯日K/前复权日K,2026-08-28T18:45:09+08:00,20260926T093659
515220,煤炭ETF国泰,SSE,2021-11-05,1.947,1.947,1.882,1.887,0.798610492845787,0.798610492845787,0.7719491255961844,0.774,0.4101748807631161,201850900.0,,腾讯日K/前复权日K,2026-08-28T18:45:09+08:00,20260926T093659
515220,煤炭ETF国泰,SSE,2021-11-08,1.892,1.92,1.886,1.893,0.7765895404120443,0.7880824088748019,0.7741267828843106,0.777,0.410459587955626,110903000.0,,腾讯日K/前复权日K,2026-08-28T18:45:09+08:00,20260926T093659
515220,煤炭ETF国泰,SSE,2021-11-09,1.876,1.891,1.853,1.873,0.7682285104111052,0.7743710624666311,0.7588099305926321,0.767,0.40950347036839296,123912100.0,,腾讯日K/前复权日K,2026-08-28T18:45:09+08:00,20260926T093659
515220,煤炭ETF国泰,SSE,2021-11-10,1.845,1.85,1.787,1.826,0.7507311062431543,0.7527656078860898,0.727130887185104,0.743,0.40690032858707553,163035500.0,,腾讯日K/前复权日K,2026-08-28T18:45:09+08:00,20260926T093659
515220,煤炭ETF国泰,SSE,2021-11-11,1.829,1.853,1.819,1.852,0.7466112311015118,0.7564082073434124,0.7425291576673865,0.756,0.40820734341252696,141700700.0,,腾讯日K/前复权日K,2026-08-28T18:45:09+08:00,20260926T093659
515220,煤炭ETF国泰,SSE,2021-11-12,1.831,1.843,1.816,1.817,0.7446940011007155,0.7495745734727574,0.7385932856356633,0.739,0.40671436433681896,110436800.0,,腾讯日K/前复权日K,2026-08-28T18:45:09+08:00,20260926T093659
515220,煤炭ETF国泰,SSE,2021-11-15,1.799,1.811,1.785,1.794,0.7290261984392419,0.7338890746934225,0.7233528428093645,0.727,0.4052396878483835,113852800.0,,腾讯日K/前复权日K,2026-08-28T18:45:09+08:00,20260926T093659
515220,煤炭ETF国泰,SSE,2021-11-16,1.794,1.797,1.764,1.765,0.724715014164306,0.7259269121813031,0.7125960339943342,0.713,0.4039660056657224,122458700.0,,腾讯日K/前复权日K,2026-08-28T18:45:09+08:00,20260926T093659
515220,煤炭ETF国泰,SSE,2021-11-17,1.771,1.785,1.761,1.781,0.7169517125210556,0.7226193149915777,0.7129034250421111,0.721,0.40482874789444134,133221600.0,,腾讯日K/前复权日K,2026-08-28T18:45:09+08:00,20260926T093659
515220,煤炭ETF国泰,SSE,2021-11-18,1.811,1.839,1.801,1.805,0.7354365650969529,0.7468072022160664,0.731375623268698,0.733,0.40609418282548476,200432700.0,,腾讯日K/前复权日K,2026-08-28T18:45:09+08:00,20260926T093659
515220,煤炭ETF国泰,SSE,2021-11-19,1.792,1.854,1.776,1.853,0.7320798704803022,0.7574085267134377,0.7255434430652996,0.757,0.40852671343766866,190095600.0,,腾讯日K/前复权日K,2026-08-28T18:45:09+08:00,20260926T093659
515220,煤炭ETF国泰,SSE,2021-11-22,1.865,1.894,1.852,1.865,0.763,0.7748643431635388,0.7576815013404826,0.763,0.40911528150134047,131636400.0,,腾讯日K/前复权日K,2026-08-28T18:45:09+08:00,20260926T093659
515220,煤炭ETF国泰,SSE,2021-11-23,1.865,1.909,1.851,1.892,0.7649260042283299,0.7829725158562368,0.7591839323467231,0.776,0.4101479915433404,143911800.0,,腾讯日K/前复权日K,2026-08-28T18:45:09+08:00,20260926T093659
515220,煤炭ETF国泰,SSE,2021-11-24,1.912,1.94,1.901,1.937,0.7886876613319567,0.8002374806401652,0.7841502323180176,0.799,0.41249354672173466,205811900.0,,腾讯日K/前复权日K,2026-08-28T18:45:09+08:00,20260926T093659
515220,煤炭ETF国泰,SSE,2021-11-25,1.943,1.951,1.9,1.906,0.7981998950682058,0.8014863588667367,0.7805351521511018,0.783,0.4108079748163694,129631200.0,,腾讯日K/前复权日K,2026-08-28T18:45:09+08:00,20260926T093659
515220,煤炭ETF国泰,SSE,2021-11-26,1.88,1.895,1.854,1.866,0.7687245444801715,0.774857984994641,0.7580932475884244,0.763,0.40889603429796356,127552000.0,,腾讯日K/前复权日K,2026-08-28T18:45:09+08:00,20260926T093659
515220,煤炭ETF国泰,SSE,2021-11-29,1.837,1.849,1.804,1.848,0.7495119047619047,0.7544080086580086,0.7360476190476191,0.754,0.408008658008658,112389400.0,,腾讯日K/前复权日K,2026-08-28T18:45:09+08:00,20260926T093659
515220,煤炭ETF国泰,SSE,2021-11-30,1.851,1.881,1.835,1.85,0.7554081081081081,0.7676513513513513,0.7488783783783783,0.755,0.4081081081081081,106339000.0,,腾讯日K/前复权日K,2026-08-28T18:45:09+08:00,20260926T093659
515220,煤炭ETF国泰,SSE,2021-12-01,1.849,1.919,1.838,1.918,0.7606157455683004,0.7894113660062566,0.7560907194994787,0.789,0.41136600625651726,146932100.0,,腾讯日K/前复权日K,2026-08-28T18:45:09+08:00,20260926T093659
515220,煤炭ETF国泰,SSE,2021-12-02,1.907,1.945,1.9,1.939,0.7867973182052604,0.8024755028365137,0.7839092315626611,0.8,0.4125838060856111,126092300.0,,腾讯日K/前复权日K,2026-08-28T18:45:09+08:00,20260926T093659
515220,煤炭ETF国泰,SSE,2021-12-03,1.927,2.036,1.901,2.015,0.801402481389578,0.8467334987593051,0.7905895781637716,0.838,0.4158808933002481,213481300.0,,腾讯日K/前复权日K,2026-08-28T18:45:09+08:00,20260926T093659
515220,煤炭ETF国泰,SSE,2021-12-06,2.01,2.049,1.986,1.994,0.8336359077231693,0.849810932798395,0.8236820461384151,0.827,0.41474423269809424,167120500.0,,腾讯日K/前复权日K,2026-08-28T18:45:09+08:00,20260926T093659
515220,煤炭ETF国泰,SSE,2021-12-07,2.014,2.016,1.965,2.014,0.837,0.8378311817279047,0.8166360476663357,0.837,0.4155908639523337,118104000.0,,腾讯日K/前复权日K,2026-08-28T18:45:09+08:00,20260926T093659
515220,煤炭ETF国泰,SSE,2021-12-08,2.014,2.015,1.981,2.001,0.8363988005997001,0.8368140929535233,0.8226941529235382,0.831,0.41529235382308843,124456700.0,,腾讯日K/前复权日K,2026-08-28T18:45:09+08:00,20260926T093659
515220,煤炭ETF国泰,SSE,2021-12-09,1.999,2.016,1.983,1.99,0.8287311557788944,0.8357788944723618,0.8220979899497487,0.825,0.414572864321608,131005000.0,,腾讯日K/前复权日K,2026-08-28T18:45:09+08:00,20260926T093659
515220,煤炭ETF国泰,SSE,2021-12-10,1.987,1.992,1.958,1.964,0.8215091649694501,0.8235763747454176,0.8095193482688391,0.812,0.4134419551934827,101578500.0,,腾讯日K/前复权日K,2026-08-28T18:45:09+08:00,20260926T093659
515220,煤炭ETF国泰,SSE,2021-12-13,1.974,2.006,1.972,1.997,0.819452178267401,0.8327361041562342,0.8186219328993489,0.829,0.415122684026039,148799900.0,,腾讯日K/前复权日K,2026-08-28T18:45:09+08:00,20260926T093659
515220,煤炭ETF国泰,SSE,2021-12-14,1.99,1.991,1.947,1.952,0.8216905737704918,0.8221034836065575,0.8039354508196722,0.806,0.4129098360655738,110720100.0,,腾讯日K/前复权日K,2026-08-28T18:45:09+08:00,20260926T093659
515220,煤炭ETF国泰,SSE,2021-12-15,1.952,1.998,1.946,1.978,0.8082345803842264,0.8272810920121334,0.8057502527805863,0.819,0.4140546006066734,133176100.0,,腾讯日K/前复权日K,2026-08-28T18:45:09+08:00,20260926T093659
515220,煤炭ETF国泰,SSE,2021-12-16,1.997,2.12,1.993,2.119,0.8387588485134497,0.8904200094384143,0.8370788107597923,0.89,0.42000943841434635,285024400.0,,腾讯日K/前复权日K,2026-08-28T18:45:09+08:00,20260926T093659
515220,煤炭ETF国泰,SSE,2021-12-17,2.154,2.161,2.064,2.067,0.9003657474600869,0.9032917271407837,0.8627460087082728,0.864,0.4179970972423802,277974300.0,,腾讯日K/前复权日K,2026-08-28T18:45:09+08:00,20260926T093659
515220,煤炭ETF国泰,SSE,2021-12-20,2.064,2.084,2.011,2.019,0.8587221396731054,0.8670430906389301,0.8366716196136701,0.84,0.41604754829123325,113864100.0,,腾讯日K/前复权日K,2026-08-28T18:45:09+08:00,20260926T093659
515220,煤炭ETF国泰,SSE,2021-12-21,2.019,2.06,2.001,2.046,0.8417434017595309,0.8588367546432063,0.8342390029325513,0.853,0.416911045943304,134076100.0,,腾讯日K/前复权日K,2026-08-28T18:45:09+08:00,20260926T093659
515220,煤炭ETF国泰,SSE,2021-12-22,2.049,2.065,2.016,2.058,0.8552434402332362,0.861921768707483,0.8414693877551022,0.859,0.41739552964042764,90152800.0,,腾讯日K/前复权日K,2026-08-28T18:45:09+08:00,20260926T093659
515220,煤炭ETF国泰,SSE,2021-12-23,2.059,2.122,2.042,2.107,0.8638614143331751,0.8902933080208827,0.8567289985761746,0.884,0.4195538680588514,130926600.0,,腾讯日K/前复权日K,2026-08-28T18:45:09+08:00,20260926T093659
515220,煤炭ETF国泰,SSE,2021-12-24,2.103,2.114,2.061,2.063,0.8787135239941832,0.8833097430925835,0.8611643238002907,0.862,0.41783809985458065,111564400.0,,腾讯日K/前复权日K,2026-08-28T18:45:09+08:00,20260926T093659
515220,煤炭ETF国泰,SSE,2021-12-27,1.981,2.028,1.975,2.003,0.8624223664503244,0.8828836744882675,0.8598102845731402,0.872,0.4353469795307039,135105800.0,,腾讯日K/前复权日K,2026-08-28T18:45:09+08:00,20260926T093659
515220,煤炭ETF国泰,SSE,2021-12-28,2.0,2.0,1.915,1.937,0.8662880743417656,0.8662880743417656,0.8294708311822405,0.839,0.4331440371708828,261933100.0,,腾讯日K/前复权日K,2026-08-28T18:45:09+08:00,20260926T093659
515220,煤炭ETF国泰,SSE,2021-12-29,1.93,1.952,1.914,1.92,0.8343229166666667,0.8438333333333333,0.82740625,0.83,0.4322916666666667,87662100.0,,腾讯日K/前复权日K,2026-08-28T18:45:09+08:00,20260926T093659
515220,煤炭ETF国泰,SSE,2021-12-30,1.918,1.918,1.894,1.91,0.8284554973821989,0.8284554973821989,0.818089005235602,0.825,0.4319371727748691,95175300.0,,腾讯日K/前复权日K,2026-08-28T18:45:09+08:00,20260926T093659
515220,煤炭ETF国泰,SSE,2021-12-31,1.898,1.909,1.886,1.895,0.8192949868073878,0.82404327176781,0.8141150395778363,0.818,0.43166226912928757,108857400.0,,腾讯日K/前复权日K,2026-08-28T18:45:09+08:00,20260926T093659
515220,煤炭ETF国泰,SSE,2022-01-04,1.947,1.969,1.92,1.929,0.8427916018662519,0.8523146708138931,0.8311041990668739,0.835,0.4328667703473302,178978400.0,,腾讯日K/前复权日K,2026-08-28T18:45:09+08:00,20260926T093659
515220,煤炭ETF国泰,SSE,2022-01-05,1.91,1.92,1.876,1.897,0.8246125461254612,0.8289298892988929,0.8099335793357932,0.819,0.4317343173431734,95716000.0,,腾讯日K/前复权日K,2026-08-28T18:45:09+08:00,20260926T093659
515220,煤炭ETF国泰,SSE,2022-01-06,1.888,1.918,1.881,1.904,0.81509243697479,0.8280441176470589,0.8120703781512606,0.822,0.4317226890756303,110431400.0,,腾讯日K/前复权日K,2026-08-28T18:45:09+08:00,20260926T093659
515220,煤炭ETF国泰,SSE,2022-01-07,1.894,1.927,1.89,1.899,0.8178409689310163,0.8320905739863086,0.8161137440758294,0.82,0.4318062137967351,98783800.0,,腾讯日K/前复权日K,2026-08-28T18:45:09+08:00,20260926T093659
515220,煤炭ETF国泰,SSE,2022-01-10,1.905,1.94,1.898,1.939,0.8252707581227436,0.8404332129963898,0.8222382671480144,0.84,0.4332129963898917,122600500.0,,腾讯日K/前复权日K,2026-08-28T18:45:09+08:00,20260926T093659
515220,煤炭ETF国泰,SSE,2022-01-11,1.919,1.927,1.902,1.912,0.8290240585774059,0.8324801255230125,0.8216799163179916,0.826,0.4320083682008368,100421500.0,,腾讯日K/前复权日K,2026-08-28T18:45:09+08:00,20260926T093659
515220,煤炭ETF国泰,SSE,2022-01-12,1.913,1.919,1.889,1.917,0.8272702138758476,0.8298648930620761,0.8168914971309337,0.829,0.4324465310380803,85899900.0,,腾讯日K/前复权日K,2026-08-28T18:45:09+08:00,20260926T093659
515220,煤炭ETF国泰,SSE,2022-01-13,1.921,1.978,1.921,1.944,0.8320380658436214,0.8567263374485596,0.8320380658436214,0.842,0.4331275720164609,149722300.0,,腾讯日K/前复权日K,2026-08-28T18:45:09+08:00,20260926T093659
515220,煤炭ETF国泰,SSE,2022-01-14,1.914,1.917,1.834,1.875,0.8248063999999999,0.8260992,0.7903317333333334,0.808,0.43093333333333333,123844000.0,,腾讯日K/前复权日K,2026-08-28T18:45:09+08:00,20260926T093659
515220,煤炭ETF国泰,SSE,2022-01-17,1.886,1.904,1.869,1.894,0.8135491024287222,0.8213136219640972,0.8062159450897571,0.817,0.4313621964097149,74076100.0,,腾讯日K/前复权日K,2026-08-28T18:45:09+08:00,20260926T093659
515220,煤炭ETF国泰,SSE,2022-01-18,1.896,1.953,1.883,1.941,0.821502318392581,0.8461993817619783,0.8158696548171045,0.841,0.4332818134981968,110577500.0,,腾讯日K/前复权日K,2026-08-28T18:45:09+08:00,20260926T093659
515220,煤炭ETF国泰,SSE,2022-01-19,1.96,1.99,1.939,1.945,0.8495012853470436,0.862503856041131,0.8403994858611825,0.843,0.43341902313624675,124583500.0,,腾讯日K/前复权日K,2026-08-28T18:45:09+08:00,20260926T093659
515220,煤炭ETF国泰,SSE,2022-01-20,1.944,1.949,1.909,1.938,0.8415975232198142,0.8437621259029928,0.8264453044375645,0.839,0.4329205366357069,101493100.0,,腾讯日K/前复权日K,2026-08-28T18:45:09+08:00,20260926T093659
515220,煤炭ETF国泰,SSE,2022-01-21,1.946,1.987,1.941,1.981,0.8457879858657243,0.8636077738515902,0.8436148409893993,0.861,0.43462897526501765,107487900.0,,腾讯日K/前复权日K,2026-08-28T18:45:09+08:00,20260926T093659
515220,煤炭ETF国泰,SSE,2022-01-24,1.967,1.979,1.927,1.97,0.8536979695431473,0.8589060913705585,0.8363375634517767,0.855,0.434010152284264,88044900.0,,腾讯日K/前复权日K,2026-08-28T18:45:09+08:00,20260926T093659
515220,煤炭ETF国泰,SSE,2022-01-25,1.953,1.955,1.874,1.878,0.8413083067092653,0.8421698615548456,0.8072768903088393,0.809,0.43077742279020237,100227800.0,,腾讯日K/前复权日K,2026-08-28T18:45:09+08:00,20260926T093659
515220,煤炭ETF国泰,SSE,2022-01-26,1.874,1.889,1.841,1.876,0.8071385927505331,0.8135991471215352,0.7929253731343284,0.808,0.4307036247334755,73807500.0,,腾讯日K/前复权日K,2026-08-28T18:45:09+08:00,20260926T093659
515220,煤炭ETF国泰,SSE,2022-01-27,1.875,1.914,1.86,1.862,0.806592373791622,0.8233694951664877,0.800139634801289,0.801,0.4301825993555317,84573500.0,,腾讯日K/前复权日K,2026-08-28T18:45:09+08:00,20260926T093659
515220,煤炭ETF国泰,SSE,2022-01-28,1.864,1.874,1.782,1.801,0.7979700166574126,0.8022509716823988,0.7628661854525264,0.771,0.4280955024986119,95126900.0,,腾讯日K/前复权日K,2026-08-28T18:45:09+08:00,20260926T093659
515220,煤炭ETF国泰,SSE,2022-02-07,1.831,1.887,1.828,1.879,0.789308142629058,0.8134486428951571,0.7880149015433743,0.81,0.43108036189462484,94801600.0,,腾讯日K/前复权日K,2026-08-28T18:45:09+08:00,20260926T093659
515220,煤炭ETF国泰,SSE,2022-02-08,1.922,1.987,1.919,1.986,0.8351893252769385,0.8634345417925479,0.8338856998992951,0.863,0.4345417925478348,113531100.0,,腾讯日K/前复权日K,2026-08-28T18:45:09+08:00,20260926T093659
515220,煤炭ETF国泰,SSE,2022-02-09,1.967,2.017,1.909,1.989,0.8554323780794368,0.8771769733534438,0.8302086475615886,0.865,0.43489190548014073,111597300.0,,腾讯日K/前复权日K,2026-08-28T18:45:09+08:00,20260926T093659
515220,煤炭ETF国泰,SSE,2022-02-10,1.94,2.033,1.933,2.029,0.8461803844258255,0.8867447018235585,0.8431271562345984,0.885,0.4361754558896008,131618600.0,,腾讯日K/前复权日K,2026-08-28T18:45:09+08:00,20260926T093659
515220,煤炭ETF国泰,SSE,2022-02-11,2.029,2.09,2.011,2.05,0.8858317073170733,0.9124634146341464,0.8779731707317074,0.895,0.4365853658536586,118565900.0,,腾讯日K/前复权日K,2026-08-28T18:45:09+08:00,20260926T093659
515220,煤炭ETF国泰,SSE,2022-02-14,2.048,2.076,2.019,2.025,0.8930291358024692,0.9052385185185187,0.8803837037037039,0.883,0.4360493827160494,112288900.0,,腾讯日K/前复权日K,2026-08-28T18:45:09+08:00,20260926T093659
515220,煤炭ETF国泰,SSE,2022-02-15,2.007,2.011,1.98,1.994,0.8726524573721164,0.8743916750250752,0.8609127382146439,0.867,0.43480441323971913,84628500.0,,腾讯日K/前复权日K,2026-08-28T18:45:09+08:00,20260926T093659
515220,煤炭ETF国泰,SSE,2022-02-16,1.995,2.022,1.984,2.019,0.8695393759286775,0.8813075780089151,0.8647449232293214,0.88,0.4358593363051015,85182500.0,,腾讯日K/前复权日K,2026-08-28T18:45:09+08:00,20260926T093659
515220,煤炭ETF国泰,SSE,2022-02-17,2.012,2.039,1.989,2.027,0.8774583127775036,0.8892333497779971,0.8674277257030093,0.884,0.4361124814997533,98736700.0,,腾讯日K/前复权日K,2026-08-28T18:45:09+08:00,20260926T093659
515220,煤炭ETF国泰,SSE,2022-02-18,2.035,2.115,2.026,2.103,0.892187351402758,0.9272610556348074,0.8882415596766523,0.922,0.43842130290061815,107101600.0,,腾讯日K/前复权日K,2026-08-28T18:45:09+08:00,20260926T093659
515220,煤炭ETF国泰,SSE,2022-02-21,2.105,2.158,2.098,2.154,0.9254572887650883,0.9487585886722377,0.9223797585886722,0.947,0.43964716805942433,147260400.0,,腾讯日K/前复权日K,2026-08-28T18:45:09+08:00,20260926T093659
515220,煤炭ETF国泰,SSE,2022-02-22,2.15,2.176,2.11,2.155,0.945800464037123,0.9572380510440837,0.9282041763341067,0.948,0.43990719257540606,139040100.0,,腾讯日K/前复权日K,2026-08-28T18:45:09+08:00,20260926T093659
515220,煤炭ETF国泰,SSE,2022-02-23,2.152,2.152,2.094,2.131,0.9452238385734398,0.9452238385734398,0.9197484748944158,0.936,0.43923040825903337,118979000.0,,腾讯日K/前复权日K,2026-08-28T18:45:09+08:00,20260926T093659
515220,煤炭ETF国泰,SSE,2022-02-24,2.106,2.14,2.07,2.101,0.9231918134221798,0.9380961446930034,0.9074107567824845,0.921,0.43836268443598286,118017300.0,,腾讯日K/前复权日K,2026-08-28T18:45:09+08:00,20260926T093659
515220,煤炭ETF国泰,SSE,2022-02-25,2.088,2.137,2.007,2.061,0.9128034934497818,0.9342246482290152,0.8773930131004368,0.901,0.43716642406598744,172318300.0,,腾讯日K/前复权日K,2026-08-28T18:45:09+08:00,20260926T093659
515220,煤炭ETF国泰,SSE,2022-02-28,2.047,2.103,2.039,2.102,0.8969015223596576,0.9214381541389155,0.893396289248335,0.921,0.4381541389153188,94639700.0,,腾讯日K/前复权日K,2026-08-28T18:45:09+08:00,20260926T093659
515220,煤炭ETF国泰,SSE,2022-03-01,2.11,2.156,2.085,2.149,0.9278501628664494,0.9480781758957655,0.9168566775244299,0.945,0.43973941368078173,114595000.0,,腾讯日K/前复权日K,2026-08-28T18:45:09+08:00,20260926T093659
515220,煤炭ETF国泰,SSE,2022-03-02,2.167,2.204,2.16,2.201,0.9560004543389367,0.972323489323035,0.9529123125851886,0.971,0.441163107678328,126427900.0,,腾讯日K/前复权日K,2026-08-28T18:45:09+08:00,20260926T093659
515220,煤炭ETF国泰,SSE,2022-03-03,2.206,2.274,2.206,2.253,0.9762015090989791,1.0062929427430094,0.9762015090989791,0.997,0.44252108300044385,145457600.0,,腾讯日K/前复权日K,2026-08-28T18:45:09+08:00,20260926T093659
515220,煤炭ETF国泰,SSE,2022-03-04,2.233,2.315,2.204,2.257,0.9883770491803279,1.0246721311475409,0.9755409836065574,0.999,0.4426229508196721,125880800.0,,腾讯日K/前复权日K,2026-08-28T18:45:09+08:00,20260926T093659
515220,煤炭ETF国泰,SSE,2022-03-07,2.328,2.35,2.24,2.262,1.030206896551724,1.039942528735632,0.991264367816092,1.001,0.44252873563218387,123677700.0,,腾讯日K/前复权日K,2026-08-28T18:45:09+08:00,20260926T093659
515220,煤炭ETF国泰,SSE,2022-03-08,2.224,2.254,2.125,2.13,0.9762629107981223,0.9894319248826292,0.932805164319249,0.935,0.4389671361502348,122384300.0,,腾讯日K/前复权日K,2026-08-28T18:45:09+08:00,20260926T093659
515220,煤炭ETF国泰,SSE,2022-03-09,2.13,2.218,2.075,2.203,0.9397911938266,0.9786182478438493,0.9155242850658195,0.972,0.44121652292328645,169962800.0,,腾讯日K/前复权日K,2026-08-28T18:45:09+08:00,20260926T093659
515220,煤炭ETF国泰,SSE,2022-03-10,2.158,2.218,2.099,2.187,0.9512171925011431,0.9776643804298125,0.9252107910379517,0.964,0.4407864654778235,186423600.0,,腾讯日K/前复权日K,2026-08-28T18:45:09+08:00,20260926T093659
515220,煤炭ETF国泰,SSE,2022-03-11,2.175,2.226,2.125,2.183,0.9584745762711864,0.9809491525423728,0.9364406779661016,0.962,0.4406779661016949,187826900.0,,腾讯日K/前复权日K,2026-08-28T18:45:09+08:00,20260926T093659
515220,煤炭ETF国泰,SSE,2022-03-14,2.137,2.223,2.098,2.1,0.9362095238095238,0.9738857142857142,0.9191238095238095,0.92,0.4380952380952381,113566900.0,,腾讯日K/前复权日K,2026-08-28T18:45:09+08:00,20260926T093659
515220,煤炭ETF国泰,SSE,2022-03-15,2.07,2.077,1.919,1.925,0.8957454545454544,0.8987745454545454,0.8304036363636363,0.833,0.4327272727272727,204360500.0,,腾讯日K/前复权日K,2026-08-28T18:45:09+08:00,20260926T093659
515220,煤炭ETF国泰,SSE,2022-03-16,1.946,1.994,1.886,1.974,0.8448439716312056,0.8656828774062817,0.8187953394123606,0.857,0.4341438703140831,149803400.0,,腾讯日K/前复权日K,2026-08-28T18:45:09+08:00,20260926T093659
515220,煤炭ETF国泰,SSE,2022-03-17,1.985,2.041,1.946,2.018,0.8646258671952429,0.8890183349851338,0.8476382556987117,0.879,0.435579781962339,118693500.0,,腾讯日K/前复权日K,2026-08-28T18:45:09+08:00,20260926T093659
515220,煤炭ETF国泰,SSE,2022-03-18,2.028,2.124,2.028,2.12,0.8896415094339623,0.9317547169811321,0.8896415094339623,0.93,0.4386792452830189,132179000.0,,腾讯日K/前复权日K,2026-08-28T18:45:09+08:00,20260926T093659
515220,煤炭ETF国泰,SSE,2022-03-21,2.108,2.189,2.096,2.17,0.9277142857142857,0.9633617511520737,0.9224331797235023,0.955,0.4400921658986175,133755400.0,,腾讯日K/前复权日K,2026-08-28T18:45:09+08:00,20260926T093659
515220,煤炭ETF国泰,SSE,2022-03-22,2.161,2.24,2.148,2.239,0.9555113890129523,0.9904421616793213,0.9497632871817777,0.99,0.44216167932112554,132584500.0,,腾讯日K/前复权日K,2026-08-28T18:45:09+08:00,20260926T093659
515220,煤炭ETF国泰,SSE,2022-03-23,2.23,2.257,2.178,2.228,0.984883303411131,0.9968078994614002,0.9619174147217234,0.984,0.4416517055655296,139376800.0,,腾讯日K/前复权日K,2026-08-28T18:45:09+08:00,20260926T093659
515220,煤炭ETF国泰,SSE,2022-03-24,2.236,2.286,2.227,2.244,0.988463458110517,1.010566844919786,0.9844848484848483,0.992,0.4420677361853832,123818300.0,,腾讯日K/前复权日K,2026-08-28T18:45:09+08:00,20260926T093659
515220,煤炭ETF国泰,SSE,2022-03-25,2.224,2.277,2.204,2.233,0.9830219435736678,1.006448275862069,0.9741818181818183,0.987,0.44200626959247646,109931100.0,,腾讯日K/前复权日K,2026-08-28T18:45:09+08:00,20260926T093659
515220,煤炭ETF国泰,SSE,2022-03-28,2.24,2.313,2.22,2.294,0.9930601569311246,1.0254232781168264,0.9841935483870967,1.017,0.44333042720139487,111274800.0,,腾讯日K/前复权日K,2026-08-28T18:45:09+08:00,20260926T093659
515220,煤炭ETF国泰,SSE,2022-03-29,2.269,2.347,2.263,2.325,1.008119139784946,1.042774623655914,1.005453333333333,1.033,0.4443010752688171,113785600.0,,腾讯日K/前复权日K,2026-08-28T18:45:09+08:00,20260926T093659
515220,煤炭ETF国泰,SSE,2022-03-30,2.3,2.331,2.236,2.261,1.018266253869969,1.0319907120743033,0.9899318885448917,1.001,0.4427244582043343,146818700.0,,腾讯日K/前复权日K,2026-08-28T18:45:09+08:00,20260926T093659
515220,煤炭ETF国泰,SSE,2022-03-31,2.27,2.317,2.248,2.316,1.0075820379965459,1.0284438687392057,0.9978169257340244,1.028,0.44386873920552683,154730300.0,,腾讯日K/前复权日K,2026-08-28T18:45:09+08:00,20260926T093659
515220,煤炭ETF国泰,SSE,2022-04-01,2.287,2.336,2.265,2.297,1.0145637788419677,1.0363012625163255,1.004804092294297,1.019,0.44362211580322153,121467200.0,,腾讯日K/前复权日K,2026-08-28T18:45:09+08:00,20260926T093659
515220,煤炭ETF国泰,SSE,2022-04-06,2.287,2.302,2.206,2.27,1.0125264317180616,1.0191674008810572,0.9766651982378853,1.005,0.4427312775330396,140334100.0,,腾讯日K/前复权日K,2026-08-28T18:45:09+08:00,20260926T093659
515220,煤炭ETF国泰,SSE,2022-04-07,2.246,2.316,2.246,2.282,0.9950508326029798,1.02606310254163,0.9950508326029798,1.011,0.44303242769500434,118995300.0,,腾讯日K/前复权日K,2026-08-28T18:45:09+08:00,20260926T093659
515220,煤炭ETF国泰,SSE,2022-04-08,2.281,2.326,2.251,2.309,1.0125703767864875,1.0325465569510608,0.9992529233434384,1.025,0.44391511476829787,112605700.0,,腾讯日K/前复权日K,2026-08-28T18:45:09+08:00,20260926T093659
515220,煤炭ETF国泰,SSE,2022-04-11,2.28,2.317,2.256,2.267,1.0097573886193207,1.0261438023820029,0.9991283634759593,1.004,0.44287604764005295,120308200.0,,腾讯日K/前复权日K,2026-08-28T18:45:09+08:00,20260926T093659
515220,煤炭ETF国泰,SSE,2022-04-12,2.278,2.328,2.251,2.283,1.0097836180464301,1.0319474375821287,0.9978151554971528,1.012,0.44327639071397285,111415300.0,,腾讯日K/前复权日K,2026-08-28T18:45:09+08:00,20260926T093659
515220,煤炭ETF国泰,SSE,2022-04-13,2.279,2.4,2.273,2.378,1.0149121110176618,1.0687973086627416,1.012240117746005,1.059,0.44533221194280903,123236700.0,,腾讯日K/前复权日K,2026-08-28T18:45:09+08:00,20260926T093659
515220,煤炭ETF国泰,SSE,2022-04-14,2.378,2.511,2.34,2.507,1.06616354208217,1.125793378540088,1.0491264459513363,1.124,0.4483446350219386,136533600.0,,腾讯日K/前复权日K,2026-08-28T18:45:09+08:00,20260926T093659
515220,煤炭ETF国泰,SSE,2022-04-15,2.545,2.621,2.416,2.438,1.1367945036915503,1.170742001640689,1.0791730926989334,1.089,0.4466776045939294,220397600.0,,腾讯日K/前复权日K,2026-08-28T18:45:09+08:00,20260926T093659
515220,煤炭ETF国泰,SSE,2022-04-18,2.365,2.42,2.339,2.346,1.0514471440750213,1.0758994032395566,1.03988789428815,1.043,0.4445865302642796,152772100.0,,腾讯日K/前复权日K,2026-08-28T18:45:09+08:00,20260926T093659
515220,煤炭ETF国泰,SSE,2022-04-19,2.352,2.415,2.317,2.412,1.0492338308457712,1.0773383084577115,1.033620232172471,1.076,0.4461028192371476,142851400.0,,腾讯日K/前复权日K,2026-08-28T18:45:09+08:00,20260926T093659
515220,煤炭ETF国泰,SSE,2022-04-20,2.378,2.397,2.274,2.281,1.053992985532661,1.0624142919772028,1.0078974134151686,1.011,0.4432266549758877,215260100.0,,腾讯日K/前复权日K,2026-08-28T18:45:09+08:00,20260926T093659
515220,煤炭ETF国泰,SSE,2022-04-21,2.279,2.322,2.218,2.243,1.0079215336602765,1.0269389210878288,0.9809433794025859,0.992,0.4422648238965671,155619800.0,,腾讯日K/前复权日K,2026-08-28T18:45:09+08:00,20260926T093659
515220,煤炭ETF国泰,SSE,2022-04-22,2.2,2.28,2.181,2.245,0.9730957683741649,1.008481069042316,0.9646917594654788,0.993,0.4423162583518931,98602100.0,,腾讯日K/前复权日K,2026-08-28T18:45:09+08:00,20260926T093659
515220,煤炭ETF国泰,SSE,2022-04-25,2.189,2.19,2.088,2.098,0.9588612964728315,0.9592993326978075,0.9146196377502385,0.919,0.43803622497616784,146843800.0,,腾讯日K/前复权日K,2026-08-28T18:45:09+08:00,20260926T093659
515220,煤炭ETF国泰,SSE,2022-04-26,2.092,2.097,1.992,1.999,0.9104752376188094,0.9126513256628314,0.8669534767383692,0.87,0.4352176088044022,157263900.0,,腾讯日K/前复权日K,2026-08-28T18:45:09+08:00,20260926T093659
515220,煤炭ETF国泰,SSE,2022-04-27,1.97,2.092,1.97,2.089,0.8628769746290091,0.9163140258496889,0.8628769746290091,0.915,0.4380086165629488,164516900.0,,腾讯日K/前复权日K,2026-08-28T18:45:09+08:00,20260926T093659
515220,煤炭ETF国泰,SSE,2022-04-28,2.108,2.217,2.102,2.192,0.9289817518248175,0.9770173357664234,0.9263375912408758,0.966,0.4406934306569343,176971400.0,,腾讯日K/前复权日K,2026-08-28T18:45:09+08:00,20260926T093659
515220,煤炭ETF国泰,SSE,2022-04-29,2.206,2.218,2.126,2.21,0.973235294117647,0.9785294117647059,0.9379411764705882,0.975,0.4411764705882353,151736500.0,,腾讯日K/前复权日K,2026-08-28T18:45:09+08:00,20260926T093659
515220,煤炭ETF国泰,SSE,2022-05-05,2.222,2.23,2.16,2.184,0.9787380952380951,0.9822619047619046,0.9514285714285714,0.962,0.4404761904761904,137164700.0,,腾讯日K/前复权日K,2026-08-28T18:45:09+08:00,20260926T093659
515220,煤炭ETF国泰,SSE,2022-05-06,2.139,2.204,2.122,2.141,0.9401209715086407,0.9686893974778141,0.9326492293320877,0.941,0.43951424567958897,162414600.0,,腾讯日K/前复权日K,2026-08-28T18:45:09+08:00,20260926T093659
515220,煤炭ETF国泰,SSE,2022-05-09,2.101,2.114,2.047,2.111,0.9216134533396494,0.927315963998105,0.8979261013737565,0.926,0.43865466603505443,101890800.0,,腾讯日K/前复权日K,2026-08-28T18:45:09+08:00,20260926T093659
515220,煤炭ETF国泰,SSE,2022-05-10,2.064,2.07,2.005,2.056,0.9014941634241246,0.9041147859922178,0.8757247081712062,0.898,0.4367704280155642,175685000.0,,腾讯日K/前复权日K,2026-08-28T18:45:09+08:00,20260926T093659
515220,煤炭ETF国泰,SSE,2022-05-11,2.041,2.126,2.039,2.12,0.8953443396226415,0.9326320754716981,0.8944669811320756,0.93,0.4386792452830189,155745000.0,,腾讯日K/前复权日K,2026-08-28T18:45:09+08:00,20260926T093659
515220,煤炭ETF国泰,SSE,2022-05-12,2.133,2.146,2.05,2.063,0.9326059137178866,0.9382898691226369,0.8963160445952495,0.902,0.43722733882695103,171892700.0,,腾讯日K/前复权日K,2026-08-28T18:45:09+08:00,20260926T093659
515220,煤炭ETF国泰,SSE,2022-05-13,2.07,2.132,2.059,2.128,0.9085432330827068,0.9357556390977445,0.9037152255639099,0.934,0.43890977443609025,154897200.0,,腾讯日K/前复权日K,2026-08-28T18:45:09+08:00,20260926T093659
515220,煤炭ETF国泰,SSE,2022-05-16,2.144,2.195,2.126,2.192,0.9448467153284672,0.9673220802919706,0.9369142335766423,0.966,0.4406934306569343,117034300.0,,腾讯日K/前复权日K,2026-08-28T18:45:09+08:00,20260926T093659
515220,煤炭ETF国泰,SSE,2022-05-17,2.192,2.228,2.171,2.219,0.96807570977918,0.9839747634069402,0.958801261829653,0.98,0.44164037854889593,117665300.0,,腾讯日K/前复权日K,2026-08-28T18:45:09+08:00,20260926T093659
515220,煤炭ETF国泰,SSE,2022-05-18,2.201,2.218,2.175,2.185,0.9700517162471396,0.9775441647597254,0.9585926773455377,0.963,0.44073226544622424,96021800.0,,腾讯日K/前复权日K,2026-08-28T18:45:09+08:00,20260926T093659
515220,煤炭ETF国泰,SSE,2022-05-19,2.149,2.195,2.117,2.194,0.9471663628076573,0.9674407474931631,0.9330624430264357,0.967,0.4407474931631723,100592500.0,,腾讯日K/前复权日K,2026-08-28T18:45:09+08:00,20260926T093659
515220,煤炭ETF国泰,SSE,2022-05-20,2.192,2.296,2.191,2.295,0.9723119825708062,1.0184435729847494,0.9718684095860566,1.018,0.44357298474945533,143318000.0,,腾讯日K/前复权日K,2026-08-28T18:45:09+08:00,20260926T093659
515220,煤炭ETF国泰,SSE,2022-05-23,2.298,2.357,2.28,2.313,1.0203398184176393,1.046536532641591,1.0123476005188066,1.027,0.44401210549070463,160964000.0,,腾讯日K/前复权日K,2026-08-28T18:45:09+08:00,20260926T093659
515220,煤炭ETF国泰,SSE,2022-05-24,2.301,2.382,2.291,2.299,1.0208873423227491,1.0568247063940845,1.016450630709004,1.02,0.4436711613745107,180901000.0,,腾讯日K/前复权日K,2026-08-28T18:45:09+08:00,20260926T093659
515220,煤炭ETF国泰,SSE,2022-05-25,2.289,2.358,2.268,2.348,1.0177666098807499,1.0484463373083477,1.0084293015332197,1.044,0.44463373083475305,158421000.0,,腾讯日K/前复权日K,2026-08-28T18:45:09+08:00,20260926T093659
515220,煤炭ETF国泰,SSE,2022-05-26,2.349,2.44,2.33,2.424,1.048522277227723,1.0891419141914191,1.0400412541254127,1.082,0.4463696369636964,155407400.0,,腾讯日K/前复权日K,2026-08-28T18:45:09+08:00,20260926T093659
515220,煤炭ETF国泰,SSE,2022-05-27,2.428,2.48,2.4,2.452,1.085272430668842,1.108515497553018,1.072756933115824,1.096,0.44698205546492664,162448200.0,,腾讯日K/前复权日K,2026-08-28T18:45:09+08:00,20260926T093659
515220,煤炭ETF国泰,SSE,2022-05-30,2.452,2.461,2.385,2.426,1.0946067600989282,1.0986244847485571,1.06469703215169,1.083,0.44641384995877986,133624900.0,,腾讯日K/前复权日K,2026-08-28T18:45:09+08:00,20260926T093659
515220,煤炭ETF国泰,SSE,2022-05-31,2.425,2.43,2.374,2.411,1.0822480298631274,1.0844794690999586,1.0594873496474493,1.076,0.4462878473662381,114945300.0,,腾讯日K/前复权日K,2026-08-28T18:45:09+08:00,20260926T093659
515220,煤炭ETF国泰,SSE,2022-06-01,2.405,2.463,2.384,2.455,1.0756374745417514,1.1015780040733198,1.066245213849287,1.098,0.44725050916496945,130064100.0,,腾讯日K/前复权日K,2026-08-28T18:45:09+08:00,20260926T093659
515220,煤炭ETF国泰,SSE,2022-06-02,2.443,2.443,2.377,2.389,1.0890728338216829,1.0890728338216829,1.0596504813729593,1.065,0.44579321892005025,131233300.0,,腾讯日K/前复权日K,2026-08-28T18:45:09+08:00,20260926T093659
515220,煤炭ETF国泰,SSE,2022-06-06,2.391,2.475,2.391,2.47,1.069657894736842,1.107236842105263,1.069657894736842,1.105,0.4473684210526315,139165800.0,,腾讯日K/前复权日K,2026-08-28T18:45:09+08:00,20260926T093659
515220,煤炭ETF国泰,SSE,2022-06-07,2.457,2.517,2.424,2.472,1.0992888349514562,1.1261334951456312,1.0845242718446602,1.106,0.447411003236246,160548400.0,,腾讯日K/前复权日K,2026-08-28T18:45:09+08:00,20260926T093659
515220,煤炭ETF国泰,SSE,2022-06-08,2.482,2.609,2.482,2.606,1.1171857252494246,1.1743503453568689,1.1171857252494246,1.173,0.45011511895625483,209578400.0,,腾讯日K/前复权日K,2026-08-28T18:45:09+08:00,20260926T093659
515220,煤炭ETF国泰,SSE,2022-06-09,2.595,2.676,2.564,2.608,1.1681480061349694,1.2046104294478528,1.1541932515337423,1.174,0.4501533742331288,183631400.0,,腾讯日K/前复权日K,2026-08-28T18:45:09+08:00,20260926T093659
515220,煤炭ETF国泰,SSE,2022-06-10,2.57,2.67,2.56,2.649,1.1593620234050586,1.2044733861834656,1.1548508871272178,1.195,0.4511136277840695,143974400.0,,腾讯日K/前复权日K,2026-08-28T18:45:09+08:00,20260926T093659
515220,煤炭ETF国泰,SSE,2022-06-13,2.616,2.663,2.563,2.619,1.17864833906071,1.1998243604429168,1.1547689957999234,1.18,0.450553646429935,184034400.0,,腾讯日K/前复权日K,2026-08-28T18:45:09+08:00,20260926T093659
515220,煤炭ETF国泰,SSE,2022-06-14,2.581,2.69,2.572,2.688,1.165674851190476,1.2149032738095236,1.161610119047619,1.214,0.4516369047619047,148517400.0,,腾讯日K/前复权日K,2026-08-28T18:45:09+08:00,20260926T093659
515220,煤炭ETF国泰,SSE,2022-06-15,2.688,2.7,2.608,2.612,1.210217457886677,1.2156202143950996,1.1741990811638592,1.176,0.450229709035222,142683200.0,,腾讯日K/前复权日K,2026-08-28T18:45:09+08:00,20260926T093659
515220,煤炭ETF国泰,SSE,2022-06-16,2.612,2.629,2.475,2.512,1.1708248407643311,1.1784450636942674,1.1094148089171973,1.126,0.44824840764331203,242707800.0,,腾讯日K/前复权日K,2026-08-28T18:45:09+08:00,20260926T093659
515220,煤炭ETF国泰,SSE,2022-06-17,2.48,2.519,2.46,2.505,1.1117924151696608,1.1292762475049902,1.1028263473053892,1.123,0.4483033932135729,251281400.0,,腾讯日K/前复权日K,2026-08-28T18:45:09+08:00,20260926T093659
515220,煤炭ETF国泰,SSE,2022-06-20,2.44,2.449,2.348,2.359,1.0860534124629082,1.090059347181009,1.0451038575667657,1.05,0.4451038575667656,269525500.0,,腾讯日K/前复权日K,2026-08-28T18:45:09+08:00,20260926T093659
515220,煤炭ETF国泰,SSE,2022-06-21,2.342,2.393,2.338,2.36,1.0419915254237289,1.0646822033898304,1.0402118644067797,1.05,0.44491525423728817,175938700.0,,腾讯日K/前复权日K,2026-08-28T18:45:09+08:00,20260926T093659
515220,煤炭ETF国泰,SSE,2022-06-22,2.379,2.39,2.305,2.312,1.0557326989619378,1.0606141868512111,1.022893598615917,1.026,0.4437716262975779,175968400.0,,腾讯日K/前复权日K,2026-08-28T18:45:09+08:00,20260926T093659
515220,煤炭ETF国泰,SSE,2022-06-23,2.302,2.369,2.275,2.369,1.0251625158294637,1.055,1.0131384550443223,1.055,0.44533558463486694,214696100.0,,腾讯日K/前复权日K,2026-08-28T18:45:09+08:00,20260926T093659
515220,煤炭ETF国泰,SSE,2022-06-24,2.359,2.399,2.33,2.356,1.0493344651952463,1.0671273344651953,1.0364346349745333,1.048,0.4448217317487267,216440000.0,,腾讯日K/前复权日K,2026-08-28T18:45:09+08:00,20260926T093659
515220,煤炭ETF国泰,SSE,2022-06-27,2.357,2.47,2.35,2.466,1.0542461476074614,1.1047891321978913,1.0511151662611515,1.103,0.44728304947283043,280413900.0,,腾讯日K/前复权日K,2026-08-28T18:45:09+08:00,20260926T093659
515220,煤炭ETF国泰,SSE,2022-06-28,2.475,2.518,2.463,2.517,1.1101609058402861,1.1294485498609454,1.1047783075089392,1.129,0.44854986094557014,171120600.0,,腾讯日K/前复权日K,2026-08-28T18:45:09+08:00,20260926T093659
515220,煤炭ETF国泰,SSE,2022-06-29,2.51,2.559,2.484,2.487,1.1243023723361478,1.1462509047044633,1.1126562123039807,1.114,0.4479292320064335,189572400.0,,腾讯日K/前复权日K,2026-08-28T18:45:09+08:00,20260926T093659
515220,煤炭ETF国泰,SSE,2022-06-30,2.469,2.505,2.455,2.492,1.1056998394863564,1.1218218298555378,1.0994301765650083,1.116,0.44783306581059396,118359000.0,,腾讯日K/前复权日K,2026-08-28T18:45:09+08:00,20260926T093659
515220,煤炭ETF国泰,SSE,2022-07-01,2.46,2.509,2.401,2.49,1.101566265060241,1.123508032128514,1.0751465863453813,1.115,0.4477911646586345,192914400.0,,腾讯日K/前复权日K,2026-08-28T18:45:09+08:00,20260926T093659
515220,煤炭ETF国泰,SSE,2022-07-04,2.481,2.528,2.458,2.479,1.1108955223880597,1.1319402985074627,1.1005970149253732,1.11,0.44776119402985076,127156400.0,,腾讯日K/前复权日K,2026-08-28T18:45:09+08:00,20260926T093659
515220,煤炭ETF国泰,SSE,2022-07-05,2.5,2.588,2.498,2.586,1.124323279195669,1.1638994586233566,1.1234238205723126,1.163,0.44972931167826763,250660000.0,,腾讯日K/前复权日K,2026-08-28T18:45:09+08:00,20260926T093659
515220,煤炭ETF国泰,SSE,2022-07-06,2.51,2.528,2.393,2.424,1.120387788778878,1.1284224422442246,1.0681625412541254,1.082,0.4463696369636964,318783000.0,,腾讯日K/前复权日K,2026-08-28T18:45:09+08:00,20260926T093659
515220,煤炭ETF国泰,SSE,2022-07-07,2.405,2.451,2.365,2.441,1.0749098730028677,1.0954694797214257,1.0570319541171653,1.091,0.44694797214256454,159124200.0,,腾讯日K/前复权日K,2026-08-28T18:45:09+08:00,20260926T093659
515220,煤炭ETF国泰,SSE,2022-07-08,2.473,2.485,2.407,2.412,1.103212271973466,1.1085655058043118,1.0737694859038143,1.076,0.4461028192371476,164622800.0,,腾讯日K/前复权日K,2026-08-28T18:45:09+08:00,20260926T093659
515220,煤炭ETF国泰,SSE,2022-07-11,2.382,2.383,2.328,2.348,1.0591175468483818,1.0595621805792166,1.035107325383305,1.044,0.44463373083475305,151924700.0,,腾讯日K/前复权日K,2026-08-28T18:45:09+08:00,20260926T093659
515220,煤炭ETF国泰,SSE,2022-07-12,2.353,2.386,2.346,2.36,1.0468855932203391,1.0615677966101695,1.043771186440678,1.05,0.44491525423728817,140508800.0,,腾讯日K/前复权日K,2026-08-28T18:45:09+08:00,20260926T093659
515220,煤炭ETF国泰,SSE,2022-07-13,2.34,2.365,2.316,2.36,1.0411016949152543,1.0522245762711866,1.0304237288135594,1.05,0.44491525423728817,139576600.0,,腾讯日K/前复权日K,2026-08-28T18:45:09+08:00,20260926T093659
515220,煤炭ETF国泰,SSE,2022-07-14,2.36,2.39,2.336,2.36,1.05,1.0633474576271187,1.0393220338983051,1.05,0.44491525423728817,116865900.0,,腾讯日K/前复权日K,2026-08-28T18:45:09+08:00,20260926T093659
515220,煤炭ETF国泰,SSE,2022-07-15,2.361,2.436,2.339,2.342,1.0494453458582407,1.082782237403928,1.0396665243381724,1.041,0.44449188727583255,170911600.0,,腾讯日K/前复权日K,2026-08-28T18:45:09+08:00,20260926T093659
515220,煤炭ETF国泰,SSE,2022-07-18,2.358,2.45,2.358,2.448,1.053779411764706,1.0948937908496734,1.053779411764706,1.094,0.44689542483660133,196409400.0,,腾讯日K/前复权日K,2026-08-28T18:45:09+08:00,20260926T093659
515220,煤炭ETF国泰,SSE,2022-07-19,2.457,2.457,2.414,2.439,1.0980442804428043,1.0980442804428043,1.0788273882738828,1.09,0.44690446904469044,134120300.0,,腾讯日K/前复权日K,2026-08-28T18:45:09+08:00,20260926T093659
515220,煤炭ETF国泰,SSE,2022-07-20,2.435,2.455,2.422,2.43,1.0872325102880658,1.0961625514403293,1.0814279835390945,1.085,0.4465020576131687,93712600.0,,腾讯日K/前复权日K,2026-08-28T18:45:09+08:00,20260926T093659
515220,煤炭ETF国泰,SSE,2022-07-21,2.419,2.419,2.347,2.349,1.0761409110259683,1.0761409110259683,1.0441102596849723,1.045,0.44487015751383563,170673100.0,,腾讯日K/前复权日K,2026-08-28T18:45:09+08:00,20260926T093659
515220,煤炭ETF国泰,SSE,2022-07-22,2.345,2.36,2.313,2.321,1.0416609220163722,1.0483239982766048,1.027446359327876,1.031,0.4442050840155105,137913500.0,,腾讯日K/前复权日K,2026-08-28T18:45:09+08:00,20260926T093659
515220,煤炭ETF国泰,SSE,2022-07-25,2.334,2.371,2.326,2.34,1.0373333333333334,1.053777777777778,1.033777777777778,1.04,0.4444444444444445,126392200.0,,腾讯日K/前复权日K,2026-08-28T18:45:09+08:00,20260926T093659
515220,煤炭ETF国泰,SSE,2022-07-26,2.339,2.392,2.322,2.379,1.042177385456074,1.065792349726776,1.0346027742749055,1.06,0.4455653635981505,142657300.0,,腾讯日K/前复权日K,2026-08-28T18:45:09+08:00,20260926T093659
515220,煤炭ETF国泰,SSE,2022-07-27,2.373,2.403,2.361,2.388,1.0573165829145732,1.0706834170854274,1.0519698492462315,1.064,0.44556113902847577,92466500.0,,腾讯日K/前复权日K,2026-08-28T18:45:09+08:00,20260926T093659
515220,煤炭ETF国泰,SSE,2022-07-28,2.408,2.44,2.392,2.439,1.0761459614596145,1.0904469044690446,1.0689954899548995,1.09,0.44690446904469044,182700800.0,,腾讯日K/前复权日K,2026-08-28T18:45:09+08:00,20260926T093659
515220,煤炭ETF国泰,SSE,2022-07-29,2.44,2.457,2.374,2.375,1.0869557894736843,1.0945288421052632,1.0575545263157897,1.058,0.44547368421052636,144431600.0,,腾讯日K/前复权日K,2026-08-28T18:45:09+08:00,20260926T093659
515220,煤炭ETF国泰,SSE,2022-08-01,2.371,2.426,2.358,2.416,1.0579213576158941,1.0824619205298014,1.0521208609271524,1.078,0.4461920529801325,133353200.0,,腾讯日K/前复权日K,2026-08-28T18:45:09+08:00,20260926T093659
515220,煤炭ETF国泰,SSE,2022-08-02,2.38,2.382,2.315,2.342,1.0578906917164814,1.0587796754910332,1.0289987190435523,1.041,0.44449188727583255,142661000.0,,腾讯日K/前复权日K,2026-08-28T18:45:09+08:00,20260926T093659
515220,煤炭ETF国泰,SSE,2022-08-03,2.343,2.375,2.313,2.323,1.0408850624192856,1.0551011622901423,1.0275574687903575,1.032,0.4442531209642704,138480700.0,,腾讯日K/前复权日K,2026-08-28T18:45:09+08:00,20260926T093659
515220,煤炭ETF国泰,SSE,2022-08-04,2.32,2.333,2.269,2.308,1.0293240901213172,1.035091854419411,1.0066967071057193,1.024,0.44367417677642984,169279200.0,,腾讯日K/前复权日K,2026-08-28T18:45:09+08:00,20260926T093659
515220,煤炭ETF国泰,SSE,2022-08-05,2.305,2.318,2.249,2.288,1.021534090909091,1.0272954545454547,0.9967159090909092,1.014,0.44318181818181823,173699400.0,,腾讯日K/前复权日K,2026-08-28T18:45:09+08:00,20260926T093659
515220,煤炭ETF国泰,SSE,2022-08-08,2.282,2.366,2.263,2.36,1.0152966101694916,1.0526694915254238,1.006843220338983,1.05,0.44491525423728817,164056700.0,,腾讯日K/前复权日K,2026-08-28T18:45:09+08:00,20260926T093659
515220,煤炭ETF国泰,SSE,2022-08-09,2.36,2.445,2.35,2.435,1.054488706365503,1.0924681724845995,1.0500205338809037,1.088,0.44681724845995896,199401500.0,,腾讯日K/前复权日K,2026-08-28T18:45:09+08:00,20260926T093659
515220,煤炭ETF国泰,SSE,2022-08-10,2.419,2.454,2.387,2.405,1.079246153846154,1.0948615384615386,1.064969230769231,1.073,0.4461538461538462,155289100.0,,腾讯日K/前复权日K,2026-08-28T18:45:09+08:00,20260926T093659
515220,煤炭ETF国泰,SSE,2022-08-11,2.41,2.434,2.389,2.419,1.0759818106655643,1.0866969822240595,1.066606035551881,1.08,0.4464654816039686,107919400.0,,腾讯日K/前复权日K,2026-08-28T18:45:09+08:00,20260926T093659
515220,煤炭ETF国泰,SSE,2022-08-12,2.429,2.49,2.429,2.478,1.0870706214689263,1.114370460048426,1.0870706214689263,1.109,0.4475383373688458,138289700.0,,腾讯日K/前复权日K,2026-08-28T18:45:09+08:00,20260926T093659
515220,煤炭ETF国泰,SSE,2022-08-15,2.481,2.554,2.481,2.523,1.113155766944114,1.1459088386841059,1.113155766944114,1.132,0.4486722156163297,175462600.0,,腾讯日K/前复权日K,2026-08-28T18:45:09+08:00,20260926T093659
515220,煤炭ETF国泰,SSE,2022-08-16,2.518,2.547,2.485,2.53,1.1296166007905137,1.1426264822134389,1.1148122529644269,1.135,0.44861660079051385,115265900.0,,腾讯日K/前复权日K,2026-08-28T18:45:09+08:00,20260926T093659
515220,煤炭ETF国泰,SSE,2022-08-17,2.534,2.564,2.515,2.527,1.137141274238227,1.1506038781163432,1.1286149584487533,1.134,0.44875346260387805,93948700.0,,腾讯日K/前复权日K,2026-08-28T18:45:09+08:00,20260926T093659
515220,煤炭ETF国泰,SSE,2022-08-18,2.513,2.55,2.481,2.494,1.125509623095429,1.1420809943865275,1.1111776263031274,1.117,0.4478748997594226,99076000.0,,腾讯日K/前复权日K,2026-08-28T18:45:09+08:00,20260926T093659
515220,煤炭ETF国泰,SSE,2022-08-19,2.506,2.56,2.494,2.541,1.1252837465564738,1.1495316804407716,1.119895316804408,1.141,0.44903581267217635,140131400.0,,腾讯日K/前复权日K,2026-08-28T18:45:09+08:00,20260926T093659
515220,煤炭ETF国泰,SSE,2022-08-22,2.552,2.609,2.542,2.601,1.1489396386005384,1.174601691657055,1.1444375240292195,1.171,0.4502114571318724,175098500.0,,腾讯日K/前复权日K,2026-08-28T18:45:09+08:00,20260926T093659
515220,煤炭ETF国泰,SSE,2022-08-23,2.602,2.685,2.57,2.662,1.1739301277235161,1.2113767843726524,1.1594928625093914,1.201,0.4511645379413975,179543900.0,,腾讯日K/前复权日K,2026-08-28T18:45:09+08:00,20260926T093659
515220,煤炭ETF国泰,SSE,2022-08-24,2.678,2.698,2.632,2.645,1.2078843100189036,1.2169051039697543,1.1871364839319472,1.193,0.4510396975425331,152100800.0,,腾讯日K/前复权日K,2026-08-28T18:45:09+08:00,20260926T093659
515220,煤炭ETF国泰,SSE,2022-08-25,2.655,2.798,2.64,2.792,1.2038789398280803,1.268720630372493,1.1970773638968484,1.266,0.4534383954154728,200272600.0,,腾讯日K/前复权日K,2026-08-28T18:45:09+08:00,20260926T093659
515220,煤炭ETF国泰,SSE,2022-08-26,2.754,2.77,2.7,2.718,1.2452781456953643,1.2525128771155263,1.220860927152318,1.229,0.45217071376011775,184311200.0,,腾讯日K/前复权日K,2026-08-28T18:45:09+08:00,20260926T093659
515220,煤炭ETF国泰,SSE,2022-08-29,2.685,2.775,2.632,2.769,1.21692849404117,1.2577193932827735,1.1929071867100036,1.255,0.45323221379559403,187051200.0,,腾讯日K/前复权日K,2026-08-28T18:45:09+08:00,20260926T093659
515220,煤炭ETF国泰,SSE,2022-08-30,2.747,2.75,2.607,2.624,1.2374062499999998,1.2387576219512195,1.1743422256097562,1.182,0.4504573170731707,232021600.0,,腾讯日K/前复权日K,2026-08-28T18:45:09+08:00,20260926T093659
515220,煤炭ETF国泰,SSE,2022-08-31,2.6,2.638,2.554,2.559,1.1684251660805,1.1855021492770612,1.147753028526768,1.15,0.44939429464634617,161183200.0,,腾讯日K/前复权日K,2026-08-28T18:45:09+08:00,20260926T093659
515220,煤炭ETF国泰,SSE,2022-09-01,2.559,2.683,2.553,2.627,1.1533521126760564,1.2092394366197183,1.1506478873239436,1.184,0.4507042253521127,165899300.0,,腾讯日K/前复权日K,2026-08-28T18:45:09+08:00,20260926T093659
515220,煤炭ETF国泰,SSE,2022-09-02,2.616,2.642,2.574,2.6,1.1772,1.1888999999999998,1.1582999999999999,1.17,0.44999999999999996,105908800.0,,腾讯日K/前复权日K,2026-08-28T18:45:09+08:00,20260926T093659
515220,煤炭ETF国泰,SSE,2022-09-05,2.624,2.737,2.607,2.727,1.1873912724605795,1.2385251191785847,1.1796985698569857,1.234,0.4525119178584525,192049900.0,,腾讯日K/前复权日K,2026-08-28T18:45:09+08:00,20260926T093659
515220,煤炭ETF国泰,SSE,2022-09-06,2.731,2.797,2.705,2.784,1.2379748563218391,1.2678929597701152,1.2261889367816092,1.262,0.45330459770114945,154110600.0,,腾讯日K/前复权日K,2026-08-28T18:45:09+08:00,20260926T093659
515220,煤炭ETF国泰,SSE,2022-09-07,2.765,2.804,2.739,2.777,1.2535595966870723,1.271240907454087,1.241772056175729,1.259,0.45336694274396827,134318900.0,,腾讯日K/前复权日K,2026-08-28T18:45:09+08:00,20260926T093659
515220,煤炭ETF国泰,SSE,2022-09-08,2.74,2.773,2.692,2.733,1.240168313208928,1.2551046469081597,1.2184427369191366,1.237,0.4526161727039883,125745000.0,,腾讯日K/前复权日K,2026-08-28T18:45:09+08:00,20260926T093659
515220,煤炭ETF国泰,SSE,2022-09-09,2.727,2.778,2.701,2.762,1.2351473569876898,1.258246922519913,1.2233711078928313,1.251,0.4529326574945691,107030600.0,,腾讯日K/前复权日K,2026-08-28T18:45:09+08:00,20260926T093659
515220,煤炭ETF国泰,SSE,2022-09-13,2.763,2.771,2.696,2.722,1.2495418809698753,1.2531598089639973,1.2192417340191037,1.231,0.4522409992652462,126553000.0,,腾讯日K/前复权日K,2026-08-28T18:45:09+08:00,20260926T093659
515220,煤炭ETF国泰,SSE,2022-09-14,2.685,2.736,2.673,2.684,1.212451564828614,1.2354813710879284,1.207032786885246,1.212,0.45156482861400893,110818500.0,,腾讯日K/前复权日K,2026-08-28T18:45:09+08:00,20260926T093659
515220,煤炭ETF国泰,SSE,2022-09-15,2.722,2.775,2.638,2.695,1.2302025974025974,1.2541558441558442,1.1922389610389612,1.218,0.451948051948052,148887900.0,,腾讯日K/前复权日K,2026-08-28T18:45:09+08:00,20260926T093659
515220,煤炭ETF国泰,SSE,2022-09-16,2.651,2.699,2.562,2.564,1.1910889235569422,1.2126552262090482,1.151101404056162,1.152,0.4492979719188767,203785100.0,,腾讯日K/前复权日K,2026-08-28T18:45:09+08:00,20260926T093659
515220,煤炭ETF国泰,SSE,2022-09-19,2.55,2.627,2.54,2.576,1.146312111801242,1.1809262422360247,1.1418167701863353,1.158,0.4495341614906832,136560300.0,,腾讯日K/前复权日K,2026-08-28T18:45:09+08:00,20260926T093659
515220,煤炭ETF国泰,SSE,2022-09-20,2.607,2.655,2.568,2.614,1.1738481254781945,1.1954609793420046,1.1562876817138485,1.177,0.4502677888293803,115723300.0,,腾讯日K/前复权日K,2026-08-28T18:45:09+08:00,20260926T093659
515220,煤炭ETF国泰,SSE,2022-09-21,2.593,2.658,2.593,2.64,1.1688143939393938,1.1981136363636362,1.1688143939393938,1.19,0.4507575757575757,95325900.0,,腾讯日K/前复权日K,2026-08-28T18:45:09+08:00,20260926T093659
515220,煤炭ETF国泰,SSE,2022-09-22,2.625,2.728,2.618,2.718,1.186948123620309,1.2335217071376012,1.1837829286239883,1.229,0.45217071376011775,165535500.0,,腾讯日K/前复权日K,2026-08-28T18:45:09+08:00,20260926T093659
515220,煤炭ETF国泰,SSE,2022-09-23,2.695,2.733,2.65,2.657,1.2161479111780202,1.2332958223560406,1.1958411742566806,1.199,0.45126082047421906,132799200.0,,腾讯日K/前复权日K,2026-08-28T18:45:09+08:00,20260926T093659
515220,煤炭ETF国泰,SSE,2022-09-26,2.61,2.656,2.564,2.578,1.1733863460046547,1.1940667183863463,1.1527059736229637,1.159,0.44957331264546163,113009100.0,,腾讯日K/前复权日K,2026-08-28T18:45:09+08:00,20260926T093659
515220,煤炭ETF国泰,SSE,2022-09-27,2.586,2.604,2.484,2.568,1.1620887850467287,1.1701775700934578,1.1162523364485981,1.154,0.4493769470404984,163200600.0,,腾讯日K/前复权日K,2026-08-28T18:45:09+08:00,20260926T093659
515220,煤炭ETF国泰,SSE,2022-09-28,2.57,2.595,2.534,2.536,1.1532570977917977,1.164475552050473,1.1371025236593058,1.138,0.4487381703470031,124901500.0,,腾讯日K/前复权日K,2026-08-28T18:45:09+08:00,20260926T093659
515220,煤炭ETF国泰,SSE,2022-09-29,2.565,2.624,2.555,2.594,1.1539533538936007,1.180496530454896,1.1494545104086353,1.167,0.4498843484965305,138382500.0,,腾讯日K/前复权日K,2026-08-28T18:45:09+08:00,20260926T093659
515220,煤炭ETF国泰,SSE,2022-09-30,2.589,2.633,2.574,2.597,1.1653989218328842,1.1852048517520217,1.1586469002695419,1.169,0.4501347708894879,123338400.0,,腾讯日K/前复权日K,2026-08-28T18:45:09+08:00,20260926T093659
515220,煤炭ETF国泰,SSE,2022-10-10,2.641,2.696,2.61,2.639,1.1909018567639258,1.2157029177718834,1.176923076923077,1.19,0.4509283819628647,175456400.0,,腾讯日K/前复权日K,2026-08-28T18:45:09+08:00,20260926T093659
515220,煤炭ETF国泰,SSE,2022-10-11,2.622,2.641,2.563,2.619,1.1813516609392896,1.1899121802214583,1.1547689957999234,1.18,0.450553646429935,136448600.0,,腾讯日K/前复权日K,2026-08-28T18:45:09+08:00,20260926T093659
515220,煤炭ETF国泰,SSE,2022-10-12,2.594,2.636,2.561,2.632,1.1688768996960486,1.1878024316109421,1.154006838905775,1.186,0.4506079027355623,97990200.0,,腾讯日K/前复权日K,2026-08-28T18:45:09+08:00,20260926T093659
515220,煤炭ETF国泰,SSE,2022-10-13,2.622,2.622,2.508,2.52,1.1757380952380951,1.1757380952380951,1.1246190476190476,1.13,0.4484126984126984,165638500.0,,腾讯日K/前复权日K,2026-08-28T18:45:09+08:00,20260926T093659
515220,煤炭ETF国泰,SSE,2022-10-14,2.532,2.551,2.51,2.54,1.1364094488188976,1.1449370078740158,1.126535433070866,1.14,0.44881889763779526,133047500.0,,腾讯日K/前复权日K,2026-08-28T18:45:09+08:00,20260926T093659
515220,煤炭ETF国泰,SSE,2022-10-17,2.516,2.516,2.427,2.508,1.1275853269537481,1.1275853269537481,1.0876985645933015,1.124,0.4481658692185008,154378400.0,,腾讯日K/前复权日K,2026-08-28T18:45:09+08:00,20260926T093659
515220,煤炭ETF国泰,SSE,2022-10-18,2.51,2.543,2.489,2.513,1.1256545961002784,1.1404540389972146,1.1162367688022283,1.127,0.44846796657381616,138873700.0,,腾讯日K/前复权日K,2026-08-28T18:45:09+08:00,20260926T093659
515220,煤炭ETF国泰,SSE,2022-10-19,2.499,2.554,2.465,2.511,1.1206188769414573,1.1452823576264433,1.1053723616089204,1.126,0.44842692154520103,142042200.0,,腾讯日K/前复权日K,2026-08-28T18:45:09+08:00,20260926T093659
515220,煤炭ETF国泰,SSE,2022-10-20,2.5,2.5,2.446,2.461,1.1184477854530679,1.1184477854530679,1.0942893132872817,1.101,0.44737911418122717,184799000.0,,腾讯日K/前复权日K,2026-08-28T18:45:09+08:00,20260926T093659
515220,煤炭ETF国泰,SSE,2022-10-21,2.466,2.501,2.448,2.469,1.1036573511543137,1.1193215876873228,1.0956014580801945,1.105,0.4475496152288376,112190900.0,,腾讯日K/前复权日K,2026-08-28T18:45:09+08:00,20260926T093659
515220,煤炭ETF国泰,SSE,2022-10-24,2.477,2.49,2.401,2.416,1.1052177152317881,1.11101821192053,1.071307119205298,1.078,0.4461920529801325,128451800.0,,腾讯日K/前复权日K,2026-08-28T18:45:09+08:00,20260926T093659
515220,煤炭ETF国泰,SSE,2022-10-25,2.407,2.415,2.351,2.389,1.073024277940561,1.0765906236919214,1.048059857681038,1.065,0.44579321892005025,116993100.0,,腾讯日K/前复权日K,2026-08-28T18:45:09+08:00,20260926T093659
515220,煤炭ETF国泰,SSE,2022-10-26,2.377,2.401,2.335,2.367,1.0584528939585973,1.069139839459231,1.0397507393324885,1.054,0.4452893958597381,140701200.0,,腾讯日K/前复权日K,2026-08-28T18:45:09+08:00,20260926T093659
515220,煤炭ETF国泰,SSE,2022-10-27,2.374,2.412,2.361,2.372,1.0568903878583475,1.0738077571669478,1.0511028667790896,1.056,0.4451939291736931,112124400.0,,腾讯日K/前复权日K,2026-08-28T18:45:09+08:00,20260926T093659
515220,煤炭ETF国泰,SSE,2022-10-28,2.36,2.406,2.331,2.361,1.0505548496399828,1.0710317662007622,1.0376454891994915,1.051,0.4451503600169419,140401300.0,,腾讯日K/前复权日K,2026-08-28T18:45:09+08:00,20260926T093659
515220,煤炭ETF国泰,SSE,2022-10-31,2.337,2.366,2.257,2.274,1.0348984168865436,1.047740545294635,0.9994718557607739,1.007,0.4428320140721196,141787700.0,,腾讯日K/前复权日K,2026-08-28T18:45:09+08:00,20260926T093659
515220,煤炭ETF国泰,SSE,2022-11-01,2.265,2.291,2.223,2.287,1.0042457367730653,1.0157735024048973,0.9856239615216441,1.014,0.44337560122431136,171157200.0,,腾讯日K/前复权日K,2026-08-28T18:45:09+08:00,20260926T093659
515220,煤炭ETF国泰,SSE,2022-11-02,2.277,2.329,2.262,2.318,1.0107993960310613,1.0338830888697152,1.0041406384814495,1.029,0.44391716997411557,199999400.0,,腾讯日K/前复权日K,2026-08-28T18:45:09+08:00,20260926T093659
515220,煤炭ETF国泰,SSE,2022-11-03,2.298,2.329,2.277,2.303,1.0197811550151976,1.0335379939209728,1.0104620060790275,1.022,0.44376899696048633,161029300.0,,腾讯日K/前复权日K,2026-08-28T18:45:09+08:00,20260926T093659
515220,煤炭ETF国泰,SSE,2022-11-04,2.3,2.401,2.3,2.391,1.0254286909242993,1.0704583856127143,1.0254286909242993,1.066,0.44583856127143456,165267000.0,,腾讯日K/前复权日K,2026-08-28T18:45:09+08:00,20260926T093659
515220,煤炭ETF国泰,SSE,2022-11-07,2.392,2.453,2.391,2.43,1.0680329218106994,1.0952695473251026,1.0675864197530864,1.085,0.4465020576131687,127765800.0,,腾讯日K/前复权日K,2026-08-28T18:45:09+08:00,20260926T093659
515220,煤炭ETF国泰,SSE,2022-11-08,2.439,2.46,2.405,2.42,1.0884793388429754,1.0978512396694216,1.0733057851239671,1.08,0.44628099173553726,127130300.0,,腾讯日K/前复权日K,2026-08-28T18:45:09+08:00,20260926T093659
515220,煤炭ETF国泰,SSE,2022-11-09,2.41,2.43,2.382,2.383,1.0740327318506087,1.0829458665547629,1.0615543432647923,1.062,0.44565673520772137,77041100.0,,腾讯日K/前复权日K,2026-08-28T18:45:09+08:00,20260926T093659
515220,煤炭ETF国泰,SSE,2022-11-10,2.36,2.391,2.327,2.384,1.0513087248322148,1.065118288590604,1.0366082214765102,1.062,0.4454697986577182,89965700.0,,腾讯日K/前复权日K,2026-08-28T18:45:09+08:00,20260926T093659
515220,煤炭ETF国泰,SSE,2022-11-11,2.423,2.446,2.39,2.435,1.0826381930184805,1.0929149897330597,1.067893223819302,1.088,0.44681724845995896,142054900.0,,腾讯日K/前复权日K,2026-08-28T18:45:09+08:00,20260926T093659
515220,煤炭ETF国泰,SSE,2022-11-14,2.432,2.493,2.363,2.373,1.0832802359882006,1.110451327433628,1.0525457227138642,1.057,0.4454277286135693,174395800.0,,腾讯日K/前复权日K,2026-08-28T18:45:09+08:00,20260926T093659
515220,煤炭ETF国泰,SSE,2022-11-15,2.353,2.397,2.338,2.395,1.049270981210856,1.0688918580375784,1.042582045929019,1.068,0.4459290187891441,99316500.0,,腾讯日K/前复权日K,2026-08-28T18:45:09+08:00,20260926T093659
515220,煤炭ETF国泰,SSE,2022-11-16,2.395,2.421,2.39,2.407,1.068645616950561,1.0802467802243456,1.0664146240132948,1.074,0.44619858745326135,122682900.0,,腾讯日K/前复权日K,2026-08-28T18:45:09+08:00,20260926T093659
515220,煤炭ETF国泰,SSE,2022-11-17,2.396,2.396,2.299,2.322,1.063857019810508,1.063857019810508,1.020787683031869,1.031,0.4440137812230835,125967800.0,,腾讯日K/前复权日K,2026-08-28T18:45:09+08:00,20260926T093659
515220,煤炭ETF国泰,SSE,2022-11-18,2.318,2.318,2.289,2.292,1.0275253054101223,1.0275253054101223,1.014670157068063,1.016,0.44328097731239097,108533600.0,,腾讯日K/前复权日K,2026-08-28T18:45:09+08:00,20260926T093659
515220,煤炭ETF国泰,SSE,2022-11-21,2.271,2.283,2.25,2.282,1.0061266432953548,1.0114430324276948,0.9968229623137598,1.011,0.44303242769500434,107457800.0,,腾讯日K/前复权日K,2026-08-28T18:45:09+08:00,20260926T093659
515220,煤炭ETF国泰,SSE,2022-11-22,2.281,2.315,2.277,2.29,1.0110109170305677,1.0260807860262007,1.0092379912663754,1.015,0.44323144104803486,115555200.0,,腾讯日K/前复权日K,2026-08-28T18:45:09+08:00,20260926T093659
515220,煤炭ETF国泰,SSE,2022-11-23,2.295,2.33,2.295,2.318,1.018789905090595,1.0343270060396894,1.018789905090595,1.029,0.44391716997411557,149339800.0,,腾讯日K/前复权日K,2026-08-28T18:45:09+08:00,20260926T093659
515220,煤炭ETF国泰,SSE,2022-11-24,2.321,2.355,2.302,2.336,1.0313347602739726,1.0464426369863014,1.0228921232876713,1.038,0.4443493150684932,143385900.0,,腾讯日K/前复权日K,2026-08-28T18:45:09+08:00,20260926T093659
515220,煤炭ETF国泰,SSE,2022-11-25,2.336,2.392,2.313,2.391,1.041478879130071,1.0664458385612714,1.0312245922208283,1.066,0.44583856127143456,205299700.0,,腾讯日K/前复权日K,2026-08-28T18:45:09+08:00,20260926T093659
515220,煤炭ETF国泰,SSE,2022-11-28,2.368,2.385,2.337,2.358,1.0534486853265477,1.0610114503816792,1.0396577608142494,1.049,0.44486853265479215,163532100.0,,腾讯日K/前复权日K,2026-08-28T18:45:09+08:00,20260926T093659
515220,煤炭ETF国泰,SSE,2022-11-29,2.363,2.403,2.359,2.399,1.0539433097123803,1.0717840766986244,1.0521592330137557,1.07,0.44601917465610674,149563400.0,,腾讯日K/前复权日K,2026-08-28T18:45:09+08:00,20260926T093659
515220,煤炭ETF国泰,SSE,2022-11-30,2.399,2.458,2.39,2.43,1.0711584362139916,1.0975020576131687,1.0671399176954732,1.085,0.4465020576131687,178046800.0,,腾讯日K/前复权日K,2026-08-28T18:45:09+08:00,20260926T093659
515220,煤炭ETF国泰,SSE,2022-12-01,2.445,2.456,2.394,2.406,1.0903927680798002,1.0952984206151286,1.067648379052369,1.073,0.44596841230257683,211385700.0,,腾讯日K/前复权日K,2026-08-28T18:45:09+08:00,20260926T093659
515220,煤炭ETF国泰,SSE,2022-12-02,2.398,2.404,2.361,2.376,1.0677962962962966,1.0704680134680136,1.0513207070707073,1.058,0.44528619528619534,141830300.0,,腾讯日K/前复权日K,2026-08-28T18:45:09+08:00,20260926T093659
515220,煤炭ETF国泰,SSE,2022-12-05,2.382,2.42,2.382,2.415,1.0632695652173914,1.080231884057971,1.0632695652173914,1.078,0.4463768115942029,124022600.0,,腾讯日K/前复权日K,2026-08-28T18:45:09+08:00,20260926T093659
515220,煤炭ETF国泰,SSE,2022-12-06,2.404,2.419,2.37,2.412,1.0724311774461028,1.07912271973466,1.05726368159204,1.076,0.4461028192371476,116146400.0,,腾讯日K/前复权日K,2026-08-28T18:45:09+08:00,20260926T093659
515220,煤炭ETF国泰,SSE,2022-12-07,2.405,2.417,2.351,2.363,1.0706982649174777,1.0760406263224713,1.0466576385950064,1.052,0.445196783749471,141545600.0,,腾讯日K/前复权日K,2026-08-28T18:45:09+08:00,20260926T093659
515220,煤炭ETF国泰,SSE,2022-12-08,2.355,2.371,2.34,2.358,1.0476653944020355,1.0547832909245123,1.0409923664122136,1.049,0.44486853265479215,77981400.0,,腾讯日K/前复权日K,2026-08-28T18:45:09+08:00,20260926T093659
515220,煤炭ETF国泰,SSE,2022-12-09,2.359,2.372,2.346,2.371,1.0506554196541544,1.056445381695487,1.0448654576128216,1.056,0.44538169548713624,84756000.0,,腾讯日K/前复权日K,2026-08-28T18:45:09+08:00,20260926T093659
515220,煤炭ETF国泰,SSE,2022-12-12,2.359,2.4,2.309,2.313,1.0474245568525722,1.065629053177691,1.025223951578037,1.027,0.44401210549070463,111100800.0,,腾讯日K/前复权日K,2026-08-28T18:45:09+08:00,20260926T093659
515220,煤炭ETF国泰,SSE,2022-12-13,2.304,2.342,2.304,2.323,1.023559190701679,1.0404408092983213,1.023559190701679,1.032,0.4442531209642704,81013100.0,,腾讯日K/前复权日K,2026-08-28T18:45:09+08:00,20260926T093659
515220,煤炭ETF国泰,SSE,2022-12-14,2.326,2.35,2.315,2.344,1.0339982935153584,1.0446672354948807,1.029108361774744,1.042,0.44453924914675774,104209000.0,,腾讯日K/前复权日K,2026-08-28T18:45:09+08:00,20260926T093659
515220,煤炭ETF国泰,SSE,2022-12-15,2.338,2.343,2.286,2.299,1.037303175293606,1.0395215311004784,1.0142322749021315,1.02,0.4436711613745107,102379800.0,,腾讯日K/前复权日K,2026-08-28T18:45:09+08:00,20260926T093659
515220,煤炭ETF国泰,SSE,2022-12-16,2.288,2.325,2.281,2.304,1.014902777777778,1.0313151041666668,1.0117977430555558,1.022,0.44357638888888895,77660700.0,,腾讯日K/前复权日K,2026-08-28T18:45:09+08:00,20260926T093659
515220,煤炭ETF国泰,SSE,2022-12-19,2.296,2.3,2.235,2.249,1.0157936860827033,1.0175633614939972,0.9888061360604713,0.995,0.4424188528234771,107430000.0,,腾讯日K/前复权日K,2026-08-28T18:45:09+08:00,20260926T093659
515220,煤炭ETF国泰,SSE,2022-12-20,2.245,2.253,2.216,2.235,0.9924205816554811,0.9959570469798659,0.9796008948545862,0.988,0.44205816554809846,97299300.0,,腾讯日K/前复权日K,2026-08-28T18:45:09+08:00,20260926T093659
515220,煤炭ETF国泰,SSE,2022-12-21,2.236,2.245,2.214,2.223,0.9877426900584796,0.9917183985605039,0.9780242914979757,0.982,0.44174538911381017,76741500.0,,腾讯日K/前复权日K,2026-08-28T18:45:09+08:00,20260926T093659
515220,煤炭ETF国泰,SSE,2022-12-22,2.228,2.24,2.167,2.172,0.980648250460405,0.9859300184162062,0.9537992633517494,0.956,0.440147329650092,127800000.0,,腾讯日K/前复权日K,2026-08-28T18:45:09+08:00,20260926T093659
515220,煤炭ETF国泰,SSE,2022-12-23,2.16,2.177,2.142,2.175,0.9513931034482759,0.9588809195402299,0.9434648275862069,0.958,0.44045977011494253,78252700.0,,腾讯日K/前复权日K,2026-08-28T18:45:09+08:00,20260926T093659
515220,煤炭ETF国泰,SSE,2022-12-26,2.166,2.188,2.162,2.187,0.9547434842249657,0.9644407864654779,0.9529803383630544,0.964,0.4407864654778235,64240300.0,,腾讯日K/前复权日K,2026-08-28T18:45:09+08:00,20260926T093659
515220,煤炭ETF国泰,SSE,2022-12-27,2.161,2.19,2.155,2.19,0.9719566210045663,0.985,0.9692579908675798,0.985,0.4497716894977169,79422500.0,,腾讯日K/前复权日K,2026-08-28T18:45:09+08:00,20260926T093659
515220,煤炭ETF国泰,SSE,2022-12-28,2.176,2.193,2.163,2.174,0.9778988040478382,0.9855386384544619,0.9720565777368905,0.977,0.44940202391904327,67954600.0,,腾讯日K/前复权日K,2026-08-28T18:45:09+08:00,20260926T093659
515220,煤炭ETF国泰,SSE,2022-12-29,2.164,2.164,2.12,2.126,0.9700338664158044,0.9700338664158044,0.950310442144873,0.953,0.4482596425211665,88724300.0,,腾讯日K/前复权日K,2026-08-28T18:45:09+08:00,20260926T093659
515220,煤炭ETF国泰,SSE,2022-12-30,2.13,2.143,2.124,2.129,0.9554485674025363,0.9612799436355095,0.9527571629873179,0.955,0.44856740253640204,53634900.0,,腾讯日K/前复权日K,2026-08-28T18:45:09+08:00,20260926T093659
515220,煤炭ETF国泰,SSE,2023-01-03,2.12,2.144,2.108,2.144,0.951231343283582,0.962,0.9458470149253732,0.962,0.44869402985074625,72997900.0,,腾讯日K/前复权日K,2026-08-28T18:45:09+08:00,20260926T093659
515220,煤炭ETF国泰,SSE,2023-01-04,2.139,2.139,2.085,2.097,0.9578068669527896,0.9578068669527896,0.93362660944206,0.939,0.44778254649499283,128159700.0,,腾讯日K/前复权日K,2026-08-28T18:45:09+08:00,20260926T093659
515220,煤炭ETF国泰,SSE,2023-01-05,2.094,2.105,2.084,2.104,0.9375228136882128,0.9424477186311786,0.9330456273764258,0.942,0.4477186311787072,110523400.0,,腾讯日K/前复权日K,2026-08-28T18:45:09+08:00,20260926T093659
515220,煤炭ETF国泰,SSE,2023-01-06,2.101,2.133,2.096,2.13,0.9419976525821596,0.9563450704225351,0.9397558685446009,0.955,0.44835680751173707,98037000.0,,腾讯日K/前复权日K,2026-08-28T18:45:09+08:00,20260926T093659
515220,煤炭ETF国泰,SSE,2023-01-09,2.139,2.152,2.113,2.148,0.9599608938547485,0.9657951582867784,0.9482923649906889,0.964,0.4487895716945996,133451700.0,,腾讯日K/前复权日K,2026-08-28T18:45:09+08:00,20260926T093659
515220,煤炭ETF国泰,SSE,2023-01-10,2.146,2.147,2.112,2.125,0.9624178823529411,0.9628663529411764,0.9471698823529412,0.953,0.4484705882352941,94519200.0,,腾讯日K/前复权日K,2026-08-28T18:45:09+08:00,20260926T093659
515220,煤炭ETF国泰,SSE,2023-01-11,2.131,2.219,2.127,2.217,0.9602476319350471,0.9999012178619755,0.9584451962110959,0.999,0.45060893098782134,193051100.0,,腾讯日K/前复权日K,2026-08-28T18:45:09+08:00,20260926T093659
515220,煤炭ETF国泰,SSE,2023-01-12,2.208,2.215,2.177,2.209,0.9945495699411498,0.9977025803531008,0.9805862381167949,0.995,0.4504300588501584,158707500.0,,腾讯日K/前复权日K,2026-08-28T18:45:09+08:00,20260926T093659
515220,煤炭ETF国泰,SSE,2023-01-13,2.199,2.239,2.188,2.205,0.9902979591836734,1.0083115646258503,0.9853442176870748,0.993,0.45034013605442175,97139200.0,,腾讯日K/前复权日K,2026-08-28T18:45:09+08:00,20260926T093659
515220,煤炭ETF国泰,SSE,2023-01-16,2.202,2.214,2.185,2.21,0.9913981900452489,0.9968009049773756,0.9837443438914028,0.995,0.4502262443438914,119497000.0,,腾讯日K/前复权日K,2026-08-28T18:45:09+08:00,20260926T093659
515220,煤炭ETF国泰,SSE,2023-01-17,2.209,2.209,2.18,2.188,0.9934442413162705,0.9934442413162705,0.9804021937842778,0.984,0.44972577696526506,88766400.0,,腾讯日K/前复权日K,2026-08-28T18:45:09+08:00,20260926T093659
515220,煤炭ETF国泰,SSE,2023-01-18,2.188,2.228,2.188,2.207,0.9854426823742638,1.0034580879021298,0.9854426823742638,0.994,0.45038513819664705,144173200.0,,腾讯日K/前复权日K,2026-08-28T18:45:09+08:00,20260926T093659
515220,煤炭ETF国泰,SSE,2023-01-19,2.222,2.249,2.21,2.228,1.0012962298025134,1.0134631956912028,0.9958886894075404,1.004,0.4506283662477558,139240900.0,,腾讯日K/前复权日K,2026-08-28T18:45:09+08:00,20260926T093659
515220,煤炭ETF国泰,SSE,2023-01-20,2.232,2.27,2.232,2.267,1.0081905602117338,1.0253550948389945,1.0081905602117338,1.024,0.45169827966475523,116976100.0,,腾讯日K/前复权日K,2026-08-28T18:45:09+08:00,20260926T093659
515220,煤炭ETF国泰,SSE,2023-01-30,2.27,2.278,2.23,2.238,1.023427167113494,1.0270339588918675,1.0053932082216264,1.009,0.4508489722966934,134083500.0,,腾讯日K/前复权日K,2026-08-28T18:45:09+08:00,20260926T093659
515220,煤炭ETF国泰,SSE,2023-01-31,2.23,2.253,2.222,2.248,1.0058807829181493,1.0162553380782917,1.0022722419928825,1.014,0.45106761565836295,101994200.0,,腾讯日K/前复权日K,2026-08-28T18:45:09+08:00,20260926T093659
515220,煤炭ETF国泰,SSE,2023-02-01,2.244,2.255,2.23,2.255,1.0130341463414636,1.018,1.0067139689578715,1.018,0.45144124168514416,118761000.0,,腾讯日K/前复权日K,2026-08-28T18:45:09+08:00,20260926T093659
515220,煤炭ETF国泰,SSE,2023-02-02,2.255,2.279,2.234,2.268,1.0181305114638448,1.0289664902998237,1.0086490299823634,1.024,0.45149911816578486,124104800.0,,腾讯日K/前复权日K,2026-08-28T18:45:09+08:00,20260926T093659
515220,煤炭ETF国泰,SSE,2023-02-03,2.26,2.26,2.22,2.24,1.019017857142857,1.019017857142857,1.0009821428571428,1.01,0.4508928571428571,120488000.0,,腾讯日K/前复权日K,2026-08-28T18:45:09+08:00,20260926T093659
515220,煤炭ETF国泰,SSE,2023-02-06,2.222,2.242,2.218,2.24,1.0018839285714285,1.0109017857142857,1.000080357142857,1.01,0.4508928571428571,88981100.0,,腾讯日K/前复权日K,2026-08-28T18:45:09+08:00,20260926T093659
515220,煤炭ETF国泰,SSE,2023-02-07,2.234,2.261,2.23,2.238,1.0071966041108131,1.0193695263628237,1.0053932082216264,1.009,0.4508489722966934,73932400.0,,腾讯日K/前复权日K,2026-08-28T18:45:09+08:00,20260926T093659
515220,煤炭ETF国泰,SSE,2023-02-08,2.245,2.249,2.22,2.224,1.0114613309352518,1.0132634892086332,1.0001978417266186,1.002,0.4505395683453237,67954200.0,,腾讯日K/前复权日K,2026-08-28T18:45:09+08:00,20260926T093659
515220,煤炭ETF国泰,SSE,2023-02-09,2.22,2.234,2.213,2.231,1.0010398924249218,1.0073527566113851,0.9978834603316898,1.006,0.4509188704616764,60764500.0,,腾讯日K/前复权日K,2026-08-28T18:45:09+08:00,20260926T093659
515220,煤炭ETF国泰,SSE,2023-02-10,2.227,2.227,2.194,2.201,1.0027064970467967,1.0027064970467967,0.9878482507950931,0.991,0.45024988641526575,92357100.0,,腾讯日K/前复权日K,2026-08-28T18:45:09+08:00,20260926T093659
515220,煤炭ETF国泰,SSE,2023-02-13,2.199,2.199,2.168,2.194,0.9892493163172287,0.9892493163172287,0.9753035551504102,0.987,0.44986326344576116,92874600.0,,腾讯日K/前复权日K,2026-08-28T18:45:09+08:00,20260926T093659
515220,煤炭ETF国泰,SSE,2023-02-14,2.193,2.218,2.186,2.207,0.987694608065247,0.9989542365201631,0.9845419120978705,0.994,0.45038513819664705,82083700.0,,腾讯日K/前复权日K,2026-08-28T18:45:09+08:00,20260926T093659
515220,煤炭ETF国泰,SSE,2023-02-15,2.207,2.216,2.183,2.184,0.992341575091575,0.9963882783882784,0.9815503663003662,0.982,0.4496336996336996,70057800.0,,腾讯日K/前复权日K,2026-08-28T18:45:09+08:00,20260926T093659
515220,煤炭ETF国泰,SSE,2023-02-16,2.188,2.199,2.14,2.152,0.9821598513011153,0.9870975836431225,0.9606133828996283,0.966,0.44888475836431224,84585500.0,,腾讯日K/前复权日K,2026-08-28T18:45:09+08:00,20260926T093659
515220,煤炭ETF国泰,SSE,2023-02-17,2.151,2.209,2.151,2.197,0.9682926718252161,0.9944019116977696,0.9682926718252161,0.989,0.4501593081474738,116007700.0,,腾讯日K/前复权日K,2026-08-28T18:45:09+08:00,20260926T093659
515220,煤炭ETF国泰,SSE,2023-02-20,2.203,2.253,2.203,2.25,0.9937977777777777,1.0163533333333332,0.9937977777777777,1.015,0.4511111111111111,179626100.0,,腾讯日K/前复权日K,2026-08-28T18:45:09+08:00,20260926T093659
515220,煤炭ETF国泰,SSE,2023-02-21,2.263,2.323,2.25,2.31,1.023738095238095,1.0508809523809521,1.0178571428571428,1.045,0.45238095238095233,171998000.0,,腾讯日K/前复权日K,2026-08-28T18:45:09+08:00,20260926T093659
515220,煤炭ETF国泰,SSE,2023-02-22,2.304,2.337,2.286,2.322,1.0428527131782943,1.0577894056847545,1.0347054263565891,1.051,0.45262704565030143,145442500.0,,腾讯日K/前复权日K,2026-08-28T18:45:09+08:00,20260926T093659
515220,煤炭ETF国泰,SSE,2023-02-23,2.38,2.39,2.326,2.337,1.0784852374839538,1.0830166880616174,1.05401540436457,1.059,0.4531450577663671,168396700.0,,腾讯日K/前复权日K,2026-08-28T18:45:09+08:00,20260926T093659
515220,煤炭ETF国泰,SSE,2023-02-24,2.326,2.345,2.303,2.327,1.0535470562956597,1.0621529866781265,1.0431293510958315,1.054,0.4529437043403524,97924800.0,,腾讯日K/前复权日K,2026-08-28T18:45:09+08:00,20260926T093659
515220,煤炭ETF国泰,SSE,2023-02-27,2.328,2.373,2.328,2.34,1.0545641025641026,1.0749487179487183,1.0545641025641026,1.06,0.45299145299145305,108013800.0,,腾讯日K/前复权日K,2026-08-28T18:45:09+08:00,20260926T093659
515220,煤炭ETF国泰,SSE,2023-02-28,2.329,2.336,2.303,2.318,1.0539779982743744,1.057145815358067,1.0422118205349438,1.049,0.45254529767040547,99318700.0,,腾讯日K/前复权日K,2026-08-28T18:45:09+08:00,20260926T093659
515220,煤炭ETF国泰,SSE,2023-03-01,2.317,2.334,2.307,2.325,1.0493767741935482,1.057076129032258,1.0448477419354836,1.053,0.45290322580645154,84601000.0,,腾讯日K/前复权日K,2026-08-28T18:45:09+08:00,20260926T093659
515220,煤炭ETF国泰,SSE,2023-03-02,2.329,2.35,2.316,2.328,1.0544527491408937,1.0639604810996566,1.0485670103092783,1.054,0.45274914089347085,111866500.0,,腾讯日K/前复权日K,2026-08-28T18:45:09+08:00,20260926T093659
515220,煤炭ETF国泰,SSE,2023-03-03,2.327,2.339,2.308,2.33,1.0536416309012875,1.059075107296137,1.0450386266094418,1.055,0.4527896995708154,91762200.0,,腾讯日K/前复权日K,2026-08-28T18:45:09+08:00,20260926T093659
515220,煤炭ETF国泰,SSE,2023-03-06,2.318,2.328,2.265,2.278,1.0470684811237927,1.0515856014047409,1.0231277436347672,1.029,0.45171202809482,129264800.0,,腾讯日K/前复权日K,2026-08-28T18:45:09+08:00,20260926T093659
515220,煤炭ETF国泰,SSE,2023-03-07,2.276,2.329,2.276,2.285,1.028931291028446,1.0528914660831508,1.028931291028446,1.033,0.45207877461706775,146128100.0,,腾讯日K/前复权日K,2026-08-28T18:45:09+08:00,20260926T093659
515220,煤炭ETF国泰,SSE,2023-03-08,2.282,2.282,2.252,2.272,1.0305158450704226,1.0305158450704226,1.0169683098591549,1.026,0.45158450704225356,91678600.0,,腾讯日K/前复权日K,2026-08-28T18:45:09+08:00,20260926T093659
515220,煤炭ETF国泰,SSE,2023-03-09,2.265,2.298,2.256,2.26,1.0222566371681416,1.0371504424778761,1.0181946902654868,1.02,0.4513274336283186,73260900.0,,腾讯日K/前复权日K,2026-08-28T18:45:09+08:00,20260926T093659
515220,煤炭ETF国泰,SSE,2023-03-10,2.259,2.261,2.21,2.214,1.0172642276422765,1.0181648599819333,0.9951987353206866,0.997,0.450316169828365,86057400.0,,腾讯日K/前复权日K,2026-08-28T18:45:09+08:00,20260926T093659
515220,煤炭ETF国泰,SSE,2023-03-13,2.207,2.238,2.2,2.237,0.995468484577559,1.0094510505140812,0.9923111309789896,1.009,0.4510505140813589,79687700.0,,腾讯日K/前复权日K,2026-08-28T18:45:09+08:00,20260926T093659
515220,煤炭ETF国泰,SSE,2023-03-14,2.235,2.25,2.196,2.201,1.006308496138119,1.013062244434348,0.9887487505679237,0.991,0.45024988641526575,92151700.0,,腾讯日K/前复权日K,2026-08-28T18:45:09+08:00,20260926T093659
515220,煤炭ETF国泰,SSE,2023-03-15,2.214,2.216,2.192,2.206,0.9966010879419764,0.9975013599274707,0.9866980961015414,0.993,0.4501359927470535,58880500.0,,腾讯日K/前复权日K,2026-08-28T18:45:09+08:00,20260926T093659
515220,煤炭ETF国泰,SSE,2023-03-16,2.186,2.186,2.129,2.132,0.9802138836772981,0.9802138836772981,0.9546547842401499,0.956,0.448405253283302,99214500.0,,腾讯日K/前复权日K,2026-08-28T18:45:09+08:00,20260926T093659
515220,煤炭ETF国泰,SSE,2023-03-17,2.14,2.172,2.136,2.148,0.9604096834264432,0.9747709497206704,0.9586145251396648,0.964,0.4487895716945996,99647700.0,,腾讯日K/前复权日K,2026-08-28T18:45:09+08:00,20260926T093659
515220,煤炭ETF国泰,SSE,2023-03-20,2.15,2.169,2.133,2.138,0.9643826005612721,0.9729050514499532,0.9567572497661365,0.959,0.44855004677268473,72880800.0,,腾讯日K/前复权日K,2026-08-28T18:45:09+08:00,20260926T093659
515220,煤炭ETF国泰,SSE,2023-03-21,2.15,2.15,2.12,2.142,0.9645891690009337,0.9645891690009337,0.9511297852474324,0.961,0.44864612511671337,59289000.0,,腾讯日K/前复权日K,2026-08-28T18:45:09+08:00,20260926T093659
515220,煤炭ETF国泰,SSE,2023-03-22,2.143,2.173,2.143,2.152,0.961960037174721,0.9754265799256505,0.961960037174721,0.966,0.44888475836431224,95026800.0,,腾讯日K/前复权日K,2026-08-28T18:45:09+08:00,20260926T093659
515220,煤炭ETF国泰,SSE,2023-03-23,2.151,2.175,2.142,2.174,0.966663753449862,0.9774494020239191,0.9626191352345906,0.977,0.44940202391904327,89189200.0,,腾讯日K/前复权日K,2026-08-28T18:45:09+08:00,20260926T093659
515220,煤炭ETF国泰,SSE,2023-03-24,2.177,2.178,2.143,2.154,0.9773254410399258,0.9777743732590529,0.9620617455896007,0.967,0.4489322191272052,97029400.0,,腾讯日K/前复权日K,2026-08-28T18:45:09+08:00,20260926T093659
515220,煤炭ETF国泰,SSE,2023-03-27,2.157,2.178,2.13,2.173,0.9698062586286239,0.9792480441785548,0.9576668200644269,0.977,0.4496088357109986,82980400.0,,腾讯日K/前复权日K,2026-08-28T18:45:09+08:00,20260926T093659
515220,煤炭ETF国泰,SSE,2023-03-28,2.182,2.186,2.155,2.159,0.980333487725799,0.982130616025938,0.968202871699861,0.97,0.4492820750347383,62778900.0,,腾讯日K/前复权日K,2026-08-28T18:45:09+08:00,20260926T093659
515220,煤炭ETF国泰,SSE,2023-03-29,2.165,2.167,2.146,2.15,0.9717325581395349,0.9726302325581394,0.9632046511627906,0.965,0.44883720930232557,63269200.0,,腾讯日K/前复权日K,2026-08-28T18:45:09+08:00,20260926T093659
515220,煤炭ETF国泰,SSE,2023-03-30,2.154,2.216,2.139,2.215,0.9705155756207675,0.9984505643340859,0.9637571106094808,0.998,0.4505643340857788,133750700.0,,腾讯日K/前复权日K,2026-08-28T18:45:09+08:00,20260926T093659
515220,煤炭ETF国泰,SSE,2023-03-31,2.21,2.22,2.197,2.21,0.995,0.999502262443439,0.9891470588235295,0.995,0.4502262443438914,64217300.0,,腾讯日K/前复权日K,2026-08-28T18:45:09+08:00,20260926T093659
515220,煤炭ETF国泰,SSE,2023-04-03,2.218,2.235,2.205,2.213,0.9992525982828738,1.006911432444645,0.9933958427474017,0.997,0.4505196565747853,77295200.0,,腾讯日K/前复权日K,2026-08-28T18:45:09+08:00,20260926T093659
515220,煤炭ETF国泰,SSE,2023-04-04,2.206,2.224,2.188,2.214,0.9933974706413731,1.001503161698284,0.9852917795844627,0.997,0.450316169828365,70893300.0,,腾讯日K/前复权日K,2026-08-28T18:45:09+08:00,20260926T093659
515220,煤炭ETF国泰,SSE,2023-04-06,2.208,2.208,2.166,2.174,0.9922796688132476,0.9922796688132476,0.9734047838086477,0.977,0.44940202391904327,87488500.0,,腾讯日K/前复权日K,2026-08-28T18:45:09+08:00,20260926T093659
515220,煤炭ETF国泰,SSE,2023-04-07,2.173,2.181,2.16,2.165,0.9765953810623557,0.9801907621247113,0.9707528868360278,0.973,0.44942263279445727,63522800.0,,腾讯日K/前复权日K,2026-08-28T18:45:09+08:00,20260926T093659
515220,煤炭ETF国泰,SSE,2023-04-10,2.164,2.164,2.136,2.14,0.9707663551401868,0.9707663551401868,0.9582056074766354,0.96,0.44859813084112143,88139600.0,,腾讯日K/前复权日K,2026-08-28T18:45:09+08:00,20260926T093659
515220,煤炭ETF国泰,SSE,2023-04-11,2.139,2.141,2.12,2.132,0.9591388367729828,0.9600356472795496,0.9506191369606003,0.956,0.448405253283302,81603400.0,,腾讯日K/前复权日K,2026-08-28T18:45:09+08:00,20260926T093659
515220,煤炭ETF国泰,SSE,2023-04-12,2.132,2.158,2.131,2.149,0.9573662168450442,0.9690414146114471,0.9569171707771055,0.965,0.44904606793857604,110212400.0,,腾讯日K/前复权日K,2026-08-28T18:45:09+08:00,20260926T093659
515220,煤炭ETF国泰,SSE,2023-04-13,2.148,2.159,2.134,2.136,0.9633820224719101,0.9683155430711609,0.9571029962546814,0.958,0.44850187265917596,79337200.0,,腾讯日K/前复权日K,2026-08-28T18:45:09+08:00,20260926T093659
515220,煤炭ETF国泰,SSE,2023-04-14,2.144,2.149,2.129,2.145,0.9625510489510489,0.9647958041958041,0.9558167832167832,0.963,0.4489510489510489,61823800.0,,腾讯日K/前复权日K,2026-08-28T18:45:09+08:00,20260926T093659
515220,煤炭ETF国泰,SSE,2023-04-17,2.145,2.195,2.137,2.191,0.965298950251027,0.9878000912825193,0.9616987676859882,0.986,0.4500228206298494,161576300.0,,腾讯日K/前复权日K,2026-08-28T18:45:09+08:00,20260926T093659
515220,煤炭ETF国泰,SSE,2023-04-18,2.19,2.262,2.188,2.256,0.988218085106383,1.0207074468085107,0.9873156028368796,1.018,0.4512411347517731,142900100.0,,腾讯日K/前复权日K,2026-08-28T18:45:09+08:00,20260926T093659
515220,煤炭ETF国泰,SSE,2023-04-19,2.242,2.248,2.225,2.228,1.0103087971274685,1.0130125673249553,1.0026481149012567,1.004,0.4506283662477558,84971800.0,,腾讯日K/前复权日K,2026-08-28T18:45:09+08:00,20260926T093659
515220,煤炭ETF国泰,SSE,2023-04-20,2.214,2.221,2.187,2.213,0.9974505196565747,1.0006041572525983,0.9852864889290555,0.997,0.4505196565747853,102256100.0,,腾讯日K/前复权日K,2026-08-28T18:45:09+08:00,20260926T093659
515220,煤炭ETF国泰,SSE,2023-04-21,2.209,2.213,2.173,2.177,0.9933904455672944,0.9951892512632062,0.9772011943040881,0.979,0.44970142397795126,81649300.0,,腾讯日K/前复权日K,2026-08-28T18:45:09+08:00,20260926T093659
515220,煤炭ETF国泰,SSE,2023-04-24,2.176,2.188,2.14,2.147,0.9770209594783421,0.9824089427107594,0.96085700978109,0.964,0.4489986027014439,82483700.0,,腾讯日K/前复权日K,2026-08-28T18:45:09+08:00,20260926T093659
515220,煤炭ETF国泰,SSE,2023-04-25,2.148,2.163,2.095,2.122,0.9626522148916117,0.9693746465598491,0.9388996229971726,0.951,0.4481621112158341,123859800.0,,腾讯日K/前复权日K,2026-08-28T18:45:09+08:00,20260926T093659
515220,煤炭ETF国泰,SSE,2023-04-26,2.115,2.154,2.103,2.15,0.9492906976744186,0.9667953488372092,0.9439046511627908,0.965,0.44883720930232557,93905200.0,,腾讯日K/前复权日K,2026-08-28T18:45:09+08:00,20260926T093659
515220,煤炭ETF国泰,SSE,2023-04-27,2.168,2.178,2.119,2.147,0.9734289706567305,0.9779189566837448,0.9514280391243598,0.964,0.4489986027014439,54615100.0,,腾讯日K/前复权日K,2026-08-28T18:45:09+08:00,20260926T093659
515220,煤炭ETF国泰,SSE,2023-04-28,2.146,2.174,2.132,2.17,0.9642165898617511,0.9767972350230414,0.9579262672811061,0.975,0.44930875576036866,68923500.0,,腾讯日K/前复权日K,2026-08-28T18:45:09+08:00,20260926T093659
515220,煤炭ETF国泰,SSE,2023-05-04,2.148,2.177,2.118,2.175,0.9658593103448277,0.9788993103448277,0.9523696551724139,0.978,0.44965517241379316,70475100.0,,腾讯日K/前复权日K,2026-08-28T18:45:09+08:00,20260926T093659
515220,煤炭ETF国泰,SSE,2023-05-05,2.166,2.191,2.143,2.165,0.9734494226327944,0.9846849884526558,0.9631127020785218,0.973,0.44942263279445727,80110100.0,,腾讯日K/前复权日K,2026-08-28T18:45:09+08:00,20260926T093659
515220,煤炭ETF国泰,SSE,2023-05-08,2.171,2.242,2.168,2.237,0.97923066607063,1.0112552525704066,0.9778775145283861,1.009,0.4510505140813589,173520900.0,,腾讯日K/前复权日K,2026-08-28T18:45:09+08:00,20260926T093659
515220,煤炭ETF国泰,SSE,2023-05-09,2.244,2.279,2.23,2.231,1.0118619453160018,1.0276441057821604,1.0055490811295384,1.006,0.4509188704616764,131294900.0,,腾讯日K/前复权日K,2026-08-28T18:45:09+08:00,20260926T093659
515220,煤炭ETF国泰,SSE,2023-05-10,2.227,2.235,2.201,2.217,1.0035060893098782,1.0071109607577806,0.9917902571041948,0.999,0.45060893098782134,92630100.0,,腾讯日K/前复权日K,2026-08-28T18:45:09+08:00,20260926T093659
515220,煤炭ETF国泰,SSE,2023-05-11,2.218,2.242,2.193,2.229,1.0000403768506054,1.0108613728129205,0.9887685060565276,1.005,0.45087483176312243,115248500.0,,腾讯日K/前复权日K,2026-08-28T18:45:09+08:00,20260926T093659
515220,煤炭ETF国泰,SSE,2023-05-12,2.223,2.23,2.189,2.193,1.000502051983584,1.0036525307797537,0.9851997264021888,0.987,0.45006839945280436,69807000.0,,腾讯日K/前复权日K,2026-08-28T18:45:09+08:00,20260926T093659
515220,煤炭ETF国泰,SSE,2023-05-15,2.198,2.237,2.179,2.236,0.9908694096601072,1.0084508050089445,0.9823041144901609,1.008,0.4508050089445438,81842000.0,,腾讯日K/前复权日K,2026-08-28T18:45:09+08:00,20260926T093659
515220,煤炭ETF国泰,SSE,2023-05-16,2.235,2.264,2.223,2.23,1.0072533632286995,1.0203228699551568,1.0018452914798206,1.005,0.4506726457399103,80671400.0,,腾讯日K/前复权日K,2026-08-28T18:45:09+08:00,20260926T093659
515220,煤炭ETF国泰,SSE,2023-05-17,2.225,2.229,2.203,2.212,1.0018535262206147,1.0036546112115732,0.9919475587703435,0.996,0.45027124773960214,60154800.0,,腾讯日K/前复权日K,2026-08-28T18:45:09+08:00,20260926T093659
515220,煤炭ETF国泰,SSE,2023-05-18,2.219,2.241,2.216,2.224,0.9997473021582732,1.0096591726618704,0.9983956834532375,1.002,0.4505395683453237,268896100.0,,腾讯日K/前复权日K,2026-08-28T18:45:09+08:00,20260926T093659
515220,煤炭ETF国泰,SSE,2023-05-19,2.207,2.223,2.19,2.206,0.993450135992747,1.0006523118767,0.9857978241160472,0.993,0.4501359927470535,54606100.0,,腾讯日K/前复权日K,2026-08-28T18:45:09+08:00,20260926T093659
515220,煤炭ETF国泰,SSE,2023-05-22,2.195,2.206,2.18,2.186,0.9870471180237878,0.9919935956084173,0.980301921317475,0.983,0.44967978042086004,238100600.0,,腾讯日K/前复权日K,2026-08-28T18:45:09+08:00,20260926T093659
515220,煤炭ETF国泰,SSE,2023-05-23,2.187,2.198,2.167,2.169,0.9830912863070538,0.9880359612724757,0.974100968188105,0.975,0.4495159059474412,54715500.0,,腾讯日K/前复权日K,2026-08-28T18:45:09+08:00,20260926T093659
515220,煤炭ETF国泰,SSE,2023-05-24,2.161,2.164,2.135,2.139,0.9698737727910239,0.9712201963534364,0.9582047685834502,0.96,0.44880785413744745,60979700.0,,腾讯日K/前复权日K,2026-08-28T18:45:09+08:00,20260926T093659
515220,煤炭ETF国泰,SSE,2023-05-25,2.137,2.139,2.088,2.113,0.9577562707051586,0.958652626597255,0.9357955513487932,0.947,0.4481779460482726,144497300.0,,腾讯日K/前复权日K,2026-08-28T18:45:09+08:00,20260926T093659
515220,煤炭ETF国泰,SSE,2023-05-26,2.104,2.104,2.048,2.064,0.9398682170542636,0.9398682170542636,0.9148527131782946,0.922,0.44670542635658916,167438000.0,,腾讯日K/前复权日K,2026-08-28T18:45:09+08:00,20260926T093659
515220,煤炭ETF国泰,SSE,2023-05-29,2.066,2.067,2.034,2.059,0.9231277319086933,0.9235745507527926,0.9088295288975229,0.92,0.4468188440990772,114842400.0,,腾讯日K/前复权日K,2026-08-28T18:45:09+08:00,20260926T093659
515220,煤炭ETF国泰,SSE,2023-05-30,2.05,2.066,2.037,2.055,0.9157664233576641,0.9229138686131386,0.9099591240875912,0.918,0.4467153284671533,79386100.0,,腾讯日K/前复权日K,2026-08-28T18:45:09+08:00,20260926T093659
515220,煤炭ETF国泰,SSE,2023-05-31,2.045,2.045,1.982,1.991,0.910030135610246,0.910030135610246,0.8819949773982922,0.886,0.44500251130085383,115324000.0,,腾讯日K/前复权日K,2026-08-28T18:45:09+08:00,20260926T093659
515220,煤炭ETF国泰,SSE,2023-06-01,1.987,2.008,1.98,1.989,0.8841101055806938,0.8934539969834087,0.8809954751131222,0.885,0.444947209653092,72342600.0,,腾讯日K/前复权日K,2026-08-28T18:45:09+08:00,20260926T093659
515220,煤炭ETF国泰,SSE,2023-06-02,1.991,2.02,1.991,2.016,0.8868640873015874,0.8997817460317461,0.8868640873015874,0.898,0.44543650793650796,85587800.0,,腾讯日K/前复权日K,2026-08-28T18:45:09+08:00,20260926T093659
515220,煤炭ETF国泰,SSE,2023-06-05,2.016,2.027,2.01,2.023,0.8988788927335639,0.9037834898665348,0.8962036579337616,0.902,0.44587246663371227,54683600.0,,腾讯日K/前复权日K,2026-08-28T18:45:09+08:00,20260926T093659
515220,煤炭ETF国泰,SSE,2023-06-06,2.024,2.057,2.015,2.03,0.9023251231527095,0.917036945812808,0.8983128078817736,0.905,0.44581280788177347,92411700.0,,腾讯日K/前复权日K,2026-08-28T18:45:09+08:00,20260926T093659
515220,煤炭ETF国泰,SSE,2023-06-07,2.029,2.029,1.995,2.009,0.9039099054255849,0.9039099054255849,0.8887630662020907,0.895,0.44549527127924343,103826100.0,,腾讯日K/前复权日K,2026-08-28T18:45:09+08:00,20260926T093659
515220,煤炭ETF国泰,SSE,2023-06-08,2.009,2.037,2.007,2.032,0.8957450787401574,0.9082293307086613,0.8948533464566929,0.906,0.44586614173228345,169139300.0,,腾讯日K/前复权日K,2026-08-28T18:45:09+08:00,20260926T093659
515220,煤炭ETF国泰,SSE,2023-06-09,2.038,2.045,2.021,2.03,0.9085665024630543,0.9116871921182267,0.9009876847290641,0.905,0.44581280788177347,56419500.0,,腾讯日K/前复权日K,2026-08-28T18:45:09+08:00,20260926T093659
515220,煤炭ETF国泰,SSE,2023-06-12,2.026,2.046,2.02,2.042,0.9038619000979433,0.9127845249755143,0.901185112634672,0.911,0.4461312438785505,38879900.0,,腾讯日K/前复权日K,2026-08-28T18:45:09+08:00,20260926T093659
515220,煤炭ETF国泰,SSE,2023-06-13,2.035,2.04,2.01,2.02,0.9066831683168317,0.9089108910891089,0.8955445544554455,0.9,0.44554455445544555,63105600.0,,腾讯日K/前复权日K,2026-08-28T18:45:09+08:00,20260926T093659
515220,煤炭ETF国泰,SSE,2023-06-14,2.021,2.032,2.013,2.015,0.9006739454094292,0.9055761786600497,0.8971086848635236,0.898,0.4456575682382134,59346000.0,,腾讯日K/前复权日K,2026-08-28T18:45:09+08:00,20260926T093659
515220,煤炭ETF国泰,SSE,2023-06-15,2.024,2.038,2.003,2.037,0.90319882179676,0.9094462444771723,0.8938276877761415,0.909,0.44624447717231225,75957400.0,,腾讯日K/前复权日K,2026-08-28T18:45:09+08:00,20260926T093659
515220,煤炭ETF国泰,SSE,2023-06-16,2.035,2.054,2.03,2.04,0.9077696078431373,0.9162450980392156,0.9055392156862745,0.91,0.44607843137254904,131490400.0,,腾讯日K/前复权日K,2026-08-28T18:45:09+08:00,20260926T093659
515220,煤炭ETF国泰,SSE,2023-06-19,2.044,2.059,2.033,2.037,0.9121237113402062,0.918817378497791,0.9072150220913108,0.909,0.44624447717231225,51948600.0,,腾讯日K/前复权日K,2026-08-28T18:45:09+08:00,20260926T093659
515220,煤炭ETF国泰,SSE,2023-06-20,2.03,2.035,2.01,2.016,0.9042361111111111,0.9064632936507938,0.895327380952381,0.898,0.44543650793650796,70098800.0,,腾讯日K/前复权日K,2026-08-28T18:45:09+08:00,20260926T093659
515220,煤炭ETF国泰,SSE,2023-06-21,2.012,2.015,1.992,1.993,0.8954560963371802,0.8967912694430508,0.8865549422980431,0.887,0.44505770195684896,150993300.0,,腾讯日K/前复权日K,2026-08-28T18:45:09+08:00,20260926T093659
515220,煤炭ETF国泰,SSE,2023-06-26,1.99,1.991,1.971,1.976,0.8842206477732794,0.884664979757085,0.8757783400809717,0.878,0.444331983805668,53780200.0,,腾讯日K/前复权日K,2026-08-28T18:45:09+08:00,20260926T093659
515220,煤炭ETF国泰,SSE,2023-06-27,1.979,2.018,1.975,2.016,0.8815188492063493,0.898890873015873,0.8797371031746033,0.898,0.44543650793650796,69165400.0,,腾讯日K/前复权日K,2026-08-28T18:45:09+08:00,20260926T093659
515220,煤炭ETF国泰,SSE,2023-06-28,2.016,2.072,2.014,2.064,0.9005581395348837,0.9255736434108528,0.8996647286821705,0.922,0.44670542635658916,108227900.0,,腾讯日K/前复权日K,2026-08-28T18:45:09+08:00,20260926T093659
515220,煤炭ETF国泰,SSE,2023-06-29,2.057,2.057,2.031,2.035,0.9178162162162162,0.9178162162162162,0.9062152334152335,0.908,0.4461916461916462,59437500.0,,腾讯日K/前复权日K,2026-08-28T18:45:09+08:00,20260926T093659
515220,煤炭ETF国泰,SSE,2023-06-30,2.035,2.069,2.032,2.064,0.9090455426356591,0.924233527131783,0.9077054263565892,0.922,0.44670542635658916,57922400.0,,腾讯日K/前复权日K,2026-08-28T18:45:09+08:00,20260926T093659
515220,煤炭ETF国泰,SSE,2023-07-03,2.064,2.109,2.062,2.107,0.9247346938775509,0.9448960607498812,0.9238386331276695,0.944,0.4480303749406739,66217900.0,,腾讯日K/前复权日K,2026-08-28T18:45:09+08:00,20260926T093659
515220,煤炭ETF国泰,SSE,2023-07-04,2.106,2.115,2.09,2.104,0.9428954372623572,0.9469249049429658,0.935731939163498,0.942,0.4477186311787072,54798100.0,,腾讯日K/前复权日K,2026-08-28T18:45:09+08:00,20260926T093659
515220,煤炭ETF国泰,SSE,2023-07-05,2.109,2.127,2.099,2.121,0.9456195190947666,0.9536902404526166,0.9411357850070722,0.951,0.44837340876944837,69356900.0,,腾讯日K/前复权日K,2026-08-28T18:45:09+08:00,20260926T093659
515220,煤炭ETF国泰,SSE,2023-07-06,2.122,2.128,2.105,2.119,0.9513449740443604,0.9540349221330815,0.9437234544596506,0.95,0.4483246814535157,54321500.0,,腾讯日K/前复权日K,2026-08-28T18:45:09+08:00,20260926T093659
515220,煤炭ETF国泰,SSE,2023-07-07,2.116,2.142,2.113,2.137,0.9495760411792232,0.9612437997192325,0.9482297613476837,0.959,0.4487599438465138,68553000.0,,腾讯日K/前复权日K,2026-08-28T18:45:09+08:00,20260926T093659
515220,煤炭ETF国泰,SSE,2023-07-10,2.149,2.155,2.134,2.141,0.964590845399346,0.9672839794488555,0.957858010275572,0.961,0.44885567491826245,93425200.0,,腾讯日K/前复权日K,2026-08-28T18:45:09+08:00,20260926T093659
515220,煤炭ETF国泰,SSE,2023-07-11,2.141,2.144,2.109,2.122,0.9595150801131008,0.9608595664467484,0.9451738925541942,0.951,0.4481621112158341,56655300.0,,腾讯日K/前复权日K,2026-08-28T18:45:09+08:00,20260926T093659
515220,煤炭ETF国泰,SSE,2023-07-12,2.124,2.135,2.108,2.12,0.9517924528301887,0.9567216981132074,0.9446226415094339,0.95,0.44811320754716977,59521700.0,,腾讯日K/前复权日K,2026-08-28T18:45:09+08:00,20260926T093659
515220,煤炭ETF国泰,SSE,2023-07-13,2.123,2.139,2.116,2.131,0.9524110746128579,0.9595889253871421,0.9492707648991084,0.956,0.44861567339277336,55409100.0,,腾讯日K/前复权日K,2026-08-28T18:45:09+08:00,20260926T093659
515220,煤炭ETF国泰,SSE,2023-07-14,2.129,2.146,2.125,2.142,0.9551676003734828,0.9627945845004668,0.9533730158730159,0.961,0.44864612511671337,49052200.0,,腾讯日K/前复权日K,2026-08-28T18:45:09+08:00,20260926T093659
515220,煤炭ETF国泰,SSE,2023-07-17,2.135,2.135,2.093,2.103,0.9563338088445077,0.9563338088445077,0.9375206847360912,0.942,0.44793152639087014,54023300.0,,腾讯日K/前复权日K,2026-08-28T18:45:09+08:00,20260926T093659
515220,煤炭ETF国泰,SSE,2023-07-18,2.102,2.114,2.097,2.104,0.9411045627376424,0.9464771863117869,0.938865969581749,0.942,0.4477186311787072,35336700.0,,腾讯日K/前复权日K,2026-08-28T18:45:09+08:00,20260926T093659
515220,煤炭ETF国泰,SSE,2023-07-19,2.105,2.118,2.094,2.105,0.943,0.948823752969121,0.9380722090261281,0.943,0.44798099762470306,47715000.0,,腾讯日K/前复权日K,2026-08-28T18:45:09+08:00,20260926T093659
515220,煤炭ETF国泰,SSE,2023-07-20,2.112,2.136,2.106,2.114,0.9461040681173132,0.9568552507095553,0.9434162724692525,0.947,0.44796594134342477,40351300.0,,腾讯日K/前复权日K,2026-08-28T18:45:09+08:00,20260926T093659
515220,煤炭ETF国泰,SSE,2023-07-21,2.105,2.112,2.087,2.091,0.9422668579626973,0.945400286944046,0.9342094691535151,0.936,0.44763271162123386,42196400.0,,腾讯日K/前复权日K,2026-08-28T18:45:09+08:00,20260926T093659
515220,煤炭ETF国泰,SSE,2023-07-24,2.095,2.095,2.063,2.069,0.9366239729337846,0.9366239729337846,0.9223175447075884,0.925,0.44707588206863225,74756700.0,,腾讯日K/前复权日K,2026-08-28T18:45:09+08:00,20260926T093659
515220,煤炭ETF国泰,SSE,2023-07-25,2.09,2.118,2.083,2.113,0.9366919072408897,0.9492408897302413,0.9335546616185519,0.947,0.4481779460482726,85677400.0,,腾讯日K/前复权日K,2026-08-28T18:45:09+08:00,20260926T093659
515220,煤炭ETF国泰,SSE,2023-07-26,2.116,2.127,2.106,2.124,0.9484143126177024,0.9533446327683613,0.9439322033898304,0.952,0.44821092278719393,76786600.0,,腾讯日K/前复权日K,2026-08-28T18:45:09+08:00,20260926T093659
515220,煤炭ETF国泰,SSE,2023-07-27,2.12,2.128,2.101,2.109,0.9499288762446657,0.9535135135135135,0.9414153627311521,0.945,0.4480796586059744,78357900.0,,腾讯日K/前复权日K,2026-08-28T18:45:09+08:00,20260926T093659
515220,煤炭ETF国泰,SSE,2023-07-28,2.108,2.134,2.094,2.132,0.9452382739212006,0.9568968105065664,0.9389606003752343,0.956,0.448405253283302,80974500.0,,腾讯日K/前复权日K,2026-08-28T18:45:09+08:00,20260926T093659
515220,煤炭ETF国泰,SSE,2023-07-31,2.132,2.157,2.12,2.124,0.9555856873822975,0.9667909604519773,0.9502071563088512,0.952,0.44821092278719393,56455000.0,,腾讯日K/前复权日K,2026-08-28T18:45:09+08:00,20260926T093659
515220,煤炭ETF国泰,SSE,2023-08-01,2.128,2.144,2.121,2.139,0.9550631136044883,0.9622440392706874,0.951921458625526,0.96,0.44880785413744745,47813100.0,,腾讯日K/前复权日K,2026-08-28T18:45:09+08:00,20260926T093659
515220,煤炭ETF国泰,SSE,2023-08-02,2.142,2.142,2.099,2.104,0.9590133079847908,0.9590133079847908,0.9397614068441065,0.942,0.4477186311787072,46282800.0,,腾讯日K/前复权日K,2026-08-28T18:45:09+08:00,20260926T093659
515220,煤炭ETF国泰,SSE,2023-08-03,2.104,2.111,2.092,2.104,0.942,0.945134030418251,0.9366273764258555,0.942,0.4477186311787072,36452300.0,,腾讯日K/前复权日K,2026-08-28T18:45:09+08:00,20260926T093659
515220,煤炭ETF国泰,SSE,2023-08-04,2.107,2.125,2.093,2.096,0.9429227099236641,0.9509780534351144,0.9366574427480915,0.938,0.4475190839694656,61965700.0,,腾讯日K/前复权日K,2026-08-28T18:45:09+08:00,20260926T093659
515220,煤炭ETF国泰,SSE,2023-08-07,2.097,2.098,2.076,2.081,0.938158097068717,0.9386054781355118,0.928763094666026,0.931,0.4473810667948102,45615400.0,,腾讯日K/前复权日K,2026-08-28T18:45:09+08:00,20260926T093659
515220,煤炭ETF国泰,SSE,2023-08-08,2.081,2.102,2.067,2.097,0.93183547925608,0.9412389127324748,0.9255665236051502,0.939,0.44778254649499283,45234500.0,,腾讯日K/前复权日K,2026-08-28T18:45:09+08:00,20260926T093659
515220,煤炭ETF国泰,SSE,2023-08-09,2.096,2.096,2.075,2.079,0.9376046176046176,0.9376046176046176,0.9282106782106783,0.93,0.4473304473304473,37481200.0,,腾讯日K/前复权日K,2026-08-28T18:45:09+08:00,20260926T093659
515220,煤炭ETF国泰,SSE,2023-08-10,2.081,2.14,2.08,2.139,0.9339691444600281,0.9604488078541376,0.9335203366058907,0.96,0.44880785413744745,87341900.0,,腾讯日K/前复权日K,2026-08-28T18:45:09+08:00,20260926T093659
515220,煤炭ETF国泰,SSE,2023-08-11,2.129,2.135,2.083,2.09,0.9524473684210527,0.9551315789473684,0.9318684210526318,0.935,0.44736842105263164,50665100.0,,腾讯日K/前复权日K,2026-08-28T18:45:09+08:00,20260926T093659
515220,煤炭ETF国泰,SSE,2023-08-14,2.08,2.08,2.051,2.07,0.9294685990338165,0.9294685990338165,0.916509661835749,0.925,0.44685990338164255,52037800.0,,腾讯日K/前复权日K,2026-08-28T18:45:09+08:00,20260926T093659
515220,煤炭ETF国泰,SSE,2023-08-15,2.073,2.081,2.057,2.07,0.9263405797101449,0.9299154589371982,0.9191908212560387,0.925,0.44685990338164255,37733000.0,,腾讯日K/前复权日K,2026-08-28T18:45:09+08:00,20260926T093659
515220,煤炭ETF国泰,SSE,2023-08-16,2.06,2.074,2.059,2.061,0.9205531295487628,0.9268093158660844,0.9201062590975256,0.921,0.4468704512372635,28514200.0,,腾讯日K/前复权日K,2026-08-28T18:45:09+08:00,20260926T093659
515220,煤炭ETF国泰,SSE,2023-08-17,2.06,2.063,2.032,2.058,0.919893100097182,0.9212327502429546,0.9073896987366377,0.919,0.446550048590865,41084200.0,,腾讯日K/前复权日K,2026-08-28T18:45:09+08:00,20260926T093659
515220,煤炭ETF国泰,SSE,2023-08-18,2.063,2.071,2.042,2.044,0.9204774951076322,0.9240469667318983,0.9111076320939334,0.912,0.44618395303326813,37434300.0,,腾讯日K/前复权日K,2026-08-28T18:45:09+08:00,20260926T093659
515220,煤炭ETF国泰,SSE,2023-08-21,2.048,2.05,2.018,2.019,0.912927191679049,0.913818722139673,0.8995542347696878,0.9,0.44576523031203563,38872500.0,,腾讯日K/前复权日K,2026-08-28T18:45:09+08:00,20260926T093659
515220,煤炭ETF国泰,SSE,2023-08-22,2.022,2.041,2.009,2.039,0.9024129475232956,0.9108925944090239,0.8966110838646394,0.91,0.44629720451201566,47794300.0,,腾讯日K/前复权日K,2026-08-28T18:45:09+08:00,20260926T093659
515220,煤炭ETF国泰,SSE,2023-08-23,2.035,2.089,2.03,2.069,0.9097994200096667,0.9339415176413728,0.9075640405993234,0.925,0.44707588206863225,80646000.0,,腾讯日K/前复权日K,2026-08-28T18:45:09+08:00,20260926T093659
515220,煤炭ETF国泰,SSE,2023-08-24,2.065,2.08,2.04,2.048,0.9215869140624999,0.9282812500000001,0.9104296875,0.914,0.4462890625,54788700.0,,腾讯日K/前复权日K,2026-08-28T18:45:09+08:00,20260926T093659
515220,煤炭ETF国泰,SSE,2023-08-25,2.038,2.052,2.023,2.028,0.9084575936883629,0.914698224852071,0.9017712031558186,0.904,0.4457593688362919,50306600.0,,腾讯日K/前复权日K,2026-08-28T18:45:09+08:00,20260926T093659
515220,煤炭ETF国泰,SSE,2023-08-28,2.1,2.13,2.082,2.1,0.94,0.9534285714285713,0.931942857142857,0.94,0.4476190476190476,94592500.0,,腾讯日K/前复权日K,2026-08-28T18:45:09+08:00,20260926T093659
515220,煤炭ETF国泰,SSE,2023-08-29,2.091,2.11,2.082,2.106,0.9362834757834758,0.9447910731244064,0.9322535612535612,0.943,0.44776828110161443,75589000.0,,腾讯日K/前复权日K,2026-08-28T18:45:09+08:00,20260926T093659
515220,煤炭ETF国泰,SSE,2023-08-30,2.104,2.108,2.075,2.084,0.9409443378119003,0.9427332053742803,0.927975047984645,0.932,0.44721689059500963,43444000.0,,腾讯日K/前复权日K,2026-08-28T18:45:09+08:00,20260926T093659
515220,煤炭ETF国泰,SSE,2023-08-31,2.085,2.096,2.07,2.079,0.9326839826839826,0.9376046176046176,0.9259740259740259,0.93,0.4473304473304473,37939700.0,,腾讯日K/前复权日K,2026-08-28T18:45:09+08:00,20260926T093659
515220,煤炭ETF国泰,SSE,2023-09-01,2.078,2.173,2.076,2.17,0.933663594470046,0.9763479262672812,0.9327649769585253,0.975,0.44930875576036866,163185600.0,,腾讯日K/前复权日K,2026-08-28T18:45:09+08:00,20260926T093659
515220,煤炭ETF国泰,SSE,2023-09-04,2.183,2.249,2.183,2.237,0.9846432722396063,1.0144126061689762,0.9846432722396063,1.009,0.4510505140813589,135203900.0,,腾讯日K/前复权日K,2026-08-28T18:45:09+08:00,20260926T093659
515220,煤炭ETF国泰,SSE,2023-09-05,2.228,2.256,2.214,2.243,1.005232278198841,1.017865358894338,0.9989157378510923,1.012,0.45118145341061083,73133400.0,,腾讯日K/前复权日K,2026-08-28T18:45:09+08:00,20260926T093659
515220,煤炭ETF国泰,SSE,2023-09-06,2.231,2.26,2.22,2.249,1.006876389506447,1.0199644286349485,1.0019119608714984,1.015,0.4513116940862605,67811500.0,,腾讯日K/前复权日K,2026-08-28T18:45:09+08:00,20260926T093659
515220,煤炭ETF国泰,SSE,2023-09-07,2.242,2.28,2.232,2.252,1.0114884547069272,1.028632326820604,1.0069769094138545,1.016,0.45115452930728245,103915100.0,,腾讯日K/前复权日K,2026-08-28T18:45:09+08:00,20260926T093659
515220,煤炭ETF国泰,SSE,2023-09-08,2.229,2.245,2.209,2.21,1.003554298642534,1.0107579185520363,0.9945497737556561,0.995,0.4502262443438914,70230900.0,,腾讯日K/前复权日K,2026-08-28T18:45:09+08:00,20260926T093659
515220,煤炭ETF国泰,SSE,2023-09-11,2.211,2.269,2.211,2.226,0.9962412398921832,1.0223751123090745,0.9962412398921832,1.003,0.45058400718778074,62898200.0,,腾讯日K/前复权日K,2026-08-28T18:45:09+08:00,20260926T093659
515220,煤炭ETF国泰,SSE,2023-09-12,2.233,2.254,2.219,2.222,1.0059554455445543,1.0154158415841583,0.999648514851485,1.001,0.45049504950495045,50204100.0,,腾讯日K/前复权日K,2026-08-28T18:45:09+08:00,20260926T093659
515220,煤炭ETF国泰,SSE,2023-09-13,2.224,2.266,2.22,2.244,1.0029803921568627,1.021921568627451,1.0011764705882353,1.012,0.4509803921568627,67888200.0,,腾讯日K/前复权日K,2026-08-28T18:45:09+08:00,20260926T093659
515220,煤炭ETF国泰,SSE,2023-09-14,2.242,2.334,2.239,2.323,1.0153181231166595,1.0569814894532932,1.0139595350839432,1.052,0.4528626775721051,234697900.0,,腾讯日K/前复权日K,2026-08-28T18:45:09+08:00,20260926T093659
515220,煤炭ETF国泰,SSE,2023-09-15,2.325,2.335,2.296,2.309,1.0522412299696837,1.0567669987007362,1.0391165006496317,1.045,0.4525768731052403,111848600.0,,腾讯日K/前复权日K,2026-08-28T18:45:09+08:00,20260926T093659
515220,煤炭ETF国泰,SSE,2023-09-18,2.312,2.326,2.289,2.324,1.046567986230637,1.0529053356282274,1.0361566265060242,1.052,0.4526678141135973,64706600.0,,腾讯日K/前复权日K,2026-08-28T18:45:09+08:00,20260926T093659
515220,煤炭ETF国泰,SSE,2023-09-19,2.327,2.359,2.321,2.329,1.054094031773293,1.0685895234006009,1.051376127093173,1.055,0.45298411335337047,89034400.0,,腾讯日K/前复权日K,2026-08-28T18:45:09+08:00,20260926T093659
515220,煤炭ETF国泰,SSE,2023-09-20,2.319,2.336,2.306,2.315,1.0498107991360692,1.0575066954643628,1.0439257019438446,1.048,0.4526997840172787,53906100.0,,腾讯日K/前复权日K,2026-08-28T18:45:09+08:00,20260926T093659
515220,煤炭ETF国泰,SSE,2023-09-21,2.304,2.319,2.289,2.296,1.041616724738676,1.0483980836236935,1.0348353658536587,1.038,0.45209059233449483,73626200.0,,腾讯日K/前复权日K,2026-08-28T18:45:09+08:00,20260926T093659
515220,煤炭ETF国泰,SSE,2023-09-22,2.289,2.305,2.263,2.285,1.0348083150984682,1.0420415754923413,1.0230542669584242,1.033,0.45207877461706775,78862200.0,,腾讯日K/前复权日K,2026-08-28T18:45:09+08:00,20260926T093659
515220,煤炭ETF国泰,SSE,2023-09-25,2.276,2.315,2.276,2.29,1.0286724890829693,1.0462991266375545,1.0286724890829693,1.035,0.45196506550218335,73637200.0,,腾讯日K/前复权日K,2026-08-28T18:45:09+08:00,20260926T093659
515220,煤炭ETF国泰,SSE,2023-09-26,2.276,2.284,2.26,2.262,1.0273191865605658,1.0309301503094606,1.0200972590627762,1.021,0.4513704686118479,42174200.0,,腾讯日K/前复权日K,2026-08-28T18:45:09+08:00,20260926T093659
515220,煤炭ETF国泰,SSE,2023-09-27,2.259,2.269,2.244,2.247,1.019415220293725,1.0239279038718292,1.0126461949265688,1.014,0.4512683578104139,49265000.0,,腾讯日K/前复权日K,2026-08-28T18:45:09+08:00,20260926T093659
515220,煤炭ETF国泰,SSE,2023-09-28,2.281,2.287,2.261,2.273,1.03061460624725,1.033325560932688,1.0215780906291243,1.027,0.45182578090629116,58565300.0,,腾讯日K/前复权日K,2026-08-28T18:45:09+08:00,20260926T093659
515220,煤炭ETF国泰,SSE,2023-10-09,2.265,2.303,2.233,2.298,1.024079634464752,1.0412606614447344,1.0096114012184507,1.039,0.4521322889469103,58201200.0,,腾讯日K/前复权日K,2026-08-28T18:45:09+08:00,20260926T093659
515220,煤炭ETF国泰,SSE,2023-10-10,2.289,2.289,2.248,2.252,1.0326927175843696,1.0326927175843696,1.0141953818827711,1.016,0.45115452930728245,88403000.0,,腾讯日K/前复权日K,2026-08-28T18:45:09+08:00,20260926T093659
515220,煤炭ETF国泰,SSE,2023-10-11,2.25,2.258,2.219,2.228,1.0139138240574506,1.0175188509874327,0.9999443447037701,1.004,0.4506283662477558,54373300.0,,腾讯日K/前复权日K,2026-08-28T18:45:09+08:00,20260926T093659
515220,煤炭ETF国泰,SSE,2023-10-12,2.22,2.241,2.22,2.228,1.000394973070018,1.009858168761221,1.000394973070018,1.004,0.4506283662477558,42340200.0,,腾讯日K/前复权日K,2026-08-28T18:45:09+08:00,20260926T093659
515220,煤炭ETF国泰,SSE,2023-10-13,2.218,2.248,2.208,2.237,1.000430040232454,1.0139615556548949,0.9959195350916404,1.009,0.4510505140813589,39473000.0,,腾讯日K/前复权日K,2026-08-28T18:45:09+08:00,20260926T093659
515220,煤炭ETF国泰,SSE,2023-10-16,2.239,2.269,2.238,2.268,1.0109065255731922,1.024451499118166,1.0104550264550265,1.024,0.45149911816578486,60281800.0,,腾讯日K/前复权日K,2026-08-28T18:45:09+08:00,20260926T093659
515220,煤炭ETF国泰,SSE,2023-10-17,2.265,2.277,2.24,2.276,1.0230316344463974,1.0284516695957824,1.0117398945518457,1.028,0.4516695957820739,50761100.0,,腾讯日K/前复权日K,2026-08-28T18:45:09+08:00,20260926T093659
515220,煤炭ETF国泰,SSE,2023-10-18,2.272,2.286,2.255,2.26,1.0254159292035399,1.0317345132743363,1.0177433628318584,1.02,0.4513274336283186,45109000.0,,腾讯日K/前复权日K,2026-08-28T18:45:09+08:00,20260926T093659
515220,煤炭ETF国泰,SSE,2023-10-19,2.246,2.256,2.218,2.227,1.0125657835653346,1.0170740907049842,0.9999425235743152,1.004,0.4508307139649753,40929900.0,,腾讯日K/前复权日K,2026-08-28T18:45:09+08:00,20260926T093659
515220,煤炭ETF国泰,SSE,2023-10-20,2.227,2.233,2.211,2.216,1.0029539711191335,1.0056561371841155,0.9957481949458482,0.998,0.45036101083032487,27021900.0,,腾讯日K/前复权日K,2026-08-28T18:45:09+08:00,20260926T093659
515220,煤炭ETF国泰,SSE,2023-10-23,2.207,2.218,2.168,2.185,0.9928974828375285,0.9978462242562929,0.9753519450800916,0.983,0.44988558352402747,33720600.0,,腾讯日K/前复权日K,2026-08-28T18:45:09+08:00,20260926T093659
515220,煤炭ETF国泰,SSE,2023-10-24,2.189,2.214,2.177,2.208,0.9854465579710144,0.9967010869565216,0.9800443840579709,0.994,0.4501811594202898,40722500.0,,腾讯日K/前复权日K,2026-08-28T18:45:09+08:00,20260926T093659
515220,煤炭ETF国泰,SSE,2023-10-25,2.229,2.267,2.229,2.237,1.005391595887349,1.0225315154224406,1.005391595887349,1.009,0.4510505140813589,46088000.0,,腾讯日K/前复权日K,2026-08-28T18:45:09+08:00,20260926T093659
515220,煤炭ETF国泰,SSE,2023-10-26,2.231,2.231,2.17,2.202,1.0040513169845593,1.0040513169845593,0.9765985467756584,0.991,0.4500454132606721,34493200.0,,腾讯日K/前复权日K,2026-08-28T18:45:09+08:00,20260926T093659
515220,煤炭ETF国泰,SSE,2023-10-27,2.184,2.21,2.183,2.196,0.9826010928961749,0.9942987249544626,0.982151183970856,0.988,0.44990892531876137,43382100.0,,腾讯日K/前复权日K,2026-08-28T18:45:09+08:00,20260926T093659
515220,煤炭ETF国泰,SSE,2023-10-30,2.183,2.206,2.169,2.174,0.9810446182152713,0.9913808647654094,0.9747529898804048,0.977,0.44940202391904327,68493900.0,,腾讯日K/前复权日K,2026-08-28T18:45:09+08:00,20260926T093659
515220,煤炭ETF国泰,SSE,2023-10-31,2.17,2.205,2.164,2.197,0.9768456986800181,0.9926012744651798,0.9741447428311334,0.989,0.4501593081474738,45872100.0,,腾讯日K/前复权日K,2026-08-28T18:45:09+08:00,20260926T093659
515220,煤炭ETF国泰,SSE,2023-11-01,2.19,2.195,2.171,2.184,0.9846978021978021,0.9869459706959706,0.9761547619047617,0.982,0.4496336996336996,35701700.0,,腾讯日K/前复权日K,2026-08-28T18:45:09+08:00,20260926T093659
515220,煤炭ETF国泰,SSE,2023-11-02,2.185,2.194,2.177,2.181,0.9827991746905089,0.986847317744154,0.979200825309491,0.981,0.4497936726272352,34066500.0,,腾讯日K/前复权日K,2026-08-28T18:45:09+08:00,20260926T093659
515220,煤炭ETF国泰,SSE,2023-11-03,2.188,2.209,2.182,2.19,0.9841004566210046,0.9935456621004567,0.9814018264840182,0.985,0.4497716894977169,39212300.0,,腾讯日K/前复权日K,2026-08-28T18:45:09+08:00,20260926T093659
515220,煤炭ETF国泰,SSE,2023-11-06,2.191,2.199,2.149,2.158,0.9838178869323447,0.9874101019462465,0.9649587581093606,0.969,0.4490268767377201,73874100.0,,腾讯日K/前复权日K,2026-08-28T18:45:09+08:00,20260926T093659
515220,煤炭ETF国泰,SSE,2023-11-07,2.15,2.176,2.148,2.174,0.966214351425943,0.9778988040478382,0.965315547378105,0.977,0.44940202391904327,53059800.0,,腾讯日K/前复权日K,2026-08-28T18:45:09+08:00,20260926T093659
515220,煤炭ETF国泰,SSE,2023-11-08,2.155,2.168,2.15,2.16,0.9677546296296294,0.9735925925925926,0.9655092592592591,0.97,0.449074074074074,54195200.0,,腾讯日K/前复权日K,2026-08-28T18:45:09+08:00,20260926T093659
515220,煤炭ETF国泰,SSE,2023-11-09,2.162,2.238,2.16,2.23,0.974354260089686,1.0086053811659192,0.9734529147982063,1.005,0.4506726457399103,96941400.0,,腾讯日K/前复权日K,2026-08-28T18:45:09+08:00,20260926T093659
515220,煤炭ETF国泰,SSE,2023-11-10,2.224,2.259,2.208,2.257,1.0041010190518387,1.0199029685423127,0.9968772707133362,1.019,0.4514842711564022,106805400.0,,腾讯日K/前复权日K,2026-08-28T18:45:09+08:00,20260926T093659
515220,煤炭ETF国泰,SSE,2023-11-13,2.259,2.263,2.227,2.257,1.0199029685423127,1.0217089056269382,1.0054554718653077,1.019,0.4514842711564022,64570200.0,,腾讯日K/前复权日K,2026-08-28T18:45:09+08:00,20260926T093659
515220,煤炭ETF国泰,SSE,2023-11-14,2.251,2.251,2.223,2.233,1.0151173309449169,1.0151173309449169,1.002490371697268,1.007,0.450962830273175,74553200.0,,腾讯日K/前复权日K,2026-08-28T18:45:09+08:00,20260926T093659
515220,煤炭ETF国泰,SSE,2023-11-15,2.242,2.253,2.229,2.251,1.0119378054198134,1.0169027099067083,1.0060701910262106,1.016,0.4513549533540649,63502500.0,,腾讯日K/前复权日K,2026-08-28T18:45:09+08:00,20260926T093659
515220,煤炭ETF国泰,SSE,2023-11-16,2.242,2.265,2.231,2.257,1.0122277359326537,1.0226118741692511,1.0072614089499332,1.019,0.4514842711564022,106411000.0,,腾讯日K/前复权日K,2026-08-28T18:45:09+08:00,20260926T093659
515220,煤炭ETF国泰,SSE,2023-11-17,2.253,2.26,2.236,2.249,1.0168052467763449,1.0199644286349485,1.0091329479768785,1.015,0.4513116940862605,53950500.0,,腾讯日K/前复权日K,2026-08-28T18:45:09+08:00,20260926T093659
515220,煤炭ETF国泰,SSE,2023-11-20,2.255,2.257,2.232,2.243,1.0174141774409273,1.0183165403477488,1.0070370040124834,1.012,0.45118145341061083,37052800.0,,腾讯日K/前复权日K,2026-08-28T18:45:09+08:00,20260926T093659
515220,煤炭ETF国泰,SSE,2023-11-21,2.242,2.28,2.241,2.252,1.0114884547069272,1.028632326820604,1.01103730017762,1.016,0.45115452930728245,54643100.0,,腾讯日K/前复权日K,2026-08-28T18:45:09+08:00,20260926T093659
515220,煤炭ETF国泰,SSE,2023-11-22,2.248,2.265,2.236,2.248,1.014,1.021668149466192,1.0085871886120996,1.014,0.45106761565836295,36101300.0,,腾讯日K/前复权日K,2026-08-28T18:45:09+08:00,20260926T093659
515220,煤炭ETF国泰,SSE,2023-11-23,2.245,2.282,2.239,2.281,1.0147281893906182,1.0314519947391494,1.012016220955721,1.031,0.4519947391494958,44925600.0,,腾讯日K/前复权日K,2026-08-28T18:45:09+08:00,20260926T093659
515220,煤炭ETF国泰,SSE,2023-11-24,2.277,2.32,2.271,2.311,1.0306109909130248,1.0500735612289052,1.0278952834270878,1.046,0.452617914322804,64583500.0,,腾讯日K/前复权日K,2026-08-28T18:45:09+08:00,20260926T093659
515220,煤炭ETF国泰,SSE,2023-11-27,2.323,2.355,2.319,2.345,1.053027292110874,1.0675330490405115,1.0512140724946692,1.063,0.45330490405117263,104720700.0,,腾讯日K/前复权日K,2026-08-28T18:45:09+08:00,20260926T093659
515220,煤炭ETF国泰,SSE,2023-11-28,2.341,2.35,2.314,2.349,1.0613729246487866,1.0654533844189016,1.0491315453384418,1.065,0.4533844189016602,46091600.0,,腾讯日K/前复权日K,2026-08-28T18:45:09+08:00,20260926T093659
515220,煤炭ETF国泰,SSE,2023-11-29,2.349,2.384,2.347,2.372,1.065566610455312,1.081443507588533,1.0646593591905567,1.076,0.45362563237774034,55937300.0,,腾讯日K/前复权日K,2026-08-28T18:45:09+08:00,20260926T093659
515220,煤炭ETF国泰,SSE,2023-11-30,2.363,2.367,2.348,2.36,1.0713601694915256,1.0731737288135594,1.0645593220338985,1.07,0.45338983050847464,40824800.0,,腾讯日K/前复权日K,2026-08-28T18:45:09+08:00,20260926T093659
515220,煤炭ETF国泰,SSE,2023-12-01,2.36,2.388,2.358,2.382,1.0710159529806884,1.0837229219143576,1.0701083123425692,1.081,0.45382031905961373,51995200.0,,腾讯日K/前复权日K,2026-08-28T18:45:09+08:00,20260926T093659
515220,煤炭ETF国泰,SSE,2023-12-04,2.38,2.405,2.376,2.401,1.0814577259475218,1.0928175760099959,1.079640149937526,1.091,0.4543940024989588,58100100.0,,腾讯日K/前复权日K,2026-08-28T18:45:09+08:00,20260926T093659
515220,煤炭ETF国泰,SSE,2023-12-05,2.392,2.399,2.341,2.342,1.0836515798462851,1.0868228010247651,1.0605469684030744,1.061,0.4530315969257045,52529400.0,,腾讯日K/前复权日K,2026-08-28T18:45:09+08:00,20260926T093659
515220,煤炭ETF国泰,SSE,2023-12-06,2.345,2.356,2.329,2.354,1.0629205607476635,1.0679065420560745,1.0556682242990654,1.067,0.4532710280373831,56721600.0,,腾讯日K/前复权日K,2026-08-28T18:45:09+08:00,20260926T093659
515220,煤炭ETF国泰,SSE,2023-12-07,2.352,2.364,2.336,2.337,1.0657971758664952,1.0712349165596917,1.0585468549422334,1.059,0.4531450577663671,36287200.0,,腾讯日K/前复权日K,2026-08-28T18:45:09+08:00,20260926T093659
515220,煤炭ETF国泰,SSE,2023-12-08,2.328,2.354,2.31,2.329,1.0545470158866463,1.066324602833834,1.0463933018462859,1.055,0.45298411335337047,44809100.0,,腾讯日K/前复权日K,2026-08-28T18:45:09+08:00,20260926T093659
515220,煤炭ETF国泰,SSE,2023-12-11,2.322,2.388,2.295,2.38,1.0536806722689078,1.0836302521008405,1.0414285714285716,1.08,0.45378151260504207,58160200.0,,腾讯日K/前复权日K,2026-08-28T18:45:09+08:00,20260926T093659
515220,煤炭ETF国泰,SSE,2023-12-12,2.379,2.398,2.358,2.395,1.0807315240083508,1.0893628392484345,1.0711916492693112,1.088,0.45427974947807936,41494700.0,,腾讯日K/前复权日K,2026-08-28T18:45:09+08:00,20260926T093659
515220,煤炭ETF国泰,SSE,2023-12-13,2.392,2.394,2.368,2.37,1.0849789029535863,1.0858860759493671,1.0740928270042192,1.075,0.4535864978902953,30885500.0,,腾讯日K/前复权日K,2026-08-28T18:45:09+08:00,20260926T093659
515220,煤炭ETF国泰,SSE,2023-12-14,2.372,2.399,2.356,2.386,1.076645431684828,1.0889006705783737,1.0693830678960603,1.083,0.4538977367979882,40890000.0,,腾讯日K/前复权日K,2026-08-28T18:45:09+08:00,20260926T093659
515220,煤炭ETF国泰,SSE,2023-12-15,2.383,2.391,2.36,2.366,1.0807096365173288,1.0843377007607775,1.0702789518174132,1.073,0.4535080304311073,38647900.0,,腾讯日K/前复权日K,2026-08-28T18:45:09+08:00,20260926T093659
515220,煤炭ETF国泰,SSE,2023-12-18,2.366,2.378,2.34,2.365,1.0734536997885835,1.0788980972515856,1.061657505285412,1.073,0.45369978858350946,49429300.0,,腾讯日K/前复权日K,2026-08-28T18:45:09+08:00,20260926T093659
515220,煤炭ETF国泰,SSE,2023-12-19,2.376,2.376,2.339,2.353,1.0774296642583934,1.0774296642583934,1.060651508712282,1.067,0.4534636634084147,48209300.0,,腾讯日K/前复权日K,2026-08-28T18:45:09+08:00,20260926T093659
515220,煤炭ETF国泰,SSE,2023-12-20,2.353,2.394,2.353,2.363,1.06746339399069,1.0860634786288617,1.06746339399069,1.072,0.4536606009310199,37566700.0,,腾讯日K/前复权日K,2026-08-28T18:45:09+08:00,20260926T093659
515220,煤炭ETF国泰,SSE,2023-12-21,2.36,2.373,2.336,2.361,1.0705463786531129,1.0764434561626428,1.059659466327827,1.071,0.45362134688691225,31585600.0,,腾讯日K/前复权日K,2026-08-28T18:45:09+08:00,20260926T093659
515220,煤炭ETF国泰,SSE,2023-12-22,2.359,2.409,2.356,2.383,1.0711028115820393,1.0938052874527906,1.0697406630297943,1.082,0.4540495174150231,53022000.0,,腾讯日K/前复权日K,2026-08-28T18:45:09+08:00,20260926T093659
515220,煤炭ETF国泰,SSE,2023-12-25,2.38,2.407,2.36,2.406,1.0811886949293432,1.093454280964256,1.0721030756442227,1.093,0.45428096425602654,48090300.0,,腾讯日K/前复权日K,2026-08-28T18:45:09+08:00,20260926T093659
515220,煤炭ETF国泰,SSE,2023-12-26,2.409,2.453,2.359,2.361,1.0927738246505716,1.1127331639135958,1.070092757306226,1.071,0.45362134688691225,164313700.0,,腾讯日K/前复权日K,2026-08-28T18:45:09+08:00,20260926T093659
515220,煤炭ETF国泰,SSE,2023-12-27,2.363,2.394,2.35,2.387,1.0731009635525766,1.0871788856304987,1.0671973188102222,1.084,0.4541265186426477,63488100.0,,腾讯日K/前复权日K,2026-08-28T18:45:09+08:00,20260926T093659
515220,煤炭ETF国泰,SSE,2023-12-28,2.338,2.343,2.285,2.297,1.0829917283413149,1.0853077927731825,1.0584414453635178,1.064,0.4632128863735307,59969400.0,,腾讯日K/前复权日K,2026-08-28T18:45:09+08:00,20260926T093659
515220,煤炭ETF国泰,SSE,2023-12-29,2.289,2.316,2.285,2.313,1.0608767833981843,1.073390402075227,1.0590229139645484,1.072,0.46346735840899267,41172800.0,,腾讯日K/前复权日K,2026-08-28T18:45:09+08:00,20260926T093659
515220,煤炭ETF国泰,SSE,2024-01-02,2.31,2.405,2.309,2.393,1.073430839949854,1.1175762641036358,1.0729661512745512,1.112,0.4646886753029671,74783400.0,,腾讯日K/前复权日K,2026-08-28T18:45:09+08:00,20260926T093659
515220,煤炭ETF国泰,SSE,2024-01-03,2.392,2.437,2.38,2.423,1.112581097812629,1.1335117622781674,1.1069995872884852,1.127,0.4651258770119686,69429700.0,,腾讯日K/前复权日K,2026-08-28T18:45:09+08:00,20260926T093659
515220,煤炭ETF国泰,SSE,2024-01-04,2.424,2.456,2.421,2.446,1.1277645134914143,1.1426524938675386,1.1263687653311527,1.138,0.46524938675388383,76173100.0,,腾讯日K/前复权日K,2026-08-28T18:45:09+08:00,20260926T093659
515220,煤炭ETF国泰,SSE,2024-01-05,2.446,2.468,2.428,2.44,1.1377909836065574,1.1480245901639343,1.1294180327868852,1.135,0.4651639344262295,77488400.0,,腾讯日K/前复权日K,2026-08-28T18:45:09+08:00,20260926T093659
515220,煤炭ETF国泰,SSE,2024-01-08,2.437,2.438,2.385,2.419,1.1333712277800743,1.1338362959900787,1.1091876808598593,1.125,0.46506821000413395,44953600.0,,腾讯日K/前复权日K,2026-08-28T18:45:09+08:00,20260926T093659
515220,煤炭ETF国泰,SSE,2024-01-09,2.416,2.462,2.394,2.454,1.1243162184189077,1.145722901385493,1.1140782396088018,1.142,0.465362673186634,50077300.0,,腾讯日K/前复权日K,2026-08-28T18:45:09+08:00,20260926T093659
515220,煤炭ETF国泰,SSE,2024-01-10,2.446,2.465,2.42,2.425,1.1377682474226805,1.1466061855670102,1.1256742268041238,1.128,0.46515463917525773,49370200.0,,腾讯日K/前复权日K,2026-08-28T18:45:09+08:00,20260926T093659
515220,煤炭ETF国泰,SSE,2024-01-11,2.42,2.42,2.377,2.393,1.1245465942331803,1.1245465942331803,1.1045649811951528,1.112,0.4646886753029671,69777100.0,,腾讯日K/前复权日K,2026-08-28T18:45:09+08:00,20260926T093659
515220,煤炭ETF国泰,SSE,2024-01-12,2.388,2.412,2.378,2.405,1.1100972972972973,1.1212540540540543,1.105448648648649,1.118,0.46486486486486495,52333000.0,,腾讯日K/前复权日K,2026-08-28T18:45:09+08:00,20260926T093659
515220,煤炭ETF国泰,SSE,2024-01-15,2.391,2.407,2.381,2.405,1.1114918918918921,1.11892972972973,1.1068432432432433,1.118,0.46486486486486495,30180200.0,,腾讯日K/前复权日K,2026-08-28T18:45:09+08:00,20260926T093659
515220,煤炭ETF国泰,SSE,2024-01-16,2.402,2.411,2.38,2.4,1.1159291666666669,1.1201104166666667,1.1057083333333333,1.115,0.46458333333333335,48623100.0,,腾讯日K/前复权日K,2026-08-28T18:45:09+08:00,20260926T093659
515220,煤炭ETF国泰,SSE,2024-01-17,2.4,2.418,2.36,2.363,1.1141768937790943,1.1225332204824376,1.095607278882776,1.097,0.46424037240795596,37379900.0,,腾讯日K/前复权日K,2026-08-28T18:45:09+08:00,20260926T093659
515220,煤炭ETF国泰,SSE,2024-01-18,2.353,2.364,2.286,2.353,1.092,1.0971049723756905,1.0609060773480663,1.092,0.46408839779005523,76188400.0,,腾讯日K/前复权日K,2026-08-28T18:45:09+08:00,20260926T093659
515220,煤炭ETF国泰,SSE,2024-01-19,2.35,2.35,2.3,2.316,1.088752158894646,1.088752158894646,1.065587219343696,1.073,0.4632987910189983,55545500.0,,腾讯日K/前复权日K,2026-08-28T18:45:09+08:00,20260926T093659
515220,煤炭ETF国泰,SSE,2024-01-22,2.313,2.313,2.228,2.243,1.0693629068212216,1.0693629068212216,1.0300650913954525,1.037,0.4623272403031654,47085300.0,,腾讯日K/前复权日K,2026-08-28T18:45:09+08:00,20260926T093659
515220,煤炭ETF国泰,SSE,2024-01-23,2.241,2.3,2.224,2.284,1.037100262697023,1.0644045534150612,1.0292329246935203,1.057,0.462784588441331,59388300.0,,腾讯日K/前复权日K,2026-08-28T18:45:09+08:00,20260926T093659
515220,煤炭ETF国泰,SSE,2024-01-24,2.288,2.349,2.288,2.348,1.0611720613287903,1.0894637989778535,1.0611720613287903,1.089,0.46379897785349233,64023600.0,,腾讯日K/前复权日K,2026-08-28T18:45:09+08:00,20260926T093659
515220,煤炭ETF国泰,SSE,2024-01-25,2.348,2.43,2.348,2.427,1.092250515039143,1.1303955500618048,1.092250515039143,1.129,0.46518335393489907,53796300.0,,腾讯日K/前复权日K,2026-08-28T18:45:09+08:00,20260926T093659
515220,煤炭ETF国泰,SSE,2024-01-26,2.416,2.456,2.405,2.453,1.1247745617611087,1.1433966571545047,1.1196534855279248,1.142,0.465552384834896,46714800.0,,腾讯日K/前复权日K,2026-08-28T18:45:09+08:00,20260926T093659
515220,煤炭ETF国泰,SSE,2024-01-29,2.447,2.463,2.429,2.442,1.138325962325962,1.1457690417690416,1.1299524979524977,1.136,0.4651924651924651,49960200.0,,腾讯日K/前复权日K,2026-08-28T18:45:09+08:00,20260926T093659
515220,煤炭ETF国泰,SSE,2024-01-30,2.43,2.453,2.404,2.427,1.1303955500618048,1.1410947672023073,1.1183007828594973,1.129,0.46518335393489907,69676200.0,,腾讯日K/前复权日K,2026-08-28T18:45:09+08:00,20260926T093659
515220,煤炭ETF国泰,SSE,2024-01-31,2.408,2.456,2.395,2.425,1.1200923711340205,1.142419793814433,1.1140453608247423,1.128,0.46515463917525773,56465100.0,,腾讯日K/前复权日K,2026-08-28T18:45:09+08:00,20260926T093659
515220,煤炭ETF国泰,SSE,2024-02-01,2.42,2.422,2.374,2.378,1.1234987384356603,1.1244272497897394,1.1021429772918419,1.104,0.464255677039529,47863200.0,,腾讯日K/前复权日K,2026-08-28T18:45:09+08:00,20260926T093659
515220,煤炭ETF国泰,SSE,2024-02-02,2.385,2.407,2.32,2.372,1.1070341483979764,1.117245784148398,1.0768634064080944,1.101,0.46416526138279934,45572700.0,,腾讯日K/前复权日K,2026-08-28T18:45:09+08:00,20260926T093659
515220,煤炭ETF国泰,SSE,2024-02-05,2.365,2.402,2.32,2.375,1.0983557894736844,1.1155393684210526,1.077456842105263,1.103,0.46442105263157896,38883400.0,,腾讯日K/前复权日K,2026-08-28T18:45:09+08:00,20260926T093659
515220,煤炭ETF国泰,SSE,2024-02-06,2.371,2.408,2.336,2.392,1.101246237458194,1.1184314381270903,1.0849899665551839,1.111,0.4644648829431438,61305700.0,,腾讯日K/前复权日K,2026-08-28T18:45:09+08:00,20260926T093659
515220,煤炭ETF国泰,SSE,2024-02-07,2.385,2.456,2.363,2.455,1.1104093686354377,1.1434655804480651,1.100166598778004,1.143,0.4655804480651731,47473500.0,,腾讯日K/前复权日K,2026-08-28T18:45:09+08:00,20260926T093659
515220,煤炭ETF国泰,SSE,2024-02-08,2.45,2.481,2.44,2.468,1.1406199351701785,1.1550522690437601,1.135964343598055,1.149,0.46555915721231766,38207100.0,,腾讯日K/前复权日K,2026-08-28T18:45:09+08:00,20260926T093659
515220,煤炭ETF国泰,SSE,2024-02-19,2.46,2.588,2.44,2.585,1.149586073500967,1.2094019342359767,1.1402398452611218,1.208,0.46731141199226306,47716100.0,,腾讯日K/前复权日K,2026-08-28T18:45:09+08:00,20260926T093659
515220,煤炭ETF国泰,SSE,2024-02-20,2.58,2.61,2.55,2.593,1.2059236405707674,1.219946008484381,1.1919012726571536,1.212,0.46741226378711914,61109400.0,,腾讯日K/前复权日K,2026-08-28T18:45:09+08:00,20260926T093659
515220,煤炭ETF国泰,SSE,2024-02-21,2.582,2.615,2.569,2.584,1.2060657894736841,1.221480263157895,1.1999934210526315,1.207,0.46710526315789475,46280600.0,,腾讯日K/前复权日K,2026-08-28T18:45:09+08:00,20260926T093659
515220,煤炭ETF国泰,SSE,2024-02-22,2.577,2.721,2.565,2.713,1.2082359012163657,1.2757508293402138,1.202609657206045,1.272,0.4688536675267232,74894900.0,,腾讯日K/前复权日K,2026-08-28T18:45:09+08:00,20260926T093659
515220,煤炭ETF国泰,SSE,2024-02-23,2.713,2.716,2.66,2.675,1.2707996261682244,1.2722048598130842,1.245973831775701,1.253,0.46841121495327104,120908900.0,,腾讯日K/前复权日K,2026-08-28T18:45:09+08:00,20260926T093659
515220,煤炭ETF国泰,SSE,2024-02-26,2.656,2.688,2.595,2.612,1.2415681470137827,1.2565267993874427,1.2130532159264933,1.221,0.467457886676876,84704100.0,,腾讯日K/前复权日K,2026-08-28T18:45:09+08:00,20260926T093659
515220,煤炭ETF国泰,SSE,2024-02-27,2.595,2.633,2.579,2.625,1.2139657142857143,1.231742476190476,1.206480761904762,1.228,0.4678095238095238,60783300.0,,腾讯日K/前复权日K,2026-08-28T18:45:09+08:00,20260926T093659
515220,煤炭ETF国泰,SSE,2024-02-28,2.615,2.65,2.572,2.608,1.2222718558282208,1.238631134969325,1.2021733128834355,1.219,0.4674079754601227,78590600.0,,腾讯日K/前复权日K,2026-08-28T18:45:09+08:00,20260926T093659
515220,煤炭ETF国泰,SSE,2024-02-29,2.593,2.621,2.585,2.619,1.2128388697976327,1.2259354715540283,1.2090969835815197,1.225,0.46773577701412755,59182200.0,,腾讯日K/前复权日K,2026-08-28T18:45:09+08:00,20260926T093659
515220,煤炭ETF国泰,SSE,2024-03-01,2.608,2.673,2.608,2.654,1.2204732479276565,1.2508914845516204,1.2204732479276565,1.242,0.4679728711379051,83332500.0,,腾讯日K/前复权日K,2026-08-28T18:45:09+08:00,20260926T093659
515220,煤炭ETF国泰,SSE,2024-03-04,2.642,2.714,2.64,2.714,1.2382549742078113,1.272,1.2373176123802507,1.272,0.46868091378039795,75131800.0,,腾讯日K/前复权日K,2026-08-28T18:45:09+08:00,20260926T093659
515220,煤炭ETF国泰,SSE,2024-03-05,2.705,2.731,2.68,2.702,1.2674056254626203,1.2795877128053295,1.2556920799407847,1.266,0.4685418208734271,90726800.0,,腾讯日K/前复权日K,2026-08-28T18:45:09+08:00,20260926T093659
515220,煤炭ETF国泰,SSE,2024-03-06,2.707,2.763,2.692,2.723,1.2694965112008814,1.2957587219977964,1.2624619904517078,1.277,0.4689680499449137,76442200.0,,腾讯日K/前复权日K,2026-08-28T18:45:09+08:00,20260926T093659
515220,煤炭ETF国泰,SSE,2024-03-07,2.704,2.767,2.704,2.749,1.2688832302655513,1.2984467078937796,1.2688832302655513,1.29,0.4692615496544198,79055400.0,,腾讯日K/前复权日K,2026-08-28T18:45:09+08:00,20260926T093659
515220,煤炭ETF国泰,SSE,2024-03-08,2.74,2.74,2.684,2.72,1.284375,1.284375,1.258125,1.275,0.46874999999999994,125764100.0,,腾讯日K/前复权日K,2026-08-28T18:45:09+08:00,20260926T093659
515220,煤炭ETF国泰,SSE,2024-03-11,2.716,2.716,2.61,2.64,1.2705530303030306,1.2705530303030306,1.220965909090909,1.235,0.46780303030303033,100248700.0,,腾讯日K/前复权日K,2026-08-28T18:45:09+08:00,20260926T093659
515220,煤炭ETF国泰,SSE,2024-03-12,2.631,2.637,2.538,2.558,1.2280742767787334,1.2308749022673966,1.1846645817044565,1.194,0.4667709147771697,149047100.0,,腾讯日K/前复权日K,2026-08-28T18:45:09+08:00,20260926T093659
515220,煤炭ETF国泰,SSE,2024-03-13,2.546,2.546,2.499,2.542,1.1878662470495671,1.1878662470495671,1.165937844217152,1.186,0.46656176239181746,141677100.0,,腾讯日K/前复权日K,2026-08-28T18:45:09+08:00,20260926T093659
515220,煤炭ETF国泰,SSE,2024-03-14,2.527,2.565,2.516,2.556,1.1794643974960877,1.197200704225352,1.1743302034428795,1.193,0.46674491392801254,132743200.0,,腾讯日K/前复权日K,2026-08-28T18:45:09+08:00,20260926T093659
515220,煤炭ETF国泰,SSE,2024-03-15,2.55,2.55,2.475,2.52,1.1889880952380951,1.1889880952380951,1.1540178571428572,1.175,0.4662698412698413,169362900.0,,腾讯日K/前复权日K,2026-08-28T18:45:09+08:00,20260926T093659
515220,煤炭ETF国泰,SSE,2024-03-18,2.498,2.498,2.468,2.486,1.1635897023330652,1.1635897023330652,1.149615446500402,1.158,0.46580852775543036,199773500.0,,腾讯日K/前复权日K,2026-08-28T18:45:09+08:00,20260926T093659
515220,煤炭ETF国泰,SSE,2024-03-19,2.477,2.552,2.477,2.516,1.1548175675675676,1.189783783783784,1.1548175675675676,1.173,0.46621621621621623,186986500.0,,腾讯日K/前复权日K,2026-08-28T18:45:09+08:00,20260926T093659
515220,煤炭ETF国泰,SSE,2024-03-20,2.509,2.54,2.491,2.522,1.1699381443298968,1.1843933386201428,1.1615448057097542,1.176,0.4662965900079302,116052700.0,,腾讯日K/前复权日K,2026-08-28T18:45:09+08:00,20260926T093659
515220,煤炭ETF国泰,SSE,2024-03-21,2.5,2.529,2.472,2.514,1.1654733492442324,1.1789928400954655,1.152420047732697,1.172,0.46618933969769294,122466600.0,,腾讯日K/前复权日K,2026-08-28T18:45:09+08:00,20260926T093659
515220,煤炭ETF国泰,SSE,2024-03-22,2.513,2.532,2.509,2.522,1.1718033306899287,1.1806629659000794,1.1699381443298968,1.176,0.4662965900079302,109330500.0,,腾讯日K/前复权日K,2026-08-28T18:45:09+08:00,20260926T093659
515220,煤炭ETF国泰,SSE,2024-03-25,2.5,2.551,2.478,2.502,1.1650679456434851,1.1888353317346123,1.1548153477218226,1.166,0.4660271782573941,135058200.0,,腾讯日K/前复权日K,2026-08-28T18:45:09+08:00,20260926T093659
515220,煤炭ETF国泰,SSE,2024-03-26,2.5,2.511,2.423,2.443,1.1635284486287352,1.1686479738027016,1.12769177241097,1.137,0.4654113794514941,204946700.0,,腾讯日K/前复权日K,2026-08-28T18:45:09+08:00,20260926T093659
515220,煤炭ETF国泰,SSE,2024-03-27,2.438,2.466,2.427,2.43,1.1337201646090533,1.1467407407407406,1.1286049382716048,1.13,0.4650205761316872,82412600.0,,腾讯日K/前复权日K,2026-08-28T18:45:09+08:00,20260926T093659
515220,煤炭ETF国泰,SSE,2024-03-28,2.431,2.454,2.409,2.442,1.1308828828828827,1.1415823095823094,1.1206486486486484,1.136,0.4651924651924651,89220400.0,,腾讯日K/前复权日K,2026-08-28T18:45:09+08:00,20260926T093659
515220,煤炭ETF国泰,SSE,2024-03-29,2.438,2.49,2.422,2.486,1.1356411906677393,1.1598632341110218,1.1281882542236523,1.158,0.46580852775543036,82892700.0,,腾讯日K/前复权日K,2026-08-28T18:45:09+08:00,20260926T093659
515220,煤炭ETF国泰,SSE,2024-04-01,2.477,2.477,2.428,2.469,1.1537262049412718,1.1537262049412718,1.1309031996759822,1.15,0.46577561765897124,89376400.0,,腾讯日K/前复权日K,2026-08-28T18:45:09+08:00,20260926T093659
515220,煤炭ETF国泰,SSE,2024-04-02,2.458,2.501,2.45,2.478,1.144686037126715,1.1647110573042774,1.140960451977401,1.154,0.4656981436642453,94555800.0,,腾讯日K/前复权日K,2026-08-28T18:45:09+08:00,20260926T093659
515220,煤炭ETF国泰,SSE,2024-04-03,2.475,2.547,2.468,2.544,1.154805424528302,1.1883997641509436,1.1515393081761007,1.187,0.46658805031446543,139547300.0,,腾讯日K/前复权日K,2026-08-28T18:45:09+08:00,20260926T093659
515220,煤炭ETF国泰,SSE,2024-04-08,2.527,2.583,2.502,2.536,1.1788016561514196,1.204924684542587,1.1671395899053627,1.183,0.46648264984227134,129829200.0,,腾讯日K/前复权日K,2026-08-28T18:45:09+08:00,20260926T093659
515220,煤炭ETF国泰,SSE,2024-04-09,2.532,2.555,2.509,2.538,1.1812009456264776,1.1919306540583137,1.1704712371946415,1.184,0.4665090622537431,98627700.0,,腾讯日K/前复权日K,2026-08-28T18:45:09+08:00,20260926T093659
515220,煤炭ETF国泰,SSE,2024-04-10,2.537,2.593,2.528,2.576,1.1847868788819875,1.2109390527950312,1.180583850931677,1.203,0.46700310559006214,162099600.0,,腾讯日K/前复权日K,2026-08-28T18:45:09+08:00,20260926T093659
515220,煤炭ETF国泰,SSE,2024-04-11,2.561,2.639,2.546,2.612,1.1971596477794795,1.2336213629402757,1.1901477794793263,1.221,0.467457886676876,110914700.0,,腾讯日K/前复权日K,2026-08-28T18:45:09+08:00,20260926T093659
515220,煤炭ETF国泰,SSE,2024-04-12,1.3,1.31,1.29,1.297,1.2148033924441017,1.224148033924441,1.2054587509637624,1.212,0.9344641480339244,148357100.0,,腾讯日K/前复权日K,2026-08-28T18:45:09+08:00,20260926T093659
515220,煤炭ETF国泰,SSE,2024-04-15,1.295,1.325,1.294,1.325,1.2119245283018867,1.24,1.210988679245283,1.24,0.9358490566037736,218103100.0,,腾讯日K/前复权日K,2026-08-28T18:45:09+08:00,20260926T093659
515220,煤炭ETF国泰,SSE,2024-04-16,1.325,1.34,1.301,1.317,1.2394836750189826,1.253515565679575,1.217032649962035,1.232,0.935459377372817,301329000.0,,腾讯日K/前复权日K,2026-08-28T18:45:09+08:00,20260926T093659
515220,煤炭ETF国泰,SSE,2024-04-17,1.315,1.336,1.302,1.334,1.2312106446776612,1.250872563718141,1.2190389805097452,1.249,0.9362818590704648,174895500.0,,腾讯日K/前复权日K,2026-08-28T18:45:09+08:00,20260926T093659
515220,煤炭ETF国泰,SSE,2024-04-18,1.332,1.359,1.325,1.333,1.2470637659414856,1.2723420855213805,1.240510127531883,1.248,0.9362340585146287,386863000.0,,腾讯日K/前复权日K,2026-08-28T18:45:09+08:00,20260926T093659
515220,煤炭ETF国泰,SSE,2024-04-19,1.325,1.349,1.323,1.334,1.2405734632683658,1.263044227886057,1.2387008995502249,1.249,0.9362818590704648,228807000.0,,腾讯日K/前复权日K,2026-08-28T18:45:09+08:00,20260926T093659
515220,煤炭ETF国泰,SSE,2024-04-22,1.325,1.339,1.271,1.273,1.2365278868813825,1.249593087195601,1.1861335428122546,1.188,0.9332285938727416,234708900.0,,腾讯日K/前复权日K,2026-08-28T18:45:09+08:00,20260926T093659
515220,煤炭ETF国泰,SSE,2024-04-23,1.254,1.262,1.229,1.238,1.1679014539579968,1.1753521809369953,1.144617932148627,1.153,0.9313408723747981,198982700.0,,腾讯日K/前复权日K,2026-08-28T18:45:09+08:00,20260926T093659
515220,煤炭ETF国泰,SSE,2024-04-24,1.237,1.242,1.22,1.231,1.1515857026807472,1.1562404549147034,1.1357595450852964,1.146,0.9309504467912265,163958900.0,,腾讯日K/前复权日K,2026-08-28T18:45:09+08:00,20260926T093659
515220,煤炭ETF国泰,SSE,2024-04-25,1.228,1.25,1.224,1.245,1.1441606425702808,1.1646586345381524,1.1404337349397589,1.16,0.9317269076305219,173431900.0,,腾讯日K/前复权日K,2026-08-28T18:45:09+08:00,20260926T093659
515220,煤炭ETF国泰,SSE,2024-04-26,1.237,1.251,1.225,1.233,1.1517242497972424,1.164759124087591,1.140551500405515,1.148,0.9310624493106243,200423900.0,,腾讯日K/前复权日K,2026-08-28T18:45:09+08:00,20260926T093659
515220,煤炭ETF国泰,SSE,2024-04-29,1.228,1.239,1.211,1.236,1.1435501618122978,1.1537936893203886,1.1277192556634306,1.151,0.9312297734627832,275873700.0,,腾讯日K/前复权日K,2026-08-28T18:45:09+08:00,20260926T093659
515220,煤炭ETF国泰,SSE,2024-04-30,1.231,1.252,1.228,1.244,1.146888263665595,1.1664533762057878,1.1440932475884245,1.159,0.9316720257234727,176619300.0,,腾讯日K/前复权日K,2026-08-28T18:45:09+08:00,20260926T093659
515220,煤炭ETF国泰,SSE,2024-05-06,1.245,1.257,1.227,1.256,1.1607444267515925,1.1719323248407643,1.1439625796178345,1.171,0.9323248407643312,284598800.0,,腾讯日K/前复权日K,2026-08-28T18:45:09+08:00,20260926T093659
515220,煤炭ETF国泰,SSE,2024-05-07,1.253,1.267,1.249,1.266,1.1688728278041074,1.181932859399684,1.1651413902053713,1.181,0.9328593996840443,146687200.0,,腾讯日K/前复权日K,2026-08-28T18:45:09+08:00,20260926T093659
515220,煤炭ETF国泰,SSE,2024-05-08,1.264,1.305,1.264,1.296,1.1810987654320988,1.2194097222222222,1.1810987654320988,1.211,0.9344135802469136,280310200.0,,腾讯日K/前复权日K,2026-08-28T18:45:09+08:00,20260926T093659
515220,煤炭ETF国泰,SSE,2024-05-09,1.29,1.305,1.283,1.296,1.2053935185185185,1.2194097222222222,1.19885262345679,1.211,0.9344135802469136,145595500.0,,腾讯日K/前复权日K,2026-08-28T18:45:09+08:00,20260926T093659
515220,煤炭ETF国泰,SSE,2024-05-10,1.295,1.303,1.288,1.299,1.210261739799846,1.217738260200154,1.2037197844495766,1.214,0.9345650500384912,125112100.0,,腾讯日K/前复权日K,2026-08-28T18:45:09+08:00,20260926T093659
515220,煤炭ETF国泰,SSE,2024-05-13,1.294,1.295,1.27,1.284,1.2083380062305296,1.2092718068535826,1.1859267912772586,1.199,0.9338006230529595,210786200.0,,腾讯日K/前复权日K,2026-08-28T18:45:09+08:00,20260926T093659
515220,煤炭ETF国泰,SSE,2024-05-14,1.279,1.287,1.248,1.263,1.192923198733175,1.2003847980997624,1.1640095011876486,1.178,0.9326999208234363,154678000.0,,腾讯日K/前复权日K,2026-08-28T18:45:09+08:00,20260926T093659
515220,煤炭ETF国泰,SSE,2024-05-15,1.258,1.279,1.254,1.268,1.1736703470031546,1.19326261829653,1.1699384858044166,1.183,0.9329652996845427,127896800.0,,腾讯日K/前复权日K,2026-08-28T18:45:09+08:00,20260926T093659
515220,煤炭ETF国泰,SSE,2024-05-16,1.268,1.278,1.259,1.264,1.1827310126582278,1.1920585443037974,1.174336234177215,1.179,0.932753164556962,107783500.0,,腾讯日K/前复权日K,2026-08-28T18:45:09+08:00,20260926T093659
515220,煤炭ETF国泰,SSE,2024-05-17,1.262,1.274,1.255,1.273,1.1777344854674,1.1889332285938727,1.1712018853102906,1.188,0.9332285938727416,77575500.0,,腾讯日K/前复权日K,2026-08-28T18:45:09+08:00,20260926T093659
515220,煤炭ETF国泰,SSE,2024-05-20,1.272,1.322,1.272,1.317,1.1899043280182233,1.2366772968868642,1.1899043280182233,1.232,0.935459377372817,201364400.0,,腾讯日K/前复权日K,2026-08-28T18:45:09+08:00,20260926T093659
515220,煤炭ETF国泰,SSE,2024-05-21,1.313,1.325,1.304,1.324,1.2287061933534744,1.2399358006042296,1.220283987915408,1.239,0.9358006042296073,123179900.0,,腾讯日K/前复权日K,2026-08-28T18:45:09+08:00,20260926T093659
515220,煤炭ETF国泰,SSE,2024-05-22,1.326,1.348,1.321,1.324,1.2408716012084593,1.2614592145015107,1.2361925981873112,1.239,0.9358006042296073,143303900.0,,腾讯日K/前复权日K,2026-08-28T18:45:09+08:00,20260926T093659
515220,煤炭ETF国泰,SSE,2024-05-23,1.316,1.32,1.298,1.302,1.2300860215053764,1.2338248847926268,1.2132611367127497,1.217,0.934715821812596,113843900.0,,腾讯日K/前复权日K,2026-08-28T18:45:09+08:00,20260926T093659
515220,煤炭ETF国泰,SSE,2024-05-24,1.295,1.322,1.295,1.299,1.210261739799846,1.2354949961508854,1.210261739799846,1.214,0.9345650500384912,85658200.0,,腾讯日K/前复权日K,2026-08-28T18:45:09+08:00,20260926T093659
515220,煤炭ETF国泰,SSE,2024-05-27,1.306,1.344,1.3,1.328,1.2224081325301206,1.257975903614458,1.2167921686746987,1.243,0.9359939759036144,203660100.0,,腾讯日K/前复权日K,2026-08-28T18:45:09+08:00,20260926T093659
515220,煤炭ETF国泰,SSE,2024-05-28,1.321,1.343,1.32,1.332,1.236701951951952,1.257298048048048,1.235765765765766,1.247,0.9361861861861862,107817000.0,,腾讯日K/前复权日K,2026-08-28T18:45:09+08:00,20260926T093659
515220,煤炭ETF国泰,SSE,2024-05-29,1.328,1.354,1.322,1.347,1.2441989606533037,1.268558277654046,1.2385775798069785,1.262,0.9368968077208611,138492600.0,,腾讯日K/前复权日K,2026-08-28T18:45:09+08:00,20260926T093659
515220,煤炭ETF国泰,SSE,2024-05-30,1.34,1.349,1.313,1.317,1.253515565679575,1.2619347000759302,1.2282581624905087,1.232,0.935459377372817,112496200.0,,腾讯日K/前复权日K,2026-08-28T18:45:09+08:00,20260926T093659
515220,煤炭ETF国泰,SSE,2024-05-31,1.325,1.334,1.319,1.326,1.2400641025641026,1.2484871794871795,1.2344487179487178,1.241,0.9358974358974359,90219500.0,,腾讯日K/前复权日K,2026-08-28T18:45:09+08:00,20260926T093659
515220,煤炭ETF国泰,SSE,2024-06-03,1.325,1.325,1.307,1.318,1.2395485584218513,1.2395485584218513,1.2227094081942338,1.233,0.9355083459787558,123083300.0,,腾讯日K/前复权日K,2026-08-28T18:45:09+08:00,20260926T093659
515220,煤炭ETF国泰,SSE,2024-06-04,1.313,1.313,1.285,1.297,1.2269514263685426,1.2269514263685426,1.2007864302235929,1.212,0.9344641480339244,108760900.0,,腾讯日K/前复权日K,2026-08-28T18:45:09+08:00,20260926T093659
515220,煤炭ETF国泰,SSE,2024-06-05,1.295,1.306,1.282,1.283,1.2092049883086515,1.2194762275915823,1.197066250974279,1.198,0.9337490257209665,83502100.0,,腾讯日K/前复权日K,2026-08-28T18:45:09+08:00,20260926T093659
515220,煤炭ETF国泰,SSE,2024-06-06,1.282,1.31,1.281,1.298,1.1980477657935285,1.2242141756548537,1.197113251155624,1.213,0.9345146379044684,116496300.0,,腾讯日K/前复权日K,2026-08-28T18:45:09+08:00,20260926T093659
515220,煤炭ETF国泰,SSE,2024-06-07,1.298,1.309,1.294,1.309,1.2137142857142857,1.224,1.209974025974026,1.224,0.935064935064935,89061700.0,,腾讯日K/前复权日K,2026-08-28T18:45:09+08:00,20260926T093659
515220,煤炭ETF国泰,SSE,2024-06-11,1.31,1.312,1.277,1.289,1.2236152055857255,1.2254833204034137,1.1927913110938713,1.204,0.9340574088440652,77821900.0,,腾讯日K/前复权日K,2026-08-28T18:45:09+08:00,20260926T093659
515220,煤炭ETF国泰,SSE,2024-06-12,1.287,1.338,1.283,1.335,1.205056179775281,1.252808988764045,1.201310861423221,1.25,0.9363295880149813,163158200.0,,腾讯日K/前复权日K,2026-08-28T18:45:09+08:00,20260926T093659
515220,煤炭ETF国泰,SSE,2024-06-13,1.327,1.336,1.307,1.318,1.2414195751138088,1.2498391502276178,1.2227094081942338,1.233,0.9355083459787558,92760300.0,,腾讯日K/前复权日K,2026-08-28T18:45:09+08:00,20260926T093659
515220,煤炭ETF国泰,SSE,2024-06-14,1.318,1.323,1.302,1.307,1.2322846212700842,1.2369594491201223,1.2173251721499618,1.222,0.9349655700076511,114728000.0,,腾讯日K/前复权日K,2026-08-28T18:45:09+08:00,20260926T093659
515220,煤炭ETF国泰,SSE,2024-06-17,1.299,1.308,1.271,1.277,1.2125356303837118,1.2209365700861394,1.1863993735317149,1.192,0.9334377447141738,117765300.0,,腾讯日K/前复权日K,2026-08-28T18:45:09+08:00,20260926T093659
515220,煤炭ETF国泰,SSE,2024-06-18,1.275,1.281,1.263,1.278,1.190199530516432,1.195800469483568,1.1789976525821595,1.193,0.9334898278560251,80403200.0,,腾讯日K/前复权日K,2026-08-28T18:45:09+08:00,20260926T093659
515220,煤炭ETF国泰,SSE,2024-06-19,1.274,1.292,1.271,1.274,1.189,1.2057990580847724,1.1862001569858713,1.189,0.9332810047095762,121793400.0,,腾讯日K/前复权日K,2026-08-28T18:45:09+08:00,20260926T093659
515220,煤炭ETF国泰,SSE,2024-06-20,1.273,1.29,1.269,1.283,1.1886625097427903,1.2045362431800468,1.1849275136399064,1.198,0.9337490257209665,124628900.0,,腾讯日K/前复权日K,2026-08-28T18:45:09+08:00,20260926T093659
515220,煤炭ETF国泰,SSE,2024-06-21,1.276,1.285,1.262,1.271,1.190665617623918,1.1990637293469708,1.1776018882769472,1.186,0.9331235247836349,63539000.0,,腾讯日K/前复权日K,2026-08-28T18:45:09+08:00,20260926T093659
515220,煤炭ETF国泰,SSE,2024-06-24,1.268,1.271,1.233,1.24,1.1810806451612905,1.183875,1.1484798387096775,1.155,0.9314516129032259,84450900.0,,腾讯日K/前复权日K,2026-08-28T18:45:09+08:00,20260926T093659
515220,煤炭ETF国泰,SSE,2024-06-25,1.24,1.246,1.23,1.237,1.154793856103476,1.1603815683104284,1.1454810024252222,1.152,0.9312853678253838,142750600.0,,腾讯日K/前复权日K,2026-08-28T18:45:09+08:00,20260926T093659
515220,煤炭ETF国泰,SSE,2024-06-26,1.232,1.24,1.218,1.238,1.1474119547657513,1.1548626817447496,1.134373182552504,1.153,0.9313408723747981,78797100.0,,腾讯日K/前复权日K,2026-08-28T18:45:09+08:00,20260926T093659
515220,煤炭ETF国泰,SSE,2024-06-27,1.237,1.244,1.225,1.225,1.1511673469387753,1.157681632653061,1.14,1.14,0.930612244897959,75438500.0,,腾讯日K/前复权日K,2026-08-28T18:45:09+08:00,20260926T093659
515220,煤炭ETF国泰,SSE,2024-06-28,1.221,1.244,1.22,1.236,1.1370315533980584,1.1584498381877024,1.1361003236245955,1.151,0.9312297734627832,84212200.0,,腾讯日K/前复权日K,2026-08-28T18:45:09+08:00,20260926T093659
515220,煤炭ETF国泰,SSE,2024-07-01,1.236,1.284,1.235,1.278,1.153793427230047,1.1986009389671362,1.152859937402191,1.193,0.9334898278560251,134237600.0,,腾讯日K/前复权日K,2026-08-28T18:45:09+08:00,20260926T093659
515220,煤炭ETF国泰,SSE,2024-07-02,1.276,1.286,1.256,1.271,1.190665617623918,1.1999968528717546,1.1720031471282455,1.186,0.9331235247836349,85448800.0,,腾讯日K/前复权日K,2026-08-28T18:45:09+08:00,20260926T093659
515220,煤炭ETF国泰,SSE,2024-07-03,1.268,1.275,1.248,1.252,1.1819137380191693,1.1884384984025558,1.1632715654952077,1.167,0.9321086261980831,77216000.0,,腾讯日K/前复权日K,2026-08-28T18:45:09+08:00,20260926T093659
515220,煤炭ETF国泰,SSE,2024-07-04,1.249,1.261,1.236,1.24,1.1633830645161292,1.1745604838709678,1.1512741935483872,1.155,0.9314516129032259,73080800.0,,腾讯日K/前复权日K,2026-08-28T18:45:09+08:00,20260926T093659
515220,煤炭ETF国泰,SSE,2024-07-05,1.234,1.243,1.221,1.236,1.1491375404530746,1.1575186084142397,1.1370315533980584,1.151,0.9312297734627832,88822200.0,,腾讯日K/前复权日K,2026-08-28T18:45:09+08:00,20260926T093659
515220,煤炭ETF国泰,SSE,2024-07-08,1.234,1.234,1.218,1.221,1.1480950040950038,1.1480950040950038,1.133208845208845,1.136,0.9303849303849302,65423200.0,,腾讯日K/前复权日K,2026-08-28T18:45:09+08:00,20260926T093659
515220,煤炭ETF国泰,SSE,2024-07-09,1.22,1.232,1.207,1.23,1.1356910569105692,1.1468617886178862,1.123589430894309,1.145,0.9308943089430894,76229300.0,,腾讯日K/前复权日K,2026-08-28T18:45:09+08:00,20260926T093659
515220,煤炭ETF国泰,SSE,2024-07-10,1.223,1.223,1.172,1.174,1.1344522998296422,1.1344522998296422,1.087144804088586,1.089,0.9275979557069847,221335100.0,,腾讯日K/前复权日K,2026-08-28T18:45:09+08:00,20260926T093659
515220,煤炭ETF国泰,SSE,2024-07-11,1.175,1.185,1.17,1.184,1.090646114864865,1.0999282094594596,1.0860050675675677,1.099,0.9282094594594595,120875900.0,,腾讯日K/前复权日K,2026-08-28T18:45:09+08:00,20260926T093659
515220,煤炭ETF国泰,SSE,2024-07-12,1.18,1.19,1.151,1.158,1.093385146804836,1.1026511226252158,1.066513816925734,1.073,0.9265975820379966,264762600.0,,腾讯日K/前复权日K,2026-08-28T18:45:09+08:00,20260926T093659
515220,煤炭ETF国泰,SSE,2024-07-15,1.151,1.184,1.145,1.178,1.0679482173174872,1.0985670628183362,1.0623811544991513,1.093,0.9278438030560272,142747700.0,,腾讯日K/前复权日K,2026-08-28T18:45:09+08:00,20260926T093659
515220,煤炭ETF国泰,SSE,2024-07-16,1.172,1.178,1.168,1.177,1.0873610875106203,1.092927782497876,1.0836499575191165,1.092,0.9277824978759559,65281500.0,,腾讯日K/前复权日K,2026-08-28T18:45:09+08:00,20260926T093659
515220,煤炭ETF国泰,SSE,2024-07-17,1.176,1.177,1.152,1.158,1.0896787564766839,1.090605354058722,1.067440414507772,1.073,0.9265975820379966,121100000.0,,腾讯日K/前复权日K,2026-08-28T18:45:09+08:00,20260926T093659
515220,煤炭ETF国泰,SSE,2024-07-18,1.151,1.159,1.141,1.159,1.066586712683348,1.074,1.0573201035375324,1.074,0.9266609145815359,98704700.0,,腾讯日K/前复权日K,2026-08-28T18:45:09+08:00,20260926T093659
515220,煤炭ETF国泰,SSE,2024-07-19,1.155,1.161,1.149,1.157,1.0701469317199654,1.075706136560069,1.0645877268798618,1.072,0.9265341400172861,71311000.0,,腾讯日K/前复权日K,2026-08-28T18:45:09+08:00,20260926T093659
515220,煤炭ETF国泰,SSE,2024-07-22,1.154,1.154,1.121,1.145,1.0683318777292576,1.0683318777292576,1.0377816593886464,1.06,0.925764192139738,159603600.0,,腾讯日K/前复权日K,2026-08-28T18:45:09+08:00,20260926T093659
515220,煤炭ETF国泰,SSE,2024-07-23,1.136,1.143,1.122,1.124,1.0500925266903913,1.0565631672597864,1.0371512455516014,1.039,0.9243772241992881,81111700.0,,腾讯日K/前复权日K,2026-08-28T18:45:09+08:00,20260926T093659
515220,煤炭ETF国泰,SSE,2024-07-24,1.12,1.124,1.1,1.116,1.034695340501792,1.0383906810035841,1.0162186379928315,1.031,0.9238351254480285,124475500.0,,腾讯日K/前复权日K,2026-08-28T18:45:09+08:00,20260926T093659
515220,煤炭ETF国泰,SSE,2024-07-25,1.109,1.112,1.095,1.102,1.0234600725952812,1.026228675136116,1.0105399274047184,1.017,0.9228675136116151,83663500.0,,腾讯日K/前复权日K,2026-08-28T18:45:09+08:00,20260926T093659
515220,煤炭ETF国泰,SSE,2024-07-26,1.101,1.122,1.1,1.112,1.0168408273381293,1.0362356115107914,1.0159172661870501,1.027,0.9235611510791365,93348800.0,,腾讯日K/前复权日K,2026-08-28T18:45:09+08:00,20260926T093659
515220,煤炭ETF国泰,SSE,2024-07-29,1.107,1.113,1.097,1.102,1.021614337568058,1.0271515426497275,1.0123856624319418,1.017,0.9228675136116151,96933500.0,,腾讯日K/前复权日K,2026-08-28T18:45:09+08:00,20260926T093659
515220,煤炭ETF国泰,SSE,2024-07-30,1.102,1.103,1.081,1.086,1.0157476979742173,1.0166694290976057,0.9963913443830569,1.001,0.9217311233885818,196705400.0,,腾讯日K/前复权日K,2026-08-28T18:45:09+08:00,20260926T093659
515220,煤炭ETF国泰,SSE,2024-07-31,1.084,1.123,1.082,1.122,1.0018787878787878,1.0379242424242423,1.0000303030303028,1.037,0.9242424242424241,166053800.0,,腾讯日K/前复权日K,2026-08-28T18:45:09+08:00,20260926T093659
515220,煤炭ETF国泰,SSE,2024-08-01,1.126,1.137,1.11,1.112,1.0399298561151076,1.0500890287769782,1.0251528776978416,1.027,0.9235611510791365,114932400.0,,腾讯日K/前复权日K,2026-08-28T18:45:09+08:00,20260926T093659
515220,煤炭ETF国泰,SSE,2024-08-02,1.106,1.112,1.096,1.104,1.0208460144927536,1.0263840579710144,1.0116159420289854,1.019,0.9230072463768114,68169300.0,,腾讯日K/前复权日K,2026-08-28T18:45:09+08:00,20260926T093659
515220,煤炭ETF国泰,SSE,2024-08-05,1.098,1.108,1.087,1.094,1.012689213893967,1.0219122486288847,1.0025438756855574,1.009,0.9223034734917731,80661300.0,,腾讯日K/前复权日K,2026-08-28T18:45:09+08:00,20260926T093659
515220,煤炭ETF国泰,SSE,2024-08-06,1.094,1.108,1.091,1.1,1.0094636363636362,1.022381818181818,1.0066954545454545,1.015,0.9227272727272726,88149600.0,,腾讯日K/前复权日K,2026-08-28T18:45:09+08:00,20260926T093659
515220,煤炭ETF国泰,SSE,2024-08-07,1.1,1.122,1.092,1.115,1.0161434977578476,1.0364663677130046,1.0087533632286996,1.03,0.9237668161434978,108502800.0,,腾讯日K/前复权日K,2026-08-28T18:45:09+08:00,20260926T093659
515220,煤炭ETF国泰,SSE,2024-08-08,1.116,1.123,1.108,1.113,1.0307708894878707,1.037236298292902,1.023381850853549,1.028,0.9236298292902066,99306200.0,,腾讯日K/前复权日K,2026-08-28T18:45:09+08:00,20260926T093659
515220,煤炭ETF国泰,SSE,2024-08-09,1.115,1.127,1.11,1.115,1.03,1.041085201793722,1.0253811659192826,1.03,0.9237668161434978,120181100.0,,腾讯日K/前复权日K,2026-08-28T18:45:09+08:00,20260926T093659
515220,煤炭ETF国泰,SSE,2024-08-12,1.109,1.128,1.103,1.123,1.0250596616206589,1.042621549421193,1.019513802315227,1.038,0.9243098842386465,95437700.0,,腾讯日K/前复权日K,2026-08-28T18:45:09+08:00,20260926T093659
515220,煤炭ETF国泰,SSE,2024-08-13,1.121,1.126,1.108,1.117,1.035695613249776,1.0403151298119964,1.0236848701880037,1.032,0.9239033124440466,66813800.0,,腾讯日K/前复权日K,2026-08-28T18:45:09+08:00,20260926T093659
515220,煤炭ETF国泰,SSE,2024-08-14,1.115,1.115,1.1,1.101,1.0289191643960036,1.0289191643960036,1.0150772025431427,1.016,0.9227974568574024,62303400.0,,腾讯日K/前复权日K,2026-08-28T18:45:09+08:00,20260926T093659
515220,煤炭ETF国泰,SSE,2024-08-15,1.1,1.134,1.098,1.126,1.0169626998223802,1.0483960923623445,1.015113676731794,1.041,0.9245115452930729,130825800.0,,腾讯日K/前复权日K,2026-08-28T18:45:09+08:00,20260926T093659
515220,煤炭ETF国泰,SSE,2024-08-16,1.122,1.132,1.121,1.127,1.0373771073646851,1.046622892635315,1.036452528837622,1.042,0.9245785270629991,73744300.0,,腾讯日K/前复权日K,2026-08-28T18:45:09+08:00,20260926T093659
515220,煤炭ETF国泰,SSE,2024-08-19,1.126,1.142,1.12,1.123,1.0407729296527157,1.0555618878005342,1.0352270703472841,1.038,0.9243098842386465,91459800.0,,腾讯日K/前复权日K,2026-08-28T18:45:09+08:00,20260926T093659
515220,煤炭ETF国泰,SSE,2024-08-20,1.123,1.124,1.08,1.086,1.0351040515653773,1.036025782688766,0.9954696132596683,1.001,0.9217311233885818,149346100.0,,腾讯日K/前复权日K,2026-08-28T18:45:09+08:00,20260926T093659
515220,煤炭ETF国泰,SSE,2024-08-21,1.081,1.092,1.063,1.081,0.996,1.0061350601295098,0.9794153561517114,0.996,0.9213691026827012,112536000.0,,腾讯日K/前复权日K,2026-08-28T18:45:09+08:00,20260926T093659
515220,煤炭ETF国泰,SSE,2024-08-22,1.078,1.082,1.07,1.073,0.9926039142590868,0.9962870456663562,0.9852376514445481,0.988,0.9207828518173347,74324500.0,,腾讯日K/前复权日K,2026-08-28T18:45:09+08:00,20260926T093659
515220,煤炭ETF国泰,SSE,2024-08-23,1.072,1.093,1.069,1.079,0.9875514365152921,1.0068971269694162,0.9847877664504171,0.994,0.9212233549582948,87655500.0,,腾讯日K/前复权日K,2026-08-28T18:45:09+08:00,20260926T093659
515220,煤炭ETF国泰,SSE,2024-08-26,1.078,1.082,1.065,1.08,0.9931574074074074,0.9968425925925927,0.9811805555555555,0.995,0.9212962962962963,66593100.0,,腾讯日K/前复权日K,2026-08-28T18:45:09+08:00,20260926T093659
515220,煤炭ETF国泰,SSE,2024-08-27,1.079,1.097,1.073,1.097,0.9953947128532361,1.012,0.9898596171376481,1.012,0.9225159525979946,112984700.0,,腾讯日K/前复权日K,2026-08-28T18:45:09+08:00,20260926T093659
515220,煤炭ETF国泰,SSE,2024-08-28,1.095,1.108,1.091,1.096,1.0100775547445253,1.0220693430656933,1.0063877737226277,1.011,0.9224452554744524,99939300.0,,腾讯日K/前复权日K,2026-08-28T18:45:09+08:00,20260926T093659
515220,煤炭ETF国泰,SSE,2024-08-29,1.095,1.102,1.083,1.096,1.0100775547445253,1.0165346715328467,0.9990082116788319,1.011,0.9224452554744524,71060800.0,,腾讯日K/前复权日K,2026-08-28T18:45:09+08:00,20260926T093659
515220,煤炭ETF国泰,SSE,2024-08-30,1.092,1.12,1.087,1.107,1.0081517615176152,1.0340018066847336,1.0035356820234869,1.022,0.9232158988256549,111511200.0,,腾讯日K/前复权日K,2026-08-28T18:45:09+08:00,20260926T093659
515220,煤炭ETF国泰,SSE,2024-09-02,1.1,1.131,1.096,1.119,1.016443252904379,1.045088471849866,1.0127470956210904,1.034,0.9240393208221627,163254600.0,,腾讯日K/前复权日K,2026-08-28T18:45:09+08:00,20260926T093659
515220,煤炭ETF国泰,SSE,2024-09-03,1.113,1.129,1.099,1.107,1.0275392953929539,1.0423107497741644,1.0146142728093948,1.022,0.9232158988256549,124617400.0,,腾讯日K/前复权日K,2026-08-28T18:45:09+08:00,20260926T093659
515220,煤炭ETF国泰,SSE,2024-09-04,1.102,1.102,1.083,1.091,1.0161429880843265,1.0161429880843265,0.9986232813932172,1.006,0.922089825847846,86199100.0,,腾讯日K/前复权日K,2026-08-28T18:45:09+08:00,20260926T093659
515220,煤炭ETF国泰,SSE,2024-09-05,1.087,1.103,1.073,1.078,1.0012903525046382,1.0160287569573283,0.9883942486085342,0.993,0.9211502782931353,113645300.0,,腾讯日K/前复权日K,2026-08-28T18:45:09+08:00,20260926T093659
515220,煤炭ETF国泰,SSE,2024-09-06,1.074,1.076,1.056,1.057,0.9876329233680229,0.9894720908230843,0.9710804162724693,0.972,0.9195837275307475,103535500.0,,腾讯日K/前复权日K,2026-08-28T18:45:09+08:00,20260926T093659
515220,煤炭ETF国泰,SSE,2024-09-09,1.054,1.054,1.023,1.031,0.9671037827352086,0.9671037827352086,0.9386595538312317,0.946,0.9175557710960233,106600900.0,,腾讯日K/前复权日K,2026-08-28T18:45:09+08:00,20260926T093659
515220,煤炭ETF国泰,SSE,2024-09-10,1.028,1.043,1.022,1.031,0.9432473326867119,0.9570106692531521,0.9377419980601358,0.946,0.9175557710960233,98271800.0,,腾讯日K/前复权日K,2026-08-28T18:45:09+08:00,20260926T093659
515220,煤炭ETF国泰,SSE,2024-09-11,1.013,1.025,1.004,1.016,0.9282509842519685,0.9392470472440945,0.9200039370078741,0.931,0.9163385826771654,116725800.0,,腾讯日K/前复权日K,2026-08-28T18:45:09+08:00,20260926T093659
515220,煤炭ETF国泰,SSE,2024-09-12,1.018,1.033,1.017,1.026,0.9336627680311891,0.9474200779727094,0.9327456140350876,0.941,0.9171539961013645,120320000.0,,腾讯日K/前复权日K,2026-08-28T18:45:09+08:00,20260926T093659
515220,煤炭ETF国泰,SSE,2024-09-13,1.027,1.034,1.016,1.017,0.9411642084562439,0.9475791543756148,0.9310835791543758,0.932,0.9164208456243856,109814400.0,,腾讯日K/前复权日K,2026-08-28T18:45:09+08:00,20260926T093659
515220,煤炭ETF国泰,SSE,2024-09-18,1.012,1.044,1.012,1.042,0.929447216890595,0.9588368522072936,0.929447216890595,0.957,0.918426103646833,108606900.0,,腾讯日K/前复权日K,2026-08-28T18:45:09+08:00,20260926T093659
515220,煤炭ETF国泰,SSE,2024-09-19,1.044,1.056,1.027,1.051,0.9595661274976214,0.9705956232159848,0.943941008563273,0.966,0.9191246431969553,106730200.0,,腾讯日K/前复权日K,2026-08-28T18:45:09+08:00,20260926T093659
515220,煤炭ETF国泰,SSE,2024-09-20,1.049,1.062,1.043,1.056,0.9645634469696969,0.9765170454545454,0.9590464015151514,0.971,0.9195075757575757,95756500.0,,腾讯日K/前复权日K,2026-08-28T18:45:09+08:00,20260926T093659
515220,煤炭ETF国泰,SSE,2024-09-23,1.05,1.082,1.048,1.076,0.9670539033457248,0.9965260223048327,0.9652118959107806,0.991,0.9210037174721188,90519400.0,,腾讯日K/前复权日K,2026-08-28T18:45:09+08:00,20260926T093659
515220,煤炭ETF国泰,SSE,2024-09-24,1.078,1.135,1.078,1.134,0.9971975308641976,1.0499250440917107,0.9971975308641976,1.049,0.9250440917107584,166585300.0,,腾讯日K/前复权日K,2026-08-28T18:45:09+08:00,20260926T093659
515220,煤炭ETF国泰,SSE,2024-09-25,1.155,1.171,1.137,1.14,1.0688815789473685,1.0836885964912282,1.0522236842105264,1.055,0.9254385964912281,202791900.0,,腾讯日K/前复权日K,2026-08-28T18:45:09+08:00,20260926T093659
515220,煤炭ETF国泰,SSE,2024-09-26,1.136,1.191,1.134,1.189,1.0547888982338098,1.105857022708158,1.0529318755256518,1.104,0.928511354079058,135765200.0,,腾讯日K/前复权日K,2026-08-28T18:45:09+08:00,20260926T093659
515220,煤炭ETF国泰,SSE,2024-09-27,1.21,1.24,1.191,1.239,1.1269895076674736,1.1549313962873282,1.1092929782082324,1.154,0.9313962873284906,109961800.0,,腾讯日K/前复权日K,2026-08-28T18:45:09+08:00,20260926T093659
515220,煤炭ETF国泰,SSE,2024-09-30,1.288,1.317,1.23,1.314,1.2046818873668188,1.2318059360730593,1.1504337899543378,1.229,0.9353120243531202,426913500.0,,腾讯日K/前复权日K,2026-08-28T18:45:09+08:00,20260926T093659
515220,煤炭ETF国泰,SSE,2024-10-08,1.44,1.44,1.238,1.293,1.345336426914153,1.345336426914153,1.1566156225831399,1.208,0.934261407579273,568404500.0,,腾讯日K/前复权日K,2026-08-28T18:45:09+08:00,20260926T093659
515220,煤炭ETF国泰,SSE,2024-10-09,1.25,1.256,1.171,1.181,1.1600338696020323,1.165602032176122,1.0867197290431838,1.096,0.9280270956816258,273539500.0,,腾讯日K/前复权日K,2026-08-28T18:45:09+08:00,20260926T093659
515220,煤炭ETF国泰,SSE,2024-10-10,1.181,1.284,1.181,1.255,1.1010119521912352,1.1970358565737054,1.1010119521912352,1.17,0.9322709163346614,453124200.0,,腾讯日K/前复权日K,2026-08-28T18:45:09+08:00,20260926T093659
515220,煤炭ETF国泰,SSE,2024-10-11,1.256,1.256,1.199,1.213,1.1679868095630666,1.1679868095630666,1.1149810387469083,1.128,0.9299258037922504,245489200.0,,腾讯日K/前复权日K,2026-08-28T18:45:09+08:00,20260926T093659
515220,煤炭ETF国泰,SSE,2024-10-14,1.214,1.246,1.203,1.237,1.130580436540016,1.1603815683104284,1.1203362974939368,1.152,0.9312853678253838,193143800.0,,腾讯日K/前复权日K,2026-08-28T18:45:09+08:00,20260926T093659
515220,煤炭ETF国泰,SSE,2024-10-15,1.225,1.233,1.2,1.201,1.1383014154870943,1.1457352206494589,1.1150707743547044,1.116,0.929225645295587,152210100.0,,腾讯日K/前复权日K,2026-08-28T18:45:09+08:00,20260926T093659
515220,煤炭ETF国泰,SSE,2024-10-16,1.195,1.21,1.184,1.195,1.11,1.1239330543933055,1.0997824267782426,1.11,0.9288702928870293,112872600.0,,腾讯日K/前复权日K,2026-08-28T18:45:09+08:00,20260926T093659
515220,煤炭ETF国泰,SSE,2024-10-17,1.2,1.217,1.18,1.181,1.113632514817951,1.1294089754445387,1.0950719729043183,1.096,0.9280270956816258,110522500.0,,腾讯日K/前复权日K,2026-08-28T18:45:09+08:00,20260926T093659
515220,煤炭ETF国泰,SSE,2024-10-18,1.178,1.215,1.171,1.2,1.0945583333333333,1.1289375000000001,1.0880541666666668,1.115,0.9291666666666667,266729300.0,,腾讯日K/前复权日K,2026-08-28T18:45:09+08:00,20260926T093659
515220,煤炭ETF国泰,SSE,2024-10-21,1.2,1.211,1.188,1.199,1.1149291075896581,1.1251492910758967,1.1037798165137616,1.114,0.9291075896580484,215760000.0,,腾讯日K/前复权日K,2026-08-28T18:45:09+08:00,20260926T093659
515220,煤炭ETF国泰,SSE,2024-10-22,1.202,1.206,1.189,1.205,1.1172116182572613,1.1209294605809128,1.1051286307053942,1.12,0.9294605809128631,214486800.0,,腾讯日K/前复权日K,2026-08-28T18:45:09+08:00,20260926T093659
515220,煤炭ETF国泰,SSE,2024-10-23,1.205,1.214,1.196,1.211,1.1204211395540875,1.1287894302229562,1.1120528488852186,1.126,0.9298100743187447,289774500.0,,腾讯日K/前复权日K,2026-08-28T18:45:09+08:00,20260926T093659
515220,煤炭ETF国泰,SSE,2024-10-24,1.209,1.209,1.196,1.201,1.123433805162365,1.123433805162365,1.111353871773522,1.116,0.929225645295587,187964200.0,,腾讯日K/前复权日K,2026-08-28T18:45:09+08:00,20260926T093659
515220,煤炭ETF国泰,SSE,2024-10-25,1.203,1.21,1.199,1.206,1.1182114427860699,1.1247180762852405,1.1144933665008292,1.121,0.9295190713101161,232724100.0,,腾讯日K/前复权日K,2026-08-28T18:45:09+08:00,20260926T093659
515220,煤炭ETF国泰,SSE,2024-10-28,1.206,1.234,1.205,1.233,1.122861313868613,1.1489310624493103,1.1219302514193024,1.148,0.9310624493106243,337622600.0,,腾讯日K/前复权日K,2026-08-28T18:45:09+08:00,20260926T093659
515220,煤炭ETF国泰,SSE,2024-10-29,1.231,1.231,1.193,1.194,1.1433659966499163,1.1433659966499163,1.1080711892797321,1.109,0.9288107202680067,331973500.0,,腾讯日K/前复权日K,2026-08-28T18:45:09+08:00,20260926T093659
515220,煤炭ETF国泰,SSE,2024-10-30,1.189,1.199,1.177,1.184,1.1036410472972975,1.1129231418918921,1.092502533783784,1.099,0.9282094594594595,198520900.0,,腾讯日K/前复权日K,2026-08-28T18:45:09+08:00,20260926T093659
515220,煤炭ETF国泰,SSE,2024-10-31,1.18,1.192,1.172,1.182,1.0951438240270728,1.1062808798646362,1.0877191201353638,1.097,0.928087986463621,188209600.0,,腾讯日K/前复权日K,2026-08-28T18:45:09+08:00,20260926T093659
515220,煤炭ETF国泰,SSE,2024-11-01,1.182,1.205,1.181,1.196,1.097994983277592,1.1193603678929767,1.0970660535117058,1.111,0.9289297658862876,261998800.0,,腾讯日K/前复权日K,2026-08-28T18:45:09+08:00,20260926T093659
515220,煤炭ETF国泰,SSE,2024-11-04,1.196,1.2,1.182,1.199,1.1112126772310258,1.1149291075896581,1.0982051709758132,1.114,0.9291075896580484,165613700.0,,腾讯日K/前复权日K,2026-08-28T18:45:09+08:00,20260926T093659
515220,煤炭ETF国泰,SSE,2024-11-05,1.199,1.222,1.19,1.221,1.1155315315315313,1.1369303849303847,1.107158067158067,1.136,0.9303849303849302,300575900.0,,腾讯日K/前复权日K,2026-08-28T18:45:09+08:00,20260926T093659
515220,煤炭ETF国泰,SSE,2024-11-06,1.221,1.23,1.211,1.218,1.1357906403940887,1.1441625615763547,1.1264885057471266,1.133,0.9302134646962233,231868400.0,,腾讯日K/前复权日K,2026-08-28T18:45:09+08:00,20260926T093659
515220,煤炭ETF国泰,SSE,2024-11-07,1.211,1.252,1.208,1.251,1.1287178257394086,1.1669320543565147,1.125921662669864,1.166,0.9320543565147882,345598700.0,,腾讯日K/前复权日K,2026-08-28T18:45:09+08:00,20260926T093659
515220,煤炭ETF国泰,SSE,2024-11-08,1.273,1.274,1.23,1.242,1.185878421900161,1.1868099838969404,1.1458212560386474,1.157,0.9315619967793881,441508500.0,,腾讯日K/前复权日K,2026-08-28T18:45:09+08:00,20260926T093659
515220,煤炭ETF国泰,SSE,2024-11-11,1.236,1.237,1.211,1.228,1.1504462540716613,1.151377035830619,1.1271767100977201,1.143,0.9307817589576548,218220400.0,,腾讯日K/前复权日K,2026-08-28T18:45:09+08:00,20260926T093659
515220,煤炭ETF国泰,SSE,2024-11-12,1.224,1.231,1.203,1.208,1.1378741721854304,1.1443816225165564,1.1183518211920531,1.123,0.929635761589404,219618400.0,,腾讯日K/前复权日K,2026-08-28T18:45:09+08:00,20260926T093659
515220,煤炭ETF国泰,SSE,2024-11-13,1.201,1.216,1.2,1.214,1.1169102141680396,1.1308599670510708,1.115980230642504,1.129,0.9299835255354201,152562300.0,,腾讯日K/前复权日K,2026-08-28T18:45:09+08:00,20260926T093659
515220,煤炭ETF国泰,SSE,2024-11-14,1.208,1.216,1.191,1.193,1.1219312657166807,1.1293612740989103,1.1061424979044427,1.108,0.9287510477787092,152925700.0,,腾讯日K/前复权日K,2026-08-28T18:45:09+08:00,20260926T093659
515220,煤炭ETF国泰,SSE,2024-11-15,1.192,1.205,1.184,1.191,1.1069286314021831,1.1190008396305626,1.0994995801847187,1.106,0.9286314021830395,332400800.0,,腾讯日K/前复权日K,2026-08-28T18:45:09+08:00,20260926T093659
515220,煤炭ETF国泰,SSE,2024-11-18,1.195,1.236,1.195,1.223,1.1119460343417824,1.1500964840556007,1.1119460343417824,1.138,0.9304987735077677,353634300.0,,腾讯日K/前复权日K,2026-08-28T18:45:09+08:00,20260926T093659
515220,煤炭ETF国泰,SSE,2024-11-19,1.223,1.223,1.195,1.216,1.1375106907894739,1.1375106907894739,1.111467927631579,1.131,0.9300986842105263,267167600.0,,腾讯日K/前复权日K,2026-08-28T18:45:09+08:00,20260926T093659
515220,煤炭ETF国泰,SSE,2024-11-20,1.212,1.222,1.203,1.222,1.12769558101473,1.137,1.119321603927987,1.137,0.930441898527005,185473800.0,,腾讯日K/前复权日K,2026-08-28T18:45:09+08:00,20260926T093659
515220,煤炭ETF国泰,SSE,2024-11-21,1.217,1.227,1.214,1.221,1.1322784602784601,1.1415823095823094,1.1294873054873051,1.136,0.9303849303849302,175523500.0,,腾讯日K/前复权日K,2026-08-28T18:45:09+08:00,20260926T093659
515220,煤炭ETF国泰,SSE,2024-11-22,1.222,1.226,1.178,1.18,1.1339745762711866,1.137686440677966,1.0931440677966102,1.095,0.9279661016949153,190976900.0,,腾讯日K/前复权日K,2026-08-28T18:45:09+08:00,20260926T093659
515220,煤炭ETF国泰,SSE,2024-11-25,1.18,1.186,1.164,1.173,1.0944927536231883,1.1000579710144927,1.0796521739130434,1.088,0.927536231884058,142297300.0,,腾讯日K/前复权日K,2026-08-28T18:45:09+08:00,20260926T093659
515220,煤炭ETF国泰,SSE,2024-11-26,1.174,1.178,1.165,1.169,1.0886364414029084,1.0923455945252352,1.0802908468776733,1.084,0.9272882805816938,110418600.0,,腾讯日K/前复权日K,2026-08-28T18:45:09+08:00,20260926T093659
515220,煤炭ETF国泰,SSE,2024-11-27,1.166,1.18,1.148,1.179,1.0819372349448686,1.0949279050042409,1.0652349448685328,1.094,0.9279050042408822,149240200.0,,腾讯日K/前复权日K,2026-08-28T18:45:09+08:00,20260926T093659
515220,煤炭ETF国泰,SSE,2024-11-28,1.175,1.178,1.166,1.169,1.0895637296834901,1.0923455945252352,1.0812181351582548,1.084,0.9272882805816938,111184800.0,,腾讯日K/前复权日K,2026-08-28T18:45:09+08:00,20260926T093659
515220,煤炭ETF国泰,SSE,2024-11-29,1.167,1.18,1.161,1.175,1.0825787234042554,1.0946382978723403,1.0770127659574469,1.09,0.9276595744680851,120540300.0,,腾讯日K/前复权日K,2026-08-28T18:45:09+08:00,20260926T093659
515220,煤炭ETF国泰,SSE,2024-12-02,1.174,1.191,1.167,1.189,1.0900723296888142,1.105857022708158,1.0835727502102608,1.104,0.928511354079058,129096900.0,,腾讯日K/前复权日K,2026-08-28T18:45:09+08:00,20260926T093659
515220,煤炭ETF国泰,SSE,2024-12-03,1.189,1.199,1.181,1.198,1.1046385642737897,1.1139290484140234,1.0972061769616028,1.113,0.9290484140233723,139642800.0,,腾讯日K/前复权日K,2026-08-28T18:45:09+08:00,20260926T093659
515220,煤炭ETF国泰,SSE,2024-12-04,1.191,1.224,1.191,1.219,1.1079524200164068,1.1386513535684986,1.1079524200164068,1.134,0.9302707136997538,219458000.0,,腾讯日K/前复权日K,2026-08-28T18:45:09+08:00,20260926T093659
515220,煤炭ETF国泰,SSE,2024-12-05,1.216,1.223,1.211,1.219,1.1312091878589006,1.137721082854799,1.126557834290402,1.134,0.9302707136997538,113113600.0,,腾讯日K/前复权日K,2026-08-28T18:45:09+08:00,20260926T093659
515220,煤炭ETF国泰,SSE,2024-12-06,1.218,1.245,1.218,1.24,1.1345080645161292,1.1596572580645164,1.1345080645161292,1.155,0.9314516129032259,194271900.0,,腾讯日K/前复权日K,2026-08-28T18:45:09+08:00,20260926T093659
515220,煤炭ETF国泰,SSE,2024-12-09,1.247,1.257,1.235,1.243,1.1617264682220434,1.1710426387771518,1.150547063555913,1.158,0.9316170555108607,163582500.0,,腾讯日K/前复权日K,2026-08-28T18:45:09+08:00,20260926T093659
515220,煤炭ETF国泰,SSE,2024-12-10,1.26,1.265,1.237,1.241,1.173698630136986,1.1783561643835614,1.1522739726027396,1.156,0.9315068493150683,218302700.0,,腾讯日K/前复权日K,2026-08-28T18:45:09+08:00,20260926T093659
515220,煤炭ETF国泰,SSE,2024-12-11,1.236,1.262,1.234,1.261,1.1526851704996035,1.1769325931800159,1.1508199841395719,1.176,0.9325931800158604,140154800.0,,腾讯日K/前复权日K,2026-08-28T18:45:09+08:00,20260926T093659
515220,煤炭ETF国泰,SSE,2024-12-12,1.261,1.262,1.247,1.254,1.1755255183413078,1.176457735247209,1.1624744816586923,1.169,0.9322169059011165,108390400.0,,腾讯日K/前复权日K,2026-08-28T18:45:09+08:00,20260926T093659
515220,煤炭ETF国泰,SSE,2024-12-13,1.244,1.247,1.216,1.221,1.157398853398853,1.160190008190008,1.1313480753480751,1.136,0.9303849303849302,135613500.0,,腾讯日K/前复权日K,2026-08-28T18:45:09+08:00,20260926T093659
515220,煤炭ETF国泰,SSE,2024-12-16,1.215,1.235,1.215,1.228,1.1308998371335506,1.1495154723127037,1.1308998371335506,1.143,0.9307817589576548,94488900.0,,腾讯日K/前复权日K,2026-08-28T18:45:09+08:00,20260926T093659
515220,煤炭ETF国泰,SSE,2024-12-17,1.226,1.238,1.215,1.218,1.1404417077175697,1.1516042692939246,1.1302093596059115,1.133,0.9302134646962233,77107200.0,,腾讯日K/前复权日K,2026-08-28T18:45:09+08:00,20260926T093659
515220,煤炭ETF国泰,SSE,2024-12-18,1.22,1.246,1.219,1.236,1.1361003236245955,1.1603122977346279,1.1351690938511327,1.151,0.9312297734627832,120252400.0,,腾讯日K/前复权日K,2026-08-28T18:45:09+08:00,20260926T093659
515220,煤炭ETF国泰,SSE,2024-12-19,1.227,1.229,1.202,1.209,1.1407344913151365,1.1425938792390407,1.1174921422663358,1.124,0.9296939619520265,108919800.0,,腾讯日K/前复权日K,2026-08-28T18:45:09+08:00,20260926T093659
515220,煤炭ETF国泰,SSE,2024-12-20,1.209,1.209,1.18,1.18,1.1219110169491526,1.1219110169491526,1.095,1.095,0.9279661016949153,162134500.0,,腾讯日K/前复权日K,2026-08-28T18:45:09+08:00,20260926T093659
515220,煤炭ETF国泰,SSE,2024-12-23,1.176,1.182,1.166,1.166,1.090271012006861,1.0958336192109777,1.081,1.081,0.9271012006861064,141941300.0,,腾讯日K/前复权日K,2026-08-28T18:45:09+08:00,20260926T093659
515220,煤炭ETF国泰,SSE,2024-12-24,1.122,1.129,1.117,1.128,1.0822127659574472,1.0889645390070923,1.077390070921986,1.088,0.9645390070921988,212249900.0,,腾讯日K/前复权日K,2026-08-28T18:45:09+08:00,20260926T093659
515220,煤炭ETF国泰,SSE,2024-12-25,1.128,1.137,1.119,1.135,1.0882466960352422,1.0969295154185021,1.0795638766519824,1.095,0.9647577092511013,156755100.0,,腾讯日K/前复权日K,2026-08-28T18:45:09+08:00,20260926T093659
515220,煤炭ETF国泰,SSE,2024-12-26,1.133,1.134,1.122,1.126,1.0927513321492008,1.0937158081705152,1.0821420959147428,1.086,0.9644760213143874,110166000.0,,腾讯日K/前复权日K,2026-08-28T18:45:09+08:00,20260926T093659
515220,煤炭ETF国泰,SSE,2024-12-27,1.127,1.127,1.117,1.126,1.0869644760213146,1.0869644760213146,1.0773197158081707,1.086,0.9644760213143874,101316900.0,,腾讯日K/前复权日K,2026-08-28T18:45:09+08:00,20260926T093659
515220,煤炭ETF国泰,SSE,2024-12-30,1.128,1.139,1.125,1.137,1.0883166226912928,1.0989296394019348,1.0854221635883905,1.097,0.9648197009674582,126466400.0,,腾讯日K/前复权日K,2026-08-28T18:45:09+08:00,20260926T093659
515220,煤炭ETF国泰,SSE,2024-12-31,1.135,1.147,1.128,1.133,1.094929390997352,1.106505736981465,1.0881765225066196,1.093,0.9646954986760812,150608000.0,,腾讯日K/前复权日K,2026-08-28T18:45:09+08:00,20260926T093659
515220,煤炭ETF国泰,SSE,2025-01-02,1.131,1.135,1.094,1.1,1.0898727272727273,1.0937272727272727,1.054218181818182,1.06,0.9636363636363636,155957700.0,,腾讯日K/前复权日K,2026-08-28T18:45:09+08:00,20260926T093659
515220,煤炭ETF国泰,SSE,2025-01-03,1.097,1.118,1.096,1.1,1.0571090909090908,1.0773454545454546,1.0561454545454547,1.06,0.9636363636363636,178930000.0,,腾讯日K/前复权日K,2026-08-28T18:45:09+08:00,20260926T093659
515220,煤炭ETF国泰,SSE,2025-01-06,1.098,1.109,1.084,1.099,1.0580363967242947,1.0686360327570517,1.0445459508644221,1.059,0.9636032757051864,136854500.0,,腾讯日K/前复权日K,2026-08-28T18:45:09+08:00,20260926T093659
515220,煤炭ETF国泰,SSE,2025-01-07,1.099,1.101,1.077,1.09,1.0586697247706423,1.0605963302752293,1.0374770642201834,1.05,0.963302752293578,109867700.0,,腾讯日K/前复权日K,2026-08-28T18:45:09+08:00,20260926T093659
515220,煤炭ETF国泰,SSE,2025-01-08,1.087,1.088,1.064,1.077,1.0466285979572887,1.0475914577530177,1.0244828226555247,1.037,0.9628597957288765,119565300.0,,腾讯日K/前复权日K,2026-08-28T18:45:09+08:00,20260926T093659
515220,煤炭ETF国泰,SSE,2025-01-09,1.076,1.076,1.06,1.066,1.035624765478424,1.035624765478424,1.0202251407129457,1.026,0.9624765478424014,98596200.0,,腾讯日K/前复权日K,2026-08-28T18:45:09+08:00,20260926T093659
515220,煤炭ETF国泰,SSE,2025-01-10,1.064,1.07,1.046,1.046,1.0233116634799235,1.0290822179732315,1.006,1.006,0.9617590822179732,90264300.0,,腾讯日K/前复权日K,2026-08-28T18:45:09+08:00,20260926T093659
515220,煤炭ETF国泰,SSE,2025-01-13,1.042,1.051,1.04,1.043,1.0020383509108342,1.010693192713327,1.0001150527325025,1.003,0.9616490891658677,79401600.0,,腾讯日K/前复权日K,2026-08-28T18:45:09+08:00,20260926T093659
515220,煤炭ETF国泰,SSE,2025-01-14,1.045,1.065,1.04,1.065,1.0057511737089202,1.025,1.0009389671361504,1.025,0.9624413145539906,106679600.0,,腾讯日K/前复权日K,2026-08-28T18:45:09+08:00,20260926T093659
515220,煤炭ETF国泰,SSE,2025-01-15,1.061,1.066,1.055,1.058,1.0208865784499055,1.0256975425330812,1.0151134215500943,1.018,0.9621928166351607,74607300.0,,腾讯日K/前复权日K,2026-08-28T18:45:09+08:00,20260926T093659
515220,煤炭ETF国泰,SSE,2025-01-16,1.063,1.084,1.062,1.075,1.023446511627907,1.0436651162790698,1.0224837209302327,1.035,0.9627906976744186,139466600.0,,腾讯日K/前复权日K,2026-08-28T18:45:09+08:00,20260926T093659
515220,煤炭ETF国泰,SSE,2025-01-17,1.071,1.076,1.067,1.071,1.031,1.035813258636788,1.0271493930905695,1.031,0.9626517273576096,82764500.0,,腾讯日K/前复权日K,2026-08-28T18:45:09+08:00,20260926T093659
515220,煤炭ETF国泰,SSE,2025-01-20,1.072,1.072,1.055,1.058,1.0314706994328924,1.0314706994328924,1.0151134215500943,1.018,0.9621928166351607,105127300.0,,腾讯日K/前复权日K,2026-08-28T18:45:09+08:00,20260926T093659
515220,煤炭ETF国泰,SSE,2025-01-21,1.06,1.061,1.039,1.043,1.0193480345158197,1.0203096836049856,0.9991534036433364,1.003,0.9616490891658677,109566900.0,,腾讯日K/前复权日K,2026-08-28T18:45:09+08:00,20260926T093659
515220,煤炭ETF国泰,SSE,2025-01-22,1.041,1.042,1.03,1.032,1.0006511627906975,1.0016124031007752,0.9900775193798449,0.992,0.9612403100775193,124463900.0,,腾讯日K/前复权日K,2026-08-28T18:45:09+08:00,20260926T093659
515220,煤炭ETF国泰,SSE,2025-01-23,1.038,1.051,1.037,1.04,0.998076923076923,1.0105769230769228,0.9971153846153844,1.0,0.9615384615384615,129604100.0,,腾讯日K/前复权日K,2026-08-28T18:45:09+08:00,20260926T093659
515220,煤炭ETF国泰,SSE,2025-01-24,1.041,1.051,1.032,1.047,1.0012292263610314,1.0108471824259788,0.9925730659025788,1.007,0.9617956064947468,143151100.0,,腾讯日K/前复权日K,2026-08-28T18:45:09+08:00,20260926T093659
515220,煤炭ETF国泰,SSE,2025-01-27,1.046,1.06,1.046,1.055,1.006341232227488,1.0198104265402843,1.006341232227488,1.015,0.962085308056872,98485600.0,,腾讯日K/前复权日K,2026-08-28T18:45:09+08:00,20260926T093659
515220,煤炭ETF国泰,SSE,2025-02-05,1.061,1.061,1.033,1.038,1.0201136801541426,1.0201136801541426,0.9931926782273602,0.998,0.9614643545279383,94381800.0,,腾讯日K/前复权日K,2026-08-28T18:45:09+08:00,20260926T093659
515220,煤炭ETF国泰,SSE,2025-02-06,1.039,1.044,1.028,1.043,0.9991534036433364,1.0039616490891659,0.988575263662512,1.003,0.9616490891658677,123189700.0,,腾讯日K/前复权日K,2026-08-28T18:45:09+08:00,20260926T093659
515220,煤炭ETF国泰,SSE,2025-02-07,1.04,1.059,1.035,1.056,1.0006060606060605,1.0188863636363634,0.9957954545454544,1.016,0.962121212121212,134677700.0,,腾讯日K/前复权日K,2026-08-28T18:45:09+08:00,20260926T093659
515220,煤炭ETF国泰,SSE,2025-02-10,1.052,1.059,1.05,1.054,1.0120759013282732,1.0188102466793167,1.0101518026565466,1.014,0.9620493358633776,114864000.0,,腾讯日K/前复权日K,2026-08-28T18:45:09+08:00,20260926T093659
515220,煤炭ETF国泰,SSE,2025-02-11,1.054,1.055,1.042,1.048,1.0137709923664122,1.0147328244274807,1.0022290076335878,1.008,0.9618320610687022,92282800.0,,腾讯日K/前复权日K,2026-08-28T18:45:09+08:00,20260926T093659
515220,煤炭ETF国泰,SSE,2025-02-12,1.047,1.047,1.038,1.044,1.0068850574712642,1.0068850574712642,0.9982298850574713,1.004,0.9616858237547893,87352400.0,,腾讯日K/前复权日K,2026-08-28T18:45:09+08:00,20260926T093659
515220,煤炭ETF国泰,SSE,2025-02-13,1.044,1.052,1.041,1.047,1.0041146131805156,1.0118089780324737,1.0012292263610314,1.007,0.9617956064947468,222903800.0,,腾讯日K/前复权日K,2026-08-28T18:45:09+08:00,20260926T093659
515220,煤炭ETF国泰,SSE,2025-02-14,1.042,1.047,1.037,1.041,1.0019615754082614,1.0067694524495676,0.9971536983669548,1.001,0.9615754082612872,141665900.0,,腾讯日K/前复权日K,2026-08-28T18:45:09+08:00,20260926T093659
515220,煤炭ETF国泰,SSE,2025-02-17,1.04,1.041,1.028,1.03,0.999611650485437,1.0005728155339806,0.9880776699029127,0.99,0.9611650485436893,177430900.0,,腾讯日K/前复权日K,2026-08-28T18:45:09+08:00,20260926T093659
515220,煤炭ETF国泰,SSE,2025-02-18,1.03,1.03,1.013,1.016,0.9894488188976378,0.9894488188976378,0.9731181102362203,0.976,0.9606299212598425,269199400.0,,腾讯日K/前复权日K,2026-08-28T18:45:09+08:00,20260926T093659
515220,煤炭ETF国泰,SSE,2025-02-19,1.016,1.017,1.006,1.011,0.9758021760633038,0.9767626112759644,0.9661978239366965,0.971,0.9604352126607321,165911300.0,,腾讯日K/前复权日K,2026-08-28T18:45:09+08:00,20260926T093659
515220,煤炭ETF国泰,SSE,2025-02-20,1.01,1.015,1.005,1.012,0.9700790513833992,0.9748814229249011,0.9652766798418971,0.972,0.9604743083003953,171876900.0,,腾讯日K/前复权日K,2026-08-28T18:45:09+08:00,20260926T093659
515220,煤炭ETF国泰,SSE,2025-02-21,1.015,1.015,1.004,1.006,0.974642147117296,0.974642147117296,0.964079522862823,0.966,0.9602385685884691,283297800.0,,腾讯日K/前复权日K,2026-08-28T18:45:09+08:00,20260926T093659
515220,煤炭ETF国泰,SSE,2025-02-24,1.004,1.009,0.998,1.008,0.9641587301587301,0.9689603174603173,0.9583968253968254,0.968,0.9603174603174602,294374000.0,,腾讯日K/前复权日K,2026-08-28T18:45:09+08:00,20260926T093659
515220,煤炭ETF国泰,SSE,2025-02-25,1.005,1.017,0.998,1.004,0.9649601593625496,0.9764820717131473,0.9582390438247012,0.964,0.9601593625498007,289776000.0,,腾讯日K/前复权日K,2026-08-28T18:45:09+08:00,20260926T093659
515220,煤炭ETF国泰,SSE,2025-02-26,1.003,1.015,1.001,1.014,0.9634339250493096,0.9749605522682445,0.9615128205128204,0.974,0.960552268244576,362068600.0,,腾讯日K/前复权日K,2026-08-28T18:45:09+08:00,20260926T093659
515220,煤炭ETF国泰,SSE,2025-02-27,1.014,1.014,1.001,1.006,0.9736819085487077,0.9736819085487077,0.9611988071570575,0.966,0.9602385685884691,276848500.0,,腾讯日K/前复权日K,2026-08-28T18:45:09+08:00,20260926T093659
515220,煤炭ETF国泰,SSE,2025-02-28,1.005,1.008,0.992,0.993,0.9645166163141993,0.9673957703927493,0.9520402819738166,0.953,0.959718026183283,363699500.0,,腾讯日K/前复权日K,2026-08-28T18:45:09+08:00,20260926T093659
515220,煤炭ETF国泰,SSE,2025-03-03,0.993,1.003,0.993,0.998,0.9532004008016032,0.9627995991983966,0.9532004008016032,0.958,0.9599198396793587,185875100.0,,腾讯日K/前复权日K,2026-08-28T18:45:09+08:00,20260926T093659
515220,煤炭ETF国泰,SSE,2025-03-04,0.995,0.995,0.983,0.985,0.9545939086294416,0.9545939086294416,0.9430812182741116,0.945,0.9593908629441624,194921700.0,,腾讯日K/前复权日K,2026-08-28T18:45:09+08:00,20260926T093659
515220,煤炭ETF国泰,SSE,2025-03-05,0.983,0.984,0.972,0.979,0.9428365679264554,0.9437957099080694,0.9322860061287026,0.939,0.9591419816138916,203252200.0,,腾讯日K/前复权日K,2026-08-28T18:45:09+08:00,20260926T093659
515220,煤炭ETF国泰,SSE,2025-03-06,0.978,0.986,0.974,0.985,0.9382842639593908,0.9459593908629441,0.9344467005076141,0.945,0.9593908629441624,179725800.0,,腾讯日K/前复权日K,2026-08-28T18:45:09+08:00,20260926T093659
515220,煤炭ETF国泰,SSE,2025-03-07,0.984,0.999,0.982,0.994,0.9444024144869215,0.9587987927565392,0.9424828973843058,0.954,0.959758551307847,305525100.0,,腾讯日K/前复权日K,2026-08-28T18:45:09+08:00,20260926T093659
515220,煤炭ETF国泰,SSE,2025-03-10,0.995,1.01,0.992,1.009,0.9555550049554015,0.9699603567888999,0.9526739345887018,0.969,0.960356788899901,318605600.0,,腾讯日K/前复权日K,2026-08-28T18:45:09+08:00,20260926T093659
515220,煤炭ETF国泰,SSE,2025-03-11,1.004,1.009,0.998,1.007,0.9641191658391263,0.9689205561072493,0.9583574975173784,0.967,0.9602780536246277,191738200.0,,腾讯日K/前复权日K,2026-08-28T18:45:09+08:00,20260926T093659
515220,煤炭ETF国泰,SSE,2025-03-12,1.007,1.008,1.0,1.002,0.9668003992015967,0.9677604790419161,0.9600798403193612,0.962,0.9600798403193612,197398700.0,,腾讯日K/前复权日K,2026-08-28T18:45:09+08:00,20260926T093659
515220,煤炭ETF国泰,SSE,2025-03-13,1.002,1.047,1.001,1.046,0.9636826003824092,1.006961759082218,0.9627208413001911,1.006,0.9617590822179732,649814500.0,,腾讯日K/前复权日K,2026-08-28T18:45:09+08:00,20260926T093659
515220,煤炭ETF国泰,SSE,2025-03-14,1.04,1.044,1.032,1.043,1.0001150527325025,1.0039616490891659,0.9924218600191754,1.003,0.9616490891658677,472492900.0,,腾讯日K/前复权日K,2026-08-28T18:45:09+08:00,20260926T093659
515220,煤炭ETF国泰,SSE,2025-03-17,1.042,1.049,1.038,1.04,1.001923076923077,1.008653846153846,0.998076923076923,1.0,0.9615384615384615,186330700.0,,腾讯日K/前复权日K,2026-08-28T18:45:09+08:00,20260926T093659
515220,煤炭ETF国泰,SSE,2025-03-18,1.04,1.041,1.028,1.033,0.9997289448209101,1.0006902226524685,0.9881936108422072,0.993,0.9612778315585674,286194500.0,,腾讯日K/前复权日K,2026-08-28T18:45:09+08:00,20260926T093659
515220,煤炭ETF国泰,SSE,2025-03-19,1.03,1.038,1.025,1.031,0.9900387972841902,0.9977284190106693,0.9852327837051406,0.991,0.9612027158098934,202011200.0,,腾讯日K/前复权日K,2026-08-28T18:45:09+08:00,20260926T093659
515220,煤炭ETF国泰,SSE,2025-03-20,1.031,1.05,1.03,1.037,0.9912314368370299,1.0094985535197687,0.9902700096432017,0.997,0.9614271938283511,288192300.0,,腾讯日K/前复权日K,2026-08-28T18:45:09+08:00,20260926T093659
515220,煤炭ETF国泰,SSE,2025-03-21,1.03,1.042,1.027,1.033,0.9901161665053244,1.0016515004840272,0.9872323330106486,0.993,0.9612778315585674,443960000.0,,腾讯日K/前复权日K,2026-08-28T18:45:09+08:00,20260926T093659
515220,煤炭ETF国泰,SSE,2025-03-24,1.031,1.044,1.025,1.034,0.9911160541586072,1.0036131528046421,0.9853481624758219,0.994,0.9613152804642165,283133000.0,,腾讯日K/前复权日K,2026-08-28T18:45:09+08:00,20260926T093659
515220,煤炭ETF国泰,SSE,2025-03-25,1.035,1.058,1.03,1.057,0.995832544938505,1.0179621570482498,0.9910217596972564,1.017,0.9621570482497634,442039000.0,,腾讯日K/前复权日K,2026-08-28T18:45:09+08:00,20260926T093659
515220,煤炭ETF国泰,SSE,2025-03-26,1.057,1.058,1.046,1.055,1.0169241706161136,1.0178862559241706,1.006341232227488,1.015,0.962085308056872,261357600.0,,腾讯日K/前复权日K,2026-08-28T18:45:09+08:00,20260926T093659
515220,煤炭ETF国泰,SSE,2025-03-27,1.053,1.057,1.042,1.043,1.0126164908916586,1.016463087248322,1.0020383509108342,1.003,0.9616490891658677,254691800.0,,腾讯日K/前复权日K,2026-08-28T18:45:09+08:00,20260926T093659
515220,煤炭ETF国泰,SSE,2025-03-28,1.042,1.042,1.022,1.026,1.0013762183235868,1.0013762183235868,0.9821559454191033,0.986,0.9610136452241715,309556000.0,,腾讯日K/前复权日K,2026-08-28T18:45:09+08:00,20260926T093659
515220,煤炭ETF国泰,SSE,2025-03-31,1.023,1.027,1.01,1.013,0.9826051332675222,0.9864471865745311,0.9701184600197434,0.973,0.9605133267522212,296400700.0,,腾讯日K/前复权日K,2026-08-28T18:45:09+08:00,20260926T093659
515220,煤炭ETF国泰,SSE,2025-04-01,1.013,1.029,1.013,1.028,0.9735836575875485,0.9889610894941633,0.9735836575875485,0.988,0.961089494163424,224619900.0,,腾讯日K/前复权日K,2026-08-28T18:45:09+08:00,20260926T093659
515220,煤炭ETF国泰,SSE,2025-04-02,1.024,1.032,1.021,1.024,0.984,0.9916875,0.9811171874999999,0.984,0.9609375,178214300.0,,腾讯日K/前复权日K,2026-08-28T18:45:09+08:00,20260926T093659
515220,煤炭ETF国泰,SSE,2025-04-03,1.019,1.025,1.017,1.025,0.9792341463414634,0.985,0.9773121951219512,0.985,0.9609756097560976,128954300.0,,腾讯日K/前复权日K,2026-08-28T18:45:09+08:00,20260926T093659
515220,煤炭ETF国泰,SSE,2025-04-07,0.998,0.998,0.923,0.933,0.9552132904608788,0.9552132904608788,0.8834287245444802,0.893,0.9571275455519828,362070500.0,,腾讯日K/前复权日K,2026-08-28T18:45:09+08:00,20260926T093659
515220,煤炭ETF国泰,SSE,2025-04-08,0.937,0.969,0.937,0.967,0.8982409513960704,0.9289172699069287,0.8982409513960704,0.927,0.9586349534643227,290106500.0,,腾讯日K/前复权日K,2026-08-28T18:45:09+08:00,20260926T093659
515220,煤炭ETF国泰,SSE,2025-04-09,0.957,0.969,0.94,0.968,0.9174545454545454,0.9289586776859504,0.9011570247933884,0.928,0.9586776859504132,180179800.0,,腾讯日K/前复权日K,2026-08-28T18:45:09+08:00,20260926T093659
515220,煤炭ETF国泰,SSE,2025-04-10,0.972,0.98,0.966,0.974,0.932082135523614,0.9397535934291581,0.9263285420944559,0.934,0.9589322381930185,164542500.0,,腾讯日K/前复权日K,2026-08-28T18:45:09+08:00,20260926T093659
515220,煤炭ETF国泰,SSE,2025-04-11,0.973,0.973,0.964,0.968,0.9327933884297521,0.9327933884297521,0.9241652892561983,0.928,0.9586776859504132,163150500.0,,腾讯日K/前复权日K,2026-08-28T18:45:09+08:00,20260926T093659
515220,煤炭ETF国泰,SSE,2025-04-14,0.969,0.993,0.968,0.992,0.9299274193548386,0.9529596774193547,0.9289677419354838,0.952,0.9596774193548386,205526100.0,,腾讯日K/前复权日K,2026-08-28T18:45:09+08:00,20260926T093659
515220,煤炭ETF国泰,SSE,2025-04-15,0.988,0.993,0.983,0.991,0.9481210898082744,0.9529192734611502,0.9433229061553985,0.951,0.9596367305751765,122922500.0,,腾讯日K/前复权日K,2026-08-28T18:45:09+08:00,20260926T093659
515220,煤炭ETF国泰,SSE,2025-04-16,0.99,0.993,0.982,0.991,0.9500403632694248,0.9529192734611502,0.9423632694248233,0.951,0.9596367305751765,111964900.0,,腾讯日K/前复权日K,2026-08-28T18:45:09+08:00,20260926T093659
515220,煤炭ETF国泰,SSE,2025-04-17,0.989,0.993,0.984,0.99,0.949040404040404,0.9528787878787879,0.9442424242424242,0.95,0.9595959595959596,100133600.0,,腾讯日K/前复权日K,2026-08-28T18:45:09+08:00,20260926T093659
515220,煤炭ETF国泰,SSE,2025-04-18,0.989,0.989,0.981,0.985,0.9488375634517766,0.9488375634517766,0.9411624365482233,0.945,0.9593908629441624,94311900.0,,腾讯日K/前复权日K,2026-08-28T18:45:09+08:00,20260926T093659
515220,煤炭ETF国泰,SSE,2025-04-21,0.983,0.988,0.981,0.986,0.9431217038539553,0.947918864097363,0.9412028397565922,0.946,0.9594320486815415,120938300.0,,腾讯日K/前复权日K,2026-08-28T18:45:09+08:00,20260926T093659
515220,煤炭ETF国泰,SSE,2025-04-22,0.982,0.992,0.982,0.984,0.9420813008130081,0.9516747967479675,0.9420813008130081,0.944,0.959349593495935,115228500.0,,腾讯日K/前复权日K,2026-08-28T18:45:09+08:00,20260926T093659
515220,煤炭ETF国泰,SSE,2025-04-23,0.986,0.988,0.98,0.983,0.9458779247202441,0.9477965412004069,0.9401220752797558,0.943,0.9593082400813835,109280200.0,,腾讯日K/前复权日K,2026-08-28T18:45:09+08:00,20260926T093659
515220,煤炭ETF国泰,SSE,2025-04-24,0.983,0.992,0.981,0.985,0.9430812182741116,0.9517157360406091,0.9411624365482233,0.945,0.9593908629441624,142521800.0,,腾讯日K/前复权日K,2026-08-28T18:45:09+08:00,20260926T093659
515220,煤炭ETF国泰,SSE,2025-04-25,0.987,0.987,0.974,0.983,0.9468372329603255,0.9468372329603255,0.9343662258392675,0.943,0.9593082400813835,131056500.0,,腾讯日K/前复权日K,2026-08-28T18:45:09+08:00,20260926T093659
515220,煤炭ETF国泰,SSE,2025-04-28,0.977,0.978,0.961,0.971,0.9367528321318229,0.9377116374871267,0.921411946446962,0.931,0.9588053553038106,168171400.0,,腾讯日K/前复权日K,2026-08-28T18:45:09+08:00,20260926T093659
515220,煤炭ETF国泰,SSE,2025-04-29,0.966,0.969,0.958,0.963,0.9258753894080997,0.9287507788161994,0.9182076843198338,0.923,0.9584631360332295,127541500.0,,腾讯日K/前复权日K,2026-08-28T18:45:09+08:00,20260926T093659
515220,煤炭ETF国泰,SSE,2025-04-30,0.961,0.964,0.958,0.958,0.920874739039666,0.923749478079332,0.918,0.918,0.9582463465553237,96196500.0,,腾讯日K/前复权日K,2026-08-28T18:45:09+08:00,20260926T093659
515220,煤炭ETF国泰,SSE,2025-05-06,0.962,0.968,0.958,0.968,0.9222479338842975,0.928,0.9184132231404959,0.928,0.9586776859504132,133304300.0,,腾讯日K/前复权日K,2026-08-28T18:45:09+08:00,20260926T093659
515220,煤炭ETF国泰,SSE,2025-05-07,0.97,0.976,0.967,0.974,0.930164271047228,0.935917864476386,0.9272874743326489,0.934,0.9589322381930185,202458900.0,,腾讯日K/前复权日K,2026-08-28T18:45:09+08:00,20260926T093659
515220,煤炭ETF国泰,SSE,2025-05-08,0.971,0.977,0.968,0.975,0.9311641025641025,0.9369179487179488,0.9282871794871795,0.935,0.958974358974359,128350300.0,,腾讯日K/前复权日K,2026-08-28T18:45:09+08:00,20260926T093659
515220,煤炭ETF国泰,SSE,2025-05-09,0.975,0.976,0.968,0.971,0.9348352214212153,0.9357940267765191,0.9281235839340887,0.931,0.9588053553038106,109732600.0,,腾讯日K/前复权日K,2026-08-28T18:45:09+08:00,20260926T093659
515220,煤炭ETF国泰,SSE,2025-05-12,0.974,0.975,0.967,0.973,0.9339588900308325,0.9349177800616649,0.9272466598150052,0.933,0.9588900308324769,98936000.0,,腾讯日K/前复权日K,2026-08-28T18:45:09+08:00,20260926T093659
515220,煤炭ETF国泰,SSE,2025-05-13,0.974,0.983,0.974,0.98,0.9342448979591836,0.9428775510204082,0.9342448979591836,0.94,0.9591836734693877,213624600.0,,腾讯日K/前复权日K,2026-08-28T18:45:09+08:00,20260926T093659
515220,煤炭ETF国泰,SSE,2025-05-14,0.98,0.991,0.976,0.991,0.940443995963673,0.951,0.9366054490413722,0.951,0.9596367305751765,230790900.0,,腾讯日K/前复权日K,2026-08-28T18:45:09+08:00,20260926T093659
515220,煤炭ETF国泰,SSE,2025-05-15,0.987,1.006,0.987,0.991,0.9471614530776992,0.9653945509586276,0.9471614530776992,0.951,0.9596367305751765,192819500.0,,腾讯日K/前复权日K,2026-08-28T18:45:09+08:00,20260926T093659
515220,煤炭ETF国泰,SSE,2025-05-16,0.986,0.992,0.982,0.986,0.946,0.9517565922920892,0.9421622718052738,0.946,0.9594320486815415,143620200.0,,腾讯日K/前复权日K,2026-08-28T18:45:09+08:00,20260926T093659
515220,煤炭ETF国泰,SSE,2025-05-19,0.985,0.989,0.984,0.988,0.9451214574898785,0.9489595141700404,0.944161943319838,0.948,0.9595141700404858,90726700.0,,腾讯日K/前复权日K,2026-08-28T18:45:09+08:00,20260926T093659
515220,煤炭ETF国泰,SSE,2025-05-20,0.988,0.989,0.983,0.986,0.947918864097363,0.9488782961460446,0.9431217038539553,0.946,0.9594320486815415,113064900.0,,腾讯日K/前复权日K,2026-08-28T18:45:09+08:00,20260926T093659
515220,煤炭ETF国泰,SSE,2025-05-21,0.986,1.014,0.985,1.01,0.9469504950495049,0.9738415841584158,0.9459900990099009,0.97,0.9603960396039604,338318200.0,,腾讯日K/前复权日K,2026-08-28T18:45:09+08:00,20260926T093659
515220,煤炭ETF国泰,SSE,2025-05-22,1.005,1.009,1.0,1.002,0.9648802395209579,0.9687205588822354,0.9600798403193612,0.962,0.9600798403193612,152549100.0,,腾讯日K/前复权日K,2026-08-28T18:45:09+08:00,20260926T093659
515220,煤炭ETF国泰,SSE,2025-05-23,1.001,1.012,0.992,0.993,0.9606777442094662,0.9712346424974824,0.9520402819738166,0.953,0.959718026183283,222049000.0,,腾讯日K/前复权日K,2026-08-28T18:45:09+08:00,20260926T093659
515220,煤炭ETF国泰,SSE,2025-05-26,0.991,0.994,0.985,0.989,0.9509191102123355,0.9537977755308391,0.9451617795753285,0.949,0.9595551061678462,127105300.0,,腾讯日K/前复权日K,2026-08-28T18:45:09+08:00,20260926T093659
515220,煤炭ETF国泰,SSE,2025-05-27,0.99,0.992,0.976,0.98,0.9495918367346938,0.9515102040816326,0.9361632653061224,0.94,0.9591836734693877,151579600.0,,腾讯日K/前复权日K,2026-08-28T18:45:09+08:00,20260926T093659
515220,煤炭ETF国泰,SSE,2025-05-28,0.98,0.989,0.977,0.986,0.9402434077079107,0.9488782961460446,0.9373651115618661,0.946,0.9594320486815415,103678900.0,,腾讯日K/前复权日K,2026-08-28T18:45:09+08:00,20260926T093659
515220,煤炭ETF国泰,SSE,2025-05-29,0.985,0.995,0.984,0.992,0.945282258064516,0.9548790322580645,0.9443225806451612,0.952,0.9596774193548386,108378400.0,,腾讯日K/前复权日K,2026-08-28T18:45:09+08:00,20260926T093659
515220,煤炭ETF国泰,SSE,2025-05-30,0.991,0.992,0.985,0.986,0.9507971602434077,0.9517565922920892,0.9450405679513184,0.946,0.9594320486815415,106799900.0,,腾讯日K/前复权日K,2026-08-28T18:45:09+08:00,20260926T093659
515220,煤炭ETF国泰,SSE,2025-06-03,0.985,0.985,0.974,0.979,0.9447548518896832,0.9447548518896832,0.9342042900919304,0.939,0.9591419816138916,147905800.0,,腾讯日K/前复权日K,2026-08-28T18:45:09+08:00,20260926T093659
515220,煤炭ETF国泰,SSE,2025-06-04,0.982,0.99,0.975,0.989,0.942283114256825,0.9499595551061678,0.93556622851365,0.949,0.9595551061678462,213536300.0,,腾讯日K/前复权日K,2026-08-28T18:45:09+08:00,20260926T093659
515220,煤炭ETF国泰,SSE,2025-06-05,0.989,0.994,0.98,0.983,0.9487558494404883,0.9535523906408951,0.9401220752797558,0.943,0.9593082400813835,147005800.0,,腾讯日K/前复权日K,2026-08-28T18:45:09+08:00,20260926T093659
515220,煤炭ETF国泰,SSE,2025-06-06,0.986,0.994,0.985,0.987,0.9460405268490374,0.9537163120567376,0.9450810536980749,0.947,0.9594731509625126,188077500.0,,腾讯日K/前复权日K,2026-08-28T18:45:09+08:00,20260926T093659
515220,煤炭ETF国泰,SSE,2025-06-09,0.983,0.992,0.982,0.991,0.9433229061553985,0.951959636730575,0.9423632694248233,0.951,0.9596367305751765,128744600.0,,腾讯日K/前复权日K,2026-08-28T18:45:09+08:00,20260926T093659
515220,煤炭ETF国泰,SSE,2025-06-10,0.99,0.994,0.98,0.986,0.9498377281947261,0.9536754563894523,0.9402434077079107,0.946,0.9594320486815415,157898500.0,,腾讯日K/前复权日K,2026-08-28T18:45:09+08:00,20260926T093659
515220,煤炭ETF国泰,SSE,2025-06-11,0.986,0.999,0.985,0.995,0.946361809045226,0.9588391959798994,0.9454020100502512,0.955,0.9597989949748743,162057300.0,,腾讯日K/前复权日K,2026-08-28T18:45:09+08:00,20260926T093659
515220,煤炭ETF国泰,SSE,2025-06-12,0.993,0.994,0.985,0.987,0.952756838905775,0.9537163120567376,0.9450810536980749,0.947,0.9594731509625126,108713600.0,,腾讯日K/前复权日K,2026-08-28T18:45:09+08:00,20260926T093659
515220,煤炭ETF国泰,SSE,2025-06-13,0.989,0.99,0.983,0.985,0.9488375634517766,0.9497969543147208,0.9430812182741116,0.945,0.9593908629441624,114755600.0,,腾讯日K/前复权日K,2026-08-28T18:45:09+08:00,20260926T093659
515220,煤炭ETF国泰,SSE,2025-06-16,0.988,0.991,0.984,0.986,0.947918864097363,0.9507971602434077,0.9440811359026369,0.946,0.9594320486815415,206251200.0,,腾讯日K/前复权日K,2026-08-28T18:45:09+08:00,20260926T093659
515220,煤炭ETF国泰,SSE,2025-06-17,0.986,0.995,0.979,0.994,0.9463219315895371,0.9549597585513078,0.9396036217303823,0.954,0.959758551307847,172771900.0,,腾讯日K/前复权日K,2026-08-28T18:45:09+08:00,20260926T093659
515220,煤炭ETF国泰,SSE,2025-06-18,0.992,0.994,0.982,0.986,0.9517565922920892,0.9536754563894523,0.9421622718052738,0.946,0.9594320486815415,173998200.0,,腾讯日K/前复权日K,2026-08-28T18:45:09+08:00,20260926T093659
515220,煤炭ETF国泰,SSE,2025-06-19,0.985,0.985,0.969,0.972,0.9444650205761318,0.9444650205761318,0.9291234567901235,0.932,0.9588477366255145,195747100.0,,腾讯日K/前复权日K,2026-08-28T18:45:09+08:00,20260926T093659
515220,煤炭ETF国泰,SSE,2025-06-20,0.972,0.983,0.972,0.973,0.9320411099691676,0.9425889003083248,0.9320411099691676,0.933,0.9588900308324769,122615000.0,,腾讯日K/前复权日K,2026-08-28T18:45:09+08:00,20260926T093659
515220,煤炭ETF国泰,SSE,2025-06-23,0.974,0.991,0.97,0.99,0.9346464646464646,0.9509595959595959,0.9308080808080808,0.95,0.9595959595959596,208609100.0,,腾讯日K/前复权日K,2026-08-28T18:45:09+08:00,20260926T093659
515220,煤炭ETF国泰,SSE,2025-06-24,0.984,0.987,0.976,0.985,0.9440406091370558,0.9469187817258883,0.9363654822335025,0.945,0.9593908629441624,167245600.0,,腾讯日K/前复权日K,2026-08-28T18:45:09+08:00,20260926T093659
515220,煤炭ETF国泰,SSE,2025-06-25,0.985,0.986,0.977,0.985,0.945,0.9459593908629441,0.9373248730964466,0.945,0.9593908629441624,196322800.0,,腾讯日K/前复权日K,2026-08-28T18:45:09+08:00,20260926T093659
515220,煤炭ETF国泰,SSE,2025-06-26,0.985,0.991,0.979,0.98,0.9447959183673469,0.9505510204081632,0.9390408163265306,0.94,0.9591836734693877,145067100.0,,腾讯日K/前复权日K,2026-08-28T18:45:09+08:00,20260926T093659
515220,煤炭ETF国泰,SSE,2025-06-27,0.985,0.993,0.981,0.99,0.9452020202020202,0.9528787878787879,0.9413636363636363,0.95,0.9595959595959596,207155100.0,,腾讯日K/前复权日K,2026-08-28T18:45:09+08:00,20260926T093659
515220,煤炭ETF国泰,SSE,2025-06-30,0.992,0.993,0.987,0.991,0.951959636730575,0.9529192734611502,0.9471614530776992,0.951,0.9596367305751765,166702100.0,,腾讯日K/前复权日K,2026-08-28T18:45:09+08:00,20260926T093659
515220,煤炭ETF国泰,SSE,2025-07-01,0.988,0.991,0.984,0.991,0.9481210898082744,0.951,0.9442825428859737,0.951,0.9596367305751765,124018500.0,,腾讯日K/前复权日K,2026-08-28T18:45:09+08:00,20260926T093659
515220,煤炭ETF国泰,SSE,2025-07-02,0.989,1.009,0.987,1.009,0.949792864222002,0.969,0.9478721506442023,0.969,0.960356788899901,263493100.0,,腾讯日K/前复权日K,2026-08-28T18:45:09+08:00,20260926T093659
515220,煤炭ETF国泰,SSE,2025-07-03,1.009,1.018,0.998,1.003,0.9687607178464606,0.9774017946161516,0.9581994017946162,0.963,0.9601196410767697,385626700.0,,腾讯日K/前复权日K,2026-08-28T18:45:09+08:00,20260926T093659
515220,煤炭ETF国泰,SSE,2025-07-04,1.003,1.015,1.002,1.003,0.963,0.9745214356929212,0.9620398803589233,0.963,0.9601196410767697,353772300.0,,腾讯日K/前复权日K,2026-08-28T18:45:09+08:00,20260926T093659
515220,煤炭ETF国泰,SSE,2025-07-07,1.004,1.006,0.996,1.003,0.9639601196410769,0.9658803589232303,0.9562791625124626,0.963,0.9601196410767697,181334700.0,,腾讯日K/前复权日K,2026-08-28T18:45:09+08:00,20260926T093659
515220,煤炭ETF国泰,SSE,2025-07-08,1.003,1.008,0.998,1.007,0.9631588877855015,0.9679602780536247,0.9583574975173784,0.967,0.9602780536246277,168065300.0,,腾讯日K/前复权日K,2026-08-28T18:45:09+08:00,20260926T093659
515220,煤炭ETF国泰,SSE,2025-07-09,1.007,1.017,1.007,1.015,0.9673152709359606,0.9769211822660098,0.9673152709359606,0.975,0.9605911330049262,233712800.0,,腾讯日K/前复权日K,2026-08-28T18:45:09+08:00,20260926T093659
515220,煤炭ETF国泰,SSE,2025-07-10,1.014,1.035,1.013,1.033,0.9747357212003873,0.9949225556631172,0.9737744433688287,0.993,0.9612778315585674,961711500.0,,腾讯日K/前复权日K,2026-08-28T18:45:09+08:00,20260926T093659
515220,煤炭ETF国泰,SSE,2025-07-11,1.036,1.037,1.026,1.029,0.9957278911564627,0.9966890184645286,0.9861166180758018,0.989,0.9611273080660836,816914400.0,,腾讯日K/前复权日K,2026-08-28T18:45:09+08:00,20260926T093659
515220,煤炭ETF国泰,SSE,2025-07-14,1.027,1.04,1.024,1.031,0.9871551891367604,0.9996508244422891,0.9842715809893309,0.991,0.9612027158098934,483050400.0,,腾讯日K/前复权日K,2026-08-28T18:45:09+08:00,20260926T093659
515220,煤炭ETF国泰,SSE,2025-07-15,1.029,1.029,1.004,1.007,0.9881261171797419,0.9881261171797419,0.9641191658391263,0.967,0.9602780536246277,499149200.0,,腾讯日K/前复权日K,2026-08-28T18:45:09+08:00,20260926T093659
515220,煤炭ETF国泰,SSE,2025-07-16,1.007,1.007,0.999,1.003,0.966840478564307,0.966840478564307,0.9591595214356929,0.963,0.9601196410767697,254183000.0,,腾讯日K/前复权日K,2026-08-28T18:45:09+08:00,20260926T093659
515220,煤炭ETF国泰,SSE,2025-07-17,1.003,1.005,0.999,1.005,0.9630796019900497,0.965,0.9592388059701493,0.965,0.9601990049751244,256105800.0,,腾讯日K/前复权日K,2026-08-28T18:45:09+08:00,20260926T093659
515220,煤炭ETF国泰,SSE,2025-07-18,1.008,1.022,1.008,1.016,0.9683149606299212,0.981763779527559,0.9683149606299212,0.976,0.9606299212598425,460903100.0,,腾讯日K/前复权日K,2026-08-28T18:45:09+08:00,20260926T093659
515220,煤炭ETF国泰,SSE,2025-07-21,1.02,1.043,1.019,1.043,0.980882070949185,1.003,0.979920421860019,1.003,0.9616490891658677,551918000.0,,腾讯日K/前复权日K,2026-08-28T18:45:09+08:00,20260926T093659
515220,煤炭ETF国泰,SSE,2025-07-22,1.048,1.131,1.037,1.129,1.0108697962798936,1.0909291408325952,1.0002595217006198,1.089,0.9645704162976084,1472489400.0,,腾讯日K/前复权日K,2026-08-28T18:45:09+08:00,20260926T093659
515220,煤炭ETF国泰,SSE,2025-07-23,1.16,1.16,1.106,1.112,1.118273381294964,1.118273381294964,1.0662158273381297,1.072,0.9640287769784173,1220295700.0,,腾讯日K/前复权日K,2026-08-28T18:45:09+08:00,20260926T093659
515220,煤炭ETF国泰,SSE,2025-07-24,1.106,1.134,1.092,1.13,1.0668495575221242,1.0938584070796462,1.0533451327433632,1.09,0.9646017699115046,697827800.0,,腾讯日K/前复权日K,2026-08-28T18:45:09+08:00,20260926T093659
515220,煤炭ETF国泰,SSE,2025-07-25,1.128,1.148,1.112,1.115,1.0875336322869955,1.1068161434977577,1.0721076233183857,1.075,0.9641255605381166,566981100.0,,腾讯日K/前复权日K,2026-08-28T18:45:09+08:00,20260926T093659
515220,煤炭ETF国泰,SSE,2025-07-28,1.09,1.1,1.075,1.083,1.0497414589104341,1.0593721144967683,1.0352954755309325,1.043,0.9630655586334257,746679900.0,,腾讯日K/前复权日K,2026-08-28T18:45:09+08:00,20260926T093659
515220,煤炭ETF国泰,SSE,2025-07-29,1.079,1.093,1.07,1.093,1.039512351326624,1.053,1.0308417200365967,1.053,0.9634034766697164,397917500.0,,腾讯日K/前复权日K,2026-08-28T18:45:09+08:00,20260926T093659
515220,煤炭ETF国泰,SSE,2025-07-30,1.098,1.109,1.087,1.09,1.0577064220183487,1.068302752293578,1.0471100917431193,1.05,0.963302752293578,498497600.0,,腾讯日K/前复权日K,2026-08-28T18:45:09+08:00,20260926T093659
515220,煤炭ETF国泰,SSE,2025-07-31,1.075,1.082,1.05,1.057,1.0343188268684957,1.0410539262062442,1.0102649006622517,1.017,0.9621570482497634,796790400.0,,腾讯日K/前复权日K,2026-08-28T18:45:09+08:00,20260926T093659
515220,煤炭ETF国泰,SSE,2025-08-01,1.059,1.065,1.055,1.058,1.018962192816635,1.024735349716446,1.0151134215500943,1.018,0.9621928166351607,436756000.0,,腾讯日K/前复权日K,2026-08-28T18:45:09+08:00,20260926T093659
515220,煤炭ETF国泰,SSE,2025-08-04,1.052,1.065,1.049,1.065,1.012488262910798,1.025,1.009600938967136,1.025,0.9624413145539906,319695800.0,,腾讯日K/前复权日K,2026-08-28T18:45:09+08:00,20260926T093659
515220,煤炭ETF国泰,SSE,2025-08-05,1.066,1.08,1.063,1.078,1.0264452690166976,1.039925788497217,1.023556586270872,1.038,0.9628942486085343,496997800.0,,腾讯日K/前复权日K,2026-08-28T18:45:09+08:00,20260926T093659
515220,煤炭ETF国泰,SSE,2025-08-06,1.078,1.104,1.076,1.101,1.038835603996367,1.063891008174387,1.0369082652134425,1.061,0.963669391462307,682569100.0,,腾讯日K/前复权日K,2026-08-28T18:45:09+08:00,20260926T093659
515220,煤炭ETF国泰,SSE,2025-08-07,1.097,1.109,1.086,1.102,1.0571814882032666,1.0687459165154265,1.0465807622504537,1.062,0.9637023593466424,575462300.0,,腾讯日K/前复权日K,2026-08-28T18:45:09+08:00,20260926T093659
515220,煤炭ETF国泰,SSE,2025-08-08,1.097,1.106,1.093,1.098,1.0570364298724955,1.0657085610200365,1.0531821493624771,1.058,0.9635701275045537,460779800.0,,腾讯日K/前复权日K,2026-08-28T18:45:09+08:00,20260926T093659
515220,煤炭ETF国泰,SSE,2025-08-11,1.099,1.105,1.094,1.098,1.0589635701275046,1.064744990892532,1.054145719489982,1.058,0.9635701275045537,437029600.0,,腾讯日K/前复权日K,2026-08-28T18:45:09+08:00,20260926T093659
515220,煤炭ETF国泰,SSE,2025-08-12,1.102,1.118,1.099,1.112,1.062359712230216,1.0777841726618707,1.0594676258992806,1.072,0.9640287769784173,568042100.0,,腾讯日K/前复权日K,2026-08-28T18:45:09+08:00,20260926T093659
515220,煤炭ETF国泰,SSE,2025-08-13,1.11,1.11,1.099,1.1,1.0696363636363637,1.0696363636363637,1.0590363636363636,1.06,0.9636363636363636,608418300.0,,腾讯日K/前复权日K,2026-08-28T18:45:09+08:00,20260926T093659
515220,煤炭ETF国泰,SSE,2025-08-14,1.097,1.098,1.08,1.083,1.056482917820868,1.0574459833795016,1.0401108033240998,1.043,0.9630655586334257,710620700.0,,腾讯日K/前复权日K,2026-08-28T18:45:09+08:00,20260926T093659
515220,煤炭ETF国泰,SSE,2025-08-15,1.079,1.094,1.078,1.093,1.039512351326624,1.0539634034766698,1.0385489478499543,1.053,0.9634034766697164,545238700.0,,腾讯日K/前复权日K,2026-08-28T18:45:09+08:00,20260926T093659
515220,煤炭ETF国泰,SSE,2025-08-18,1.1,1.107,1.083,1.087,1.0595216191352346,1.0662640294388224,1.0431471941122354,1.047,0.9632014719411223,839067400.0,,腾讯日K/前复权日K,2026-08-28T18:45:09+08:00,20260926T093659
515220,煤炭ETF国泰,SSE,2025-08-19,1.085,1.086,1.079,1.082,1.0448890942698705,1.0458521256931608,1.0391109057301293,1.042,0.9630314232902033,465635400.0,,腾讯日K/前复权日K,2026-08-28T18:45:09+08:00,20260926T093659
515220,煤炭ETF国泰,SSE,2025-08-20,1.079,1.086,1.074,1.086,1.039257826887661,1.046,1.0344419889502763,1.046,0.9631675874769797,320702400.0,,腾讯日K/前复权日K,2026-08-28T18:45:09+08:00,20260926T093659
515220,煤炭ETF国泰,SSE,2025-08-21,1.088,1.098,1.083,1.095,1.0482557077625572,1.0578904109589042,1.0434383561643836,1.055,0.9634703196347032,495108900.0,,腾讯日K/前复权日K,2026-08-28T18:45:09+08:00,20260926T093659
515220,煤炭ETF国泰,SSE,2025-08-22,1.094,1.095,1.082,1.094,1.054,1.054963436928702,1.042438756855576,1.054,0.9634369287020109,990065100.0,,腾讯日K/前复权日K,2026-08-28T18:45:09+08:00,20260926T093659
515220,煤炭ETF国泰,SSE,2025-08-25,1.101,1.112,1.096,1.109,1.0612885482416592,1.0718917944093778,1.0564688908926962,1.069,0.9639314697926059,842778900.0,,腾讯日K/前复权日K,2026-08-28T18:45:09+08:00,20260926T093659
515220,煤炭ETF国泰,SSE,2025-08-26,1.11,1.11,1.098,1.1,1.0696363636363637,1.0696363636363637,1.0580727272727273,1.06,0.9636363636363636,657386100.0,,腾讯日K/前复权日K,2026-08-28T18:45:09+08:00,20260926T093659
515220,煤炭ETF国泰,SSE,2025-08-27,1.097,1.098,1.068,1.069,1.0559522918615527,1.0569148737137513,1.0280374181478018,1.029,0.9625818521983162,912773200.0,,腾讯日K/前复权日K,2026-08-28T18:45:09+08:00,20260926T093659
515220,煤炭ETF国泰,SSE,2025-08-28,1.064,1.068,1.047,1.062,1.023924670433145,1.0277740112994351,1.0075649717514124,1.022,0.9623352165725046,774167400.0,,腾讯日K/前复权日K,2026-08-28T18:45:09+08:00,20260926T093659
515220,煤炭ETF国泰,SSE,2025-08-29,1.061,1.073,1.056,1.061,1.021,1.0325475966069744,1.0161885014137606,1.021,0.9622997172478793,485745200.0,,腾讯日K/前复权日K,2026-08-28T18:45:09+08:00,20260926T093659
515220,煤炭ETF国泰,SSE,2025-09-01,1.059,1.069,1.052,1.063,1.0191505174035747,1.0287742238946378,1.0124139228598306,1.023,0.9623706491063029,432779400.0,,腾讯日K/前复权日K,2026-08-28T18:45:09+08:00,20260926T093659
515220,煤炭ETF国泰,SSE,2025-09-02,1.062,1.063,1.052,1.056,1.0217727272727273,1.0227348484848484,1.012151515151515,1.016,0.962121212121212,517541300.0,,腾讯日K/前复权日K,2026-08-28T18:45:09+08:00,20260926T093659
515220,煤炭ETF国泰,SSE,2025-09-03,1.058,1.061,1.035,1.038,1.0172292870905588,1.0201136801541426,0.9951156069364161,0.998,0.9614643545279383,533606200.0,,腾讯日K/前复权日K,2026-08-28T18:45:09+08:00,20260926T093659
515220,煤炭ETF国泰,SSE,2025-09-04,1.034,1.044,1.03,1.043,0.9943451581975072,1.0039616490891659,0.9904985618408437,1.003,0.9616490891658677,366604400.0,,腾讯日K/前复权日K,2026-08-28T18:45:09+08:00,20260926T093659
515220,煤炭ETF国泰,SSE,2025-09-05,1.044,1.058,1.038,1.056,1.0044545454545455,1.0179242424242423,0.9986818181818181,1.016,0.962121212121212,543537100.0,,腾讯日K/前复权日K,2026-08-28T18:45:09+08:00,20260926T093659
515220,煤炭ETF国泰,SSE,2025-09-08,1.056,1.063,1.049,1.063,1.0162634054562558,1.023,1.0095268109125117,1.023,0.9623706491063029,356515500.0,,腾讯日K/前复权日K,2026-08-28T18:45:09+08:00,20260926T093659
515220,煤炭ETF国泰,SSE,2025-09-09,1.064,1.067,1.055,1.061,1.0238868991517436,1.0267737983034873,1.0152262016965126,1.021,0.9622997172478793,419925900.0,,腾讯日K/前复权日K,2026-08-28T18:45:09+08:00,20260926T093659
515220,煤炭ETF国泰,SSE,2025-09-10,1.057,1.06,1.05,1.052,1.0168098859315589,1.0196958174904944,1.0100760456273765,1.012,0.9619771863117871,418804600.0,,腾讯日K/前复权日K,2026-08-28T18:45:09+08:00,20260926T093659
515220,煤炭ETF国泰,SSE,2025-09-11,1.053,1.056,1.045,1.056,1.0131136363636362,1.016,1.0054166666666666,1.016,0.962121212121212,596964500.0,,腾讯日K/前复权日K,2026-08-28T18:45:09+08:00,20260926T093659
515220,煤炭ETF国泰,SSE,2025-09-12,1.056,1.065,1.049,1.06,1.0161509433962266,1.024811320754717,1.0094150943396225,1.02,0.9622641509433962,579253700.0,,腾讯日K/前复权日K,2026-08-28T18:45:09+08:00,20260926T093659
515220,煤炭ETF国泰,SSE,2025-09-15,1.058,1.074,1.053,1.073,1.0185591798695246,1.0339627213420317,1.013745573159366,1.033,0.9627213420316868,696516500.0,,腾讯日K/前复权日K,2026-08-28T18:45:09+08:00,20260926T093659
515220,煤炭ETF国泰,SSE,2025-09-16,1.083,1.089,1.071,1.077,1.0427771587743733,1.0485543175487464,1.0312228412256266,1.037,0.9628597957288765,1143278600.0,,腾讯日K/前复权日K,2026-08-28T18:45:09+08:00,20260926T093659
515220,煤炭ETF国泰,SSE,2025-09-17,1.071,1.103,1.069,1.1,1.0320545454545453,1.062890909090909,1.0301272727272726,1.06,0.9636363636363636,983812300.0,,腾讯日K/前复权日K,2026-08-28T18:45:09+08:00,20260926T093659
515220,煤炭ETF国泰,SSE,2025-09-18,1.092,1.095,1.063,1.073,1.051291705498602,1.054179869524697,1.0233727865796831,1.033,0.9627213420316868,868637500.0,,腾讯日K/前复权日K,2026-08-28T18:45:09+08:00,20260926T093659
515220,煤炭ETF国泰,SSE,2025-09-19,1.073,1.101,1.072,1.1,1.0339818181818181,1.0609636363636363,1.0330181818181818,1.06,0.9636363636363636,884926500.0,,腾讯日K/前复权日K,2026-08-28T18:45:09+08:00,20260926T093659
515220,煤炭ETF国泰,SSE,2025-09-22,1.099,1.109,1.086,1.09,1.0586697247706423,1.068302752293578,1.0461467889908258,1.05,0.963302752293578,838643600.0,,腾讯日K/前复权日K,2026-08-28T18:45:09+08:00,20260926T093659
515220,煤炭ETF国泰,SSE,2025-09-23,1.087,1.102,1.08,1.095,1.0472922374429223,1.061744292237443,1.0405479452054796,1.055,0.9634703196347032,768155000.0,,腾讯日K/前复权日K,2026-08-28T18:45:09+08:00,20260926T093659
515220,煤炭ETF国泰,SSE,2025-09-24,1.089,1.099,1.081,1.095,1.0492191780821918,1.0588538812785389,1.0415114155251142,1.055,0.9634703196347032,670819000.0,,腾讯日K/前复权日K,2026-08-28T18:45:09+08:00,20260926T093659
515220,煤炭ETF国泰,SSE,2025-09-25,1.092,1.093,1.082,1.087,1.0518160073597056,1.0527792088316466,1.0421839926402943,1.047,0.9632014719411223,943496300.0,,腾讯日K/前复权日K,2026-08-28T18:45:09+08:00,20260926T093659
515220,煤炭ETF国泰,SSE,2025-09-26,1.087,1.094,1.081,1.082,1.046815157116451,1.0535563770794825,1.0410369685767098,1.042,0.9630314232902033,495789500.0,,腾讯日K/前复权日K,2026-08-28T18:45:09+08:00,20260926T093659
515220,煤炭ETF国泰,SSE,2025-09-29,1.074,1.075,1.058,1.071,1.0338879551820728,1.0348506069094303,1.018485527544351,1.031,0.9626517273576096,633062800.0,,腾讯日K/前复权日K,2026-08-28T18:45:09+08:00,20260926T093659
515220,煤炭ETF国泰,SSE,2025-09-30,1.066,1.073,1.061,1.069,1.0261122544434051,1.0328503274087932,1.0212993451824135,1.029,0.9625818521983162,374423000.0,,腾讯日K/前复权日K,2026-08-28T18:45:09+08:00,20260926T093659
515220,煤炭ETF国泰,SSE,2025-10-09,1.069,1.1,1.066,1.099,1.0300919017288444,1.0599636032757052,1.0272010919017287,1.059,0.9636032757051864,702141100.0,,腾讯日K/前复权日K,2026-08-28T18:45:09+08:00,20260926T093659
515220,煤炭ETF国泰,SSE,2025-10-10,1.094,1.13,1.089,1.12,1.0549285714285714,1.0896428571428571,1.050107142857143,1.08,0.9642857142857143,1167496800.0,,腾讯日K/前复权日K,2026-08-28T18:45:09+08:00,20260926T093659
515220,煤炭ETF国泰,SSE,2025-10-13,1.094,1.118,1.094,1.117,1.0548236347358997,1.0779641897940915,1.0548236347358997,1.077,0.964189794091316,704233300.0,,腾讯日K/前复权日K,2026-08-28T18:45:09+08:00,20260926T093659
515220,煤炭ETF国泰,SSE,2025-10-14,1.118,1.15,1.114,1.146,1.0789773123909252,1.1098603839441537,1.0751169284467716,1.106,0.9650959860383945,1187190700.0,,腾讯日K/前复权日K,2026-08-28T18:45:09+08:00,20260926T093659
515220,煤炭ETF国泰,SSE,2025-10-15,1.149,1.154,1.133,1.145,1.1088602620087336,1.1136855895196505,1.093419213973799,1.105,0.965065502183406,940141300.0,,腾讯日K/前复权日K,2026-08-28T18:45:09+08:00,20260926T093659
515220,煤炭ETF国泰,SSE,2025-10-16,1.145,1.181,1.143,1.179,1.1061535199321457,1.1409321458863444,1.1042213740458013,1.139,0.9660729431721797,1338638500.0,,腾讯日K/前复权日K,2026-08-28T18:45:09+08:00,20260926T093659
515220,煤炭ETF国泰,SSE,2025-10-17,1.177,1.197,1.167,1.169,1.13672626176219,1.1560419161676647,1.1270684345594526,1.129,0.9657827202737382,1212250300.0,,腾讯日K/前复权日K,2026-08-28T18:45:09+08:00,20260926T093659
515220,煤炭ETF国泰,SSE,2025-10-20,1.173,1.22,1.172,1.218,1.1344778325123153,1.1799343185550082,1.133510673234811,1.178,0.967159277504105,1481632700.0,,腾讯日K/前复权日K,2026-08-28T18:45:09+08:00,20260926T093659
515220,煤炭ETF国泰,SSE,2025-10-21,1.206,1.206,1.181,1.203,1.1659002493765587,1.1659002493765587,1.1417315045719036,1.163,0.9667497921862012,1755128600.0,,腾讯日K/前复权日K,2026-08-28T18:45:09+08:00,20260926T093659
515220,煤炭ETF国泰,SSE,2025-10-22,1.19,1.201,1.178,1.181,1.1496951735817103,1.1603226079593565,1.1381016088060965,1.141,0.9661303979678239,1043767700.0,,腾讯日K/前复权日K,2026-08-28T18:45:09+08:00,20260926T093659
515220,煤炭ETF国泰,SSE,2025-10-23,1.18,1.219,1.18,1.21,1.14099173553719,1.178702479338843,1.14099173553719,1.17,0.9669421487603306,1349369100.0,,腾讯日K/前复权日K,2026-08-28T18:45:09+08:00,20260926T093659
515220,煤炭ETF国泰,SSE,2025-10-24,1.194,1.198,1.179,1.188,1.1537979797979796,1.1576632996632996,1.1393030303030303,1.148,0.9663299663299663,1217934400.0,,腾讯日K/前复权日K,2026-08-28T18:45:09+08:00,20260926T093659
515220,煤炭ETF国泰,SSE,2025-10-27,1.177,1.212,1.157,1.197,1.1376683375104428,1.1714987468671678,1.1183366750208856,1.157,0.9665831244778613,1519537900.0,,腾讯日K/前复权日K,2026-08-28T18:45:09+08:00,20260926T093659
515220,煤炭ETF国泰,SSE,2025-10-28,1.188,1.194,1.175,1.184,1.1478648648648648,1.153662162162162,1.1353040540540542,1.144,0.9662162162162162,936264600.0,,腾讯日K/前复权日K,2026-08-28T18:45:09+08:00,20260926T093659
515220,煤炭ETF国泰,SSE,2025-10-29,1.18,1.207,1.171,1.2,1.1406666666666667,1.1667666666666667,1.1319666666666668,1.16,0.9666666666666667,1069900100.0,,腾讯日K/前复权日K,2026-08-28T18:45:09+08:00,20260926T093659
515220,煤炭ETF国泰,SSE,2025-10-30,1.192,1.209,1.19,1.194,1.1520670016750418,1.168497487437186,1.1501340033500838,1.154,0.966499162479062,958841300.0,,腾讯日K/前复权日K,2026-08-28T18:45:09+08:00,20260926T093659
515220,煤炭ETF国泰,SSE,2025-10-31,1.186,1.193,1.178,1.182,1.1458646362098137,1.152627749576988,1.138135363790186,1.142,0.9661590524534687,718789200.0,,腾讯日K/前复权日K,2026-08-28T18:45:09+08:00,20260926T093659
515220,煤炭ETF国泰,SSE,2025-11-03,1.184,1.221,1.183,1.212,1.1449240924092408,1.1807029702970298,1.1439570957095708,1.172,0.9669966996699669,1219349300.0,,腾讯日K/前复权日K,2026-08-28T18:45:09+08:00,20260926T093659
515220,煤炭ETF国泰,SSE,2025-11-04,1.207,1.226,1.203,1.21,1.167099173553719,1.1854710743801653,1.1632314049586778,1.17,0.9669421487603306,720609800.0,,腾讯日K/前复权日K,2026-08-28T18:45:09+08:00,20260926T093659
515220,煤炭ETF国泰,SSE,2025-11-05,1.203,1.245,1.201,1.231,1.1639098294069863,1.204545085296507,1.161974817221771,1.191,0.9675060926076361,935162700.0,,腾讯日K/前复权日K,2026-08-28T18:45:09+08:00,20260926T093659
515220,煤炭ETF国泰,SSE,2025-11-06,1.229,1.251,1.22,1.24,1.1893548387096775,1.2106451612903224,1.1806451612903224,1.2,0.9677419354838709,772104200.0,,腾讯日K/前复权日K,2026-08-28T18:45:09+08:00,20260926T093659
515220,煤炭ETF国泰,SSE,2025-11-07,1.238,1.255,1.23,1.24,1.1980645161290322,1.214516129032258,1.1903225806451612,1.2,0.9677419354838709,530027300.0,,腾讯日K/前复权日K,2026-08-28T18:45:09+08:00,20260926T093659
515220,煤炭ETF国泰,SSE,2025-11-10,1.243,1.26,1.231,1.248,1.2031602564102566,1.2196153846153845,1.1915448717948718,1.208,0.967948717948718,644758300.0,,腾讯日K/前复权日K,2026-08-28T18:45:09+08:00,20260926T093659
515220,煤炭ETF国泰,SSE,2025-11-11,1.241,1.244,1.211,1.232,1.2007077922077922,1.2036103896103896,1.1716818181818183,1.192,0.9675324675324675,992921300.0,,腾讯日K/前复权日K,2026-08-28T18:45:09+08:00,20260926T093659
515220,煤炭ETF国泰,SSE,2025-11-12,1.223,1.231,1.214,1.217,1.1828027937551355,1.1905398520953163,1.174098603122432,1.177,0.9671322925225965,670128800.0,,腾讯日K/前复权日K,2026-08-28T18:45:09+08:00,20260926T093659
515220,煤炭ETF国泰,SSE,2025-11-13,1.213,1.232,1.206,1.229,1.1735207485760781,1.1919023596419853,1.1667485760781122,1.189,0.967453213995118,692603300.0,,腾讯日K/前复权日K,2026-08-28T18:45:09+08:00,20260926T093659
515220,煤炭ETF国泰,SSE,2025-11-14,1.224,1.239,1.211,1.215,1.1837037037037037,1.1982098765432099,1.1711316872427984,1.175,0.9670781893004115,613266400.0,,腾讯日K/前复权日K,2026-08-28T18:45:09+08:00,20260926T093659
515220,煤炭ETF国泰,SSE,2025-11-17,1.215,1.242,1.206,1.236,1.1756796116504855,1.2018058252427184,1.1669708737864077,1.196,0.9676375404530744,907401200.0,,腾讯日K/前复权日K,2026-08-28T18:45:09+08:00,20260926T093659
515220,煤炭ETF国泰,SSE,2025-11-18,1.228,1.229,1.189,1.193,1.186826487845767,1.1877929589270746,1.1491341156747696,1.153,0.9664710813076278,757636200.0,,腾讯日K/前复权日K,2026-08-28T18:45:09+08:00,20260926T093659
515220,煤炭ETF国泰,SSE,2025-11-19,1.185,1.198,1.18,1.192,1.145234899328859,1.1577986577181207,1.1404026845637583,1.152,0.9664429530201342,416068300.0,,腾讯日K/前复权日K,2026-08-28T18:45:09+08:00,20260926T093659
515220,煤炭ETF国泰,SSE,2025-11-20,1.184,1.193,1.163,1.166,1.1433825042881645,1.152073756432247,1.1231029159519725,1.126,0.9656946826758147,678285700.0,,腾讯日K/前复权日K,2026-08-28T18:45:09+08:00,20260926T093659
515220,煤炭ETF国泰,SSE,2025-11-21,1.16,1.163,1.131,1.132,1.119010600706714,1.1219045936395762,1.091035335689046,1.092,0.9646643109540638,760642700.0,,腾讯日K/前复权日K,2026-08-28T18:45:09+08:00,20260926T093659
515220,煤炭ETF国泰,SSE,2025-11-24,1.132,1.14,1.113,1.122,1.0916434937611408,1.0993582887700535,1.0733208556149734,1.082,0.964349376114082,558064200.0,,腾讯日K/前复权日K,2026-08-28T18:45:09+08:00,20260926T093659
515220,煤炭ETF国泰,SSE,2025-11-25,1.121,1.131,1.118,1.13,1.0813185840707966,1.0909646017699117,1.0784247787610621,1.09,0.9646017699115046,430835300.0,,腾讯日K/前复权日K,2026-08-28T18:45:09+08:00,20260926T093659
515220,煤炭ETF国泰,SSE,2025-11-26,1.123,1.131,1.12,1.122,1.082964349376114,1.0906791443850268,1.0800713012477718,1.082,0.964349376114082,335286100.0,,腾讯日K/前复权日K,2026-08-28T18:45:09+08:00,20260926T093659
515220,煤炭ETF国泰,SSE,2025-11-27,1.122,1.131,1.115,1.129,1.0822480070859168,1.0909291408325952,1.0754960141718335,1.089,0.9645704162976084,400969800.0,,腾讯日K/前复权日K,2026-08-28T18:45:09+08:00,20260926T093659
515220,煤炭ETF国泰,SSE,2025-11-28,1.124,1.132,1.12,1.128,1.0841418439716315,1.0918581560283689,1.0802836879432627,1.088,0.9645390070921988,290960000.0,,腾讯日K/前复权日K,2026-08-28T18:45:09+08:00,20260926T093659
515220,煤炭ETF国泰,SSE,2025-12-01,1.128,1.139,1.128,1.139,1.0883863037752413,1.099,1.0883863037752413,1.099,0.9648814749780509,351729500.0,,腾讯日K/前复权日K,2026-08-28T18:45:09+08:00,20260926T093659
515220,煤炭ETF国泰,SSE,2025-12-02,1.14,1.142,1.125,1.138,1.0999297012302285,1.101859402460457,1.0854569420035152,1.098,0.9648506151142356,442480200.0,,腾讯日K/前复权日K,2026-08-28T18:45:09+08:00,20260926T093659
515220,煤炭ETF国泰,SSE,2025-12-03,1.133,1.155,1.132,1.145,1.093419213973799,1.114650655021834,1.0924541484716155,1.105,0.965065502183406,467065700.0,,腾讯日K/前复权日K,2026-08-28T18:45:09+08:00,20260926T093659
515220,煤炭ETF国泰,SSE,2025-12-04,1.145,1.145,1.13,1.135,1.104647577092511,1.104647577092511,1.0901762114537443,1.095,0.9647577092511013,340166200.0,,腾讯日K/前复权日K,2026-08-28T18:45:09+08:00,20260926T093659
515220,煤炭ETF国泰,SSE,2025-12-05,1.131,1.133,1.122,1.13,1.0909646017699117,1.0928938053097348,1.0822831858407083,1.09,0.9646017699115046,311697200.0,,腾讯日K/前复权日K,2026-08-28T18:45:09+08:00,20260926T093659
515220,煤炭ETF国泰,SSE,2025-12-08,1.123,1.124,1.104,1.113,1.0826406109613655,1.0836046720575023,1.064323450134771,1.073,0.9640610961365678,641391200.0,,腾讯日K/前复权日K,2026-08-28T18:45:09+08:00,20260926T093659
515220,煤炭ETF国泰,SSE,2025-12-09,1.109,1.11,1.095,1.097,1.0685624430264358,1.0695259799453054,1.0550729261622607,1.057,0.9635369188696444,394667200.0,,腾讯日K/前复权日K,2026-08-28T18:45:09+08:00,20260926T093659
515220,煤炭ETF国泰,SSE,2025-12-10,1.097,1.102,1.094,1.1,1.0571090909090908,1.0619272727272728,1.054218181818182,1.06,0.9636363636363636,249258300.0,,腾讯日K/前复权日K,2026-08-28T18:45:09+08:00,20260926T093659
515220,煤炭ETF国泰,SSE,2025-12-11,1.098,1.105,1.087,1.089,1.0576694214876032,1.0644123048668501,1.0470734618916435,1.049,0.963269054178145,275325600.0,,腾讯日K/前复权日K,2026-08-28T18:45:09+08:00,20260926T093659
515220,煤炭ETF国泰,SSE,2025-12-12,1.089,1.099,1.083,1.085,1.048852534562212,1.0584838709677418,1.043073732718894,1.045,0.9631336405529953,370044600.0,,腾讯日K/前复权日K,2026-08-28T18:45:09+08:00,20260926T093659
515220,煤炭ETF国泰,SSE,2025-12-15,1.087,1.1,1.085,1.093,1.0472195791399816,1.0597438243366881,1.0452927721866423,1.053,0.9634034766697164,368491900.0,,腾讯日K/前复权日K,2026-08-28T18:45:09+08:00,20260926T093659
515220,煤炭ETF国泰,SSE,2025-12-16,1.09,1.091,1.072,1.075,1.0494418604651163,1.0504046511627907,1.0321116279069769,1.035,0.9627906976744186,293713600.0,,腾讯日K/前复权日K,2026-08-28T18:45:09+08:00,20260926T093659
515220,煤炭ETF国泰,SSE,2025-12-17,1.073,1.076,1.064,1.075,1.0330744186046512,1.0359627906976745,1.0244093023255814,1.035,0.9627906976744186,316036900.0,,腾讯日K/前复权日K,2026-08-28T18:45:09+08:00,20260926T093659
515220,煤炭ETF国泰,SSE,2025-12-18,1.08,1.096,1.079,1.095,1.0405479452054796,1.0559634703196348,1.0395844748858447,1.055,0.9634703196347032,426683700.0,,腾讯日K/前复权日K,2026-08-28T18:45:09+08:00,20260926T093659
515220,煤炭ETF国泰,SSE,2025-12-19,1.085,1.092,1.081,1.091,1.0452199816681942,1.0519633363886343,1.041366636113657,1.051,0.9633363886342804,424810800.0,,腾讯日K/前复权日K,2026-08-28T18:45:09+08:00,20260926T093659
515220,煤炭ETF国泰,SSE,2025-12-22,1.09,1.093,1.081,1.089,1.0499632690541782,1.0528530762167125,1.0412938475665747,1.049,0.963269054178145,347428200.0,,腾讯日K/前复权日K,2026-08-28T18:45:09+08:00,20260926T093659
515220,煤炭ETF国泰,SSE,2025-12-23,1.089,1.092,1.079,1.083,1.0487783933518005,1.0516675900277008,1.0391477377654663,1.043,0.9630655586334257,359985800.0,,腾讯日K/前复权日K,2026-08-28T18:45:09+08:00,20260926T093659
515220,煤炭ETF国泰,SSE,2025-12-24,1.045,1.045,1.028,1.038,1.045,1.045,1.028,1.038,1.0,361195100.0,,腾讯日K/前复权日K,2026-08-28T18:45:09+08:00,20260926T093659
515220,煤炭ETF国泰,SSE,2025-12-25,1.037,1.038,1.032,1.036,1.037,1.038,1.032,1.036,1.0,388106300.0,,腾讯日K/前复权日K,2026-08-28T18:45:09+08:00,20260926T093659
515220,煤炭ETF国泰,SSE,2025-12-26,1.033,1.042,1.032,1.039,1.033,1.042,1.032,1.039,1.0,365787600.0,,腾讯日K/前复权日K,2026-08-28T18:45:09+08:00,20260926T093659
515220,煤炭ETF国泰,SSE,2025-12-29,1.039,1.052,1.038,1.043,1.039,1.052,1.038,1.043,1.0,406299000.0,,腾讯日K/前复权日K,2026-08-28T18:45:09+08:00,20260926T093659
515220,煤炭ETF国泰,SSE,2025-12-30,1.04,1.041,1.03,1.035,1.04,1.041,1.03,1.035,1.0,233052800.0,,腾讯日K/前复权日K,2026-08-28T18:45:09+08:00,20260926T093659
515220,煤炭ETF国泰,SSE,2025-12-31,1.033,1.036,1.024,1.028,1.033,1.036,1.024,1.028,1.0,229556300.0,,腾讯日K/前复权日K,2026-08-28T18:45:09+08:00,20260926T093659
515220,煤炭ETF国泰,SSE,2026-01-05,1.028,1.037,1.028,1.034,1.028,1.037,1.028,1.034,1.0,292424000.0,,腾讯日K/前复权日K,2026-08-28T18:45:09+08:00,20260926T093659
515220,煤炭ETF国泰,SSE,2026-01-06,1.033,1.053,1.031,1.053,1.033,1.053,1.031,1.053,1.0,704991800.0,,腾讯日K/前复权日K,2026-08-28T18:45:09+08:00,20260926T093659
515220,煤炭ETF国泰,SSE,2026-01-07,1.059,1.094,1.053,1.093,1.059,1.094,1.053,1.093,1.0,1268826000.0,,腾讯日K/前复权日K,2026-08-28T18:45:09+08:00,20260926T093659
515220,煤炭ETF国泰,SSE,2026-01-08,1.1,1.104,1.082,1.092,1.1,1.104,1.082,1.092,1.0,947635400.0,,腾讯日K/前复权日K,2026-08-28T18:45:09+08:00,20260926T093659
515220,煤炭ETF国泰,SSE,2026-01-09,1.08,1.098,1.08,1.096,1.08,1.098,1.08,1.096,1.0,644728400.0,,腾讯日K/前复权日K,2026-08-28T18:45:09+08:00,20260926T093659
515220,煤炭ETF国泰,SSE,2026-01-12,1.096,1.104,1.086,1.094,1.096,1.104,1.086,1.094,1.0,511799100.0,,腾讯日K/前复权日K,2026-08-28T18:45:09+08:00,20260926T093659
515220,煤炭ETF国泰,SSE,2026-01-13,1.092,1.094,1.079,1.081,1.092,1.094,1.079,1.081,1.0,517285100.0,,腾讯日K/前复权日K,2026-08-28T18:45:09+08:00,20260926T093659
515220,煤炭ETF国泰,SSE,2026-01-14,1.08,1.085,1.065,1.072,1.08,1.085,1.065,1.072,1.0,602064700.0,,腾讯日K/前复权日K,2026-08-28T18:45:09+08:00,20260926T093659
515220,煤炭ETF国泰,SSE,2026-01-15,1.072,1.077,1.064,1.067,1.072,1.077,1.064,1.067,1.0,366512300.0,,腾讯日K/前复权日K,2026-08-28T18:45:09+08:00,20260926T093659
515220,煤炭ETF国泰,SSE,2026-01-16,1.067,1.074,1.05,1.054,1.067,1.074,1.05,1.054,1.0,416341200.0,,腾讯日K/前复权日K,2026-08-28T18:45:09+08:00,20260926T093659
515220,煤炭ETF国泰,SSE,2026-01-19,1.054,1.069,1.054,1.069,1.054,1.069,1.054,1.069,1.0,389298400.0,,腾讯日K/前复权日K,2026-08-28T18:45:09+08:00,20260926T093659
515220,煤炭ETF国泰,SSE,2026-01-20,1.068,1.084,1.06,1.083,1.068,1.084,1.06,1.083,1.0,390580500.0,,腾讯日K/前复权日K,2026-08-28T18:45:09+08:00,20260926T093659
515220,煤炭ETF国泰,SSE,2026-01-21,1.08,1.08,1.061,1.07,1.08,1.08,1.061,1.07,1.0,419671200.0,,腾讯日K/前复权日K,2026-08-28T18:45:09+08:00,20260926T093659
515220,煤炭ETF国泰,SSE,2026-01-22,1.067,1.09,1.063,1.089,1.067,1.09,1.063,1.089,1.0,519928000.0,,腾讯日K/前复权日K,2026-08-28T18:45:09+08:00,20260926T093659
515220,煤炭ETF国泰,SSE,2026-01-23,1.087,1.087,1.076,1.079,1.087,1.087,1.076,1.079,1.0,490381500.0,,腾讯日K/前复权日K,2026-08-28T18:45:09+08:00,20260926T093659
515220,煤炭ETF国泰,SSE,2026-01-26,1.077,1.103,1.075,1.101,1.077,1.103,1.075,1.101,1.0,666609100.0,,腾讯日K/前复权日K,2026-08-28T18:45:09+08:00,20260926T093659
515220,煤炭ETF国泰,SSE,2026-01-27,1.101,1.103,1.072,1.073,1.101,1.103,1.072,1.073,1.0,587182300.0,,腾讯日K/前复权日K,2026-08-28T18:45:09+08:00,20260926T093659
515220,煤炭ETF国泰,SSE,2026-01-28,1.075,1.129,1.071,1.124,1.075,1.129,1.071,1.124,1.0,1063310100.0,,腾讯日K/前复权日K,2026-08-28T18:45:09+08:00,20260926T093659
515220,煤炭ETF国泰,SSE,2026-01-29,1.122,1.14,1.111,1.129,1.122,1.14,1.111,1.129,1.0,973330300.0,,腾讯日K/前复权日K,2026-08-28T18:45:09+08:00,20260926T093659
515220,煤炭ETF国泰,SSE,2026-01-30,1.135,1.168,1.116,1.13,1.135,1.168,1.116,1.13,1.0,1036846700.0,,腾讯日K/前复权日K,2026-08-28T18:45:09+08:00,20260926T093659
515220,煤炭ETF国泰,SSE,2026-02-02,1.101,1.113,1.06,1.063,1.101,1.113,1.06,1.063,1.0,880150100.0,,腾讯日K/前复权日K,2026-08-28T18:45:09+08:00,20260926T093659
515220,煤炭ETF国泰,SSE,2026-02-03,1.066,1.077,1.054,1.069,1.066,1.077,1.054,1.069,1.0,527669800.0,,腾讯日K/前复权日K,2026-08-28T18:45:09+08:00,20260926T093659
515220,煤炭ETF国泰,SSE,2026-02-04,1.073,1.175,1.072,1.166,1.073,1.175,1.072,1.166,1.0,2143754700.0,,腾讯日K/前复权日K,2026-08-28T18:45:09+08:00,20260926T093659
515220,煤炭ETF国泰,SSE,2026-02-05,1.139,1.145,1.122,1.133,1.139,1.145,1.122,1.133,1.0,991279000.0,,腾讯日K/前复权日K,2026-08-28T18:45:09+08:00,20260926T093659
515220,煤炭ETF国泰,SSE,2026-02-06,1.115,1.137,1.108,1.128,1.115,1.137,1.108,1.128,1.0,638434700.0,,腾讯日K/前复权日K,2026-08-28T18:45:09+08:00,20260926T093659
515220,煤炭ETF国泰,SSE,2026-02-09,1.122,1.14,1.122,1.134,1.122,1.14,1.122,1.134,1.0,537946800.0,,腾讯日K/前复权日K,2026-08-28T18:45:09+08:00,20260926T093659
515220,煤炭ETF国泰,SSE,2026-02-10,1.131,1.15,1.118,1.144,1.131,1.15,1.118,1.144,1.0,480993600.0,,腾讯日K/前复权日K,2026-08-28T18:45:09+08:00,20260926T093659
515220,煤炭ETF国泰,SSE,2026-02-11,1.14,1.165,1.128,1.16,1.14,1.165,1.128,1.16,1.0,691204800.0,,腾讯日K/前复权日K,2026-08-28T18:45:09+08:00,20260926T093659
515220,煤炭ETF国泰,SSE,2026-02-12,1.158,1.177,1.151,1.164,1.158,1.177,1.151,1.164,1.0,506972600.0,,腾讯日K/前复权日K,2026-08-28T18:45:09+08:00,20260926T093659
515220,煤炭ETF国泰,SSE,2026-02-13,1.156,1.168,1.143,1.144,1.156,1.168,1.143,1.144,1.0,509694200.0,,腾讯日K/前复权日K,2026-08-28T18:45:09+08:00,20260926T093659
515220,煤炭ETF国泰,SSE,2026-02-24,1.148,1.187,1.148,1.18,1.148,1.187,1.148,1.18,1.0,541764100.0,,腾讯日K/前复权日K,2026-08-28T18:45:09+08:00,20260926T093659
515220,煤炭ETF国泰,SSE,2026-02-25,1.175,1.2,1.172,1.177,1.175,1.2,1.172,1.177,1.0,585971400.0,,腾讯日K/前复权日K,2026-08-28T18:45:09+08:00,20260926T093659
515220,煤炭ETF国泰,SSE,2026-02-26,1.176,1.193,1.163,1.169,1.176,1.193,1.163,1.169,1.0,471795800.0,,腾讯日K/前复权日K,2026-08-28T18:45:09+08:00,20260926T093659
515220,煤炭ETF国泰,SSE,2026-02-27,1.166,1.207,1.164,1.202,1.166,1.207,1.164,1.202,1.0,569530400.0,,腾讯日K/前复权日K,2026-08-28T18:45:09+08:00,20260926T093659
515220,煤炭ETF国泰,SSE,2026-03-02,1.233,1.247,1.209,1.243,1.233,1.247,1.209,1.243,1.0,1401549300.0,,腾讯日K/前复权日K,2026-08-28T18:45:09+08:00,20260926T093659
515220,煤炭ETF国泰,SSE,2026-03-03,1.247,1.31,1.223,1.283,1.247,1.31,1.223,1.283,1.0,1485262400.0,,腾讯日K/前复权日K,2026-08-28T18:45:09+08:00,20260926T093659
515220,煤炭ETF国泰,SSE,2026-03-04,1.27,1.27,1.207,1.255,1.27,1.27,1.207,1.255,1.0,997698100.0,,腾讯日K/前复权日K,2026-08-28T18:45:09+08:00,20260926T093659
515220,煤炭ETF国泰,SSE,2026-03-05,1.231,1.266,1.218,1.252,1.231,1.266,1.218,1.252,1.0,876323000.0,,腾讯日K/前复权日K,2026-08-28T18:45:09+08:00,20260926T093659
515220,煤炭ETF国泰,SSE,2026-03-06,1.235,1.245,1.217,1.237,1.235,1.245,1.217,1.237,1.0,694562500.0,,腾讯日K/前复权日K,2026-08-28T18:45:09+08:00,20260926T093659
515220,煤炭ETF国泰,SSE,2026-03-09,1.3,1.33,1.268,1.276,1.3,1.33,1.268,1.276,1.0,1769739000.0,,腾讯日K/前复权日K,2026-08-28T18:45:09+08:00,20260926T093659
515220,煤炭ETF国泰,SSE,2026-03-10,1.205,1.254,1.204,1.234,1.205,1.254,1.204,1.234,1.0,954374800.0,,腾讯日K/前复权日K,2026-08-28T18:45:09+08:00,20260926T093659
515220,煤炭ETF国泰,SSE,2026-03-11,1.229,1.273,1.215,1.268,1.229,1.273,1.215,1.268,1.0,866617800.0,,腾讯日K/前复权日K,2026-08-28T18:45:09+08:00,20260926T093659
515220,煤炭ETF国泰,SSE,2026-03-12,1.282,1.342,1.269,1.335,1.282,1.342,1.269,1.335,1.0,1397009500.0,,腾讯日K/前复权日K,2026-08-28T18:45:09+08:00,20260926T093659
515220,煤炭ETF国泰,SSE,2026-03-13,1.336,1.36,1.317,1.319,1.336,1.36,1.317,1.319,1.0,1075974700.0,,腾讯日K/前复权日K,2026-08-28T18:45:09+08:00,20260926T093659
515220,煤炭ETF国泰,SSE,2026-03-16,1.324,1.335,1.28,1.288,1.324,1.335,1.28,1.288,1.0,967446400.0,,腾讯日K/前复权日K,2026-08-28T18:45:09+08:00,20260926T093659
515220,煤炭ETF国泰,SSE,2026-03-17,1.277,1.295,1.253,1.26,1.277,1.295,1.253,1.26,1.0,902476100.0,,腾讯日K/前复权日K,2026-08-28T18:45:09+08:00,20260926T093659
515220,煤炭ETF国泰,SSE,2026-03-18,1.254,1.283,1.234,1.251,1.254,1.283,1.234,1.251,1.0,708973500.0,,腾讯日K/前复权日K,2026-08-28T18:45:09+08:00,20260926T093659
515220,煤炭ETF国泰,SSE,2026-03-19,1.276,1.29,1.264,1.279,1.276,1.29,1.264,1.279,1.0,1083410700.0,,腾讯日K/前复权日K,2026-08-28T18:45:09+08:00,20260926T093659
515220,煤炭ETF国泰,SSE,2026-03-20,1.256,1.293,1.25,1.283,1.256,1.293,1.25,1.283,1.0,962052900.0,,腾讯日K/前复权日K,2026-08-28T18:45:09+08:00,20260926T093659
515220,煤炭ETF国泰,SSE,2026-03-23,1.308,1.33,1.28,1.293,1.308,1.33,1.28,1.293,1.0,934445500.0,,腾讯日K/前复权日K,2026-08-28T18:45:09+08:00,20260926T093659
515220,煤炭ETF国泰,SSE,2026-03-24,1.262,1.292,1.262,1.286,1.262,1.292,1.262,1.286,1.0,703728900.0,,腾讯日K/前复权日K,2026-08-28T18:45:09+08:00,20260926T093659
515220,煤炭ETF国泰,SSE,2026-03-25,1.255,1.272,1.234,1.266,1.255,1.272,1.234,1.266,1.0,841209200.0,,腾讯日K/前复权日K,2026-08-28T18:45:09+08:00,20260926T093659
515220,煤炭ETF国泰,SSE,2026-03-26,1.267,1.286,1.258,1.281,1.267,1.286,1.258,1.281,1.0,623588900.0,,腾讯日K/前复权日K,2026-08-28T18:45:09+08:00,20260926T093659
515220,煤炭ETF国泰,SSE,2026-03-27,1.268,1.289,1.262,1.277,1.268,1.289,1.262,1.277,1.0,450005300.0,,腾讯日K/前复权日K,2026-08-28T18:45:09+08:00,20260926T093659
515220,煤炭ETF国泰,SSE,2026-03-30,1.278,1.298,1.257,1.268,1.278,1.298,1.257,1.268,1.0,503798600.0,,腾讯日K/前复权日K,2026-08-28T18:45:09+08:00,20260926T093659
515220,煤炭ETF国泰,SSE,2026-03-31,1.253,1.272,1.217,1.22,1.253,1.272,1.217,1.22,1.0,761934600.0,,腾讯日K/前复权日K,2026-08-28T18:45:09+08:00,20260926T093659
515220,煤炭ETF国泰,SSE,2026-04-01,1.205,1.232,1.196,1.213,1.205,1.232,1.196,1.213,1.0,590005700.0,,腾讯日K/前复权日K,2026-08-28T18:45:09+08:00,20260926T093659
515220,煤炭ETF国泰,SSE,2026-04-02,1.214,1.238,1.214,1.225,1.214,1.238,1.214,1.225,1.0,413601100.0,,腾讯日K/前复权日K,2026-08-28T18:45:09+08:00,20260926T093659
515220,煤炭ETF国泰,SSE,2026-04-03,1.222,1.223,1.186,1.192,1.222,1.223,1.186,1.192,1.0,333566700.0,,腾讯日K/前复权日K,2026-08-28T18:45:09+08:00,20260926T093659
515220,煤炭ETF国泰,SSE,2026-04-07,1.192,1.227,1.185,1.226,1.192,1.227,1.185,1.226,1.0,436139100.0,,腾讯日K/前复权日K,2026-08-28T18:45:09+08:00,20260926T093659
515220,煤炭ETF国泰,SSE,2026-04-08,1.187,1.202,1.178,1.202,1.187,1.202,1.178,1.202,1.0,874050300.0,,腾讯日K/前复权日K,2026-08-28T18:45:09+08:00,20260926T093659
515220,煤炭ETF国泰,SSE,2026-04-09,1.202,1.205,1.19,1.193,1.202,1.205,1.19,1.193,1.0,339014500.0,,腾讯日K/前复权日K,2026-08-28T18:45:09+08:00,20260926T093659
515220,煤炭ETF国泰,SSE,2026-04-10,1.185,1.205,1.183,1.195,1.185,1.205,1.183,1.195,1.0,595318700.0,,腾讯日K/前复权日K,2026-08-28T18:45:09+08:00,20260926T093659
515220,煤炭ETF国泰,SSE,2026-04-13,1.207,1.217,1.195,1.206,1.207,1.217,1.195,1.206,1.0,490393300.0,,腾讯日K/前复权日K,2026-08-28T18:45:09+08:00,20260926T093659
515220,煤炭ETF国泰,SSE,2026-04-14,1.196,1.202,1.185,1.193,1.196,1.202,1.185,1.193,1.0,650927200.0,,腾讯日K/前复权日K,2026-08-28T18:45:09+08:00,20260926T093659
515220,煤炭ETF国泰,SSE,2026-04-15,1.187,1.199,1.166,1.195,1.187,1.199,1.166,1.195,1.0,560863600.0,,腾讯日K/前复权日K,2026-08-28T18:45:09+08:00,20260926T093659
515220,煤炭ETF国泰,SSE,2026-04-16,1.191,1.199,1.187,1.198,1.191,1.199,1.187,1.198,1.0,371338800.0,,腾讯日K/前复权日K,2026-08-28T18:45:09+08:00,20260926T093659
515220,煤炭ETF国泰,SSE,2026-04-17,1.198,1.2,1.176,1.179,1.198,1.2,1.176,1.179,1.0,410255100.0,,腾讯日K/前复权日K,2026-08-28T18:45:09+08:00,20260926T093659
515220,煤炭ETF国泰,SSE,2026-04-20,1.179,1.188,1.165,1.177,1.179,1.188,1.165,1.177,1.0,503207500.0,,腾讯日K/前复权日K,2026-08-28T18:45:09+08:00,20260926T093659
515220,煤炭ETF国泰,SSE,2026-04-21,1.172,1.21,1.172,1.206,1.172,1.21,1.172,1.206,1.0,515712300.0,,腾讯日K/前复权日K,2026-08-28T18:45:09+08:00,20260926T093659
515220,煤炭ETF国泰,SSE,2026-04-22,1.207,1.224,1.205,1.21,1.207,1.224,1.205,1.21,1.0,433140800.0,,腾讯日K/前复权日K,2026-08-28T18:45:09+08:00,20260926T093659
515220,煤炭ETF国泰,SSE,2026-04-23,1.204,1.254,1.204,1.246,1.204,1.254,1.204,1.246,1.0,673558100.0,,腾讯日K/前复权日K,2026-08-28T18:45:09+08:00,20260926T093659
515220,煤炭ETF国泰,SSE,2026-04-24,1.244,1.263,1.24,1.247,1.244,1.263,1.24,1.247,1.0,532639100.0,,腾讯日K/前复权日K,2026-08-28T18:45:09+08:00,20260926T093659
515220,煤炭ETF国泰,SSE,2026-04-27,1.233,1.259,1.221,1.254,1.233,1.259,1.221,1.254,1.0,615185300.0,,腾讯日K/前复权日K,2026-08-28T18:45:09+08:00,20260926T093659
515220,煤炭ETF国泰,SSE,2026-04-28,1.243,1.305,1.243,1.298,1.243,1.305,1.243,1.298,1.0,639046700.0,,腾讯日K/前复权日K,2026-08-28T18:45:09+08:00,20260926T093659
515220,煤炭ETF国泰,SSE,2026-04-29,1.291,1.333,1.288,1.32,1.291,1.333,1.288,1.32,1.0,590161300.0,,腾讯日K/前复权日K,2026-08-28T18:45:09+08:00,20260926T093659
515220,煤炭ETF国泰,SSE,2026-04-30,1.316,1.328,1.302,1.315,1.316,1.328,1.302,1.315,1.0,881898400.0,,腾讯日K/前复权日K,2026-08-28T18:45:09+08:00,20260926T093659
515220,煤炭ETF国泰,SSE,2026-05-06,1.307,1.325,1.292,1.322,1.307,1.325,1.292,1.322,1.0,676275700.0,,腾讯日K/前复权日K,2026-08-28T18:45:09+08:00,20260926T093659
515220,煤炭ETF国泰,SSE,2026-05-07,1.305,1.306,1.255,1.257,1.305,1.306,1.255,1.257,1.0,846076700.0,,腾讯日K/前复权日K,2026-08-28T18:45:09+08:00,20260926T093659
515220,煤炭ETF国泰,SSE,2026-05-08,1.259,1.272,1.243,1.246,1.259,1.272,1.243,1.246,1.0,481287200.0,,腾讯日K/前复权日K,2026-08-28T18:45:09+08:00,20260926T093659
515220,煤炭ETF国泰,SSE,2026-05-11,1.246,1.273,1.246,1.252,1.246,1.273,1.246,1.252,1.0,808616500.0,,腾讯日K/前复权日K,2026-08-28T18:45:09+08:00,20260926T093659
515220,煤炭ETF国泰,SSE,2026-05-12,1.249,1.26,1.233,1.239,1.249,1.26,1.233,1.239,1.0,423509400.0,,腾讯日K/前复权日K,2026-08-28T18:45:09+08:00,20260926T093659
515220,煤炭ETF国泰,SSE,2026-05-13,1.237,1.245,1.22,1.228,1.237,1.245,1.22,1.228,1.0,629584800.0,,腾讯日K/前复权日K,2026-08-28T18:45:09+08:00,20260926T093659
515220,煤炭ETF国泰,SSE,2026-05-14,1.227,1.239,1.211,1.212,1.227,1.239,1.211,1.212,1.0,402771500.0,,腾讯日K/前复权日K,2026-08-28T18:45:09+08:00,20260926T093659
515220,煤炭ETF国泰,SSE,2026-05-15,1.211,1.247,1.201,1.231,1.211,1.247,1.201,1.231,1.0,838595600.0,,腾讯日K/前复权日K,2026-08-28T18:45:09+08:00,20260926T093659
515220,煤炭ETF国泰,SSE,2026-05-18,1.237,1.256,1.22,1.252,1.237,1.256,1.22,1.252,1.0,890423600.0,,腾讯日K/前复权日K,2026-08-28T18:45:09+08:00,20260926T093659
515220,煤炭ETF国泰,SSE,2026-05-19,1.245,1.263,1.24,1.249,1.245,1.263,1.24,1.249,1.0,528765600.0,,腾讯日K/前复权日K,2026-08-28T18:45:09+08:00,20260926T093659
515220,煤炭ETF国泰,SSE,2026-05-20,1.248,1.257,1.226,1.229,1.248,1.257,1.226,1.229,1.0,490143200.0,,腾讯日K/前复权日K,2026-08-28T18:45:09+08:00,20260926T093659
515220,煤炭ETF国泰,SSE,2026-05-21,1.212,1.224,1.187,1.19,1.212,1.224,1.187,1.19,1.0,531769000.0,,腾讯日K/前复权日K,2026-08-28T18:45:09+08:00,20260926T093659
515220,煤炭ETF国泰,SSE,2026-05-22,1.186,1.192,1.168,1.18,1.186,1.192,1.168,1.18,1.0,405266800.0,,腾讯日K/前复权日K,2026-08-28T18:45:09+08:00,20260926T093659
515220,煤炭ETF国泰,SSE,2026-05-25,1.217,1.252,1.213,1.218,1.217,1.252,1.213,1.218,1.0,960217700.0,,腾讯日K/前复权日K,2026-08-28T18:45:09+08:00,20260926T093659
515220,煤炭ETF国泰,SSE,2026-05-26,1.205,1.228,1.197,1.206,1.205,1.228,1.197,1.206,1.0,477259500.0,,腾讯日K/前复权日K,2026-08-28T18:45:09+08:00,20260926T093659
515220,煤炭ETF国泰,SSE,2026-05-27,1.202,1.236,1.192,1.23,1.202,1.236,1.192,1.23,1.0,535577900.0,,腾讯日K/前复权日K,2026-08-28T18:45:09+08:00,20260926T093659
515220,煤炭ETF国泰,SSE,2026-05-28,1.227,1.276,1.223,1.251,1.227,1.276,1.223,1.251,1.0,746452500.0,,腾讯日K/前复权日K,2026-08-28T18:45:09+08:00,20260926T093659
515220,煤炭ETF国泰,SSE,2026-05-29,1.243,1.29,1.24,1.284,1.243,1.29,1.24,1.284,1.0,700462300.0,,腾讯日K/前复权日K,2026-08-28T18:45:09+08:00,20260926T093659
515220,煤炭ETF国泰,SSE,2026-06-01,1.292,1.371,1.273,1.369,1.292,1.371,1.273,1.369,1.0,1369545200.0,,腾讯日K/前复权日K,2026-08-28T18:45:09+08:00,20260926T093659
515220,煤炭ETF国泰,SSE,2026-06-02,1.37,1.41,1.336,1.347,1.37,1.41,1.336,1.347,1.0,1246426500.0,,腾讯日K/前复权日K,2026-08-28T18:45:09+08:00,20260926T093659
515220,煤炭ETF国泰,SSE,2026-06-03,1.325,1.412,1.321,1.4,1.325,1.412,1.321,1.4,1.0,1478175000.0,,腾讯日K/前复权日K,2026-08-28T18:45:09+08:00,20260926T093659
515220,煤炭ETF国泰,SSE,2026-06-04,1.39,1.459,1.366,1.43,1.39,1.459,1.366,1.43,1.0,1708418600.0,,腾讯日K/前复权日K,2026-08-28T18:45:09+08:00,20260926T093659
515220,煤炭ETF国泰,SSE,2026-06-05,1.406,1.439,1.39,1.395,1.406,1.439,1.39,1.395,1.0,1199363800.0,,腾讯日K/前复权日K,2026-08-28T18:45:09+08:00,20260926T093659
515220,煤炭ETF国泰,SSE,2026-06-08,1.383,1.423,1.362,1.389,1.383,1.423,1.362,1.389,1.0,1428910400.0,,腾讯日K/前复权日K,2026-08-28T18:45:09+08:00,20260926T093659
515220,煤炭ETF国泰,SSE,2026-06-09,1.343,1.376,1.332,1.36,1.343,1.376,1.332,1.36,1.0,870465800.0,,腾讯日K/前复权日K,2026-08-28T18:45:09+08:00,20260926T093659
515220,煤炭ETF国泰,SSE,2026-06-10,1.35,1.353,1.298,1.305,1.35,1.353,1.298,1.305,1.0,756556900.0,,腾讯日K/前复权日K,2026-08-28T18:45:09+08:00,20260926T093659
515220,煤炭ETF国泰,SSE,2026-06-11,1.314,1.331,1.293,1.31,1.314,1.331,1.293,1.31,1.0,637057600.0,,腾讯日K/前复权日K,2026-08-28T18:45:09+08:00,20260926T093659
515220,煤炭ETF国泰,SSE,2026-06-12,1.28,1.336,1.28,1.318,1.28,1.336,1.28,1.318,1.0,707725300.0,,腾讯日K/前复权日K,2026-08-28T18:45:09+08:00,20260926T093659
515220,煤炭ETF国泰,SSE,2026-06-15,1.292,1.292,1.247,1.258,1.292,1.292,1.247,1.258,1.0,1199771000.0,,腾讯日K/前复权日K,2026-08-28T18:45:09+08:00,20260926T093659
515220,煤炭ETF国泰,SSE,2026-06-16,1.248,1.249,1.214,1.225,1.248,1.249,1.214,1.225,1.0,1266522900.0,,腾讯日K/前复权日K,2026-08-28T18:45:09+08:00,20260926T093659
515220,煤炭ETF国泰,SSE,2026-06-17,1.223,1.225,1.19,1.195,1.223,1.225,1.19,1.195,1.0,734095800.0,,腾讯日K/前复权日K,2026-08-28T18:45:09+08:00,20260926T093659
515220,煤炭ETF国泰,SSE,2026-06-18,1.188,1.19,1.155,1.156,1.188,1.19,1.155,1.156,1.0,771190400.0,,腾讯日K/前复权日K,2026-08-28T18:45:09+08:00,20260926T093659
515220,煤炭ETF国泰,SSE,2026-06-22,1.152,1.182,1.142,1.181,1.152,1.182,1.142,1.181,1.0,1183634000.0,,腾讯日K/前复权日K,2026-08-28T18:45:09+08:00,20260926T093659
515220,煤炭ETF国泰,SSE,2026-06-23,1.173,1.196,1.16,1.165,1.173,1.196,1.16,1.165,1.0,662435500.0,,腾讯日K/前复权日K,2026-08-28T18:45:09+08:00,20260926T093659
515220,煤炭ETF国泰,SSE,2026-06-24,1.166,1.167,1.125,1.129,1.166,1.167,1.125,1.129,1.0,833439500.0,,腾讯日K/前复权日K,2026-08-28T18:45:09+08:00,20260926T093659
515220,煤炭ETF国泰,SSE,2026-06-25,1.119,1.136,1.102,1.11,1.119,1.136,1.102,1.11,1.0,672053500.0,,腾讯日K/前复权日K,2026-08-28T18:45:09+08:00,20260926T093659
515220,煤炭ETF国泰,SSE,2026-06-26,1.115,1.118,1.08,1.081,1.115,1.118,1.08,1.081,1.0,500921200.0,,腾讯日K/前复权日K,2026-08-28T18:45:09+08:00,20260926T093659
515220,煤炭ETF国泰,SSE,2026-06-29,1.082,1.103,1.062,1.098,1.082,1.103,1.062,1.098,1.0,587923100.0,,腾讯日K/前复权日K,2026-08-28T18:45:09+08:00,20260926T093659
515220,煤炭ETF国泰,SSE,2026-06-30,1.094,1.098,1.059,1.067,1.094,1.098,1.059,1.067,1.0,671614700.0,,腾讯日K/前复权日K,2026-08-28T18:45:09+08:00,20260926T093659
515220,煤炭ETF国泰,SSE,2026-07-01,1.062,1.109,1.059,1.096,1.062,1.109,1.059,1.096,1.0,818339100.0,,腾讯日K/前复权日K,2026-08-28T18:45:09+08:00,20260926T093659
515220,煤炭ETF国泰,SSE,2026-07-02,1.095,1.121,1.092,1.103,1.095,1.121,1.092,1.103,1.0,1277621500.0,,腾讯日K/前复权日K,2026-08-28T18:45:09+08:00,20260926T093659
515220,煤炭ETF国泰,SSE,2026-07-03,1.107,1.125,1.105,1.115,1.107,1.125,1.105,1.115,1.0,689660600.0,,腾讯日K/前复权日K,2026-08-28T18:45:09+08:00,20260926T093659
515220,煤炭ETF国泰,SSE,2026-07-06,1.106,1.163,1.102,1.162,1.106,1.163,1.102,1.162,1.0,1251304700.0,,腾讯日K/前复权日K,2026-08-28T18:45:09+08:00,20260926T093659
515220,煤炭ETF国泰,SSE,2026-07-07,1.159,1.163,1.119,1.128,1.159,1.163,1.119,1.128,1.0,873599800.0,,腾讯日K/前复权日K,2026-08-28T18:45:09+08:00,20260926T093659
515220,煤炭ETF国泰,SSE,2026-07-08,1.132,1.166,1.126,1.141,1.132,1.166,1.126,1.141,1.0,809844200.0,,腾讯日K/前复权日K,2026-08-28T18:45:09+08:00,20260926T093659
515220,煤炭ETF国泰,SSE,2026-07-09,1.13,1.145,1.114,1.119,1.13,1.145,1.114,1.119,1.0,684489200.0,,腾讯日K/前复权日K,2026-08-28T18:45:09+08:00,20260926T093659
515220,煤炭ETF国泰,SSE,2026-07-10,1.101,1.129,1.089,1.119,1.101,1.129,1.089,1.119,1.0,609782600.0,,腾讯日K/前复权日K,2026-08-28T18:45:09+08:00,20260926T093659
515220,煤炭ETF国泰,SSE,2026-07-13,1.122,1.134,1.104,1.12,1.122,1.134,1.104,1.12,1.0,556919000.0,,腾讯日K/前复权日K,2026-08-28T18:45:09+08:00,20260926T093659
515220,煤炭ETF国泰,SSE,2026-07-14,1.123,1.172,1.117,1.166,1.123,1.172,1.117,1.166,1.0,1158125000.0,,腾讯日K/前复权日K,2026-08-28T18:45:09+08:00,20260926T093659
515220,煤炭ETF国泰,SSE,2026-07-15,1.15,1.189,1.146,1.186,1.15,1.189,1.146,1.186,1.0,847797500.0,,腾讯日K/前复权日K,2026-08-28T18:45:09+08:00,20260926T093659
515220,煤炭ETF国泰,SSE,2026-07-16,1.187,1.192,1.15,1.159,1.187,1.192,1.15,1.159,1.0,609853300.0,,腾讯日K/前复权日K,2026-08-28T18:45:09+08:00,20260926T093659
515220,煤炭ETF国泰,SSE,2026-07-17,1.155,1.17,1.137,1.138,1.155,1.17,1.137,1.138,1.0,1491806000.0,,腾讯日K/前复权日K,2026-08-28T18:45:09+08:00,20260926T093659
515220,煤炭ETF国泰,SSE,2026-07-20,1.142,1.216,1.141,1.213,1.142,1.216,1.141,1.213,1.0,1006771100.0,,腾讯日K/前复权日K,2026-08-28T18:45:09+08:00,20260926T093659
515220,煤炭ETF国泰,SSE,2026-07-21,1.205,1.215,1.174,1.191,1.205,1.215,1.174,1.191,1.0,1235375400.0,,腾讯日K/前复权日K,2026-08-28T18:45:09+08:00,20260926T093659
515220,煤炭ETF国泰,SSE,2026-07-22,1.188,1.224,1.175,1.224,1.188,1.224,1.175,1.224,1.0,942961800.0,,腾讯日K/前复权日K,2026-08-28T18:45:09+08:00,20260926T093659
515220,煤炭ETF国泰,SSE,2026-07-23,1.21,1.245,1.205,1.238,1.21,1.245,1.205,1.238,1.0,810378200.0,,腾讯日K/前复权日K,2026-08-28T18:45:09+08:00,20260926T093659
515220,煤炭ETF国泰,SSE,2026-07-24,1.239,1.247,1.179,1.184,1.239,1.247,1.179,1.184,1.0,1407639300.0,,腾讯日K/前复权日K,2026-08-28T18:45:09+08:00,20260926T093659
515220,煤炭ETF国泰,SSE,2026-07-27,1.155,1.192,1.155,1.187,1.155,1.192,1.155,1.187,1.0,672649500.0,,腾讯日K/前复权日K,2026-08-28T18:45:09+08:00,20260926T093659
515220,煤炭ETF国泰,SSE,2026-07-28,1.175,1.178,1.147,1.174,1.175,1.178,1.147,1.174,1.0,644265600.0,,腾讯日K/前复权日K,2026-08-28T18:45:09+08:00,20260926T093659
515220,煤炭ETF国泰,SSE,2026-07-29,1.171,1.206,1.169,1.2,1.171,1.206,1.169,1.2,1.0,495138800.0,,腾讯日K/前复权日K,2026-08-28T18:45:09+08:00,20260926T093659
515220,煤炭ETF国泰,SSE,2026-07-30,1.2,1.219,1.187,1.201,1.2,1.219,1.187,1.201,1.0,602656900.0,,腾讯日K/前复权日K,2026-08-28T18:45:09+08:00,20260926T093659
515220,煤炭ETF国泰,SSE,2026-07-31,1.17,1.2,1.167,1.199,1.17,1.2,1.167,1.199,1.0,459201500.0,,腾讯日K/前复权日K,2026-08-28T18:45:09+08:00,20260926T093659
515220,煤炭ETF国泰,SSE,2026-08-03,1.19,1.204,1.171,1.176,1.19,1.204,1.171,1.176,1.0,593181100.0,,腾讯日K/前复权日K,2026-08-28T18:45:09+08:00,20260926T093659
515220,煤炭ETF国泰,SSE,2026-08-04,1.174,1.178,1.154,1.172,1.174,1.178,1.154,1.172,1.0,815512200.0,,腾讯日K/前复权日K,2026-08-28T18:45:09+08:00,20260926T093659
515220,煤炭ETF国泰,SSE,2026-08-05,1.162,1.177,1.153,1.174,1.162,1.177,1.153,1.174,1.0,725233600.0,,腾讯日K/前复权日K,2026-08-28T18:45:09+08:00,20260926T093659
515220,煤炭ETF国泰,SSE,2026-08-06,1.174,1.249,1.171,1.243,1.174,1.249,1.171,1.243,1.0,1081104000.0,,腾讯日K/前复权日K,2026-08-28T18:45:09+08:00,20260926T093659
515220,煤炭ETF国泰,SSE,2026-08-07,1.23,1.236,1.21,1.234,1.23,1.236,1.21,1.234,1.0,1011195200.0,,腾讯日K/前复权日K,2026-08-28T18:45:09+08:00,20260926T093659
515220,煤炭ETF国泰,SSE,2026-08-10,1.234,1.266,1.227,1.262,1.234,1.266,1.227,1.262,1.0,730771500.0,,腾讯日K/前复权日K,2026-08-28T18:45:09+08:00,20260926T093659
515220,煤炭ETF国泰,SSE,2026-08-11,1.278,1.285,1.246,1.261,1.278,1.285,1.246,1.261,1.0,749092600.0,,腾讯日K/前复权日K,2026-08-28T18:45:09+08:00,20260926T093659
515220,煤炭ETF国泰,SSE,2026-08-12,1.252,1.269,1.244,1.248,1.252,1.269,1.244,1.248,1.0,504714300.0,,腾讯日K/前复权日K,2026-08-28T18:45:09+08:00,20260926T093659
515220,煤炭ETF国泰,SSE,2026-08-13,1.241,1.256,1.23,1.24,1.241,1.256,1.23,1.24,1.0,521071900.0,,腾讯日K/前复权日K,2026-08-28T18:45:09+08:00,20260926T093659
515220,煤炭ETF国泰,SSE,2026-08-14,1.24,1.261,1.222,1.26,1.24,1.261,1.222,1.26,1.0,626086200.0,,腾讯日K/前复权日K,2026-08-28T18:45:09+08:00,20260926T093659
515220,煤炭ETF国泰,SSE,2026-08-17,1.26,1.27,1.241,1.255,1.26,1.27,1.241,1.255,1.0,526579500.0,,腾讯日K/前复权日K,2026-08-28T18:45:09+08:00,20260926T093659
515220,煤炭ETF国泰,SSE,2026-08-18,1.255,1.279,1.252,1.269,1.255,1.279,1.252,1.269,1.0,624273800.0,,腾讯日K/前复权日K,2026-08-28T18:45:09+08:00,20260926T093659
515220,煤炭ETF国泰,SSE,2026-08-19,1.277,1.295,1.265,1.273,1.277,1.295,1.265,1.273,1.0,603528200.0,,腾讯日K/前复权日K,2026-08-28T18:45:09+08:00,20260926T093659
515220,煤炭ETF国泰,SSE,2026-08-20,1.254,1.292,1.248,1.268,1.254,1.292,1.248,1.268,1.0,577371000.0,,腾讯日K/前复权日K,2026-08-28T18:45:09+08:00,20260926T093659
515220,煤炭ETF国泰,SSE,2026-08-21,1.268,1.29,1.256,1.277,1.268,1.29,1.256,1.277,1.0,484701500.0,,腾讯日K/前复权日K,2026-08-28T18:45:09+08:00,20260926T093659
515220,煤炭ETF国泰,SSE,2026-08-24,1.28,1.314,1.279,1.308,1.28,1.314,1.279,1.308,1.0,616531100.0,,腾讯日K/前复权日K,2026-08-28T18:45:09+08:00,20260926T093659
515220,煤炭ETF国泰,SSE,2026-08-25,1.308,1.328,1.297,1.303,1.308,1.328,1.297,1.303,1.0,650771700.0,,腾讯日K/前复权日K,2026-08-28T18:45:09+08:00,20260926T093659
515220,煤炭ETF国泰,SSE,2026-08-26,1.299,1.311,1.277,1.308,1.299,1.311,1.277,1.308,1.0,506631300.0,,腾讯日K/前复权日K,2026-08-28T18:45:09+08:00,20260926T093659
515220,煤炭ETF国泰,SSE,2026-08-27,1.303,1.346,1.299,1.341,1.303,1.346,1.299,1.341,1.0,521301800.0,,腾讯日K/前复权日K,2026-08-28T18:45:09+08:00,20260926T093659
515220,煤炭ETF国泰,SSE,2026-08-28,1.344,1.352,1.321,1.35,1.344,1.352,1.321,1.35,1.0,524149800.0,,腾讯日K/前复权日K,2026-08-28T18:45:09+08:00,20260926T093659
515220,煤炭ETF国泰,SSE,2026-08-31,1.36,1.382,1.343,1.378,1.36,1.382,1.343,1.378,1.0,722194400.0,,腾讯日K/前复权日K,2026-09-05T10:35:53+08:00,20260926T093659
515220,煤炭ETF国泰,SSE,2026-09-01,1.364,1.4,1.34,1.342,1.364,1.4,1.34,1.342,1.0,1417305500.0,,腾讯日K/前复权日K,2026-09-05T10:35:53+08:00,20260926T093659
515220,煤炭ETF国泰,SSE,2026-09-02,1.365,1.373,1.298,1.303,1.365,1.373,1.298,1.303,1.0,1243157700.0,,腾讯日K/前复权日K,2026-09-05T10:35:53+08:00,20260926T093659
515220,煤炭ETF国泰,SSE,2026-09-03,1.296,1.331,1.295,1.3,1.296,1.331,1.295,1.3,1.0,627747200.0,,腾讯日K/前复权日K,2026-09-05T10:35:53+08:00,20260926T093659
515220,煤炭ETF国泰,SSE,2026-09-04,1.298,1.309,1.286,1.298,1.298,1.309,1.286,1.298,1.0,864770100.0,,腾讯日K/前复权日K,2026-09-05T10:35:53+08:00,20260926T093659
515220,煤炭ETF国泰,SSE,2026-09-07,1.29,1.298,1.254,1.27,1.29,1.298,1.254,1.27,1.0,778560900.0,,腾讯日K/前复权日K,2026-09-12T10:09:37+08:00,20260926T093659
515220,煤炭ETF国泰,SSE,2026-09-08,1.27,1.302,1.269,1.302,1.27,1.302,1.269,1.302,1.0,723997700.0,,腾讯日K/前复权日K,2026-09-12T10:09:37+08:00,20260926T093659
515220,煤炭ETF国泰,SSE,2026-09-09,1.297,1.347,1.29,1.341,1.297,1.347,1.29,1.341,1.0,585836900.0,,腾讯日K/前复权日K,2026-09-12T10:09:37+08:00,20260926T093659
515220,煤炭ETF国泰,SSE,2026-09-10,1.338,1.346,1.314,1.319,1.338,1.346,1.314,1.319,1.0,604869400.0,,腾讯日K/前复权日K,2026-09-12T10:09:37+08:00,20260926T093659
515220,煤炭ETF国泰,SSE,2026-09-11,1.32,1.328,1.288,1.292,1.32,1.328,1.288,1.292,1.0,619323500.0,805505794.0,腾讯日K/前复权日K,2026-09-12T10:09:37+08:00,20260926T093659
515220,煤炭ETF国泰,SSE,2026-09-14,1.292,1.304,1.268,1.273,1.292,1.304,1.268,1.273,1.0,656532800.0,,腾讯日K/前复权日K,2026-09-18T18:31:56+08:00,20260926T093659
515220,煤炭ETF国泰,SSE,2026-09-15,1.278,1.285,1.268,1.27,1.278,1.285,1.268,1.27,1.0,445287700.0,,腾讯日K/前复权日K,2026-09-18T18:31:56+08:00,20260926T093659
515220,煤炭ETF国泰,SSE,2026-09-16,1.266,1.274,1.251,1.272,1.266,1.274,1.251,1.272,1.0,494730200.0,,腾讯日K/前复权日K,2026-09-18T18:31:56+08:00,20260926T093659
515220,煤炭ETF国泰,SSE,2026-09-17,1.269,1.269,1.241,1.258,1.269,1.269,1.241,1.258,1.0,336003300.0,,腾讯日K/前复权日K,2026-09-18T18:31:56+08:00,20260926T093659
515220,煤炭ETF国泰,SSE,2026-09-18,1.246,1.261,1.242,1.249,1.246,1.261,1.242,1.249,1.0,500893100.0,,腾讯日K/前复权日K,2026-09-18T18:31:56+08:00,20260926T093659
515220,煤炭ETF国泰,SSE,2026-09-21,1.247,1.283,1.236,1.282,1.247,1.283,1.236,1.282,1.0,561200900.0,,腾讯日K/前复权日K,2026-09-26T09:36:59+08:00,20260926T093659
515220,煤炭ETF国泰,SSE,2026-09-22,1.27,1.295,1.257,1.292,1.27,1.295,1.257,1.292,1.0,672347000.0,,腾讯日K/前复权日K,2026-09-26T09:36:59+08:00,20260926T093659
515220,煤炭ETF国泰,SSE,2026-09-23,1.282,1.291,1.261,1.262,1.282,1.291,1.261,1.262,1.0,403811600.0,,腾讯日K/前复权日K,2026-09-26T09:36:59+08:00,20260926T093659
515220,煤炭ETF国泰,SSE,2026-09-24,1.263,1.28,1.258,1.266,1.263,1.28,1.258,1.266,1.0,316132100.0,,腾讯日K/前复权日K,2026-09-26T09:36:59+08:00,20260926T093659
