code,name,exchange,date,raw_open,raw_high,raw_low,raw_close,adj_open,adj_high,adj_low,adj_close,adj_factor,volume,amount,source,source_timestamp,run_id
516150,稀土ETF嘉实,SSE,2021-03-17,0.983,0.999,0.971,0.993,0.9830000000000015,0.9990000000000016,0.9710000000000015,0.9930000000000015,1.0000000000000016,48732300.0,48136025.0,腾讯日K,2026-08-07T17:30:13,20260926T093659
516150,稀土ETF嘉实,SSE,2021-03-18,0.993,0.999,0.971,0.971,0.9930000000000015,0.9990000000000016,0.9710000000000015,0.9710000000000014,1.0000000000000016,29534100.0,28930794.0,腾讯日K,2026-08-07T17:30:13,20260926T093659
516150,稀土ETF嘉实,SSE,2021-03-19,0.968,0.978,0.951,0.967,0.9680000000000015,0.9780000000000015,0.9510000000000014,0.9670000000000014,1.0000000000000016,31199900.0,30182714.0,腾讯日K,2026-08-07T17:30:13,20260926T093659
516150,稀土ETF嘉实,SSE,2021-03-22,0.964,0.986,0.958,0.977,0.9640000000000014,0.9860000000000015,0.9580000000000014,0.9770000000000015,1.0000000000000016,30323300.0,29547910.0,腾讯日K,2026-08-07T17:30:13,20260926T093659
516150,稀土ETF嘉实,SSE,2021-03-23,0.98,0.985,0.929,0.936,0.9800000000000015,0.9850000000000015,0.9290000000000015,0.9360000000000016,1.0000000000000016,41310800.0,39230234.0,腾讯日K,2026-08-07T17:30:13,20260926T093659
516150,稀土ETF嘉实,SSE,2021-03-24,0.921,0.933,0.904,0.907,0.9210000000000015,0.9330000000000015,0.9040000000000015,0.9070000000000015,1.0000000000000016,29318400.0,26807675.0,腾讯日K,2026-08-07T17:30:13,20260926T093659
516150,稀土ETF嘉实,SSE,2021-03-25,0.907,0.923,0.903,0.911,0.9070000000000015,0.9230000000000015,0.9030000000000015,0.9110000000000015,1.0000000000000016,29211400.0,26732361.0,腾讯日K,2026-08-07T17:30:13,20260926T093659
516150,稀土ETF嘉实,SSE,2021-03-26,0.915,0.938,0.91,0.932,0.9150000000000015,0.9380000000000014,0.9100000000000015,0.9320000000000015,1.0000000000000016,37019700.0,34246397.0,腾讯日K,2026-08-07T17:30:13,20260926T093659
516150,稀土ETF嘉实,SSE,2021-03-29,0.93,0.939,0.92,0.927,0.9300000000000015,0.9390000000000014,0.9200000000000015,0.9270000000000015,1.0000000000000016,30075100.0,27953336.0,腾讯日K,2026-08-07T17:30:13,20260926T093659
516150,稀土ETF嘉实,SSE,2021-03-30,0.929,0.961,0.915,0.954,0.9290000000000015,0.9610000000000014,0.9150000000000015,0.9540000000000015,1.0000000000000016,46127300.0,43259793.0,腾讯日K,2026-08-07T17:30:13,20260926T093659
516150,稀土ETF嘉实,SSE,2021-03-31,0.949,0.949,0.921,0.929,0.9490000000000014,0.9490000000000014,0.9210000000000015,0.9290000000000015,1.0000000000000016,32601500.0,30282346.0,腾讯日K,2026-08-07T17:30:13,20260926T093659
516150,稀土ETF嘉实,SSE,2021-04-01,0.924,0.935,0.921,0.93,0.9240000000000015,0.9350000000000015,0.9210000000000015,0.9300000000000015,1.0000000000000016,26387300.0,24526414.0,腾讯日K,2026-08-07T17:30:13,20260926T093659
516150,稀土ETF嘉实,SSE,2021-04-02,0.931,0.931,0.914,0.921,0.9310000000000017,0.9310000000000017,0.9140000000000017,0.9210000000000016,1.0000000000000018,29342700.0,27034229.0,腾讯日K,2026-08-07T17:30:13,20260926T093659
516150,稀土ETF嘉实,SSE,2021-04-06,0.919,0.938,0.918,0.931,0.9190000000000017,0.9380000000000016,0.9180000000000017,0.9310000000000016,1.0000000000000018,35928800.0,33441593.0,腾讯日K,2026-08-07T17:30:13,20260926T093659
516150,稀土ETF嘉实,SSE,2021-04-07,0.931,0.947,0.918,0.945,0.9310000000000015,0.9470000000000014,0.9180000000000015,0.9450000000000014,1.0000000000000016,40118700.0,37407042.0,腾讯日K,2026-08-07T17:30:13,20260926T093659
516150,稀土ETF嘉实,SSE,2021-04-08,0.944,0.956,0.93,0.943,0.9440000000000014,0.9560000000000014,0.9300000000000015,0.9430000000000015,1.0000000000000016,37359500.0,35289402.0,腾讯日K,2026-08-07T17:30:13,20260926T093659
516150,稀土ETF嘉实,SSE,2021-04-09,0.945,0.956,0.935,0.947,0.9450000000000014,0.9560000000000014,0.9350000000000015,0.9470000000000015,1.0000000000000016,34256700.0,32444481.0,腾讯日K,2026-08-07T17:30:13,20260926T093659
516150,稀土ETF嘉实,SSE,2021-04-12,0.95,0.954,0.918,0.92,0.9500000000000016,0.9540000000000016,0.9180000000000017,0.9200000000000016,1.0000000000000018,34768200.0,32358188.0,腾讯日K,2026-08-07T17:30:13,20260926T093659
516150,稀土ETF嘉实,SSE,2021-04-13,0.919,0.919,0.897,0.903,0.9190000000000015,0.9190000000000015,0.8970000000000015,0.9030000000000015,1.0000000000000016,44183600.0,39900007.0,腾讯日K,2026-08-07T17:30:13,20260926T093659
516150,稀土ETF嘉实,SSE,2021-04-14,0.901,0.911,0.9,0.91,0.9010000000000015,0.9110000000000015,0.9000000000000015,0.9100000000000015,1.0000000000000016,26096400.0,23649408.0,腾讯日K,2026-08-07T17:30:13,20260926T093659
516150,稀土ETF嘉实,SSE,2021-04-15,0.909,0.918,0.898,0.915,0.9090000000000015,0.9180000000000015,0.8980000000000015,0.9150000000000015,1.0000000000000016,34593800.0,31439805.0,腾讯日K,2026-08-07T17:30:13,20260926T093659
516150,稀土ETF嘉实,SSE,2021-04-16,0.915,0.919,0.909,0.915,0.9150000000000015,0.9190000000000015,0.9090000000000015,0.9150000000000015,1.0000000000000016,36824000.0,33676807.0,腾讯日K,2026-08-07T17:30:13,20260926T093659
516150,稀土ETF嘉实,SSE,2021-04-19,0.916,0.939,0.908,0.937,0.9160000000000015,0.9390000000000014,0.9080000000000015,0.9370000000000016,1.0000000000000016,48665100.0,45384156.0,腾讯日K,2026-08-07T17:30:13,20260926T093659
516150,稀土ETF嘉实,SSE,2021-04-20,0.93,0.965,0.93,0.949,0.9300000000000017,0.9650000000000016,0.9300000000000017,0.9490000000000016,1.0000000000000018,52763500.0,49975623.0,腾讯日K,2026-08-07T17:30:13,20260926T093659
516150,稀土ETF嘉实,SSE,2021-04-21,0.947,0.949,0.935,0.94,0.9470000000000016,0.9490000000000016,0.9350000000000017,0.9400000000000016,1.0000000000000018,27062500.0,25476388.0,腾讯日K,2026-08-07T17:30:13,20260926T093659
516150,稀土ETF嘉实,SSE,2021-04-22,0.943,0.947,0.936,0.942,0.9430000000000016,0.9470000000000016,0.9360000000000017,0.9420000000000017,1.0000000000000018,34224600.0,32252168.0,腾讯日K,2026-08-07T17:30:13,20260926T093659
516150,稀土ETF嘉实,SSE,2021-04-23,0.942,0.944,0.928,0.941,0.9420000000000016,0.9440000000000016,0.9280000000000017,0.9410000000000016,1.0000000000000018,28511100.0,26722774.0,腾讯日K,2026-08-07T17:30:13,20260926T093659
516150,稀土ETF嘉实,SSE,2021-04-26,0.939,0.955,0.933,0.935,0.9390000000000016,0.9550000000000016,0.9330000000000017,0.9350000000000017,1.0000000000000018,32681900.0,30940205.0,腾讯日K,2026-08-07T17:30:13,20260926T093659
516150,稀土ETF嘉实,SSE,2021-04-27,0.935,0.94,0.914,0.926,0.9350000000000017,0.9400000000000016,0.9140000000000017,0.9260000000000016,1.0000000000000018,45048100.0,41670324.0,腾讯日K,2026-08-07T17:30:13,20260926T093659
516150,稀土ETF嘉实,SSE,2021-04-28,0.924,0.937,0.917,0.937,0.9240000000000015,0.9370000000000015,0.9170000000000015,0.9370000000000016,1.0000000000000016,31944100.0,29689285.0,腾讯日K,2026-08-07T17:30:13,20260926T093659
516150,稀土ETF嘉实,SSE,2021-04-29,0.937,0.937,0.919,0.928,0.9370000000000017,0.9370000000000017,0.9190000000000017,0.9280000000000017,1.0000000000000018,30954300.0,28651914.0,腾讯日K,2026-08-07T17:30:13,20260926T093659
516150,稀土ETF嘉实,SSE,2021-04-30,0.933,0.935,0.911,0.92,0.9330000000000017,0.9350000000000017,0.9110000000000017,0.9200000000000017,1.0000000000000018,37953200.0,35018337.0,腾讯日K,2026-08-07T17:30:13,20260926T093659
516150,稀土ETF嘉实,SSE,2021-05-06,0.921,0.935,0.919,0.934,0.9210000000000017,0.9350000000000017,0.9190000000000017,0.9340000000000017,1.0000000000000018,34959200.0,32467161.0,腾讯日K,2026-08-07T17:30:13,20260926T093659
516150,稀土ETF嘉实,SSE,2021-05-07,0.935,0.975,0.934,0.96,0.9350000000000017,0.9750000000000018,0.9340000000000017,0.9600000000000017,1.0000000000000018,52613300.0,50463499.0,腾讯日K,2026-08-07T17:30:13,20260926T093659
516150,稀土ETF嘉实,SSE,2021-05-10,0.96,0.994,0.96,0.991,0.9600000000000016,0.9940000000000018,0.9600000000000016,0.9910000000000018,1.0000000000000018,57713000.0,56483077.0,腾讯日K,2026-08-07T17:30:13,20260926T093659
516150,稀土ETF嘉实,SSE,2021-05-11,0.982,0.982,0.947,0.966,0.9820000000000018,0.9820000000000018,0.9470000000000016,0.9660000000000017,1.0000000000000018,33607000.0,32234711.0,腾讯日K,2026-08-07T17:30:13,20260926T093659
516150,稀土ETF嘉实,SSE,2021-05-12,0.967,0.979,0.96,0.974,0.9670000000000016,0.9790000000000018,0.9600000000000016,0.9740000000000016,1.0000000000000018,29361500.0,28445632.0,腾讯日K,2026-08-07T17:30:13,20260926T093659
516150,稀土ETF嘉实,SSE,2021-05-13,0.97,0.97,0.934,0.938,0.9700000000000015,0.9700000000000015,0.9340000000000015,0.9380000000000015,1.0000000000000016,37742500.0,35812768.0,腾讯日K,2026-08-07T17:30:13,20260926T093659
516150,稀土ETF嘉实,SSE,2021-05-14,0.939,0.946,0.928,0.945,0.9390000000000014,0.9460000000000014,0.9280000000000015,0.9450000000000014,1.0000000000000016,33525300.0,31474631.0,腾讯日K,2026-08-07T17:30:13,20260926T093659
516150,稀土ETF嘉实,SSE,2021-05-17,0.941,0.957,0.938,0.954,0.9410000000000014,0.9570000000000014,0.9380000000000014,0.9540000000000014,1.0000000000000016,37173700.0,35271043.0,腾讯日K,2026-08-07T17:30:13,20260926T093659
516150,稀土ETF嘉实,SSE,2021-05-18,0.953,0.958,0.949,0.955,0.9530000000000012,0.9580000000000012,0.9490000000000012,0.9550000000000013,1.0000000000000013,30400600.0,28981659.0,腾讯日K,2026-08-07T17:30:13,20260926T093659
516150,稀土ETF嘉实,SSE,2021-05-19,0.953,0.964,0.94,0.96,0.9530000000000012,0.9640000000000013,0.9400000000000012,0.9600000000000012,1.0000000000000013,39580500.0,37701796.0,腾讯日K,2026-08-07T17:30:13,20260926T093659
516150,稀土ETF嘉实,SSE,2021-05-20,0.947,0.948,0.933,0.941,0.9470000000000012,0.9480000000000012,0.9330000000000013,0.9410000000000012,1.0000000000000013,29570300.0,27804602.0,腾讯日K,2026-08-07T17:30:13,20260926T093659
516150,稀土ETF嘉实,SSE,2021-05-21,0.943,0.949,0.934,0.94,0.9430000000000012,0.9490000000000012,0.9340000000000013,0.9400000000000013,1.0000000000000013,32659300.0,30707148.0,腾讯日K,2026-08-07T17:30:13,20260926T093659
516150,稀土ETF嘉实,SSE,2021-05-24,0.945,0.945,0.923,0.928,0.9450000000000012,0.9450000000000012,0.9230000000000013,0.9280000000000014,1.0000000000000013,34549600.0,32069278.0,腾讯日K,2026-08-07T17:30:13,20260926T093659
516150,稀土ETF嘉实,SSE,2021-05-25,0.926,0.939,0.921,0.938,0.9260000000000013,0.9390000000000012,0.9210000000000013,0.9380000000000013,1.0000000000000013,31365000.0,29217281.0,腾讯日K,2026-08-07T17:30:13,20260926T093659
516150,稀土ETF嘉实,SSE,2021-05-26,0.935,0.958,0.935,0.951,0.9350000000000013,0.9580000000000012,0.9350000000000013,0.9510000000000012,1.0000000000000013,42395500.0,40056083.0,腾讯日K,2026-08-07T17:30:13,20260926T093659
516150,稀土ETF嘉实,SSE,2021-05-27,0.943,0.959,0.943,0.955,0.9430000000000012,0.9590000000000013,0.9430000000000012,0.9550000000000012,1.0000000000000013,36004300.0,34358290.0,腾讯日K,2026-08-07T17:30:13,20260926T093659
516150,稀土ETF嘉实,SSE,2021-05-28,0.954,0.969,0.952,0.956,0.9540000000000012,0.9690000000000013,0.9520000000000012,0.9560000000000012,1.0000000000000013,41091100.0,39550083.0,腾讯日K,2026-08-07T17:30:13,20260926T093659
516150,稀土ETF嘉实,SSE,2021-05-31,0.959,0.992,0.959,0.989,0.9590000000000013,0.9920000000000013,0.9590000000000013,0.9890000000000013,1.0000000000000013,67273700.0,66264810.0,腾讯日K,2026-08-07T17:30:13,20260926T093659
516150,稀土ETF嘉实,SSE,2021-06-01,0.98,0.99,0.974,0.989,0.9800000000000013,0.9900000000000013,0.9740000000000013,0.9890000000000013,1.0000000000000013,34789500.0,34179679.0,腾讯日K,2026-08-07T17:30:13,20260926T093659
516150,稀土ETF嘉实,SSE,2021-06-02,0.99,1.001,0.98,0.982,0.9900000000000013,1.0010000000000012,0.9800000000000013,0.9820000000000013,1.0000000000000013,40931700.0,40585627.0,腾讯日K,2026-08-07T17:30:13,20260926T093659
516150,稀土ETF嘉实,SSE,2021-06-03,0.982,1.024,0.98,1.006,0.9820000000000013,1.0240000000000014,0.9800000000000013,1.0060000000000013,1.0000000000000013,80906800.0,81581350.0,腾讯日K,2026-08-07T17:30:13,20260926T093659
516150,稀土ETF嘉实,SSE,2021-06-04,0.997,1.015,0.991,1.009,0.9970000000000013,1.0150000000000012,0.9910000000000013,1.0090000000000012,1.0000000000000013,44115300.0,44230701.0,腾讯日K,2026-08-07T17:30:13,20260926T093659
516150,稀土ETF嘉实,SSE,2021-06-07,1.008,1.017,0.997,1.007,1.0080000000000011,1.017000000000001,0.9970000000000011,1.007000000000001,1.000000000000001,28330300.0,28584053.0,腾讯日K,2026-08-07T17:30:13,20260926T093659
516150,稀土ETF嘉实,SSE,2021-06-08,1.007,1.013,0.988,0.992,1.007000000000001,1.013000000000001,0.9880000000000011,0.9920000000000011,1.000000000000001,29786300.0,29806495.0,腾讯日K,2026-08-07T17:30:13,20260926T093659
516150,稀土ETF嘉实,SSE,2021-06-09,0.991,0.997,0.987,0.991,0.9910000000000011,0.9970000000000011,0.9870000000000011,0.9910000000000011,1.000000000000001,27683400.0,27452135.0,腾讯日K,2026-08-07T17:30:13,20260926T093659
516150,稀土ETF嘉实,SSE,2021-06-10,0.989,0.997,0.985,0.992,0.9890000000000011,0.9970000000000011,0.9850000000000011,0.9920000000000011,1.000000000000001,33865900.0,33501331.0,腾讯日K,2026-08-07T17:30:13,20260926T093659
516150,稀土ETF嘉实,SSE,2021-06-11,0.992,0.992,0.969,0.976,0.9920000000000011,0.9920000000000011,0.9690000000000011,0.9760000000000011,1.000000000000001,31344600.0,30598178.0,腾讯日K,2026-08-07T17:30:13,20260926T093659
516150,稀土ETF嘉实,SSE,2021-06-15,0.976,0.981,0.951,0.954,0.9760000000000011,0.9810000000000011,0.9510000000000011,0.954000000000001,1.000000000000001,32419700.0,31005885.0,腾讯日K,2026-08-07T17:30:13,20260926T093659
516150,稀土ETF嘉实,SSE,2021-06-16,0.961,0.961,0.923,0.926,0.9610000000000009,0.9610000000000009,0.9230000000000008,0.9260000000000009,1.0000000000000009,34608800.0,32461941.0,腾讯日K,2026-08-07T17:30:13,20260926T093659
516150,稀土ETF嘉实,SSE,2021-06-17,0.926,0.936,0.925,0.935,0.926000000000001,0.936000000000001,0.925000000000001,0.9350000000000012,1.000000000000001,28128100.0,26208933.0,腾讯日K,2026-08-07T17:30:13,20260926T093659
516150,稀土ETF嘉实,SSE,2021-06-18,0.933,0.954,0.92,0.954,0.9330000000000013,0.9540000000000012,0.9200000000000013,0.9540000000000012,1.0000000000000013,33738900.0,31667209.0,腾讯日K,2026-08-07T17:30:13,20260926T093659
516150,稀土ETF嘉实,SSE,2021-06-21,0.948,0.969,0.94,0.961,0.9480000000000012,0.9690000000000013,0.9400000000000012,0.9610000000000012,1.0000000000000013,33248300.0,31910243.0,腾讯日K,2026-08-07T17:30:13,20260926T093659
516150,稀土ETF嘉实,SSE,2021-06-22,0.964,0.989,0.957,0.982,0.9640000000000011,0.9890000000000011,0.9570000000000011,0.9820000000000011,1.000000000000001,49331800.0,47984451.0,腾讯日K,2026-08-07T17:30:13,20260926T093659
516150,稀土ETF嘉实,SSE,2021-06-23,0.985,0.994,0.971,0.988,0.9850000000000011,0.9940000000000011,0.9710000000000011,0.9880000000000011,1.000000000000001,42809700.0,42177273.0,腾讯日K,2026-08-07T17:30:13,20260926T093659
516150,稀土ETF嘉实,SSE,2021-06-24,0.988,1.007,0.984,0.999,0.9880000000000011,1.007000000000001,0.9840000000000011,0.9990000000000011,1.000000000000001,41701500.0,41586049.0,腾讯日K,2026-08-07T17:30:13,20260926T093659
516150,稀土ETF嘉实,SSE,2021-06-25,0.999,1.005,0.987,1.001,0.9990000000000013,1.0050000000000012,0.9870000000000013,1.0010000000000012,1.0000000000000013,37462200.0,37346250.0,腾讯日K,2026-08-07T17:30:13,20260926T093659
516150,稀土ETF嘉实,SSE,2021-06-28,0.999,1.006,0.991,0.996,0.9990000000000013,1.0060000000000013,0.9910000000000013,0.9960000000000012,1.0000000000000013,31662600.0,31636898.0,腾讯日K,2026-08-07T17:30:13,20260926T093659
516150,稀土ETF嘉实,SSE,2021-06-29,0.998,1.008,0.995,0.996,0.9980000000000013,1.0080000000000013,0.9950000000000013,0.9960000000000012,1.0000000000000013,31755400.0,31788868.0,腾讯日K,2026-08-07T17:30:13,20260926T093659
516150,稀土ETF嘉实,SSE,2021-06-30,0.996,1.015,0.992,1.012,0.9960000000000013,1.0150000000000012,0.9920000000000013,1.0120000000000013,1.0000000000000013,49382700.0,49928180.0,腾讯日K,2026-08-07T17:30:13,20260926T093659
516150,稀土ETF嘉实,SSE,2021-07-01,1.012,1.015,0.981,0.982,1.0120000000000011,1.015000000000001,0.9810000000000011,0.9820000000000011,1.000000000000001,34565300.0,34450377.0,腾讯日K,2026-08-07T17:30:13,20260926T093659
516150,稀土ETF嘉实,SSE,2021-07-02,0.977,1.027,0.977,1.008,0.9770000000000011,1.027000000000001,0.9770000000000011,1.0080000000000011,1.000000000000001,50281000.0,50968885.0,腾讯日K,2026-08-07T17:30:13,20260926T093659
516150,稀土ETF嘉实,SSE,2021-07-05,1.013,1.048,1.012,1.047,1.013000000000001,1.0480000000000012,1.0120000000000011,1.047000000000001,1.000000000000001,57160000.0,59426512.0,腾讯日K,2026-08-07T17:30:13,20260926T093659
516150,稀土ETF嘉实,SSE,2021-07-06,1.045,1.061,1.028,1.053,1.0450000000000008,1.0610000000000008,1.028000000000001,1.0530000000000008,1.0000000000000009,50525200.0,52962794.0,腾讯日K,2026-08-07T17:30:13,20260926T093659
516150,稀土ETF嘉实,SSE,2021-07-07,1.049,1.117,1.034,1.11,1.0490000000000008,1.1170000000000009,1.034000000000001,1.110000000000001,1.0000000000000009,74190400.0,80532105.0,腾讯日K,2026-08-07T17:30:13,20260926T093659
516150,稀土ETF嘉实,SSE,2021-07-08,1.111,1.154,1.111,1.127,1.1110000000000009,1.154000000000001,1.1110000000000009,1.127000000000001,1.0000000000000009,58265500.0,66427344.0,腾讯日K,2026-08-07T17:30:13,20260926T093659
516150,稀土ETF嘉实,SSE,2021-07-09,1.122,1.216,1.122,1.213,1.122000000000001,1.216000000000001,1.122000000000001,1.2130000000000012,1.0000000000000009,70979300.0,82797352.0,腾讯日K,2026-08-07T17:30:13,20260926T093659
516150,稀土ETF嘉实,SSE,2021-07-12,1.244,1.26,1.198,1.216,1.2440000000000009,1.260000000000001,1.1980000000000008,1.2160000000000009,1.0000000000000007,107707300.0,132353574.0,腾讯日K,2026-08-07T17:30:13,20260926T093659
516150,稀土ETF嘉实,SSE,2021-07-13,1.2,1.229,1.195,1.225,1.2000000000000008,1.229000000000001,1.195000000000001,1.225000000000001,1.0000000000000007,54516900.0,66152128.0,腾讯日K,2026-08-07T17:30:13,20260926T093659
516150,稀土ETF嘉实,SSE,2021-07-14,1.218,1.227,1.191,1.193,1.2180000000000009,1.227000000000001,1.191000000000001,1.193000000000001,1.0000000000000007,47994100.0,57930624.0,腾讯日K,2026-08-07T17:30:13,20260926T093659
516150,稀土ETF嘉实,SSE,2021-07-15,1.181,1.264,1.153,1.262,1.181000000000001,1.264000000000001,1.1530000000000007,1.262000000000001,1.0000000000000007,74136300.0,89770953.0,腾讯日K,2026-08-07T17:30:13,20260926T093659
516150,稀土ETF嘉实,SSE,2021-07-16,1.25,1.294,1.232,1.244,1.2500000000000004,1.2940000000000007,1.2320000000000004,1.2440000000000007,1.0000000000000004,68598800.0,86202466.0,腾讯日K,2026-08-07T17:30:13,20260926T093659
516150,稀土ETF嘉实,SSE,2021-07-19,1.242,1.296,1.232,1.242,1.2420000000000004,1.2960000000000007,1.2320000000000004,1.2420000000000007,1.0000000000000004,56599300.0,71607699.0,腾讯日K,2026-08-07T17:30:13,20260926T093659
516150,稀土ETF嘉实,SSE,2021-07-20,1.225,1.272,1.215,1.26,1.2250000000000005,1.2720000000000007,1.2150000000000005,1.2600000000000007,1.0000000000000004,49210400.0,61596881.0,腾讯日K,2026-08-07T17:30:13,20260926T093659
516150,稀土ETF嘉实,SSE,2021-07-21,1.265,1.334,1.257,1.329,1.2650000000000008,1.334000000000001,1.2570000000000008,1.3290000000000008,1.0000000000000007,56712800.0,73883174.0,腾讯日K,2026-08-07T17:30:13,20260926T093659
516150,稀土ETF嘉实,SSE,2021-07-22,1.336,1.382,1.321,1.372,1.336000000000001,1.3820000000000008,1.3210000000000008,1.372000000000001,1.0000000000000007,57427400.0,77704870.0,腾讯日K,2026-08-07T17:30:13,20260926T093659
516150,稀土ETF嘉实,SSE,2021-07-23,1.37,1.418,1.348,1.371,1.3700000000000008,1.4180000000000006,1.3480000000000008,1.3710000000000007,1.0000000000000004,63900900.0,88362461.0,腾讯日K,2026-08-07T17:30:13,20260926T093659
516150,稀土ETF嘉实,SSE,2021-07-26,1.364,1.392,1.314,1.372,1.3640000000000008,1.3920000000000006,1.3140000000000007,1.3720000000000008,1.0000000000000004,64042400.0,87074249.0,腾讯日K,2026-08-07T17:30:13,20260926T093659
516150,稀土ETF嘉实,SSE,2021-07-27,1.372,1.417,1.296,1.315,1.3720000000000008,1.4170000000000007,1.2960000000000007,1.3150000000000006,1.0000000000000004,72400100.0,99543211.0,腾讯日K,2026-08-07T17:30:13,20260926T093659
516150,稀土ETF嘉实,SSE,2021-07-28,1.278,1.335,1.24,1.288,1.2780000000000007,1.3350000000000006,1.2400000000000004,1.2880000000000007,1.0000000000000004,63531900.0,81850536.0,腾讯日K,2026-08-07T17:30:13,20260926T093659
516150,稀土ETF嘉实,SSE,2021-07-29,1.325,1.399,1.31,1.397,1.3250000000000006,1.3990000000000007,1.3100000000000007,1.3970000000000007,1.0000000000000004,73729900.0,99758896.0,腾讯日K,2026-08-07T17:30:13,20260926T093659
516150,稀土ETF嘉实,SSE,2021-07-30,1.406,1.443,1.363,1.441,1.4060000000000006,1.4430000000000007,1.3630000000000007,1.4410000000000007,1.0000000000000004,76706300.0,107099723.0,腾讯日K,2026-08-07T17:30:13,20260926T093659
516150,稀土ETF嘉实,SSE,2021-08-02,1.45,1.473,1.381,1.43,1.4500000000000006,1.4730000000000008,1.3810000000000007,1.4300000000000006,1.0000000000000004,82218300.0,117483873.0,腾讯日K,2026-08-07T17:30:13,20260926T093659
516150,稀土ETF嘉实,SSE,2021-08-03,1.416,1.424,1.327,1.348,1.4160000000000006,1.4240000000000006,1.3270000000000006,1.3480000000000008,1.0000000000000004,74010100.0,101444966.0,腾讯日K,2026-08-07T17:30:13,20260926T093659
516150,稀土ETF嘉实,SSE,2021-08-04,1.336,1.436,1.333,1.428,1.3360000000000003,1.4360000000000002,1.3330000000000002,1.4280000000000004,1.0000000000000002,77807500.0,108857900.0,腾讯日K,2026-08-07T17:30:13,20260926T093659
516150,稀土ETF嘉实,SSE,2021-08-05,1.426,1.444,1.379,1.404,1.4260000000000002,1.4440000000000002,1.3790000000000002,1.4040000000000004,1.0000000000000002,58984600.0,82880222.0,腾讯日K,2026-08-07T17:30:13,20260926T093659
516150,稀土ETF嘉实,SSE,2021-08-06,1.405,1.465,1.404,1.462,1.4050000000000007,1.4650000000000007,1.4040000000000006,1.4620000000000006,1.0000000000000004,81738600.0,118203494.0,腾讯日K,2026-08-07T17:30:13,20260926T093659
516150,稀土ETF嘉实,SSE,2021-08-09,1.462,1.462,1.399,1.443,1.4620000000000006,1.4620000000000006,1.3990000000000007,1.4430000000000007,1.0000000000000004,60136600.0,85778661.0,腾讯日K,2026-08-07T17:30:13,20260926T093659
516150,稀土ETF嘉实,SSE,2021-08-10,1.432,1.467,1.4,1.439,1.4320000000000006,1.4670000000000007,1.4000000000000006,1.4390000000000007,1.0000000000000004,55503300.0,79698949.0,腾讯日K,2026-08-07T17:30:13,20260926T093659
516150,稀土ETF嘉实,SSE,2021-08-11,1.438,1.49,1.419,1.472,1.4380000000000008,1.4900000000000009,1.419000000000001,1.4720000000000009,1.0000000000000007,67754700.0,98299701.0,腾讯日K,2026-08-07T17:30:13,20260926T093659
516150,稀土ETF嘉实,SSE,2021-08-12,1.471,1.49,1.442,1.474,1.471000000000001,1.4900000000000009,1.4420000000000008,1.4740000000000009,1.0000000000000007,46445600.0,68195904.0,腾讯日K,2026-08-07T17:30:13,20260926T093659
516150,稀土ETF嘉实,SSE,2021-08-13,1.472,1.509,1.455,1.481,1.4720000000000009,1.509000000000001,1.455000000000001,1.481000000000001,1.0000000000000007,49609200.0,73931954.0,腾讯日K,2026-08-07T17:30:13,20260926T093659
516150,稀土ETF嘉实,SSE,2021-08-16,1.445,1.459,1.4,1.408,1.445000000000001,1.459000000000001,1.4000000000000008,1.4080000000000008,1.0000000000000007,57730400.0,82008857.0,腾讯日K,2026-08-07T17:30:13,20260926T093659
516150,稀土ETF嘉实,SSE,2021-08-17,1.406,1.425,1.357,1.376,1.4060000000000008,1.425000000000001,1.3570000000000009,1.3760000000000008,1.0000000000000007,40138100.0,55989084.0,腾讯日K,2026-08-07T17:30:13,20260926T093659
516150,稀土ETF嘉实,SSE,2021-08-18,1.373,1.407,1.367,1.388,1.3730000000000007,1.4070000000000007,1.3670000000000007,1.3880000000000006,1.0000000000000004,41372900.0,57430385.0,腾讯日K,2026-08-07T17:30:13,20260926T093659
516150,稀土ETF嘉实,SSE,2021-08-19,1.371,1.41,1.346,1.392,1.3710000000000009,1.4100000000000008,1.346000000000001,1.3920000000000008,1.0000000000000007,44906100.0,61747940.0,腾讯日K,2026-08-07T17:30:13,20260926T093659
516150,稀土ETF嘉实,SSE,2021-08-20,1.389,1.425,1.361,1.415,1.3890000000000007,1.4250000000000007,1.3610000000000007,1.4150000000000007,1.0000000000000004,45617400.0,63443751.0,腾讯日K,2026-08-07T17:30:13,20260926T093659
516150,稀土ETF嘉实,SSE,2021-08-23,1.42,1.487,1.41,1.478,1.4200000000000006,1.4870000000000008,1.4100000000000006,1.4780000000000006,1.0000000000000004,52600500.0,76095341.0,腾讯日K,2026-08-07T17:30:13,20260926T093659
516150,稀土ETF嘉实,SSE,2021-08-24,1.48,1.536,1.47,1.498,1.4800000000000006,1.5360000000000007,1.4700000000000006,1.4980000000000007,1.0000000000000004,49777900.0,75091661.0,腾讯日K,2026-08-07T17:30:13,20260926T093659
516150,稀土ETF嘉实,SSE,2021-08-25,1.49,1.54,1.486,1.533,1.4900000000000002,1.5400000000000005,1.4860000000000002,1.5330000000000004,1.0000000000000002,48290400.0,73225458.0,腾讯日K,2026-08-07T17:30:13,20260926T093659
516150,稀土ETF嘉实,SSE,2021-08-26,1.53,1.578,1.511,1.556,1.5300000000000005,1.5780000000000005,1.5110000000000003,1.5560000000000005,1.0000000000000002,43220600.0,66467936.0,腾讯日K,2026-08-07T17:30:13,20260926T093659
516150,稀土ETF嘉实,SSE,2021-08-27,1.556,1.599,1.534,1.586,1.5560000000000005,1.5990000000000004,1.5340000000000005,1.5860000000000005,1.0000000000000002,50080100.0,78479191.0,腾讯日K,2026-08-07T17:30:13,20260926T093659
516150,稀土ETF嘉实,SSE,2021-08-30,1.59,1.65,1.579,1.63,1.5900000000000005,1.6500000000000004,1.5790000000000004,1.6300000000000003,1.0000000000000002,44919800.0,72437872.0,腾讯日K,2026-08-07T17:30:13,20260926T093659
516150,稀土ETF嘉实,SSE,2021-08-31,1.64,1.71,1.607,1.705,1.6400000000000003,1.7100000000000004,1.6070000000000004,1.7050000000000005,1.0000000000000002,54667600.0,89875711.0,腾讯日K,2026-08-07T17:30:13,20260926T093659
516150,稀土ETF嘉实,SSE,2021-09-01,1.733,1.748,1.59,1.592,1.7330000000000005,1.7480000000000004,1.5900000000000005,1.5920000000000005,1.0000000000000002,72259900.0,119557847.0,腾讯日K,2026-08-07T17:30:13,20260926T093659
516150,稀土ETF嘉实,SSE,2021-09-02,1.571,1.662,1.557,1.644,1.5710000000000004,1.6620000000000004,1.5570000000000004,1.6440000000000003,1.0000000000000002,52435300.0,84579960.0,腾讯日K,2026-08-07T17:30:13,20260926T093659
516150,稀土ETF嘉实,SSE,2021-09-03,1.635,1.672,1.561,1.583,1.6350000000000005,1.6720000000000004,1.5610000000000004,1.5830000000000002,1.0000000000000002,47409400.0,76447547.0,腾讯日K,2026-08-07T17:30:13,20260926T093659
516150,稀土ETF嘉实,SSE,2021-09-06,1.59,1.595,1.513,1.583,1.5900000000000005,1.5950000000000004,1.5130000000000003,1.5830000000000002,1.0000000000000002,43130400.0,67211994.0,腾讯日K,2026-08-07T17:30:13,20260926T093659
516150,稀土ETF嘉实,SSE,2021-09-07,1.58,1.661,1.563,1.648,1.5800000000000005,1.6610000000000005,1.5630000000000004,1.6480000000000001,1.0000000000000002,49415300.0,79590298.0,腾讯日K,2026-08-07T17:30:13,20260926T093659
516150,稀土ETF嘉实,SSE,2021-09-08,1.648,1.685,1.639,1.657,1.6480000000000004,1.6850000000000005,1.6390000000000005,1.6570000000000003,1.0000000000000002,38930600.0,64737355.0,腾讯日K,2026-08-07T17:30:13,20260926T093659
516150,稀土ETF嘉实,SSE,2021-09-09,1.654,1.696,1.646,1.694,1.6540000000000004,1.6960000000000004,1.6460000000000004,1.6940000000000002,1.0000000000000002,37799700.0,62992684.0,腾讯日K,2026-08-07T17:30:13,20260926T093659
516150,稀土ETF嘉实,SSE,2021-09-10,1.694,1.725,1.673,1.715,1.6940000000000004,1.7250000000000005,1.6730000000000005,1.7150000000000003,1.0000000000000002,45449300.0,77452266.0,腾讯日K,2026-08-07T17:30:13,20260926T093659
516150,稀土ETF嘉实,SSE,2021-09-13,1.715,1.753,1.689,1.728,1.715,1.753,1.689,1.728,1.0,35795100.0,61772595.0,腾讯日K,2026-08-07T17:30:13,20260926T093659
516150,稀土ETF嘉实,SSE,2021-09-14,1.694,1.753,1.662,1.713,1.6940000000000004,1.7530000000000003,1.6620000000000004,1.7130000000000003,1.0000000000000002,36761400.0,62794509.0,腾讯日K,2026-08-07T17:30:13,20260926T093659
516150,稀土ETF嘉实,SSE,2021-09-15,1.709,1.719,1.683,1.702,1.7090000000000005,1.7190000000000005,1.6830000000000005,1.7020000000000002,1.0000000000000002,34322400.0,58505704.0,腾讯日K,2026-08-07T17:30:13,20260926T093659
516150,稀土ETF嘉实,SSE,2021-09-16,1.705,1.724,1.627,1.635,1.705,1.724,1.627,1.635,1.0,41082400.0,69352761.0,腾讯日K,2026-08-07T17:30:13,20260926T093659
516150,稀土ETF嘉实,SSE,2021-09-17,1.622,1.647,1.534,1.589,1.622,1.647,1.534,1.589,1.0,37492200.0,60120051.0,腾讯日K,2026-08-07T17:30:13,20260926T093659
516150,稀土ETF嘉实,SSE,2021-09-22,1.565,1.602,1.53,1.594,1.5649999999999997,1.6019999999999999,1.5299999999999998,1.5939999999999999,0.9999999999999999,34597500.0,54842987.0,腾讯日K,2026-08-07T17:30:13,20260926T093659
516150,稀土ETF嘉实,SSE,2021-09-23,1.604,1.631,1.584,1.602,1.6039999999999999,1.6309999999999998,1.5839999999999999,1.6019999999999999,0.9999999999999999,33328400.0,53560689.0,腾讯日K,2026-08-07T17:30:13,20260926T093659
516150,稀土ETF嘉实,SSE,2021-09-24,1.639,1.659,1.564,1.578,1.6389999999999998,1.6589999999999998,1.5639999999999998,1.5779999999999998,0.9999999999999999,44093400.0,71170863.0,腾讯日K,2026-08-07T17:30:13,20260926T093659
516150,稀土ETF嘉实,SSE,2021-09-27,1.565,1.565,1.433,1.443,1.5649999999999997,1.5649999999999997,1.4329999999999998,1.4429999999999998,0.9999999999999999,51371600.0,75420239.0,腾讯日K,2026-08-07T17:30:13,20260926T093659
516150,稀土ETF嘉实,SSE,2021-09-28,1.442,1.448,1.404,1.44,1.4419999999999997,1.4479999999999997,1.4039999999999997,1.4399999999999997,0.9999999999999999,40054500.0,57040729.0,腾讯日K,2026-08-07T17:30:13,20260926T093659
516150,稀土ETF嘉实,SSE,2021-09-29,1.435,1.435,1.361,1.367,1.4349999999999998,1.4349999999999998,1.3609999999999998,1.3669999999999998,0.9999999999999999,38454400.0,53726740.0,腾讯日K,2026-08-07T17:30:13,20260926T093659
516150,稀土ETF嘉实,SSE,2021-09-30,1.365,1.412,1.365,1.406,1.3649999999999998,1.4119999999999997,1.3649999999999998,1.4059999999999997,0.9999999999999999,38140700.0,53275800.0,腾讯日K,2026-08-07T17:30:13,20260926T093659
516150,稀土ETF嘉实,SSE,2021-10-08,1.44,1.44,1.383,1.397,1.4399999999999997,1.4399999999999997,1.3829999999999998,1.3969999999999998,0.9999999999999999,51059500.0,71663416.0,腾讯日K,2026-08-07T17:30:13,20260926T093659
516150,稀土ETF嘉实,SSE,2021-10-11,1.398,1.398,1.341,1.384,1.3979999999999997,1.3979999999999997,1.3409999999999997,1.3839999999999997,0.9999999999999999,37331600.0,51196320.0,腾讯日K,2026-08-07T17:30:13,20260926T093659
516150,稀土ETF嘉实,SSE,2021-10-12,1.376,1.391,1.304,1.334,1.3759999999999997,1.3909999999999998,1.3039999999999998,1.3339999999999999,0.9999999999999999,38453800.0,51867449.0,腾讯日K,2026-08-07T17:30:13,20260926T093659
516150,稀土ETF嘉实,SSE,2021-10-13,1.333,1.374,1.329,1.363,1.3329999999999995,1.3739999999999997,1.3289999999999995,1.3629999999999995,0.9999999999999997,35547000.0,47802301.0,腾讯日K,2026-08-07T17:30:13,20260926T093659
516150,稀土ETF嘉实,SSE,2021-10-14,1.349,1.381,1.343,1.362,1.3489999999999995,1.3809999999999996,1.3429999999999995,1.3619999999999997,0.9999999999999997,38349800.0,52168604.0,腾讯日K,2026-08-07T17:30:13,20260926T093659
516150,稀土ETF嘉实,SSE,2021-10-15,1.366,1.387,1.35,1.38,1.3659999999999997,1.3869999999999996,1.3499999999999996,1.3799999999999994,0.9999999999999997,41854700.0,57303727.0,腾讯日K,2026-08-07T17:30:13,20260926T093659
516150,稀土ETF嘉实,SSE,2021-10-18,1.392,1.408,1.366,1.405,1.3919999999999995,1.4079999999999995,1.3659999999999997,1.4049999999999996,0.9999999999999997,39274600.0,54483203.0,腾讯日K,2026-08-07T17:30:13,20260926T093659
516150,稀土ETF嘉实,SSE,2021-10-19,1.403,1.414,1.376,1.403,1.4029999999999996,1.4139999999999995,1.3759999999999994,1.4029999999999996,0.9999999999999997,35588100.0,49597994.0,腾讯日K,2026-08-07T17:30:13,20260926T093659
516150,稀土ETF嘉实,SSE,2021-10-20,1.398,1.446,1.373,1.433,1.3979999999999995,1.4459999999999995,1.3729999999999996,1.4329999999999996,0.9999999999999997,78861200.0,111722613.0,腾讯日K,2026-08-07T17:30:13,20260926T093659
516150,稀土ETF嘉实,SSE,2021-10-21,1.437,1.48,1.42,1.458,1.4369999999999994,1.4799999999999993,1.4199999999999993,1.4579999999999993,0.9999999999999996,73649300.0,106372505.0,腾讯日K,2026-08-07T17:30:13,20260926T093659
516150,稀土ETF嘉实,SSE,2021-10-22,1.444,1.465,1.417,1.424,1.4439999999999993,1.4649999999999994,1.4169999999999994,1.4239999999999993,0.9999999999999996,56925000.0,82345555.0,腾讯日K,2026-08-07T17:30:13,20260926T093659
516150,稀土ETF嘉实,SSE,2021-10-25,1.419,1.472,1.409,1.466,1.4189999999999994,1.4719999999999993,1.4089999999999994,1.4659999999999993,0.9999999999999996,39729300.0,57093009.0,腾讯日K,2026-08-07T17:30:13,20260926T093659
516150,稀土ETF嘉实,SSE,2021-10-26,1.476,1.506,1.463,1.495,1.4759999999999995,1.5059999999999996,1.4629999999999996,1.4949999999999997,0.9999999999999997,41363100.0,61541606.0,腾讯日K,2026-08-07T17:30:13,20260926T093659
516150,稀土ETF嘉实,SSE,2021-10-27,1.494,1.5,1.47,1.488,1.4939999999999996,1.4999999999999996,1.4699999999999995,1.4879999999999995,0.9999999999999997,59817500.0,89034673.0,腾讯日K,2026-08-07T17:30:13,20260926T093659
516150,稀土ETF嘉实,SSE,2021-10-28,1.486,1.49,1.413,1.423,1.4859999999999995,1.4899999999999995,1.4129999999999996,1.4229999999999996,0.9999999999999997,37183100.0,54166385.0,腾讯日K,2026-08-07T17:30:13,20260926T093659
516150,稀土ETF嘉实,SSE,2021-10-29,1.423,1.442,1.41,1.437,1.4229999999999996,1.4419999999999995,1.4099999999999995,1.4369999999999996,0.9999999999999997,41040900.0,58708063.0,腾讯日K,2026-08-07T17:30:13,20260926T093659
516150,稀土ETF嘉实,SSE,2021-11-01,1.431,1.449,1.414,1.418,1.4309999999999996,1.4489999999999996,1.4139999999999995,1.4179999999999995,0.9999999999999997,32105100.0,45836027.0,腾讯日K,2026-08-07T17:30:13,20260926T093659
516150,稀土ETF嘉实,SSE,2021-11-02,1.427,1.428,1.368,1.383,1.4269999999999996,1.4279999999999995,1.3679999999999997,1.3829999999999996,0.9999999999999997,37629900.0,52548893.0,腾讯日K,2026-08-07T17:30:13,20260926T093659
516150,稀土ETF嘉实,SSE,2021-11-03,1.383,1.4,1.357,1.4,1.3829999999999996,1.3999999999999995,1.3569999999999995,1.3999999999999995,0.9999999999999997,34413900.0,47457812.0,腾讯日K,2026-08-07T17:30:13,20260926T093659
516150,稀土ETF嘉实,SSE,2021-11-04,1.398,1.43,1.39,1.428,1.3979999999999992,1.4299999999999993,1.3899999999999992,1.4279999999999993,0.9999999999999996,39121800.0,55181907.0,腾讯日K,2026-08-07T17:30:13,20260926T093659
516150,稀土ETF嘉实,SSE,2021-11-05,1.432,1.444,1.413,1.414,1.4319999999999995,1.4439999999999995,1.4129999999999996,1.4139999999999995,0.9999999999999997,32252200.0,46131547.0,腾讯日K,2026-08-07T17:30:13,20260926T093659
516150,稀土ETF嘉实,SSE,2021-11-08,1.414,1.46,1.406,1.458,1.4139999999999993,1.4599999999999993,1.4059999999999993,1.4579999999999993,0.9999999999999996,40769400.0,58496935.0,腾讯日K,2026-08-07T17:30:13,20260926T093659
516150,稀土ETF嘉实,SSE,2021-11-09,1.463,1.465,1.443,1.457,1.4629999999999994,1.4649999999999994,1.4429999999999994,1.4569999999999994,0.9999999999999996,45564400.0,66275792.0,腾讯日K,2026-08-07T17:30:13,20260926T093659
516150,稀土ETF嘉实,SSE,2021-11-10,1.455,1.455,1.4,1.435,1.4549999999999994,1.4549999999999994,1.3999999999999992,1.4349999999999994,0.9999999999999996,36207300.0,51870178.0,腾讯日K,2026-08-07T17:30:13,20260926T093659
516150,稀土ETF嘉实,SSE,2021-11-11,1.432,1.434,1.407,1.428,1.431999999999999,1.433999999999999,1.4069999999999991,1.427999999999999,0.9999999999999993,34098400.0,48546849.0,腾讯日K,2026-08-07T17:30:13,20260926T093659
516150,稀土ETF嘉实,SSE,2021-11-12,1.428,1.461,1.425,1.443,1.4279999999999993,1.4609999999999994,1.4249999999999994,1.4429999999999994,0.9999999999999996,36895400.0,53439801.0,腾讯日K,2026-08-07T17:30:13,20260926T093659
516150,稀土ETF嘉实,SSE,2021-11-15,1.442,1.442,1.403,1.413,1.4419999999999993,1.4419999999999993,1.4029999999999994,1.4129999999999994,0.9999999999999996,38155800.0,54152824.0,腾讯日K,2026-08-07T17:30:13,20260926T093659
516150,稀土ETF嘉实,SSE,2021-11-16,1.42,1.429,1.396,1.4,1.4199999999999993,1.4289999999999994,1.3959999999999992,1.3999999999999992,0.9999999999999996,33252700.0,47031537.0,腾讯日K,2026-08-07T17:30:13,20260926T093659
516150,稀土ETF嘉实,SSE,2021-11-17,1.406,1.468,1.405,1.467,1.4059999999999993,1.4679999999999993,1.4049999999999994,1.4669999999999994,0.9999999999999996,51278200.0,73897302.0,腾讯日K,2026-08-07T17:30:13,20260926T093659
516150,稀土ETF嘉实,SSE,2021-11-18,1.467,1.5,1.452,1.472,1.4669999999999994,1.4999999999999993,1.4519999999999993,1.4719999999999993,0.9999999999999996,79381100.0,116940093.0,腾讯日K,2026-08-07T17:30:13,20260926T093659
516150,稀土ETF嘉实,SSE,2021-11-19,1.465,1.476,1.451,1.476,1.4649999999999996,1.4759999999999995,1.4509999999999996,1.4759999999999995,0.9999999999999997,103829700.0,152438900.0,腾讯日K,2026-08-07T17:30:13,20260926T093659
516150,稀土ETF嘉实,SSE,2021-11-22,1.477,1.536,1.476,1.533,1.4769999999999996,1.5359999999999996,1.4759999999999995,1.5329999999999995,0.9999999999999997,63445500.0,95409302.0,腾讯日K,2026-08-07T17:30:13,20260926T093659
516150,稀土ETF嘉实,SSE,2021-11-23,1.574,1.596,1.551,1.557,1.5739999999999996,1.5959999999999996,1.5509999999999995,1.5569999999999995,0.9999999999999997,119603500.0,187714048.0,腾讯日K,2026-08-07T17:30:13,20260926T093659
516150,稀土ETF嘉实,SSE,2021-11-24,1.541,1.621,1.541,1.608,1.5409999999999995,1.6209999999999996,1.5409999999999995,1.6079999999999997,0.9999999999999998,159528500.0,253626164.0,腾讯日K,2026-08-07T17:30:13,20260926T093659
516150,稀土ETF嘉实,SSE,2021-11-25,1.61,1.645,1.584,1.615,1.6099999999999997,1.6449999999999996,1.5839999999999996,1.6149999999999995,0.9999999999999998,138078200.0,222248223.0,腾讯日K,2026-08-07T17:30:13,20260926T093659
516150,稀土ETF嘉实,SSE,2021-11-26,1.593,1.681,1.593,1.666,1.5929999999999993,1.6809999999999994,1.5929999999999993,1.6659999999999993,0.9999999999999996,112983000.0,186081271.0,腾讯日K,2026-08-07T17:30:13,20260926T093659
516150,稀土ETF嘉实,SSE,2021-11-29,1.65,1.688,1.632,1.687,1.6499999999999992,1.6879999999999993,1.6319999999999992,1.6869999999999994,0.9999999999999996,92011900.0,153665675.0,腾讯日K,2026-08-07T17:30:13,20260926T093659
516150,稀土ETF嘉实,SSE,2021-11-30,1.693,1.712,1.64,1.656,1.6929999999999996,1.7119999999999995,1.6399999999999995,1.6559999999999995,0.9999999999999998,94545500.0,157810135.0,腾讯日K,2026-08-07T17:30:13,20260926T093659
516150,稀土ETF嘉实,SSE,2021-12-01,1.64,1.649,1.611,1.639,1.6399999999999995,1.6489999999999996,1.6109999999999995,1.6389999999999996,0.9999999999999998,50122100.0,81839136.0,腾讯日K,2026-08-07T17:30:13,20260926T093659
516150,稀土ETF嘉实,SSE,2021-12-02,1.63,1.686,1.617,1.67,1.6299999999999992,1.6859999999999993,1.6169999999999993,1.6699999999999993,0.9999999999999996,62849800.0,103359090.0,腾讯日K,2026-08-07T17:30:13,20260926T093659
516150,稀土ETF嘉实,SSE,2021-12-03,1.654,1.659,1.607,1.642,1.6539999999999995,1.6589999999999996,1.6069999999999995,1.6419999999999995,0.9999999999999998,53238200.0,86902454.0,腾讯日K,2026-08-07T17:30:13,20260926T093659
516150,稀土ETF嘉实,SSE,2021-12-06,1.638,1.667,1.632,1.641,1.6379999999999995,1.6669999999999996,1.6319999999999995,1.6409999999999996,0.9999999999999998,47702200.0,78607183.0,腾讯日K,2026-08-07T17:30:13,20260926T093659
516150,稀土ETF嘉实,SSE,2021-12-07,1.644,1.658,1.567,1.598,1.6439999999999997,1.6579999999999997,1.5669999999999997,1.5979999999999999,0.9999999999999999,48353900.0,77864449.0,腾讯日K,2026-08-07T17:30:13,20260926T093659
516150,稀土ETF嘉实,SSE,2021-12-08,1.596,1.63,1.594,1.621,1.5959999999999999,1.6299999999999997,1.5939999999999999,1.6209999999999998,0.9999999999999999,46254700.0,74494771.0,腾讯日K,2026-08-07T17:30:13,20260926T093659
516150,稀土ETF嘉实,SSE,2021-12-09,1.613,1.646,1.613,1.615,1.613,1.646,1.613,1.615,1.0,48928800.0,79568547.0,腾讯日K,2026-08-07T17:30:13,20260926T093659
516150,稀土ETF嘉实,SSE,2021-12-10,1.611,1.632,1.598,1.626,1.6110000000000004,1.6320000000000003,1.5980000000000005,1.6260000000000001,1.0000000000000002,40334600.0,65103677.0,腾讯日K,2026-08-07T17:30:13,20260926T093659
516150,稀土ETF嘉实,SSE,2021-12-13,1.626,1.639,1.598,1.638,1.626,1.639,1.598,1.638,1.0,43857100.0,70799672.0,腾讯日K,2026-08-07T17:30:13,20260926T093659
516150,稀土ETF嘉实,SSE,2021-12-14,1.638,1.642,1.591,1.601,1.6380000000000003,1.6420000000000003,1.5910000000000004,1.6010000000000002,1.0000000000000002,61090200.0,98048747.0,腾讯日K,2026-08-07T17:30:13,20260926T093659
516150,稀土ETF嘉实,SSE,2021-12-15,1.598,1.621,1.59,1.6,1.5980000000000005,1.6210000000000004,1.5900000000000005,1.6000000000000003,1.0000000000000002,48517400.0,78207568.0,腾讯日K,2026-08-07T17:30:13,20260926T093659
516150,稀土ETF嘉实,SSE,2021-12-16,1.603,1.612,1.58,1.612,1.6030000000000004,1.6120000000000005,1.5800000000000005,1.6120000000000005,1.0000000000000002,38790800.0,61950667.0,腾讯日K,2026-08-07T17:30:13,20260926T093659
516150,稀土ETF嘉实,SSE,2021-12-17,1.612,1.612,1.568,1.569,1.6120000000000005,1.6120000000000005,1.5680000000000005,1.5690000000000004,1.0000000000000002,42572000.0,67759543.0,腾讯日K,2026-08-07T17:30:13,20260926T093659
516150,稀土ETF嘉实,SSE,2021-12-20,1.568,1.596,1.547,1.568,1.5680000000000005,1.5960000000000005,1.5470000000000004,1.5680000000000005,1.0000000000000002,39065100.0,61247058.0,腾讯日K,2026-08-07T17:30:13,20260926T093659
516150,稀土ETF嘉实,SSE,2021-12-21,1.568,1.57,1.542,1.557,1.5680000000000005,1.5700000000000005,1.5420000000000005,1.5570000000000004,1.0000000000000002,42819400.0,66461863.0,腾讯日K,2026-08-07T17:30:13,20260926T093659
516150,稀土ETF嘉实,SSE,2021-12-22,1.563,1.565,1.541,1.558,1.5630000000000004,1.5650000000000004,1.5410000000000004,1.5580000000000005,1.0000000000000002,30439900.0,47339024.0,腾讯日K,2026-08-07T17:30:13,20260926T093659
516150,稀土ETF嘉实,SSE,2021-12-23,1.589,1.592,1.551,1.563,1.5890000000000006,1.5920000000000007,1.5510000000000006,1.5630000000000006,1.0000000000000004,45154100.0,70797458.0,腾讯日K,2026-08-07T17:30:13,20260926T093659
516150,稀土ETF嘉实,SSE,2021-12-24,1.564,1.569,1.506,1.51,1.5640000000000007,1.5690000000000006,1.5060000000000007,1.5100000000000007,1.0000000000000004,41577900.0,63562525.0,腾讯日K,2026-08-07T17:30:13,20260926T093659
516150,稀土ETF嘉实,SSE,2021-12-27,1.497,1.517,1.48,1.499,1.4970000000000008,1.5170000000000006,1.4800000000000006,1.4990000000000008,1.0000000000000004,34806000.0,52297266.0,腾讯日K,2026-08-07T17:30:13,20260926T093659
516150,稀土ETF嘉实,SSE,2021-12-28,1.5,1.522,1.491,1.521,1.5000000000000007,1.5220000000000007,1.4910000000000008,1.5210000000000006,1.0000000000000004,36937100.0,55599512.0,腾讯日K,2026-08-07T17:30:13,20260926T093659
516150,稀土ETF嘉实,SSE,2021-12-29,1.516,1.531,1.509,1.51,1.5160000000000007,1.5310000000000006,1.5090000000000006,1.5100000000000007,1.0000000000000004,40042100.0,60802400.0,腾讯日K,2026-08-07T17:30:13,20260926T093659
516150,稀土ETF嘉实,SSE,2021-12-30,1.516,1.538,1.516,1.527,1.5160000000000011,1.5380000000000011,1.5160000000000011,1.5270000000000008,1.0000000000000007,37321800.0,57044450.0,腾讯日K,2026-08-07T17:30:13,20260926T093659
516150,稀土ETF嘉实,SSE,2021-12-31,1.519,1.539,1.519,1.525,1.519000000000001,1.539000000000001,1.519000000000001,1.5250000000000008,1.0000000000000007,34804400.0,53268670.0,腾讯日K,2026-08-07T17:30:13,20260926T093659
516150,稀土ETF嘉实,SSE,2022-01-04,1.524,1.533,1.487,1.499,1.5240000000000007,1.5330000000000006,1.4870000000000008,1.4990000000000008,1.0000000000000004,36112600.0,54209333.0,腾讯日K,2026-08-07T17:30:13,20260926T093659
516150,稀土ETF嘉实,SSE,2022-01-05,1.496,1.496,1.429,1.438,1.4960000000000007,1.4960000000000007,1.4290000000000007,1.4380000000000006,1.0000000000000004,46364800.0,67783325.0,腾讯日K,2026-08-07T17:30:13,20260926T093659
516150,稀土ETF嘉实,SSE,2022-01-06,1.423,1.471,1.423,1.46,1.423000000000001,1.471000000000001,1.423000000000001,1.4600000000000009,1.0000000000000007,39105400.0,56704506.0,腾讯日K,2026-08-07T17:30:13,20260926T093659
516150,稀土ETF嘉实,SSE,2022-01-07,1.454,1.461,1.426,1.432,1.4540000000000008,1.461000000000001,1.4260000000000008,1.4320000000000008,1.0000000000000007,35403900.0,51045741.0,腾讯日K,2026-08-07T17:30:13,20260926T093659
516150,稀土ETF嘉实,SSE,2022-01-10,1.432,1.44,1.415,1.431,1.4320000000000008,1.4400000000000008,1.415000000000001,1.431000000000001,1.0000000000000007,31916300.0,45611039.0,腾讯日K,2026-08-07T17:30:13,20260926T093659
516150,稀土ETF嘉实,SSE,2022-01-11,1.432,1.436,1.411,1.414,1.4320000000000013,1.4360000000000013,1.4110000000000014,1.414000000000001,1.0000000000000009,35016300.0,49890810.0,腾讯日K,2026-08-07T17:30:13,20260926T093659
516150,稀土ETF嘉实,SSE,2022-01-12,1.416,1.436,1.416,1.435,1.4160000000000008,1.4360000000000008,1.4160000000000008,1.435000000000001,1.0000000000000007,36367400.0,51811530.0,腾讯日K,2026-08-07T17:30:13,20260926T093659
516150,稀土ETF嘉实,SSE,2022-01-13,1.439,1.439,1.397,1.4,1.439000000000001,1.439000000000001,1.397000000000001,1.4000000000000008,1.0000000000000007,45532000.0,64252211.0,腾讯日K,2026-08-07T17:30:13,20260926T093659
516150,稀土ETF嘉实,SSE,2022-01-14,1.397,1.425,1.39,1.41,1.397000000000001,1.425000000000001,1.3900000000000008,1.4100000000000008,1.0000000000000007,42826500.0,60257385.0,腾讯日K,2026-08-07T17:30:13,20260926T093659
516150,稀土ETF嘉实,SSE,2022-01-17,1.409,1.414,1.391,1.41,1.409000000000001,1.4140000000000008,1.391000000000001,1.4100000000000008,1.0000000000000007,27973100.0,39237948.0,腾讯日K,2026-08-07T17:30:13,20260926T093659
516150,稀土ETF嘉实,SSE,2022-01-18,1.41,1.419,1.398,1.409,1.4100000000000006,1.4190000000000007,1.3980000000000006,1.4090000000000007,1.0000000000000004,32905900.0,46398710.0,腾讯日K,2026-08-07T17:30:13,20260926T093659
516150,稀土ETF嘉实,SSE,2022-01-19,1.408,1.408,1.367,1.374,1.4080000000000006,1.4080000000000006,1.3670000000000007,1.3740000000000008,1.0000000000000004,39207300.0,54489653.0,腾讯日K,2026-08-07T17:30:13,20260926T093659
516150,稀土ETF嘉实,SSE,2022-01-20,1.374,1.383,1.331,1.332,1.3740000000000008,1.3830000000000007,1.3310000000000006,1.3320000000000007,1.0000000000000004,51136800.0,69378132.0,腾讯日K,2026-08-07T17:30:13,20260926T093659
516150,稀土ETF嘉实,SSE,2022-01-21,1.333,1.339,1.321,1.326,1.3330000000000006,1.3390000000000006,1.3210000000000006,1.3260000000000007,1.0000000000000004,38948600.0,51829185.0,腾讯日K,2026-08-07T17:30:13,20260926T093659
516150,稀土ETF嘉实,SSE,2022-01-24,1.316,1.354,1.311,1.348,1.3160000000000007,1.3540000000000008,1.3110000000000006,1.3480000000000008,1.0000000000000004,37800900.0,50366427.0,腾讯日K,2026-08-07T17:30:13,20260926T093659
516150,稀土ETF嘉实,SSE,2022-01-25,1.346,1.36,1.308,1.31,1.3460000000000008,1.3600000000000008,1.3080000000000007,1.3100000000000007,1.0000000000000004,43144900.0,57653441.0,腾讯日K,2026-08-07T17:30:13,20260926T093659
516150,稀土ETF嘉实,SSE,2022-01-26,1.319,1.328,1.3,1.322,1.3190000000000006,1.3280000000000007,1.3000000000000007,1.3220000000000005,1.0000000000000004,40025000.0,52712996.0,腾讯日K,2026-08-07T17:30:13,20260926T093659
516150,稀土ETF嘉实,SSE,2022-01-27,1.32,1.331,1.281,1.282,1.3200000000000007,1.3310000000000006,1.2810000000000006,1.2820000000000005,1.0000000000000004,39292500.0,51410269.0,腾讯日K,2026-08-07T17:30:13,20260926T093659
516150,稀土ETF嘉实,SSE,2022-01-28,1.288,1.3,1.241,1.269,1.2880000000000007,1.3000000000000007,1.2410000000000005,1.2690000000000003,1.0000000000000004,37589600.0,47741391.0,腾讯日K,2026-08-07T17:30:13,20260926T093659
516150,稀土ETF嘉实,SSE,2022-02-07,1.286,1.33,1.286,1.32,1.2860000000000007,1.3300000000000007,1.2860000000000007,1.3200000000000005,1.0000000000000004,44065500.0,58041719.0,腾讯日K,2026-08-07T17:30:13,20260926T093659
516150,稀土ETF嘉实,SSE,2022-02-08,1.327,1.327,1.288,1.324,1.3270000000000006,1.3270000000000006,1.2880000000000007,1.3240000000000005,1.0000000000000004,38997500.0,50977455.0,腾讯日K,2026-08-07T17:30:13,20260926T093659
516150,稀土ETF嘉实,SSE,2022-02-09,1.33,1.358,1.318,1.354,1.3300000000000003,1.3580000000000003,1.3180000000000003,1.3540000000000005,1.0000000000000002,50344800.0,67316676.0,腾讯日K,2026-08-07T17:30:13,20260926T093659
516150,稀土ETF嘉实,SSE,2022-02-10,1.353,1.361,1.337,1.349,1.3530000000000002,1.3610000000000002,1.3370000000000002,1.3490000000000004,1.0000000000000002,46239800.0,62457788.0,腾讯日K,2026-08-07T17:30:13,20260926T093659
516150,稀土ETF嘉实,SSE,2022-02-11,1.345,1.355,1.323,1.326,1.3450000000000006,1.3550000000000006,1.3230000000000006,1.3260000000000005,1.0000000000000004,39501200.0,53044695.0,腾讯日K,2026-08-07T17:30:13,20260926T093659
516150,稀土ETF嘉实,SSE,2022-02-14,1.326,1.351,1.32,1.333,1.3260000000000007,1.3510000000000006,1.3200000000000007,1.3330000000000004,1.0000000000000004,44924800.0,60073785.0,腾讯日K,2026-08-07T17:30:13,20260926T093659
516150,稀土ETF嘉实,SSE,2022-02-15,1.336,1.353,1.33,1.353,1.3360000000000007,1.3530000000000006,1.3300000000000007,1.3530000000000006,1.0000000000000004,48205300.0,64758496.0,腾讯日K,2026-08-07T17:30:13,20260926T093659
516150,稀土ETF嘉实,SSE,2022-02-16,1.357,1.396,1.356,1.383,1.3570000000000007,1.3960000000000006,1.3560000000000008,1.3830000000000007,1.0000000000000004,61673700.0,85148628.0,腾讯日K,2026-08-07T17:30:13,20260926T093659
516150,稀土ETF嘉实,SSE,2022-02-17,1.38,1.418,1.368,1.407,1.3800000000000001,1.4180000000000001,1.3680000000000003,1.4070000000000005,1.0000000000000002,78052600.0,108710481.0,腾讯日K,2026-08-07T17:30:13,20260926T093659
516150,稀土ETF嘉实,SSE,2022-02-18,1.401,1.405,1.388,1.404,1.4010000000000002,1.4050000000000002,1.3880000000000001,1.4040000000000004,1.0000000000000002,53757300.0,74996929.0,腾讯日K,2026-08-07T17:30:13,20260926T093659
516150,稀土ETF嘉实,SSE,2022-02-21,1.406,1.407,1.378,1.4,1.4060000000000006,1.4070000000000007,1.3780000000000006,1.4000000000000006,1.0000000000000004,65037600.0,90729179.0,腾讯日K,2026-08-07T17:30:13,20260926T093659
516150,稀土ETF嘉实,SSE,2022-02-22,1.398,1.411,1.391,1.407,1.3980000000000006,1.4110000000000007,1.3910000000000007,1.4070000000000007,1.0000000000000004,44028800.0,61712825.0,腾讯日K,2026-08-07T17:30:13,20260926T093659
516150,稀土ETF嘉实,SSE,2022-02-23,1.407,1.434,1.402,1.431,1.4070000000000007,1.4340000000000006,1.4020000000000006,1.4310000000000007,1.0000000000000004,53825200.0,76458945.0,腾讯日K,2026-08-07T17:30:13,20260926T093659
516150,稀土ETF嘉实,SSE,2022-02-24,1.431,1.455,1.385,1.409,1.4310000000000007,1.4550000000000007,1.3850000000000007,1.4090000000000007,1.0000000000000004,59902800.0,85538290.0,腾讯日K,2026-08-07T17:30:13,20260926T093659
516150,稀土ETF嘉实,SSE,2022-02-25,1.413,1.458,1.413,1.432,1.4130000000000007,1.4580000000000006,1.4130000000000007,1.4320000000000006,1.0000000000000004,80867600.0,116467509.0,腾讯日K,2026-08-07T17:30:13,20260926T093659
516150,稀土ETF嘉实,SSE,2022-02-28,1.432,1.456,1.419,1.451,1.4320000000000006,1.4560000000000006,1.4190000000000007,1.4510000000000007,1.0000000000000004,74601100.0,107279947.0,腾讯日K,2026-08-07T17:30:13,20260926T093659
516150,稀土ETF嘉实,SSE,2022-03-01,1.452,1.457,1.422,1.429,1.4520000000000006,1.4570000000000007,1.4220000000000006,1.4290000000000007,1.0000000000000004,42940800.0,61666440.0,腾讯日K,2026-08-07T17:30:13,20260926T093659
516150,稀土ETF嘉实,SSE,2022-03-02,1.428,1.442,1.415,1.435,1.4280000000000008,1.4420000000000008,1.415000000000001,1.435000000000001,1.0000000000000007,37013500.0,52951856.0,腾讯日K,2026-08-07T17:30:13,20260926T093659
516150,稀土ETF嘉实,SSE,2022-03-03,1.437,1.443,1.415,1.418,1.437000000000001,1.443000000000001,1.415000000000001,1.4180000000000008,1.0000000000000007,55612600.0,79405240.0,腾讯日K,2026-08-07T17:30:13,20260926T093659
516150,稀土ETF嘉实,SSE,2022-03-04,1.414,1.424,1.386,1.393,1.4140000000000008,1.4240000000000008,1.3860000000000008,1.393000000000001,1.0000000000000007,47238100.0,66592414.0,腾讯日K,2026-08-07T17:30:13,20260926T093659
516150,稀土ETF嘉实,SSE,2022-03-07,1.376,1.381,1.346,1.355,1.3760000000000008,1.381000000000001,1.346000000000001,1.3550000000000009,1.0000000000000007,46622700.0,63752695.0,腾讯日K,2026-08-07T17:30:13,20260926T093659
516150,稀土ETF嘉实,SSE,2022-03-08,1.347,1.362,1.286,1.302,1.347000000000001,1.3620000000000012,1.2860000000000011,1.3020000000000012,1.0000000000000009,54063300.0,71572352.0,腾讯日K,2026-08-07T17:30:13,20260926T093659
516150,稀土ETF嘉实,SSE,2022-03-09,1.301,1.31,1.214,1.27,1.301000000000001,1.3100000000000012,1.214000000000001,1.2700000000000011,1.0000000000000009,61128400.0,78121327.0,腾讯日K,2026-08-07T17:30:13,20260926T093659
516150,稀土ETF嘉实,SSE,2022-03-10,1.291,1.317,1.284,1.305,1.291000000000001,1.317000000000001,1.2840000000000011,1.305000000000001,1.0000000000000009,54603300.0,70854454.0,腾讯日K,2026-08-07T17:30:13,20260926T093659
516150,稀土ETF嘉实,SSE,2022-03-11,1.273,1.299,1.255,1.298,1.2730000000000008,1.2990000000000008,1.2550000000000008,1.298000000000001,1.0000000000000007,59470000.0,75852818.0,腾讯日K,2026-08-07T17:30:13,20260926T093659
516150,稀土ETF嘉实,SSE,2022-03-14,1.285,1.29,1.257,1.261,1.2850000000000008,1.290000000000001,1.2570000000000008,1.2610000000000008,1.0000000000000007,53791900.0,68708624.0,腾讯日K,2026-08-07T17:30:13,20260926T093659
516150,稀土ETF嘉实,SSE,2022-03-15,1.25,1.258,1.19,1.192,1.2500000000000009,1.258000000000001,1.1900000000000008,1.1920000000000008,1.0000000000000007,58853400.0,72652400.0,腾讯日K,2026-08-07T17:30:13,20260926T093659
516150,稀土ETF嘉实,SSE,2022-03-16,1.2,1.239,1.162,1.234,1.200000000000001,1.2390000000000012,1.162000000000001,1.234000000000001,1.0000000000000009,65163500.0,78118359.0,腾讯日K,2026-08-07T17:30:13,20260926T093659
516150,稀土ETF嘉实,SSE,2022-03-17,1.246,1.29,1.246,1.267,1.246000000000001,1.2900000000000011,1.246000000000001,1.267000000000001,1.0000000000000009,73017500.0,93147166.0,腾讯日K,2026-08-07T17:30:13,20260926T093659
516150,稀土ETF嘉实,SSE,2022-03-18,1.267,1.273,1.251,1.268,1.267000000000001,1.273000000000001,1.251000000000001,1.2680000000000011,1.0000000000000009,69078900.0,87193390.0,腾讯日K,2026-08-07T17:30:13,20260926T093659
516150,稀土ETF嘉实,SSE,2022-03-21,1.268,1.292,1.264,1.28,1.2680000000000011,1.2920000000000011,1.2640000000000011,1.2800000000000011,1.0000000000000009,41684400.0,53406931.0,腾讯日K,2026-08-07T17:30:13,20260926T093659
516150,稀土ETF嘉实,SSE,2022-03-22,1.275,1.289,1.269,1.276,1.2750000000000008,1.2890000000000008,1.2690000000000008,1.276000000000001,1.0000000000000007,41740600.0,53423571.0,腾讯日K,2026-08-07T17:30:13,20260926T093659
516150,稀土ETF嘉实,SSE,2022-03-23,1.279,1.291,1.274,1.278,1.2790000000000008,1.2910000000000008,1.274000000000001,1.278000000000001,1.0000000000000007,52692000.0,67501243.0,腾讯日K,2026-08-07T17:30:13,20260926T093659
516150,稀土ETF嘉实,SSE,2022-03-24,1.278,1.278,1.25,1.269,1.278000000000001,1.278000000000001,1.2500000000000009,1.2690000000000008,1.0000000000000007,51777300.0,65430081.0,腾讯日K,2026-08-07T17:30:13,20260926T093659
516150,稀土ETF嘉实,SSE,2022-03-25,1.268,1.279,1.247,1.248,1.268000000000001,1.2790000000000008,1.247000000000001,1.2480000000000009,1.0000000000000007,72698300.0,91857441.0,腾讯日K,2026-08-07T17:30:13,20260926T093659
516150,稀土ETF嘉实,SSE,2022-03-28,1.239,1.243,1.208,1.231,1.239000000000001,1.243000000000001,1.2080000000000009,1.231000000000001,1.0000000000000007,66824700.0,81669257.0,腾讯日K,2026-08-07T17:30:13,20260926T093659
516150,稀土ETF嘉实,SSE,2022-03-29,1.243,1.243,1.21,1.218,1.243000000000001,1.243000000000001,1.2100000000000009,1.2180000000000009,1.0000000000000007,50312300.0,61623314.0,腾讯日K,2026-08-07T17:30:13,20260926T093659
516150,稀土ETF嘉实,SSE,2022-03-30,1.225,1.251,1.225,1.25,1.225000000000001,1.2510000000000008,1.225000000000001,1.2500000000000009,1.0000000000000007,38959600.0,48284166.0,腾讯日K,2026-08-07T17:30:13,20260926T093659
516150,稀土ETF嘉实,SSE,2022-03-31,1.248,1.248,1.221,1.226,1.2480000000000009,1.2480000000000009,1.221000000000001,1.2260000000000009,1.0000000000000007,37646800.0,46445549.0,腾讯日K,2026-08-07T17:30:13,20260926T093659
516150,稀土ETF嘉实,SSE,2022-04-01,1.223,1.235,1.214,1.229,1.2230000000000012,1.2350000000000012,1.214000000000001,1.2290000000000012,1.0000000000000009,40484100.0,49514235.0,腾讯日K,2026-08-07T17:30:13,20260926T093659
516150,稀土ETF嘉实,SSE,2022-04-06,1.23,1.23,1.202,1.218,1.230000000000001,1.230000000000001,1.202000000000001,1.218000000000001,1.0000000000000009,39916000.0,48392051.0,腾讯日K,2026-08-07T17:30:13,20260926T093659
516150,稀土ETF嘉实,SSE,2022-04-07,1.21,1.22,1.197,1.198,1.210000000000001,1.220000000000001,1.1970000000000012,1.198000000000001,1.0000000000000009,50121000.0,60614275.0,腾讯日K,2026-08-07T17:30:13,20260926T093659
516150,稀土ETF嘉实,SSE,2022-04-08,1.198,1.203,1.166,1.194,1.1980000000000013,1.2030000000000014,1.1660000000000013,1.1940000000000013,1.000000000000001,49789300.0,59050282.0,腾讯日K,2026-08-07T17:30:13,20260926T093659
516150,稀土ETF嘉实,SSE,2022-04-11,1.181,1.183,1.119,1.124,1.1810000000000012,1.1830000000000012,1.1190000000000009,1.1240000000000012,1.0000000000000009,61670000.0,70475715.0,腾讯日K,2026-08-07T17:30:13,20260926T093659
516150,稀土ETF嘉实,SSE,2022-04-12,1.117,1.152,1.117,1.15,1.1170000000000009,1.152000000000001,1.1170000000000009,1.150000000000001,1.0000000000000009,60646600.0,68493763.0,腾讯日K,2026-08-07T17:30:13,20260926T093659
516150,稀土ETF嘉实,SSE,2022-04-13,1.15,1.161,1.135,1.144,1.150000000000001,1.1610000000000011,1.1350000000000011,1.144000000000001,1.0000000000000009,74788200.0,85784071.0,腾讯日K,2026-08-07T17:30:13,20260926T093659
516150,稀土ETF嘉实,SSE,2022-04-14,1.15,1.158,1.144,1.148,1.150000000000001,1.158000000000001,1.144000000000001,1.148000000000001,1.0000000000000009,71937200.0,82825627.0,腾讯日K,2026-08-07T17:30:13,20260926T093659
516150,稀土ETF嘉实,SSE,2022-04-15,1.151,1.151,1.121,1.126,1.1510000000000014,1.1510000000000014,1.1210000000000013,1.1260000000000012,1.000000000000001,65004600.0,73653916.0,腾讯日K,2026-08-07T17:30:13,20260926T093659
516150,稀土ETF嘉实,SSE,2022-04-18,1.132,1.132,1.093,1.13,1.132000000000001,1.132000000000001,1.0930000000000009,1.130000000000001,1.0000000000000009,64073700.0,71287022.0,腾讯日K,2026-08-07T17:30:13,20260926T093659
516150,稀土ETF嘉实,SSE,2022-04-19,1.136,1.158,1.131,1.146,1.136000000000001,1.158000000000001,1.1310000000000011,1.146000000000001,1.0000000000000009,76195300.0,87584493.0,腾讯日K,2026-08-07T17:30:13,20260926T093659
516150,稀土ETF嘉实,SSE,2022-04-20,1.152,1.152,1.112,1.116,1.152000000000001,1.152000000000001,1.112000000000001,1.1160000000000012,1.0000000000000009,77667200.0,88344137.0,腾讯日K,2026-08-07T17:30:13,20260926T093659
516150,稀土ETF嘉实,SSE,2022-04-21,1.106,1.117,1.061,1.067,1.1060000000000014,1.1170000000000013,1.061000000000001,1.067000000000001,1.000000000000001,93479500.0,102684401.0,腾讯日K,2026-08-07T17:30:13,20260926T093659
516150,稀土ETF嘉实,SSE,2022-04-22,1.066,1.066,1.04,1.049,1.0660000000000012,1.0660000000000012,1.0400000000000011,1.049000000000001,1.000000000000001,77725100.0,81575846.0,腾讯日K,2026-08-07T17:30:13,20260926T093659
516150,稀土ETF嘉实,SSE,2022-04-25,1.032,1.032,0.957,0.961,1.0320000000000011,1.0320000000000011,0.9570000000000011,0.961000000000001,1.000000000000001,88350900.0,88408671.0,腾讯日K,2026-08-07T17:30:13,20260926T093659
516150,稀土ETF嘉实,SSE,2022-04-26,0.953,0.967,0.925,0.928,0.9530000000000008,0.9670000000000009,0.9250000000000008,0.9280000000000009,1.0000000000000009,85284300.0,80782930.0,腾讯日K,2026-08-07T17:30:13,20260926T093659
516150,稀土ETF嘉实,SSE,2022-04-27,0.919,1.0,0.91,0.998,0.919000000000001,1.000000000000001,0.910000000000001,0.998000000000001,1.000000000000001,109761000.0,102771171.0,腾讯日K,2026-08-07T17:30:13,20260926T093659
516150,稀土ETF嘉实,SSE,2022-04-28,0.985,1.002,0.966,0.988,0.9850000000000011,1.0020000000000011,0.9660000000000011,0.9880000000000011,1.000000000000001,126161700.0,125193882.0,腾讯日K,2026-08-07T17:30:13,20260926T093659
516150,稀土ETF嘉实,SSE,2022-04-29,0.988,1.045,0.988,1.039,0.9880000000000013,1.0450000000000013,0.9880000000000013,1.0390000000000013,1.0000000000000013,86205700.0,86772225.0,腾讯日K,2026-08-07T17:30:13,20260926T093659
516150,稀土ETF嘉实,SSE,2022-05-05,1.04,1.069,1.029,1.052,1.0400000000000014,1.0690000000000013,1.0290000000000012,1.0520000000000014,1.0000000000000013,127169100.0,133639590.0,腾讯日K,2026-08-07T17:30:13,20260926T093659
516150,稀土ETF嘉实,SSE,2022-05-06,1.014,1.04,1.014,1.023,1.0140000000000011,1.0400000000000011,1.0140000000000011,1.023000000000001,1.000000000000001,96685500.0,99214674.0,腾讯日K,2026-08-07T17:30:13,20260926T093659
516150,稀土ETF嘉实,SSE,2022-05-09,1.022,1.068,1.02,1.062,1.0220000000000014,1.0680000000000014,1.0200000000000014,1.0620000000000014,1.0000000000000013,100701600.0,105818440.0,腾讯日K,2026-08-07T17:30:13,20260926T093659
516150,稀土ETF嘉实,SSE,2022-05-10,1.051,1.082,1.036,1.075,1.051000000000001,1.0820000000000012,1.0360000000000011,1.075000000000001,1.000000000000001,107651600.0,114780955.0,腾讯日K,2026-08-07T17:30:13,20260926T093659
516150,稀土ETF嘉实,SSE,2022-05-11,1.075,1.135,1.074,1.107,1.075000000000001,1.1350000000000013,1.0740000000000012,1.1070000000000013,1.000000000000001,101612400.0,111321827.0,腾讯日K,2026-08-07T17:30:13,20260926T093659
516150,稀土ETF嘉实,SSE,2022-05-12,1.091,1.108,1.081,1.099,1.091000000000001,1.1080000000000014,1.081000000000001,1.0990000000000013,1.000000000000001,122805600.0,134876262.0,腾讯日K,2026-08-07T17:30:13,20260926T093659
516150,稀土ETF嘉实,SSE,2022-05-13,1.099,1.107,1.087,1.103,1.099000000000001,1.1070000000000013,1.087000000000001,1.1030000000000013,1.000000000000001,87675100.0,96212441.0,腾讯日K,2026-08-07T17:30:13,20260926T093659
516150,稀土ETF嘉实,SSE,2022-05-16,1.109,1.126,1.097,1.102,1.1090000000000013,1.1260000000000012,1.097000000000001,1.1020000000000012,1.000000000000001,84779700.0,94162954.0,腾讯日K,2026-08-07T17:30:13,20260926T093659
516150,稀土ETF嘉实,SSE,2022-05-17,1.099,1.131,1.095,1.128,1.099000000000001,1.1310000000000013,1.095000000000001,1.1280000000000012,1.000000000000001,89493800.0,99612546.0,腾讯日K,2026-08-07T17:30:13,20260926T093659
516150,稀土ETF嘉实,SSE,2022-05-18,1.139,1.145,1.126,1.134,1.1390000000000013,1.1450000000000014,1.1260000000000012,1.1340000000000012,1.000000000000001,83152700.0,94463661.0,腾讯日K,2026-08-07T17:30:13,20260926T093659
516150,稀土ETF嘉实,SSE,2022-05-19,1.123,1.16,1.115,1.159,1.1230000000000013,1.1600000000000013,1.1150000000000013,1.1590000000000014,1.000000000000001,132558200.0,150615202.0,腾讯日K,2026-08-07T17:30:13,20260926T093659
516150,稀土ETF嘉实,SSE,2022-05-20,1.165,1.201,1.147,1.199,1.1650000000000016,1.2010000000000016,1.1470000000000016,1.1990000000000016,1.0000000000000013,111333200.0,129971431.0,腾讯日K,2026-08-07T17:30:13,20260926T093659
516150,稀土ETF嘉实,SSE,2022-05-23,1.201,1.218,1.181,1.215,1.2010000000000016,1.2180000000000015,1.1810000000000016,1.2150000000000016,1.0000000000000013,95734500.0,114541030.0,腾讯日K,2026-08-07T17:30:13,20260926T093659
516150,稀土ETF嘉实,SSE,2022-05-24,1.21,1.22,1.169,1.17,1.2100000000000013,1.2200000000000013,1.1690000000000014,1.1700000000000013,1.000000000000001,106303300.0,127825739.0,腾讯日K,2026-08-07T17:30:13,20260926T093659
516150,稀土ETF嘉实,SSE,2022-05-25,1.164,1.181,1.156,1.181,1.1640000000000015,1.1810000000000016,1.1560000000000015,1.1810000000000016,1.0000000000000013,97602200.0,114073025.0,腾讯日K,2026-08-07T17:30:13,20260926T093659
516150,稀土ETF嘉实,SSE,2022-05-26,1.18,1.188,1.153,1.181,1.1800000000000015,1.1880000000000015,1.1530000000000016,1.1810000000000016,1.0000000000000013,71246000.0,83570374.0,腾讯日K,2026-08-07T17:30:13,20260926T093659
516150,稀土ETF嘉实,SSE,2022-05-27,1.188,1.198,1.164,1.178,1.1880000000000015,1.1980000000000015,1.1640000000000015,1.1780000000000015,1.0000000000000013,68904500.0,81636559.0,腾讯日K,2026-08-07T17:30:13,20260926T093659
516150,稀土ETF嘉实,SSE,2022-05-30,1.178,1.19,1.172,1.188,1.1780000000000017,1.1900000000000017,1.1720000000000017,1.1880000000000017,1.0000000000000016,67513400.0,79657752.0,腾讯日K,2026-08-07T17:30:13,20260926T093659
516150,稀土ETF嘉实,SSE,2022-05-31,1.188,1.198,1.162,1.196,1.1880000000000017,1.1980000000000017,1.1620000000000017,1.1960000000000017,1.0000000000000016,81896800.0,96737250.0,腾讯日K,2026-08-07T17:30:13,20260926T093659
516150,稀土ETF嘉实,SSE,2022-06-01,1.19,1.197,1.177,1.188,1.1900000000000017,1.1970000000000018,1.1770000000000018,1.1880000000000017,1.0000000000000016,69023100.0,81912945.0,腾讯日K,2026-08-07T17:30:13,20260926T093659
516150,稀土ETF嘉实,SSE,2022-06-02,1.183,1.234,1.18,1.228,1.1830000000000018,1.234000000000002,1.1800000000000017,1.2280000000000018,1.0000000000000016,86562700.0,105166861.0,腾讯日K,2026-08-07T17:30:13,20260926T093659
516150,稀土ETF嘉实,SSE,2022-06-06,1.233,1.277,1.229,1.27,1.233000000000002,1.277000000000002,1.229000000000002,1.270000000000002,1.0000000000000016,121606900.0,151649372.0,腾讯日K,2026-08-07T17:30:13,20260926T093659
516150,稀土ETF嘉实,SSE,2022-06-07,1.267,1.276,1.247,1.262,1.2670000000000017,1.2760000000000018,1.2470000000000017,1.2620000000000018,1.0000000000000013,73335400.0,92478355.0,腾讯日K,2026-08-07T17:30:13,20260926T093659
516150,稀土ETF嘉实,SSE,2022-06-08,1.266,1.283,1.245,1.281,1.266000000000002,1.283000000000002,1.245000000000002,1.281000000000002,1.0000000000000016,61504000.0,77930801.0,腾讯日K,2026-08-07T17:30:13,20260926T093659
516150,稀土ETF嘉实,SSE,2022-06-09,1.275,1.281,1.25,1.263,1.275000000000002,1.281000000000002,1.250000000000002,1.263000000000002,1.0000000000000016,70943900.0,90301780.0,腾讯日K,2026-08-07T17:30:13,20260926T093659
516150,稀土ETF嘉实,SSE,2022-06-10,1.253,1.315,1.245,1.307,1.253000000000002,1.315000000000002,1.245000000000002,1.307000000000002,1.0000000000000016,149072100.0,192607321.0,腾讯日K,2026-08-07T17:30:13,20260926T093659
516150,稀土ETF嘉实,SSE,2022-06-13,1.304,1.347,1.297,1.338,1.304000000000002,1.347000000000002,1.297000000000002,1.338000000000002,1.0000000000000016,184045000.0,244711802.0,腾讯日K,2026-08-07T17:30:13,20260926T093659
516150,稀土ETF嘉实,SSE,2022-06-14,1.315,1.344,1.297,1.344,1.3150000000000017,1.3440000000000019,1.2970000000000017,1.3440000000000019,1.0000000000000013,138586700.0,182809386.0,腾讯日K,2026-08-07T17:30:13,20260926T093659
516150,稀土ETF嘉实,SSE,2022-06-15,1.337,1.351,1.316,1.317,1.3370000000000017,1.3510000000000018,1.3160000000000018,1.3170000000000017,1.0000000000000013,132989500.0,177644556.0,腾讯日K,2026-08-07T17:30:13,20260926T093659
516150,稀土ETF嘉实,SSE,2022-06-16,1.31,1.349,1.308,1.326,1.3100000000000018,1.3490000000000018,1.3080000000000018,1.3260000000000018,1.0000000000000013,76260100.0,101942860.0,腾讯日K,2026-08-07T17:30:13,20260926T093659
516150,稀土ETF嘉实,SSE,2022-06-17,1.321,1.359,1.314,1.355,1.3210000000000017,1.3590000000000018,1.3140000000000018,1.3550000000000018,1.0000000000000013,114985500.0,154236004.0,腾讯日K,2026-08-07T17:30:13,20260926T093659
516150,稀土ETF嘉实,SSE,2022-06-20,1.365,1.369,1.347,1.36,1.3650000000000018,1.3690000000000018,1.3470000000000018,1.3600000000000019,1.0000000000000013,140184600.0,190416807.0,腾讯日K,2026-08-07T17:30:13,20260926T093659
516150,稀土ETF嘉实,SSE,2022-06-21,1.352,1.359,1.296,1.311,1.3520000000000019,1.3590000000000018,1.2960000000000018,1.3110000000000017,1.0000000000000013,221588300.0,292674332.0,腾讯日K,2026-08-07T17:30:13,20260926T093659
516150,稀土ETF嘉实,SSE,2022-06-22,1.308,1.333,1.303,1.308,1.308000000000002,1.333000000000002,1.303000000000002,1.308000000000002,1.0000000000000016,95443500.0,125472800.0,腾讯日K,2026-08-07T17:30:13,20260926T093659
516150,稀土ETF嘉实,SSE,2022-06-23,1.298,1.343,1.283,1.342,1.298000000000002,1.343000000000002,1.283000000000002,1.342000000000002,1.0000000000000016,177997100.0,234193628.0,腾讯日K,2026-08-07T17:30:13,20260926T093659
516150,稀土ETF嘉实,SSE,2022-06-24,1.335,1.364,1.333,1.362,1.335000000000002,1.3640000000000023,1.333000000000002,1.362000000000002,1.0000000000000016,152741800.0,206435006.0,腾讯日K,2026-08-07T17:30:13,20260926T093659
516150,稀土ETF嘉实,SSE,2022-06-27,1.365,1.392,1.352,1.386,1.3650000000000018,1.3920000000000017,1.3520000000000019,1.386000000000002,1.0000000000000013,146181400.0,201214355.0,腾讯日K,2026-08-07T17:30:13,20260926T093659
516150,稀土ETF嘉实,SSE,2022-06-28,1.386,1.415,1.383,1.412,1.3860000000000017,1.4150000000000018,1.3830000000000018,1.412000000000002,1.0000000000000013,100014100.0,140063542.0,腾讯日K,2026-08-07T17:30:13,20260926T093659
516150,稀土ETF嘉实,SSE,2022-06-29,1.412,1.413,1.349,1.352,1.4120000000000021,1.4130000000000023,1.349000000000002,1.352000000000002,1.0000000000000016,150311200.0,207747670.0,腾讯日K,2026-08-07T17:30:13,20260926T093659
516150,稀土ETF嘉实,SSE,2022-06-30,1.352,1.402,1.352,1.387,1.3520000000000019,1.4020000000000017,1.3520000000000019,1.387000000000002,1.0000000000000013,126758900.0,175158232.0,腾讯日K,2026-08-07T17:30:13,20260926T093659
516150,稀土ETF嘉实,SSE,2022-07-01,1.389,1.406,1.376,1.393,1.3890000000000022,1.4060000000000021,1.376000000000002,1.3930000000000022,1.0000000000000016,75390300.0,104758770.0,腾讯日K,2026-08-07T17:30:13,20260926T093659
516150,稀土ETF嘉实,SSE,2022-07-04,1.384,1.419,1.38,1.416,1.3840000000000023,1.4190000000000025,1.3800000000000023,1.4160000000000024,1.0000000000000018,140103300.0,196291800.0,腾讯日K,2026-08-07T17:30:13,20260926T093659
516150,稀土ETF嘉实,SSE,2022-07-05,1.414,1.435,1.398,1.422,1.4140000000000024,1.4350000000000025,1.3980000000000024,1.4220000000000024,1.0000000000000018,103377300.0,146938825.0,腾讯日K,2026-08-07T17:30:13,20260926T093659
516150,稀土ETF嘉实,SSE,2022-07-06,1.407,1.423,1.381,1.397,1.4070000000000025,1.4230000000000025,1.3810000000000024,1.3970000000000025,1.0000000000000018,91771800.0,129146860.0,腾讯日K,2026-08-07T17:30:13,20260926T093659
516150,稀土ETF嘉实,SSE,2022-07-07,1.39,1.422,1.382,1.416,1.3900000000000023,1.4220000000000024,1.3820000000000023,1.4160000000000024,1.0000000000000018,89245400.0,125084122.0,腾讯日K,2026-08-07T17:30:13,20260926T093659
516150,稀土ETF嘉实,SSE,2022-07-08,1.416,1.439,1.399,1.399,1.4160000000000024,1.4390000000000027,1.3990000000000025,1.3990000000000025,1.0000000000000018,99326700.0,141258344.0,腾讯日K,2026-08-07T17:30:13,20260926T093659
516150,稀土ETF嘉实,SSE,2022-07-11,1.4,1.407,1.35,1.366,1.4000000000000021,1.4070000000000022,1.350000000000002,1.3660000000000023,1.0000000000000016,83791200.0,114918979.0,腾讯日K,2026-08-07T17:30:13,20260926T093659
516150,稀土ETF嘉实,SSE,2022-07-12,1.36,1.37,1.33,1.332,1.3600000000000025,1.3700000000000025,1.3300000000000025,1.3320000000000023,1.0000000000000018,141887200.0,190811166.0,腾讯日K,2026-08-07T17:30:13,20260926T093659
516150,稀土ETF嘉实,SSE,2022-07-13,1.335,1.358,1.32,1.352,1.335000000000002,1.3580000000000023,1.320000000000002,1.352000000000002,1.0000000000000016,104675300.0,140352526.0,腾讯日K,2026-08-07T17:30:13,20260926T093659
516150,稀土ETF嘉实,SSE,2022-07-14,1.346,1.379,1.342,1.372,1.346000000000002,1.3790000000000022,1.342000000000002,1.372000000000002,1.0000000000000016,118328900.0,161396459.0,腾讯日K,2026-08-07T17:30:13,20260926T093659
516150,稀土ETF嘉实,SSE,2022-07-15,1.366,1.393,1.361,1.367,1.3660000000000023,1.3930000000000022,1.3610000000000022,1.367000000000002,1.0000000000000016,122308100.0,169067872.0,腾讯日K,2026-08-07T17:30:13,20260926T093659
516150,稀土ETF嘉实,SSE,2022-07-18,1.366,1.404,1.366,1.402,1.3660000000000019,1.4040000000000017,1.3660000000000019,1.402000000000002,1.0000000000000013,125152500.0,172945314.0,腾讯日K,2026-08-07T17:30:13,20260926T093659
516150,稀土ETF嘉实,SSE,2022-07-19,1.397,1.424,1.379,1.406,1.3970000000000018,1.424000000000002,1.3790000000000018,1.406000000000002,1.0000000000000013,147891500.0,207790852.0,腾讯日K,2026-08-07T17:30:13,20260926T093659
516150,稀土ETF嘉实,SSE,2022-07-20,1.406,1.416,1.395,1.415,1.4060000000000021,1.4160000000000021,1.3950000000000022,1.4150000000000023,1.0000000000000016,123282700.0,173390221.0,腾讯日K,2026-08-07T17:30:13,20260926T093659
516150,稀土ETF嘉实,SSE,2022-07-21,1.412,1.413,1.389,1.395,1.4120000000000024,1.4130000000000025,1.3890000000000025,1.3950000000000025,1.0000000000000018,113858900.0,159765004.0,腾讯日K,2026-08-07T17:30:13,20260926T093659
516150,稀土ETF嘉实,SSE,2022-07-22,1.395,1.403,1.37,1.385,1.3950000000000025,1.4030000000000025,1.3700000000000025,1.3850000000000025,1.0000000000000018,110882400.0,153716292.0,腾讯日K,2026-08-07T17:30:13,20260926T093659
516150,稀土ETF嘉实,SSE,2022-07-25,1.384,1.39,1.356,1.357,1.3840000000000023,1.3900000000000023,1.3560000000000025,1.3570000000000024,1.0000000000000018,99614800.0,136915441.0,腾讯日K,2026-08-07T17:30:13,20260926T093659
516150,稀土ETF嘉实,SSE,2022-07-26,1.353,1.386,1.35,1.38,1.3530000000000024,1.3860000000000023,1.3500000000000025,1.3800000000000023,1.0000000000000018,93118300.0,127291328.0,腾讯日K,2026-08-07T17:30:13,20260926T093659
516150,稀土ETF嘉实,SSE,2022-07-27,1.383,1.41,1.366,1.408,1.3830000000000024,1.4100000000000024,1.3660000000000025,1.4080000000000024,1.0000000000000018,108218500.0,150775783.0,腾讯日K,2026-08-07T17:30:13,20260926T093659
516150,稀土ETF嘉实,SSE,2022-07-28,1.417,1.425,1.399,1.42,1.4170000000000025,1.4250000000000025,1.3990000000000025,1.4200000000000024,1.0000000000000018,120892600.0,170741599.0,腾讯日K,2026-08-07T17:30:13,20260926T093659
516150,稀土ETF嘉实,SSE,2022-07-29,1.419,1.427,1.409,1.409,1.4190000000000025,1.4270000000000025,1.4090000000000025,1.4090000000000025,1.0000000000000018,122330500.0,173523804.0,腾讯日K,2026-08-07T17:30:13,20260926T093659
516150,稀土ETF嘉实,SSE,2022-08-01,1.4,1.418,1.381,1.414,1.4000000000000024,1.4180000000000024,1.3810000000000024,1.4140000000000026,1.0000000000000018,94770100.0,132240183.0,腾讯日K,2026-08-07T17:30:13,20260926T093659
516150,稀土ETF嘉实,SSE,2022-08-02,1.402,1.402,1.339,1.356,1.4020000000000024,1.4020000000000024,1.3390000000000024,1.3560000000000025,1.0000000000000018,112143700.0,153329833.0,腾讯日K,2026-08-07T17:30:13,20260926T093659
516150,稀土ETF嘉实,SSE,2022-08-03,1.352,1.395,1.352,1.365,1.3520000000000028,1.395000000000003,1.3520000000000028,1.3650000000000027,1.000000000000002,108844700.0,150124597.0,腾讯日K,2026-08-07T17:30:13,20260926T093659
516150,稀土ETF嘉实,SSE,2022-08-04,1.362,1.379,1.342,1.361,1.3620000000000028,1.3790000000000027,1.3420000000000027,1.3610000000000027,1.000000000000002,120807400.0,164791685.0,腾讯日K,2026-08-07T17:30:13,20260926T093659
516150,稀土ETF嘉实,SSE,2022-08-05,1.361,1.393,1.346,1.393,1.3610000000000027,1.393000000000003,1.3460000000000027,1.393000000000003,1.000000000000002,115305700.0,157509029.0,腾讯日K,2026-08-07T17:30:13,20260926T093659
516150,稀土ETF嘉实,SSE,2022-08-08,1.39,1.408,1.375,1.407,1.390000000000003,1.408000000000003,1.375000000000003,1.4070000000000031,1.0000000000000022,90941700.0,126750368.0,腾讯日K,2026-08-07T17:30:13,20260926T093659
516150,稀土ETF嘉实,SSE,2022-08-09,1.408,1.425,1.399,1.422,1.4080000000000032,1.4250000000000036,1.3990000000000034,1.4220000000000033,1.0000000000000024,114331500.0,161914838.0,腾讯日K,2026-08-07T17:30:13,20260926T093659
516150,稀土ETF嘉实,SSE,2022-08-10,1.422,1.432,1.413,1.421,1.4220000000000035,1.4320000000000035,1.4130000000000036,1.4210000000000034,1.0000000000000024,150614100.0,214243932.0,腾讯日K,2026-08-07T17:30:13,20260926T093659
516150,稀土ETF嘉实,SSE,2022-08-11,1.422,1.432,1.408,1.43,1.4220000000000035,1.4320000000000035,1.4080000000000032,1.4300000000000035,1.0000000000000024,108971100.0,154544791.0,腾讯日K,2026-08-07T17:30:13,20260926T093659
516150,稀土ETF嘉实,SSE,2022-08-12,1.429,1.456,1.419,1.423,1.4290000000000036,1.4560000000000035,1.4190000000000036,1.4230000000000034,1.0000000000000024,95947800.0,138199216.0,腾讯日K,2026-08-07T17:30:13,20260926T093659
516150,稀土ETF嘉实,SSE,2022-08-15,1.417,1.458,1.41,1.458,1.4170000000000031,1.4580000000000033,1.410000000000003,1.4580000000000033,1.0000000000000022,104853100.0,151102302.0,腾讯日K,2026-08-07T17:30:13,20260926T093659
516150,稀土ETF嘉实,SSE,2022-08-16,1.457,1.46,1.43,1.433,1.4570000000000036,1.4600000000000035,1.4300000000000035,1.4330000000000036,1.0000000000000024,97351800.0,140527294.0,腾讯日K,2026-08-07T17:30:13,20260926T093659
516150,稀土ETF嘉实,SSE,2022-08-17,1.434,1.435,1.408,1.424,1.4340000000000035,1.4350000000000036,1.4080000000000032,1.4240000000000033,1.0000000000000024,64536000.0,91782972.0,腾讯日K,2026-08-07T17:30:13,20260926T093659
516150,稀土ETF嘉实,SSE,2022-08-18,1.424,1.441,1.42,1.437,1.424000000000003,1.4410000000000032,1.420000000000003,1.4370000000000034,1.0000000000000022,73959800.0,106131628.0,腾讯日K,2026-08-07T17:30:13,20260926T093659
516150,稀土ETF嘉实,SSE,2022-08-19,1.43,1.435,1.389,1.392,1.4300000000000035,1.4350000000000036,1.3890000000000033,1.3920000000000032,1.0000000000000024,82817900.0,116957747.0,腾讯日K,2026-08-07T17:30:13,20260926T093659
516150,稀土ETF嘉实,SSE,2022-08-22,1.387,1.411,1.366,1.41,1.3870000000000033,1.4110000000000036,1.3660000000000034,1.4100000000000033,1.0000000000000024,76828600.0,106245283.0,腾讯日K,2026-08-07T17:30:13,20260926T093659
516150,稀土ETF嘉实,SSE,2022-08-23,1.403,1.416,1.403,1.41,1.4030000000000034,1.4160000000000035,1.4030000000000034,1.4100000000000033,1.0000000000000024,68680000.0,96845035.0,腾讯日K,2026-08-07T17:30:13,20260926T093659
516150,稀土ETF嘉实,SSE,2022-08-24,1.405,1.413,1.344,1.351,1.4050000000000031,1.4130000000000031,1.344000000000003,1.351000000000003,1.0000000000000022,104023500.0,143493831.0,腾讯日K,2026-08-07T17:30:13,20260926T093659
516150,稀土ETF嘉实,SSE,2022-08-25,1.351,1.353,1.314,1.335,1.351000000000003,1.353000000000003,1.314000000000003,1.335000000000003,1.0000000000000022,82984600.0,110549678.0,腾讯日K,2026-08-07T17:30:13,20260926T093659
516150,稀土ETF嘉实,SSE,2022-08-26,1.335,1.38,1.335,1.355,1.3350000000000029,1.380000000000003,1.3350000000000029,1.355000000000003,1.0000000000000022,78534700.0,106814851.0,腾讯日K,2026-08-07T17:30:13,20260926T093659
516150,稀土ETF嘉实,SSE,2022-08-29,1.337,1.355,1.321,1.349,1.3370000000000029,1.355000000000003,1.3210000000000028,1.3490000000000029,1.0000000000000022,144319800.0,193667237.0,腾讯日K,2026-08-07T17:30:13,20260926T093659
516150,稀土ETF嘉实,SSE,2022-08-30,1.349,1.352,1.327,1.333,1.3490000000000029,1.3520000000000032,1.3270000000000028,1.3330000000000028,1.0000000000000022,76865300.0,103121258.0,腾讯日K,2026-08-07T17:30:13,20260926T093659
516150,稀土ETF嘉实,SSE,2022-08-31,1.33,1.33,1.275,1.278,1.3300000000000034,1.3300000000000034,1.275000000000003,1.2780000000000031,1.0000000000000024,85515100.0,111479542.0,腾讯日K,2026-08-07T17:30:13,20260926T093659
516150,稀土ETF嘉实,SSE,2022-09-01,1.274,1.294,1.266,1.269,1.2740000000000031,1.2940000000000031,1.2660000000000031,1.269000000000003,1.0000000000000024,82413500.0,105603317.0,腾讯日K,2026-08-07T17:30:13,20260926T093659
516150,稀土ETF嘉实,SSE,2022-09-02,1.267,1.286,1.259,1.277,1.267000000000003,1.2860000000000031,1.259000000000003,1.277000000000003,1.0000000000000024,92920000.0,118225615.0,腾讯日K,2026-08-07T17:30:13,20260926T093659
516150,稀土ETF嘉实,SSE,2022-09-05,1.264,1.288,1.264,1.276,1.264000000000003,1.288000000000003,1.264000000000003,1.276000000000003,1.0000000000000022,75774400.0,96604195.0,腾讯日K,2026-08-07T17:30:13,20260926T093659
516150,稀土ETF嘉实,SSE,2022-09-06,1.275,1.312,1.273,1.311,1.2750000000000028,1.312000000000003,1.2730000000000028,1.3110000000000028,1.0000000000000022,79132200.0,101979283.0,腾讯日K,2026-08-07T17:30:13,20260926T093659
516150,稀土ETF嘉实,SSE,2022-09-07,1.309,1.33,1.301,1.327,1.309000000000003,1.3300000000000034,1.301000000000003,1.327000000000003,1.0000000000000024,74869800.0,98864066.0,腾讯日K,2026-08-07T17:30:13,20260926T093659
516150,稀土ETF嘉实,SSE,2022-09-08,1.326,1.334,1.309,1.31,1.3260000000000034,1.3340000000000034,1.309000000000003,1.3100000000000032,1.0000000000000024,85119500.0,112630098.0,腾讯日K,2026-08-07T17:30:13,20260926T093659
516150,稀土ETF嘉实,SSE,2022-09-09,1.306,1.317,1.295,1.314,1.306000000000003,1.3170000000000028,1.2950000000000028,1.314000000000003,1.0000000000000022,63581600.0,83153749.0,腾讯日K,2026-08-07T17:30:13,20260926T093659
516150,稀土ETF嘉实,SSE,2022-09-13,1.317,1.327,1.308,1.32,1.3170000000000028,1.3270000000000028,1.308000000000003,1.320000000000003,1.0000000000000022,63507900.0,83659820.0,腾讯日K,2026-08-07T17:30:13,20260926T093659
516150,稀土ETF嘉实,SSE,2022-09-14,1.3,1.31,1.288,1.294,1.300000000000003,1.310000000000003,1.288000000000003,1.294000000000003,1.0000000000000022,78294500.0,101627005.0,腾讯日K,2026-08-07T17:30:13,20260926T093659
516150,稀土ETF嘉实,SSE,2022-09-15,1.294,1.303,1.229,1.242,1.294000000000003,1.3030000000000028,1.2290000000000028,1.2420000000000027,1.0000000000000022,98684900.0,124686237.0,腾讯日K,2026-08-07T17:30:13,20260926T093659
516150,稀土ETF嘉实,SSE,2022-09-16,1.242,1.243,1.203,1.204,1.2420000000000027,1.2430000000000028,1.2030000000000027,1.2040000000000026,1.0000000000000022,90326300.0,110664574.0,腾讯日K,2026-08-07T17:30:13,20260926T093659
516150,稀土ETF嘉实,SSE,2022-09-19,1.204,1.215,1.18,1.191,1.2040000000000026,1.2150000000000027,1.1800000000000026,1.1910000000000027,1.0000000000000022,100684500.0,120906363.0,腾讯日K,2026-08-07T17:30:13,20260926T093659
516150,稀土ETF嘉实,SSE,2022-09-20,1.2,1.235,1.193,1.222,1.2000000000000024,1.2350000000000025,1.1930000000000025,1.2220000000000024,1.000000000000002,84031100.0,102576896.0,腾讯日K,2026-08-07T17:30:13,20260926T093659
516150,稀土ETF嘉实,SSE,2022-09-21,1.223,1.252,1.219,1.247,1.2230000000000025,1.2520000000000024,1.2190000000000025,1.2470000000000026,1.000000000000002,102734000.0,126732725.0,腾讯日K,2026-08-07T17:30:13,20260926T093659
516150,稀土ETF嘉实,SSE,2022-09-22,1.231,1.259,1.222,1.24,1.2310000000000025,1.2590000000000023,1.2220000000000024,1.2400000000000024,1.000000000000002,80986100.0,100836081.0,腾讯日K,2026-08-07T17:30:13,20260926T093659
516150,稀土ETF嘉实,SSE,2022-09-23,1.241,1.245,1.203,1.22,1.2410000000000025,1.2450000000000025,1.2030000000000025,1.2200000000000024,1.000000000000002,91189700.0,111842313.0,腾讯日K,2026-08-07T17:30:13,20260926T093659
516150,稀土ETF嘉实,SSE,2022-09-26,1.206,1.225,1.195,1.21,1.2060000000000024,1.2250000000000025,1.1950000000000025,1.2100000000000024,1.000000000000002,97342600.0,117734057.0,腾讯日K,2026-08-07T17:30:13,20260926T093659
516150,稀土ETF嘉实,SSE,2022-09-27,1.212,1.22,1.19,1.217,1.2120000000000022,1.2200000000000022,1.1900000000000022,1.2170000000000023,1.0000000000000018,85215500.0,102833404.0,腾讯日K,2026-08-07T17:30:13,20260926T093659
516150,稀土ETF嘉实,SSE,2022-09-28,1.217,1.217,1.161,1.162,1.2170000000000023,1.2170000000000023,1.161000000000002,1.162000000000002,1.0000000000000018,100682100.0,118994639.0,腾讯日K,2026-08-07T17:30:13,20260926T093659
516150,稀土ETF嘉实,SSE,2022-09-29,1.167,1.18,1.16,1.169,1.167000000000002,1.180000000000002,1.160000000000002,1.169000000000002,1.0000000000000018,90999300.0,106543087.0,腾讯日K,2026-08-07T17:30:13,20260926T093659
516150,稀土ETF嘉实,SSE,2022-09-30,1.165,1.173,1.144,1.147,1.165000000000002,1.173000000000002,1.144000000000002,1.147000000000002,1.0000000000000018,87538100.0,101466806.0,腾讯日K,2026-08-07T17:30:13,20260926T093659
516150,稀土ETF嘉实,SSE,2022-10-10,1.147,1.154,1.112,1.118,1.1470000000000018,1.1540000000000017,1.1120000000000019,1.1180000000000019,1.0000000000000016,81383800.0,92382542.0,腾讯日K,2026-08-07T17:30:13,20260926T093659
516150,稀土ETF嘉实,SSE,2022-10-11,1.118,1.143,1.118,1.137,1.1180000000000019,1.1430000000000018,1.1180000000000019,1.1370000000000018,1.0000000000000016,82438400.0,93312014.0,腾讯日K,2026-08-07T17:30:13,20260926T093659
516150,稀土ETF嘉实,SSE,2022-10-12,1.138,1.169,1.104,1.169,1.138000000000002,1.169000000000002,1.104000000000002,1.169000000000002,1.0000000000000018,90746000.0,102490826.0,腾讯日K,2026-08-07T17:30:13,20260926T093659
516150,稀土ETF嘉实,SSE,2022-10-13,1.161,1.197,1.158,1.183,1.161000000000002,1.1970000000000023,1.158000000000002,1.1830000000000023,1.0000000000000018,105991600.0,125866020.0,腾讯日K,2026-08-07T17:30:13,20260926T093659
516150,稀土ETF嘉实,SSE,2022-10-14,1.195,1.214,1.181,1.209,1.1950000000000018,1.2140000000000017,1.1810000000000018,1.209000000000002,1.0000000000000016,80811000.0,96765464.0,腾讯日K,2026-08-07T17:30:13,20260926T093659
516150,稀土ETF嘉实,SSE,2022-10-17,1.201,1.209,1.189,1.209,1.2010000000000018,1.2090000000000019,1.1890000000000018,1.209000000000002,1.0000000000000016,107290800.0,128445267.0,腾讯日K,2026-08-07T17:30:13,20260926T093659
516150,稀土ETF嘉实,SSE,2022-10-18,1.211,1.22,1.2,1.205,1.2110000000000019,1.220000000000002,1.2000000000000017,1.2050000000000018,1.0000000000000016,74187100.0,89692836.0,腾讯日K,2026-08-07T17:30:13,20260926T093659
516150,稀土ETF嘉实,SSE,2022-10-19,1.205,1.218,1.189,1.191,1.2050000000000023,1.2180000000000022,1.1890000000000023,1.191000000000002,1.0000000000000018,72727800.0,87640161.0,腾讯日K,2026-08-07T17:30:13,20260926T093659
516150,稀土ETF嘉实,SSE,2022-10-20,1.189,1.193,1.157,1.176,1.1890000000000023,1.1930000000000023,1.157000000000002,1.176000000000002,1.0000000000000018,83568100.0,98085829.0,腾讯日K,2026-08-07T17:30:13,20260926T093659
516150,稀土ETF嘉实,SSE,2022-10-21,1.176,1.187,1.167,1.173,1.176000000000002,1.187000000000002,1.167000000000002,1.173000000000002,1.0000000000000018,78502900.0,92639151.0,腾讯日K,2026-08-07T17:30:13,20260926T093659
516150,稀土ETF嘉实,SSE,2022-10-24,1.172,1.199,1.156,1.171,1.172000000000002,1.1990000000000023,1.156000000000002,1.171000000000002,1.0000000000000018,83459900.0,98989978.0,腾讯日K,2026-08-07T17:30:13,20260926T093659
516150,稀土ETF嘉实,SSE,2022-10-25,1.173,1.177,1.131,1.162,1.1730000000000018,1.1770000000000018,1.1310000000000018,1.1620000000000017,1.0000000000000016,80584300.0,92426073.0,腾讯日K,2026-08-07T17:30:13,20260926T093659
516150,稀土ETF嘉实,SSE,2022-10-26,1.159,1.191,1.159,1.184,1.1590000000000018,1.1910000000000018,1.1590000000000018,1.1840000000000017,1.0000000000000016,86572800.0,101510374.0,腾讯日K,2026-08-07T17:30:13,20260926T093659
516150,稀土ETF嘉实,SSE,2022-10-27,1.181,1.191,1.173,1.173,1.1810000000000018,1.1910000000000018,1.1730000000000018,1.1730000000000018,1.0000000000000016,77363100.0,91659437.0,腾讯日K,2026-08-07T17:30:13,20260926T093659
516150,稀土ETF嘉实,SSE,2022-10-28,1.164,1.166,1.115,1.12,1.1640000000000017,1.1660000000000017,1.1150000000000018,1.1200000000000019,1.0000000000000016,80329000.0,92092833.0,腾讯日K,2026-08-07T17:30:13,20260926T093659
516150,稀土ETF嘉实,SSE,2022-10-31,1.113,1.13,1.101,1.121,1.1130000000000015,1.1300000000000014,1.1010000000000015,1.1210000000000016,1.0000000000000013,92132200.0,102698778.0,腾讯日K,2026-08-07T17:30:13,20260926T093659
516150,稀土ETF嘉实,SSE,2022-11-01,1.116,1.174,1.116,1.173,1.1160000000000017,1.1740000000000015,1.1160000000000017,1.1730000000000016,1.0000000000000013,96235900.0,110586170.0,腾讯日K,2026-08-07T17:30:13,20260926T093659
516150,稀土ETF嘉实,SSE,2022-11-02,1.164,1.206,1.162,1.196,1.1640000000000017,1.2060000000000017,1.1620000000000017,1.1960000000000017,1.0000000000000016,79386600.0,94212872.0,腾讯日K,2026-08-07T17:30:13,20260926T093659
516150,稀土ETF嘉实,SSE,2022-11-03,1.184,1.205,1.18,1.192,1.1840000000000017,1.2050000000000018,1.1800000000000017,1.1920000000000017,1.0000000000000016,84265700.0,100984010.0,腾讯日K,2026-08-07T17:30:13,20260926T093659
516150,稀土ETF嘉实,SSE,2022-11-04,1.199,1.24,1.192,1.239,1.1990000000000016,1.2400000000000015,1.1920000000000015,1.2390000000000019,1.0000000000000013,91150600.0,110853699.0,腾讯日K,2026-08-07T17:30:13,20260926T093659
516150,稀土ETF嘉实,SSE,2022-11-07,1.238,1.256,1.21,1.245,1.238000000000002,1.256000000000002,1.2100000000000017,1.245000000000002,1.0000000000000016,99443800.0,124154957.0,腾讯日K,2026-08-07T17:30:13,20260926T093659
516150,稀土ETF嘉实,SSE,2022-11-08,1.238,1.253,1.233,1.245,1.238000000000002,1.253000000000002,1.233000000000002,1.245000000000002,1.0000000000000016,84300700.0,104700114.0,腾讯日K,2026-08-07T17:30:13,20260926T093659
516150,稀土ETF嘉实,SSE,2022-11-09,1.246,1.255,1.23,1.23,1.246000000000002,1.255000000000002,1.230000000000002,1.2300000000000018,1.0000000000000016,69094200.0,85659970.0,腾讯日K,2026-08-07T17:30:13,20260926T093659
516150,稀土ETF嘉实,SSE,2022-11-10,1.228,1.228,1.208,1.212,1.228000000000002,1.228000000000002,1.2080000000000017,1.2120000000000017,1.0000000000000016,68754200.0,83776018.0,腾讯日K,2026-08-07T17:30:13,20260926T093659
516150,稀土ETF嘉实,SSE,2022-11-11,1.243,1.248,1.213,1.217,1.243000000000002,1.248000000000002,1.2130000000000019,1.2170000000000019,1.0000000000000016,83853800.0,102685898.0,腾讯日K,2026-08-07T17:30:13,20260926T093659
516150,稀土ETF嘉实,SSE,2022-11-14,1.212,1.222,1.185,1.192,1.2120000000000015,1.2220000000000015,1.1850000000000016,1.1920000000000015,1.0000000000000013,72641100.0,87646384.0,腾讯日K,2026-08-07T17:30:13,20260926T093659
516150,稀土ETF嘉实,SSE,2022-11-15,1.192,1.223,1.183,1.221,1.1920000000000015,1.2230000000000016,1.1830000000000016,1.2210000000000016,1.0000000000000013,75758700.0,91253358.0,腾讯日K,2026-08-07T17:30:13,20260926T093659
516150,稀土ETF嘉实,SSE,2022-11-16,1.22,1.223,1.197,1.198,1.2200000000000013,1.2230000000000014,1.1970000000000014,1.1980000000000013,1.000000000000001,73941700.0,89182666.0,腾讯日K,2026-08-07T17:30:13,20260926T093659
516150,稀土ETF嘉实,SSE,2022-11-17,1.201,1.201,1.174,1.189,1.2010000000000014,1.2010000000000014,1.1740000000000013,1.1890000000000014,1.000000000000001,71926200.0,85038431.0,腾讯日K,2026-08-07T17:30:13,20260926T093659
516150,稀土ETF嘉实,SSE,2022-11-18,1.186,1.193,1.173,1.175,1.1860000000000015,1.1930000000000016,1.1730000000000016,1.1750000000000016,1.0000000000000013,63824800.0,75618671.0,腾讯日K,2026-08-07T17:30:13,20260926T093659
516150,稀土ETF嘉实,SSE,2022-11-21,1.168,1.183,1.163,1.183,1.1680000000000015,1.1830000000000016,1.1630000000000016,1.1830000000000016,1.0000000000000013,69591400.0,81781161.0,腾讯日K,2026-08-07T17:30:13,20260926T093659
516150,稀土ETF嘉实,SSE,2022-11-22,1.178,1.187,1.168,1.174,1.1780000000000015,1.1870000000000016,1.1680000000000015,1.1740000000000015,1.0000000000000013,66560200.0,78326289.0,腾讯日K,2026-08-07T17:30:13,20260926T093659
516150,稀土ETF嘉实,SSE,2022-11-23,1.173,1.185,1.159,1.184,1.1730000000000016,1.1850000000000016,1.1590000000000016,1.1840000000000015,1.0000000000000013,76328600.0,89477147.0,腾讯日K,2026-08-07T17:30:13,20260926T093659
516150,稀土ETF嘉实,SSE,2022-11-24,1.184,1.201,1.183,1.192,1.1840000000000015,1.2010000000000016,1.1830000000000016,1.1920000000000015,1.0000000000000013,68924500.0,82134118.0,腾讯日K,2026-08-07T17:30:13,20260926T093659
516150,稀土ETF嘉实,SSE,2022-11-25,1.189,1.189,1.166,1.168,1.1890000000000016,1.1890000000000016,1.1660000000000015,1.1680000000000015,1.0000000000000013,73594800.0,86307920.0,腾讯日K,2026-08-07T17:30:13,20260926T093659
516150,稀土ETF嘉实,SSE,2022-11-28,1.15,1.16,1.135,1.158,1.1500000000000015,1.1600000000000015,1.1350000000000016,1.1580000000000015,1.0000000000000013,66080100.0,75824930.0,腾讯日K,2026-08-07T17:30:13,20260926T093659
516150,稀土ETF嘉实,SSE,2022-11-29,1.152,1.175,1.152,1.174,1.1520000000000015,1.1750000000000016,1.1520000000000015,1.1740000000000015,1.0000000000000013,59749000.0,69631801.0,腾讯日K,2026-08-07T17:30:13,20260926T093659
516150,稀土ETF嘉实,SSE,2022-11-30,1.174,1.185,1.16,1.173,1.1740000000000013,1.1850000000000014,1.1600000000000013,1.1730000000000014,1.000000000000001,70243300.0,82674299.0,腾讯日K,2026-08-07T17:30:13,20260926T093659
516150,稀土ETF嘉实,SSE,2022-12-01,1.186,1.196,1.185,1.191,1.1860000000000015,1.1960000000000015,1.1850000000000016,1.1910000000000016,1.0000000000000013,71475900.0,85142428.0,腾讯日K,2026-08-07T17:30:13,20260926T093659
516150,稀土ETF嘉实,SSE,2022-12-02,1.19,1.194,1.181,1.185,1.1900000000000015,1.1940000000000015,1.1810000000000016,1.1850000000000016,1.0000000000000013,63758000.0,75686145.0,腾讯日K,2026-08-07T17:30:13,20260926T093659
516150,稀土ETF嘉实,SSE,2022-12-05,1.187,1.213,1.182,1.212,1.1870000000000016,1.2130000000000016,1.1820000000000015,1.2120000000000015,1.0000000000000013,82292700.0,98770697.0,腾讯日K,2026-08-07T17:30:13,20260926T093659
516150,稀土ETF嘉实,SSE,2022-12-06,1.203,1.21,1.194,1.206,1.2030000000000016,1.2100000000000015,1.1940000000000015,1.2060000000000015,1.0000000000000013,69794500.0,84000289.0,腾讯日K,2026-08-07T17:30:13,20260926T093659
516150,稀土ETF嘉实,SSE,2022-12-07,1.204,1.212,1.195,1.202,1.2040000000000017,1.2120000000000017,1.1950000000000018,1.2020000000000017,1.0000000000000016,75594700.0,91141722.0,腾讯日K,2026-08-07T17:30:13,20260926T093659
516150,稀土ETF嘉实,SSE,2022-12-08,1.2,1.204,1.186,1.19,1.2000000000000017,1.2040000000000017,1.1860000000000017,1.1900000000000017,1.0000000000000016,63893900.0,76304717.0,腾讯日K,2026-08-07T17:30:13,20260926T093659
516150,稀土ETF嘉实,SSE,2022-12-09,1.184,1.2,1.184,1.2,1.1840000000000017,1.2000000000000017,1.1840000000000017,1.2000000000000017,1.0000000000000016,68493300.0,81612958.0,腾讯日K,2026-08-07T17:30:13,20260926T093659
516150,稀土ETF嘉实,SSE,2022-12-12,1.193,1.199,1.171,1.173,1.1930000000000018,1.1990000000000018,1.1710000000000018,1.1730000000000018,1.0000000000000016,62577400.0,73769965.0,腾讯日K,2026-08-07T17:30:13,20260926T093659
516150,稀土ETF嘉实,SSE,2022-12-13,1.176,1.196,1.176,1.18,1.1760000000000017,1.1960000000000017,1.1760000000000017,1.1800000000000017,1.0000000000000016,77581200.0,92196833.0,腾讯日K,2026-08-07T17:30:13,20260926T093659
516150,稀土ETF嘉实,SSE,2022-12-14,1.181,1.193,1.172,1.177,1.1810000000000018,1.1930000000000018,1.1720000000000017,1.1770000000000018,1.0000000000000016,54290700.0,64159568.0,腾讯日K,2026-08-07T17:30:13,20260926T093659
516150,稀土ETF嘉实,SSE,2022-12-15,1.177,1.183,1.167,1.182,1.1770000000000018,1.1830000000000018,1.1670000000000018,1.1820000000000017,1.0000000000000016,61280400.0,71866508.0,腾讯日K,2026-08-07T17:30:13,20260926T093659
516150,稀土ETF嘉实,SSE,2022-12-16,1.176,1.177,1.153,1.157,1.1760000000000017,1.1770000000000018,1.1530000000000018,1.1570000000000018,1.0000000000000016,55335500.0,64294057.0,腾讯日K,2026-08-07T17:30:13,20260926T093659
516150,稀土ETF嘉实,SSE,2022-12-19,1.157,1.171,1.132,1.136,1.1570000000000018,1.1710000000000018,1.1320000000000017,1.1360000000000017,1.0000000000000016,62536000.0,72190955.0,腾讯日K,2026-08-07T17:30:13,20260926T093659
516150,稀土ETF嘉实,SSE,2022-12-20,1.131,1.146,1.129,1.138,1.1310000000000018,1.1460000000000017,1.1290000000000018,1.1380000000000017,1.0000000000000016,60097600.0,68371595.0,腾讯日K,2026-08-07T17:30:13,20260926T093659
516150,稀土ETF嘉实,SSE,2022-12-21,1.138,1.141,1.117,1.124,1.1380000000000017,1.1410000000000018,1.1170000000000018,1.1240000000000019,1.0000000000000016,60965700.0,68882981.0,腾讯日K,2026-08-07T17:30:13,20260926T093659
516150,稀土ETF嘉实,SSE,2022-12-22,1.126,1.132,1.097,1.101,1.1260000000000017,1.1320000000000017,1.0970000000000018,1.1010000000000018,1.0000000000000016,53259800.0,59418215.0,腾讯日K,2026-08-07T17:30:13,20260926T093659
516150,稀土ETF嘉实,SSE,2022-12-23,1.095,1.104,1.089,1.1,1.0950000000000017,1.1040000000000019,1.0890000000000017,1.1000000000000019,1.0000000000000016,47672600.0,52304768.0,腾讯日K,2026-08-07T17:30:13,20260926T093659
516150,稀土ETF嘉实,SSE,2022-12-26,1.096,1.123,1.096,1.123,1.0960000000000019,1.1230000000000018,1.0960000000000019,1.1230000000000018,1.0000000000000016,49353500.0,54895014.0,腾讯日K,2026-08-07T17:30:13,20260926T093659
516150,稀土ETF嘉实,SSE,2022-12-27,1.125,1.146,1.123,1.144,1.1250000000000018,1.1460000000000017,1.1230000000000018,1.1440000000000017,1.0000000000000016,44803700.0,50739558.0,腾讯日K,2026-08-07T17:30:13,20260926T093659
516150,稀土ETF嘉实,SSE,2022-12-28,1.136,1.147,1.128,1.134,1.1360000000000017,1.1470000000000018,1.1280000000000017,1.1340000000000017,1.0000000000000016,49798000.0,56614651.0,腾讯日K,2026-08-07T17:30:13,20260926T093659
516150,稀土ETF嘉实,SSE,2022-12-29,1.126,1.139,1.123,1.124,1.1260000000000014,1.1390000000000016,1.1230000000000016,1.1240000000000017,1.0000000000000013,53322500.0,60330678.0,腾讯日K,2026-08-07T17:30:13,20260926T093659
516150,稀土ETF嘉实,SSE,2022-12-30,1.134,1.135,1.118,1.119,1.1340000000000015,1.1350000000000016,1.1180000000000017,1.1190000000000015,1.0000000000000013,63073000.0,71016237.0,腾讯日K,2026-08-07T17:30:13,20260926T093659
516150,稀土ETF嘉实,SSE,2023-01-03,1.119,1.15,1.119,1.147,1.1190000000000015,1.1500000000000015,1.1190000000000015,1.1470000000000016,1.0000000000000013,64874300.0,73485336.0,腾讯日K,2026-08-07T17:30:13,20260926T093659
516150,稀土ETF嘉实,SSE,2023-01-04,1.144,1.149,1.126,1.132,1.1440000000000015,1.1490000000000016,1.1260000000000014,1.1320000000000014,1.0000000000000013,46581500.0,52961525.0,腾讯日K,2026-08-07T17:30:13,20260926T093659
516150,稀土ETF嘉实,SSE,2023-01-05,1.132,1.149,1.128,1.146,1.1320000000000017,1.1490000000000018,1.1280000000000017,1.1460000000000017,1.0000000000000016,58134000.0,66123821.0,腾讯日K,2026-08-07T17:30:13,20260926T093659
516150,稀土ETF嘉实,SSE,2023-01-06,1.145,1.173,1.141,1.164,1.145000000000002,1.173000000000002,1.141000000000002,1.164000000000002,1.0000000000000018,76268900.0,88626443.0,腾讯日K,2026-08-07T17:30:13,20260926T093659
516150,稀土ETF嘉实,SSE,2023-01-09,1.165,1.186,1.165,1.18,1.165000000000002,1.186000000000002,1.165000000000002,1.180000000000002,1.0000000000000018,73881600.0,86793670.0,腾讯日K,2026-08-07T17:30:13,20260926T093659
516150,稀土ETF嘉实,SSE,2023-01-10,1.176,1.177,1.161,1.167,1.1760000000000017,1.1770000000000018,1.1610000000000018,1.1670000000000018,1.0000000000000016,68152400.0,79511327.0,腾讯日K,2026-08-07T17:30:13,20260926T093659
516150,稀土ETF嘉实,SSE,2023-01-11,1.168,1.179,1.16,1.162,1.1680000000000017,1.1790000000000018,1.1600000000000017,1.1620000000000017,1.0000000000000016,68233200.0,79858404.0,腾讯日K,2026-08-07T17:30:13,20260926T093659
516150,稀土ETF嘉实,SSE,2023-01-12,1.163,1.176,1.161,1.164,1.163000000000002,1.176000000000002,1.161000000000002,1.164000000000002,1.0000000000000018,68708200.0,80215874.0,腾讯日K,2026-08-07T17:30:13,20260926T093659
516150,稀土ETF嘉实,SSE,2023-01-13,1.165,1.174,1.155,1.166,1.165000000000002,1.174000000000002,1.155000000000002,1.166000000000002,1.0000000000000018,60556500.0,70495294.0,腾讯日K,2026-08-07T17:30:13,20260926T093659
516150,稀土ETF嘉实,SSE,2023-01-16,1.161,1.186,1.161,1.179,1.1610000000000018,1.1860000000000017,1.1610000000000018,1.1790000000000018,1.0000000000000016,55741800.0,65524757.0,腾讯日K,2026-08-07T17:30:13,20260926T093659
516150,稀土ETF嘉实,SSE,2023-01-17,1.179,1.19,1.176,1.189,1.1790000000000018,1.1900000000000017,1.1760000000000017,1.1890000000000018,1.0000000000000016,67261600.0,79506388.0,腾讯日K,2026-08-07T17:30:13,20260926T093659
516150,稀土ETF嘉实,SSE,2023-01-18,1.18,1.194,1.18,1.189,1.1800000000000017,1.1940000000000017,1.1800000000000017,1.1890000000000018,1.0000000000000016,80615700.0,95798919.0,腾讯日K,2026-08-07T17:30:13,20260926T093659
516150,稀土ETF嘉实,SSE,2023-01-19,1.185,1.196,1.178,1.195,1.1850000000000018,1.1960000000000017,1.1780000000000017,1.1950000000000018,1.0000000000000016,62351400.0,73789744.0,腾讯日K,2026-08-07T17:30:13,20260926T093659
516150,稀土ETF嘉实,SSE,2023-01-20,1.195,1.228,1.191,1.226,1.1950000000000018,1.228000000000002,1.1910000000000018,1.2260000000000018,1.0000000000000016,78320000.0,95158750.0,腾讯日K,2026-08-07T17:30:13,20260926T093659
516150,稀土ETF嘉实,SSE,2023-01-30,1.248,1.264,1.243,1.253,1.2480000000000016,1.2640000000000018,1.2430000000000017,1.2530000000000017,1.0000000000000013,77008400.0,96665409.0,腾讯日K,2026-08-07T17:30:13,20260926T093659
516150,稀土ETF嘉实,SSE,2023-01-31,1.246,1.266,1.245,1.262,1.2460000000000016,1.2660000000000018,1.2450000000000017,1.2620000000000016,1.0000000000000013,80218600.0,100880965.0,腾讯日K,2026-08-07T17:30:13,20260926T093659
516150,稀土ETF嘉实,SSE,2023-02-01,1.264,1.311,1.264,1.308,1.2640000000000018,1.3110000000000017,1.2640000000000018,1.3080000000000018,1.0000000000000013,113964400.0,147205307.0,腾讯日K,2026-08-07T17:30:13,20260926T093659
516150,稀土ETF嘉实,SSE,2023-02-02,1.306,1.306,1.289,1.295,1.3060000000000016,1.3060000000000016,1.2890000000000013,1.2950000000000015,1.000000000000001,73121400.0,94803982.0,腾讯日K,2026-08-07T17:30:13,20260926T093659
516150,稀土ETF嘉实,SSE,2023-02-03,1.292,1.293,1.259,1.279,1.2920000000000014,1.2930000000000013,1.2590000000000012,1.2790000000000015,1.000000000000001,60629600.0,77058918.0,腾讯日K,2026-08-07T17:30:13,20260926T093659
516150,稀土ETF嘉实,SSE,2023-02-06,1.279,1.279,1.258,1.271,1.2790000000000017,1.2790000000000017,1.2580000000000018,1.2710000000000015,1.0000000000000013,56034100.0,70893328.0,腾讯日K,2026-08-07T17:30:13,20260926T093659
516150,稀土ETF嘉实,SSE,2023-02-07,1.267,1.28,1.261,1.278,1.2670000000000017,1.2800000000000018,1.2610000000000017,1.2780000000000018,1.0000000000000013,61215600.0,77697818.0,腾讯日K,2026-08-07T17:30:13,20260926T093659
516150,稀土ETF嘉实,SSE,2023-02-08,1.273,1.28,1.261,1.262,1.2730000000000017,1.2800000000000018,1.2610000000000017,1.2620000000000016,1.0000000000000013,57874200.0,73627624.0,腾讯日K,2026-08-07T17:30:13,20260926T093659
516150,稀土ETF嘉实,SSE,2023-02-09,1.26,1.28,1.256,1.28,1.2600000000000018,1.2800000000000018,1.2560000000000018,1.2800000000000018,1.0000000000000013,63288900.0,80514883.0,腾讯日K,2026-08-07T17:30:13,20260926T093659
516150,稀土ETF嘉实,SSE,2023-02-10,1.277,1.28,1.263,1.266,1.2770000000000017,1.2800000000000018,1.2630000000000017,1.2660000000000018,1.0000000000000013,97062400.0,123498627.0,腾讯日K,2026-08-07T17:30:13,20260926T093659
516150,稀土ETF嘉实,SSE,2023-02-13,1.267,1.283,1.266,1.276,1.2670000000000017,1.2830000000000017,1.2660000000000018,1.2760000000000018,1.0000000000000013,91825000.0,117282734.0,腾讯日K,2026-08-07T17:30:13,20260926T093659
516150,稀土ETF嘉实,SSE,2023-02-14,1.275,1.293,1.274,1.288,1.2750000000000017,1.2930000000000017,1.2740000000000018,1.2880000000000018,1.0000000000000013,59993600.0,77037409.0,腾讯日K,2026-08-07T17:30:13,20260926T093659
516150,稀土ETF嘉实,SSE,2023-02-15,1.287,1.291,1.275,1.278,1.2870000000000017,1.2910000000000017,1.2750000000000017,1.2780000000000018,1.0000000000000013,89691800.0,115093751.0,腾讯日K,2026-08-07T17:30:13,20260926T093659
516150,稀土ETF嘉实,SSE,2023-02-16,1.274,1.278,1.229,1.241,1.2740000000000018,1.2780000000000018,1.2290000000000016,1.2410000000000017,1.0000000000000013,66932100.0,84739308.0,腾讯日K,2026-08-07T17:30:13,20260926T093659
516150,稀土ETF嘉实,SSE,2023-02-17,1.241,1.253,1.228,1.232,1.2410000000000017,1.2530000000000017,1.2280000000000015,1.2320000000000015,1.0000000000000013,79887800.0,99205876.0,腾讯日K,2026-08-07T17:30:13,20260926T093659
516150,稀土ETF嘉实,SSE,2023-02-20,1.23,1.252,1.222,1.251,1.2300000000000015,1.2520000000000018,1.2220000000000015,1.2510000000000017,1.0000000000000013,95694400.0,118421639.0,腾讯日K,2026-08-07T17:30:13,20260926T093659
516150,稀土ETF嘉实,SSE,2023-02-21,1.247,1.278,1.247,1.276,1.2470000000000017,1.2780000000000018,1.2470000000000017,1.2760000000000018,1.0000000000000013,107912700.0,136546462.0,腾讯日K,2026-08-07T17:30:13,20260926T093659
516150,稀土ETF嘉实,SSE,2023-02-22,1.268,1.273,1.261,1.268,1.2680000000000018,1.2730000000000017,1.2610000000000017,1.2680000000000018,1.0000000000000013,62413800.0,79041445.0,腾讯日K,2026-08-07T17:30:13,20260926T093659
516150,稀土ETF嘉实,SSE,2023-02-23,1.267,1.271,1.259,1.27,1.267000000000002,1.271000000000002,1.259000000000002,1.270000000000002,1.0000000000000016,63904300.0,80860962.0,腾讯日K,2026-08-07T17:30:13,20260926T093659
516150,稀土ETF嘉实,SSE,2023-02-24,1.267,1.269,1.244,1.255,1.2670000000000017,1.2690000000000017,1.2440000000000015,1.2550000000000017,1.0000000000000013,73490200.0,92129839.0,腾讯日K,2026-08-07T17:30:13,20260926T093659
516150,稀土ETF嘉实,SSE,2023-02-27,1.252,1.256,1.241,1.243,1.2520000000000018,1.2560000000000018,1.2410000000000017,1.2430000000000019,1.0000000000000013,70200700.0,87610787.0,腾讯日K,2026-08-07T17:30:13,20260926T093659
516150,稀土ETF嘉实,SSE,2023-02-28,1.243,1.255,1.235,1.254,1.243000000000002,1.255000000000002,1.235000000000002,1.254000000000002,1.0000000000000016,63954400.0,79578255.0,腾讯日K,2026-08-07T17:30:13,20260926T093659
516150,稀土ETF嘉实,SSE,2023-03-01,1.246,1.26,1.245,1.259,1.2460000000000022,1.2600000000000022,1.2450000000000023,1.2590000000000021,1.0000000000000018,67184000.0,84245497.0,腾讯日K,2026-08-07T17:30:13,20260926T093659
516150,稀土ETF嘉实,SSE,2023-03-02,1.25,1.25,1.227,1.233,1.2500000000000022,1.2500000000000022,1.2270000000000023,1.2330000000000023,1.0000000000000018,162277500.0,199982903.0,腾讯日K,2026-08-07T17:30:13,20260926T093659
516150,稀土ETF嘉实,SSE,2023-03-03,1.231,1.234,1.222,1.233,1.2310000000000023,1.2340000000000022,1.2220000000000022,1.2330000000000023,1.0000000000000018,117294000.0,144138519.0,腾讯日K,2026-08-07T17:30:13,20260926T093659
516150,稀土ETF嘉实,SSE,2023-03-06,1.231,1.233,1.212,1.225,1.2310000000000023,1.2330000000000023,1.2120000000000022,1.2250000000000023,1.0000000000000018,94552600.0,115395324.0,腾讯日K,2026-08-07T17:30:13,20260926T093659
516150,稀土ETF嘉实,SSE,2023-03-07,1.225,1.228,1.202,1.206,1.2250000000000023,1.2280000000000022,1.2020000000000022,1.2060000000000022,1.0000000000000018,68051900.0,82851238.0,腾讯日K,2026-08-07T17:30:13,20260926T093659
516150,稀土ETF嘉实,SSE,2023-03-08,1.2,1.203,1.193,1.203,1.2000000000000022,1.2030000000000023,1.1930000000000023,1.2030000000000023,1.0000000000000018,48655500.0,58315945.0,腾讯日K,2026-08-07T17:30:13,20260926T093659
516150,稀土ETF嘉实,SSE,2023-03-09,1.206,1.211,1.193,1.198,1.2060000000000022,1.2110000000000023,1.1930000000000023,1.1980000000000022,1.0000000000000018,67909700.0,81398762.0,腾讯日K,2026-08-07T17:30:13,20260926T093659
516150,稀土ETF嘉实,SSE,2023-03-10,1.189,1.192,1.175,1.177,1.1890000000000023,1.1920000000000022,1.175000000000002,1.1770000000000023,1.0000000000000018,113177900.0,133709299.0,腾讯日K,2026-08-07T17:30:13,20260926T093659
516150,稀土ETF嘉实,SSE,2023-03-13,1.174,1.183,1.165,1.176,1.174000000000002,1.183000000000002,1.165000000000002,1.176000000000002,1.0000000000000018,74521600.0,87306091.0,腾讯日K,2026-08-07T17:30:13,20260926T093659
516150,稀土ETF嘉实,SSE,2023-03-14,1.176,1.178,1.15,1.166,1.1760000000000024,1.1780000000000024,1.1500000000000021,1.1660000000000021,1.000000000000002,59887700.0,69758186.0,腾讯日K,2026-08-07T17:30:13,20260926T093659
516150,稀土ETF嘉实,SSE,2023-03-15,1.17,1.184,1.169,1.177,1.170000000000002,1.184000000000002,1.169000000000002,1.1770000000000023,1.0000000000000018,57146600.0,67371075.0,腾讯日K,2026-08-07T17:30:13,20260926T093659
516150,稀土ETF嘉实,SSE,2023-03-16,1.175,1.175,1.144,1.146,1.175000000000002,1.175000000000002,1.144000000000002,1.146000000000002,1.0000000000000018,75456100.0,87559538.0,腾讯日K,2026-08-07T17:30:13,20260926T093659
516150,稀土ETF嘉实,SSE,2023-03-17,1.156,1.163,1.149,1.154,1.156000000000002,1.163000000000002,1.149000000000002,1.154000000000002,1.0000000000000018,59913800.0,69299098.0,腾讯日K,2026-08-07T17:30:13,20260926T093659
516150,稀土ETF嘉实,SSE,2023-03-20,1.158,1.162,1.146,1.161,1.1580000000000021,1.1620000000000021,1.1460000000000021,1.1610000000000023,1.000000000000002,52580200.0,60684190.0,腾讯日K,2026-08-07T17:30:13,20260926T093659
516150,稀土ETF嘉实,SSE,2023-03-21,1.16,1.176,1.157,1.176,1.1600000000000021,1.1760000000000024,1.1570000000000022,1.1760000000000022,1.000000000000002,59186200.0,68964280.0,腾讯日K,2026-08-07T17:30:13,20260926T093659
516150,稀土ETF嘉实,SSE,2023-03-22,1.178,1.184,1.162,1.171,1.1780000000000024,1.1840000000000024,1.1620000000000021,1.1710000000000023,1.000000000000002,69181000.0,80924057.0,腾讯日K,2026-08-07T17:30:13,20260926T093659
516150,稀土ETF嘉实,SSE,2023-03-23,1.17,1.176,1.162,1.175,1.170000000000002,1.176000000000002,1.162000000000002,1.175000000000002,1.0000000000000018,54462400.0,63600005.0,腾讯日K,2026-08-07T17:30:13,20260926T093659
516150,稀土ETF嘉实,SSE,2023-03-24,1.17,1.177,1.169,1.173,1.170000000000002,1.177000000000002,1.169000000000002,1.173000000000002,1.0000000000000018,67227500.0,78856811.0,腾讯日K,2026-08-07T17:30:13,20260926T093659
516150,稀土ETF嘉实,SSE,2023-03-27,1.176,1.177,1.165,1.171,1.176000000000002,1.177000000000002,1.165000000000002,1.171000000000002,1.0000000000000018,56908100.0,66672307.0,腾讯日K,2026-08-07T17:30:13,20260926T093659
516150,稀土ETF嘉实,SSE,2023-03-28,1.17,1.172,1.152,1.158,1.170000000000002,1.172000000000002,1.152000000000002,1.158000000000002,1.0000000000000018,53198300.0,61782572.0,腾讯日K,2026-08-07T17:30:13,20260926T093659
516150,稀土ETF嘉实,SSE,2023-03-29,1.156,1.16,1.148,1.151,1.1560000000000017,1.1600000000000017,1.1480000000000017,1.1510000000000018,1.0000000000000016,51608700.0,59579202.0,腾讯日K,2026-08-07T17:30:13,20260926T093659
516150,稀土ETF嘉实,SSE,2023-03-30,1.151,1.153,1.138,1.153,1.1510000000000018,1.1530000000000018,1.1380000000000017,1.1530000000000018,1.0000000000000016,58387400.0,66820539.0,腾讯日K,2026-08-07T17:30:13,20260926T093659
516150,稀土ETF嘉实,SSE,2023-03-31,1.155,1.165,1.152,1.162,1.1550000000000016,1.1650000000000016,1.1520000000000015,1.1620000000000015,1.0000000000000013,66932200.0,77691642.0,腾讯日K,2026-08-07T17:30:13,20260926T093659
516150,稀土ETF嘉实,SSE,2023-04-03,1.163,1.181,1.159,1.18,1.1630000000000018,1.1810000000000018,1.1590000000000018,1.1800000000000017,1.0000000000000016,66083100.0,77390765.0,腾讯日K,2026-08-07T17:30:13,20260926T093659
516150,稀土ETF嘉实,SSE,2023-04-04,1.18,1.18,1.163,1.169,1.1800000000000017,1.1800000000000017,1.1630000000000018,1.1690000000000018,1.0000000000000016,62560100.0,73061359.0,腾讯日K,2026-08-07T17:30:13,20260926T093659
516150,稀土ETF嘉实,SSE,2023-04-06,1.169,1.179,1.159,1.178,1.1690000000000016,1.1790000000000016,1.1590000000000016,1.1780000000000015,1.0000000000000013,74625500.0,86950684.0,腾讯日K,2026-08-07T17:30:13,20260926T093659
516150,稀土ETF嘉实,SSE,2023-04-07,1.179,1.179,1.171,1.177,1.1790000000000016,1.1790000000000016,1.1710000000000016,1.1770000000000016,1.0000000000000013,57039900.0,66985683.0,腾讯日K,2026-08-07T17:30:13,20260926T093659
516150,稀土ETF嘉实,SSE,2023-04-10,1.177,1.18,1.168,1.173,1.1770000000000014,1.1800000000000013,1.1680000000000013,1.1730000000000014,1.000000000000001,66051100.0,77536372.0,腾讯日K,2026-08-07T17:30:13,20260926T093659
516150,稀土ETF嘉实,SSE,2023-04-11,1.173,1.185,1.163,1.184,1.1730000000000014,1.1850000000000014,1.1630000000000014,1.1840000000000013,1.000000000000001,98483400.0,115765291.0,腾讯日K,2026-08-07T17:30:13,20260926T093659
516150,稀土ETF嘉实,SSE,2023-04-12,1.187,1.193,1.179,1.192,1.1870000000000014,1.1930000000000014,1.1790000000000014,1.1920000000000013,1.000000000000001,60974300.0,72297378.0,腾讯日K,2026-08-07T17:30:13,20260926T093659
516150,稀土ETF嘉实,SSE,2023-04-13,1.191,1.199,1.177,1.178,1.1910000000000012,1.1990000000000012,1.1770000000000012,1.178000000000001,1.0000000000000009,77099500.0,91864060.0,腾讯日K,2026-08-07T17:30:13,20260926T093659
516150,稀土ETF嘉实,SSE,2023-04-14,1.177,1.194,1.177,1.194,1.1770000000000012,1.194000000000001,1.1770000000000012,1.194000000000001,1.0000000000000009,71751400.0,85402118.0,腾讯日K,2026-08-07T17:30:13,20260926T093659
516150,稀土ETF嘉实,SSE,2023-04-17,1.194,1.204,1.187,1.202,1.194000000000001,1.204000000000001,1.1870000000000012,1.202000000000001,1.0000000000000009,46571600.0,55640963.0,腾讯日K,2026-08-07T17:30:13,20260926T093659
516150,稀土ETF嘉实,SSE,2023-04-18,1.202,1.206,1.188,1.193,1.202000000000001,1.206000000000001,1.188000000000001,1.1930000000000012,1.0000000000000009,54000100.0,64600423.0,腾讯日K,2026-08-07T17:30:13,20260926T093659
516150,稀土ETF嘉实,SSE,2023-04-19,1.195,1.195,1.18,1.181,1.195000000000001,1.195000000000001,1.1800000000000008,1.181000000000001,1.0000000000000007,75394300.0,89365634.0,腾讯日K,2026-08-07T17:30:13,20260926T093659
516150,稀土ETF嘉实,SSE,2023-04-20,1.179,1.179,1.156,1.166,1.1790000000000012,1.1790000000000012,1.156000000000001,1.166000000000001,1.0000000000000009,73327700.0,85254235.0,腾讯日K,2026-08-07T17:30:13,20260926T093659
516150,稀土ETF嘉实,SSE,2023-04-21,1.164,1.165,1.132,1.134,1.164000000000001,1.1650000000000011,1.132000000000001,1.134000000000001,1.0000000000000009,55310500.0,63664173.0,腾讯日K,2026-08-07T17:30:13,20260926T093659
516150,稀土ETF嘉实,SSE,2023-04-24,1.129,1.134,1.118,1.124,1.1290000000000011,1.134000000000001,1.118000000000001,1.124000000000001,1.0000000000000009,47332800.0,53298561.0,腾讯日K,2026-08-07T17:30:13,20260926T093659
516150,稀土ETF嘉实,SSE,2023-04-25,1.124,1.127,1.086,1.097,1.124000000000001,1.1270000000000011,1.086000000000001,1.0970000000000009,1.0000000000000009,66426700.0,73202587.0,腾讯日K,2026-08-07T17:30:13,20260926T093659
516150,稀土ETF嘉实,SSE,2023-04-26,1.098,1.124,1.091,1.116,1.098000000000001,1.124000000000001,1.0910000000000009,1.116000000000001,1.0000000000000009,53420500.0,59487840.0,腾讯日K,2026-08-07T17:30:13,20260926T093659
516150,稀土ETF嘉实,SSE,2023-04-27,1.116,1.117,1.104,1.11,1.116000000000001,1.1170000000000009,1.104000000000001,1.110000000000001,1.0000000000000009,53145000.0,59012202.0,腾讯日K,2026-08-07T17:30:13,20260926T093659
516150,稀土ETF嘉实,SSE,2023-04-28,1.111,1.124,1.111,1.121,1.1110000000000009,1.124000000000001,1.1110000000000009,1.1210000000000009,1.0000000000000009,46969200.0,52461176.0,腾讯日K,2026-08-07T17:30:13,20260926T093659
516150,稀土ETF嘉实,SSE,2023-05-04,1.11,1.119,1.106,1.11,1.110000000000001,1.1190000000000009,1.106000000000001,1.110000000000001,1.0000000000000009,54059000.0,60161818.0,腾讯日K,2026-08-07T17:30:13,20260926T093659
516150,稀土ETF嘉实,SSE,2023-05-05,1.11,1.11,1.084,1.09,1.110000000000001,1.110000000000001,1.084000000000001,1.090000000000001,1.0000000000000009,82625900.0,90211086.0,腾讯日K,2026-08-07T17:30:13,20260926T093659
516150,稀土ETF嘉实,SSE,2023-05-08,1.09,1.107,1.09,1.104,1.090000000000001,1.1070000000000009,1.090000000000001,1.104000000000001,1.0000000000000009,67835200.0,74557365.0,腾讯日K,2026-08-07T17:30:13,20260926T093659
516150,稀土ETF嘉实,SSE,2023-05-09,1.104,1.128,1.092,1.109,1.104000000000001,1.128000000000001,1.092000000000001,1.1090000000000009,1.0000000000000009,51551000.0,57084693.0,腾讯日K,2026-08-07T17:30:13,20260926T093659
516150,稀土ETF嘉实,SSE,2023-05-10,1.109,1.117,1.1,1.112,1.1090000000000009,1.1170000000000009,1.100000000000001,1.112000000000001,1.0000000000000009,47317500.0,52499790.0,腾讯日K,2026-08-07T17:30:13,20260926T093659
516150,稀土ETF嘉实,SSE,2023-05-11,1.114,1.115,1.106,1.114,1.114000000000001,1.1150000000000009,1.106000000000001,1.114000000000001,1.0000000000000009,45077500.0,50111836.0,腾讯日K,2026-08-07T17:30:13,20260926T093659
516150,稀土ETF嘉实,SSE,2023-05-12,1.112,1.112,1.085,1.087,1.112000000000001,1.112000000000001,1.0850000000000009,1.0870000000000009,1.0000000000000009,45270100.0,49585465.0,腾讯日K,2026-08-07T17:30:13,20260926T093659
516150,稀土ETF嘉实,SSE,2023-05-15,1.082,1.113,1.082,1.111,1.082000000000001,1.1130000000000009,1.082000000000001,1.1110000000000009,1.0000000000000009,50967500.0,56024846.0,腾讯日K,2026-08-07T17:30:13,20260926T093659
516150,稀土ETF嘉实,SSE,2023-05-16,1.118,1.118,1.102,1.107,1.118000000000001,1.118000000000001,1.102000000000001,1.1070000000000009,1.0000000000000009,52430200.0,58115507.0,腾讯日K,2026-08-07T17:30:13,20260926T093659
516150,稀土ETF嘉实,SSE,2023-05-17,1.107,1.113,1.102,1.111,1.1070000000000007,1.1130000000000007,1.1020000000000008,1.1110000000000007,1.0000000000000007,38659800.0,42789043.0,腾讯日K,2026-08-07T17:30:13,20260926T093659
516150,稀土ETF嘉实,SSE,2023-05-18,1.116,1.118,1.103,1.109,1.116000000000001,1.118000000000001,1.1030000000000009,1.1090000000000009,1.0000000000000009,35650300.0,39589574.0,腾讯日K,2026-08-07T17:30:13,20260926T093659
516150,稀土ETF嘉实,SSE,2023-05-19,1.105,1.111,1.097,1.104,1.1050000000000009,1.1110000000000009,1.0970000000000009,1.104000000000001,1.0000000000000009,32957100.0,36359592.0,腾讯日K,2026-08-07T17:30:13,20260926T093659
516150,稀土ETF嘉实,SSE,2023-05-22,1.108,1.109,1.1,1.106,1.1080000000000008,1.1090000000000007,1.1000000000000008,1.1060000000000008,1.0000000000000007,42374500.0,46766721.0,腾讯日K,2026-08-07T17:30:13,20260926T093659
516150,稀土ETF嘉实,SSE,2023-05-23,1.103,1.105,1.091,1.091,1.1030000000000006,1.1050000000000006,1.0910000000000006,1.0910000000000006,1.0000000000000007,43147600.0,47429703.0,腾讯日K,2026-08-07T17:30:13,20260926T093659
516150,稀土ETF嘉实,SSE,2023-05-24,1.088,1.098,1.084,1.088,1.088000000000001,1.098000000000001,1.084000000000001,1.088000000000001,1.0000000000000009,38081000.0,41490549.0,腾讯日K,2026-08-07T17:30:13,20260926T093659
516150,稀土ETF嘉实,SSE,2023-05-25,1.083,1.092,1.072,1.082,1.0830000000000009,1.092000000000001,1.072000000000001,1.082000000000001,1.0000000000000009,43128300.0,46654578.0,腾讯日K,2026-08-07T17:30:13,20260926T093659
516150,稀土ETF嘉实,SSE,2023-05-26,1.082,1.082,1.065,1.077,1.082000000000001,1.082000000000001,1.0650000000000008,1.0770000000000008,1.0000000000000009,47142500.0,50500037.0,腾讯日K,2026-08-07T17:30:13,20260926T093659
516150,稀土ETF嘉实,SSE,2023-05-29,1.079,1.081,1.067,1.072,1.0790000000000006,1.0810000000000006,1.0670000000000006,1.0720000000000007,1.0000000000000007,126442000.0,135581314.0,腾讯日K,2026-08-07T17:30:13,20260926T093659
516150,稀土ETF嘉实,SSE,2023-05-30,1.069,1.076,1.056,1.071,1.0690000000000008,1.076000000000001,1.056000000000001,1.0710000000000008,1.0000000000000009,68970900.0,73532056.0,腾讯日K,2026-08-07T17:30:13,20260926T093659
516150,稀土ETF嘉实,SSE,2023-05-31,1.07,1.074,1.066,1.073,1.070000000000001,1.074000000000001,1.066000000000001,1.0730000000000008,1.0000000000000009,59766400.0,63939155.0,腾讯日K,2026-08-07T17:30:13,20260926T093659
516150,稀土ETF嘉实,SSE,2023-06-01,1.074,1.085,1.067,1.082,1.074000000000001,1.0850000000000009,1.0670000000000008,1.082000000000001,1.0000000000000009,57952600.0,62455079.0,腾讯日K,2026-08-07T17:30:13,20260926T093659
516150,稀土ETF嘉实,SSE,2023-06-02,1.079,1.099,1.077,1.098,1.0790000000000008,1.0990000000000009,1.0770000000000008,1.098000000000001,1.0000000000000009,77913800.0,85226364.0,腾讯日K,2026-08-07T17:30:13,20260926T093659
516150,稀土ETF嘉实,SSE,2023-06-05,1.098,1.101,1.084,1.087,1.098000000000001,1.1010000000000009,1.084000000000001,1.0870000000000009,1.0000000000000009,38059900.0,41472152.0,腾讯日K,2026-08-07T17:30:13,20260926T093659
516150,稀土ETF嘉实,SSE,2023-06-06,1.088,1.088,1.063,1.066,1.088000000000001,1.088000000000001,1.0630000000000008,1.066000000000001,1.0000000000000009,49203300.0,52889116.0,腾讯日K,2026-08-07T17:30:13,20260926T093659
516150,稀土ETF嘉实,SSE,2023-06-07,1.067,1.069,1.057,1.06,1.0670000000000008,1.0690000000000008,1.0570000000000008,1.060000000000001,1.0000000000000009,56645600.0,60248594.0,腾讯日K,2026-08-07T17:30:13,20260926T093659
516150,稀土ETF嘉实,SSE,2023-06-08,1.06,1.069,1.057,1.064,1.0600000000000007,1.0690000000000006,1.0570000000000006,1.0640000000000007,1.0000000000000007,59928700.0,63730711.0,腾讯日K,2026-08-07T17:30:13,20260926T093659
516150,稀土ETF嘉实,SSE,2023-06-09,1.064,1.072,1.063,1.071,1.064000000000001,1.072000000000001,1.0630000000000008,1.0710000000000008,1.0000000000000009,54769300.0,58389283.0,腾讯日K,2026-08-07T17:30:13,20260926T093659
516150,稀土ETF嘉实,SSE,2023-06-12,1.067,1.08,1.067,1.075,1.0670000000000006,1.0800000000000007,1.0670000000000006,1.0750000000000006,1.0000000000000007,38966500.0,41779962.0,腾讯日K,2026-08-07T17:30:13,20260926T093659
516150,稀土ETF嘉实,SSE,2023-06-13,1.076,1.08,1.073,1.076,1.076000000000001,1.080000000000001,1.0730000000000008,1.076000000000001,1.0000000000000009,42232800.0,45440825.0,腾讯日K,2026-08-07T17:30:13,20260926T093659
516150,稀土ETF嘉实,SSE,2023-06-14,1.082,1.082,1.073,1.075,1.082000000000001,1.082000000000001,1.0730000000000008,1.0750000000000008,1.0000000000000009,39092900.0,42067894.0,腾讯日K,2026-08-07T17:30:13,20260926T093659
516150,稀土ETF嘉实,SSE,2023-06-15,1.078,1.095,1.073,1.094,1.078000000000001,1.0950000000000009,1.0730000000000008,1.094000000000001,1.0000000000000009,31796100.0,34533100.0,腾讯日K,2026-08-07T17:30:13,20260926T093659
516150,稀土ETF嘉实,SSE,2023-06-16,1.096,1.107,1.086,1.106,1.096000000000001,1.1070000000000009,1.086000000000001,1.106000000000001,1.0000000000000009,48326400.0,53125589.0,腾讯日K,2026-08-07T17:30:13,20260926T093659
516150,稀土ETF嘉实,SSE,2023-06-19,1.106,1.106,1.097,1.1,1.106000000000001,1.106000000000001,1.0970000000000009,1.100000000000001,1.0000000000000009,59060400.0,65001849.0,腾讯日K,2026-08-07T17:30:13,20260926T093659
516150,稀土ETF嘉实,SSE,2023-06-20,1.101,1.104,1.093,1.098,1.1010000000000009,1.104000000000001,1.0930000000000009,1.098000000000001,1.0000000000000009,39967000.0,43811973.0,腾讯日K,2026-08-07T17:30:13,20260926T093659
516150,稀土ETF嘉实,SSE,2023-06-21,1.101,1.106,1.083,1.084,1.1010000000000009,1.106000000000001,1.0830000000000009,1.084000000000001,1.0000000000000009,36225800.0,39664912.0,腾讯日K,2026-08-07T17:30:13,20260926T093659
516150,稀土ETF嘉实,SSE,2023-06-26,1.079,1.091,1.074,1.076,1.0790000000000008,1.0910000000000009,1.074000000000001,1.076000000000001,1.0000000000000009,34781500.0,37665629.0,腾讯日K,2026-08-07T17:30:13,20260926T093659
516150,稀土ETF嘉实,SSE,2023-06-27,1.077,1.09,1.074,1.089,1.0770000000000008,1.090000000000001,1.074000000000001,1.0890000000000009,1.0000000000000009,32313500.0,34960736.0,腾讯日K,2026-08-07T17:30:13,20260926T093659
516150,稀土ETF嘉实,SSE,2023-06-28,1.091,1.091,1.067,1.084,1.0910000000000009,1.0910000000000009,1.0670000000000008,1.084000000000001,1.0000000000000009,40745300.0,43995725.0,腾讯日K,2026-08-07T17:30:13,20260926T093659
516150,稀土ETF嘉实,SSE,2023-06-29,1.082,1.109,1.079,1.108,1.0820000000000007,1.1090000000000007,1.0790000000000006,1.1080000000000008,1.0000000000000007,49009600.0,53636970.0,腾讯日K,2026-08-07T17:30:13,20260926T093659
516150,稀土ETF嘉实,SSE,2023-06-30,1.109,1.122,1.104,1.12,1.1090000000000007,1.1220000000000008,1.1040000000000008,1.1200000000000008,1.0000000000000007,57244200.0,63731722.0,腾讯日K,2026-08-07T17:30:13,20260926T093659
516150,稀土ETF嘉实,SSE,2023-07-03,1.127,1.131,1.12,1.12,1.1270000000000007,1.1310000000000007,1.1200000000000008,1.1200000000000008,1.0000000000000007,48496300.0,54577709.0,腾讯日K,2026-08-07T17:30:13,20260926T093659
516150,稀土ETF嘉实,SSE,2023-07-04,1.14,1.141,1.123,1.13,1.1400000000000003,1.1410000000000005,1.1230000000000004,1.1300000000000003,1.0000000000000004,49358500.0,55879717.0,腾讯日K,2026-08-07T17:30:13,20260926T093659
516150,稀土ETF嘉实,SSE,2023-07-05,1.124,1.17,1.119,1.169,1.1240000000000006,1.1700000000000004,1.1190000000000004,1.1690000000000005,1.0000000000000004,125556300.0,144509624.0,腾讯日K,2026-08-07T17:30:13,20260926T093659
516150,稀土ETF嘉实,SSE,2023-07-06,1.166,1.166,1.138,1.146,1.1660000000000004,1.1660000000000004,1.1380000000000003,1.1460000000000004,1.0000000000000004,117304300.0,134170118.0,腾讯日K,2026-08-07T17:30:13,20260926T093659
516150,稀土ETF嘉实,SSE,2023-07-07,1.139,1.145,1.126,1.135,1.1390000000000005,1.1450000000000005,1.1260000000000003,1.1350000000000005,1.0000000000000004,69646700.0,79031600.0,腾讯日K,2026-08-07T17:30:13,20260926T093659
516150,稀土ETF嘉实,SSE,2023-07-10,1.134,1.143,1.125,1.127,1.1340000000000003,1.1430000000000005,1.1250000000000004,1.1270000000000004,1.0000000000000004,54573800.0,61785991.0,腾讯日K,2026-08-07T17:30:13,20260926T093659
516150,稀土ETF嘉实,SSE,2023-07-11,1.128,1.14,1.121,1.139,1.1280000000000003,1.1400000000000003,1.1210000000000004,1.1390000000000005,1.0000000000000004,75875700.0,85544707.0,腾讯日K,2026-08-07T17:30:13,20260926T093659
516150,稀土ETF嘉实,SSE,2023-07-12,1.135,1.136,1.122,1.125,1.1350000000000005,1.1360000000000003,1.1220000000000006,1.1250000000000004,1.0000000000000004,60869000.0,68720835.0,腾讯日K,2026-08-07T17:30:13,20260926T093659
516150,稀土ETF嘉实,SSE,2023-07-13,1.128,1.142,1.128,1.136,1.1280000000000003,1.1420000000000003,1.1280000000000003,1.1360000000000003,1.0000000000000004,248279900.0,282725137.0,腾讯日K,2026-08-07T17:30:13,20260926T093659
516150,稀土ETF嘉实,SSE,2023-07-14,1.134,1.137,1.125,1.128,1.1340000000000003,1.1370000000000005,1.1250000000000004,1.1280000000000003,1.0000000000000004,71959800.0,81297266.0,腾讯日K,2026-08-07T17:30:13,20260926T093659
516150,稀土ETF嘉实,SSE,2023-07-17,1.118,1.12,1.096,1.1,1.1180000000000003,1.1200000000000003,1.0960000000000003,1.1000000000000003,1.0000000000000002,70705900.0,77985284.0,腾讯日K,2026-08-07T17:30:13,20260926T093659
516150,稀土ETF嘉实,SSE,2023-07-18,1.1,1.108,1.097,1.106,1.1000000000000003,1.1080000000000003,1.0970000000000002,1.1060000000000003,1.0000000000000002,46362500.0,51044723.0,腾讯日K,2026-08-07T17:30:13,20260926T093659
516150,稀土ETF嘉实,SSE,2023-07-19,1.105,1.108,1.093,1.099,1.1050000000000002,1.1080000000000003,1.0930000000000002,1.0990000000000002,1.0000000000000002,46195300.0,50774793.0,腾讯日K,2026-08-07T17:30:13,20260926T093659
516150,稀土ETF嘉实,SSE,2023-07-20,1.099,1.106,1.091,1.092,1.0990000000000002,1.1060000000000003,1.0910000000000002,1.0920000000000003,1.0000000000000002,41847900.0,46070429.0,腾讯日K,2026-08-07T17:30:13,20260926T093659
516150,稀土ETF嘉实,SSE,2023-07-21,1.092,1.095,1.084,1.088,1.0920000000000005,1.0950000000000004,1.0840000000000005,1.0880000000000005,1.0000000000000004,54664700.0,59629745.0,腾讯日K,2026-08-07T17:30:13,20260926T093659
516150,稀土ETF嘉实,SSE,2023-07-24,1.088,1.088,1.074,1.077,1.0880000000000005,1.0880000000000005,1.0740000000000005,1.0770000000000004,1.0000000000000004,75549100.0,81609031.0,腾讯日K,2026-08-07T17:30:13,20260926T093659
516150,稀土ETF嘉实,SSE,2023-07-25,1.083,1.1,1.083,1.098,1.0830000000000004,1.1000000000000005,1.0830000000000004,1.0980000000000005,1.0000000000000004,85842300.0,93916202.0,腾讯日K,2026-08-07T17:30:13,20260926T093659
516150,稀土ETF嘉实,SSE,2023-07-26,1.098,1.098,1.085,1.091,1.0980000000000005,1.0980000000000005,1.0850000000000004,1.0910000000000004,1.0000000000000004,76469900.0,83380850.0,腾讯日K,2026-08-07T17:30:13,20260926T093659
516150,稀土ETF嘉实,SSE,2023-07-27,1.092,1.097,1.081,1.083,1.0920000000000005,1.0970000000000004,1.0810000000000004,1.0830000000000004,1.0000000000000004,71257000.0,77678904.0,腾讯日K,2026-08-07T17:30:13,20260926T093659
516150,稀土ETF嘉实,SSE,2023-07-28,1.084,1.095,1.074,1.093,1.0840000000000005,1.0950000000000004,1.0740000000000005,1.0930000000000004,1.0000000000000004,83961100.0,91180912.0,腾讯日K,2026-08-07T17:30:13,20260926T093659
516150,稀土ETF嘉实,SSE,2023-07-31,1.096,1.111,1.096,1.104,1.0960000000000005,1.1110000000000004,1.0960000000000005,1.1040000000000005,1.0000000000000004,57888400.0,64006298.0,腾讯日K,2026-08-07T17:30:13,20260926T093659
516150,稀土ETF嘉实,SSE,2023-08-01,1.104,1.109,1.1,1.109,1.1040000000000005,1.1090000000000004,1.1000000000000005,1.1090000000000004,1.0000000000000004,54574600.0,60278128.0,腾讯日K,2026-08-07T17:30:13,20260926T093659
516150,稀土ETF嘉实,SSE,2023-08-02,1.112,1.114,1.101,1.104,1.1120000000000005,1.1140000000000005,1.1010000000000004,1.1040000000000005,1.0000000000000004,41326300.0,45760786.0,腾讯日K,2026-08-07T17:30:13,20260926T093659
516150,稀土ETF嘉实,SSE,2023-08-03,1.1,1.105,1.097,1.104,1.1000000000000005,1.1050000000000004,1.0970000000000004,1.1040000000000005,1.0000000000000004,44297700.0,48753108.0,腾讯日K,2026-08-07T17:30:13,20260926T093659
516150,稀土ETF嘉实,SSE,2023-08-04,1.109,1.113,1.103,1.106,1.1090000000000002,1.1130000000000002,1.1030000000000002,1.1060000000000003,1.0000000000000002,44533400.0,49331818.0,腾讯日K,2026-08-07T17:30:13,20260926T093659
516150,稀土ETF嘉实,SSE,2023-08-07,1.107,1.12,1.103,1.112,1.1070000000000002,1.1200000000000003,1.1030000000000002,1.1120000000000003,1.0000000000000002,82515600.0,91636321.0,腾讯日K,2026-08-07T17:30:13,20260926T093659
516150,稀土ETF嘉实,SSE,2023-08-08,1.112,1.112,1.099,1.11,1.112,1.112,1.099,1.11,1.0,88862700.0,98242802.0,腾讯日K,2026-08-07T17:30:13,20260926T093659
516150,稀土ETF嘉实,SSE,2023-08-09,1.107,1.108,1.094,1.097,1.107,1.108,1.094,1.097,1.0,92380600.0,101705748.0,腾讯日K,2026-08-07T17:30:13,20260926T093659
516150,稀土ETF嘉实,SSE,2023-08-10,1.097,1.103,1.093,1.097,1.097,1.103,1.093,1.097,1.0,64723300.0,71011251.0,腾讯日K,2026-08-07T17:30:13,20260926T093659
516150,稀土ETF嘉实,SSE,2023-08-11,1.096,1.098,1.074,1.075,1.096,1.098,1.074,1.075,1.0,61311400.0,66575647.0,腾讯日K,2026-08-07T17:30:13,20260926T093659
516150,稀土ETF嘉实,SSE,2023-08-14,1.069,1.073,1.056,1.07,1.069,1.073,1.056,1.07,1.0,62113500.0,66025608.0,腾讯日K,2026-08-07T17:30:13,20260926T093659
516150,稀土ETF嘉实,SSE,2023-08-15,1.069,1.072,1.052,1.058,1.0690000000000002,1.0720000000000003,1.0520000000000003,1.0580000000000003,1.0000000000000002,61036500.0,64868736.0,腾讯日K,2026-08-07T17:30:13,20260926T093659
516150,稀土ETF嘉实,SSE,2023-08-16,1.057,1.061,1.046,1.047,1.0570000000000002,1.0610000000000002,1.0460000000000003,1.0470000000000002,1.0000000000000002,57715600.0,60854004.0,腾讯日K,2026-08-07T17:30:13,20260926T093659
516150,稀土ETF嘉实,SSE,2023-08-17,1.041,1.056,1.034,1.055,1.0410000000000001,1.0560000000000003,1.0340000000000003,1.0550000000000002,1.0000000000000002,92820300.0,97233891.0,腾讯日K,2026-08-07T17:30:13,20260926T093659
516150,稀土ETF嘉实,SSE,2023-08-18,1.054,1.057,1.037,1.038,1.0540000000000003,1.0570000000000002,1.0370000000000001,1.0380000000000003,1.0000000000000002,50351600.0,52838844.0,腾讯日K,2026-08-07T17:30:13,20260926T093659
516150,稀土ETF嘉实,SSE,2023-08-21,1.034,1.043,1.026,1.027,1.0340000000000003,1.0430000000000001,1.0260000000000002,1.0270000000000001,1.0000000000000002,42241000.0,43804864.0,腾讯日K,2026-08-07T17:30:13,20260926T093659
516150,稀土ETF嘉实,SSE,2023-08-22,1.032,1.036,1.007,1.025,1.0320000000000003,1.0360000000000003,1.0070000000000001,1.0250000000000001,1.0000000000000002,50270100.0,51302556.0,腾讯日K,2026-08-07T17:30:13,20260926T093659
516150,稀土ETF嘉实,SSE,2023-08-23,1.025,1.026,0.997,0.998,1.0250000000000001,1.0260000000000002,0.9970000000000002,0.9980000000000001,1.0000000000000002,49380400.0,49872571.0,腾讯日K,2026-08-07T17:30:13,20260926T093659
516150,稀土ETF嘉实,SSE,2023-08-24,1.005,1.01,0.993,0.998,1.0050000000000001,1.0100000000000002,0.9930000000000002,0.9980000000000001,1.0000000000000002,64702400.0,64843637.0,腾讯日K,2026-08-07T17:30:13,20260926T093659
516150,稀土ETF嘉实,SSE,2023-08-25,0.998,1.0,0.981,0.985,0.9980000000000002,1.0000000000000002,0.9810000000000002,0.9850000000000002,1.0000000000000002,46722100.0,46406797.0,腾讯日K,2026-08-07T17:30:13,20260926T093659
516150,稀土ETF嘉实,SSE,2023-08-28,1.014,1.033,0.994,0.998,1.0140000000000002,1.0330000000000001,0.9940000000000002,0.9980000000000001,1.0000000000000002,45465800.0,46112835.0,腾讯日K,2026-08-07T17:30:13,20260926T093659
516150,稀土ETF嘉实,SSE,2023-08-29,0.996,1.025,0.994,1.022,0.9960000000000002,1.0250000000000001,0.9940000000000002,1.0220000000000002,1.0000000000000002,53056200.0,53702997.0,腾讯日K,2026-08-07T17:30:13,20260926T093659
516150,稀土ETF嘉实,SSE,2023-08-30,1.02,1.034,1.017,1.021,1.0200000000000002,1.0340000000000003,1.0170000000000001,1.0210000000000001,1.0000000000000002,38754400.0,39753878.0,腾讯日K,2026-08-07T17:30:13,20260926T093659
516150,稀土ETF嘉实,SSE,2023-08-31,1.023,1.023,1.009,1.014,1.0230000000000004,1.0230000000000004,1.0090000000000003,1.0140000000000005,1.0000000000000004,43728400.0,44377392.0,腾讯日K,2026-08-07T17:30:13,20260926T093659
516150,稀土ETF嘉实,SSE,2023-09-01,1.015,1.027,1.013,1.023,1.0150000000000003,1.0270000000000004,1.0130000000000003,1.0230000000000004,1.0000000000000004,35670400.0,36336005.0,腾讯日K,2026-08-07T17:30:13,20260926T093659
516150,稀土ETF嘉实,SSE,2023-09-04,1.03,1.051,1.024,1.05,1.0300000000000005,1.0510000000000004,1.0240000000000005,1.0500000000000005,1.0000000000000004,73029300.0,75808728.0,腾讯日K,2026-08-07T17:30:13,20260926T093659
516150,稀土ETF嘉实,SSE,2023-09-05,1.046,1.049,1.04,1.047,1.0460000000000005,1.0490000000000004,1.0400000000000005,1.0470000000000004,1.0000000000000004,43865900.0,45831920.0,腾讯日K,2026-08-07T17:30:13,20260926T093659
516150,稀土ETF嘉实,SSE,2023-09-06,1.048,1.049,1.037,1.048,1.0480000000000005,1.0490000000000004,1.0370000000000004,1.0480000000000005,1.0000000000000004,40884000.0,42642186.0,腾讯日K,2026-08-07T17:30:13,20260926T093659
516150,稀土ETF嘉实,SSE,2023-09-07,1.046,1.046,1.028,1.028,1.0460000000000007,1.0460000000000007,1.0280000000000007,1.0280000000000007,1.0000000000000007,44193500.0,45715398.0,腾讯日K,2026-08-07T17:30:13,20260926T093659
516150,稀土ETF嘉实,SSE,2023-09-08,1.026,1.03,1.022,1.025,1.0260000000000007,1.0300000000000007,1.0220000000000007,1.0250000000000006,1.0000000000000007,33675300.0,34553148.0,腾讯日K,2026-08-07T17:30:13,20260926T093659
516150,稀土ETF嘉实,SSE,2023-09-11,1.022,1.039,1.022,1.035,1.0220000000000007,1.0390000000000006,1.0220000000000007,1.0350000000000006,1.0000000000000007,45393500.0,46869659.0,腾讯日K,2026-08-07T17:30:13,20260926T093659
516150,稀土ETF嘉实,SSE,2023-09-12,1.041,1.042,1.032,1.037,1.0410000000000006,1.0420000000000007,1.0320000000000007,1.0370000000000006,1.0000000000000007,44767300.0,46402422.0,腾讯日K,2026-08-07T17:30:13,20260926T093659
516150,稀土ETF嘉实,SSE,2023-09-13,1.039,1.039,1.02,1.024,1.0390000000000006,1.0390000000000006,1.0200000000000007,1.0240000000000007,1.0000000000000007,88287400.0,90781039.0,腾讯日K,2026-08-07T17:30:13,20260926T093659
516150,稀土ETF嘉实,SSE,2023-09-14,1.019,1.024,1.016,1.021,1.0190000000000006,1.0240000000000007,1.0160000000000007,1.0210000000000006,1.0000000000000007,62489500.0,63751265.0,腾讯日K,2026-08-07T17:30:13,20260926T093659
516150,稀土ETF嘉实,SSE,2023-09-15,1.021,1.027,1.016,1.02,1.0210000000000008,1.0270000000000008,1.016000000000001,1.020000000000001,1.0000000000000009,53417100.0,54495750.0,腾讯日K,2026-08-07T17:30:13,20260926T093659
516150,稀土ETF嘉实,SSE,2023-09-18,1.021,1.032,1.01,1.028,1.0210000000000008,1.032000000000001,1.010000000000001,1.028000000000001,1.0000000000000009,43776100.0,44774465.0,腾讯日K,2026-08-07T17:30:13,20260926T093659
516150,稀土ETF嘉实,SSE,2023-09-19,1.029,1.029,1.01,1.014,1.0290000000000008,1.0290000000000008,1.010000000000001,1.014000000000001,1.0000000000000009,43255500.0,43944699.0,腾讯日K,2026-08-07T17:30:13,20260926T093659
516150,稀土ETF嘉实,SSE,2023-09-20,1.01,1.012,1.001,1.002,1.0100000000000007,1.0120000000000007,1.0010000000000006,1.0020000000000007,1.0000000000000007,38344100.0,38637282.0,腾讯日K,2026-08-07T17:30:13,20260926T093659
516150,稀土ETF嘉实,SSE,2023-09-21,1.002,1.005,0.992,0.994,1.0020000000000007,1.0050000000000006,0.9920000000000007,0.9940000000000007,1.0000000000000007,48258700.0,48172759.0,腾讯日K,2026-08-07T17:30:13,20260926T093659
516150,稀土ETF嘉实,SSE,2023-09-22,0.99,1.009,0.99,1.008,0.9900000000000007,1.0090000000000006,0.9900000000000007,1.0080000000000007,1.0000000000000007,43679900.0,43576108.0,腾讯日K,2026-08-07T17:30:13,20260926T093659
516150,稀土ETF嘉实,SSE,2023-09-25,1.01,1.01,0.995,0.998,1.0100000000000007,1.0100000000000007,0.9950000000000007,0.9980000000000006,1.0000000000000007,36193800.0,36218623.0,腾讯日K,2026-08-07T17:30:13,20260926T093659
516150,稀土ETF嘉实,SSE,2023-09-26,0.994,0.998,0.987,0.989,0.9940000000000007,0.9980000000000007,0.9870000000000007,0.9890000000000007,1.0000000000000007,37573500.0,37270263.0,腾讯日K,2026-08-07T17:30:13,20260926T093659
516150,稀土ETF嘉实,SSE,2023-09-27,0.989,1.003,0.982,0.991,0.9890000000000007,1.0030000000000006,0.9820000000000007,0.9910000000000007,1.0000000000000007,70646200.0,70183380.0,腾讯日K,2026-08-07T17:30:13,20260926T093659
516150,稀土ETF嘉实,SSE,2023-09-28,0.991,1.002,0.991,0.997,0.9910000000000007,1.0020000000000007,0.9910000000000007,0.9970000000000006,1.0000000000000007,38813500.0,38720633.0,腾讯日K,2026-08-07T17:30:13,20260926T093659
516150,稀土ETF嘉实,SSE,2023-10-09,0.996,1.001,0.99,0.997,0.9960000000000007,1.0010000000000006,0.9900000000000007,0.9970000000000006,1.0000000000000007,61547400.0,61348742.0,腾讯日K,2026-08-07T17:30:13,20260926T093659
516150,稀土ETF嘉实,SSE,2023-10-10,1.0,1.008,0.998,0.999,1.0000000000000007,1.0080000000000007,0.9980000000000007,0.9990000000000007,1.0000000000000007,50063900.0,50183544.0,腾讯日K,2026-08-07T17:30:13,20260926T093659
516150,稀土ETF嘉实,SSE,2023-10-11,1.005,1.006,0.997,1.0,1.0050000000000006,1.0060000000000007,0.9970000000000007,1.0000000000000007,1.0000000000000007,53058600.0,53070263.0,腾讯日K,2026-08-07T17:30:13,20260926T093659
516150,稀土ETF嘉实,SSE,2023-10-12,1.001,1.015,0.999,1.014,1.0010000000000006,1.0150000000000006,0.9990000000000007,1.0140000000000007,1.0000000000000007,50235600.0,50589192.0,腾讯日K,2026-08-07T17:30:13,20260926T093659
516150,稀土ETF嘉实,SSE,2023-10-13,1.01,1.01,1.0,1.003,1.0100000000000007,1.0100000000000007,1.0000000000000007,1.0030000000000006,1.0000000000000007,46215500.0,46317749.0,腾讯日K,2026-08-07T17:30:13,20260926T093659
516150,稀土ETF嘉实,SSE,2023-10-16,1.003,1.003,0.981,0.985,1.0030000000000006,1.0030000000000006,0.9810000000000006,0.9850000000000005,1.0000000000000007,41931800.0,41471056.0,腾讯日K,2026-08-07T17:30:13,20260926T093659
516150,稀土ETF嘉实,SSE,2023-10-17,0.983,0.988,0.978,0.982,0.9830000000000007,0.9880000000000007,0.9780000000000006,0.9820000000000005,1.0000000000000007,57730000.0,56659280.0,腾讯日K,2026-08-07T17:30:13,20260926T093659
516150,稀土ETF嘉实,SSE,2023-10-18,0.98,0.98,0.96,0.961,0.9800000000000006,0.9800000000000006,0.9600000000000006,0.9610000000000005,1.0000000000000007,56463700.0,54546525.0,腾讯日K,2026-08-07T17:30:13,20260926T093659
516150,稀土ETF嘉实,SSE,2023-10-19,0.959,0.967,0.949,0.951,0.9590000000000006,0.9670000000000006,0.9490000000000006,0.9510000000000005,1.0000000000000007,44949000.0,43003829.0,腾讯日K,2026-08-07T17:30:13,20260926T093659
516150,稀土ETF嘉实,SSE,2023-10-20,0.948,0.958,0.945,0.949,0.9480000000000006,0.9580000000000006,0.9450000000000006,0.9490000000000005,1.0000000000000007,46399900.0,44109020.0,腾讯日K,2026-08-07T17:30:13,20260926T093659
516150,稀土ETF嘉实,SSE,2023-10-23,0.943,0.949,0.911,0.917,0.9430000000000006,0.9490000000000006,0.9110000000000006,0.9170000000000006,1.0000000000000007,55878100.0,51781719.0,腾讯日K,2026-08-07T17:30:13,20260926T093659
516150,稀土ETF嘉实,SSE,2023-10-24,0.92,0.946,0.913,0.937,0.9200000000000005,0.9460000000000004,0.9130000000000005,0.9370000000000005,1.0000000000000004,71680300.0,66416603.0,腾讯日K,2026-08-07T17:30:13,20260926T093659
516150,稀土ETF嘉实,SSE,2023-10-25,0.932,0.948,0.932,0.942,0.9320000000000005,0.9480000000000004,0.9320000000000005,0.9420000000000004,1.0000000000000004,37944200.0,35816039.0,腾讯日K,2026-08-07T17:30:13,20260926T093659
516150,稀土ETF嘉实,SSE,2023-10-26,0.942,0.951,0.929,0.95,0.9420000000000004,0.9510000000000004,0.9290000000000005,0.9500000000000004,1.0000000000000004,45796600.0,42966641.0,腾讯日K,2026-08-07T17:30:13,20260926T093659
516150,稀土ETF嘉实,SSE,2023-10-27,0.949,0.969,0.943,0.966,0.9490000000000006,0.9690000000000006,0.9430000000000006,0.9660000000000005,1.0000000000000007,50234000.0,48132850.0,腾讯日K,2026-08-07T17:30:13,20260926T093659
516150,稀土ETF嘉实,SSE,2023-10-30,0.966,0.977,0.962,0.974,0.9660000000000004,0.9770000000000004,0.9620000000000004,0.9740000000000004,1.0000000000000004,67082800.0,65285071.0,腾讯日K,2026-08-07T17:30:13,20260926T093659
516150,稀土ETF嘉实,SSE,2023-10-31,0.974,0.981,0.968,0.974,0.9740000000000004,0.9810000000000004,0.9680000000000004,0.9740000000000004,1.0000000000000004,56967400.0,55428816.0,腾讯日K,2026-08-07T17:30:13,20260926T093659
516150,稀土ETF嘉实,SSE,2023-11-01,0.975,0.978,0.968,0.975,0.9750000000000006,0.9780000000000006,0.9680000000000006,0.9750000000000005,1.0000000000000007,38159500.0,37109428.0,腾讯日K,2026-08-07T17:30:13,20260926T093659
516150,稀土ETF嘉实,SSE,2023-11-02,0.975,0.979,0.963,0.964,0.9750000000000006,0.9790000000000006,0.9630000000000006,0.9640000000000005,1.0000000000000007,54632900.0,52992627.0,腾讯日K,2026-08-07T17:30:13,20260926T093659
516150,稀土ETF嘉实,SSE,2023-11-03,0.963,0.981,0.963,0.976,0.9630000000000006,0.9810000000000006,0.9630000000000006,0.9760000000000005,1.0000000000000007,53463400.0,52113210.0,腾讯日K,2026-08-07T17:30:13,20260926T093659
516150,稀土ETF嘉实,SSE,2023-11-06,0.984,0.998,0.984,0.996,0.9840000000000007,0.9980000000000007,0.9840000000000007,0.9960000000000006,1.0000000000000007,79032700.0,78411918.0,腾讯日K,2026-08-07T17:30:13,20260926T093659
516150,稀土ETF嘉实,SSE,2023-11-07,0.996,1.0,0.988,0.997,0.9960000000000007,1.0000000000000007,0.9880000000000007,0.9970000000000006,1.0000000000000007,51354400.0,50978870.0,腾讯日K,2026-08-07T17:30:13,20260926T093659
516150,稀土ETF嘉实,SSE,2023-11-08,0.997,0.997,0.985,0.991,0.9970000000000007,0.9970000000000007,0.9850000000000007,0.9910000000000007,1.0000000000000007,50964700.0,50616019.0,腾讯日K,2026-08-07T17:30:13,20260926T093659
516150,稀土ETF嘉实,SSE,2023-11-09,0.987,0.997,0.987,0.993,0.9870000000000007,0.9970000000000007,0.9870000000000007,0.9930000000000005,1.0000000000000007,61337400.0,60920342.0,腾讯日K,2026-08-07T17:30:13,20260926T093659
516150,稀土ETF嘉实,SSE,2023-11-10,0.988,0.991,0.983,0.987,0.9880000000000004,0.9910000000000004,0.9830000000000004,0.9870000000000004,1.0000000000000004,50149900.0,49500492.0,腾讯日K,2026-08-07T17:30:13,20260926T093659
516150,稀土ETF嘉实,SSE,2023-11-13,0.988,0.995,0.987,0.993,0.9880000000000004,0.9950000000000004,0.9870000000000004,0.9930000000000004,1.0000000000000004,69551600.0,68865271.0,腾讯日K,2026-08-07T17:30:13,20260926T093659
516150,稀土ETF嘉实,SSE,2023-11-14,0.995,1.0,0.99,0.995,0.9950000000000007,1.0000000000000007,0.9900000000000007,0.9950000000000006,1.0000000000000007,50459700.0,50210932.0,腾讯日K,2026-08-07T17:30:13,20260926T093659
516150,稀土ETF嘉实,SSE,2023-11-15,1.0,1.011,1.0,1.009,1.0000000000000007,1.0110000000000006,1.0000000000000007,1.0090000000000006,1.0000000000000007,55249000.0,55598186.0,腾讯日K,2026-08-07T17:30:13,20260926T093659
516150,稀土ETF嘉实,SSE,2023-11-16,1.009,1.009,0.994,0.994,1.0090000000000006,1.0090000000000006,0.9940000000000007,0.9940000000000007,1.0000000000000007,52675300.0,52590055.0,腾讯日K,2026-08-07T17:30:13,20260926T093659
516150,稀土ETF嘉实,SSE,2023-11-17,0.99,1.001,0.99,0.999,0.9900000000000009,1.0010000000000008,0.9900000000000009,0.9990000000000009,1.0000000000000009,52986500.0,52785261.0,腾讯日K,2026-08-07T17:30:13,20260926T093659
516150,稀土ETF嘉实,SSE,2023-11-20,1.0,1.009,0.992,1.008,1.0000000000000007,1.0090000000000006,0.9920000000000007,1.0080000000000007,1.0000000000000007,61578500.0,61497701.0,腾讯日K,2026-08-07T17:30:13,20260926T093659
516150,稀土ETF嘉实,SSE,2023-11-21,1.008,1.014,0.999,1.001,1.008000000000001,1.014000000000001,0.9990000000000009,1.0010000000000008,1.0000000000000009,33070100.0,33312971.0,腾讯日K,2026-08-07T17:30:13,20260926T093659
516150,稀土ETF嘉实,SSE,2023-11-22,0.998,0.999,0.98,0.981,0.9980000000000009,0.9990000000000009,0.9800000000000009,0.9810000000000008,1.0000000000000009,45391700.0,44915539.0,腾讯日K,2026-08-07T17:30:13,20260926T093659
516150,稀土ETF嘉实,SSE,2023-11-23,0.975,0.99,0.975,0.988,0.9750000000000009,0.9900000000000009,0.9750000000000009,0.9880000000000009,1.0000000000000009,36537300.0,35869183.0,腾讯日K,2026-08-07T17:30:13,20260926T093659
516150,稀土ETF嘉实,SSE,2023-11-24,0.984,0.99,0.974,0.976,0.9840000000000009,0.9900000000000009,0.9740000000000009,0.9760000000000009,1.0000000000000009,47750300.0,46720490.0,腾讯日K,2026-08-07T17:30:13,20260926T093659
516150,稀土ETF嘉实,SSE,2023-11-27,0.971,0.975,0.963,0.969,0.9710000000000009,0.9750000000000009,0.9630000000000009,0.9690000000000009,1.0000000000000009,37473000.0,36260889.0,腾讯日K,2026-08-07T17:30:13,20260926T093659
516150,稀土ETF嘉实,SSE,2023-11-28,0.974,0.975,0.963,0.975,0.9740000000000009,0.9750000000000009,0.9630000000000009,0.9750000000000009,1.0000000000000009,33018900.0,31972746.0,腾讯日K,2026-08-07T17:30:13,20260926T093659
516150,稀土ETF嘉实,SSE,2023-11-29,0.975,0.981,0.97,0.974,0.9750000000000009,0.9810000000000009,0.9700000000000009,0.9740000000000009,1.0000000000000009,44893300.0,43833774.0,腾讯日K,2026-08-07T17:30:13,20260926T093659
516150,稀土ETF嘉实,SSE,2023-11-30,0.98,0.98,0.961,0.967,0.9800000000000009,0.9800000000000009,0.9610000000000009,0.9670000000000009,1.0000000000000009,37712700.0,36432703.0,腾讯日K,2026-08-07T17:30:13,20260926T093659
516150,稀土ETF嘉实,SSE,2023-12-01,0.964,0.967,0.955,0.963,0.9640000000000009,0.9670000000000009,0.9550000000000008,0.9630000000000009,1.0000000000000009,44756700.0,42972746.0,腾讯日K,2026-08-07T17:30:13,20260926T093659
516150,稀土ETF嘉实,SSE,2023-12-04,0.967,0.971,0.962,0.964,0.9670000000000009,0.9710000000000009,0.9620000000000009,0.9640000000000007,1.0000000000000009,44422000.0,42973739.0,腾讯日K,2026-08-07T17:30:13,20260926T093659
516150,稀土ETF嘉实,SSE,2023-12-05,0.967,0.967,0.945,0.946,0.9670000000000009,0.9670000000000009,0.9450000000000008,0.9460000000000007,1.0000000000000009,37829200.0,36175595.0,腾讯日K,2026-08-07T17:30:13,20260926T093659
516150,稀土ETF嘉实,SSE,2023-12-06,0.945,0.969,0.944,0.96,0.9450000000000006,0.9690000000000006,0.9440000000000006,0.9600000000000006,1.0000000000000007,47622000.0,45819850.0,腾讯日K,2026-08-07T17:30:13,20260926T093659
516150,稀土ETF嘉实,SSE,2023-12-07,0.96,0.96,0.947,0.955,0.9600000000000006,0.9600000000000006,0.9470000000000006,0.9550000000000006,1.0000000000000007,39435600.0,37526235.0,腾讯日K,2026-08-07T17:30:13,20260926T093659
516150,稀土ETF嘉实,SSE,2023-12-08,0.955,0.959,0.951,0.952,0.9550000000000006,0.9590000000000006,0.9510000000000006,0.9520000000000006,1.0000000000000007,34905900.0,33277946.0,腾讯日K,2026-08-07T17:30:13,20260926T093659
516150,稀土ETF嘉实,SSE,2023-12-11,0.955,0.958,0.938,0.956,0.9550000000000006,0.9580000000000006,0.9380000000000006,0.9560000000000006,1.0000000000000007,30874800.0,29149422.0,腾讯日K,2026-08-07T17:30:13,20260926T093659
516150,稀土ETF嘉实,SSE,2023-12-12,0.955,0.956,0.95,0.954,0.9550000000000008,0.9560000000000008,0.9500000000000008,0.9540000000000007,1.0000000000000009,31885300.0,30378217.0,腾讯日K,2026-08-07T17:30:13,20260926T093659
516150,稀土ETF嘉实,SSE,2023-12-13,0.956,0.956,0.941,0.942,0.9560000000000008,0.9560000000000008,0.9410000000000008,0.9420000000000007,1.0000000000000009,34980300.0,33146940.0,腾讯日K,2026-08-07T17:30:13,20260926T093659
516150,稀土ETF嘉实,SSE,2023-12-14,0.942,0.952,0.932,0.932,0.9420000000000008,0.9520000000000008,0.9320000000000008,0.9320000000000008,1.0000000000000009,33615900.0,31669729.0,腾讯日K,2026-08-07T17:30:13,20260926T093659
516150,稀土ETF嘉实,SSE,2023-12-15,0.936,0.942,0.928,0.929,0.9360000000000008,0.9420000000000008,0.9280000000000008,0.9290000000000008,1.0000000000000009,30530400.0,28544475.0,腾讯日K,2026-08-07T17:30:13,20260926T093659
516150,稀土ETF嘉实,SSE,2023-12-18,0.929,0.929,0.91,0.912,0.9290000000000008,0.9290000000000008,0.9100000000000008,0.9120000000000009,1.0000000000000009,29881700.0,27445063.0,腾讯日K,2026-08-07T17:30:13,20260926T093659
516150,稀土ETF嘉实,SSE,2023-12-19,0.917,0.917,0.902,0.909,0.9170000000000008,0.9170000000000008,0.9020000000000008,0.9090000000000009,1.0000000000000009,38141200.0,34681338.0,腾讯日K,2026-08-07T17:30:13,20260926T093659
516150,稀土ETF嘉实,SSE,2023-12-20,0.909,0.91,0.896,0.898,0.9090000000000008,0.9100000000000008,0.8960000000000008,0.8980000000000009,1.0000000000000009,36554000.0,33076446.0,腾讯日K,2026-08-07T17:30:13,20260926T093659
516150,稀土ETF嘉实,SSE,2023-12-21,0.895,0.912,0.889,0.908,0.895000000000001,0.912000000000001,0.889000000000001,0.908000000000001,1.000000000000001,36203100.0,32581016.0,腾讯日K,2026-08-07T17:30:13,20260926T093659
516150,稀土ETF嘉实,SSE,2023-12-22,0.907,0.927,0.9,0.919,0.907000000000001,0.927000000000001,0.900000000000001,0.919000000000001,1.000000000000001,43688100.0,39856506.0,腾讯日K,2026-08-07T17:30:13,20260926T093659
516150,稀土ETF嘉实,SSE,2023-12-25,0.919,0.927,0.916,0.926,0.919000000000001,0.927000000000001,0.916000000000001,0.926000000000001,1.000000000000001,30736500.0,28369435.0,腾讯日K,2026-08-07T17:30:13,20260926T093659
516150,稀土ETF嘉实,SSE,2023-12-26,0.928,0.928,0.911,0.914,0.928000000000001,0.928000000000001,0.911000000000001,0.914000000000001,1.000000000000001,32647400.0,29924055.0,腾讯日K,2026-08-07T17:30:13,20260926T093659
516150,稀土ETF嘉实,SSE,2023-12-27,0.91,0.92,0.907,0.919,0.910000000000001,0.920000000000001,0.907000000000001,0.919000000000001,1.000000000000001,31923400.0,29161271.0,腾讯日K,2026-08-07T17:30:13,20260926T093659
516150,稀土ETF嘉实,SSE,2023-12-28,0.916,0.948,0.916,0.944,0.9160000000000008,0.9480000000000008,0.9160000000000008,0.9440000000000008,1.0000000000000009,48331900.0,45280432.0,腾讯日K,2026-08-07T17:30:13,20260926T093659
516150,稀土ETF嘉实,SSE,2023-12-29,0.948,0.953,0.943,0.951,0.9480000000000008,0.9530000000000008,0.9430000000000008,0.9510000000000008,1.0000000000000009,32708000.0,31044388.0,腾讯日K,2026-08-07T17:30:13,20260926T093659
516150,稀土ETF嘉实,SSE,2024-01-02,0.954,0.955,0.947,0.951,0.9540000000000008,0.9550000000000008,0.9470000000000008,0.9510000000000008,1.0000000000000009,37926500.0,36117192.0,腾讯日K,2026-08-07T17:30:13,20260926T093659
516150,稀土ETF嘉实,SSE,2024-01-03,0.949,0.951,0.935,0.941,0.9490000000000008,0.9510000000000008,0.9350000000000008,0.9410000000000007,1.0000000000000009,38781000.0,36508752.0,腾讯日K,2026-08-07T17:30:13,20260926T093659
516150,稀土ETF嘉实,SSE,2024-01-04,0.937,0.94,0.921,0.927,0.9370000000000008,0.9400000000000008,0.9210000000000008,0.9270000000000009,1.0000000000000009,35085200.0,32585741.0,腾讯日K,2026-08-07T17:30:13,20260926T093659
516150,稀土ETF嘉实,SSE,2024-01-05,0.925,0.937,0.911,0.915,0.9250000000000008,0.9370000000000008,0.9110000000000008,0.9150000000000009,1.0000000000000009,29958400.0,27719113.0,腾讯日K,2026-08-07T17:30:13,20260926T093659
516150,稀土ETF嘉实,SSE,2024-01-08,0.91,0.916,0.893,0.893,0.9100000000000008,0.9160000000000008,0.8930000000000008,0.8930000000000009,1.0000000000000009,36908200.0,33306236.0,腾讯日K,2026-08-07T17:30:13,20260926T093659
516150,稀土ETF嘉实,SSE,2024-01-09,0.892,0.905,0.889,0.896,0.8920000000000008,0.9050000000000008,0.8890000000000008,0.8960000000000008,1.0000000000000009,32836000.0,29366520.0,腾讯日K,2026-08-07T17:30:13,20260926T093659
516150,稀土ETF嘉实,SSE,2024-01-10,0.895,0.907,0.883,0.894,0.8950000000000008,0.9070000000000008,0.8830000000000008,0.8940000000000008,1.0000000000000009,34320700.0,30708283.0,腾讯日K,2026-08-07T17:30:13,20260926T093659
516150,稀土ETF嘉实,SSE,2024-01-11,0.891,0.915,0.89,0.91,0.8910000000000008,0.9150000000000008,0.8900000000000008,0.9100000000000008,1.0000000000000009,34709500.0,31299122.0,腾讯日K,2026-08-07T17:30:13,20260926T093659
516150,稀土ETF嘉实,SSE,2024-01-12,0.908,0.918,0.904,0.904,0.9080000000000008,0.9180000000000008,0.9040000000000008,0.9040000000000009,1.0000000000000009,30999000.0,28168765.0,腾讯日K,2026-08-07T17:30:13,20260926T093659
516150,稀土ETF嘉实,SSE,2024-01-15,0.905,0.906,0.893,0.897,0.9050000000000008,0.9060000000000008,0.8930000000000008,0.8970000000000009,1.0000000000000009,27213500.0,24483078.0,腾讯日K,2026-08-07T17:30:13,20260926T093659
516150,稀土ETF嘉实,SSE,2024-01-16,0.896,0.903,0.882,0.894,0.8960000000000008,0.9030000000000008,0.8820000000000008,0.8940000000000009,1.0000000000000009,32260700.0,28795500.0,腾讯日K,2026-08-07T17:30:13,20260926T093659
516150,稀土ETF嘉实,SSE,2024-01-17,0.891,0.891,0.87,0.87,0.891000000000001,0.891000000000001,0.870000000000001,0.8700000000000009,1.000000000000001,30891600.0,27276491.0,腾讯日K,2026-08-07T17:30:13,20260926T093659
516150,稀土ETF嘉实,SSE,2024-01-18,0.868,0.87,0.841,0.866,0.868000000000001,0.870000000000001,0.8410000000000009,0.8660000000000009,1.000000000000001,40872600.0,34974056.0,腾讯日K,2026-08-07T17:30:13,20260926T093659
516150,稀土ETF嘉实,SSE,2024-01-19,0.87,0.879,0.861,0.862,0.8700000000000008,0.8790000000000008,0.8610000000000008,0.8620000000000008,1.0000000000000009,32752700.0,28443453.0,腾讯日K,2026-08-07T17:30:13,20260926T093659
516150,稀土ETF嘉实,SSE,2024-01-22,0.86,0.86,0.812,0.819,0.8600000000000008,0.8600000000000008,0.8120000000000007,0.8190000000000007,1.0000000000000009,41001200.0,34423479.0,腾讯日K,2026-08-07T17:30:13,20260926T093659
516150,稀土ETF嘉实,SSE,2024-01-23,0.819,0.833,0.806,0.829,0.8190000000000007,0.8330000000000007,0.8060000000000007,0.8290000000000007,1.0000000000000009,40226800.0,33099157.0,腾讯日K,2026-08-07T17:30:13,20260926T093659
516150,稀土ETF嘉实,SSE,2024-01-24,0.831,0.842,0.81,0.841,0.8310000000000007,0.8420000000000007,0.8100000000000007,0.8410000000000007,1.0000000000000009,36217700.0,30017505.0,腾讯日K,2026-08-07T17:30:13,20260926T093659
516150,稀土ETF嘉实,SSE,2024-01-25,0.836,0.869,0.836,0.869,0.8360000000000007,0.8690000000000008,0.8360000000000007,0.8690000000000008,1.0000000000000009,42635800.0,36525849.0,腾讯日K,2026-08-07T17:30:13,20260926T093659
516150,稀土ETF嘉实,SSE,2024-01-26,0.872,0.875,0.86,0.863,0.872000000000001,0.875000000000001,0.860000000000001,0.8630000000000009,1.000000000000001,38487500.0,33399701.0,腾讯日K,2026-08-07T17:30:13,20260926T093659
516150,稀土ETF嘉实,SSE,2024-01-29,0.863,0.868,0.847,0.851,0.863000000000001,0.868000000000001,0.8470000000000009,0.8510000000000009,1.000000000000001,33701600.0,28897025.0,腾讯日K,2026-08-07T17:30:13,20260926T093659
516150,稀土ETF嘉实,SSE,2024-01-30,0.843,0.848,0.822,0.823,0.8430000000000007,0.8480000000000008,0.8220000000000007,0.8230000000000007,1.0000000000000009,32414700.0,27259399.0,腾讯日K,2026-08-07T17:30:13,20260926T093659
516150,稀土ETF嘉实,SSE,2024-01-31,0.818,0.825,0.798,0.801,0.8180000000000007,0.8250000000000007,0.7980000000000007,0.8010000000000007,1.0000000000000009,35332500.0,28679700.0,腾讯日K,2026-08-07T17:30:13,20260926T093659
516150,稀土ETF嘉实,SSE,2024-02-01,0.794,0.806,0.778,0.788,0.7940000000000007,0.8060000000000007,0.7780000000000007,0.7880000000000007,1.0000000000000009,43935700.0,34777384.0,腾讯日K,2026-08-07T17:30:13,20260926T093659
516150,稀土ETF嘉实,SSE,2024-02-02,0.789,0.795,0.731,0.756,0.7890000000000007,0.7950000000000007,0.7310000000000006,0.7560000000000007,1.0000000000000009,62664100.0,48057278.0,腾讯日K,2026-08-07T17:30:13,20260926T093659
516150,稀土ETF嘉实,SSE,2024-02-05,0.753,0.753,0.699,0.719,0.7530000000000007,0.7530000000000007,0.6990000000000006,0.7190000000000006,1.0000000000000009,57358900.0,41645511.0,腾讯日K,2026-08-07T17:30:13,20260926T093659
516150,稀土ETF嘉实,SSE,2024-02-06,0.711,0.779,0.71,0.775,0.7110000000000007,0.7790000000000009,0.7100000000000007,0.7750000000000008,1.000000000000001,75093100.0,56523819.0,腾讯日K,2026-08-07T17:30:13,20260926T093659
516150,稀土ETF嘉实,SSE,2024-02-07,0.777,0.853,0.777,0.851,0.7770000000000007,0.8530000000000008,0.7770000000000007,0.8510000000000008,1.0000000000000009,121551400.0,100612320.0,腾讯日K,2026-08-07T17:30:13,20260926T093659
516150,稀土ETF嘉实,SSE,2024-02-08,0.857,0.875,0.843,0.848,0.8570000000000008,0.8750000000000008,0.8430000000000007,0.8480000000000008,1.0000000000000009,83122600.0,71046111.0,腾讯日K,2026-08-07T17:30:13,20260926T093659
516150,稀土ETF嘉实,SSE,2024-02-19,0.84,0.853,0.835,0.846,0.8400000000000007,0.8530000000000008,0.8350000000000007,0.8460000000000006,1.0000000000000009,72958100.0,61524381.0,腾讯日K,2026-08-07T17:30:13,20260926T093659
516150,稀土ETF嘉实,SSE,2024-02-20,0.844,0.844,0.831,0.84,0.8440000000000007,0.8440000000000007,0.8310000000000007,0.8400000000000007,1.0000000000000009,42804800.0,35815318.0,腾讯日K,2026-08-07T17:30:13,20260926T093659
516150,稀土ETF嘉实,SSE,2024-02-21,0.838,0.866,0.832,0.845,0.8380000000000007,0.8660000000000008,0.8320000000000007,0.8450000000000008,1.0000000000000009,32478000.0,27749646.0,腾讯日K,2026-08-07T17:30:13,20260926T093659
516150,稀土ETF嘉实,SSE,2024-02-22,0.844,0.856,0.841,0.856,0.8440000000000007,0.8560000000000008,0.8410000000000007,0.8560000000000008,1.0000000000000009,26615600.0,22618163.0,腾讯日K,2026-08-07T17:30:13,20260926T093659
516150,稀土ETF嘉实,SSE,2024-02-23,0.859,0.863,0.847,0.863,0.8590000000000008,0.8630000000000008,0.8470000000000008,0.8630000000000008,1.0000000000000009,24846100.0,21236301.0,腾讯日K,2026-08-07T17:30:13,20260926T093659
516150,稀土ETF嘉实,SSE,2024-02-26,0.859,0.878,0.859,0.867,0.859000000000001,0.878000000000001,0.859000000000001,0.8670000000000009,1.000000000000001,30897000.0,26897115.0,腾讯日K,2026-08-07T17:30:13,20260926T093659
516150,稀土ETF嘉实,SSE,2024-02-27,0.866,0.884,0.862,0.883,0.866000000000001,0.884000000000001,0.862000000000001,0.8830000000000009,1.000000000000001,31693300.0,27622097.0,腾讯日K,2026-08-07T17:30:13,20260926T093659
516150,稀土ETF嘉实,SSE,2024-02-28,0.88,0.906,0.856,0.856,0.880000000000001,0.906000000000001,0.856000000000001,0.8560000000000009,1.000000000000001,38320900.0,33997725.0,腾讯日K,2026-08-07T17:30:13,20260926T093659
516150,稀土ETF嘉实,SSE,2024-02-29,0.85,0.882,0.848,0.882,0.8500000000000009,0.882000000000001,0.8480000000000009,0.8820000000000009,1.000000000000001,39134600.0,34093065.0,腾讯日K,2026-08-07T17:30:13,20260926T093659
516150,稀土ETF嘉实,SSE,2024-03-01,0.878,0.893,0.877,0.89,0.8780000000000008,0.8930000000000008,0.8770000000000008,0.8900000000000008,1.0000000000000009,26291300.0,23325032.0,腾讯日K,2026-08-07T17:30:13,20260926T093659
516150,稀土ETF嘉实,SSE,2024-03-04,0.895,0.901,0.884,0.89,0.8950000000000008,0.9010000000000008,0.8840000000000008,0.8900000000000008,1.0000000000000009,27338000.0,24354379.0,腾讯日K,2026-08-07T17:30:13,20260926T093659
516150,稀土ETF嘉实,SSE,2024-03-05,0.886,0.905,0.881,0.889,0.8860000000000008,0.9050000000000008,0.8810000000000008,0.8890000000000008,1.0000000000000009,25432200.0,22678252.0,腾讯日K,2026-08-07T17:30:13,20260926T093659
516150,稀土ETF嘉实,SSE,2024-03-06,0.889,0.899,0.877,0.892,0.8890000000000006,0.8990000000000006,0.8770000000000006,0.8920000000000006,1.0000000000000007,23855500.0,21252572.0,腾讯日K,2026-08-07T17:30:13,20260926T093659
516150,稀土ETF嘉实,SSE,2024-03-07,0.892,0.927,0.892,0.904,0.8920000000000006,0.9270000000000007,0.8920000000000006,0.9040000000000007,1.0000000000000007,57529300.0,52403896.0,腾讯日K,2026-08-07T17:30:13,20260926T093659
516150,稀土ETF嘉实,SSE,2024-03-08,0.904,0.908,0.89,0.908,0.9040000000000006,0.9080000000000006,0.8900000000000006,0.9080000000000006,1.0000000000000007,42884000.0,38535707.0,腾讯日K,2026-08-07T17:30:13,20260926T093659
516150,稀土ETF嘉实,SSE,2024-03-11,0.908,0.925,0.908,0.923,0.9080000000000006,0.9250000000000007,0.9080000000000006,0.9230000000000006,1.0000000000000007,30296600.0,27736433.0,腾讯日K,2026-08-07T17:30:13,20260926T093659
516150,稀土ETF嘉实,SSE,2024-03-12,0.926,0.926,0.908,0.915,0.9260000000000005,0.9260000000000005,0.9080000000000005,0.9150000000000005,1.0000000000000004,20186100.0,18454975.0,腾讯日K,2026-08-07T17:30:13,20260926T093659
516150,稀土ETF嘉实,SSE,2024-03-13,0.914,0.922,0.909,0.914,0.9140000000000005,0.9220000000000005,0.9090000000000005,0.9140000000000005,1.0000000000000004,211521500.0,193657853.0,腾讯日K,2026-08-07T17:30:13,20260926T093659
516150,稀土ETF嘉实,SSE,2024-03-14,0.913,0.93,0.903,0.913,0.9130000000000005,0.9300000000000005,0.9030000000000005,0.9130000000000005,1.0000000000000004,25282300.0,23216675.0,腾讯日K,2026-08-07T17:30:13,20260926T093659
516150,稀土ETF嘉实,SSE,2024-03-15,0.91,0.939,0.901,0.939,0.9100000000000006,0.9390000000000006,0.9010000000000006,0.9390000000000005,1.0000000000000007,35297100.0,32585234.0,腾讯日K,2026-08-07T17:30:13,20260926T093659
516150,稀土ETF嘉实,SSE,2024-03-18,0.942,0.956,0.939,0.954,0.9420000000000006,0.9560000000000006,0.9390000000000006,0.9540000000000006,1.0000000000000007,33553700.0,31797419.0,腾讯日K,2026-08-07T17:30:13,20260926T093659
516150,稀土ETF嘉实,SSE,2024-03-19,0.958,0.984,0.951,0.967,0.9580000000000006,0.9840000000000007,0.9510000000000006,0.9670000000000005,1.0000000000000007,43475300.0,42220016.0,腾讯日K,2026-08-07T17:30:13,20260926T093659
516150,稀土ETF嘉实,SSE,2024-03-20,0.965,0.968,0.958,0.967,0.9650000000000006,0.9680000000000006,0.9580000000000006,0.9670000000000005,1.0000000000000007,37630200.0,36227624.0,腾讯日K,2026-08-07T17:30:13,20260926T093659
516150,稀土ETF嘉实,SSE,2024-03-21,0.969,0.974,0.958,0.969,0.9690000000000006,0.9740000000000006,0.9580000000000006,0.9690000000000005,1.0000000000000007,31386300.0,30326330.0,腾讯日K,2026-08-07T17:30:13,20260926T093659
516150,稀土ETF嘉实,SSE,2024-03-22,0.965,0.965,0.942,0.946,0.9650000000000006,0.9650000000000006,0.9420000000000006,0.9460000000000005,1.0000000000000007,28626100.0,27241772.0,腾讯日K,2026-08-07T17:30:13,20260926T093659
516150,稀土ETF嘉实,SSE,2024-03-25,0.938,0.957,0.932,0.932,0.9380000000000004,0.9570000000000004,0.9320000000000005,0.9320000000000005,1.0000000000000004,31004200.0,29346587.0,腾讯日K,2026-08-07T17:30:13,20260926T093659
516150,稀土ETF嘉实,SSE,2024-03-26,0.932,0.937,0.914,0.929,0.9320000000000005,0.9370000000000005,0.9140000000000005,0.9290000000000005,1.0000000000000004,31371100.0,29085440.0,腾讯日K,2026-08-07T17:30:13,20260926T093659
516150,稀土ETF嘉实,SSE,2024-03-27,0.924,0.929,0.899,0.9,0.9240000000000005,0.9290000000000005,0.8990000000000005,0.9000000000000005,1.0000000000000004,33095500.0,30210898.0,腾讯日K,2026-08-07T17:30:13,20260926T093659
516150,稀土ETF嘉实,SSE,2024-03-28,0.903,0.929,0.9,0.92,0.9030000000000005,0.9290000000000005,0.9000000000000005,0.9200000000000004,1.0000000000000004,34902800.0,31966453.0,腾讯日K,2026-08-07T17:30:13,20260926T093659
516150,稀土ETF嘉实,SSE,2024-03-29,0.919,0.938,0.919,0.937,0.9190000000000005,0.9380000000000004,0.9190000000000005,0.9370000000000004,1.0000000000000004,34117800.0,31784830.0,腾讯日K,2026-08-07T17:30:13,20260926T093659
516150,稀土ETF嘉实,SSE,2024-04-01,0.944,0.958,0.937,0.954,0.9440000000000004,0.9580000000000004,0.9370000000000005,0.9540000000000004,1.0000000000000004,25615700.0,24386497.0,腾讯日K,2026-08-07T17:30:13,20260926T093659
516150,稀土ETF嘉实,SSE,2024-04-02,0.957,0.964,0.95,0.963,0.9570000000000006,0.9640000000000006,0.9500000000000006,0.9630000000000005,1.0000000000000007,24167800.0,23106543.0,腾讯日K,2026-08-07T17:30:13,20260926T093659
516150,稀土ETF嘉实,SSE,2024-04-03,0.962,0.989,0.956,0.979,0.9620000000000006,0.9890000000000007,0.9560000000000006,0.9790000000000005,1.0000000000000007,52514900.0,51327395.0,腾讯日K,2026-08-07T17:30:13,20260926T093659
516150,稀土ETF嘉实,SSE,2024-04-08,0.98,0.993,0.961,0.961,0.9800000000000006,0.9930000000000007,0.9610000000000006,0.9610000000000005,1.0000000000000007,60498300.0,59448718.0,腾讯日K,2026-08-07T17:30:13,20260926T093659
516150,稀土ETF嘉实,SSE,2024-04-09,0.958,1.001,0.956,0.998,0.9580000000000006,1.0010000000000006,0.9560000000000006,0.9980000000000006,1.0000000000000007,75381100.0,74228374.0,腾讯日K,2026-08-07T17:30:13,20260926T093659
516150,稀土ETF嘉实,SSE,2024-04-10,0.996,0.996,0.958,0.968,0.9960000000000007,0.9960000000000007,0.9580000000000006,0.9680000000000005,1.0000000000000007,65959100.0,63972514.0,腾讯日K,2026-08-07T17:30:13,20260926T093659
516150,稀土ETF嘉实,SSE,2024-04-11,0.958,0.979,0.948,0.962,0.9580000000000006,0.9790000000000006,0.9480000000000006,0.9620000000000005,1.0000000000000007,76634500.0,73929797.0,腾讯日K,2026-08-07T17:30:13,20260926T093659
516150,稀土ETF嘉实,SSE,2024-04-12,0.962,0.969,0.953,0.955,0.9620000000000006,0.9690000000000006,0.9530000000000006,0.9550000000000005,1.0000000000000007,29168900.0,28043656.0,腾讯日K,2026-08-07T17:30:13,20260926T093659
516150,稀土ETF嘉实,SSE,2024-04-15,0.955,0.958,0.923,0.947,0.9550000000000006,0.9580000000000006,0.9230000000000007,0.9470000000000005,1.0000000000000007,62901200.0,59445105.0,腾讯日K,2026-08-07T17:30:13,20260926T093659
516150,稀土ETF嘉实,SSE,2024-04-16,0.937,0.946,0.904,0.906,0.9370000000000005,0.9460000000000004,0.9040000000000005,0.9060000000000005,1.0000000000000004,39028400.0,36092986.0,腾讯日K,2026-08-07T17:30:13,20260926T093659
516150,稀土ETF嘉实,SSE,2024-04-17,0.904,0.942,0.904,0.941,0.9040000000000005,0.9420000000000004,0.9040000000000005,0.9410000000000004,1.0000000000000004,40109500.0,37285473.0,腾讯日K,2026-08-07T17:30:13,20260926T093659
516150,稀土ETF嘉实,SSE,2024-04-18,0.941,0.95,0.927,0.943,0.9410000000000004,0.9500000000000004,0.9270000000000005,0.9430000000000004,1.0000000000000004,30784800.0,28950416.0,腾讯日K,2026-08-07T17:30:13,20260926T093659
516150,稀土ETF嘉实,SSE,2024-04-19,0.939,0.946,0.918,0.924,0.9390000000000004,0.9460000000000004,0.9180000000000005,0.9240000000000005,1.0000000000000004,61830800.0,57279681.0,腾讯日K,2026-08-07T17:30:13,20260926T093659
516150,稀土ETF嘉实,SSE,2024-04-22,0.925,0.93,0.91,0.911,0.9250000000000005,0.9300000000000005,0.9100000000000005,0.9110000000000004,1.0000000000000004,57851200.0,53260796.0,腾讯日K,2026-08-07T17:30:13,20260926T093659
516150,稀土ETF嘉实,SSE,2024-04-23,0.905,0.91,0.886,0.887,0.9050000000000005,0.9100000000000005,0.8860000000000005,0.8870000000000003,1.0000000000000004,35829000.0,32079676.0,腾讯日K,2026-08-07T17:30:13,20260926T093659
516150,稀土ETF嘉实,SSE,2024-04-24,0.886,0.913,0.884,0.912,0.8860000000000005,0.9130000000000005,0.8840000000000005,0.9120000000000005,1.0000000000000004,29550500.0,26528474.0,腾讯日K,2026-08-07T17:30:13,20260926T093659
516150,稀土ETF嘉实,SSE,2024-04-25,0.908,0.923,0.901,0.916,0.9080000000000005,0.9230000000000005,0.9010000000000005,0.9160000000000004,1.0000000000000004,35420500.0,32414918.0,腾讯日K,2026-08-07T17:30:13,20260926T093659
516150,稀土ETF嘉实,SSE,2024-04-26,0.913,0.933,0.909,0.931,0.9130000000000005,0.9330000000000005,0.9090000000000005,0.9310000000000005,1.0000000000000004,17926200.0,16549078.0,腾讯日K,2026-08-07T17:30:13,20260926T093659
516150,稀土ETF嘉实,SSE,2024-04-29,0.937,0.952,0.928,0.949,0.9370000000000005,0.9520000000000004,0.9280000000000005,0.9490000000000004,1.0000000000000004,25308700.0,23842772.0,腾讯日K,2026-08-07T17:30:13,20260926T093659
516150,稀土ETF嘉实,SSE,2024-04-30,0.949,0.95,0.927,0.93,0.9490000000000004,0.9500000000000004,0.9270000000000005,0.9300000000000005,1.0000000000000004,31294900.0,29182513.0,腾讯日K,2026-08-07T17:30:13,20260926T093659
516150,稀土ETF嘉实,SSE,2024-05-06,0.938,0.952,0.937,0.947,0.9380000000000004,0.9520000000000004,0.9370000000000005,0.9470000000000004,1.0000000000000004,30033200.0,28363525.0,腾讯日K,2026-08-07T17:30:13,20260926T093659
516150,稀土ETF嘉实,SSE,2024-05-07,0.95,0.961,0.95,0.955,0.9500000000000004,0.9610000000000004,0.9500000000000004,0.9550000000000003,1.0000000000000004,33619000.0,32115228.0,腾讯日K,2026-08-07T17:30:13,20260926T093659
516150,稀土ETF嘉实,SSE,2024-05-08,0.953,0.954,0.94,0.946,0.9530000000000004,0.9540000000000004,0.9400000000000004,0.9460000000000003,1.0000000000000004,46336600.0,43838861.0,腾讯日K,2026-08-07T17:30:13,20260926T093659
516150,稀土ETF嘉实,SSE,2024-05-09,0.946,0.976,0.946,0.971,0.9460000000000002,0.9760000000000002,0.9460000000000002,0.9710000000000002,1.0000000000000002,31713400.0,30632457.0,腾讯日K,2026-08-07T17:30:13,20260926T093659
516150,稀土ETF嘉实,SSE,2024-05-10,0.975,0.978,0.955,0.964,0.9750000000000002,0.9780000000000002,0.9550000000000002,0.9640000000000002,1.0000000000000002,38403800.0,36946896.0,腾讯日K,2026-08-07T17:30:13,20260926T093659
516150,稀土ETF嘉实,SSE,2024-05-13,0.955,0.955,0.938,0.946,0.9550000000000002,0.9550000000000002,0.9380000000000002,0.9460000000000002,1.0000000000000002,32539200.0,30775486.0,腾讯日K,2026-08-07T17:30:13,20260926T093659
516150,稀土ETF嘉实,SSE,2024-05-14,0.947,0.956,0.941,0.944,0.9470000000000002,0.9560000000000002,0.9410000000000002,0.9440000000000001,1.0000000000000002,27372500.0,25910334.0,腾讯日K,2026-08-07T17:30:13,20260926T093659
516150,稀土ETF嘉实,SSE,2024-05-15,0.94,0.947,0.929,0.93,0.9400000000000002,0.9470000000000002,0.9290000000000003,0.9300000000000002,1.0000000000000002,21361000.0,20014876.0,腾讯日K,2026-08-07T17:30:13,20260926T093659
516150,稀土ETF嘉实,SSE,2024-05-16,0.931,0.941,0.923,0.926,0.9310000000000003,0.9410000000000002,0.9230000000000003,0.9260000000000002,1.0000000000000002,23867300.0,22269528.0,腾讯日K,2026-08-07T17:30:13,20260926T093659
516150,稀土ETF嘉实,SSE,2024-05-17,0.928,0.94,0.921,0.939,0.9280000000000003,0.9400000000000002,0.9210000000000003,0.9390000000000002,1.0000000000000002,22238300.0,20638337.0,腾讯日K,2026-08-07T17:30:13,20260926T093659
516150,稀土ETF嘉实,SSE,2024-05-20,0.943,0.957,0.943,0.955,0.9430000000000002,0.9570000000000002,0.9430000000000002,0.9550000000000001,1.0000000000000002,40773000.0,38817289.0,腾讯日K,2026-08-07T17:30:13,20260926T093659
516150,稀土ETF嘉实,SSE,2024-05-21,0.957,0.957,0.933,0.935,0.9570000000000002,0.9570000000000002,0.9330000000000003,0.9350000000000002,1.0000000000000002,31131200.0,29269968.0,腾讯日K,2026-08-07T17:30:13,20260926T093659
516150,稀土ETF嘉实,SSE,2024-05-22,0.938,0.944,0.935,0.943,0.9380000000000002,0.9440000000000002,0.9350000000000003,0.9430000000000002,1.0000000000000002,23246000.0,21846573.0,腾讯日K,2026-08-07T17:30:13,20260926T093659
516150,稀土ETF嘉实,SSE,2024-05-23,0.935,0.942,0.912,0.915,0.9350000000000003,0.9420000000000002,0.9120000000000003,0.9150000000000003,1.0000000000000002,32687300.0,30082032.0,腾讯日K,2026-08-07T17:30:13,20260926T093659
516150,稀土ETF嘉实,SSE,2024-05-24,0.909,0.919,0.905,0.906,0.9090000000000005,0.9190000000000005,0.9050000000000005,0.9060000000000004,1.0000000000000004,30002900.0,27388220.0,腾讯日K,2026-08-07T17:30:13,20260926T093659
516150,稀土ETF嘉实,SSE,2024-05-27,0.906,0.915,0.899,0.914,0.9060000000000005,0.9150000000000005,0.8990000000000005,0.9140000000000004,1.0000000000000004,22785200.0,20602288.0,腾讯日K,2026-08-07T17:30:13,20260926T093659
516150,稀土ETF嘉实,SSE,2024-05-28,0.911,0.924,0.91,0.912,0.9110000000000005,0.9240000000000005,0.9100000000000005,0.9120000000000005,1.0000000000000004,31811600.0,29179629.0,腾讯日K,2026-08-07T17:30:13,20260926T093659
516150,稀土ETF嘉实,SSE,2024-05-29,0.912,0.933,0.911,0.926,0.9120000000000005,0.9330000000000005,0.9110000000000005,0.9260000000000004,1.0000000000000004,26075000.0,24119781.0,腾讯日K,2026-08-07T17:30:13,20260926T093659
516150,稀土ETF嘉实,SSE,2024-05-30,0.929,0.932,0.913,0.916,0.9290000000000005,0.9320000000000005,0.9130000000000005,0.9160000000000004,1.0000000000000004,32142700.0,29607530.0,腾讯日K,2026-08-07T17:30:13,20260926T093659
516150,稀土ETF嘉实,SSE,2024-05-31,0.915,0.918,0.91,0.912,0.9150000000000005,0.9180000000000005,0.9100000000000005,0.9120000000000004,1.0000000000000004,23039300.0,21065200.0,腾讯日K,2026-08-07T17:30:13,20260926T093659
516150,稀土ETF嘉实,SSE,2024-06-03,0.912,0.912,0.884,0.89,0.9120000000000005,0.9120000000000005,0.8840000000000005,0.8900000000000003,1.0000000000000004,34172400.0,30620831.0,腾讯日K,2026-08-07T17:30:13,20260926T093659
516150,稀土ETF嘉实,SSE,2024-06-04,0.892,0.897,0.883,0.896,0.8920000000000005,0.8970000000000005,0.8830000000000005,0.8960000000000004,1.0000000000000004,26189800.0,23333005.0,腾讯日K,2026-08-07T17:30:13,20260926T093659
516150,稀土ETF嘉实,SSE,2024-06-05,0.895,0.895,0.881,0.882,0.8950000000000005,0.8950000000000005,0.8810000000000004,0.8820000000000005,1.0000000000000004,25974500.0,23067845.0,腾讯日K,2026-08-07T17:30:13,20260926T093659
516150,稀土ETF嘉实,SSE,2024-06-06,0.885,0.892,0.864,0.867,0.8850000000000005,0.8920000000000005,0.8640000000000003,0.8670000000000004,1.0000000000000004,35829700.0,31314764.0,腾讯日K,2026-08-07T17:30:13,20260926T093659
516150,稀土ETF嘉实,SSE,2024-06-07,0.87,0.876,0.86,0.869,0.8700000000000003,0.8760000000000004,0.8600000000000003,0.8690000000000004,1.0000000000000004,25787200.0,22404427.0,腾讯日K,2026-08-07T17:30:13,20260926T093659
516150,稀土ETF嘉实,SSE,2024-06-11,0.863,0.87,0.854,0.868,0.8630000000000005,0.8700000000000006,0.8540000000000005,0.8680000000000005,1.0000000000000007,28218100.0,24288169.0,腾讯日K,2026-08-07T17:30:13,20260926T093659
516150,稀土ETF嘉实,SSE,2024-06-12,0.869,0.879,0.866,0.876,0.8690000000000005,0.8790000000000006,0.8660000000000005,0.8760000000000006,1.0000000000000007,26418100.0,23104206.0,腾讯日K,2026-08-07T17:30:13,20260926T093659
516150,稀土ETF嘉实,SSE,2024-06-13,0.879,0.879,0.862,0.866,0.8790000000000006,0.8790000000000006,0.8620000000000005,0.8660000000000007,1.0000000000000007,28542600.0,24774812.0,腾讯日K,2026-08-07T17:30:13,20260926T093659
516150,稀土ETF嘉实,SSE,2024-06-14,0.869,0.872,0.859,0.871,0.8690000000000005,0.8720000000000006,0.8590000000000005,0.8710000000000007,1.0000000000000007,27303900.0,23634281.0,腾讯日K,2026-08-07T17:30:13,20260926T093659
516150,稀土ETF嘉实,SSE,2024-06-17,0.872,0.877,0.865,0.869,0.8720000000000006,0.8770000000000006,0.8650000000000005,0.8690000000000007,1.0000000000000007,23769600.0,20716343.0,腾讯日K,2026-08-07T17:30:13,20260926T093659
516150,稀土ETF嘉实,SSE,2024-06-18,0.872,0.884,0.87,0.882,0.8720000000000006,0.8840000000000006,0.8700000000000006,0.8820000000000007,1.0000000000000007,23468500.0,20606006.0,腾讯日K,2026-08-07T17:30:13,20260926T093659
516150,稀土ETF嘉实,SSE,2024-06-19,0.883,0.887,0.871,0.872,0.8830000000000006,0.8870000000000006,0.8710000000000006,0.8720000000000007,1.0000000000000007,22758400.0,19973073.0,腾讯日K,2026-08-07T17:30:13,20260926T093659
516150,稀土ETF嘉实,SSE,2024-06-20,0.875,0.875,0.852,0.852,0.8750000000000008,0.8750000000000008,0.8520000000000008,0.8520000000000008,1.0000000000000009,26438800.0,22795058.0,腾讯日K,2026-08-07T17:30:13,20260926T093659
516150,稀土ETF嘉实,SSE,2024-06-21,0.85,0.857,0.846,0.849,0.8500000000000008,0.8570000000000008,0.8460000000000008,0.8490000000000008,1.0000000000000009,21858800.0,18607586.0,腾讯日K,2026-08-07T17:30:13,20260926T093659
516150,稀土ETF嘉实,SSE,2024-06-24,0.85,0.852,0.824,0.827,0.8500000000000008,0.8520000000000008,0.8240000000000007,0.8270000000000006,1.0000000000000009,28505200.0,23770426.0,腾讯日K,2026-08-07T17:30:13,20260926T093659
516150,稀土ETF嘉实,SSE,2024-06-25,0.824,0.834,0.821,0.827,0.8240000000000007,0.8340000000000007,0.8210000000000007,0.8270000000000006,1.0000000000000009,26925500.0,22320439.0,腾讯日K,2026-08-07T17:30:13,20260926T093659
516150,稀土ETF嘉实,SSE,2024-06-26,0.827,0.85,0.817,0.85,0.8270000000000005,0.8500000000000005,0.8170000000000005,0.8500000000000005,1.0000000000000007,29531200.0,24548160.0,腾讯日K,2026-08-07T17:30:13,20260926T093659
516150,稀土ETF嘉实,SSE,2024-06-27,0.853,0.853,0.833,0.834,0.8530000000000005,0.8530000000000005,0.8330000000000005,0.8340000000000005,1.0000000000000007,28071600.0,23650821.0,腾讯日K,2026-08-07T17:30:13,20260926T093659
516150,稀土ETF嘉实,SSE,2024-06-28,0.833,0.86,0.832,0.849,0.8330000000000007,0.8600000000000008,0.8320000000000007,0.8490000000000006,1.0000000000000009,40780000.0,34665447.0,腾讯日K,2026-08-07T17:30:13,20260926T093659
516150,稀土ETF嘉实,SSE,2024-07-01,0.871,0.883,0.861,0.868,0.8710000000000006,0.8830000000000006,0.8610000000000005,0.8680000000000005,1.0000000000000007,45090400.0,39201453.0,腾讯日K,2026-08-07T17:30:13,20260926T093659
516150,稀土ETF嘉实,SSE,2024-07-02,0.862,0.865,0.846,0.85,0.8620000000000005,0.8650000000000005,0.8460000000000005,0.8500000000000005,1.0000000000000007,33214700.0,28371137.0,腾讯日K,2026-08-07T17:30:13,20260926T093659
516150,稀土ETF嘉实,SSE,2024-07-03,0.852,0.852,0.838,0.84,0.8520000000000008,0.8520000000000008,0.8380000000000007,0.8400000000000006,1.0000000000000009,29148000.0,24574846.0,腾讯日K,2026-08-07T17:30:13,20260926T093659
516150,稀土ETF嘉实,SSE,2024-07-04,0.838,0.845,0.82,0.824,0.8380000000000005,0.8450000000000005,0.8200000000000005,0.8240000000000005,1.0000000000000007,29128700.0,24209754.0,腾讯日K,2026-08-07T17:30:13,20260926T093659
516150,稀土ETF嘉实,SSE,2024-07-05,0.82,0.836,0.813,0.833,0.8200000000000005,0.8360000000000005,0.8130000000000005,0.8330000000000005,1.0000000000000007,31569600.0,26042353.0,腾讯日K,2026-08-07T17:30:13,20260926T093659
516150,稀土ETF嘉实,SSE,2024-07-08,0.83,0.835,0.819,0.823,0.8300000000000003,0.8350000000000003,0.8190000000000003,0.8230000000000004,1.0000000000000004,34144900.0,28242353.0,腾讯日K,2026-08-07T17:30:13,20260926T093659
516150,稀土ETF嘉实,SSE,2024-07-09,0.823,0.842,0.812,0.839,0.8230000000000003,0.8420000000000003,0.8120000000000004,0.8390000000000003,1.0000000000000004,44896900.0,37078161.0,腾讯日K,2026-08-07T17:30:13,20260926T093659
516150,稀土ETF嘉实,SSE,2024-07-10,0.839,0.844,0.827,0.829,0.8390000000000003,0.8440000000000003,0.8270000000000003,0.8290000000000004,1.0000000000000004,28059200.0,23486712.0,腾讯日K,2026-08-07T17:30:13,20260926T093659
516150,稀土ETF嘉实,SSE,2024-07-11,0.835,0.857,0.835,0.856,0.8350000000000003,0.8570000000000003,0.8350000000000003,0.8560000000000004,1.0000000000000004,35870100.0,30483211.0,腾讯日K,2026-08-07T17:30:13,20260926T093659
516150,稀土ETF嘉实,SSE,2024-07-12,0.858,0.858,0.842,0.845,0.8580000000000003,0.8580000000000003,0.8420000000000003,0.8450000000000004,1.0000000000000004,29580500.0,25077987.0,腾讯日K,2026-08-07T17:30:13,20260926T093659
516150,稀土ETF嘉实,SSE,2024-07-15,0.845,0.845,0.834,0.838,0.8450000000000003,0.8450000000000003,0.8340000000000003,0.8380000000000004,1.0000000000000004,25159800.0,21089314.0,腾讯日K,2026-08-07T17:30:13,20260926T093659
516150,稀土ETF嘉实,SSE,2024-07-16,0.835,0.845,0.833,0.845,0.8350000000000003,0.8450000000000003,0.8330000000000003,0.8450000000000004,1.0000000000000004,30897400.0,25930037.0,腾讯日K,2026-08-07T17:30:13,20260926T093659
516150,稀土ETF嘉实,SSE,2024-07-17,0.845,0.848,0.83,0.831,0.8450000000000003,0.8480000000000003,0.8300000000000003,0.8310000000000004,1.0000000000000004,25100400.0,20937136.0,腾讯日K,2026-08-07T17:30:13,20260926T093659
516150,稀土ETF嘉实,SSE,2024-07-18,0.828,0.83,0.814,0.829,0.8280000000000005,0.8300000000000005,0.8140000000000005,0.8290000000000005,1.0000000000000007,30523000.0,25067345.0,腾讯日K,2026-08-07T17:30:13,20260926T093659
516150,稀土ETF嘉实,SSE,2024-07-19,0.824,0.836,0.819,0.831,0.8240000000000005,0.8360000000000005,0.8190000000000005,0.8310000000000005,1.0000000000000007,25949300.0,21494655.0,腾讯日K,2026-08-07T17:30:13,20260926T093659
516150,稀土ETF嘉实,SSE,2024-07-22,0.833,0.834,0.825,0.832,0.8330000000000007,0.8340000000000007,0.8250000000000007,0.8320000000000006,1.0000000000000009,25707700.0,21341222.0,腾讯日K,2026-08-07T17:30:13,20260926T093659
516150,稀土ETF嘉实,SSE,2024-07-23,0.829,0.832,0.806,0.807,0.8290000000000005,0.8320000000000005,0.8060000000000006,0.8070000000000006,1.0000000000000007,23390600.0,19195308.0,腾讯日K,2026-08-07T17:30:13,20260926T093659
516150,稀土ETF嘉实,SSE,2024-07-24,0.803,0.812,0.797,0.798,0.8030000000000006,0.8120000000000006,0.7970000000000006,0.7980000000000006,1.0000000000000007,26753100.0,21475582.0,腾讯日K,2026-08-07T17:30:13,20260926T093659
516150,稀土ETF嘉实,SSE,2024-07-25,0.793,0.808,0.792,0.8,0.7930000000000004,0.8080000000000004,0.7920000000000004,0.8000000000000005,1.0000000000000004,26963200.0,21536362.0,腾讯日K,2026-08-07T17:30:13,20260926T093659
516150,稀土ETF嘉实,SSE,2024-07-26,0.799,0.822,0.799,0.822,0.7990000000000004,0.8220000000000003,0.7990000000000004,0.8220000000000004,1.0000000000000004,36462600.0,29799262.0,腾讯日K,2026-08-07T17:30:13,20260926T093659
516150,稀土ETF嘉实,SSE,2024-07-29,0.823,0.824,0.814,0.82,0.8230000000000003,0.8240000000000003,0.8140000000000003,0.8200000000000004,1.0000000000000004,24663000.0,20198525.0,腾讯日K,2026-08-07T17:30:13,20260926T093659
516150,稀土ETF嘉实,SSE,2024-07-30,0.818,0.821,0.81,0.817,0.8180000000000005,0.8210000000000005,0.8100000000000006,0.8170000000000005,1.0000000000000007,34622600.0,28215475.0,腾讯日K,2026-08-07T17:30:13,20260926T093659
516150,稀土ETF嘉实,SSE,2024-07-31,0.82,0.848,0.817,0.848,0.8200000000000005,0.8480000000000005,0.8170000000000005,0.8480000000000005,1.0000000000000007,35988400.0,30095203.0,腾讯日K,2026-08-07T17:30:13,20260926T093659
516150,稀土ETF嘉实,SSE,2024-08-01,0.849,0.855,0.84,0.846,0.8490000000000003,0.8550000000000003,0.8400000000000003,0.8460000000000004,1.0000000000000004,35866500.0,30409338.0,腾讯日K,2026-08-07T17:30:13,20260926T093659
516150,稀土ETF嘉实,SSE,2024-08-02,0.845,0.846,0.832,0.835,0.8450000000000003,0.8460000000000003,0.8320000000000003,0.8350000000000004,1.0000000000000004,30327700.0,25442157.0,腾讯日K,2026-08-07T17:30:13,20260926T093659
516150,稀土ETF嘉实,SSE,2024-08-05,0.833,0.84,0.812,0.812,0.8330000000000003,0.8400000000000003,0.8120000000000004,0.8120000000000005,1.0000000000000004,57766400.0,47762951.0,腾讯日K,2026-08-07T17:30:13,20260926T093659
516150,稀土ETF嘉实,SSE,2024-08-06,0.816,0.826,0.812,0.821,0.8160000000000003,0.8260000000000003,0.8120000000000004,0.8210000000000004,1.0000000000000004,30674300.0,25144275.0,腾讯日K,2026-08-07T17:30:13,20260926T093659
516150,稀土ETF嘉实,SSE,2024-08-07,0.823,0.824,0.815,0.82,0.8230000000000003,0.8240000000000003,0.8150000000000003,0.8200000000000003,1.0000000000000004,30345200.0,24880823.0,腾讯日K,2026-08-07T17:30:13,20260926T093659
516150,稀土ETF嘉实,SSE,2024-08-08,0.816,0.823,0.807,0.817,0.8160000000000003,0.8230000000000003,0.8070000000000004,0.8170000000000004,1.0000000000000004,37304200.0,30446323.0,腾讯日K,2026-08-07T17:30:13,20260926T093659
516150,稀土ETF嘉实,SSE,2024-08-09,0.818,0.827,0.813,0.813,0.8180000000000003,0.8270000000000003,0.8130000000000003,0.8130000000000004,1.0000000000000004,37813600.0,30974862.0,腾讯日K,2026-08-07T17:30:13,20260926T093659
516150,稀土ETF嘉实,SSE,2024-08-12,0.813,0.815,0.806,0.81,0.8130000000000003,0.8150000000000003,0.8060000000000004,0.8100000000000005,1.0000000000000004,28709700.0,23276040.0,腾讯日K,2026-08-07T17:30:13,20260926T093659
516150,稀土ETF嘉实,SSE,2024-08-13,0.808,0.816,0.806,0.814,0.8080000000000004,0.8160000000000003,0.8060000000000004,0.8140000000000004,1.0000000000000004,22341000.0,18089381.0,腾讯日K,2026-08-07T17:30:13,20260926T093659
516150,稀土ETF嘉实,SSE,2024-08-14,0.814,0.815,0.804,0.806,0.8140000000000003,0.8150000000000003,0.8040000000000004,0.8060000000000005,1.0000000000000004,18024200.0,14585751.0,腾讯日K,2026-08-07T17:30:13,20260926T093659
516150,稀土ETF嘉实,SSE,2024-08-15,0.803,0.818,0.801,0.811,0.8030000000000006,0.8180000000000005,0.8010000000000006,0.8110000000000006,1.0000000000000007,27745600.0,22428429.0,腾讯日K,2026-08-07T17:30:13,20260926T093659
516150,稀土ETF嘉实,SSE,2024-08-16,0.815,0.816,0.805,0.806,0.8150000000000005,0.8160000000000005,0.8050000000000006,0.8060000000000006,1.0000000000000007,25654600.0,20808974.0,腾讯日K,2026-08-07T17:30:13,20260926T093659
516150,稀土ETF嘉实,SSE,2024-08-19,0.808,0.82,0.807,0.807,0.8080000000000006,0.8200000000000005,0.8070000000000006,0.8070000000000006,1.0000000000000007,29036200.0,23587840.0,腾讯日K,2026-08-07T17:30:13,20260926T093659
516150,稀土ETF嘉实,SSE,2024-08-20,0.809,0.81,0.792,0.795,0.8090000000000006,0.8100000000000006,0.7920000000000006,0.7950000000000006,1.0000000000000007,26980900.0,21585017.0,腾讯日K,2026-08-07T17:30:13,20260926T093659
516150,稀土ETF嘉实,SSE,2024-08-21,0.796,0.805,0.79,0.802,0.7960000000000006,0.8050000000000006,0.7900000000000006,0.8020000000000006,1.0000000000000007,24965400.0,19924232.0,腾讯日K,2026-08-07T17:30:13,20260926T093659
516150,稀土ETF嘉实,SSE,2024-08-22,0.799,0.804,0.788,0.79,0.7990000000000006,0.8040000000000006,0.7880000000000006,0.7900000000000005,1.0000000000000007,24131000.0,19184391.0,腾讯日K,2026-08-07T17:30:13,20260926T093659
516150,稀土ETF嘉实,SSE,2024-08-23,0.792,0.792,0.782,0.787,0.7920000000000006,0.7920000000000006,0.7820000000000006,0.7870000000000006,1.0000000000000007,19231600.0,15121486.0,腾讯日K,2026-08-07T17:30:13,20260926T093659
516150,稀土ETF嘉实,SSE,2024-08-26,0.788,0.808,0.788,0.804,0.7880000000000004,0.8080000000000004,0.7880000000000004,0.8040000000000005,1.0000000000000004,29338200.0,23544460.0,腾讯日K,2026-08-07T17:30:13,20260926T093659
516150,稀土ETF嘉实,SSE,2024-08-27,0.808,0.808,0.789,0.79,0.8080000000000006,0.8080000000000006,0.7890000000000006,0.7900000000000005,1.0000000000000007,34044700.0,27019489.0,腾讯日K,2026-08-07T17:30:13,20260926T093659
516150,稀土ETF嘉实,SSE,2024-08-28,0.785,0.8,0.785,0.795,0.7850000000000006,0.8000000000000006,0.7850000000000006,0.7950000000000006,1.0000000000000007,20801900.0,16510898.0,腾讯日K,2026-08-07T17:30:13,20260926T093659
516150,稀土ETF嘉实,SSE,2024-08-29,0.796,0.817,0.789,0.814,0.7960000000000004,0.8170000000000003,0.7890000000000004,0.8140000000000004,1.0000000000000004,38975900.0,31445568.0,腾讯日K,2026-08-07T17:30:13,20260926T093659
516150,稀土ETF嘉实,SSE,2024-08-30,0.813,0.837,0.813,0.827,0.8130000000000003,0.8370000000000003,0.8130000000000003,0.8270000000000003,1.0000000000000004,39604700.0,32754277.0,腾讯日K,2026-08-07T17:30:13,20260926T093659
516150,稀土ETF嘉实,SSE,2024-09-02,0.829,0.83,0.813,0.813,0.8290000000000003,0.8300000000000003,0.8130000000000003,0.8130000000000003,1.0000000000000004,53600200.0,44001885.0,腾讯日K,2026-08-07T17:30:13,20260926T093659
516150,稀土ETF嘉实,SSE,2024-09-03,0.814,0.829,0.812,0.822,0.8140000000000003,0.8290000000000003,0.8120000000000004,0.8220000000000003,1.0000000000000004,32131000.0,26334028.0,腾讯日K,2026-08-07T17:30:13,20260926T093659
516150,稀土ETF嘉实,SSE,2024-09-04,0.82,0.822,0.811,0.814,0.8200000000000003,0.8220000000000003,0.8110000000000004,0.8140000000000003,1.0000000000000004,29177800.0,23788552.0,腾讯日K,2026-08-07T17:30:13,20260926T093659
516150,稀土ETF嘉实,SSE,2024-09-05,0.814,0.825,0.812,0.815,0.8140000000000002,0.8250000000000002,0.8120000000000003,0.8150000000000002,1.0000000000000002,29160800.0,23798210.0,腾讯日K,2026-08-07T17:30:13,20260926T093659
516150,稀土ETF嘉实,SSE,2024-09-06,0.817,0.817,0.799,0.799,0.8170000000000002,0.8170000000000002,0.7990000000000003,0.7990000000000003,1.0000000000000002,22585900.0,18226433.0,腾讯日K,2026-08-07T17:30:13,20260926T093659
516150,稀土ETF嘉实,SSE,2024-09-09,0.799,0.801,0.791,0.793,0.7990000000000003,0.8010000000000003,0.7910000000000003,0.7930000000000003,1.0000000000000002,24935300.0,19843032.0,腾讯日K,2026-08-07T17:30:13,20260926T093659
516150,稀土ETF嘉实,SSE,2024-09-10,0.797,0.797,0.779,0.792,0.7970000000000003,0.7970000000000003,0.7790000000000002,0.7920000000000003,1.0000000000000002,30228300.0,23867886.0,腾讯日K,2026-08-07T17:30:13,20260926T093659
516150,稀土ETF嘉实,SSE,2024-09-11,0.787,0.801,0.787,0.796,0.7870000000000003,0.8010000000000003,0.7870000000000003,0.7960000000000002,1.0000000000000002,29915400.0,23772892.0,腾讯日K,2026-08-07T17:30:13,20260926T093659
516150,稀土ETF嘉实,SSE,2024-09-12,0.793,0.805,0.79,0.791,0.7930000000000003,0.8050000000000003,0.7900000000000003,0.7910000000000001,1.0000000000000002,32529600.0,25862807.0,腾讯日K,2026-08-07T17:30:13,20260926T093659
516150,稀土ETF嘉实,SSE,2024-09-13,0.79,0.794,0.778,0.779,0.7900000000000003,0.7940000000000003,0.7780000000000002,0.7790000000000001,1.0000000000000002,33766200.0,26526765.0,腾讯日K,2026-08-07T17:30:13,20260926T093659
516150,稀土ETF嘉实,SSE,2024-09-18,0.779,0.78,0.766,0.775,0.7790000000000002,0.7800000000000002,0.7660000000000002,0.7750000000000001,1.0000000000000002,30426400.0,23501760.0,腾讯日K,2026-08-07T17:30:13,20260926T093659
516150,稀土ETF嘉实,SSE,2024-09-19,0.776,0.8,0.772,0.797,0.776,0.8,0.772,0.797,1.0,29842000.0,23540902.0,腾讯日K,2026-08-07T17:30:13,20260926T093659
516150,稀土ETF嘉实,SSE,2024-09-20,0.802,0.802,0.79,0.795,0.802,0.802,0.79,0.795,1.0,29799400.0,23644393.0,腾讯日K,2026-08-07T17:30:13,20260926T093659
516150,稀土ETF嘉实,SSE,2024-09-23,0.795,0.8,0.789,0.791,0.795,0.8,0.789,0.791,1.0,30105100.0,23867947.0,腾讯日K,2026-08-07T17:30:13,20260926T093659
516150,稀土ETF嘉实,SSE,2024-09-24,0.792,0.822,0.792,0.821,0.792,0.822,0.792,0.821,1.0,48941900.0,39580320.0,腾讯日K,2026-08-07T17:30:13,20260926T093659
516150,稀土ETF嘉实,SSE,2024-09-25,0.829,0.849,0.825,0.827,0.8289999999999998,0.8489999999999999,0.8249999999999998,0.8269999999999998,0.9999999999999999,47353600.0,39647002.0,腾讯日K,2026-08-07T17:30:13,20260926T093659
516150,稀土ETF嘉实,SSE,2024-09-26,0.829,0.858,0.825,0.856,0.829,0.858,0.825,0.856,1.0,70987500.0,59476211.0,腾讯日K,2026-08-07T17:30:13,20260926T093659
516150,稀土ETF嘉实,SSE,2024-09-27,0.864,0.898,0.864,0.898,0.864,0.898,0.864,0.898,1.0,13603600.0,12002691.0,腾讯日K,2026-08-07T17:30:13,20260926T093659
516150,稀土ETF嘉实,SSE,2024-09-30,0.929,0.988,0.929,0.988,0.9290000000000003,0.9880000000000002,0.9290000000000003,0.9880000000000001,1.0000000000000002,64940900.0,62746739.0,腾讯日K,2026-08-07T17:30:13,20260926T093659
516150,稀土ETF嘉实,SSE,2024-10-08,1.087,1.087,1.001,1.065,1.087,1.087,1.001,1.065,1.0,90966000.0,95752657.0,腾讯日K,2026-08-07T17:30:13,20260926T093659
516150,稀土ETF嘉实,SSE,2024-10-09,1.055,1.055,0.964,0.964,1.055,1.055,0.964,0.964,1.0,58954700.0,58751570.0,腾讯日K,2026-08-07T17:30:13,20260926T093659
516150,稀土ETF嘉实,SSE,2024-10-10,0.961,1.009,0.956,0.981,0.961,1.009,0.956,0.981,1.0,90933100.0,89541745.0,腾讯日K,2026-08-07T17:30:13,20260926T093659
516150,稀土ETF嘉实,SSE,2024-10-11,0.981,0.981,0.929,0.939,0.981,0.981,0.929,0.939,1.0,34583500.0,32847792.0,腾讯日K,2026-08-07T17:30:13,20260926T093659
516150,稀土ETF嘉实,SSE,2024-10-14,0.938,0.964,0.93,0.962,0.938,0.964,0.93,0.962,1.0,43491300.0,41000287.0,腾讯日K,2026-08-07T17:30:13,20260926T093659
516150,稀土ETF嘉实,SSE,2024-10-15,0.963,0.966,0.939,0.939,0.963,0.966,0.939,0.939,1.0,35323900.0,33539327.0,腾讯日K,2026-08-07T17:30:13,20260926T093659
516150,稀土ETF嘉实,SSE,2024-10-16,0.929,0.946,0.925,0.933,0.929,0.946,0.925,0.933,1.0,26969000.0,25189903.0,腾讯日K,2026-08-07T17:30:13,20260926T093659
516150,稀土ETF嘉实,SSE,2024-10-17,0.931,0.948,0.925,0.926,0.931,0.948,0.925,0.926,1.0,32720600.0,30619048.0,腾讯日K,2026-08-07T17:30:13,20260926T093659
516150,稀土ETF嘉实,SSE,2024-10-18,0.925,0.978,0.922,0.96,0.925,0.978,0.922,0.96,1.0,42359500.0,40121961.0,腾讯日K,2026-08-07T17:30:13,20260926T093659
516150,稀土ETF嘉实,SSE,2024-10-21,0.966,0.988,0.957,0.976,0.966,0.988,0.957,0.976,1.0,34000000.0,33058982.0,腾讯日K,2026-08-07T17:30:13,20260926T093659
516150,稀土ETF嘉实,SSE,2024-10-22,0.976,1.005,0.972,1.0,0.9759999999999998,1.0049999999999997,0.9719999999999998,0.9999999999999998,0.9999999999999998,52695700.0,52351801.0,腾讯日K,2026-08-07T17:30:13,20260926T093659
516150,稀土ETF嘉实,SSE,2024-10-23,0.998,1.022,0.988,1.009,0.9979999999999998,1.0219999999999998,0.9879999999999998,1.0089999999999997,0.9999999999999998,41229000.0,41446921.0,腾讯日K,2026-08-07T17:30:13,20260926T093659
516150,稀土ETF嘉实,SSE,2024-10-24,1.006,1.006,0.987,0.992,1.0059999999999998,1.0059999999999998,0.9869999999999998,0.9919999999999998,0.9999999999999998,36354400.0,36041139.0,腾讯日K,2026-08-07T17:30:13,20260926T093659
516150,稀土ETF嘉实,SSE,2024-10-25,0.989,1.039,0.989,1.024,0.9889999999999995,1.0389999999999995,0.9889999999999995,1.0239999999999996,0.9999999999999996,61314000.0,62583831.0,腾讯日K,2026-08-07T17:30:13,20260926T093659
516150,稀土ETF嘉实,SSE,2024-10-28,1.024,1.038,1.024,1.037,1.0239999999999996,1.0379999999999996,1.0239999999999996,1.0369999999999995,0.9999999999999996,45715500.0,47167361.0,腾讯日K,2026-08-07T17:30:13,20260926T093659
516150,稀土ETF嘉实,SSE,2024-10-29,1.035,1.042,1.016,1.021,1.0349999999999995,1.0419999999999996,1.0159999999999996,1.0209999999999995,0.9999999999999996,52007400.0,53437460.0,腾讯日K,2026-08-07T17:30:13,20260926T093659
516150,稀土ETF嘉实,SSE,2024-10-30,1.026,1.03,1.008,1.022,1.0259999999999996,1.0299999999999996,1.0079999999999996,1.0219999999999996,0.9999999999999996,43116800.0,43917909.0,腾讯日K,2026-08-07T17:30:13,20260926T093659
516150,稀土ETF嘉实,SSE,2024-10-31,1.021,1.058,1.014,1.05,1.0209999999999997,1.0579999999999998,1.0139999999999998,1.0499999999999998,0.9999999999999998,48816100.0,50806330.0,腾讯日K,2026-08-07T17:30:13,20260926T093659
516150,稀土ETF嘉实,SSE,2024-11-01,1.058,1.155,1.051,1.14,1.0579999999999996,1.1549999999999996,1.0509999999999995,1.1399999999999995,0.9999999999999996,314432500.0,356393562.0,腾讯日K,2026-08-07T17:30:13,20260926T093659
516150,稀土ETF嘉实,SSE,2024-11-04,1.157,1.157,1.085,1.112,1.1569999999999998,1.1569999999999998,1.0849999999999997,1.1119999999999999,0.9999999999999998,248586900.0,275684764.0,腾讯日K,2026-08-07T17:30:13,20260926T093659
516150,稀土ETF嘉实,SSE,2024-11-05,1.087,1.183,1.085,1.166,1.0869999999999997,1.1829999999999998,1.0849999999999997,1.1659999999999997,0.9999999999999998,139324800.0,158156400.0,腾讯日K,2026-08-07T17:30:13,20260926T093659
516150,稀土ETF嘉实,SSE,2024-11-06,1.164,1.216,1.145,1.19,1.1639999999999995,1.2159999999999995,1.1449999999999996,1.1899999999999995,0.9999999999999997,130404200.0,154450199.0,腾讯日K,2026-08-07T17:30:13,20260926T093659
516150,稀土ETF嘉实,SSE,2024-11-07,1.188,1.201,1.165,1.186,1.1879999999999997,1.2009999999999998,1.1649999999999998,1.1859999999999997,0.9999999999999998,78285400.0,92590365.0,腾讯日K,2026-08-07T17:30:13,20260926T093659
516150,稀土ETF嘉实,SSE,2024-11-08,1.187,1.211,1.171,1.174,1.1869999999999996,1.2109999999999996,1.1709999999999996,1.1739999999999995,0.9999999999999997,74329400.0,88603775.0,腾讯日K,2026-08-07T17:30:13,20260926T093659
516150,稀土ETF嘉实,SSE,2024-11-11,1.16,1.194,1.156,1.191,1.1599999999999997,1.1939999999999997,1.1559999999999997,1.1909999999999998,0.9999999999999998,62229700.0,73480622.0,腾讯日K,2026-08-07T17:30:13,20260926T093659
516150,稀土ETF嘉实,SSE,2024-11-12,1.194,1.204,1.161,1.173,1.1939999999999995,1.2039999999999995,1.1609999999999996,1.1729999999999996,0.9999999999999997,69576700.0,82189475.0,腾讯日K,2026-08-07T17:30:13,20260926T093659
516150,稀土ETF嘉实,SSE,2024-11-13,1.168,1.2,1.165,1.183,1.1679999999999997,1.1999999999999997,1.1649999999999998,1.1829999999999998,0.9999999999999998,60147100.0,71084804.0,腾讯日K,2026-08-07T17:30:13,20260926T093659
516150,稀土ETF嘉实,SSE,2024-11-14,1.171,1.179,1.127,1.13,1.1709999999999996,1.1789999999999996,1.1269999999999996,1.1299999999999994,0.9999999999999996,73952200.0,85462626.0,腾讯日K,2026-08-07T17:30:13,20260926T093659
516150,稀土ETF嘉实,SSE,2024-11-15,1.127,1.134,1.095,1.097,1.1269999999999996,1.1339999999999995,1.0949999999999995,1.0969999999999995,0.9999999999999996,85577400.0,94827746.0,腾讯日K,2026-08-07T17:30:13,20260926T093659
516150,稀土ETF嘉实,SSE,2024-11-18,1.098,1.108,1.068,1.074,1.0979999999999999,1.1079999999999999,1.0679999999999998,1.0739999999999998,0.9999999999999998,53294900.0,58100168.0,腾讯日K,2026-08-07T17:30:13,20260926T093659
516150,稀土ETF嘉实,SSE,2024-11-19,1.072,1.097,1.059,1.094,1.0719999999999998,1.0969999999999998,1.0589999999999997,1.0939999999999999,0.9999999999999998,59920900.0,64448078.0,腾讯日K,2026-08-07T17:30:13,20260926T093659
516150,稀土ETF嘉实,SSE,2024-11-20,1.094,1.114,1.092,1.109,1.094,1.114,1.092,1.109,1.0,29933300.0,33060103.0,腾讯日K,2026-08-07T17:30:13,20260926T093659
516150,稀土ETF嘉实,SSE,2024-11-21,1.109,1.117,1.098,1.11,1.1089999999999998,1.1169999999999998,1.0979999999999999,1.1099999999999999,0.9999999999999998,27150700.0,30122300.0,腾讯日K,2026-08-07T17:30:13,20260926T093659
516150,稀土ETF嘉实,SSE,2024-11-22,1.107,1.14,1.095,1.107,1.107,1.14,1.095,1.107,1.0,59879200.0,66773673.0,腾讯日K,2026-08-07T17:30:13,20260926T093659
516150,稀土ETF嘉实,SSE,2024-11-25,1.098,1.121,1.094,1.113,1.0979999999999999,1.1209999999999998,1.0939999999999999,1.1129999999999998,0.9999999999999998,60420500.0,66879526.0,腾讯日K,2026-08-07T17:30:13,20260926T093659
516150,稀土ETF嘉实,SSE,2024-11-26,1.111,1.111,1.074,1.077,1.111,1.111,1.074,1.077,1.0,31383800.0,34160102.0,腾讯日K,2026-08-07T17:30:13,20260926T093659
516150,稀土ETF嘉实,SSE,2024-11-27,1.068,1.09,1.041,1.089,1.068,1.09,1.041,1.089,1.0,42515700.0,45246655.0,腾讯日K,2026-08-07T17:30:13,20260926T093659
516150,稀土ETF嘉实,SSE,2024-11-28,1.087,1.09,1.055,1.073,1.087,1.09,1.055,1.073,1.0,29980200.0,32397172.0,腾讯日K,2026-08-07T17:30:13,20260926T093659
516150,稀土ETF嘉实,SSE,2024-11-29,1.07,1.099,1.064,1.093,1.0700000000000003,1.0990000000000002,1.0640000000000003,1.0930000000000002,1.0000000000000002,44626100.0,48475515.0,腾讯日K,2026-08-07T17:30:13,20260926T093659
516150,稀土ETF嘉实,SSE,2024-12-02,1.093,1.116,1.089,1.116,1.093,1.116,1.089,1.116,1.0,76585000.0,84857443.0,腾讯日K,2026-08-07T17:30:13,20260926T093659
516150,稀土ETF嘉实,SSE,2024-12-03,1.116,1.126,1.109,1.12,1.116,1.126,1.109,1.12,1.0,58815500.0,65768376.0,腾讯日K,2026-08-07T17:30:13,20260926T093659
516150,稀土ETF嘉实,SSE,2024-12-04,1.151,1.151,1.11,1.118,1.151,1.151,1.11,1.118,1.0,53076400.0,59420610.0,腾讯日K,2026-08-07T17:30:13,20260926T093659
516150,稀土ETF嘉实,SSE,2024-12-05,1.106,1.115,1.101,1.111,1.1059999999999999,1.1149999999999998,1.1009999999999998,1.1109999999999998,0.9999999999999998,30771300.0,34103677.0,腾讯日K,2026-08-07T17:30:13,20260926T093659
516150,稀土ETF嘉实,SSE,2024-12-06,1.109,1.118,1.096,1.116,1.1089999999999998,1.1179999999999999,1.0959999999999999,1.1159999999999999,0.9999999999999998,27787000.0,30836416.0,腾讯日K,2026-08-07T17:30:13,20260926T093659
516150,稀土ETF嘉实,SSE,2024-12-09,1.112,1.122,1.096,1.102,1.1119999999999999,1.1219999999999999,1.0959999999999999,1.1019999999999999,0.9999999999999998,19842200.0,22031311.0,腾讯日K,2026-08-07T17:30:13,20260926T093659
516150,稀土ETF嘉实,SSE,2024-12-10,1.121,1.14,1.108,1.109,1.1209999999999998,1.1399999999999997,1.1079999999999999,1.1089999999999998,0.9999999999999998,52658400.0,59210394.0,腾讯日K,2026-08-07T17:30:13,20260926T093659
516150,稀土ETF嘉实,SSE,2024-12-11,1.108,1.121,1.102,1.119,1.1079999999999997,1.1209999999999996,1.1019999999999996,1.1189999999999996,0.9999999999999996,38201500.0,42622146.0,腾讯日K,2026-08-07T17:30:13,20260926T093659
516150,稀土ETF嘉实,SSE,2024-12-12,1.118,1.118,1.099,1.113,1.1179999999999997,1.1179999999999997,1.0989999999999995,1.1129999999999995,0.9999999999999996,28148000.0,31218275.0,腾讯日K,2026-08-07T17:30:13,20260926T093659
516150,稀土ETF嘉实,SSE,2024-12-13,1.111,1.111,1.086,1.087,1.1109999999999995,1.1109999999999995,1.0859999999999996,1.0869999999999995,0.9999999999999996,33791300.0,36971220.0,腾讯日K,2026-08-07T17:30:13,20260926T093659
516150,稀土ETF嘉实,SSE,2024-12-16,1.087,1.087,1.065,1.069,1.0869999999999995,1.0869999999999995,1.0649999999999995,1.0689999999999995,0.9999999999999996,20612700.0,22108219.0,腾讯日K,2026-08-07T17:30:13,20260926T093659
516150,稀土ETF嘉实,SSE,2024-12-17,1.066,1.078,1.058,1.061,1.0659999999999996,1.0779999999999996,1.0579999999999996,1.0609999999999995,0.9999999999999996,23721200.0,25348166.0,腾讯日K,2026-08-07T17:30:13,20260926T093659
516150,稀土ETF嘉实,SSE,2024-12-18,1.061,1.071,1.059,1.063,1.0609999999999995,1.0709999999999995,1.0589999999999995,1.0629999999999995,0.9999999999999996,32629800.0,34767043.0,腾讯日K,2026-08-07T17:30:13,20260926T093659
516150,稀土ETF嘉实,SSE,2024-12-19,1.055,1.069,1.045,1.067,1.0549999999999995,1.0689999999999995,1.0449999999999995,1.0669999999999995,0.9999999999999996,23441500.0,24777927.0,腾讯日K,2026-08-07T17:30:13,20260926T093659
516150,稀土ETF嘉实,SSE,2024-12-20,1.067,1.076,1.063,1.07,1.0669999999999995,1.0759999999999996,1.0629999999999995,1.0699999999999996,0.9999999999999996,32943900.0,35299358.0,腾讯日K,2026-08-07T17:30:13,20260926T093659
516150,稀土ETF嘉实,SSE,2024-12-23,1.069,1.07,1.046,1.049,1.0689999999999995,1.0699999999999996,1.0459999999999996,1.0489999999999995,0.9999999999999996,23462500.0,24759431.0,腾讯日K,2026-08-07T17:30:13,20260926T093659
516150,稀土ETF嘉实,SSE,2024-12-24,1.048,1.066,1.048,1.064,1.0479999999999996,1.0659999999999996,1.0479999999999996,1.0639999999999996,0.9999999999999996,48439000.0,51316755.0,腾讯日K,2026-08-07T17:30:13,20260926T093659
516150,稀土ETF嘉实,SSE,2024-12-25,1.071,1.071,1.042,1.048,1.0709999999999995,1.0709999999999995,1.0419999999999996,1.0479999999999996,0.9999999999999996,24936000.0,26157714.0,腾讯日K,2026-08-07T17:30:13,20260926T093659
516150,稀土ETF嘉实,SSE,2024-12-26,1.045,1.066,1.045,1.059,1.0449999999999995,1.0659999999999996,1.0449999999999995,1.0589999999999995,0.9999999999999996,20469200.0,21701658.0,腾讯日K,2026-08-07T17:30:13,20260926T093659
516150,稀土ETF嘉实,SSE,2024-12-27,1.06,1.077,1.057,1.064,1.0599999999999996,1.0769999999999995,1.0569999999999995,1.0639999999999996,0.9999999999999996,29816600.0,31857387.0,腾讯日K,2026-08-07T17:30:13,20260926T093659
516150,稀土ETF嘉实,SSE,2024-12-30,1.062,1.07,1.056,1.063,1.0619999999999998,1.0699999999999998,1.0559999999999998,1.0629999999999997,0.9999999999999998,22338700.0,23721243.0,腾讯日K,2026-08-07T17:30:13,20260926T093659
516150,稀土ETF嘉实,SSE,2024-12-31,1.062,1.067,1.027,1.028,1.0619999999999998,1.0669999999999997,1.0269999999999997,1.0279999999999998,0.9999999999999998,41426600.0,43131302.0,腾讯日K,2026-08-07T17:30:13,20260926T093659
516150,稀土ETF嘉实,SSE,2025-01-02,1.029,1.034,0.991,1.0,1.0289999999999997,1.0339999999999998,0.9909999999999998,0.9999999999999998,0.9999999999999998,27809100.0,28299082.0,腾讯日K,2026-08-07T17:30:13,20260926T093659
516150,稀土ETF嘉实,SSE,2025-01-03,1.0,1.017,0.983,0.985,0.9999999999999998,1.0169999999999997,0.9829999999999998,0.9849999999999998,0.9999999999999998,30612100.0,30651748.0,腾讯日K,2026-08-07T17:30:13,20260926T093659
516150,稀土ETF嘉实,SSE,2025-01-06,0.982,1.016,0.977,1.001,0.982,1.016,0.977,1.001,1.0,45223300.0,45212006.0,腾讯日K,2026-08-07T17:30:13,20260926T093659
516150,稀土ETF嘉实,SSE,2025-01-07,0.999,1.023,0.993,1.02,0.999,1.023,0.993,1.02,1.0,40388500.0,40957536.0,腾讯日K,2026-08-07T17:30:13,20260926T093659
516150,稀土ETF嘉实,SSE,2025-01-08,1.015,1.015,0.978,1.004,1.015,1.015,0.978,1.004,1.0,43314200.0,43127443.0,腾讯日K,2026-08-07T17:30:13,20260926T093659
516150,稀土ETF嘉实,SSE,2025-01-09,0.999,1.021,0.997,1.013,0.999,1.021,0.997,1.013,1.0,23777200.0,24116059.0,腾讯日K,2026-08-07T17:30:13,20260926T093659
516150,稀土ETF嘉实,SSE,2025-01-10,1.011,1.028,1.006,1.009,1.011,1.028,1.006,1.009,1.0,53449100.0,54115343.0,腾讯日K,2026-08-07T17:30:13,20260926T093659
516150,稀土ETF嘉实,SSE,2025-01-13,1.0,1.025,0.994,1.017,1.0,1.025,0.994,1.017,1.0,25022100.0,25365241.0,腾讯日K,2026-08-07T17:30:13,20260926T093659
516150,稀土ETF嘉实,SSE,2025-01-14,1.017,1.059,1.01,1.059,1.017,1.059,1.01,1.059,1.0,44984200.0,46914704.0,腾讯日K,2026-08-07T17:30:13,20260926T093659
516150,稀土ETF嘉实,SSE,2025-01-15,1.058,1.064,1.04,1.055,1.058,1.064,1.04,1.055,1.0,35300200.0,37107991.0,腾讯日K,2026-08-07T17:30:13,20260926T093659
516150,稀土ETF嘉实,SSE,2025-01-16,1.056,1.072,1.047,1.057,1.056,1.072,1.047,1.057,1.0,30705200.0,32560333.0,腾讯日K,2026-08-07T17:30:13,20260926T093659
516150,稀土ETF嘉实,SSE,2025-01-17,1.054,1.063,1.047,1.061,1.0540000000000003,1.0630000000000002,1.0470000000000002,1.0610000000000002,1.0000000000000002,21637400.0,22822406.0,腾讯日K,2026-08-07T17:30:13,20260926T093659
516150,稀土ETF嘉实,SSE,2025-01-20,1.065,1.065,1.05,1.053,1.065,1.065,1.05,1.053,1.0,25753800.0,27183741.0,腾讯日K,2026-08-07T17:30:13,20260926T093659
516150,稀土ETF嘉实,SSE,2025-01-21,1.053,1.061,1.038,1.048,1.053,1.061,1.038,1.048,1.0,25877700.0,27038929.0,腾讯日K,2026-08-07T17:30:13,20260926T093659
516150,稀土ETF嘉实,SSE,2025-01-22,1.048,1.051,1.038,1.043,1.048,1.051,1.038,1.043,1.0,23153700.0,24174287.0,腾讯日K,2026-08-07T17:30:13,20260926T093659
516150,稀土ETF嘉实,SSE,2025-01-23,1.054,1.067,1.04,1.041,1.054,1.067,1.04,1.041,1.0,30192200.0,31935042.0,腾讯日K,2026-08-07T17:30:13,20260926T093659
516150,稀土ETF嘉实,SSE,2025-01-24,1.038,1.062,1.036,1.061,1.038,1.062,1.036,1.061,1.0,28864600.0,30331264.0,腾讯日K,2026-08-07T17:30:13,20260926T093659
516150,稀土ETF嘉实,SSE,2025-01-27,1.064,1.064,1.035,1.036,1.064,1.064,1.035,1.036,1.0,19938500.0,20853843.0,腾讯日K,2026-08-07T17:30:13,20260926T093659
516150,稀土ETF嘉实,SSE,2025-02-05,1.054,1.061,1.04,1.057,1.054,1.061,1.04,1.057,1.0,28332400.0,29827324.0,腾讯日K,2026-08-07T17:30:13,20260926T093659
516150,稀土ETF嘉实,SSE,2025-02-06,1.052,1.11,1.052,1.106,1.052,1.11,1.052,1.106,1.0,43046900.0,46750890.0,腾讯日K,2026-08-07T17:30:13,20260926T093659
516150,稀土ETF嘉实,SSE,2025-02-07,1.106,1.123,1.1,1.113,1.1059999999999999,1.1229999999999998,1.0999999999999999,1.1129999999999998,0.9999999999999998,75726600.0,84314872.0,腾讯日K,2026-08-07T17:30:13,20260926T093659
516150,稀土ETF嘉实,SSE,2025-02-10,1.113,1.115,1.101,1.114,1.113,1.115,1.101,1.114,1.0,58615000.0,64889639.0,腾讯日K,2026-08-07T17:30:13,20260926T093659
516150,稀土ETF嘉实,SSE,2025-02-11,1.11,1.114,1.101,1.104,1.11,1.114,1.101,1.104,1.0,24728500.0,27339034.0,腾讯日K,2026-08-07T17:30:13,20260926T093659
516150,稀土ETF嘉实,SSE,2025-02-12,1.1,1.111,1.094,1.11,1.0999999999999999,1.1109999999999998,1.0939999999999999,1.1099999999999999,0.9999999999999998,27610200.0,30456378.0,腾讯日K,2026-08-07T17:30:13,20260926T093659
516150,稀土ETF嘉实,SSE,2025-02-13,1.107,1.113,1.085,1.085,1.107,1.113,1.085,1.085,1.0,35698800.0,39132625.0,腾讯日K,2026-08-07T17:30:13,20260926T093659
516150,稀土ETF嘉实,SSE,2025-02-14,1.084,1.099,1.079,1.086,1.0839999999999999,1.0989999999999998,1.0789999999999997,1.0859999999999999,0.9999999999999998,45373700.0,49325232.0,腾讯日K,2026-08-07T17:30:13,20260926T093659
516150,稀土ETF嘉实,SSE,2025-02-17,1.086,1.09,1.077,1.09,1.0859999999999999,1.0899999999999999,1.0769999999999997,1.0899999999999999,0.9999999999999998,38435300.0,41651161.0,腾讯日K,2026-08-07T17:30:13,20260926T093659
516150,稀土ETF嘉实,SSE,2025-02-18,1.09,1.091,1.067,1.074,1.0899999999999999,1.0909999999999997,1.0669999999999997,1.0739999999999998,0.9999999999999998,48094200.0,52104282.0,腾讯日K,2026-08-07T17:30:13,20260926T093659
516150,稀土ETF嘉实,SSE,2025-02-19,1.071,1.109,1.069,1.109,1.0709999999999997,1.1089999999999998,1.0689999999999997,1.1089999999999998,0.9999999999999998,43284100.0,47361691.0,腾讯日K,2026-08-07T17:30:13,20260926T093659
516150,稀土ETF嘉实,SSE,2025-02-20,1.114,1.131,1.113,1.124,1.1139999999999997,1.1309999999999996,1.1129999999999995,1.1239999999999997,0.9999999999999996,56547700.0,63550258.0,腾讯日K,2026-08-07T17:30:13,20260926T093659
516150,稀土ETF嘉实,SSE,2025-02-21,1.117,1.132,1.115,1.128,1.1169999999999998,1.1319999999999997,1.1149999999999998,1.1279999999999997,0.9999999999999998,53145700.0,59814551.0,腾讯日K,2026-08-07T17:30:13,20260926T093659
516150,稀土ETF嘉实,SSE,2025-02-24,1.128,1.138,1.117,1.132,1.1279999999999994,1.1379999999999995,1.1169999999999995,1.1319999999999995,0.9999999999999996,47372000.0,53546368.0,腾讯日K,2026-08-07T17:30:13,20260926T093659
516150,稀土ETF嘉实,SSE,2025-02-25,1.125,1.132,1.114,1.12,1.1249999999999996,1.1319999999999995,1.1139999999999997,1.1199999999999997,0.9999999999999996,29999200.0,33682783.0,腾讯日K,2026-08-07T17:30:13,20260926T093659
516150,稀土ETF嘉实,SSE,2025-02-26,1.119,1.143,1.119,1.135,1.1189999999999993,1.1429999999999993,1.1189999999999993,1.1349999999999993,0.9999999999999994,39105900.0,44336258.0,腾讯日K,2026-08-07T17:30:13,20260926T093659
516150,稀土ETF嘉实,SSE,2025-02-27,1.136,1.143,1.108,1.124,1.1359999999999992,1.1429999999999993,1.1079999999999994,1.1239999999999994,0.9999999999999994,42338500.0,47634217.0,腾讯日K,2026-08-07T17:30:13,20260926T093659
516150,稀土ETF嘉实,SSE,2025-02-28,1.115,1.121,1.094,1.098,1.1149999999999995,1.1209999999999996,1.0939999999999996,1.0979999999999996,0.9999999999999996,32594800.0,36077138.0,腾讯日K,2026-08-07T17:30:13,20260926T093659
516150,稀土ETF嘉实,SSE,2025-03-03,1.106,1.139,1.106,1.12,1.1059999999999997,1.1389999999999996,1.1059999999999997,1.1199999999999997,0.9999999999999996,96093600.0,108148103.0,腾讯日K,2026-08-07T17:30:13,20260926T093659
516150,稀土ETF嘉实,SSE,2025-03-04,1.116,1.131,1.109,1.129,1.1159999999999997,1.1309999999999996,1.1089999999999995,1.1289999999999996,0.9999999999999996,62641700.0,70246478.0,腾讯日K,2026-08-07T17:30:13,20260926T093659
516150,稀土ETF嘉实,SSE,2025-03-05,1.121,1.126,1.104,1.118,1.1209999999999996,1.1259999999999994,1.1039999999999996,1.1179999999999997,0.9999999999999996,28627700.0,31838647.0,腾讯日K,2026-08-07T17:30:13,20260926T093659
516150,稀土ETF嘉实,SSE,2025-03-06,1.117,1.135,1.117,1.133,1.1169999999999995,1.1349999999999996,1.1169999999999995,1.1329999999999996,0.9999999999999996,49213400.0,55559325.0,腾讯日K,2026-08-07T17:30:13,20260926T093659
516150,稀土ETF嘉实,SSE,2025-03-07,1.131,1.153,1.125,1.141,1.1309999999999993,1.1529999999999994,1.1249999999999993,1.1409999999999993,0.9999999999999994,107839500.0,123181738.0,腾讯日K,2026-08-07T17:30:13,20260926T093659
516150,稀土ETF嘉实,SSE,2025-03-10,1.144,1.154,1.138,1.147,1.1439999999999992,1.1539999999999992,1.1379999999999992,1.1469999999999994,0.9999999999999994,72331000.0,83018787.0,腾讯日K,2026-08-07T17:30:13,20260926T093659
516150,稀土ETF嘉实,SSE,2025-03-11,1.137,1.174,1.133,1.174,1.1369999999999993,1.1739999999999993,1.1329999999999993,1.1739999999999993,0.9999999999999994,55373600.0,64028543.0,腾讯日K,2026-08-07T17:30:13,20260926T093659
516150,稀土ETF嘉实,SSE,2025-03-12,1.183,1.183,1.163,1.166,1.1829999999999994,1.1829999999999994,1.1629999999999994,1.1659999999999993,0.9999999999999994,48284900.0,56490119.0,腾讯日K,2026-08-07T17:30:13,20260926T093659
516150,稀土ETF嘉实,SSE,2025-03-13,1.166,1.169,1.137,1.149,1.1659999999999993,1.1689999999999994,1.1369999999999993,1.1489999999999994,0.9999999999999994,34101500.0,39172904.0,腾讯日K,2026-08-07T17:30:13,20260926T093659
516150,稀土ETF嘉实,SSE,2025-03-14,1.15,1.168,1.143,1.16,1.1499999999999992,1.1679999999999993,1.1429999999999993,1.1599999999999993,0.9999999999999994,46416800.0,53576291.0,腾讯日K,2026-08-07T17:30:13,20260926T093659
516150,稀土ETF嘉实,SSE,2025-03-17,1.161,1.164,1.151,1.157,1.1609999999999994,1.1639999999999993,1.1509999999999994,1.1569999999999994,0.9999999999999994,34734000.0,40138371.0,腾讯日K,2026-08-07T17:30:13,20260926T093659
516150,稀土ETF嘉实,SSE,2025-03-18,1.156,1.174,1.156,1.169,1.1559999999999993,1.1739999999999993,1.1559999999999993,1.1689999999999994,0.9999999999999994,34567900.0,40398644.0,腾讯日K,2026-08-07T17:30:13,20260926T093659
516150,稀土ETF嘉实,SSE,2025-03-19,1.167,1.169,1.152,1.168,1.1669999999999994,1.1689999999999994,1.1519999999999992,1.1679999999999993,0.9999999999999994,55921900.0,64860177.0,腾讯日K,2026-08-07T17:30:13,20260926T093659
516150,稀土ETF嘉实,SSE,2025-03-20,1.165,1.169,1.157,1.158,1.1649999999999994,1.1689999999999994,1.1569999999999994,1.1579999999999993,0.9999999999999994,29323900.0,34137450.0,腾讯日K,2026-08-07T17:30:13,20260926T093659
516150,稀土ETF嘉实,SSE,2025-03-21,1.151,1.155,1.127,1.129,1.1509999999999994,1.1549999999999994,1.1269999999999993,1.1289999999999993,0.9999999999999994,67242800.0,76774144.0,腾讯日K,2026-08-07T17:30:13,20260926T093659
516150,稀土ETF嘉实,SSE,2025-03-24,1.126,1.136,1.114,1.136,1.125999999999999,1.135999999999999,1.1139999999999992,1.135999999999999,0.9999999999999992,56764800.0,63750017.0,腾讯日K,2026-08-07T17:30:13,20260926T093659
516150,稀土ETF嘉实,SSE,2025-03-25,1.136,1.149,1.128,1.133,1.135999999999999,1.1489999999999991,1.127999999999999,1.1329999999999991,0.9999999999999992,35809700.0,40691651.0,腾讯日K,2026-08-07T17:30:13,20260926T093659
516150,稀土ETF嘉实,SSE,2025-03-26,1.128,1.165,1.128,1.158,1.127999999999999,1.1649999999999991,1.127999999999999,1.157999999999999,0.9999999999999992,50007300.0,57714387.0,腾讯日K,2026-08-07T17:30:13,20260926T093659
516150,稀土ETF嘉实,SSE,2025-03-27,1.151,1.153,1.135,1.14,1.150999999999999,1.152999999999999,1.134999999999999,1.1399999999999988,0.999999999999999,37121100.0,42416564.0,腾讯日K,2026-08-07T17:30:13,20260926T093659
516150,稀土ETF嘉实,SSE,2025-03-28,1.139,1.141,1.116,1.135,1.138999999999999,1.140999999999999,1.115999999999999,1.134999999999999,0.999999999999999,41123500.0,46445975.0,腾讯日K,2026-08-07T17:30:13,20260926T093659
516150,稀土ETF嘉实,SSE,2025-03-31,1.127,1.127,1.095,1.103,1.126999999999999,1.126999999999999,1.0949999999999989,1.1029999999999989,0.999999999999999,76448400.0,84860579.0,腾讯日K,2026-08-07T17:30:13,20260926T093659
516150,稀土ETF嘉实,SSE,2025-04-01,1.101,1.113,1.099,1.108,1.1009999999999989,1.1129999999999989,1.0989999999999989,1.107999999999999,0.999999999999999,21008000.0,23253029.0,腾讯日K,2026-08-07T17:30:13,20260926T093659
516150,稀土ETF嘉实,SSE,2025-04-02,1.105,1.122,1.103,1.114,1.104999999999999,1.1219999999999992,1.102999999999999,1.1139999999999992,0.9999999999999992,35870800.0,40050944.0,腾讯日K,2026-08-07T17:30:13,20260926T093659
516150,稀土ETF嘉实,SSE,2025-04-03,1.118,1.121,1.099,1.107,1.1179999999999994,1.1209999999999993,1.0989999999999993,1.1069999999999993,0.9999999999999994,83841200.0,92690146.0,腾讯日K,2026-08-07T17:30:13,20260926T093659
516150,稀土ETF嘉实,SSE,2025-04-07,1.076,1.088,1.0,1.002,1.0759999999999994,1.0879999999999994,0.9999999999999993,1.0019999999999993,0.9999999999999993,129243300.0,135982149.0,腾讯日K,2026-08-07T17:30:13,20260926T093659
516150,稀土ETF嘉实,SSE,2025-04-08,1.0,1.029,0.982,1.029,0.9999999999999993,1.0289999999999992,0.9819999999999993,1.0289999999999992,0.9999999999999993,58567600.0,58958897.0,腾讯日K,2026-08-07T17:30:13,20260926T093659
516150,稀土ETF嘉实,SSE,2025-04-09,1.013,1.054,0.981,1.046,1.0129999999999992,1.0539999999999994,0.9809999999999993,1.0459999999999994,0.9999999999999993,61318300.0,62873144.0,腾讯日K,2026-08-07T17:30:13,20260926T093659
516150,稀土ETF嘉实,SSE,2025-04-10,1.051,1.08,1.048,1.058,1.0509999999999995,1.0799999999999996,1.0479999999999996,1.0579999999999996,0.9999999999999996,102766200.0,109085340.0,腾讯日K,2026-08-07T17:30:13,20260926T093659
516150,稀土ETF嘉实,SSE,2025-04-11,1.055,1.063,1.044,1.055,1.0549999999999995,1.0629999999999995,1.0439999999999996,1.0549999999999995,0.9999999999999996,38764000.0,40839100.0,腾讯日K,2026-08-07T17:30:13,20260926T093659
516150,稀土ETF嘉实,SSE,2025-04-14,1.056,1.075,1.056,1.061,1.0559999999999996,1.0749999999999995,1.0559999999999996,1.0609999999999995,0.9999999999999996,28455700.0,30298202.0,腾讯日K,2026-08-07T17:30:13,20260926T093659
516150,稀土ETF嘉实,SSE,2025-04-15,1.062,1.067,1.045,1.05,1.0619999999999996,1.0669999999999995,1.0449999999999995,1.0499999999999996,0.9999999999999996,41270500.0,43434223.0,腾讯日K,2026-08-07T17:30:13,20260926T093659
516150,稀土ETF嘉实,SSE,2025-04-16,1.05,1.051,1.033,1.04,1.0499999999999996,1.0509999999999995,1.0329999999999995,1.0399999999999996,0.9999999999999996,40901500.0,42658825.0,腾讯日K,2026-08-07T17:30:13,20260926T093659
516150,稀土ETF嘉实,SSE,2025-04-17,1.04,1.045,1.034,1.036,1.0399999999999998,1.0449999999999997,1.0339999999999998,1.0359999999999998,0.9999999999999998,63313900.0,65821901.0,腾讯日K,2026-08-07T17:30:13,20260926T093659
516150,稀土ETF嘉实,SSE,2025-04-18,1.031,1.033,1.017,1.027,1.0309999999999997,1.0329999999999997,1.0169999999999997,1.0269999999999997,0.9999999999999998,32196000.0,32975064.0,腾讯日K,2026-08-07T17:30:13,20260926T093659
516150,稀土ETF嘉实,SSE,2025-04-21,1.027,1.045,1.022,1.043,1.0269999999999997,1.0449999999999997,1.0219999999999998,1.0429999999999997,0.9999999999999998,34520500.0,35789713.0,腾讯日K,2026-08-07T17:30:13,20260926T093659
516150,稀土ETF嘉实,SSE,2025-04-22,1.043,1.044,1.032,1.035,1.0429999999999997,1.0439999999999998,1.0319999999999998,1.0349999999999997,0.9999999999999998,29505100.0,30554704.0,腾讯日K,2026-08-07T17:30:13,20260926T093659
516150,稀土ETF嘉实,SSE,2025-04-23,1.036,1.062,1.036,1.057,1.0359999999999998,1.0619999999999998,1.0359999999999998,1.0569999999999997,0.9999999999999998,55402000.0,58320342.0,腾讯日K,2026-08-07T17:30:13,20260926T093659
516150,稀土ETF嘉实,SSE,2025-04-24,1.059,1.059,1.038,1.042,1.0589999999999997,1.0589999999999997,1.0379999999999998,1.0419999999999998,0.9999999999999998,43922300.0,45961360.0,腾讯日K,2026-08-07T17:30:13,20260926T093659
516150,稀土ETF嘉实,SSE,2025-04-25,1.045,1.05,1.037,1.044,1.0449999999999997,1.0499999999999998,1.0369999999999997,1.0439999999999998,0.9999999999999998,27128600.0,28322490.0,腾讯日K,2026-08-07T17:30:13,20260926T093659
516150,稀土ETF嘉实,SSE,2025-04-28,1.046,1.053,1.042,1.044,1.0459999999999998,1.0529999999999997,1.0419999999999998,1.0439999999999998,0.9999999999999998,23230000.0,24294823.0,腾讯日K,2026-08-07T17:30:13,20260926T093659
516150,稀土ETF嘉实,SSE,2025-04-29,1.039,1.049,1.035,1.044,1.0389999999999997,1.0489999999999997,1.0349999999999997,1.0439999999999998,0.9999999999999998,22596400.0,23584887.0,腾讯日K,2026-08-07T17:30:13,20260926T093659
516150,稀土ETF嘉实,SSE,2025-04-30,1.05,1.057,1.047,1.053,1.0499999999999998,1.0569999999999997,1.0469999999999997,1.0529999999999997,0.9999999999999998,23011700.0,24236909.0,腾讯日K,2026-08-07T17:30:13,20260926T093659
516150,稀土ETF嘉实,SSE,2025-05-06,1.066,1.11,1.066,1.108,1.0659999999999998,1.1099999999999999,1.0659999999999998,1.1079999999999999,0.9999999999999998,77922700.0,85372964.0,腾讯日K,2026-08-07T17:30:13,20260926T093659
516150,稀土ETF嘉实,SSE,2025-05-07,1.108,1.11,1.09,1.099,1.108,1.11,1.09,1.099,1.0,48630200.0,53502468.0,腾讯日K,2026-08-07T17:30:13,20260926T093659
516150,稀土ETF嘉实,SSE,2025-05-08,1.095,1.106,1.09,1.105,1.0949999999999998,1.1059999999999999,1.0899999999999999,1.1049999999999998,0.9999999999999998,58818800.0,64672917.0,腾讯日K,2026-08-07T17:30:13,20260926T093659
516150,稀土ETF嘉实,SSE,2025-05-09,1.103,1.103,1.09,1.096,1.103,1.103,1.09,1.096,1.0,41000000.0,44929059.0,腾讯日K,2026-08-07T17:30:13,20260926T093659
516150,稀土ETF嘉实,SSE,2025-05-12,1.101,1.121,1.099,1.119,1.1009999999999998,1.1209999999999998,1.0989999999999998,1.1189999999999998,0.9999999999999998,54095300.0,60126982.0,腾讯日K,2026-08-07T17:30:13,20260926T093659
516150,稀土ETF嘉实,SSE,2025-05-13,1.126,1.133,1.104,1.106,1.1259999999999997,1.1329999999999998,1.1039999999999999,1.1059999999999999,0.9999999999999998,38922800.0,43300503.0,腾讯日K,2026-08-07T17:30:13,20260926T093659
516150,稀土ETF嘉实,SSE,2025-05-14,1.107,1.127,1.104,1.118,1.1069999999999998,1.1269999999999998,1.1039999999999999,1.1179999999999999,0.9999999999999998,42173800.0,47146009.0,腾讯日K,2026-08-07T17:30:13,20260926T093659
516150,稀土ETF嘉实,SSE,2025-05-15,1.119,1.132,1.115,1.118,1.1189999999999998,1.1319999999999997,1.1149999999999998,1.1179999999999999,0.9999999999999998,72290000.0,81334003.0,腾讯日K,2026-08-07T17:30:13,20260926T093659
516150,稀土ETF嘉实,SSE,2025-05-16,1.111,1.128,1.109,1.113,1.1109999999999995,1.1279999999999994,1.1089999999999995,1.1129999999999995,0.9999999999999996,44283800.0,49530685.0,腾讯日K,2026-08-07T17:30:13,20260926T093659
516150,稀土ETF嘉实,SSE,2025-05-19,1.113,1.115,1.092,1.104,1.1129999999999998,1.1149999999999998,1.0919999999999999,1.1039999999999999,0.9999999999999998,36784100.0,40475626.0,腾讯日K,2026-08-07T17:30:13,20260926T093659
516150,稀土ETF嘉实,SSE,2025-05-20,1.103,1.114,1.094,1.108,1.1029999999999998,1.1139999999999999,1.0939999999999999,1.1079999999999999,0.9999999999999998,28342100.0,31289219.0,腾讯日K,2026-08-07T17:30:13,20260926T093659
516150,稀土ETF嘉实,SSE,2025-05-21,1.104,1.107,1.097,1.104,1.1039999999999999,1.1069999999999998,1.0969999999999998,1.1039999999999999,0.9999999999999998,29162700.0,32112204.0,腾讯日K,2026-08-07T17:30:13,20260926T093659
516150,稀土ETF嘉实,SSE,2025-05-22,1.099,1.102,1.083,1.086,1.0989999999999998,1.1019999999999999,1.0829999999999997,1.0859999999999999,0.9999999999999998,31929900.0,34918842.0,腾讯日K,2026-08-07T17:30:13,20260926T093659
516150,稀土ETF嘉实,SSE,2025-05-23,1.082,1.098,1.078,1.08,1.082,1.098,1.078,1.08,1.0,59744500.0,65191083.0,腾讯日K,2026-08-07T17:30:13,20260926T093659
516150,稀土ETF嘉实,SSE,2025-05-26,1.077,1.089,1.076,1.087,1.0769999999999997,1.0889999999999997,1.0759999999999998,1.0869999999999997,0.9999999999999998,23318200.0,25238879.0,腾讯日K,2026-08-07T17:30:13,20260926T093659
516150,稀土ETF嘉实,SSE,2025-05-27,1.087,1.087,1.069,1.075,1.0869999999999995,1.0869999999999995,1.0689999999999995,1.0749999999999995,0.9999999999999996,27725200.0,29751436.0,腾讯日K,2026-08-07T17:30:13,20260926T093659
516150,稀土ETF嘉实,SSE,2025-05-28,1.074,1.077,1.068,1.072,1.0739999999999996,1.0769999999999995,1.0679999999999996,1.0719999999999996,0.9999999999999996,20049900.0,21490179.0,腾讯日K,2026-08-07T17:30:13,20260926T093659
516150,稀土ETF嘉实,SSE,2025-05-29,1.072,1.09,1.072,1.089,1.0719999999999996,1.0899999999999996,1.0719999999999996,1.0889999999999995,0.9999999999999996,40466900.0,43950684.0,腾讯日K,2026-08-07T17:30:13,20260926T093659
516150,稀土ETF嘉实,SSE,2025-05-30,1.085,1.085,1.068,1.072,1.0849999999999995,1.0849999999999995,1.0679999999999996,1.0719999999999996,0.9999999999999996,27080700.0,29023642.0,腾讯日K,2026-08-07T17:30:13,20260926T093659
516150,稀土ETF嘉实,SSE,2025-06-03,1.071,1.09,1.07,1.088,1.0709999999999997,1.0899999999999999,1.0699999999999998,1.0879999999999999,0.9999999999999998,26562900.0,28803886.0,腾讯日K,2026-08-07T17:30:13,20260926T093659
516150,稀土ETF嘉实,SSE,2025-06-04,1.088,1.115,1.086,1.112,1.0879999999999996,1.1149999999999995,1.0859999999999996,1.1119999999999997,0.9999999999999996,49315000.0,54527709.0,腾讯日K,2026-08-07T17:30:13,20260926T093659
516150,稀土ETF嘉实,SSE,2025-06-05,1.11,1.128,1.109,1.121,1.1099999999999994,1.1279999999999992,1.1089999999999993,1.1209999999999993,0.9999999999999994,92393000.0,103356909.0,腾讯日K,2026-08-07T17:30:13,20260926T093659
516150,稀土ETF嘉实,SSE,2025-06-06,1.123,1.126,1.112,1.118,1.1229999999999996,1.1259999999999994,1.1119999999999997,1.1179999999999997,0.9999999999999996,56477400.0,63153472.0,腾讯日K,2026-08-07T17:30:13,20260926T093659
516150,稀土ETF嘉实,SSE,2025-06-09,1.129,1.15,1.122,1.144,1.1289999999999996,1.1499999999999995,1.1219999999999997,1.1439999999999995,0.9999999999999997,109714200.0,125049446.0,腾讯日K,2026-08-07T17:30:13,20260926T093659
516150,稀土ETF嘉实,SSE,2025-06-10,1.147,1.153,1.127,1.143,1.1469999999999994,1.1529999999999994,1.1269999999999993,1.1429999999999993,0.9999999999999994,101663700.0,116104962.0,腾讯日K,2026-08-07T17:30:13,20260926T093659
516150,稀土ETF嘉实,SSE,2025-06-11,1.143,1.199,1.139,1.182,1.1429999999999996,1.1989999999999996,1.1389999999999996,1.1819999999999995,0.9999999999999997,191255200.0,224542426.0,腾讯日K,2026-08-07T17:30:13,20260926T093659
516150,稀土ETF嘉实,SSE,2025-06-12,1.185,1.186,1.164,1.18,1.1849999999999996,1.1859999999999995,1.1639999999999995,1.1799999999999995,0.9999999999999997,214972300.0,252832454.0,腾讯日K,2026-08-07T17:30:13,20260926T093659
516150,稀土ETF嘉实,SSE,2025-06-13,1.179,1.181,1.159,1.168,1.1789999999999994,1.1809999999999994,1.1589999999999994,1.1679999999999993,0.9999999999999994,149326600.0,175046831.0,腾讯日K,2026-08-07T17:30:13,20260926T093659
516150,稀土ETF嘉实,SSE,2025-06-16,1.166,1.187,1.157,1.181,1.1659999999999993,1.1869999999999994,1.1569999999999994,1.1809999999999994,0.9999999999999994,120918300.0,142170910.0,腾讯日K,2026-08-07T17:30:13,20260926T093659
516150,稀土ETF嘉实,SSE,2025-06-17,1.178,1.189,1.168,1.169,1.1779999999999995,1.1889999999999996,1.1679999999999995,1.1689999999999996,0.9999999999999997,65839000.0,77481856.0,腾讯日K,2026-08-07T17:30:13,20260926T093659
516150,稀土ETF嘉实,SSE,2025-06-18,1.168,1.168,1.142,1.152,1.1679999999999995,1.1679999999999995,1.1419999999999995,1.1519999999999995,0.9999999999999997,93175300.0,107109271.0,腾讯日K,2026-08-07T17:30:13,20260926T093659
516150,稀土ETF嘉实,SSE,2025-06-19,1.145,1.148,1.125,1.128,1.1449999999999996,1.1479999999999995,1.1249999999999996,1.1279999999999994,0.9999999999999996,95028000.0,107955673.0,腾讯日K,2026-08-07T17:30:13,20260926T093659
516150,稀土ETF嘉实,SSE,2025-06-20,1.129,1.139,1.124,1.125,1.1289999999999996,1.1389999999999996,1.1239999999999997,1.1249999999999996,0.9999999999999996,68751200.0,77909558.0,腾讯日K,2026-08-07T17:30:13,20260926T093659
516150,稀土ETF嘉实,SSE,2025-06-23,1.118,1.138,1.115,1.138,1.1179999999999997,1.1379999999999995,1.1149999999999995,1.1379999999999995,0.9999999999999996,59827000.0,67644203.0,腾讯日K,2026-08-07T17:30:13,20260926T093659
516150,稀土ETF嘉实,SSE,2025-06-24,1.138,1.158,1.133,1.157,1.1379999999999995,1.1579999999999995,1.1329999999999996,1.1569999999999996,0.9999999999999997,74066500.0,85275632.0,腾讯日K,2026-08-07T17:30:13,20260926T093659
516150,稀土ETF嘉实,SSE,2025-06-25,1.157,1.164,1.152,1.164,1.1569999999999998,1.1639999999999997,1.1519999999999997,1.1639999999999997,0.9999999999999998,60795000.0,70383015.0,腾讯日K,2026-08-07T17:30:13,20260926T093659
516150,稀土ETF嘉实,SSE,2025-06-26,1.164,1.164,1.148,1.15,1.1639999999999997,1.1639999999999997,1.1479999999999997,1.1499999999999997,0.9999999999999998,97296500.0,112600192.0,腾讯日K,2026-08-07T17:30:13,20260926T093659
516150,稀土ETF嘉实,SSE,2025-06-27,1.154,1.172,1.154,1.163,1.1539999999999997,1.1719999999999997,1.1539999999999997,1.1629999999999998,0.9999999999999998,122111800.0,142352356.0,腾讯日K,2026-08-07T17:30:13,20260926T093659
516150,稀土ETF嘉实,SSE,2025-06-30,1.167,1.19,1.163,1.188,1.1669999999999998,1.1899999999999997,1.1629999999999998,1.1879999999999997,0.9999999999999998,119061100.0,140574125.0,腾讯日K,2026-08-07T17:30:13,20260926T093659
516150,稀土ETF嘉实,SSE,2025-07-01,1.188,1.189,1.172,1.188,1.1879999999999997,1.1889999999999998,1.1719999999999997,1.1879999999999997,0.9999999999999998,124689000.0,146885078.0,腾讯日K,2026-08-07T17:30:13,20260926T093659
516150,稀土ETF嘉实,SSE,2025-07-02,1.187,1.19,1.175,1.182,1.1869999999999998,1.1899999999999997,1.1749999999999998,1.1819999999999997,0.9999999999999998,150886100.0,178109518.0,腾讯日K,2026-08-07T17:30:13,20260926T093659
516150,稀土ETF嘉实,SSE,2025-07-03,1.179,1.188,1.172,1.185,1.1789999999999998,1.1879999999999997,1.1719999999999997,1.1849999999999998,0.9999999999999998,190216600.0,224761302.0,腾讯日K,2026-08-07T17:30:13,20260926T093659
516150,稀土ETF嘉实,SSE,2025-07-04,1.185,1.185,1.162,1.169,1.1849999999999998,1.1849999999999998,1.1619999999999997,1.1689999999999998,0.9999999999999998,81855400.0,95654713.0,腾讯日K,2026-08-07T17:30:13,20260926T093659
516150,稀土ETF嘉实,SSE,2025-07-07,1.169,1.171,1.158,1.169,1.1689999999999998,1.1709999999999998,1.1579999999999997,1.1689999999999998,0.9999999999999998,126300200.0,146791786.0,腾讯日K,2026-08-07T17:30:13,20260926T093659
516150,稀土ETF嘉实,SSE,2025-07-08,1.166,1.192,1.165,1.19,1.1659999999999997,1.1919999999999997,1.1649999999999998,1.1899999999999997,0.9999999999999998,212148000.0,251703684.0,腾讯日K,2026-08-07T17:30:13,20260926T093659
516150,稀土ETF嘉实,SSE,2025-07-09,1.191,1.197,1.171,1.175,1.1909999999999998,1.1969999999999998,1.1709999999999998,1.1749999999999998,0.9999999999999998,162522000.0,191904661.0,腾讯日K,2026-08-07T17:30:13,20260926T093659
516150,稀土ETF嘉实,SSE,2025-07-10,1.2,1.218,1.186,1.215,1.1999999999999997,1.2179999999999997,1.1859999999999997,1.2149999999999999,0.9999999999999998,216638600.0,260939859.0,腾讯日K,2026-08-07T17:30:13,20260926T093659
516150,稀土ETF嘉实,SSE,2025-07-11,1.24,1.304,1.232,1.291,1.2399999999999998,1.3039999999999998,1.2319999999999998,1.2909999999999997,0.9999999999999998,291110300.0,369859974.0,腾讯日K,2026-08-07T17:30:13,20260926T093659
516150,稀土ETF嘉实,SSE,2025-07-14,1.296,1.316,1.273,1.279,1.2959999999999998,1.3159999999999998,1.2729999999999997,1.2789999999999997,0.9999999999999998,196087300.0,253546549.0,腾讯日K,2026-08-07T17:30:13,20260926T093659
516150,稀土ETF嘉实,SSE,2025-07-15,1.269,1.299,1.254,1.262,1.269,1.299,1.254,1.262,1.0,250710400.0,317634603.0,腾讯日K,2026-08-07T17:30:13,20260926T093659
516150,稀土ETF嘉实,SSE,2025-07-16,1.26,1.274,1.252,1.258,1.2599999999999998,1.2739999999999998,1.2519999999999998,1.2579999999999998,0.9999999999999998,111786700.0,141139869.0,腾讯日K,2026-08-07T17:30:13,20260926T093659
516150,稀土ETF嘉实,SSE,2025-07-17,1.256,1.281,1.241,1.273,1.256,1.281,1.241,1.273,1.0,250659000.0,317336397.0,腾讯日K,2026-08-07T17:30:13,20260926T093659
516150,稀土ETF嘉实,SSE,2025-07-18,1.273,1.337,1.27,1.32,1.2729999999999997,1.3369999999999997,1.2699999999999998,1.3199999999999998,0.9999999999999998,346919700.0,455409706.0,腾讯日K,2026-08-07T17:30:13,20260926T093659
516150,稀土ETF嘉实,SSE,2025-07-21,1.324,1.372,1.312,1.365,1.3239999999999998,1.3719999999999999,1.3119999999999998,1.3649999999999998,0.9999999999999999,279646100.0,378078621.0,腾讯日K,2026-08-07T17:30:13,20260926T093659
516150,稀土ETF嘉实,SSE,2025-07-22,1.353,1.373,1.349,1.366,1.3529999999999995,1.3729999999999996,1.3489999999999995,1.3659999999999997,0.9999999999999997,233724200.0,318196943.0,腾讯日K,2026-08-07T17:30:13,20260926T093659
516150,稀土ETF嘉实,SSE,2025-07-23,1.358,1.392,1.342,1.366,1.3579999999999997,1.3919999999999995,1.3419999999999996,1.3659999999999997,0.9999999999999997,259302800.0,355308368.0,腾讯日K,2026-08-07T17:30:13,20260926T093659
516150,稀土ETF嘉实,SSE,2025-07-24,1.36,1.455,1.352,1.444,1.3599999999999997,1.4549999999999996,1.3519999999999996,1.4439999999999995,0.9999999999999997,297682400.0,422543050.0,腾讯日K,2026-08-07T17:30:13,20260926T093659
516150,稀土ETF嘉实,SSE,2025-07-25,1.438,1.46,1.42,1.446,1.4379999999999995,1.4599999999999995,1.4199999999999995,1.4459999999999995,0.9999999999999997,331816200.0,476460154.0,腾讯日K,2026-08-07T17:30:13,20260926T093659
516150,稀土ETF嘉实,SSE,2025-07-28,1.437,1.472,1.434,1.467,1.4369999999999996,1.4719999999999995,1.4339999999999995,1.4669999999999996,0.9999999999999997,265028700.0,384839945.0,腾讯日K,2026-08-07T17:30:13,20260926T093659
516150,稀土ETF嘉实,SSE,2025-07-29,1.456,1.468,1.442,1.46,1.4559999999999997,1.4679999999999997,1.4419999999999997,1.4599999999999997,0.9999999999999999,286146900.0,416315625.0,腾讯日K,2026-08-07T17:30:13,20260926T093659
516150,稀土ETF嘉实,SSE,2025-07-30,1.461,1.464,1.409,1.435,1.4609999999999999,1.4639999999999997,1.4089999999999998,1.4349999999999998,0.9999999999999999,351888100.0,507288769.0,腾讯日K,2026-08-07T17:30:13,20260926T093659
516150,稀土ETF嘉实,SSE,2025-07-31,1.419,1.425,1.387,1.397,1.4189999999999998,1.4249999999999998,1.3869999999999998,1.3969999999999998,0.9999999999999999,227351400.0,320760214.0,腾讯日K,2026-08-07T17:30:13,20260926T093659
516150,稀土ETF嘉实,SSE,2025-08-01,1.387,1.396,1.366,1.369,1.3869999999999998,1.3959999999999997,1.3659999999999999,1.3689999999999998,0.9999999999999999,113030000.0,155717054.0,腾讯日K,2026-08-07T17:30:13,20260926T093659
516150,稀土ETF嘉实,SSE,2025-08-04,1.362,1.381,1.36,1.381,1.3619999999999999,1.3809999999999998,1.3599999999999999,1.3809999999999998,0.9999999999999999,130386500.0,178704398.0,腾讯日K,2026-08-07T17:30:13,20260926T093659
516150,稀土ETF嘉实,SSE,2025-08-05,1.386,1.392,1.379,1.39,1.3859999999999995,1.3919999999999995,1.3789999999999996,1.3899999999999995,0.9999999999999997,167674300.0,232379222.0,腾讯日K,2026-08-07T17:30:13,20260926T093659
516150,稀土ETF嘉实,SSE,2025-08-06,1.392,1.403,1.381,1.403,1.3919999999999995,1.4029999999999996,1.3809999999999996,1.4029999999999996,0.9999999999999997,215716900.0,300711878.0,腾讯日K,2026-08-07T17:30:13,20260926T093659
516150,稀土ETF嘉实,SSE,2025-08-07,1.404,1.459,1.373,1.447,1.4039999999999992,1.4589999999999994,1.3729999999999993,1.4469999999999994,0.9999999999999996,411162800.0,580757447.0,腾讯日K,2026-08-07T17:30:13,20260926T093659
516150,稀土ETF嘉实,SSE,2025-08-08,1.435,1.465,1.427,1.444,1.4349999999999996,1.4649999999999996,1.4269999999999996,1.4439999999999995,0.9999999999999997,220044200.0,317998482.0,腾讯日K,2026-08-07T17:30:13,20260926T093659
516150,稀土ETF嘉实,SSE,2025-08-11,1.451,1.465,1.434,1.458,1.4509999999999994,1.4649999999999994,1.4339999999999993,1.4579999999999993,0.9999999999999996,239797700.0,347695033.0,腾讯日K,2026-08-07T17:30:13,20260926T093659
516150,稀土ETF嘉实,SSE,2025-08-12,1.45,1.45,1.423,1.432,1.4499999999999995,1.4499999999999995,1.4229999999999996,1.4319999999999995,0.9999999999999997,212929800.0,305370958.0,腾讯日K,2026-08-07T17:30:13,20260926T093659
516150,稀土ETF嘉实,SSE,2025-08-13,1.433,1.46,1.429,1.456,1.4329999999999994,1.4599999999999993,1.4289999999999994,1.4559999999999993,0.9999999999999996,136514100.0,196890599.0,腾讯日K,2026-08-07T17:30:13,20260926T093659
516150,稀土ETF嘉实,SSE,2025-08-14,1.454,1.469,1.44,1.456,1.4539999999999993,1.4689999999999994,1.4399999999999993,1.4559999999999993,0.9999999999999996,267376700.0,388279965.0,腾讯日K,2026-08-07T17:30:13,20260926T093659
516150,稀土ETF嘉实,SSE,2025-08-15,1.445,1.526,1.445,1.52,1.4449999999999996,1.5259999999999996,1.4449999999999996,1.5199999999999996,0.9999999999999997,271189200.0,403171018.0,腾讯日K,2026-08-07T17:30:13,20260926T093659
516150,稀土ETF嘉实,SSE,2025-08-18,1.527,1.602,1.5,1.587,1.5269999999999995,1.6019999999999996,1.4999999999999996,1.5869999999999995,0.9999999999999997,340282400.0,530444815.0,腾讯日K,2026-08-07T17:30:13,20260926T093659
516150,稀土ETF嘉实,SSE,2025-08-19,1.588,1.639,1.579,1.6,1.5879999999999996,1.6389999999999996,1.5789999999999995,1.5999999999999996,0.9999999999999998,371613900.0,597025442.0,腾讯日K,2026-08-07T17:30:13,20260926T093659
516150,稀土ETF嘉实,SSE,2025-08-20,1.583,1.649,1.583,1.626,1.5829999999999997,1.6489999999999998,1.5829999999999997,1.6259999999999997,0.9999999999999999,275617400.0,447004366.0,腾讯日K,2026-08-07T17:30:13,20260926T093659
516150,稀土ETF嘉实,SSE,2025-08-21,1.615,1.652,1.585,1.594,1.6149999999999998,1.6519999999999997,1.5849999999999997,1.5939999999999999,0.9999999999999999,284048600.0,458821672.0,腾讯日K,2026-08-07T17:30:13,20260926T093659
516150,稀土ETF嘉实,SSE,2025-08-22,1.586,1.64,1.583,1.631,1.586,1.64,1.583,1.631,1.0,390335900.0,634325164.0,腾讯日K,2026-08-07T17:30:13,20260926T093659
516150,稀土ETF嘉实,SSE,2025-08-25,1.659,1.764,1.654,1.742,1.659,1.764,1.654,1.742,1.0,374970100.0,645195898.0,腾讯日K,2026-08-07T17:30:13,20260926T093659
516150,稀土ETF嘉实,SSE,2025-08-26,1.736,1.737,1.687,1.697,1.7359999999999998,1.7369999999999999,1.6869999999999998,1.6969999999999998,0.9999999999999999,446753300.0,759882473.0,腾讯日K,2026-08-07T17:30:13,20260926T093659
516150,稀土ETF嘉实,SSE,2025-08-27,1.713,1.769,1.696,1.719,1.7129999999999999,1.7689999999999997,1.6959999999999997,1.7189999999999999,0.9999999999999999,595623600.0,1032717854.0,腾讯日K,2026-08-07T17:30:13,20260926T093659
516150,稀土ETF嘉实,SSE,2025-08-28,1.71,1.79,1.7,1.789,1.7099999999999997,1.7899999999999998,1.6999999999999997,1.7889999999999997,0.9999999999999999,563558300.0,989350356.0,腾讯日K,2026-08-07T17:30:13,20260926T093659
516150,稀土ETF嘉实,SSE,2025-08-29,1.788,1.829,1.765,1.805,1.7879999999999998,1.8289999999999997,1.7649999999999997,1.8049999999999997,0.9999999999999999,388116800.0,701994068.0,腾讯日K,2026-08-07T17:30:13,20260926T093659
516150,稀土ETF嘉实,SSE,2025-09-01,1.811,1.818,1.766,1.798,1.8109999999999997,1.8179999999999998,1.7659999999999998,1.7979999999999998,0.9999999999999999,385365700.0,690630821.0,腾讯日K,2026-08-07T17:30:13,20260926T093659
516150,稀土ETF嘉实,SSE,2025-09-02,1.792,1.794,1.721,1.739,1.792,1.794,1.721,1.739,1.0,473560400.0,828185955.0,腾讯日K,2026-08-07T17:30:13,20260926T093659
516150,稀土ETF嘉实,SSE,2025-09-03,1.74,1.756,1.693,1.709,1.74,1.756,1.693,1.709,1.0,238799300.0,412475814.0,腾讯日K,2026-08-07T17:30:13,20260926T093659
516150,稀土ETF嘉实,SSE,2025-09-04,1.705,1.735,1.595,1.631,1.705,1.735,1.595,1.631,1.0,310592300.0,520103710.0,腾讯日K,2026-08-07T17:30:13,20260926T093659
516150,稀土ETF嘉实,SSE,2025-09-05,1.617,1.7,1.616,1.693,1.6170000000000004,1.7000000000000004,1.6160000000000005,1.6930000000000003,1.0000000000000002,412021400.0,683953378.0,腾讯日K,2026-08-07T17:30:13,20260926T093659
516150,稀土ETF嘉实,SSE,2025-09-08,1.696,1.708,1.677,1.705,1.6960000000000004,1.7080000000000004,1.6770000000000005,1.7050000000000005,1.0000000000000002,166079800.0,281548993.0,腾讯日K,2026-08-07T17:30:13,20260926T093659
516150,稀土ETF嘉实,SSE,2025-09-09,1.685,1.714,1.667,1.677,1.6850000000000005,1.7140000000000004,1.6670000000000005,1.6770000000000003,1.0000000000000002,143114100.0,242118803.0,腾讯日K,2026-08-07T17:30:13,20260926T093659
516150,稀土ETF嘉实,SSE,2025-09-10,1.658,1.696,1.647,1.663,1.6580000000000004,1.6960000000000004,1.6470000000000005,1.6630000000000003,1.0000000000000002,120779500.0,201626603.0,腾讯日K,2026-08-07T17:30:13,20260926T093659
516150,稀土ETF嘉实,SSE,2025-09-11,1.658,1.722,1.649,1.719,1.6580000000000004,1.7220000000000004,1.6490000000000005,1.7190000000000003,1.0000000000000002,158788000.0,269472654.0,腾讯日K,2026-08-07T17:30:13,20260926T093659
516150,稀土ETF嘉实,SSE,2025-09-12,1.723,1.768,1.71,1.765,1.7230000000000005,1.7680000000000005,1.7100000000000004,1.7650000000000003,1.0000000000000002,218174400.0,380430598.0,腾讯日K,2026-08-07T17:30:13,20260926T093659
516150,稀土ETF嘉实,SSE,2025-09-15,1.775,1.776,1.744,1.752,1.7750000000000004,1.7760000000000005,1.7440000000000004,1.7520000000000004,1.0000000000000002,250746700.0,439889414.0,腾讯日K,2026-08-07T17:30:13,20260926T093659
516150,稀土ETF嘉实,SSE,2025-09-16,1.747,1.747,1.69,1.73,1.7470000000000006,1.7470000000000006,1.6900000000000004,1.7300000000000004,1.0000000000000002,384880300.0,661409574.0,腾讯日K,2026-08-07T17:30:13,20260926T093659
516150,稀土ETF嘉实,SSE,2025-09-17,1.723,1.763,1.691,1.76,1.7230000000000005,1.7630000000000003,1.6910000000000005,1.7600000000000002,1.0000000000000002,290593900.0,507305691.0,腾讯日K,2026-08-07T17:30:13,20260926T093659
516150,稀土ETF嘉实,SSE,2025-09-18,1.76,1.769,1.693,1.726,1.7600000000000005,1.7690000000000003,1.6930000000000005,1.7260000000000004,1.0000000000000002,154074400.0,267579699.0,腾讯日K,2026-08-07T17:30:13,20260926T093659
516150,稀土ETF嘉实,SSE,2025-09-19,1.705,1.722,1.687,1.688,1.7050000000000005,1.7220000000000004,1.6870000000000005,1.6880000000000004,1.0000000000000002,123069300.0,209715122.0,腾讯日K,2026-08-07T17:30:13,20260926T093659
516150,稀土ETF嘉实,SSE,2025-09-22,1.678,1.712,1.674,1.707,1.6780000000000006,1.7120000000000006,1.6740000000000006,1.7070000000000007,1.0000000000000004,112411000.0,190351192.0,腾讯日K,2026-08-07T17:30:13,20260926T093659
516150,稀土ETF嘉实,SSE,2025-09-23,1.706,1.715,1.643,1.672,1.7060000000000006,1.7150000000000007,1.6430000000000007,1.6720000000000006,1.0000000000000004,223046400.0,373136277.0,腾讯日K,2026-08-07T17:30:13,20260926T093659
516150,稀土ETF嘉实,SSE,2025-09-24,1.663,1.69,1.653,1.689,1.6630000000000005,1.6900000000000004,1.6530000000000005,1.6890000000000005,1.0000000000000002,198531000.0,331870320.0,腾讯日K,2026-08-07T17:30:13,20260926T093659
516150,稀土ETF嘉实,SSE,2025-09-25,1.687,1.711,1.684,1.702,1.6870000000000007,1.7110000000000007,1.6840000000000006,1.7020000000000006,1.0000000000000004,422771900.0,717856260.0,腾讯日K,2026-08-07T17:30:13,20260926T093659
516150,稀土ETF嘉实,SSE,2025-09-26,1.709,1.722,1.681,1.683,1.7090000000000007,1.7220000000000006,1.6810000000000007,1.6830000000000007,1.0000000000000004,312670700.0,533884488.0,腾讯日K,2026-08-07T17:30:13,20260926T093659
516150,稀土ETF嘉实,SSE,2025-09-29,1.687,1.724,1.683,1.723,1.6870000000000007,1.7240000000000006,1.6830000000000007,1.7230000000000008,1.0000000000000004,174409700.0,297430076.0,腾讯日K,2026-08-07T17:30:13,20260926T093659
516150,稀土ETF嘉实,SSE,2025-09-30,1.731,1.77,1.723,1.757,1.7310000000000005,1.7700000000000005,1.7230000000000005,1.7570000000000003,1.0000000000000002,230808900.0,404854178.0,腾讯日K,2026-08-07T17:30:13,20260926T093659
516150,稀土ETF嘉实,SSE,2025-10-09,1.791,1.888,1.777,1.886,1.7910000000000004,1.8880000000000003,1.7770000000000004,1.8860000000000003,1.0000000000000002,427630500.0,783136298.0,腾讯日K,2026-08-07T17:30:13,20260926T093659
516150,稀土ETF嘉实,SSE,2025-10-10,1.905,1.907,1.811,1.825,1.9050000000000005,1.9070000000000005,1.8110000000000004,1.8250000000000002,1.0000000000000002,222050200.0,411983409.0,腾讯日K,2026-08-07T17:30:13,20260926T093659
516150,稀土ETF嘉实,SSE,2025-10-13,1.881,1.961,1.839,1.952,1.8810000000000004,1.9610000000000005,1.8390000000000004,1.9520000000000002,1.0000000000000002,705869600.0,1332396985.0,腾讯日K,2026-08-07T17:30:13,20260926T093659
516150,稀土ETF嘉实,SSE,2025-10-14,1.96,2.019,1.882,1.897,1.9600000000000004,2.0190000000000006,1.8820000000000003,1.8970000000000002,1.0000000000000002,566034500.0,1104351118.0,腾讯日K,2026-08-07T17:30:13,20260926T093659
516150,稀土ETF嘉实,SSE,2025-10-15,1.907,1.931,1.843,1.892,1.9070000000000005,1.9310000000000005,1.8430000000000004,1.8920000000000001,1.0000000000000002,952322900.0,1806524925.0,腾讯日K,2026-08-07T17:30:13,20260926T093659
516150,稀土ETF嘉实,SSE,2025-10-16,1.859,1.885,1.831,1.836,1.8590000000000004,1.8850000000000005,1.8310000000000004,1.8360000000000003,1.0000000000000002,705552100.0,1313466710.0,腾讯日K,2026-08-07T17:30:13,20260926T093659
516150,稀土ETF嘉实,SSE,2025-10-17,1.835,1.876,1.784,1.791,1.8350000000000004,1.8760000000000003,1.7840000000000005,1.7910000000000001,1.0000000000000002,420767500.0,773044241.0,腾讯日K,2026-08-07T17:30:13,20260926T093659
516150,稀土ETF嘉实,SSE,2025-10-20,1.791,1.814,1.771,1.791,1.7910000000000004,1.8140000000000005,1.7710000000000004,1.7910000000000001,1.0000000000000002,201067100.0,360204492.0,腾讯日K,2026-08-07T17:30:13,20260926T093659
516150,稀土ETF嘉实,SSE,2025-10-21,1.791,1.817,1.776,1.815,1.791,1.817,1.776,1.815,1.0,209256800.0,377194978.0,腾讯日K,2026-08-07T17:30:13,20260926T093659
516150,稀土ETF嘉实,SSE,2025-10-22,1.788,1.801,1.757,1.784,1.788,1.801,1.757,1.784,1.0,187602000.0,333971851.0,腾讯日K,2026-08-07T17:30:13,20260926T093659
516150,稀土ETF嘉实,SSE,2025-10-23,1.777,1.784,1.738,1.777,1.777,1.784,1.738,1.777,1.0,164866900.0,289463908.0,腾讯日K,2026-08-07T17:30:13,20260926T093659
516150,稀土ETF嘉实,SSE,2025-10-24,1.782,1.819,1.781,1.818,1.7819999999999998,1.8189999999999997,1.7809999999999997,1.8179999999999998,0.9999999999999999,200621100.0,362352994.0,腾讯日K,2026-08-07T17:30:13,20260926T093659
516150,稀土ETF嘉实,SSE,2025-10-27,1.837,1.878,1.83,1.868,1.837,1.878,1.83,1.868,1.0,233098400.0,433095760.0,腾讯日K,2026-08-07T17:30:13,20260926T093659
516150,稀土ETF嘉实,SSE,2025-10-28,1.867,1.87,1.827,1.838,1.867,1.87,1.827,1.838,1.0,218237200.0,404010281.0,腾讯日K,2026-08-07T17:30:13,20260926T093659
516150,稀土ETF嘉实,SSE,2025-10-29,1.836,1.886,1.833,1.885,1.8359999999999996,1.8859999999999995,1.8329999999999995,1.8849999999999996,0.9999999999999998,176769100.0,328310995.0,腾讯日K,2026-08-07T17:30:13,20260926T093659
516150,稀土ETF嘉实,SSE,2025-10-30,1.885,1.937,1.87,1.902,1.8849999999999998,1.9369999999999998,1.8699999999999999,1.9019999999999997,0.9999999999999999,313787200.0,595935437.0,腾讯日K,2026-08-07T17:30:13,20260926T093659
516150,稀土ETF嘉实,SSE,2025-10-31,1.89,1.894,1.845,1.845,1.8899999999999997,1.8939999999999997,1.8449999999999998,1.8449999999999998,0.9999999999999999,246628300.0,459684790.0,腾讯日K,2026-08-07T17:30:13,20260926T093659
516150,稀土ETF嘉实,SSE,2025-11-03,1.846,1.854,1.784,1.823,1.8459999999999999,1.8539999999999999,1.7839999999999998,1.8229999999999997,0.9999999999999999,189570800.0,342699255.0,腾讯日K,2026-08-07T17:30:13,20260926T093659
516150,稀土ETF嘉实,SSE,2025-11-04,1.819,1.831,1.784,1.799,1.8189999999999997,1.8309999999999997,1.7839999999999998,1.7989999999999997,0.9999999999999999,86510700.0,156267030.0,腾讯日K,2026-08-07T17:30:13,20260926T093659
516150,稀土ETF嘉实,SSE,2025-11-05,1.766,1.805,1.757,1.794,1.7659999999999998,1.8049999999999997,1.7569999999999997,1.7939999999999998,0.9999999999999999,119910000.0,213418254.0,腾讯日K,2026-08-07T17:30:13,20260926T093659
516150,稀土ETF嘉实,SSE,2025-11-06,1.793,1.824,1.792,1.822,1.7929999999999993,1.8239999999999994,1.7919999999999994,1.8219999999999994,0.9999999999999997,147796500.0,267944108.0,腾讯日K,2026-08-07T17:30:13,20260926T093659
516150,稀土ETF嘉实,SSE,2025-11-07,1.818,1.836,1.793,1.816,1.8179999999999996,1.8359999999999996,1.7929999999999995,1.8159999999999996,0.9999999999999998,145848600.0,264539660.0,腾讯日K,2026-08-07T17:30:13,20260926T093659
516150,稀土ETF嘉实,SSE,2025-11-10,1.832,1.834,1.783,1.795,1.8319999999999994,1.8339999999999994,1.7829999999999993,1.7949999999999993,0.9999999999999997,117900700.0,212329442.0,腾讯日K,2026-08-07T17:30:13,20260926T093659
516150,稀土ETF嘉实,SSE,2025-11-11,1.796,1.804,1.77,1.774,1.7959999999999994,1.8039999999999994,1.7699999999999994,1.7739999999999994,0.9999999999999997,83899800.0,149980269.0,腾讯日K,2026-08-07T17:30:13,20260926T093659
516150,稀土ETF嘉实,SSE,2025-11-12,1.771,1.771,1.725,1.746,1.7709999999999992,1.7709999999999992,1.7249999999999994,1.7459999999999993,0.9999999999999997,132033400.0,230744945.0,腾讯日K,2026-08-07T17:30:13,20260926T093659
516150,稀土ETF嘉实,SSE,2025-11-13,1.744,1.795,1.739,1.786,1.7439999999999993,1.7949999999999993,1.7389999999999994,1.7859999999999994,0.9999999999999997,142063800.0,251794784.0,腾讯日K,2026-08-07T17:30:13,20260926T093659
516150,稀土ETF嘉实,SSE,2025-11-14,1.762,1.782,1.748,1.76,1.7619999999999993,1.7819999999999994,1.7479999999999993,1.7599999999999993,0.9999999999999997,345468100.0,611501016.0,腾讯日K,2026-08-07T17:30:13,20260926T093659
516150,稀土ETF嘉实,SSE,2025-11-17,1.756,1.781,1.756,1.768,1.7559999999999996,1.7809999999999995,1.7559999999999996,1.7679999999999996,0.9999999999999998,231384900.0,408961047.0,腾讯日K,2026-08-07T17:30:13,20260926T093659
516150,稀土ETF嘉实,SSE,2025-11-18,1.766,1.775,1.724,1.735,1.7659999999999996,1.7749999999999995,1.7239999999999995,1.7349999999999997,0.9999999999999998,119307100.0,207760318.0,腾讯日K,2026-08-07T17:30:13,20260926T093659
516150,稀土ETF嘉实,SSE,2025-11-19,1.73,1.751,1.717,1.748,1.7299999999999998,1.7509999999999997,1.7169999999999999,1.7479999999999998,0.9999999999999999,106871900.0,185815311.0,腾讯日K,2026-08-07T17:30:13,20260926T093659
516150,稀土ETF嘉实,SSE,2025-11-20,1.751,1.78,1.742,1.748,1.7509999999999997,1.7799999999999998,1.7419999999999998,1.7479999999999998,0.9999999999999999,126323800.0,222527961.0,腾讯日K,2026-08-07T17:30:13,20260926T093659
516150,稀土ETF嘉实,SSE,2025-11-21,1.714,1.715,1.658,1.659,1.7139999999999995,1.7149999999999996,1.6579999999999995,1.6589999999999996,0.9999999999999998,267274000.0,448255590.0,腾讯日K,2026-08-07T17:30:13,20260926T093659
516150,稀土ETF嘉实,SSE,2025-11-24,1.658,1.679,1.633,1.671,1.6579999999999995,1.6789999999999996,1.6329999999999996,1.6709999999999996,0.9999999999999998,97858400.0,161806888.0,腾讯日K,2026-08-07T17:30:13,20260926T093659
516150,稀土ETF嘉实,SSE,2025-11-25,1.671,1.704,1.671,1.688,1.6709999999999994,1.7039999999999993,1.6709999999999994,1.6879999999999993,0.9999999999999996,147162300.0,248181778.0,腾讯日K,2026-08-07T17:30:13,20260926T093659
516150,稀土ETF嘉实,SSE,2025-11-26,1.688,1.701,1.674,1.681,1.6879999999999993,1.7009999999999994,1.6739999999999993,1.6809999999999994,0.9999999999999996,89863100.0,151572564.0,腾讯日K,2026-08-07T17:30:13,20260926T093659
516150,稀土ETF嘉实,SSE,2025-11-27,1.687,1.71,1.675,1.677,1.6869999999999994,1.7099999999999993,1.6749999999999994,1.6769999999999994,0.9999999999999996,76315100.0,129159028.0,腾讯日K,2026-08-07T17:30:13,20260926T093659
516150,稀土ETF嘉实,SSE,2025-11-28,1.675,1.707,1.669,1.706,1.6749999999999992,1.7069999999999992,1.6689999999999992,1.705999999999999,0.9999999999999994,81895700.0,138299835.0,腾讯日K,2026-08-07T17:30:13,20260926T093659
516150,稀土ETF嘉实,SSE,2025-12-01,1.724,1.748,1.721,1.746,1.723999999999999,1.747999999999999,1.7209999999999992,1.745999999999999,0.9999999999999994,124451900.0,216079809.0,腾讯日K,2026-08-07T17:30:13,20260926T093659
516150,稀土ETF嘉实,SSE,2025-12-02,1.74,1.74,1.706,1.718,1.739999999999999,1.739999999999999,1.705999999999999,1.717999999999999,0.9999999999999994,74200800.0,127276148.0,腾讯日K,2026-08-07T17:30:13,20260926T093659
516150,稀土ETF嘉实,SSE,2025-12-03,1.718,1.74,1.712,1.719,1.717999999999999,1.739999999999999,1.711999999999999,1.7189999999999992,0.9999999999999994,78262200.0,134996514.0,腾讯日K,2026-08-07T17:30:13,20260926T093659
516150,稀土ETF嘉实,SSE,2025-12-04,1.718,1.722,1.693,1.705,1.7179999999999993,1.7219999999999993,1.6929999999999994,1.7049999999999994,0.9999999999999996,82632900.0,141060534.0,腾讯日K,2026-08-07T17:30:13,20260926T093659
516150,稀土ETF嘉实,SSE,2025-12-05,1.706,1.757,1.699,1.744,1.7059999999999989,1.7569999999999988,1.698999999999999,1.7439999999999989,0.9999999999999993,126849700.0,219308839.0,腾讯日K,2026-08-07T17:30:13,20260926T093659
516150,稀土ETF嘉实,SSE,2025-12-08,1.749,1.764,1.734,1.76,1.7489999999999988,1.7639999999999987,1.7339999999999987,1.7599999999999987,0.9999999999999992,115531300.0,201824852.0,腾讯日K,2026-08-07T17:30:13,20260926T093659
516150,稀土ETF嘉实,SSE,2025-12-09,1.754,1.754,1.724,1.734,1.753999999999999,1.753999999999999,1.7239999999999989,1.7339999999999989,0.9999999999999993,113248000.0,197037488.0,腾讯日K,2026-08-07T17:30:13,20260926T093659
516150,稀土ETF嘉实,SSE,2025-12-10,1.735,1.739,1.71,1.735,1.734999999999999,1.738999999999999,1.7099999999999989,1.734999999999999,0.9999999999999993,61133900.0,105322646.0,腾讯日K,2026-08-07T17:30:13,20260926T093659
516150,稀土ETF嘉实,SSE,2025-12-11,1.743,1.751,1.722,1.726,1.742999999999999,1.7509999999999988,1.7219999999999989,1.7259999999999989,0.9999999999999993,77657900.0,134812964.0,腾讯日K,2026-08-07T17:30:13,20260926T093659
516150,稀土ETF嘉实,SSE,2025-12-12,1.727,1.742,1.711,1.74,1.726999999999999,1.7419999999999989,1.710999999999999,1.7399999999999989,0.9999999999999993,66643000.0,115179109.0,腾讯日K,2026-08-07T17:30:13,20260926T093659
516150,稀土ETF嘉实,SSE,2025-12-15,1.733,1.743,1.719,1.721,1.732999999999999,1.742999999999999,1.718999999999999,1.720999999999999,0.9999999999999993,77165300.0,133200938.0,腾讯日K,2026-08-07T17:30:13,20260926T093659
516150,稀土ETF嘉实,SSE,2025-12-16,1.714,1.714,1.661,1.672,1.713999999999999,1.713999999999999,1.6609999999999991,1.671999999999999,0.9999999999999994,108149000.0,181244321.0,腾讯日K,2026-08-07T17:30:13,20260926T093659
516150,稀土ETF嘉实,SSE,2025-12-17,1.672,1.719,1.668,1.711,1.6719999999999988,1.718999999999999,1.6679999999999988,1.710999999999999,0.9999999999999993,71096400.0,120397608.0,腾讯日K,2026-08-07T17:30:13,20260926T093659
516150,稀土ETF嘉实,SSE,2025-12-18,1.702,1.728,1.689,1.691,1.701999999999999,1.727999999999999,1.6889999999999992,1.6909999999999992,0.9999999999999994,78084900.0,133468032.0,腾讯日K,2026-08-07T17:30:13,20260926T093659
516150,稀土ETF嘉实,SSE,2025-12-19,1.7,1.732,1.7,1.728,1.6999999999999988,1.7319999999999989,1.6999999999999988,1.7279999999999989,0.9999999999999993,97714300.0,167852352.0,腾讯日K,2026-08-07T17:30:13,20260926T093659
516150,稀土ETF嘉实,SSE,2025-12-22,1.74,1.766,1.737,1.762,1.739999999999999,1.7659999999999991,1.7369999999999992,1.7619999999999991,0.9999999999999994,116573200.0,204499121.0,腾讯日K,2026-08-07T17:30:13,20260926T093659
516150,稀土ETF嘉实,SSE,2025-12-23,1.763,1.777,1.749,1.764,1.762999999999999,1.776999999999999,1.7489999999999992,1.7639999999999991,0.9999999999999994,141092100.0,248505519.0,腾讯日K,2026-08-07T17:30:13,20260926T093659
516150,稀土ETF嘉实,SSE,2025-12-24,1.766,1.774,1.756,1.773,1.7659999999999991,1.7739999999999991,1.7559999999999991,1.772999999999999,0.9999999999999994,124123200.0,218885991.0,腾讯日K,2026-08-07T17:30:13,20260926T093659
516150,稀土ETF嘉实,SSE,2025-12-25,1.767,1.798,1.759,1.793,1.7669999999999988,1.797999999999999,1.7589999999999988,1.7929999999999988,0.9999999999999993,142982700.0,253715457.0,腾讯日K,2026-08-07T17:30:13,20260926T093659
516150,稀土ETF嘉实,SSE,2025-12-26,1.797,1.817,1.787,1.81,1.796999999999999,1.816999999999999,1.786999999999999,1.8099999999999992,0.9999999999999996,163819200.0,295571457.0,腾讯日K,2026-08-07T17:30:13,20260926T093659
516150,稀土ETF嘉实,SSE,2025-12-29,1.818,1.836,1.805,1.809,1.8179999999999992,1.8359999999999992,1.804999999999999,1.808999999999999,0.9999999999999996,167958400.0,305504093.0,腾讯日K,2026-08-07T17:30:13,20260926T093659
516150,稀土ETF嘉实,SSE,2025-12-30,1.791,1.83,1.782,1.82,1.790999999999999,1.8299999999999992,1.7819999999999991,1.8199999999999992,0.9999999999999996,88658500.0,160596584.0,腾讯日K,2026-08-07T17:30:13,20260926T093659
516150,稀土ETF嘉实,SSE,2025-12-31,1.821,1.834,1.808,1.825,1.820999999999999,1.8339999999999992,1.8079999999999992,1.824999999999999,0.9999999999999996,101571300.0,185082386.0,腾讯日K,2026-08-07T17:30:13,20260926T093659
516150,稀土ETF嘉实,SSE,2026-01-05,1.838,1.87,1.838,1.866,1.837999999999999,1.869999999999999,1.837999999999999,1.865999999999999,0.9999999999999994,113248800.0,210994252.0,腾讯日K,2026-08-07T17:30:13,20260926T093659
516150,稀土ETF嘉实,SSE,2026-01-06,1.867,1.921,1.867,1.918,1.8669999999999989,1.920999999999999,1.8669999999999989,1.9179999999999988,0.9999999999999994,196938200.0,375190467.0,腾讯日K,2026-08-07T17:30:13,20260926T093659
516150,稀土ETF嘉实,SSE,2026-01-07,1.94,1.998,1.938,1.983,1.9399999999999986,1.9979999999999987,1.9379999999999986,1.9829999999999988,0.9999999999999993,351199300.0,690843046.0,腾讯日K,2026-08-07T17:30:13,20260926T093659
516150,稀土ETF嘉实,SSE,2026-01-08,1.961,1.974,1.934,1.957,1.9609999999999987,1.9739999999999986,1.9339999999999986,1.9569999999999987,0.9999999999999993,214147200.0,419719386.0,腾讯日K,2026-08-07T17:30:13,20260926T093659
516150,稀土ETF嘉实,SSE,2026-01-09,1.963,2.045,1.963,2.033,1.9629999999999987,2.0449999999999986,1.9629999999999987,2.0329999999999986,0.9999999999999993,242263500.0,489807564.0,腾讯日K,2026-08-07T17:30:13,20260926T093659
516150,稀土ETF嘉实,SSE,2026-01-12,2.062,2.148,2.043,2.143,2.0619999999999985,2.147999999999999,2.042999999999999,2.1429999999999985,0.9999999999999993,149912500.0,311757641.0,腾讯日K,2026-08-07T17:30:13,20260926T093659
516150,稀土ETF嘉实,SSE,2026-01-13,2.143,2.143,2.04,2.053,2.1429999999999985,2.1429999999999985,2.0399999999999987,2.0529999999999986,0.9999999999999993,362620100.0,754494363.0,腾讯日K,2026-08-07T17:30:13,20260926T093659
516150,稀土ETF嘉实,SSE,2026-01-14,2.044,2.1,2.006,2.032,2.0439999999999987,2.0999999999999988,2.0059999999999985,2.0319999999999987,0.9999999999999993,244310900.0,505657159.0,腾讯日K,2026-08-07T17:30:13,20260926T093659
516150,稀土ETF嘉实,SSE,2026-01-15,2.016,2.047,1.995,2.012,2.0159999999999987,2.046999999999999,1.9949999999999988,2.0119999999999987,0.9999999999999993,316937600.0,640686019.0,腾讯日K,2026-08-07T17:30:13,20260926T093659
516150,稀土ETF嘉实,SSE,2026-01-16,2.013,2.04,2.007,2.023,2.0129999999999986,2.0399999999999987,2.006999999999999,2.022999999999999,0.9999999999999993,111231700.0,225244161.0,腾讯日K,2026-08-07T17:30:13,20260926T093659
516150,稀土ETF嘉实,SSE,2026-01-19,2.0,2.048,1.984,2.034,1.9999999999999987,2.0479999999999987,1.9839999999999987,2.0339999999999985,0.9999999999999993,155613900.0,315615504.0,腾讯日K,2026-08-07T17:30:13,20260926T093659
516150,稀土ETF嘉实,SSE,2026-01-20,2.038,2.048,1.963,2.0,2.0379999999999985,2.0479999999999987,1.9629999999999987,1.9999999999999987,0.9999999999999993,152026200.0,303595303.0,腾讯日K,2026-08-07T17:30:13,20260926T093659
516150,稀土ETF嘉实,SSE,2026-01-21,1.98,2.042,1.98,2.032,1.9799999999999986,2.0419999999999985,1.9799999999999986,2.0319999999999987,0.9999999999999993,99420100.0,201436140.0,腾讯日K,2026-08-07T17:30:13,20260926T093659
516150,稀土ETF嘉实,SSE,2026-01-22,2.029,2.074,2.029,2.056,2.0289999999999986,2.0739999999999985,2.0289999999999986,2.0559999999999987,0.9999999999999993,84094200.0,172451669.0,腾讯日K,2026-08-07T17:30:13,20260926T093659
516150,稀土ETF嘉实,SSE,2026-01-23,2.06,2.115,2.059,2.113,2.0599999999999987,2.114999999999999,2.058999999999999,2.1129999999999987,0.9999999999999993,121666900.0,253812189.0,腾讯日K,2026-08-07T17:30:13,20260926T093659
516150,稀土ETF嘉实,SSE,2026-01-26,2.12,2.144,2.1,2.118,2.1199999999999983,2.1439999999999984,2.0999999999999983,2.117999999999998,0.9999999999999991,127424400.0,270805459.0,腾讯日K,2026-08-07T17:30:13,20260926T093659
516150,稀土ETF嘉实,SSE,2026-01-27,2.1,2.134,2.06,2.085,2.0999999999999983,2.133999999999998,2.0599999999999983,2.084999999999998,0.9999999999999991,142131100.0,298687209.0,腾讯日K,2026-08-07T17:30:13,20260926T093659
516150,稀土ETF嘉实,SSE,2026-01-28,2.082,2.143,2.04,2.139,2.081999999999998,2.142999999999998,2.0399999999999983,2.138999999999998,0.9999999999999992,137445800.0,286601142.0,腾讯日K,2026-08-07T17:30:13,20260926T093659
516150,稀土ETF嘉实,SSE,2026-01-29,2.142,2.223,2.094,2.15,2.141999999999998,2.222999999999998,2.093999999999998,2.149999999999998,0.9999999999999992,301740900.0,653253055.0,腾讯日K,2026-08-07T17:30:13,20260926T093659
516150,稀土ETF嘉实,SSE,2026-01-30,2.088,2.093,1.969,2.02,2.0879999999999983,2.092999999999998,1.9689999999999983,2.0199999999999982,0.9999999999999991,264652000.0,537790074.0,腾讯日K,2026-08-07T17:30:13,20260926T093659
516150,稀土ETF嘉实,SSE,2026-02-02,1.95,2.004,1.916,1.918,1.9499999999999984,2.0039999999999982,1.9159999999999984,1.9179999999999984,0.9999999999999992,234879900.0,463181819.0,腾讯日K,2026-08-07T17:30:13,20260926T093659
516150,稀土ETF嘉实,SSE,2026-02-03,1.952,2.012,1.938,2.012,1.9519999999999986,2.0119999999999987,1.9379999999999986,2.0119999999999987,0.9999999999999993,236204000.0,462154579.0,腾讯日K,2026-08-07T17:30:13,20260926T093659
516150,稀土ETF嘉实,SSE,2026-02-04,2.02,2.024,1.985,2.012,2.0199999999999987,2.0239999999999987,1.9849999999999988,2.0119999999999987,0.9999999999999993,106136000.0,212954157.0,腾讯日K,2026-08-07T17:30:13,20260926T093659
516150,稀土ETF嘉实,SSE,2026-02-05,1.987,1.991,1.913,1.928,1.9869999999999985,1.9909999999999985,1.9129999999999985,1.9279999999999984,0.9999999999999992,128992800.0,251203261.0,腾讯日K,2026-08-07T17:30:13,20260926T093659
516150,稀土ETF嘉实,SSE,2026-02-06,1.89,1.981,1.886,1.958,1.8899999999999981,1.9809999999999983,1.8859999999999981,1.9579999999999982,0.9999999999999991,136365600.0,264202270.0,腾讯日K,2026-08-07T17:30:13,20260926T093659
516150,稀土ETF嘉实,SSE,2026-02-09,1.981,2.033,1.981,2.022,1.9809999999999983,2.032999999999998,1.9809999999999983,2.021999999999998,0.9999999999999991,113689100.0,229128109.0,腾讯日K,2026-08-07T17:30:13,20260926T093659
516150,稀土ETF嘉实,SSE,2026-02-10,2.028,2.044,2.008,2.041,2.0279999999999982,2.0439999999999983,2.0079999999999982,2.040999999999998,0.9999999999999991,109596000.0,222470201.0,腾讯日K,2026-08-07T17:30:13,20260926T093659
516150,稀土ETF嘉实,SSE,2026-02-11,2.035,2.118,2.034,2.087,2.0349999999999984,2.117999999999998,2.033999999999998,2.0869999999999984,0.9999999999999991,260807400.0,545212310.0,腾讯日K,2026-08-07T17:30:13,20260926T093659
516150,稀土ETF嘉实,SSE,2026-02-12,2.087,2.137,2.08,2.128,2.0869999999999984,2.1369999999999982,2.0799999999999983,2.1279999999999983,0.9999999999999991,334073600.0,707633834.0,腾讯日K,2026-08-07T17:30:13,20260926T093659
516150,稀土ETF嘉实,SSE,2026-02-13,2.1,2.107,2.062,2.064,2.0999999999999983,2.1069999999999984,2.061999999999998,2.0639999999999983,0.9999999999999991,150885200.0,314932195.0,腾讯日K,2026-08-07T17:30:13,20260926T093659
516150,稀土ETF嘉实,SSE,2026-02-24,2.11,2.127,2.095,2.107,2.1099999999999985,2.1269999999999984,2.094999999999999,2.106999999999999,0.9999999999999993,131983000.0,278482988.0,腾讯日K,2026-08-07T17:30:13,20260926T093659
516150,稀土ETF嘉实,SSE,2026-02-25,2.114,2.259,2.114,2.235,2.113999999999998,2.258999999999998,2.113999999999998,2.234999999999998,0.9999999999999992,413446300.0,917181780.0,腾讯日K,2026-08-07T17:30:13,20260926T093659
516150,稀土ETF嘉实,SSE,2026-02-26,2.236,2.237,2.207,2.216,2.2359999999999984,2.2369999999999983,2.206999999999998,2.2159999999999984,0.9999999999999992,212463500.0,471808754.0,腾讯日K,2026-08-07T17:30:13,20260926T093659
516150,稀土ETF嘉实,SSE,2026-02-27,2.215,2.31,2.211,2.307,2.214999999999998,2.3099999999999983,2.210999999999998,2.306999999999998,0.9999999999999992,351176000.0,798995211.0,腾讯日K,2026-08-07T17:30:13,20260926T093659
516150,稀土ETF嘉实,SSE,2026-03-02,2.312,2.319,2.237,2.301,2.311999999999998,2.318999999999998,2.2369999999999983,2.3009999999999984,0.9999999999999992,315651500.0,721165871.0,腾讯日K,2026-08-07T17:30:13,20260926T093659
516150,稀土ETF嘉实,SSE,2026-03-03,2.286,2.289,2.139,2.143,2.2859999999999983,2.2889999999999984,2.138999999999998,2.142999999999998,0.9999999999999992,639948900.0,1423991986.0,腾讯日K,2026-08-07T17:30:13,20260926T093659
516150,稀土ETF嘉实,SSE,2026-03-04,2.101,2.225,2.094,2.17,2.100999999999998,2.2249999999999983,2.093999999999998,2.169999999999998,0.9999999999999992,460788600.0,1005532436.0,腾讯日K,2026-08-07T17:30:13,20260926T093659
516150,稀土ETF嘉实,SSE,2026-03-05,2.193,2.214,2.137,2.161,2.1929999999999983,2.213999999999998,2.1369999999999982,2.1609999999999983,0.9999999999999992,247599600.0,537296345.0,腾讯日K,2026-08-07T17:30:13,20260926T093659
516150,稀土ETF嘉实,SSE,2026-03-06,2.144,2.18,2.12,2.142,2.1439999999999984,2.1799999999999984,2.1199999999999983,2.141999999999998,0.9999999999999992,177180400.0,379603043.0,腾讯日K,2026-08-07T17:30:13,20260926T093659
516150,稀土ETF嘉实,SSE,2026-03-09,2.119,2.128,2.049,2.118,2.1189999999999984,2.1279999999999983,2.048999999999998,2.117999999999998,0.9999999999999991,188593100.0,394205556.0,腾讯日K,2026-08-07T17:30:13,20260926T093659
516150,稀土ETF嘉实,SSE,2026-03-10,2.126,2.156,2.123,2.141,2.1259999999999986,2.155999999999999,2.122999999999999,2.1409999999999987,0.9999999999999993,127640400.0,273012988.0,腾讯日K,2026-08-07T17:30:13,20260926T093659
516150,稀土ETF嘉实,SSE,2026-03-11,2.133,2.151,2.109,2.121,2.1329999999999982,2.150999999999998,2.108999999999998,2.120999999999998,0.9999999999999991,106053000.0,225313098.0,腾讯日K,2026-08-07T17:30:13,20260926T093659
516150,稀土ETF嘉实,SSE,2026-03-12,2.111,2.127,2.076,2.115,2.1109999999999984,2.126999999999998,2.0759999999999983,2.1149999999999984,0.9999999999999991,297733000.0,626221029.0,腾讯日K,2026-08-07T17:30:13,20260926T093659
516150,稀土ETF嘉实,SSE,2026-03-13,2.103,2.13,2.061,2.068,2.1029999999999984,2.129999999999998,2.060999999999998,2.0679999999999983,0.9999999999999991,193559600.0,404508948.0,腾讯日K,2026-08-07T17:30:13,20260926T093659
516150,稀土ETF嘉实,SSE,2026-03-16,2.06,2.068,1.993,2.023,2.0599999999999983,2.0679999999999983,1.9929999999999983,2.0229999999999984,0.9999999999999991,301323800.0,605825243.0,腾讯日K,2026-08-07T17:30:13,20260926T093659
516150,稀土ETF嘉实,SSE,2026-03-17,2.023,2.035,1.966,1.968,2.0229999999999984,2.0349999999999984,1.9659999999999984,1.9679999999999984,0.9999999999999992,173491800.0,345013881.0,腾讯日K,2026-08-07T17:30:13,20260926T093659
516150,稀土ETF嘉实,SSE,2026-03-18,1.964,1.984,1.934,1.98,1.9639999999999982,1.9839999999999982,1.9339999999999982,1.9799999999999982,0.9999999999999991,136885100.0,268481106.0,腾讯日K,2026-08-07T17:30:13,20260926T093659
516150,稀土ETF嘉实,SSE,2026-03-19,1.943,1.943,1.876,1.887,1.9429999999999985,1.9429999999999985,1.8759999999999983,1.8869999999999985,0.9999999999999992,211085900.0,403389122.0,腾讯日K,2026-08-07T17:30:13,20260926T093659
516150,稀土ETF嘉实,SSE,2026-03-20,1.882,1.905,1.848,1.849,1.8819999999999981,1.9049999999999983,1.8479999999999985,1.8489999999999984,0.9999999999999991,158880000.0,299516282.0,腾讯日K,2026-08-07T17:30:13,20260926T093659
516150,稀土ETF嘉实,SSE,2026-03-23,1.806,1.866,1.78,1.79,1.8059999999999985,1.8659999999999985,1.7799999999999985,1.7899999999999985,0.9999999999999991,306434800.0,561630834.0,腾讯日K,2026-08-07T17:30:13,20260926T093659
516150,稀土ETF嘉实,SSE,2026-03-24,1.823,1.828,1.757,1.824,1.8229999999999986,1.8279999999999987,1.7569999999999986,1.8239999999999987,0.9999999999999992,277370100.0,497434442.0,腾讯日K,2026-08-07T17:30:13,20260926T093659
516150,稀土ETF嘉实,SSE,2026-03-25,1.84,1.878,1.84,1.876,1.8399999999999987,1.8779999999999986,1.8399999999999987,1.8759999999999986,0.9999999999999993,107274900.0,199756719.0,腾讯日K,2026-08-07T17:30:13,20260926T093659
516150,稀土ETF嘉实,SSE,2026-03-26,1.874,1.882,1.838,1.848,1.8739999999999986,1.8819999999999981,1.8379999999999985,1.8479999999999985,0.9999999999999991,113812900.0,212323674.0,腾讯日K,2026-08-07T17:30:13,20260926T093659
516150,稀土ETF嘉实,SSE,2026-03-27,1.819,1.899,1.814,1.886,1.8189999999999986,1.8989999999999985,1.8139999999999987,1.8859999999999983,0.9999999999999992,152343900.0,285018738.0,腾讯日K,2026-08-07T17:30:13,20260926T093659
516150,稀土ETF嘉实,SSE,2026-03-30,1.87,1.883,1.842,1.876,1.8699999999999988,1.8829999999999987,1.8419999999999987,1.8759999999999986,0.9999999999999993,138028200.0,256502068.0,腾讯日K,2026-08-07T17:30:13,20260926T093659
516150,稀土ETF嘉实,SSE,2026-03-31,1.873,1.888,1.843,1.846,1.8729999999999984,1.8879999999999983,1.8429999999999986,1.8459999999999988,0.9999999999999992,160250400.0,298552281.0,腾讯日K,2026-08-07T17:30:13,20260926T093659
516150,稀土ETF嘉实,SSE,2026-04-01,1.877,1.88,1.85,1.869,1.8769999999999984,1.8799999999999983,1.8499999999999988,1.8689999999999984,0.9999999999999992,75857400.0,141375711.0,腾讯日K,2026-08-07T17:30:13,20260926T093659
516150,稀土ETF嘉实,SSE,2026-04-02,1.858,1.862,1.81,1.823,1.8579999999999985,1.8619999999999985,1.8099999999999985,1.8229999999999984,0.9999999999999991,98546500.0,180396893.0,腾讯日K,2026-08-07T17:30:13,20260926T093659
516150,稀土ETF嘉实,SSE,2026-04-03,1.824,1.83,1.798,1.805,1.8239999999999985,1.8299999999999985,1.7979999999999985,1.8049999999999984,0.9999999999999991,75374300.0,136520449.0,腾讯日K,2026-08-07T17:30:13,20260926T093659
516150,稀土ETF嘉实,SSE,2026-04-07,1.805,1.849,1.803,1.844,1.8049999999999984,1.8489999999999984,1.8029999999999984,1.8439999999999985,0.9999999999999991,80293300.0,146634250.0,腾讯日K,2026-08-07T17:30:13,20260926T093659
516150,稀土ETF嘉实,SSE,2026-04-08,1.88,1.924,1.88,1.922,1.8799999999999983,1.9239999999999984,1.8799999999999983,1.9219999999999984,0.9999999999999992,185515500.0,354050378.0,腾讯日K,2026-08-07T17:30:13,20260926T093659
516150,稀土ETF嘉实,SSE,2026-04-09,1.901,1.952,1.898,1.935,1.9009999999999985,1.9519999999999984,1.8979999999999984,1.9349999999999985,0.9999999999999992,177603800.0,343847991.0,腾讯日K,2026-08-07T17:30:13,20260926T093659
516150,稀土ETF嘉实,SSE,2026-04-10,1.948,1.969,1.937,1.946,1.9479999999999984,1.9689999999999985,1.9369999999999985,1.9459999999999984,0.9999999999999992,123986300.0,241466663.0,腾讯日K,2026-08-07T17:30:13,20260926T093659
516150,稀土ETF嘉实,SSE,2026-04-13,1.955,1.978,1.947,1.968,1.9549999999999985,1.9779999999999984,1.9469999999999985,1.9679999999999984,0.9999999999999992,105409100.0,206763691.0,腾讯日K,2026-08-07T17:30:13,20260926T093659
516150,稀土ETF嘉实,SSE,2026-04-14,1.977,1.986,1.944,1.974,1.9769999999999988,1.9859999999999987,1.9439999999999986,1.9739999999999986,0.9999999999999993,117209600.0,229540621.0,腾讯日K,2026-08-07T17:30:13,20260926T093659
516150,稀土ETF嘉实,SSE,2026-04-15,1.976,1.991,1.929,1.937,1.9759999999999986,1.9909999999999988,1.9289999999999987,1.9369999999999987,0.9999999999999993,128757500.0,252559364.0,腾讯日K,2026-08-07T17:30:13,20260926T093659
516150,稀土ETF嘉实,SSE,2026-04-16,1.94,1.986,1.94,1.981,1.9399999999999986,1.9859999999999987,1.9399999999999986,1.9809999999999988,0.9999999999999993,173201900.0,340786977.0,腾讯日K,2026-08-07T17:30:13,20260926T093659
516150,稀土ETF嘉实,SSE,2026-04-17,1.982,2.007,1.972,2.0,1.9819999999999987,2.006999999999999,1.9719999999999986,1.9999999999999987,0.9999999999999993,134947500.0,269642566.0,腾讯日K,2026-08-07T17:30:13,20260926T093659
516150,稀土ETF嘉实,SSE,2026-04-20,2.0,2.059,1.983,2.051,1.9999999999999987,2.058999999999999,1.9829999999999988,2.050999999999999,0.9999999999999993,292271100.0,592351827.0,腾讯日K,2026-08-07T17:30:13,20260926T093659
516150,稀土ETF嘉实,SSE,2026-04-21,2.047,2.047,2.016,2.036,2.046999999999999,2.046999999999999,2.0159999999999987,2.0359999999999987,0.9999999999999993,147121400.0,298747137.0,腾讯日K,2026-08-07T17:30:13,20260926T093659
516150,稀土ETF嘉实,SSE,2026-04-22,2.021,2.043,2.014,2.039,2.0209999999999986,2.042999999999999,2.0139999999999985,2.038999999999999,0.9999999999999993,128065300.0,260113679.0,腾讯日K,2026-08-07T17:30:13,20260926T093659
516150,稀土ETF嘉实,SSE,2026-04-23,2.037,2.04,1.946,1.954,2.0369999999999986,2.0399999999999987,1.9459999999999988,1.9539999999999988,0.9999999999999994,351006400.0,689209859.0,腾讯日K,2026-08-07T17:30:13,20260926T093659
516150,稀土ETF嘉实,SSE,2026-04-24,1.942,1.969,1.928,1.956,1.9419999999999986,1.9689999999999988,1.9279999999999986,1.9559999999999986,0.9999999999999993,176915800.0,343757693.0,腾讯日K,2026-08-07T17:30:13,20260926T093659
516150,稀土ETF嘉实,SSE,2026-04-27,1.95,1.966,1.942,1.952,1.9499999999999988,1.9659999999999989,1.9419999999999988,1.9519999999999988,0.9999999999999994,93100700.0,181960903.0,腾讯日K,2026-08-07T17:30:13,20260926T093659
516150,稀土ETF嘉实,SSE,2026-04-28,1.952,1.952,1.907,1.916,1.9519999999999988,1.9519999999999988,1.906999999999999,1.9159999999999988,0.9999999999999994,167306600.0,321421008.0,腾讯日K,2026-08-07T17:30:13,20260926T093659
516150,稀土ETF嘉实,SSE,2026-04-29,1.912,2.03,1.911,2.028,1.9119999999999986,2.0299999999999985,1.9109999999999987,2.0279999999999987,0.9999999999999993,269647100.0,538021764.0,腾讯日K,2026-08-07T17:30:13,20260926T093659
516150,稀土ETF嘉实,SSE,2026-04-30,2.015,2.047,2.01,2.046,2.014999999999999,2.046999999999999,2.0099999999999985,2.0459999999999985,0.9999999999999993,225473100.0,457693318.0,腾讯日K,2026-08-07T17:30:13,20260926T093659
516150,稀土ETF嘉实,SSE,2026-05-06,2.049,2.104,2.036,2.103,2.0489999999999986,2.1039999999999988,2.0359999999999987,2.102999999999999,0.9999999999999993,157527900.0,327013968.0,腾讯日K,2026-08-07T17:30:13,20260926T093659
516150,稀土ETF嘉实,SSE,2026-05-07,2.11,2.115,2.081,2.106,2.109999999999998,2.1149999999999984,2.080999999999998,2.105999999999998,0.9999999999999991,148926000.0,312244204.0,腾讯日K,2026-08-07T17:30:13,20260926T093659
516150,稀土ETF嘉实,SSE,2026-05-08,2.095,2.109,2.075,2.105,2.094999999999999,2.1089999999999987,2.074999999999999,2.1049999999999986,0.9999999999999993,175226200.0,366909411.0,腾讯日K,2026-08-07T17:30:13,20260926T093659
516150,稀土ETF嘉实,SSE,2026-05-11,2.111,2.163,2.109,2.162,2.110999999999999,2.1629999999999985,2.1089999999999987,2.1619999999999986,0.9999999999999993,353047900.0,756278377.0,腾讯日K,2026-08-07T17:30:13,20260926T093659
516150,稀土ETF嘉实,SSE,2026-05-12,2.165,2.167,2.076,2.091,2.1649999999999987,2.1669999999999985,2.0759999999999987,2.090999999999999,0.9999999999999993,220855300.0,465152560.0,腾讯日K,2026-08-07T17:30:13,20260926T093659
516150,稀土ETF嘉实,SSE,2026-05-13,2.07,2.128,2.07,2.119,2.0699999999999985,2.127999999999999,2.0699999999999985,2.118999999999999,0.9999999999999993,233390000.0,492935021.0,腾讯日K,2026-08-07T17:30:13,20260926T093659
516150,稀土ETF嘉实,SSE,2026-05-14,2.119,2.125,2.05,2.051,2.1189999999999984,2.1249999999999982,2.049999999999998,2.0509999999999984,0.9999999999999991,165842400.0,344936896.0,腾讯日K,2026-08-07T17:30:13,20260926T093659
516150,稀土ETF嘉实,SSE,2026-05-15,2.039,2.097,2.021,2.035,2.0389999999999984,2.096999999999998,2.020999999999998,2.0349999999999984,0.9999999999999991,223019400.0,455738134.0,腾讯日K,2026-08-07T17:30:13,20260926T093659
516150,稀土ETF嘉实,SSE,2026-05-18,2.015,2.032,1.987,2.005,2.014999999999999,2.0319999999999987,1.9869999999999988,2.0049999999999986,0.9999999999999993,150937000.0,303134047.0,腾讯日K,2026-08-07T17:30:13,20260926T093659
516150,稀土ETF嘉实,SSE,2026-05-19,1.997,2.002,1.942,1.976,1.9969999999999986,2.001999999999998,1.9419999999999984,1.9759999999999984,0.9999999999999992,205267300.0,403979564.0,腾讯日K,2026-08-07T17:30:13,20260926T093659
516150,稀土ETF嘉实,SSE,2026-05-20,1.953,2.011,1.936,1.997,1.9529999999999985,2.0109999999999983,1.9359999999999984,1.9969999999999986,0.9999999999999992,179525400.0,352928000.0,腾讯日K,2026-08-07T17:30:13,20260926T093659
516150,稀土ETF嘉实,SSE,2026-05-21,1.999,2.032,1.945,1.947,1.9989999999999986,2.0319999999999983,1.9449999999999985,1.9469999999999985,0.9999999999999992,165982900.0,332176693.0,腾讯日K,2026-08-07T17:30:13,20260926T093659
516150,稀土ETF嘉实,SSE,2026-05-22,1.945,2.002,1.943,1.997,1.9449999999999985,2.001999999999998,1.9429999999999985,1.9969999999999986,0.9999999999999992,131112800.0,259150321.0,腾讯日K,2026-08-07T17:30:13,20260926T093659
516150,稀土ETF嘉实,SSE,2026-05-25,2.001,2.018,1.973,2.007,2.000999999999998,2.017999999999998,1.9729999999999983,2.0069999999999983,0.9999999999999991,124042900.0,247248660.0,腾讯日K,2026-08-07T17:30:13,20260926T093659
516150,稀土ETF嘉实,SSE,2026-05-26,1.989,2.015,1.97,2.015,1.9889999999999983,2.0149999999999983,1.9699999999999982,2.0149999999999983,0.9999999999999991,178411800.0,355490879.0,腾讯日K,2026-08-07T17:30:13,20260926T093659
516150,稀土ETF嘉实,SSE,2026-05-27,2.015,2.023,1.94,1.954,2.0149999999999983,2.0229999999999984,1.9399999999999982,1.9539999999999982,0.9999999999999991,141869700.0,281274121.0,腾讯日K,2026-08-07T17:30:13,20260926T093659
516150,稀土ETF嘉实,SSE,2026-05-28,1.938,2.004,1.938,1.997,1.9379999999999984,2.0039999999999982,1.9379999999999984,1.9969999999999986,0.9999999999999992,149257500.0,294560053.0,腾讯日K,2026-08-07T17:30:13,20260926T093659
516150,稀土ETF嘉实,SSE,2026-05-29,1.991,2.0,1.9,1.912,1.9909999999999985,1.9999999999999984,1.8999999999999984,1.9119999999999984,0.9999999999999992,158678100.0,307249417.0,腾讯日K,2026-08-07T17:30:13,20260926T093659
516150,稀土ETF嘉实,SSE,2026-06-01,1.903,1.934,1.887,1.895,1.9029999999999987,1.9339999999999986,1.8869999999999987,1.8949999999999987,0.9999999999999993,123398100.0,235644348.0,腾讯日K,2026-08-07T17:30:13,20260926T093659
516150,稀土ETF嘉实,SSE,2026-06-02,1.884,1.927,1.848,1.918,1.8839999999999983,1.9269999999999985,1.8479999999999988,1.9179999999999984,0.9999999999999992,91436300.0,172540179.0,腾讯日K,2026-08-07T17:30:13,20260926T093659
516150,稀土ETF嘉实,SSE,2026-06-03,1.912,1.985,1.901,1.963,1.9119999999999984,1.9849999999999985,1.9009999999999985,1.9629999999999985,0.9999999999999992,149805500.0,293554333.0,腾讯日K,2026-08-07T17:30:13,20260926T093659
516150,稀土ETF嘉实,SSE,2026-06-04,1.944,1.97,1.914,1.969,1.9439999999999982,1.9699999999999982,1.9139999999999981,1.9689999999999983,0.9999999999999991,127344200.0,247050220.0,腾讯日K,2026-08-07T17:30:13,20260926T093659
516150,稀土ETF嘉实,SSE,2026-06-05,1.956,2.008,1.939,1.969,1.9559999999999982,2.0079999999999982,1.9389999999999983,1.9689999999999983,0.9999999999999991,146559900.0,289552613.0,腾讯日K,2026-08-07T17:30:13,20260926T093659
516150,稀土ETF嘉实,SSE,2026-06-08,1.914,1.944,1.86,1.875,1.913999999999998,1.943999999999998,1.8599999999999983,1.8749999999999982,0.999999999999999,149276900.0,283827184.0,腾讯日K,2026-08-07T17:30:13,20260926T093659
516150,稀土ETF嘉实,SSE,2026-06-09,1.89,1.953,1.872,1.947,1.8899999999999981,1.9529999999999983,1.8719999999999986,1.9469999999999983,0.9999999999999991,170435600.0,326468727.0,腾讯日K,2026-08-07T17:30:13,20260926T093659
516150,稀土ETF嘉实,SSE,2026-06-10,1.922,1.957,1.901,1.915,1.9219999999999982,1.9569999999999983,1.9009999999999982,1.9149999999999983,0.9999999999999991,136081500.0,262502156.0,腾讯日K,2026-08-07T17:30:13,20260926T093659
516150,稀土ETF嘉实,SSE,2026-06-11,1.9,1.947,1.897,1.931,1.899999999999998,1.946999999999998,1.896999999999998,1.930999999999998,0.999999999999999,140980000.0,271515413.0,腾讯日K,2026-08-07T17:30:13,20260926T093659
516150,稀土ETF嘉实,SSE,2026-06-12,1.962,2.039,1.951,1.976,1.9619999999999982,2.0389999999999984,1.9509999999999983,1.9759999999999982,0.9999999999999991,140489200.0,279458587.0,腾讯日K,2026-08-07T17:30:13,20260926T093659
516150,稀土ETF嘉实,SSE,2026-06-15,2.008,2.039,1.975,2.038,2.0079999999999982,2.0389999999999984,1.9749999999999983,2.037999999999998,0.9999999999999991,142220800.0,285115165.0,腾讯日K,2026-08-07T17:30:13,20260926T093659
516150,稀土ETF嘉实,SSE,2026-06-16,2.05,2.124,2.019,2.102,2.049999999999998,2.1239999999999983,2.0189999999999984,2.101999999999998,0.9999999999999991,237567300.0,497912213.0,腾讯日K,2026-08-07T17:30:13,20260926T093659
516150,稀土ETF嘉实,SSE,2026-06-17,2.094,2.099,2.053,2.082,2.093999999999998,2.0989999999999984,2.052999999999998,2.081999999999998,0.9999999999999991,279855800.0,580922132.0,腾讯日K,2026-08-07T17:30:13,20260926T093659
516150,稀土ETF嘉实,SSE,2026-06-18,2.055,2.154,2.054,2.147,2.054999999999998,2.1539999999999977,2.0539999999999976,2.1469999999999976,0.999999999999999,185489000.0,393872848.0,腾讯日K,2026-08-07T17:30:13,20260926T093659
516150,稀土ETF嘉实,SSE,2026-06-22,2.183,2.237,2.141,2.235,2.1829999999999976,2.236999999999998,2.140999999999998,2.2349999999999977,0.999999999999999,302246500.0,656880342.0,腾讯日K,2026-08-07T17:30:13,20260926T093659
516150,稀土ETF嘉实,SSE,2026-06-23,2.234,2.234,2.071,2.088,2.233999999999998,2.233999999999998,2.0709999999999984,2.0879999999999983,0.9999999999999991,304232400.0,646618266.0,腾讯日K,2026-08-07T17:30:13,20260926T093659
516150,稀土ETF嘉实,SSE,2026-06-24,2.061,2.1,2.026,2.092,2.060999999999998,2.0999999999999983,2.025999999999998,2.0919999999999983,0.9999999999999991,215539200.0,444635564.0,腾讯日K,2026-08-07T17:30:13,20260926T093659
516150,稀土ETF嘉实,SSE,2026-06-25,2.08,2.118,2.054,2.099,2.079999999999998,2.1179999999999977,2.0539999999999976,2.098999999999998,0.9999999999999989,138115300.0,289930068.0,腾讯日K,2026-08-07T17:30:13,20260926T093659
516150,稀土ETF嘉实,SSE,2026-06-26,2.085,2.095,2.011,2.017,2.0849999999999977,2.094999999999998,2.010999999999998,2.0169999999999977,0.9999999999999989,133121300.0,273316734.0,腾讯日K,2026-08-07T17:30:13,20260926T093659
516150,稀土ETF嘉实,SSE,2026-06-29,2.004,2.026,1.942,1.986,2.003999999999998,2.0259999999999976,1.941999999999998,1.985999999999998,0.999999999999999,163630000.0,325488093.0,腾讯日K,2026-08-07T17:30:13,20260926T093659
516150,稀土ETF嘉实,SSE,2026-06-30,1.98,2.054,1.971,2.05,1.9799999999999982,2.053999999999998,1.9709999999999983,2.049999999999998,0.9999999999999991,96520100.0,194359846.0,腾讯日K,2026-08-07T17:30:13,20260926T093659
516150,稀土ETF嘉实,SSE,2026-07-01,2.05,2.077,2.032,2.046,2.049999999999998,2.076999999999998,2.0319999999999983,2.045999999999998,0.9999999999999991,102336900.0,210190124.0,腾讯日K,2026-08-07T17:30:13,20260926T093659
516150,稀土ETF嘉实,SSE,2026-07-02,2.026,2.1,1.987,2.034,2.025999999999998,2.0999999999999983,1.9869999999999983,2.033999999999998,0.9999999999999991,192155300.0,395259962.0,腾讯日K,2026-08-07T17:30:13,20260926T093659
516150,稀土ETF嘉实,SSE,2026-07-03,2.055,2.08,2.017,2.049,2.054999999999998,2.079999999999998,2.0169999999999977,2.0489999999999977,0.9999999999999989,173388000.0,355282680.0,腾讯日K,2026-08-07T17:30:13,20260926T093659
516150,稀土ETF嘉实,SSE,2026-07-06,2.063,2.075,1.971,1.974,2.062999999999998,2.074999999999998,1.970999999999998,1.973999999999998,0.999999999999999,157466800.0,315422031.0,腾讯日K,2026-08-07T17:30:13,20260926T093659
516150,稀土ETF嘉实,SSE,2026-07-07,1.959,2.012,1.944,1.955,1.958999999999998,2.011999999999998,1.943999999999998,1.954999999999998,0.999999999999999,72398100.0,142604856.0,腾讯日K,2026-08-07T17:30:13,20260926T093659
516150,稀土ETF嘉实,SSE,2026-07-08,1.947,1.953,1.863,1.866,1.9469999999999978,1.9529999999999978,1.862999999999998,1.865999999999998,0.9999999999999989,133990000.0,253281408.0,腾讯日K,2026-08-07T17:30:13,20260926T093659
516150,稀土ETF嘉实,SSE,2026-07-09,1.85,1.868,1.762,1.835,1.8499999999999983,1.8679999999999983,1.7619999999999982,1.8349999999999982,0.999999999999999,138631000.0,250986995.0,腾讯日K,2026-08-07T17:30:13,20260926T093659
516150,稀土ETF嘉实,SSE,2026-07-10,1.818,1.88,1.816,1.837,1.8179999999999983,1.8799999999999981,1.8159999999999983,1.8369999999999982,0.999999999999999,136949200.0,253701815.0,腾讯日K,2026-08-07T17:30:13,20260926T093659
516150,稀土ETF嘉实,SSE,2026-07-13,1.803,1.826,1.705,1.71,1.8029999999999984,1.8259999999999985,1.7049999999999985,1.7099999999999984,0.9999999999999991,169516500.0,294159939.0,腾讯日K,2026-08-07T17:30:13,20260926T093659
516150,稀土ETF嘉实,SSE,2026-07-14,1.701,1.759,1.686,1.759,1.7009999999999985,1.7589999999999983,1.6859999999999984,1.7589999999999983,0.9999999999999991,127486200.0,218542267.0,腾讯日K,2026-08-07T17:30:13,20260926T093659
516150,稀土ETF嘉实,SSE,2026-07-15,1.76,1.766,1.711,1.717,1.7599999999999985,1.7659999999999985,1.7109999999999985,1.7169999999999985,0.9999999999999991,102990000.0,178615966.0,腾讯日K,2026-08-07T17:30:13,20260926T093659
516150,稀土ETF嘉实,SSE,2026-07-16,1.694,1.717,1.665,1.674,1.6939999999999986,1.7169999999999987,1.6649999999999987,1.6739999999999986,0.9999999999999992,85965300.0,145227020.0,腾讯日K,2026-08-07T17:30:13,20260926T093659
516150,稀土ETF嘉实,SSE,2026-07-17,1.674,1.674,1.58,1.591,1.6739999999999988,1.6739999999999988,1.579999999999999,1.5909999999999989,0.9999999999999993,129987400.0,210901167.0,腾讯日K,2026-08-07T17:30:13,20260926T093659
516150,稀土ETF嘉实,SSE,2026-07-20,1.598,1.618,1.524,1.547,1.597999999999999,1.617999999999999,1.523999999999999,1.5469999999999988,0.9999999999999993,84680600.0,133512619.0,腾讯日K,2026-08-07T17:30:13,20260926T093659
516150,稀土ETF嘉实,SSE,2026-07-21,1.55,1.625,1.524,1.624,1.549999999999999,1.6249999999999987,1.523999999999999,1.6239999999999988,0.9999999999999992,94286300.0,148577157.0,腾讯日K,2026-08-07T17:30:13,20260926T093659
516150,稀土ETF嘉实,SSE,2026-07-22,1.612,1.64,1.598,1.61,1.611999999999999,1.6399999999999988,1.597999999999999,1.609999999999999,0.9999999999999993,74660000.0,121104848.0,腾讯日K,2026-08-07T17:30:13,20260926T093659
516150,稀土ETF嘉实,SSE,2026-07-23,1.611,1.662,1.606,1.659,1.6109999999999989,1.6619999999999988,1.605999999999999,1.658999999999999,0.9999999999999993,93110600.0,152844113.0,腾讯日K,2026-08-07T17:30:13,20260926T093659
516150,稀土ETF嘉实,SSE,2026-07-24,1.644,1.644,1.601,1.603,1.643999999999999,1.643999999999999,1.600999999999999,1.602999999999999,0.9999999999999994,85978100.0,139103669.0,腾讯日K,2026-08-07T17:30:13,20260926T093659
516150,稀土ETF嘉实,SSE,2026-07-27,1.606,1.646,1.601,1.646,1.6059999999999992,1.645999999999999,1.600999999999999,1.645999999999999,0.9999999999999994,61061000.0,99117029.0,腾讯日K,2026-08-07T17:30:13,20260926T093659
516150,稀土ETF嘉实,SSE,2026-07-28,1.627,1.637,1.598,1.607,1.6269999999999993,1.6369999999999993,1.5979999999999994,1.6069999999999993,0.9999999999999996,55900800.0,90409478.0,腾讯日K,2026-08-07T17:30:13,20260926T093659
516150,稀土ETF嘉实,SSE,2026-07-29,1.607,1.64,1.579,1.625,1.6069999999999993,1.6399999999999992,1.5789999999999993,1.6249999999999993,0.9999999999999996,69870900.0,112167826.0,腾讯日K,2026-08-07T17:30:13,20260926T093659
516150,稀土ETF嘉实,SSE,2026-07-30,1.618,1.637,1.583,1.598,1.6179999999999994,1.6369999999999993,1.5829999999999993,1.5979999999999994,0.9999999999999996,60308100.0,96989929.0,腾讯日K,2026-08-07T17:30:13,20260926T093659
516150,稀土ETF嘉实,SSE,2026-07-31,1.637,1.661,1.628,1.633,1.6369999999999996,1.6609999999999996,1.6279999999999994,1.6329999999999996,0.9999999999999998,73900700.0,121502050.0,腾讯日K,2026-08-07T17:30:13,20260926T093659
516150,稀土ETF嘉实,SSE,2026-08-03,1.622,1.659,1.614,1.652,1.6219999999999997,1.6589999999999996,1.6139999999999997,1.6519999999999995,0.9999999999999998,63476000.0,104476154.0,腾讯日K,2026-08-07T17:30:13,20260926T093659
516150,稀土ETF嘉实,SSE,2026-08-04,1.659,1.689,1.651,1.686,1.6589999999999998,1.6889999999999998,1.6509999999999998,1.6859999999999997,0.9999999999999999,55926200.0,93502113.0,腾讯日K,2026-08-07T17:30:13,20260926T093659
516150,稀土ETF嘉实,SSE,2026-08-05,1.719,1.75,1.703,1.749,1.7189999999999999,1.7499999999999998,1.7029999999999998,1.7489999999999999,0.9999999999999999,136262400.0,235758881.0,腾讯日K,2026-08-07T17:30:13,20260926T093659
516150,稀土ETF嘉实,SSE,2026-08-06,1.761,1.787,1.739,1.756,1.761,1.787,1.739,1.756,1.0,238294300.0,420115708.0,腾讯日K,2026-08-07T17:30:13,20260926T093659
516150,稀土ETF嘉实,SSE,2026-08-07,1.762,1.821,1.754,1.818,1.762,1.821,1.754,1.818,1.0,217500800.0,391400000.0,腾讯日K,2026-08-07T17:30:13,20260926T093659
516150,稀土ETF嘉实,SSE,2026-08-10,1.825,1.88,1.792,1.832,1.825,1.88,1.792,1.832,1.0,128018800.0,232557695.0,腾讯日K/前复权日K,2026-08-12T15:11:07+08:00,20260926T093659
516150,稀土ETF嘉实,SSE,2026-08-11,1.81,1.817,1.784,1.787,1.81,1.817,1.784,1.787,1.0,77202800.0,138920615.0,腾讯日K/前复权日K,2026-08-12T15:11:07+08:00,20260926T093659
516150,稀土ETF嘉实,SSE,2026-08-12,1.78,1.808,1.779,1.797,1.78,1.808,1.779,1.797,1.0,70429200.0,126611553.0,腾讯日K/前复权日K,2026-08-16T10:57:23+08:00,20260926T093659
516150,稀土ETF嘉实,SSE,2026-08-13,1.791,1.804,1.762,1.763,1.791,1.804,1.762,1.763,1.0,59122200.0,105595907.0,腾讯日K/前复权日K,2026-08-16T10:57:23+08:00,20260926T093659
516150,稀土ETF嘉实,SSE,2026-08-14,1.763,1.816,1.761,1.812,1.763,1.816,1.761,1.812,1.0,154167000.0,276582809.0,腾讯日K/前复权日K,2026-08-16T10:57:23+08:00,20260926T093659
516150,稀土ETF嘉实,SSE,2026-08-17,1.811,1.848,1.792,1.842,1.811,1.848,1.792,1.842,1.0,146835800.0,268197494.0,腾讯日K/前复权日K,2026-08-24T09:33:57+08:00,20260926T093659
516150,稀土ETF嘉实,SSE,2026-08-18,1.841,1.859,1.818,1.839,1.841,1.859,1.818,1.839,1.0,99322200.0,181955786.0,腾讯日K/前复权日K,2026-08-24T09:33:57+08:00,20260926T093659
516150,稀土ETF嘉实,SSE,2026-08-19,1.822,1.822,1.758,1.763,1.822,1.822,1.758,1.763,1.0,83287500.0,148909236.0,腾讯日K/前复权日K,2026-08-24T09:33:57+08:00,20260926T093659
516150,稀土ETF嘉实,SSE,2026-08-20,1.78,1.781,1.729,1.736,1.78,1.781,1.729,1.736,1.0,80966000.0,142071049.0,腾讯日K/前复权日K,2026-08-24T09:33:57+08:00,20260926T093659
516150,稀土ETF嘉实,SSE,2026-08-21,1.721,1.752,1.71,1.752,1.721,1.752,1.71,1.752,1.0,93260000.0,161937538.0,腾讯日K/前复权日K,2026-08-24T09:33:57+08:00,20260926T093659
516150,稀土ETF嘉实,SSE,2026-08-24,1.754,1.776,1.713,1.736,1.754,1.776,1.713,1.736,1.0,70697400.0,123359111.0,腾讯日K/前复权日K,2026-08-28T08:35:12+08:00,20260926T093659
516150,稀土ETF嘉实,SSE,2026-08-25,1.71,1.742,1.66,1.719,1.71,1.742,1.66,1.719,1.0,64040800.0,109881237.0,腾讯日K/前复权日K,2026-08-28T08:35:12+08:00,20260926T093659
516150,稀土ETF嘉实,SSE,2026-08-26,1.715,1.746,1.715,1.725,1.715,1.746,1.715,1.725,1.0,61844400.0,106956533.0,腾讯日K/前复权日K,2026-08-28T08:35:12+08:00,20260926T093659
516150,稀土ETF嘉实,SSE,2026-08-27,1.716,1.767,1.716,1.765,1.716,1.767,1.716,1.765,1.0,91765300.0,160533880.0,腾讯日K/前复权日K,2026-08-28T08:35:12+08:00,20260926T093659
516150,稀土ETF嘉实,SSE,2026-08-28,1.799,1.799,1.748,1.753,1.799,1.799,1.748,1.753,1.0,75126700.0,132195206.0,腾讯日K/前复权日K,2026-08-28T20:24:50+08:00,20260926T093659
516150,稀土ETF嘉实,SSE,2026-08-31,1.738,1.76,1.714,1.76,1.738,1.76,1.714,1.76,1.0,98922900.0,171762385.0,腾讯日K/前复权日K,2026-09-05T10:35:53+08:00,20260926T093659
516150,稀土ETF嘉实,SSE,2026-09-01,1.756,1.759,1.726,1.729,1.756,1.759,1.726,1.729,1.0,68628700.0,119202229.0,腾讯日K/前复权日K,2026-09-05T10:35:53+08:00,20260926T093659
516150,稀土ETF嘉实,SSE,2026-09-02,1.714,1.715,1.68,1.693,1.714,1.715,1.68,1.693,1.0,57851900.0,97893020.0,腾讯日K/前复权日K,2026-09-05T10:35:53+08:00,20260926T093659
516150,稀土ETF嘉实,SSE,2026-09-03,1.699,1.712,1.691,1.702,1.699,1.712,1.691,1.702,1.0,42293200.0,71927512.0,腾讯日K/前复权日K,2026-09-05T10:35:53+08:00,20260926T093659
516150,稀土ETF嘉实,SSE,2026-09-04,1.707,1.72,1.662,1.674,1.707,1.72,1.662,1.674,1.0,81530900.0,137572458.0,腾讯日K/前复权日K,2026-09-05T10:35:53+08:00,20260926T093659
516150,稀土ETF嘉实,SSE,2026-09-07,1.666,1.692,1.665,1.688,1.666,1.692,1.665,1.688,1.0,103933700.0,174702713.0,腾讯日K/前复权日K,2026-09-12T10:09:37+08:00,20260926T093659
516150,稀土ETF嘉实,SSE,2026-09-08,1.688,1.694,1.675,1.685,1.688,1.694,1.675,1.685,1.0,47344500.0,79785234.0,腾讯日K/前复权日K,2026-09-12T10:09:37+08:00,20260926T093659
516150,稀土ETF嘉实,SSE,2026-09-09,1.687,1.693,1.675,1.69,1.687,1.693,1.675,1.69,1.0,48128900.0,81112829.0,腾讯日K/前复权日K,2026-09-12T10:09:37+08:00,20260926T093659
516150,稀土ETF嘉实,SSE,2026-09-10,1.676,1.681,1.663,1.673,1.676,1.681,1.663,1.673,1.0,35819000.0,59932198.0,腾讯日K/前复权日K,2026-09-12T10:09:37+08:00,20260926T093659
516150,稀土ETF嘉实,SSE,2026-09-11,1.652,1.652,1.609,1.638,1.652,1.652,1.609,1.638,1.0,63885400.0,104084812.0,腾讯日K/前复权日K,2026-09-12T10:09:37+08:00,20260926T093659
516150,稀土ETF嘉实,SSE,2026-09-14,1.623,1.653,1.618,1.644,1.623,1.653,1.618,1.644,1.0,56496300.0,92548651.0,腾讯日K/前复权日K,2026-09-18T18:31:56+08:00,20260926T093659
516150,稀土ETF嘉实,SSE,2026-09-15,1.64,1.655,1.638,1.643,1.64,1.655,1.638,1.643,1.0,39120400.0,64425516.0,腾讯日K/前复权日K,2026-09-18T18:31:56+08:00,20260926T093659
516150,稀土ETF嘉实,SSE,2026-09-16,1.64,1.673,1.616,1.667,1.64,1.673,1.616,1.667,1.0,56864300.0,93526365.0,腾讯日K/前复权日K,2026-09-18T18:31:56+08:00,20260926T093659
516150,稀土ETF嘉实,SSE,2026-09-17,1.655,1.671,1.636,1.638,1.655,1.671,1.636,1.638,1.0,79479200.0,130919171.0,腾讯日K/前复权日K,2026-09-18T18:31:56+08:00,20260926T093659
516150,稀土ETF嘉实,SSE,2026-09-18,1.648,1.661,1.643,1.66,1.648,1.661,1.643,1.66,1.0,61718600.0,102142365.0,腾讯日K/前复权日K,2026-09-18T18:31:56+08:00,20260926T093659
516150,稀土ETF嘉实,SSE,2026-09-21,1.664,1.688,1.663,1.68,1.664,1.688,1.663,1.68,1.0,76108400.0,127590705.0,腾讯日K/前复权日K,2026-09-26T09:36:59+08:00,20260926T093659
516150,稀土ETF嘉实,SSE,2026-09-22,1.692,1.692,1.669,1.673,1.692,1.692,1.669,1.673,1.0,71340100.0,119945856.0,腾讯日K/前复权日K,2026-09-26T09:36:59+08:00,20260926T093659
516150,稀土ETF嘉实,SSE,2026-09-23,1.67,1.673,1.651,1.658,1.67,1.673,1.651,1.658,1.0,45747600.0,75816928.0,腾讯日K/前复权日K,2026-09-26T09:36:59+08:00,20260926T093659
516150,稀土ETF嘉实,SSE,2026-09-24,1.65,1.656,1.627,1.63,1.65,1.656,1.627,1.63,1.0,46562700.0,76222379.0,腾讯日K/前复权日K,2026-09-26T09:36:59+08:00,20260926T093659
