code,name,exchange,date,raw_open,raw_high,raw_low,raw_close,adj_open,adj_high,adj_low,adj_close,adj_factor,volume,amount,source,source_timestamp,run_id
517520,黄金股ETF永赢,SSE,2023-11-01,0.987,0.989,0.98,0.986,0.987,0.989,0.98,0.986,1.0,93462600.0,91918521.0,腾讯日K/前复权日K,2026-09-07T13:10:27.603166+08:00,20260926T093659
517520,黄金股ETF永赢,SSE,2023-11-02,0.984,0.992,0.981,0.983,0.984,0.992,0.981,0.983,1.0,30650100.0,30270764.0,腾讯日K/前复权日K,2026-09-07T13:10:27.603166+08:00,20260926T093659
517520,黄金股ETF永赢,SSE,2023-11-03,0.983,0.983,0.973,0.976,0.983,0.983,0.973,0.976,1.0,38176100.0,37291241.0,腾讯日K/前复权日K,2026-09-07T13:10:27.603166+08:00,20260926T093659
517520,黄金股ETF永赢,SSE,2023-11-06,0.976,0.979,0.966,0.973,0.976,0.979,0.966,0.973,1.0,37416700.0,36320258.0,腾讯日K/前复权日K,2026-09-07T13:10:27.603166+08:00,20260926T093659
517520,黄金股ETF永赢,SSE,2023-11-07,0.969,0.969,0.955,0.967,0.969,0.969,0.955,0.967,1.0,30958000.0,29742682.0,腾讯日K/前复权日K,2026-09-07T13:10:27.603166+08:00,20260926T093659
517520,黄金股ETF永赢,SSE,2023-11-08,0.965,0.965,0.951,0.955,0.965,0.965,0.951,0.955,1.0,14015000.0,13387942.0,腾讯日K/前复权日K,2026-09-07T13:10:27.603166+08:00,20260926T093659
517520,黄金股ETF永赢,SSE,2023-11-09,0.951,0.957,0.95,0.956,0.951,0.957,0.95,0.956,1.0,11959800.0,11407899.0,腾讯日K/前复权日K,2026-09-07T13:10:27.603166+08:00,20260926T093659
517520,黄金股ETF永赢,SSE,2023-11-10,0.957,0.957,0.946,0.953,0.957,0.957,0.946,0.953,1.0,21707500.0,20598602.0,腾讯日K/前复权日K,2026-09-07T13:10:27.603166+08:00,20260926T093659
517520,黄金股ETF永赢,SSE,2023-11-13,0.952,0.964,0.945,0.964,0.952,0.964,0.945,0.964,1.0,11099600.0,10591589.0,腾讯日K/前复权日K,2026-09-07T13:10:27.603166+08:00,20260926T093659
517520,黄金股ETF永赢,SSE,2023-11-14,0.965,0.967,0.954,0.957,0.965,0.967,0.954,0.957,1.0,16761500.0,16034745.0,腾讯日K/前复权日K,2026-09-07T13:10:27.603166+08:00,20260926T093659
517520,黄金股ETF永赢,SSE,2023-11-15,0.96,0.977,0.96,0.974,0.96,0.977,0.96,0.974,1.0,13639100.0,13262728.0,腾讯日K/前复权日K,2026-09-07T13:10:27.603166+08:00,20260926T093659
517520,黄金股ETF永赢,SSE,2023-11-16,0.975,0.975,0.959,0.965,0.975,0.975,0.959,0.965,1.0,10820500.0,10424696.0,腾讯日K/前复权日K,2026-09-07T13:10:27.603166+08:00,20260926T093659
517520,黄金股ETF永赢,SSE,2023-11-17,0.975,0.977,0.968,0.977,0.975,0.977,0.968,0.977,1.0,15523500.0,15092879.0,腾讯日K/前复权日K,2026-09-07T13:10:27.603166+08:00,20260926T093659
517520,黄金股ETF永赢,SSE,2023-11-20,0.975,0.975,0.965,0.972,0.975,0.975,0.965,0.972,1.0,20797500.0,20149372.0,腾讯日K/前复权日K,2026-09-07T13:10:27.603166+08:00,20260926T093659
517520,黄金股ETF永赢,SSE,2023-11-21,0.971,0.983,0.966,0.98,0.971,0.983,0.966,0.98,1.0,9126100.0,8940222.0,腾讯日K/前复权日K,2026-09-07T13:10:27.603166+08:00,20260926T093659
517520,黄金股ETF永赢,SSE,2023-11-22,0.983,0.985,0.973,0.976,0.983,0.985,0.973,0.976,1.0,9009400.0,8799292.0,腾讯日K/前复权日K,2026-09-07T13:10:27.603166+08:00,20260926T093659
517520,黄金股ETF永赢,SSE,2023-11-23,0.976,0.976,0.966,0.976,0.976,0.976,0.966,0.976,1.0,12246500.0,11851676.0,腾讯日K/前复权日K,2026-09-07T13:10:27.603166+08:00,20260926T093659
517520,黄金股ETF永赢,SSE,2023-11-24,0.973,0.973,0.961,0.965,0.973,0.973,0.961,0.965,1.0,7374400.0,7125092.0,腾讯日K/前复权日K,2026-09-07T13:10:27.603166+08:00,20260926T093659
517520,黄金股ETF永赢,SSE,2023-11-27,0.965,0.977,0.965,0.974,0.965,0.977,0.965,0.974,1.0,9250900.0,8971398.0,腾讯日K/前复权日K,2026-09-07T13:10:27.603166+08:00,20260926T093659
517520,黄金股ETF永赢,SSE,2023-11-28,0.974,0.974,0.963,0.971,0.974,0.974,0.963,0.971,1.0,9773900.0,9471142.0,腾讯日K/前复权日K,2026-09-07T13:10:27.603166+08:00,20260926T093659
517520,黄金股ETF永赢,SSE,2023-11-29,0.988,0.993,0.981,0.99,0.988,0.993,0.981,0.99,1.0,32280000.0,31935065.0,腾讯日K/前复权日K,2026-09-07T13:10:27.603166+08:00,20260926T093659
517520,黄金股ETF永赢,SSE,2023-11-30,0.991,0.992,0.982,0.989,0.991,0.992,0.982,0.989,1.0,13979300.0,13781210.0,腾讯日K/前复权日K,2026-09-07T13:10:27.603166+08:00,20260926T093659
517520,黄金股ETF永赢,SSE,2023-12-01,0.989,0.991,0.984,0.987,0.989,0.991,0.984,0.987,1.0,12106200.0,11942535.0,腾讯日K/前复权日K,2026-09-07T13:10:27.603166+08:00,20260926T093659
517520,黄金股ETF永赢,SSE,2023-12-04,0.993,1.023,0.993,1.016,0.993,1.023,0.993,1.016,1.0,78875400.0,80269233.0,腾讯日K/前复权日K,2026-09-07T13:10:27.603166+08:00,20260926T093659
517520,黄金股ETF永赢,SSE,2023-12-05,1.012,1.012,0.982,0.984,1.012,1.012,0.982,0.984,1.0,20946000.0,20726362.0,腾讯日K/前复权日K,2026-09-07T13:10:27.603166+08:00,20260926T093659
517520,黄金股ETF永赢,SSE,2023-12-06,0.983,0.99,0.973,0.99,0.983,0.99,0.973,0.99,1.0,9675200.0,9517862.0,腾讯日K/前复权日K,2026-09-07T13:10:27.603166+08:00,20260926T093659
517520,黄金股ETF永赢,SSE,2023-12-07,0.99,0.99,0.976,0.984,0.99,0.99,0.976,0.984,1.0,12110500.0,11869531.0,腾讯日K/前复权日K,2026-09-07T13:10:27.603166+08:00,20260926T093659
517520,黄金股ETF永赢,SSE,2023-12-08,0.983,0.983,0.973,0.974,0.983,0.983,0.973,0.974,1.0,11646100.0,11359174.0,腾讯日K/前复权日K,2026-09-07T13:10:27.603166+08:00,20260926T093659
517520,黄金股ETF永赢,SSE,2023-12-11,0.968,0.968,0.946,0.961,0.968,0.968,0.946,0.961,1.0,8996600.0,8574645.0,腾讯日K/前复权日K,2026-09-07T13:10:27.603166+08:00,20260926T093659
517520,黄金股ETF永赢,SSE,2023-12-12,0.957,0.969,0.951,0.968,0.957,0.969,0.951,0.968,1.0,12901700.0,12347174.0,腾讯日K/前复权日K,2026-09-07T13:10:27.603166+08:00,20260926T093659
517520,黄金股ETF永赢,SSE,2023-12-13,0.966,0.966,0.948,0.95,0.966,0.966,0.948,0.95,1.0,14746200.0,14101308.0,腾讯日K/前复权日K,2026-09-07T13:10:27.603166+08:00,20260926T093659
517520,黄金股ETF永赢,SSE,2023-12-14,0.977,0.98,0.959,0.961,0.977,0.98,0.959,0.961,1.0,18470900.0,17838437.0,腾讯日K/前复权日K,2026-09-07T13:10:27.603166+08:00,20260926T093659
517520,黄金股ETF永赢,SSE,2023-12-15,0.961,0.969,0.957,0.96,0.961,0.969,0.957,0.96,1.0,9204000.0,8854486.0,腾讯日K/前复权日K,2026-09-07T13:10:27.603166+08:00,20260926T093659
517520,黄金股ETF永赢,SSE,2023-12-18,0.955,0.958,0.948,0.951,0.955,0.958,0.948,0.951,1.0,8974400.0,8550901.0,腾讯日K/前复权日K,2026-09-07T13:10:27.603166+08:00,20260926T093659
517520,黄金股ETF永赢,SSE,2023-12-19,0.951,0.953,0.946,0.952,0.951,0.953,0.946,0.952,1.0,12583000.0,11933242.0,腾讯日K/前复权日K,2026-09-07T13:10:27.603166+08:00,20260926T093659
517520,黄金股ETF永赢,SSE,2023-12-20,0.953,0.963,0.953,0.961,0.953,0.963,0.953,0.961,1.0,20402200.0,19582784.0,腾讯日K/前复权日K,2026-09-07T13:10:27.603166+08:00,20260926T093659
517520,黄金股ETF永赢,SSE,2023-12-21,0.954,0.964,0.942,0.961,0.954,0.964,0.942,0.961,1.0,16055100.0,15222336.0,腾讯日K/前复权日K,2026-09-07T13:10:27.603166+08:00,20260926T093659
517520,黄金股ETF永赢,SSE,2023-12-22,0.961,0.963,0.954,0.96,0.961,0.963,0.954,0.96,1.0,13622500.0,13060031.0,腾讯日K/前复权日K,2026-09-07T13:10:27.603166+08:00,20260926T093659
517520,黄金股ETF永赢,SSE,2023-12-25,0.961,0.975,0.955,0.973,0.961,0.975,0.955,0.973,1.0,14710000.0,14207333.0,腾讯日K/前复权日K,2026-09-07T13:10:27.603166+08:00,20260926T093659
517520,黄金股ETF永赢,SSE,2023-12-26,0.973,0.976,0.968,0.974,0.973,0.976,0.968,0.974,1.0,9651200.0,9385256.0,腾讯日K/前复权日K,2026-09-07T13:10:27.603166+08:00,20260926T093659
517520,黄金股ETF永赢,SSE,2023-12-27,0.972,0.985,0.97,0.985,0.972,0.985,0.97,0.985,1.0,9221500.0,9029824.0,腾讯日K/前复权日K,2026-09-07T13:10:27.603166+08:00,20260926T093659
517520,黄金股ETF永赢,SSE,2023-12-28,0.987,0.992,0.984,0.987,0.987,0.992,0.984,0.987,1.0,17541100.0,17322380.0,腾讯日K/前复权日K,2026-09-07T13:10:27.603166+08:00,20260926T093659
517520,黄金股ETF永赢,SSE,2023-12-29,0.98,0.986,0.965,0.985,0.98,0.986,0.965,0.985,1.0,9789100.0,9624186.0,腾讯日K/前复权日K,2026-09-07T13:10:27.603166+08:00,20260926T093659
517520,黄金股ETF永赢,SSE,2024-01-02,0.98,0.999,0.98,0.996,0.98,0.999,0.98,0.996,1.0,12829700.0,12757113.0,腾讯日K/前复权日K,2026-09-07T13:10:27.603166+08:00,20260926T093659
517520,黄金股ETF永赢,SSE,2024-01-03,0.991,0.995,0.988,0.991,0.991,0.995,0.988,0.991,1.0,12723500.0,12612787.0,腾讯日K/前复权日K,2026-09-07T13:10:27.603166+08:00,20260926T093659
517520,黄金股ETF永赢,SSE,2024-01-04,0.992,0.992,0.982,0.99,0.992,0.992,0.982,0.99,1.0,17500400.0,17255581.0,腾讯日K/前复权日K,2026-09-07T13:10:27.603166+08:00,20260926T093659
517520,黄金股ETF永赢,SSE,2024-01-05,0.989,1.0,0.982,0.985,0.989,1.0,0.982,0.985,1.0,15476700.0,15362504.0,腾讯日K/前复权日K,2026-09-07T13:10:27.603166+08:00,20260926T093659
517520,黄金股ETF永赢,SSE,2024-01-08,0.98,0.984,0.965,0.967,0.98,0.984,0.965,0.967,1.0,11720700.0,11395553.0,腾讯日K/前复权日K,2026-09-07T13:10:27.603166+08:00,20260926T093659
517520,黄金股ETF永赢,SSE,2024-01-09,0.965,0.977,0.963,0.976,0.965,0.977,0.963,0.976,1.0,17199400.0,16717341.0,腾讯日K/前复权日K,2026-09-07T13:10:27.603166+08:00,20260926T093659
517520,黄金股ETF永赢,SSE,2024-01-10,0.977,0.977,0.962,0.964,0.977,0.977,0.962,0.964,1.0,14019100.0,13579148.0,腾讯日K/前复权日K,2026-09-07T13:10:27.603166+08:00,20260926T093659
517520,黄金股ETF永赢,SSE,2024-01-11,0.954,0.973,0.954,0.96,0.954,0.973,0.954,0.96,1.0,12764700.0,12248023.0,腾讯日K/前复权日K,2026-09-07T13:10:27.603166+08:00,20260926T093659
517520,黄金股ETF永赢,SSE,2024-01-12,0.96,0.97,0.951,0.969,0.96,0.97,0.951,0.969,1.0,12684200.0,12268492.0,腾讯日K/前复权日K,2026-09-07T13:10:27.603166+08:00,20260926T093659
517520,黄金股ETF永赢,SSE,2024-01-15,0.966,0.979,0.964,0.969,0.966,0.979,0.964,0.969,1.0,12542000.0,12175552.0,腾讯日K/前复权日K,2026-09-07T13:10:27.603166+08:00,20260926T093659
517520,黄金股ETF永赢,SSE,2024-01-16,0.969,0.969,0.95,0.959,0.969,0.969,0.95,0.959,1.0,14997600.0,14339678.0,腾讯日K/前复权日K,2026-09-07T13:10:27.603166+08:00,20260926T093659
517520,黄金股ETF永赢,SSE,2024-01-17,0.954,0.954,0.928,0.93,0.954,0.954,0.928,0.93,1.0,26844300.0,25258770.0,腾讯日K/前复权日K,2026-09-07T13:10:27.603166+08:00,20260926T093659
517520,黄金股ETF永赢,SSE,2024-01-18,0.923,0.923,0.892,0.92,0.923,0.923,0.892,0.92,1.0,25879000.0,23403087.0,腾讯日K/前复权日K,2026-09-07T13:10:27.603166+08:00,20260926T093659
517520,黄金股ETF永赢,SSE,2024-01-19,0.918,0.924,0.909,0.92,0.918,0.924,0.909,0.92,1.0,16054700.0,14753677.0,腾讯日K/前复权日K,2026-09-07T13:10:27.603166+08:00,20260926T093659
517520,黄金股ETF永赢,SSE,2024-01-22,0.911,0.919,0.867,0.873,0.911,0.919,0.867,0.873,1.0,35892400.0,31855014.0,腾讯日K/前复权日K,2026-09-07T13:10:27.603166+08:00,20260926T093659
517520,黄金股ETF永赢,SSE,2024-01-23,0.873,0.891,0.857,0.889,0.873,0.891,0.857,0.889,1.0,26561600.0,23291193.0,腾讯日K/前复权日K,2026-09-07T13:10:27.603166+08:00,20260926T093659
517520,黄金股ETF永赢,SSE,2024-01-24,0.888,0.905,0.879,0.904,0.888,0.905,0.879,0.904,1.0,21836800.0,19430632.0,腾讯日K/前复权日K,2026-09-07T13:10:27.603166+08:00,20260926T093659
517520,黄金股ETF永赢,SSE,2024-01-25,0.898,0.93,0.898,0.928,0.898,0.93,0.898,0.928,1.0,10845600.0,9956568.0,腾讯日K/前复权日K,2026-09-07T13:10:27.603166+08:00,20260926T093659
517520,黄金股ETF永赢,SSE,2024-01-26,0.93,0.938,0.921,0.934,0.93,0.938,0.921,0.934,1.0,19598500.0,18281995.0,腾讯日K/前复权日K,2026-09-07T13:10:27.603166+08:00,20260926T093659
517520,黄金股ETF永赢,SSE,2024-01-29,0.934,0.94,0.925,0.93,0.934,0.94,0.925,0.93,1.0,7919900.0,7395135.0,腾讯日K/前复权日K,2026-09-07T13:10:27.603166+08:00,20260926T093659
517520,黄金股ETF永赢,SSE,2024-01-30,0.932,0.932,0.915,0.915,0.932,0.932,0.915,0.915,1.0,13149200.0,12111399.0,腾讯日K/前复权日K,2026-09-07T13:10:27.603166+08:00,20260926T093659
517520,黄金股ETF永赢,SSE,2024-01-31,0.917,0.917,0.899,0.904,0.917,0.917,0.899,0.904,1.0,13490600.0,12252985.0,腾讯日K/前复权日K,2026-09-07T13:10:27.603166+08:00,20260926T093659
517520,黄金股ETF永赢,SSE,2024-02-01,0.908,0.911,0.886,0.901,0.908,0.911,0.886,0.901,1.0,12895100.0,11607043.0,腾讯日K/前复权日K,2026-09-07T13:10:27.603166+08:00,20260926T093659
517520,黄金股ETF永赢,SSE,2024-02-02,0.9,0.928,0.879,0.905,0.9,0.928,0.879,0.905,1.0,16947300.0,15200605.0,腾讯日K/前复权日K,2026-09-07T13:10:27.603166+08:00,20260926T093659
517520,黄金股ETF永赢,SSE,2024-02-05,0.9,0.9,0.862,0.882,0.9,0.9,0.862,0.882,1.0,12015600.0,10560937.0,腾讯日K/前复权日K,2026-09-07T13:10:27.603166+08:00,20260926T093659
517520,黄金股ETF永赢,SSE,2024-02-06,0.875,0.915,0.874,0.913,0.875,0.915,0.874,0.913,1.0,9870300.0,8876653.0,腾讯日K/前复权日K,2026-09-07T13:10:27.603166+08:00,20260926T093659
517520,黄金股ETF永赢,SSE,2024-02-07,0.913,0.933,0.913,0.933,0.913,0.933,0.913,0.933,1.0,9745600.0,9009027.0,腾讯日K/前复权日K,2026-09-07T13:10:27.603166+08:00,20260926T093659
517520,黄金股ETF永赢,SSE,2024-02-08,0.926,0.944,0.926,0.939,0.926,0.944,0.926,0.939,1.0,7926400.0,7423360.0,腾讯日K/前复权日K,2026-09-07T13:10:27.603166+08:00,20260926T093659
517520,黄金股ETF永赢,SSE,2024-02-19,0.939,0.946,0.928,0.945,0.939,0.946,0.928,0.945,1.0,12366300.0,11599879.0,腾讯日K/前复权日K,2026-09-07T13:10:27.603166+08:00,20260926T093659
517520,黄金股ETF永赢,SSE,2024-02-20,0.944,0.954,0.934,0.954,0.944,0.954,0.934,0.954,1.0,13486700.0,12796158.0,腾讯日K/前复权日K,2026-09-07T13:10:27.603166+08:00,20260926T093659
517520,黄金股ETF永赢,SSE,2024-02-21,0.954,0.974,0.945,0.962,0.954,0.974,0.945,0.962,1.0,12054500.0,11631212.0,腾讯日K/前复权日K,2026-09-07T13:10:27.603166+08:00,20260926T093659
517520,黄金股ETF永赢,SSE,2024-02-22,0.963,0.974,0.957,0.972,0.963,0.974,0.957,0.972,1.0,18430500.0,17795209.0,腾讯日K/前复权日K,2026-09-07T13:10:27.603166+08:00,20260926T093659
517520,黄金股ETF永赢,SSE,2024-02-23,0.972,0.985,0.972,0.982,0.972,0.985,0.972,0.982,1.0,10638600.0,10413882.0,腾讯日K/前复权日K,2026-09-07T13:10:27.603166+08:00,20260926T093659
517520,黄金股ETF永赢,SSE,2024-02-26,0.982,0.988,0.966,0.969,0.982,0.988,0.966,0.969,1.0,5501300.0,5358746.0,腾讯日K/前复权日K,2026-09-07T13:10:27.603166+08:00,20260926T093659
517520,黄金股ETF永赢,SSE,2024-02-27,0.96,0.978,0.96,0.976,0.96,0.978,0.96,0.976,1.0,8854000.0,8606718.0,腾讯日K/前复权日K,2026-09-07T13:10:27.603166+08:00,20260926T093659
517520,黄金股ETF永赢,SSE,2024-02-28,0.977,0.983,0.962,0.963,0.977,0.983,0.962,0.963,1.0,15202900.0,14805177.0,腾讯日K/前复权日K,2026-09-07T13:10:27.603166+08:00,20260926T093659
517520,黄金股ETF永赢,SSE,2024-02-29,0.963,0.972,0.96,0.972,0.963,0.972,0.96,0.972,1.0,12659100.0,12230760.0,腾讯日K/前复权日K,2026-09-07T13:10:27.603166+08:00,20260926T093659
517520,黄金股ETF永赢,SSE,2024-03-01,0.97,0.993,0.963,0.993,0.97,0.993,0.963,0.993,1.0,7616300.0,7493375.0,腾讯日K/前复权日K,2026-09-07T13:10:27.603166+08:00,20260926T093659
517520,黄金股ETF永赢,SSE,2024-03-04,1.02,1.022,1.002,1.007,1.02,1.022,1.002,1.007,1.0,14622700.0,14771067.0,腾讯日K/前复权日K,2026-09-07T13:10:27.603166+08:00,20260926T093659
517520,黄金股ETF永赢,SSE,2024-03-05,1.022,1.04,1.018,1.034,1.022,1.04,1.018,1.034,1.0,17834000.0,18373178.0,腾讯日K/前复权日K,2026-09-07T13:10:27.603166+08:00,20260926T093659
517520,黄金股ETF永赢,SSE,2024-03-06,1.038,1.051,1.031,1.048,1.038,1.051,1.031,1.048,1.0,18949600.0,19745297.0,腾讯日K/前复权日K,2026-09-07T13:10:27.603166+08:00,20260926T093659
517520,黄金股ETF永赢,SSE,2024-03-07,1.048,1.099,1.048,1.096,1.048,1.099,1.048,1.096,1.0,43751500.0,47401518.0,腾讯日K/前复权日K,2026-09-07T13:10:27.603166+08:00,20260926T093659
517520,黄金股ETF永赢,SSE,2024-03-08,1.098,1.137,1.066,1.087,1.098,1.137,1.066,1.087,1.0,46236800.0,49849451.0,腾讯日K/前复权日K,2026-09-07T13:10:27.603166+08:00,20260926T093659
517520,黄金股ETF永赢,SSE,2024-03-11,1.108,1.114,1.075,1.087,1.108,1.114,1.075,1.087,1.0,32551000.0,35381589.0,腾讯日K/前复权日K,2026-09-07T13:10:27.603166+08:00,20260926T093659
517520,黄金股ETF永赢,SSE,2024-03-12,1.088,1.088,1.054,1.058,1.088,1.088,1.054,1.058,1.0,30629200.0,32656442.0,腾讯日K/前复权日K,2026-09-07T13:10:27.603166+08:00,20260926T093659
517520,黄金股ETF永赢,SSE,2024-03-13,1.058,1.076,1.038,1.074,1.058,1.076,1.038,1.074,1.0,37662600.0,39972082.0,腾讯日K/前复权日K,2026-09-07T13:10:27.603166+08:00,20260926T093659
517520,黄金股ETF永赢,SSE,2024-03-14,1.086,1.115,1.086,1.093,1.086,1.115,1.086,1.093,1.0,37334000.0,41165263.0,腾讯日K/前复权日K,2026-09-07T13:10:27.603166+08:00,20260926T093659
517520,黄金股ETF永赢,SSE,2024-03-15,1.083,1.135,1.077,1.128,1.083,1.135,1.077,1.128,1.0,36064100.0,40068163.0,腾讯日K/前复权日K,2026-09-07T13:10:27.603166+08:00,20260926T093659
517520,黄金股ETF永赢,SSE,2024-03-18,1.124,1.124,1.102,1.118,1.124,1.124,1.102,1.118,1.0,38337400.0,42729563.0,腾讯日K/前复权日K,2026-09-07T13:10:27.603166+08:00,20260926T093659
517520,黄金股ETF永赢,SSE,2024-03-19,1.116,1.134,1.108,1.113,1.116,1.134,1.108,1.113,1.0,22296500.0,24974187.0,腾讯日K/前复权日K,2026-09-07T13:10:27.603166+08:00,20260926T093659
517520,黄金股ETF永赢,SSE,2024-03-20,1.108,1.116,1.097,1.109,1.108,1.116,1.097,1.109,1.0,16091200.0,17768815.0,腾讯日K/前复权日K,2026-09-07T13:10:27.603166+08:00,20260926T093659
517520,黄金股ETF永赢,SSE,2024-03-21,1.137,1.148,1.127,1.139,1.137,1.148,1.127,1.139,1.0,26008200.0,29524321.0,腾讯日K/前复权日K,2026-09-07T13:10:27.603166+08:00,20260926T093659
517520,黄金股ETF永赢,SSE,2024-03-22,1.124,1.124,1.096,1.102,1.124,1.124,1.096,1.102,1.0,72758700.0,80287626.0,腾讯日K/前复权日K,2026-09-07T13:10:27.603166+08:00,20260926T093659
517520,黄金股ETF永赢,SSE,2024-03-25,1.101,1.129,1.1,1.117,1.101,1.129,1.1,1.117,1.0,26812300.0,29963868.0,腾讯日K/前复权日K,2026-09-07T13:10:27.603166+08:00,20260926T093659
517520,黄金股ETF永赢,SSE,2024-03-26,1.114,1.116,1.093,1.103,1.114,1.116,1.093,1.103,1.0,24011500.0,26459696.0,腾讯日K/前复权日K,2026-09-07T13:10:27.603166+08:00,20260926T093659
517520,黄金股ETF永赢,SSE,2024-03-27,1.105,1.12,1.101,1.11,1.105,1.12,1.101,1.11,1.0,32448900.0,36129573.0,腾讯日K/前复权日K,2026-09-07T13:10:27.603166+08:00,20260926T093659
517520,黄金股ETF永赢,SSE,2024-03-28,1.112,1.141,1.105,1.138,1.112,1.141,1.105,1.138,1.0,36164400.0,40630337.0,腾讯日K/前复权日K,2026-09-07T13:10:27.603166+08:00,20260926T093659
517520,黄金股ETF永赢,SSE,2024-03-29,1.165,1.23,1.155,1.193,1.165,1.23,1.155,1.193,1.0,54853100.0,64769658.0,腾讯日K/前复权日K,2026-09-07T13:10:27.603166+08:00,20260926T093659
517520,黄金股ETF永赢,SSE,2024-04-01,1.205,1.268,1.198,1.246,1.205,1.268,1.198,1.246,1.0,90110200.0,109939686.0,腾讯日K/前复权日K,2026-09-07T13:10:27.603166+08:00,20260926T093659
517520,黄金股ETF永赢,SSE,2024-04-02,1.226,1.226,1.205,1.213,1.226,1.226,1.205,1.213,1.0,70176400.0,85194772.0,腾讯日K/前复权日K,2026-09-07T13:10:27.603166+08:00,20260926T093659
517520,黄金股ETF永赢,SSE,2024-04-03,1.235,1.27,1.23,1.265,1.235,1.27,1.23,1.265,1.0,144653500.0,180902664.0,腾讯日K/前复权日K,2026-09-07T13:10:27.603166+08:00,20260926T093659
517520,黄金股ETF永赢,SSE,2024-04-08,1.277,1.33,1.277,1.296,1.277,1.33,1.277,1.296,1.0,204819100.0,267693136.0,腾讯日K/前复权日K,2026-09-07T13:10:27.603166+08:00,20260926T093659
517520,黄金股ETF永赢,SSE,2024-04-09,1.295,1.295,1.252,1.272,1.295,1.295,1.252,1.272,1.0,104855700.0,132842552.0,腾讯日K/前复权日K,2026-09-07T13:10:27.603166+08:00,20260926T093659
517520,黄金股ETF永赢,SSE,2024-04-10,1.273,1.315,1.273,1.303,1.273,1.315,1.273,1.303,1.0,126426700.0,163992724.0,腾讯日K/前复权日K,2026-09-07T13:10:27.603166+08:00,20260926T093659
517520,黄金股ETF永赢,SSE,2024-04-11,1.27,1.328,1.26,1.295,1.27,1.328,1.26,1.295,1.0,111919000.0,144832225.0,腾讯日K/前复权日K,2026-09-07T13:10:27.603166+08:00,20260926T093659
517520,黄金股ETF永赢,SSE,2024-04-12,1.326,1.35,1.307,1.348,1.326,1.35,1.307,1.348,1.0,122554700.0,163433786.0,腾讯日K/前复权日K,2026-09-07T13:10:27.603166+08:00,20260926T093659
517520,黄金股ETF永赢,SSE,2024-04-15,1.296,1.313,1.269,1.309,1.296,1.313,1.269,1.309,1.0,123659100.0,159475725.0,腾讯日K/前复权日K,2026-09-07T13:10:27.603166+08:00,20260926T093659
517520,黄金股ETF永赢,SSE,2024-04-16,1.318,1.318,1.237,1.241,1.318,1.318,1.237,1.241,1.0,102061100.0,130032445.0,腾讯日K/前复权日K,2026-09-07T13:10:27.603166+08:00,20260926T093659
517520,黄金股ETF永赢,SSE,2024-04-17,1.231,1.273,1.231,1.263,1.231,1.273,1.231,1.263,1.0,74781300.0,93907327.0,腾讯日K/前复权日K,2026-09-07T13:10:27.603166+08:00,20260926T093659
517520,黄金股ETF永赢,SSE,2024-04-18,1.245,1.285,1.236,1.284,1.245,1.285,1.236,1.284,1.0,85015700.0,107062782.0,腾讯日K/前复权日K,2026-09-07T13:10:27.603166+08:00,20260926T093659
517520,黄金股ETF永赢,SSE,2024-04-19,1.286,1.322,1.275,1.287,1.286,1.322,1.275,1.287,1.0,82859900.0,107673271.0,腾讯日K/前复权日K,2026-09-07T13:10:27.603166+08:00,20260926T093659
517520,黄金股ETF永赢,SSE,2024-04-22,1.274,1.292,1.235,1.235,1.274,1.292,1.235,1.235,1.0,77385300.0,97461398.0,腾讯日K/前复权日K,2026-09-07T13:10:27.603166+08:00,20260926T093659
517520,黄金股ETF永赢,SSE,2024-04-23,1.201,1.209,1.182,1.186,1.201,1.209,1.182,1.186,1.0,89491200.0,106922792.0,腾讯日K/前复权日K,2026-09-07T13:10:27.603166+08:00,20260926T093659
517520,黄金股ETF永赢,SSE,2024-04-24,1.189,1.225,1.189,1.222,1.189,1.225,1.189,1.222,1.0,72683600.0,87524467.0,腾讯日K/前复权日K,2026-09-07T13:10:27.603166+08:00,20260926T093659
517520,黄金股ETF永赢,SSE,2024-04-25,1.214,1.23,1.198,1.219,1.214,1.23,1.198,1.219,1.0,27147500.0,33010598.0,腾讯日K/前复权日K,2026-09-07T13:10:27.603166+08:00,20260926T093659
517520,黄金股ETF永赢,SSE,2024-04-26,1.226,1.273,1.225,1.273,1.226,1.273,1.225,1.273,1.0,60211200.0,75552902.0,腾讯日K/前复权日K,2026-09-07T13:10:27.603166+08:00,20260926T093659
517520,黄金股ETF永赢,SSE,2024-04-29,1.257,1.259,1.23,1.25,1.257,1.259,1.23,1.25,1.0,57699400.0,71923654.0,腾讯日K/前复权日K,2026-09-07T13:10:27.603166+08:00,20260926T093659
517520,黄金股ETF永赢,SSE,2024-04-30,1.246,1.259,1.229,1.231,1.246,1.259,1.229,1.231,1.0,48011500.0,59630012.0,腾讯日K/前复权日K,2026-09-07T13:10:27.603166+08:00,20260926T093659
517520,黄金股ETF永赢,SSE,2024-05-06,1.216,1.243,1.199,1.243,1.216,1.243,1.199,1.243,1.0,45289500.0,55134306.0,腾讯日K/前复权日K,2026-09-07T13:10:27.603166+08:00,20260926T093659
517520,黄金股ETF永赢,SSE,2024-05-07,1.253,1.265,1.239,1.244,1.253,1.265,1.239,1.244,1.0,43562900.0,54579731.0,腾讯日K/前复权日K,2026-09-07T13:10:27.603166+08:00,20260926T093659
517520,黄金股ETF永赢,SSE,2024-05-08,1.229,1.26,1.219,1.251,1.229,1.26,1.219,1.251,1.0,57487500.0,71408034.0,腾讯日K/前复权日K,2026-09-07T13:10:27.603166+08:00,20260926T093659
517520,黄金股ETF永赢,SSE,2024-05-09,1.238,1.272,1.238,1.264,1.238,1.272,1.238,1.264,1.0,49099900.0,61854046.0,腾讯日K/前复权日K,2026-09-07T13:10:27.603166+08:00,20260926T093659
517520,黄金股ETF永赢,SSE,2024-05-10,1.286,1.3,1.268,1.299,1.286,1.3,1.268,1.299,1.0,61945800.0,79716214.0,腾讯日K/前复权日K,2026-09-07T13:10:27.603166+08:00,20260926T093659
517520,黄金股ETF永赢,SSE,2024-05-13,1.285,1.305,1.269,1.281,1.285,1.305,1.269,1.281,1.0,60460600.0,77448626.0,腾讯日K/前复权日K,2026-09-07T13:10:27.603166+08:00,20260926T093659
517520,黄金股ETF永赢,SSE,2024-05-14,1.272,1.299,1.272,1.289,1.272,1.299,1.272,1.289,1.0,60949700.0,78618528.0,腾讯日K/前复权日K,2026-09-07T13:10:27.603166+08:00,20260926T093659
517520,黄金股ETF永赢,SSE,2024-05-15,1.295,1.33,1.283,1.313,1.295,1.33,1.283,1.313,1.0,74631000.0,97608854.0,腾讯日K/前复权日K,2026-09-07T13:10:27.603166+08:00,20260926T093659
517520,黄金股ETF永赢,SSE,2024-05-16,1.329,1.342,1.296,1.302,1.329,1.342,1.296,1.302,1.0,71511100.0,94281959.0,腾讯日K/前复权日K,2026-09-07T13:10:27.603166+08:00,20260926T093659
517520,黄金股ETF永赢,SSE,2024-05-17,1.29,1.309,1.28,1.307,1.29,1.309,1.28,1.307,1.0,47048600.0,60856047.0,腾讯日K/前复权日K,2026-09-07T13:10:27.603166+08:00,20260926T093659
517520,黄金股ETF永赢,SSE,2024-05-20,1.347,1.4,1.336,1.39,1.347,1.4,1.336,1.39,1.0,151556700.0,207050101.0,腾讯日K/前复权日K,2026-09-07T13:10:27.603166+08:00,20260926T093659
517520,黄金股ETF永赢,SSE,2024-05-21,1.379,1.379,1.322,1.325,1.379,1.379,1.322,1.325,1.0,126826600.0,170350624.0,腾讯日K/前复权日K,2026-09-07T13:10:27.603166+08:00,20260926T093659
517520,黄金股ETF永赢,SSE,2024-05-22,1.328,1.334,1.301,1.314,1.328,1.334,1.301,1.314,1.0,97454800.0,128577690.0,腾讯日K/前复权日K,2026-09-07T13:10:27.603166+08:00,20260926T093659
517520,黄金股ETF永赢,SSE,2024-05-23,1.25,1.271,1.25,1.267,1.25,1.271,1.25,1.267,1.0,93157000.0,117646793.0,腾讯日K/前复权日K,2026-09-07T13:10:27.603166+08:00,20260926T093659
517520,黄金股ETF永赢,SSE,2024-05-24,1.251,1.279,1.249,1.272,1.251,1.279,1.249,1.272,1.0,53193100.0,67431039.0,腾讯日K/前复权日K,2026-09-07T13:10:27.603166+08:00,20260926T093659
517520,黄金股ETF永赢,SSE,2024-05-27,1.271,1.293,1.265,1.29,1.271,1.293,1.265,1.29,1.0,53534000.0,68791791.0,腾讯日K/前复权日K,2026-09-07T13:10:27.603166+08:00,20260926T093659
517520,黄金股ETF永赢,SSE,2024-05-28,1.297,1.318,1.289,1.291,1.297,1.318,1.289,1.291,1.0,90295400.0,118008288.0,腾讯日K/前复权日K,2026-09-07T13:10:27.603166+08:00,20260926T093659
517520,黄金股ETF永赢,SSE,2024-05-29,1.293,1.325,1.289,1.317,1.293,1.325,1.289,1.317,1.0,71319200.0,93693376.0,腾讯日K/前复权日K,2026-09-07T13:10:27.603166+08:00,20260926T093659
517520,黄金股ETF永赢,SSE,2024-05-30,1.297,1.307,1.258,1.267,1.297,1.307,1.258,1.267,1.0,109818000.0,139969197.0,腾讯日K/前复权日K,2026-09-07T13:10:27.603166+08:00,20260926T093659
517520,黄金股ETF永赢,SSE,2024-05-31,1.266,1.277,1.249,1.266,1.266,1.277,1.249,1.266,1.0,48166300.0,60908845.0,腾讯日K/前复权日K,2026-09-07T13:10:27.603166+08:00,20260926T093659
517520,黄金股ETF永赢,SSE,2024-06-03,1.253,1.26,1.228,1.24,1.253,1.26,1.228,1.24,1.0,53628600.0,66732216.0,腾讯日K/前复权日K,2026-09-07T13:10:27.603166+08:00,20260926T093659
517520,黄金股ETF永赢,SSE,2024-06-04,1.249,1.262,1.235,1.253,1.249,1.262,1.235,1.253,1.0,50152600.0,62694954.0,腾讯日K/前复权日K,2026-09-07T13:10:27.603166+08:00,20260926T093659
517520,黄金股ETF永赢,SSE,2024-06-05,1.23,1.241,1.223,1.229,1.23,1.241,1.223,1.229,1.0,128679100.0,158594589.0,腾讯日K/前复权日K,2026-09-07T13:10:27.603166+08:00,20260926T093659
517520,黄金股ETF永赢,SSE,2024-06-06,1.245,1.267,1.245,1.263,1.245,1.267,1.245,1.263,1.0,71941400.0,90553285.0,腾讯日K/前复权日K,2026-09-07T13:10:27.603166+08:00,20260926T093659
517520,黄金股ETF永赢,SSE,2024-06-07,1.275,1.279,1.248,1.267,1.275,1.279,1.248,1.267,1.0,157281000.0,199084201.0,腾讯日K/前复权日K,2026-09-07T13:10:27.603166+08:00,20260926T093659
517520,黄金股ETF永赢,SSE,2024-06-11,1.22,1.222,1.2,1.213,1.22,1.222,1.2,1.213,1.0,76438200.0,92496964.0,腾讯日K/前复权日K,2026-09-07T13:10:27.603166+08:00,20260926T093659
517520,黄金股ETF永赢,SSE,2024-06-12,1.209,1.233,1.205,1.23,1.209,1.233,1.205,1.23,1.0,53950500.0,65912026.0,腾讯日K/前复权日K,2026-09-07T13:10:27.603166+08:00,20260926T093659
517520,黄金股ETF永赢,SSE,2024-06-13,1.222,1.222,1.193,1.205,1.222,1.222,1.193,1.205,1.0,89871500.0,107968689.0,腾讯日K/前复权日K,2026-09-07T13:10:27.603166+08:00,20260926T093659
517520,黄金股ETF永赢,SSE,2024-06-14,1.195,1.205,1.189,1.2,1.195,1.205,1.189,1.2,1.0,37338200.0,44727411.0,腾讯日K/前复权日K,2026-09-07T13:10:27.603166+08:00,20260926T093659
517520,黄金股ETF永赢,SSE,2024-06-17,1.202,1.207,1.187,1.19,1.202,1.207,1.187,1.19,1.0,44278100.0,52836317.0,腾讯日K/前复权日K,2026-09-07T13:10:27.603166+08:00,20260926T093659
517520,黄金股ETF永赢,SSE,2024-06-18,1.187,1.201,1.175,1.195,1.187,1.201,1.175,1.195,1.0,48563800.0,57793202.0,腾讯日K/前复权日K,2026-09-07T13:10:27.603166+08:00,20260926T093659
517520,黄金股ETF永赢,SSE,2024-06-19,1.197,1.226,1.196,1.214,1.197,1.226,1.196,1.214,1.0,51097500.0,62022896.0,腾讯日K/前复权日K,2026-09-07T13:10:27.603166+08:00,20260926T093659
517520,黄金股ETF永赢,SSE,2024-06-20,1.214,1.232,1.204,1.217,1.214,1.232,1.204,1.217,1.0,53822600.0,65573775.0,腾讯日K/前复权日K,2026-09-07T13:10:27.603166+08:00,20260926T093659
517520,黄金股ETF永赢,SSE,2024-06-21,1.23,1.236,1.215,1.221,1.23,1.236,1.215,1.221,1.0,47434100.0,58073787.0,腾讯日K/前复权日K,2026-09-07T13:10:27.603166+08:00,20260926T093659
517520,黄金股ETF永赢,SSE,2024-06-24,1.195,1.203,1.186,1.188,1.195,1.203,1.186,1.188,1.0,47326700.0,56471952.0,腾讯日K/前复权日K,2026-09-07T13:10:27.603166+08:00,20260926T093659
517520,黄金股ETF永赢,SSE,2024-06-25,1.188,1.203,1.181,1.191,1.188,1.203,1.181,1.191,1.0,71642600.0,85248393.0,腾讯日K/前复权日K,2026-09-07T13:10:27.603166+08:00,20260926T093659
517520,黄金股ETF永赢,SSE,2024-06-26,1.188,1.188,1.168,1.184,1.188,1.188,1.168,1.184,1.0,37073700.0,43587979.0,腾讯日K/前复权日K,2026-09-07T13:10:27.603166+08:00,20260926T093659
517520,黄金股ETF永赢,SSE,2024-06-27,1.172,1.179,1.15,1.152,1.172,1.179,1.15,1.152,1.0,65090900.0,75483738.0,腾讯日K/前复权日K,2026-09-07T13:10:27.603166+08:00,20260926T093659
517520,黄金股ETF永赢,SSE,2024-06-28,1.16,1.196,1.16,1.187,1.16,1.196,1.16,1.187,1.0,84001000.0,99055588.0,腾讯日K/前复权日K,2026-09-07T13:10:27.603166+08:00,20260926T093659
517520,黄金股ETF永赢,SSE,2024-07-01,1.183,1.21,1.183,1.21,1.183,1.21,1.183,1.21,1.0,39822900.0,47799311.0,腾讯日K/前复权日K,2026-09-07T13:10:27.603166+08:00,20260926T093659
517520,黄金股ETF永赢,SSE,2024-07-02,1.208,1.221,1.199,1.212,1.208,1.221,1.199,1.212,1.0,49002300.0,59204385.0,腾讯日K/前复权日K,2026-09-07T13:10:27.603166+08:00,20260926T093659
517520,黄金股ETF永赢,SSE,2024-07-03,1.205,1.213,1.201,1.212,1.205,1.213,1.201,1.212,1.0,43049600.0,51912849.0,腾讯日K/前复权日K,2026-09-07T13:10:27.603166+08:00,20260926T093659
517520,黄金股ETF永赢,SSE,2024-07-04,1.226,1.242,1.214,1.214,1.226,1.242,1.214,1.214,1.0,52857700.0,64966675.0,腾讯日K/前复权日K,2026-09-07T13:10:27.603166+08:00,20260926T093659
517520,黄金股ETF永赢,SSE,2024-07-05,1.208,1.264,1.203,1.261,1.208,1.264,1.203,1.261,1.0,117010000.0,145877210.0,腾讯日K/前复权日K,2026-09-07T13:10:27.603166+08:00,20260926T093659
517520,黄金股ETF永赢,SSE,2024-07-08,1.27,1.29,1.259,1.261,1.27,1.29,1.259,1.261,1.0,80372800.0,102317062.0,腾讯日K/前复权日K,2026-09-07T13:10:27.603166+08:00,20260926T093659
517520,黄金股ETF永赢,SSE,2024-07-09,1.248,1.285,1.245,1.281,1.248,1.285,1.245,1.281,1.0,59688200.0,75609038.0,腾讯日K/前复权日K,2026-09-07T13:10:27.603166+08:00,20260926T093659
517520,黄金股ETF永赢,SSE,2024-07-10,1.277,1.292,1.256,1.264,1.277,1.292,1.256,1.264,1.0,62062500.0,79181229.0,腾讯日K/前复权日K,2026-09-07T13:10:27.603166+08:00,20260926T093659
517520,黄金股ETF永赢,SSE,2024-07-11,1.27,1.304,1.262,1.303,1.27,1.304,1.262,1.303,1.0,98395000.0,126618228.0,腾讯日K/前复权日K,2026-09-07T13:10:27.603166+08:00,20260926T093659
517520,黄金股ETF永赢,SSE,2024-07-12,1.328,1.33,1.262,1.274,1.328,1.33,1.262,1.274,1.0,120416800.0,154531053.0,腾讯日K/前复权日K,2026-09-07T13:10:27.603166+08:00,20260926T093659
517520,黄金股ETF永赢,SSE,2024-07-15,1.27,1.301,1.26,1.291,1.27,1.301,1.26,1.291,1.0,77189500.0,99638177.0,腾讯日K/前复权日K,2026-09-07T13:10:27.603166+08:00,20260926T093659
517520,黄金股ETF永赢,SSE,2024-07-16,1.296,1.332,1.292,1.331,1.296,1.332,1.292,1.331,1.0,77090500.0,101580390.0,腾讯日K/前复权日K,2026-09-07T13:10:27.603166+08:00,20260926T093659
517520,黄金股ETF永赢,SSE,2024-07-17,1.369,1.369,1.305,1.312,1.369,1.369,1.305,1.312,1.0,135218200.0,180051340.0,腾讯日K/前复权日K,2026-09-07T13:10:27.603166+08:00,20260926T093659
517520,黄金股ETF永赢,SSE,2024-07-18,1.297,1.312,1.276,1.311,1.297,1.312,1.276,1.311,1.0,78321600.0,101140915.0,腾讯日K/前复权日K,2026-09-07T13:10:27.603166+08:00,20260926T093659
517520,黄金股ETF永赢,SSE,2024-07-19,1.272,1.275,1.251,1.269,1.272,1.275,1.251,1.269,1.0,99067200.0,125251831.0,腾讯日K/前复权日K,2026-09-07T13:10:27.603166+08:00,20260926T093659
517520,黄金股ETF永赢,SSE,2024-07-22,1.256,1.262,1.233,1.255,1.256,1.262,1.233,1.255,1.0,73396900.0,91561843.0,腾讯日K/前复权日K,2026-09-07T13:10:27.603166+08:00,20260926T093659
517520,黄金股ETF永赢,SSE,2024-07-23,1.25,1.258,1.196,1.199,1.25,1.258,1.196,1.199,1.0,91653500.0,111861849.0,腾讯日K/前复权日K,2026-09-07T13:10:27.603166+08:00,20260926T093659
517520,黄金股ETF永赢,SSE,2024-07-24,1.202,1.209,1.192,1.201,1.202,1.209,1.192,1.201,1.0,56969300.0,68399065.0,腾讯日K/前复权日K,2026-09-07T13:10:27.603166+08:00,20260926T093659
517520,黄金股ETF永赢,SSE,2024-07-25,1.182,1.182,1.138,1.144,1.182,1.182,1.138,1.144,1.0,99827000.0,114841029.0,腾讯日K/前复权日K,2026-09-07T13:10:27.603166+08:00,20260926T093659
517520,黄金股ETF永赢,SSE,2024-07-26,1.133,1.164,1.133,1.157,1.133,1.164,1.133,1.157,1.0,51982000.0,60037660.0,腾讯日K/前复权日K,2026-09-07T13:10:27.603166+08:00,20260926T093659
517520,黄金股ETF永赢,SSE,2024-07-29,1.169,1.183,1.16,1.17,1.169,1.183,1.16,1.17,1.0,45667300.0,53470374.0,腾讯日K/前复权日K,2026-09-07T13:10:27.603166+08:00,20260926T093659
517520,黄金股ETF永赢,SSE,2024-07-30,1.162,1.165,1.149,1.164,1.162,1.165,1.149,1.164,1.0,87673200.0,101127208.0,腾讯日K/前复权日K,2026-09-07T13:10:27.603166+08:00,20260926T093659
517520,黄金股ETF永赢,SSE,2024-07-31,1.173,1.208,1.17,1.207,1.173,1.208,1.17,1.207,1.0,85834800.0,102209248.0,腾讯日K/前复权日K,2026-09-07T13:10:27.603166+08:00,20260926T093659
517520,黄金股ETF永赢,SSE,2024-08-01,1.223,1.233,1.204,1.213,1.223,1.233,1.204,1.213,1.0,119396900.0,145374860.0,腾讯日K/前复权日K,2026-09-07T13:10:27.603166+08:00,20260926T093659
517520,黄金股ETF永赢,SSE,2024-08-02,1.203,1.208,1.183,1.205,1.203,1.208,1.183,1.205,1.0,107092600.0,128277871.0,腾讯日K/前复权日K,2026-09-07T13:10:27.603166+08:00,20260926T093659
517520,黄金股ETF永赢,SSE,2024-08-05,1.169,1.193,1.162,1.168,1.169,1.193,1.162,1.168,1.0,82328800.0,96555862.0,腾讯日K/前复权日K,2026-09-07T13:10:27.603166+08:00,20260926T093659
517520,黄金股ETF永赢,SSE,2024-08-06,1.162,1.172,1.133,1.148,1.162,1.172,1.133,1.148,1.0,81885900.0,94012366.0,腾讯日K/前复权日K,2026-09-07T13:10:27.603166+08:00,20260926T093659
517520,黄金股ETF永赢,SSE,2024-08-07,1.136,1.162,1.134,1.156,1.136,1.162,1.134,1.156,1.0,91281200.0,105382388.0,腾讯日K/前复权日K,2026-09-07T13:10:27.603166+08:00,20260926T093659
517520,黄金股ETF永赢,SSE,2024-08-08,1.144,1.15,1.126,1.142,1.144,1.15,1.126,1.142,1.0,79880200.0,90680954.0,腾讯日K/前复权日K,2026-09-07T13:10:27.603166+08:00,20260926T093659
517520,黄金股ETF永赢,SSE,2024-08-09,1.154,1.163,1.146,1.146,1.154,1.163,1.146,1.146,1.0,48782200.0,56354637.0,腾讯日K/前复权日K,2026-09-07T13:10:27.603166+08:00,20260926T093659
517520,黄金股ETF永赢,SSE,2024-08-12,1.138,1.151,1.138,1.148,1.138,1.151,1.138,1.148,1.0,34010600.0,38891084.0,腾讯日K/前复权日K,2026-09-07T13:10:27.603166+08:00,20260926T093659
517520,黄金股ETF永赢,SSE,2024-08-13,1.162,1.166,1.144,1.153,1.162,1.166,1.144,1.153,1.0,58036300.0,67022683.0,腾讯日K/前复权日K,2026-09-07T13:10:27.603166+08:00,20260926T093659
517520,黄金股ETF永赢,SSE,2024-08-14,1.148,1.155,1.14,1.141,1.148,1.155,1.14,1.141,1.0,34773300.0,39823652.0,腾讯日K/前复权日K,2026-09-07T13:10:27.603166+08:00,20260926T093659
517520,黄金股ETF永赢,SSE,2024-08-15,1.137,1.149,1.128,1.145,1.137,1.149,1.128,1.145,1.0,29340500.0,33399052.0,腾讯日K/前复权日K,2026-09-07T13:10:27.603166+08:00,20260926T093659
517520,黄金股ETF永赢,SSE,2024-08-16,1.149,1.161,1.131,1.139,1.149,1.161,1.131,1.139,1.0,60303100.0,68960080.0,腾讯日K/前复权日K,2026-09-07T13:10:27.603166+08:00,20260926T093659
517520,黄金股ETF永赢,SSE,2024-08-19,1.157,1.188,1.152,1.179,1.157,1.188,1.152,1.179,1.0,110256300.0,129518804.0,腾讯日K/前复权日K,2026-09-07T13:10:27.603166+08:00,20260926T093659
517520,黄金股ETF永赢,SSE,2024-08-20,1.179,1.179,1.154,1.161,1.179,1.179,1.154,1.161,1.0,60844700.0,70649585.0,腾讯日K/前复权日K,2026-09-07T13:10:27.603166+08:00,20260926T093659
517520,黄金股ETF永赢,SSE,2024-08-21,1.167,1.189,1.156,1.179,1.167,1.189,1.156,1.179,1.0,57860300.0,68104440.0,腾讯日K/前复权日K,2026-09-07T13:10:27.603166+08:00,20260926T093659
517520,黄金股ETF永赢,SSE,2024-08-22,1.17,1.18,1.167,1.171,1.17,1.18,1.167,1.171,1.0,49857300.0,58456082.0,腾讯日K/前复权日K,2026-09-07T13:10:27.603166+08:00,20260926T093659
517520,黄金股ETF永赢,SSE,2024-08-23,1.158,1.165,1.151,1.165,1.158,1.165,1.151,1.165,1.0,41207400.0,47705459.0,腾讯日K/前复权日K,2026-09-07T13:10:27.603166+08:00,20260926T093659
517520,黄金股ETF永赢,SSE,2024-08-26,1.18,1.18,1.151,1.163,1.18,1.18,1.151,1.163,1.0,47948400.0,55589679.0,腾讯日K/前复权日K,2026-09-07T13:10:27.603166+08:00,20260926T093659
517520,黄金股ETF永赢,SSE,2024-08-27,1.154,1.159,1.13,1.136,1.154,1.159,1.13,1.136,1.0,77295400.0,87951773.0,腾讯日K/前复权日K,2026-09-07T13:10:27.603166+08:00,20260926T093659
517520,黄金股ETF永赢,SSE,2024-08-28,1.136,1.149,1.12,1.123,1.136,1.149,1.12,1.123,1.0,54524500.0,61500104.0,腾讯日K/前复权日K,2026-09-07T13:10:27.603166+08:00,20260926T093659
517520,黄金股ETF永赢,SSE,2024-08-29,1.122,1.129,1.109,1.125,1.122,1.129,1.109,1.125,1.0,38067600.0,42597435.0,腾讯日K/前复权日K,2026-09-07T13:10:27.603166+08:00,20260926T093659
517520,黄金股ETF永赢,SSE,2024-08-30,1.12,1.122,1.102,1.115,1.12,1.122,1.102,1.115,1.0,83733300.0,92892450.0,腾讯日K/前复权日K,2026-09-07T13:10:27.603166+08:00,20260926T093659
517520,黄金股ETF永赢,SSE,2024-09-02,1.108,1.108,1.068,1.077,1.108,1.108,1.068,1.077,1.0,68257200.0,73757246.0,腾讯日K/前复权日K,2026-09-07T13:10:27.603166+08:00,20260926T093659
517520,黄金股ETF永赢,SSE,2024-09-03,1.067,1.076,1.061,1.065,1.067,1.076,1.061,1.065,1.0,60461700.0,64482577.0,腾讯日K/前复权日K,2026-09-07T13:10:27.603166+08:00,20260926T093659
517520,黄金股ETF永赢,SSE,2024-09-04,1.055,1.057,1.036,1.037,1.055,1.057,1.036,1.037,1.0,65032500.0,67926251.0,腾讯日K/前复权日K,2026-09-07T13:10:27.603166+08:00,20260926T093659
517520,黄金股ETF永赢,SSE,2024-09-05,1.04,1.048,1.032,1.04,1.04,1.048,1.032,1.04,1.0,46762300.0,48673513.0,腾讯日K/前复权日K,2026-09-07T13:10:27.603166+08:00,20260926T093659
517520,黄金股ETF永赢,SSE,2024-09-06,1.044,1.052,1.041,1.044,1.044,1.052,1.041,1.044,1.0,45961300.0,48130681.0,腾讯日K/前复权日K,2026-09-07T13:10:27.603166+08:00,20260926T093659
517520,黄金股ETF永赢,SSE,2024-09-09,1.025,1.031,1.01,1.017,1.025,1.031,1.01,1.017,1.0,90070000.0,91506803.0,腾讯日K/前复权日K,2026-09-07T13:10:27.603166+08:00,20260926T093659
517520,黄金股ETF永赢,SSE,2024-09-10,1.02,1.024,1.008,1.019,1.02,1.024,1.008,1.019,1.0,32066100.0,32583676.0,腾讯日K/前复权日K,2026-09-07T13:10:27.603166+08:00,20260926T093659
517520,黄金股ETF永赢,SSE,2024-09-11,1.019,1.029,1.014,1.028,1.019,1.029,1.014,1.028,1.0,53494100.0,54605892.0,腾讯日K/前复权日K,2026-09-07T13:10:27.603166+08:00,20260926T093659
517520,黄金股ETF永赢,SSE,2024-09-12,1.022,1.031,1.019,1.024,1.022,1.031,1.019,1.024,1.0,33281300.0,34133987.0,腾讯日K/前复权日K,2026-09-07T13:10:27.603166+08:00,20260926T093659
517520,黄金股ETF永赢,SSE,2024-09-13,1.044,1.062,1.044,1.05,1.044,1.062,1.044,1.05,1.0,77061000.0,81177403.0,腾讯日K/前复权日K,2026-09-07T13:10:27.603166+08:00,20260926T093659
517520,黄金股ETF永赢,SSE,2024-09-18,1.062,1.069,1.043,1.058,1.062,1.069,1.043,1.058,1.0,54620200.0,57853957.0,腾讯日K/前复权日K,2026-09-07T13:10:27.603166+08:00,20260926T093659
517520,黄金股ETF永赢,SSE,2024-09-19,1.057,1.074,1.033,1.072,1.057,1.074,1.033,1.072,1.0,60835000.0,64334092.0,腾讯日K/前复权日K,2026-09-07T13:10:27.603166+08:00,20260926T093659
517520,黄金股ETF永赢,SSE,2024-09-20,1.072,1.105,1.065,1.105,1.072,1.105,1.065,1.105,1.0,71000600.0,77479006.0,腾讯日K/前复权日K,2026-09-07T13:10:27.603166+08:00,20260926T093659
517520,黄金股ETF永赢,SSE,2024-09-23,1.111,1.129,1.107,1.115,1.111,1.129,1.107,1.115,1.0,195055800.0,218278759.0,腾讯日K/前复权日K,2026-09-07T13:10:27.603166+08:00,20260926T093659
517520,黄金股ETF永赢,SSE,2024-09-24,1.117,1.142,1.113,1.136,1.117,1.142,1.113,1.136,1.0,65575900.0,73879090.0,腾讯日K/前复权日K,2026-09-07T13:10:27.603166+08:00,20260926T093659
517520,黄金股ETF永赢,SSE,2024-09-25,1.145,1.183,1.145,1.16,1.145,1.183,1.145,1.16,1.0,143091900.0,166991303.0,腾讯日K/前复权日K,2026-09-07T13:10:27.603166+08:00,20260926T093659
517520,黄金股ETF永赢,SSE,2024-09-26,1.16,1.18,1.151,1.179,1.16,1.18,1.151,1.179,1.0,80915100.0,94466990.0,腾讯日K/前复权日K,2026-09-07T13:10:27.603166+08:00,20260926T093659
517520,黄金股ETF永赢,SSE,2024-09-27,1.183,1.205,1.162,1.185,1.183,1.205,1.162,1.185,1.0,52919300.0,62511128.0,腾讯日K/前复权日K,2026-09-07T13:10:27.603166+08:00,20260926T093659
517520,黄金股ETF永赢,SSE,2024-09-30,1.188,1.283,1.184,1.27,1.188,1.283,1.184,1.27,1.0,164462100.0,201762904.0,腾讯日K/前复权日K,2026-09-07T13:10:27.603166+08:00,20260926T093659
517520,黄金股ETF永赢,SSE,2024-10-08,1.38,1.396,1.21,1.252,1.38,1.396,1.21,1.252,1.0,176903000.0,226173435.0,腾讯日K/前复权日K,2026-09-07T13:10:27.603166+08:00,20260926T093659
517520,黄金股ETF永赢,SSE,2024-10-09,1.22,1.226,1.155,1.156,1.22,1.226,1.155,1.156,1.0,100430500.0,119130192.0,腾讯日K/前复权日K,2026-09-07T13:10:27.603166+08:00,20260926T093659
517520,黄金股ETF永赢,SSE,2024-10-10,1.151,1.207,1.151,1.181,1.151,1.207,1.151,1.181,1.0,132922200.0,156462077.0,腾讯日K/前复权日K,2026-09-07T13:10:27.603166+08:00,20260926T093659
517520,黄金股ETF永赢,SSE,2024-10-11,1.2,1.212,1.174,1.181,1.2,1.212,1.174,1.181,1.0,58593600.0,70024988.0,腾讯日K/前复权日K,2026-09-07T13:10:27.603166+08:00,20260926T093659
517520,黄金股ETF永赢,SSE,2024-10-14,1.183,1.219,1.18,1.218,1.183,1.219,1.18,1.218,1.0,131746200.0,158295843.0,腾讯日K/前复权日K,2026-09-07T13:10:27.603166+08:00,20260926T093659
517520,黄金股ETF永赢,SSE,2024-10-15,1.208,1.208,1.175,1.176,1.208,1.208,1.175,1.176,1.0,78143100.0,92637842.0,腾讯日K/前复权日K,2026-09-07T13:10:27.603166+08:00,20260926T093659
517520,黄金股ETF永赢,SSE,2024-10-16,1.182,1.217,1.178,1.215,1.182,1.217,1.178,1.215,1.0,96967500.0,116439251.0,腾讯日K/前复权日K,2026-09-07T13:10:27.603166+08:00,20260926T093659
517520,黄金股ETF永赢,SSE,2024-10-17,1.218,1.219,1.194,1.202,1.218,1.219,1.194,1.202,1.0,96920100.0,116933165.0,腾讯日K/前复权日K,2026-09-07T13:10:27.603166+08:00,20260926T093659
517520,黄金股ETF永赢,SSE,2024-10-18,1.21,1.242,1.209,1.229,1.21,1.242,1.209,1.229,1.0,116386700.0,142829564.0,腾讯日K/前复权日K,2026-09-07T13:10:27.603166+08:00,20260926T093659
517520,黄金股ETF永赢,SSE,2024-10-21,1.25,1.272,1.241,1.263,1.25,1.272,1.241,1.263,1.0,117845200.0,148487761.0,腾讯日K/前复权日K,2026-09-07T13:10:27.603166+08:00,20260926T093659
517520,黄金股ETF永赢,SSE,2024-10-22,1.258,1.266,1.241,1.26,1.258,1.266,1.241,1.26,1.0,65958900.0,82844656.0,腾讯日K/前复权日K,2026-09-07T13:10:27.603166+08:00,20260926T093659
517520,黄金股ETF永赢,SSE,2024-10-23,1.268,1.276,1.253,1.26,1.268,1.276,1.253,1.26,1.0,70347200.0,88783347.0,腾讯日K/前复权日K,2026-09-07T13:10:27.603166+08:00,20260926T093659
517520,黄金股ETF永赢,SSE,2024-10-24,1.232,1.239,1.217,1.233,1.232,1.239,1.217,1.233,1.0,65862000.0,80818084.0,腾讯日K/前复权日K,2026-09-07T13:10:27.603166+08:00,20260926T093659
517520,黄金股ETF永赢,SSE,2024-10-25,1.237,1.237,1.215,1.221,1.237,1.237,1.215,1.221,1.0,65747300.0,80272744.0,腾讯日K/前复权日K,2026-09-07T13:10:27.603166+08:00,20260926T093659
517520,黄金股ETF永赢,SSE,2024-10-28,1.214,1.223,1.208,1.221,1.214,1.223,1.208,1.221,1.0,50601100.0,61609882.0,腾讯日K/前复权日K,2026-09-07T13:10:27.603166+08:00,20260926T093659
517520,黄金股ETF永赢,SSE,2024-10-29,1.221,1.24,1.217,1.221,1.221,1.24,1.217,1.221,1.0,68622100.0,84112971.0,腾讯日K/前复权日K,2026-09-07T13:10:27.603166+08:00,20260926T093659
517520,黄金股ETF永赢,SSE,2024-10-30,1.236,1.243,1.212,1.225,1.236,1.243,1.212,1.225,1.0,78327100.0,95983493.0,腾讯日K/前复权日K,2026-09-07T13:10:27.603166+08:00,20260926T093659
517520,黄金股ETF永赢,SSE,2024-10-31,1.213,1.216,1.196,1.201,1.213,1.216,1.196,1.201,1.0,60143300.0,72413885.0,腾讯日K/前复权日K,2026-09-07T13:10:27.603166+08:00,20260926T093659
517520,黄金股ETF永赢,SSE,2024-11-01,1.178,1.222,1.176,1.202,1.178,1.222,1.176,1.202,1.0,88558900.0,106564917.0,腾讯日K/前复权日K,2026-09-07T13:10:27.603166+08:00,20260926T093659
517520,黄金股ETF永赢,SSE,2024-11-04,1.2,1.207,1.186,1.206,1.2,1.207,1.186,1.206,1.0,39517800.0,47310547.0,腾讯日K/前复权日K,2026-09-07T13:10:27.603166+08:00,20260926T093659
517520,黄金股ETF永赢,SSE,2024-11-05,1.2,1.223,1.197,1.222,1.2,1.223,1.197,1.222,1.0,61187900.0,74158811.0,腾讯日K/前复权日K,2026-09-07T13:10:27.603166+08:00,20260926T093659
517520,黄金股ETF永赢,SSE,2024-11-06,1.221,1.237,1.203,1.21,1.221,1.237,1.203,1.21,1.0,65790900.0,80347293.0,腾讯日K/前复权日K,2026-09-07T13:10:27.603166+08:00,20260926T093659
517520,黄金股ETF永赢,SSE,2024-11-07,1.167,1.198,1.151,1.194,1.167,1.198,1.151,1.194,1.0,132851700.0,155273641.0,腾讯日K/前复权日K,2026-09-07T13:10:27.603166+08:00,20260926T093659
517520,黄金股ETF永赢,SSE,2024-11-08,1.2,1.21,1.177,1.181,1.2,1.21,1.177,1.181,1.0,102885000.0,122713858.0,腾讯日K/前复权日K,2026-09-07T13:10:27.603166+08:00,20260926T093659
517520,黄金股ETF永赢,SSE,2024-11-11,1.17,1.17,1.142,1.16,1.17,1.17,1.142,1.16,1.0,66010200.0,76100178.0,腾讯日K/前复权日K,2026-09-07T13:10:27.603166+08:00,20260926T093659
517520,黄金股ETF永赢,SSE,2024-11-12,1.144,1.162,1.126,1.134,1.144,1.162,1.126,1.134,1.0,62626700.0,71723642.0,腾讯日K/前复权日K,2026-09-07T13:10:27.603166+08:00,20260926T093659
517520,黄金股ETF永赢,SSE,2024-11-13,1.128,1.146,1.126,1.14,1.128,1.146,1.126,1.14,1.0,61238000.0,69723560.0,腾讯日K/前复权日K,2026-09-07T13:10:27.603166+08:00,20260926T093659
517520,黄金股ETF永赢,SSE,2024-11-14,1.13,1.135,1.11,1.112,1.13,1.135,1.11,1.112,1.0,76391800.0,85571792.0,腾讯日K/前复权日K,2026-09-07T13:10:27.603166+08:00,20260926T093659
517520,黄金股ETF永赢,SSE,2024-11-15,1.118,1.138,1.111,1.113,1.118,1.138,1.111,1.113,1.0,75954600.0,85469215.0,腾讯日K/前复权日K,2026-09-07T13:10:27.603166+08:00,20260926T093659
517520,黄金股ETF永赢,SSE,2024-11-18,1.124,1.126,1.104,1.111,1.124,1.126,1.104,1.111,1.0,49801100.0,55433202.0,腾讯日K/前复权日K,2026-09-07T13:10:27.603166+08:00,20260926T093659
517520,黄金股ETF永赢,SSE,2024-11-19,1.12,1.143,1.12,1.141,1.12,1.143,1.12,1.141,1.0,98809500.0,111912456.0,腾讯日K/前复权日K,2026-09-07T13:10:27.603166+08:00,20260926T093659
517520,黄金股ETF永赢,SSE,2024-11-20,1.147,1.148,1.134,1.142,1.147,1.148,1.134,1.142,1.0,148022500.0,169040399.0,腾讯日K/前复权日K,2026-09-07T13:10:27.603166+08:00,20260926T093659
517520,黄金股ETF永赢,SSE,2024-11-21,1.146,1.163,1.142,1.162,1.146,1.163,1.142,1.162,1.0,96765600.0,111140444.0,腾讯日K/前复权日K,2026-09-07T13:10:27.603166+08:00,20260926T093659
517520,黄金股ETF永赢,SSE,2024-11-22,1.165,1.174,1.142,1.144,1.165,1.174,1.142,1.144,1.0,113582400.0,131233720.0,腾讯日K/前复权日K,2026-09-07T13:10:27.603166+08:00,20260926T093659
517520,黄金股ETF永赢,SSE,2024-11-25,1.151,1.164,1.121,1.132,1.151,1.164,1.121,1.132,1.0,66475800.0,75947556.0,腾讯日K/前复权日K,2026-09-07T13:10:27.603166+08:00,20260926T093659
517520,黄金股ETF永赢,SSE,2024-11-26,1.115,1.132,1.11,1.121,1.115,1.132,1.11,1.121,1.0,157301700.0,176709360.0,腾讯日K/前复权日K,2026-09-07T13:10:27.603166+08:00,20260926T093659
517520,黄金股ETF永赢,SSE,2024-11-27,1.118,1.125,1.1,1.125,1.118,1.125,1.1,1.125,1.0,28794800.0,31942900.0,腾讯日K/前复权日K,2026-09-07T13:10:27.603166+08:00,20260926T093659
517520,黄金股ETF永赢,SSE,2024-11-28,1.116,1.121,1.108,1.11,1.116,1.121,1.108,1.11,1.0,34339000.0,38268637.0,腾讯日K/前复权日K,2026-09-07T13:10:27.603166+08:00,20260926T093659
517520,黄金股ETF永赢,SSE,2024-11-29,1.116,1.129,1.105,1.122,1.116,1.129,1.105,1.122,1.0,41399600.0,46309048.0,腾讯日K/前复权日K,2026-09-07T13:10:27.603166+08:00,20260926T093659
517520,黄金股ETF永赢,SSE,2024-12-02,1.12,1.129,1.116,1.126,1.12,1.129,1.116,1.126,1.0,36014600.0,40459731.0,腾讯日K/前复权日K,2026-09-07T13:10:27.603166+08:00,20260926T093659
517520,黄金股ETF永赢,SSE,2024-12-03,1.128,1.135,1.12,1.132,1.128,1.135,1.12,1.132,1.0,29170900.0,32901854.0,腾讯日K/前复权日K,2026-09-07T13:10:27.603166+08:00,20260926T093659
517520,黄金股ETF永赢,SSE,2024-12-04,1.133,1.138,1.127,1.13,1.133,1.138,1.127,1.13,1.0,35827500.0,40585770.0,腾讯日K/前复权日K,2026-09-07T13:10:27.603166+08:00,20260926T093659
517520,黄金股ETF永赢,SSE,2024-12-05,1.129,1.129,1.116,1.12,1.129,1.129,1.116,1.12,1.0,21863400.0,24476369.0,腾讯日K/前复权日K,2026-09-07T13:10:27.603166+08:00,20260926T093659
517520,黄金股ETF永赢,SSE,2024-12-06,1.116,1.13,1.116,1.127,1.116,1.13,1.116,1.127,1.0,30650500.0,34443739.0,腾讯日K/前复权日K,2026-09-07T13:10:27.603166+08:00,20260926T093659
517520,黄金股ETF永赢,SSE,2024-12-09,1.135,1.159,1.133,1.149,1.135,1.159,1.133,1.149,1.0,111089000.0,127450573.0,腾讯日K/前复权日K,2026-09-07T13:10:27.603166+08:00,20260926T093659
517520,黄金股ETF永赢,SSE,2024-12-10,1.167,1.178,1.143,1.146,1.167,1.178,1.143,1.146,1.0,72459500.0,83899529.0,腾讯日K/前复权日K,2026-09-07T13:10:27.603166+08:00,20260926T093659
517520,黄金股ETF永赢,SSE,2024-12-11,1.161,1.176,1.153,1.169,1.161,1.176,1.153,1.169,1.0,101030400.0,117853402.0,腾讯日K/前复权日K,2026-09-07T13:10:27.603166+08:00,20260926T093659
517520,黄金股ETF永赢,SSE,2024-12-12,1.174,1.182,1.168,1.175,1.174,1.182,1.168,1.175,1.0,69395300.0,81575371.0,腾讯日K/前复权日K,2026-09-07T13:10:27.603166+08:00,20260926T093659
517520,黄金股ETF永赢,SSE,2024-12-13,1.158,1.16,1.139,1.14,1.158,1.16,1.139,1.14,1.0,176229500.0,202088509.0,腾讯日K/前复权日K,2026-09-07T13:10:27.603166+08:00,20260926T093659
517520,黄金股ETF永赢,SSE,2024-12-16,1.137,1.14,1.112,1.116,1.137,1.14,1.112,1.116,1.0,79196000.0,88800917.0,腾讯日K/前复权日K,2026-09-07T13:10:27.603166+08:00,20260926T093659
517520,黄金股ETF永赢,SSE,2024-12-17,1.114,1.12,1.105,1.108,1.114,1.12,1.105,1.108,1.0,57770000.0,64207612.0,腾讯日K/前复权日K,2026-09-07T13:10:27.603166+08:00,20260926T093659
517520,黄金股ETF永赢,SSE,2024-12-18,1.109,1.111,1.103,1.107,1.109,1.111,1.103,1.107,1.0,36779100.0,40721827.0,腾讯日K/前复权日K,2026-09-07T13:10:27.603166+08:00,20260926T093659
517520,黄金股ETF永赢,SSE,2024-12-19,1.087,1.099,1.079,1.097,1.087,1.099,1.079,1.097,1.0,48796600.0,53351795.0,腾讯日K/前复权日K,2026-09-07T13:10:27.603166+08:00,20260926T093659
517520,黄金股ETF永赢,SSE,2024-12-20,1.091,1.093,1.082,1.086,1.091,1.093,1.082,1.086,1.0,67870500.0,73860469.0,腾讯日K/前复权日K,2026-09-07T13:10:27.603166+08:00,20260926T093659
517520,黄金股ETF永赢,SSE,2024-12-23,1.087,1.097,1.085,1.088,1.087,1.097,1.085,1.088,1.0,34444000.0,37536129.0,腾讯日K/前复权日K,2026-09-07T13:10:27.603166+08:00,20260926T093659
517520,黄金股ETF永赢,SSE,2024-12-24,1.085,1.089,1.079,1.087,1.085,1.089,1.079,1.087,1.0,40036200.0,43365331.0,腾讯日K/前复权日K,2026-09-07T13:10:27.603166+08:00,20260926T093659
517520,黄金股ETF永赢,SSE,2024-12-25,1.084,1.086,1.073,1.077,1.084,1.086,1.073,1.077,1.0,31049300.0,33443889.0,腾讯日K/前复权日K,2026-09-07T13:10:27.603166+08:00,20260926T093659
517520,黄金股ETF永赢,SSE,2024-12-26,1.077,1.087,1.076,1.082,1.077,1.087,1.076,1.082,1.0,50507200.0,54671921.0,腾讯日K/前复权日K,2026-09-07T13:10:27.603166+08:00,20260926T093659
517520,黄金股ETF永赢,SSE,2024-12-27,1.084,1.086,1.077,1.08,1.084,1.086,1.077,1.08,1.0,102832300.0,111131926.0,腾讯日K/前复权日K,2026-09-07T13:10:27.603166+08:00,20260926T093659
517520,黄金股ETF永赢,SSE,2024-12-30,1.077,1.086,1.072,1.075,1.077,1.086,1.072,1.075,1.0,72439800.0,77960333.0,腾讯日K/前复权日K,2026-09-07T13:10:27.603166+08:00,20260926T093659
517520,黄金股ETF永赢,SSE,2024-12-31,1.074,1.078,1.063,1.063,1.074,1.078,1.063,1.063,1.0,40548100.0,43407030.0,腾讯日K/前复权日K,2026-09-07T13:10:27.603166+08:00,20260926T093659
517520,黄金股ETF永赢,SSE,2025-01-02,1.066,1.098,1.063,1.083,1.066,1.098,1.063,1.083,1.0,247623100.0,268803807.0,腾讯日K/前复权日K,2026-09-07T13:10:27.603166+08:00,20260926T093659
517520,黄金股ETF永赢,SSE,2025-01-03,1.096,1.121,1.089,1.103,1.096,1.121,1.089,1.103,1.0,185124200.0,204777563.0,腾讯日K/前复权日K,2026-09-07T13:10:27.603166+08:00,20260926T093659
517520,黄金股ETF永赢,SSE,2025-01-06,1.1,1.114,1.08,1.098,1.1,1.114,1.08,1.098,1.0,101452200.0,111418799.0,腾讯日K/前复权日K,2026-09-07T13:10:27.603166+08:00,20260926T093659
517520,黄金股ETF永赢,SSE,2025-01-07,1.095,1.123,1.088,1.122,1.095,1.123,1.088,1.122,1.0,116284500.0,129058936.0,腾讯日K/前复权日K,2026-09-07T13:10:27.603166+08:00,20260926T093659
517520,黄金股ETF永赢,SSE,2025-01-08,1.121,1.128,1.101,1.118,1.121,1.128,1.101,1.118,1.0,87318400.0,97282637.0,腾讯日K/前复权日K,2026-09-07T13:10:27.603166+08:00,20260926T093659
517520,黄金股ETF永赢,SSE,2025-01-09,1.121,1.122,1.106,1.114,1.121,1.122,1.106,1.114,1.0,67467700.0,75035055.0,腾讯日K/前复权日K,2026-09-07T13:10:27.603166+08:00,20260926T093659
517520,黄金股ETF永赢,SSE,2025-01-10,1.119,1.127,1.105,1.117,1.119,1.127,1.105,1.117,1.0,146018100.0,163410465.0,腾讯日K/前复权日K,2026-09-07T13:10:27.603166+08:00,20260926T093659
517520,黄金股ETF永赢,SSE,2025-01-13,1.116,1.146,1.106,1.136,1.116,1.146,1.106,1.136,1.0,92630500.0,104873377.0,腾讯日K/前复权日K,2026-09-07T13:10:27.603166+08:00,20260926T093659
517520,黄金股ETF永赢,SSE,2025-01-14,1.125,1.144,1.118,1.141,1.125,1.144,1.118,1.141,1.0,85096300.0,96498162.0,腾讯日K/前复权日K,2026-09-07T13:10:27.603166+08:00,20260926T093659
517520,黄金股ETF永赢,SSE,2025-01-15,1.139,1.139,1.11,1.122,1.139,1.139,1.11,1.122,1.0,98515300.0,110644273.0,腾讯日K/前复权日K,2026-09-07T13:10:27.603166+08:00,20260926T093659
517520,黄金股ETF永赢,SSE,2025-01-16,1.136,1.149,1.132,1.141,1.136,1.149,1.132,1.141,1.0,71262100.0,81286231.0,腾讯日K/前复权日K,2026-09-07T13:10:27.603166+08:00,20260926T093659
517520,黄金股ETF永赢,SSE,2025-01-17,1.143,1.15,1.136,1.145,1.143,1.15,1.136,1.145,1.0,51074600.0,58414953.0,腾讯日K/前复权日K,2026-09-07T13:10:27.603166+08:00,20260926T093659
517520,黄金股ETF永赢,SSE,2025-01-20,1.135,1.142,1.124,1.136,1.135,1.142,1.124,1.136,1.0,134448000.0,152461079.0,腾讯日K/前复权日K,2026-09-07T13:10:27.603166+08:00,20260926T093659
517520,黄金股ETF永赢,SSE,2025-01-21,1.13,1.14,1.125,1.136,1.13,1.14,1.125,1.136,1.0,54558900.0,61890095.0,腾讯日K/前复权日K,2026-09-07T13:10:27.603166+08:00,20260926T093659
517520,黄金股ETF永赢,SSE,2025-01-22,1.146,1.158,1.138,1.149,1.146,1.158,1.138,1.149,1.0,90677200.0,103984514.0,腾讯日K/前复权日K,2026-09-07T13:10:27.603166+08:00,20260926T093659
517520,黄金股ETF永赢,SSE,2025-01-23,1.145,1.156,1.134,1.136,1.145,1.156,1.134,1.136,1.0,48703500.0,55759995.0,腾讯日K/前复权日K,2026-09-07T13:10:27.603166+08:00,20260926T093659
517520,黄金股ETF永赢,SSE,2025-01-24,1.136,1.151,1.129,1.15,1.136,1.151,1.129,1.15,1.0,33471100.0,38253717.0,腾讯日K/前复权日K,2026-09-07T13:10:27.603166+08:00,20260926T093659
517520,黄金股ETF永赢,SSE,2025-01-27,1.151,1.159,1.141,1.146,1.151,1.159,1.141,1.146,1.0,103203900.0,118751232.0,腾讯日K/前复权日K,2026-09-07T13:10:27.603166+08:00,20260926T093659
517520,黄金股ETF永赢,SSE,2025-02-05,1.172,1.202,1.162,1.201,1.172,1.202,1.162,1.201,1.0,184666300.0,219815473.0,腾讯日K/前复权日K,2026-09-07T13:10:27.603166+08:00,20260926T093659
517520,黄金股ETF永赢,SSE,2025-02-06,1.202,1.203,1.19,1.197,1.202,1.203,1.19,1.197,1.0,110682800.0,132340770.0,腾讯日K/前复权日K,2026-09-07T13:10:27.603166+08:00,20260926T093659
517520,黄金股ETF永赢,SSE,2025-02-07,1.192,1.213,1.192,1.21,1.192,1.213,1.192,1.21,1.0,63012500.0,75985171.0,腾讯日K/前复权日K,2026-09-07T13:10:27.603166+08:00,20260926T093659
517520,黄金股ETF永赢,SSE,2025-02-10,1.213,1.23,1.212,1.229,1.213,1.23,1.212,1.229,1.0,58277500.0,71038262.0,腾讯日K/前复权日K,2026-09-07T13:10:27.603166+08:00,20260926T093659
517520,黄金股ETF永赢,SSE,2025-02-11,1.247,1.27,1.236,1.237,1.247,1.27,1.236,1.237,1.0,160947900.0,201391452.0,腾讯日K/前复权日K,2026-09-07T13:10:27.603166+08:00,20260926T093659
517520,黄金股ETF永赢,SSE,2025-02-12,1.219,1.222,1.202,1.216,1.219,1.222,1.202,1.216,1.0,117303500.0,142104504.0,腾讯日K/前复权日K,2026-09-07T13:10:27.603166+08:00,20260926T093659
517520,黄金股ETF永赢,SSE,2025-02-13,1.216,1.227,1.209,1.212,1.216,1.227,1.209,1.212,1.0,90041200.0,109503689.0,腾讯日K/前复权日K,2026-09-07T13:10:27.603166+08:00,20260926T093659
517520,黄金股ETF永赢,SSE,2025-02-14,1.212,1.223,1.21,1.218,1.212,1.223,1.21,1.218,1.0,106451100.0,129425903.0,腾讯日K/前复权日K,2026-09-07T13:10:27.603166+08:00,20260926T093659
517520,黄金股ETF永赢,SSE,2025-02-17,1.191,1.191,1.172,1.181,1.191,1.191,1.172,1.181,1.0,135952000.0,160701575.0,腾讯日K/前复权日K,2026-09-07T13:10:27.603166+08:00,20260926T093659
517520,黄金股ETF永赢,SSE,2025-02-18,1.176,1.188,1.169,1.182,1.176,1.188,1.169,1.182,1.0,53778100.0,63361463.0,腾讯日K/前复权日K,2026-09-07T13:10:27.603166+08:00,20260926T093659
517520,黄金股ETF永赢,SSE,2025-02-19,1.188,1.197,1.18,1.186,1.188,1.197,1.18,1.186,1.0,53468800.0,63559309.0,腾讯日K/前复权日K,2026-09-07T13:10:27.603166+08:00,20260926T093659
517520,黄金股ETF永赢,SSE,2025-02-20,1.187,1.198,1.182,1.197,1.187,1.198,1.182,1.197,1.0,49153000.0,58480654.0,腾讯日K/前复权日K,2026-09-07T13:10:27.603166+08:00,20260926T093659
517520,黄金股ETF永赢,SSE,2025-02-21,1.197,1.198,1.168,1.176,1.197,1.198,1.168,1.176,1.0,109184400.0,128866624.0,腾讯日K/前复权日K,2026-09-07T13:10:27.603166+08:00,20260926T093659
517520,黄金股ETF永赢,SSE,2025-02-24,1.16,1.182,1.16,1.177,1.16,1.182,1.16,1.177,1.0,87352100.0,102375647.0,腾讯日K/前复权日K,2026-09-07T13:10:27.603166+08:00,20260926T093659
517520,黄金股ETF永赢,SSE,2025-02-25,1.176,1.185,1.162,1.163,1.176,1.185,1.162,1.163,1.0,65537100.0,77054801.0,腾讯日K/前复权日K,2026-09-07T13:10:27.603166+08:00,20260926T093659
517520,黄金股ETF永赢,SSE,2025-02-26,1.156,1.171,1.153,1.157,1.156,1.171,1.153,1.157,1.0,59518200.0,69019785.0,腾讯日K/前复权日K,2026-09-07T13:10:27.603166+08:00,20260926T093659
517520,黄金股ETF永赢,SSE,2025-02-27,1.152,1.156,1.138,1.146,1.152,1.156,1.138,1.146,1.0,52483400.0,60217748.0,腾讯日K/前复权日K,2026-09-07T13:10:27.603166+08:00,20260926T093659
517520,黄金股ETF永赢,SSE,2025-02-28,1.138,1.145,1.126,1.128,1.138,1.145,1.126,1.128,1.0,159597200.0,181677289.0,腾讯日K/前复权日K,2026-09-07T13:10:27.603166+08:00,20260926T093659
517520,黄金股ETF永赢,SSE,2025-03-03,1.124,1.149,1.124,1.136,1.124,1.149,1.124,1.136,1.0,71906800.0,82037642.0,腾讯日K/前复权日K,2026-09-07T13:10:27.603166+08:00,20260926T093659
517520,黄金股ETF永赢,SSE,2025-03-04,1.148,1.166,1.141,1.163,1.148,1.166,1.141,1.163,1.0,99764600.0,115334959.0,腾讯日K/前复权日K,2026-09-07T13:10:27.603166+08:00,20260926T093659
517520,黄金股ETF永赢,SSE,2025-03-05,1.163,1.188,1.162,1.187,1.163,1.188,1.162,1.187,1.0,97903700.0,115328397.0,腾讯日K/前复权日K,2026-09-07T13:10:27.603166+08:00,20260926T093659
517520,黄金股ETF永赢,SSE,2025-03-06,1.187,1.207,1.186,1.198,1.187,1.207,1.186,1.198,1.0,175420800.0,210338381.0,腾讯日K/前复权日K,2026-09-07T13:10:27.603166+08:00,20260926T093659
517520,黄金股ETF永赢,SSE,2025-03-07,1.19,1.222,1.188,1.212,1.19,1.222,1.188,1.212,1.0,64380400.0,77993810.0,腾讯日K/前复权日K,2026-09-07T13:10:27.603166+08:00,20260926T093659
517520,黄金股ETF永赢,SSE,2025-03-10,1.218,1.222,1.202,1.215,1.218,1.222,1.202,1.215,1.0,59471400.0,71973519.0,腾讯日K/前复权日K,2026-09-07T13:10:27.603166+08:00,20260926T093659
517520,黄金股ETF永赢,SSE,2025-03-11,1.19,1.212,1.188,1.212,1.19,1.212,1.188,1.212,1.0,113542100.0,135813999.0,腾讯日K/前复权日K,2026-09-07T13:10:27.603166+08:00,20260926T093659
517520,黄金股ETF永赢,SSE,2025-03-12,1.218,1.235,1.216,1.23,1.218,1.235,1.216,1.23,1.0,161007600.0,197026128.0,腾讯日K/前复权日K,2026-09-07T13:10:27.603166+08:00,20260926T093659
517520,黄金股ETF永赢,SSE,2025-03-13,1.236,1.245,1.232,1.238,1.236,1.245,1.232,1.238,1.0,62189800.0,76993154.0,腾讯日K/前复权日K,2026-09-07T13:10:27.603166+08:00,20260926T093659
517520,黄金股ETF永赢,SSE,2025-03-14,1.273,1.288,1.26,1.278,1.273,1.288,1.26,1.278,1.0,169597000.0,216547465.0,腾讯日K/前复权日K,2026-09-07T13:10:27.603166+08:00,20260926T093659
517520,黄金股ETF永赢,SSE,2025-03-17,1.278,1.289,1.271,1.274,1.278,1.289,1.271,1.274,1.0,113583800.0,145198769.0,腾讯日K/前复权日K,2026-09-07T13:10:27.603166+08:00,20260926T093659
517520,黄金股ETF永赢,SSE,2025-03-18,1.279,1.335,1.275,1.324,1.279,1.335,1.275,1.324,1.0,155642900.0,204665360.0,腾讯日K/前复权日K,2026-09-07T13:10:27.603166+08:00,20260926T093659
517520,黄金股ETF永赢,SSE,2025-03-19,1.335,1.342,1.317,1.338,1.335,1.342,1.317,1.338,1.0,180176900.0,239880619.0,腾讯日K/前复权日K,2026-09-07T13:10:27.603166+08:00,20260926T093659
517520,黄金股ETF永赢,SSE,2025-03-20,1.349,1.354,1.324,1.326,1.349,1.354,1.324,1.326,1.0,186885600.0,248983466.0,腾讯日K/前复权日K,2026-09-07T13:10:27.603166+08:00,20260926T093659
517520,黄金股ETF永赢,SSE,2025-03-21,1.326,1.326,1.282,1.286,1.326,1.326,1.282,1.286,1.0,113329300.0,147288992.0,腾讯日K/前复权日K,2026-09-07T13:10:27.603166+08:00,20260926T093659
517520,黄金股ETF永赢,SSE,2025-03-24,1.286,1.305,1.274,1.296,1.286,1.305,1.274,1.296,1.0,74823000.0,96691289.0,腾讯日K/前复权日K,2026-09-07T13:10:27.603166+08:00,20260926T093659
517520,黄金股ETF永赢,SSE,2025-03-25,1.296,1.307,1.284,1.301,1.296,1.307,1.284,1.301,1.0,97602200.0,126582300.0,腾讯日K/前复权日K,2026-09-07T13:10:27.603166+08:00,20260926T093659
517520,黄金股ETF永赢,SSE,2025-03-26,1.304,1.328,1.286,1.297,1.304,1.328,1.286,1.297,1.0,94947000.0,123660362.0,腾讯日K/前复权日K,2026-09-07T13:10:27.603166+08:00,20260926T093659
517520,黄金股ETF永赢,SSE,2025-03-27,1.29,1.297,1.273,1.289,1.29,1.297,1.273,1.289,1.0,68935400.0,88662546.0,腾讯日K/前复权日K,2026-09-07T13:10:27.603166+08:00,20260926T093659
517520,黄金股ETF永赢,SSE,2025-03-28,1.315,1.317,1.297,1.315,1.315,1.317,1.297,1.315,1.0,91563700.0,119699603.0,腾讯日K/前复权日K,2026-09-07T13:10:27.603166+08:00,20260926T093659
517520,黄金股ETF永赢,SSE,2025-03-31,1.315,1.328,1.305,1.323,1.315,1.328,1.305,1.323,1.0,142640500.0,188158559.0,腾讯日K/前复权日K,2026-09-07T13:10:27.603166+08:00,20260926T093659
517520,黄金股ETF永赢,SSE,2025-04-01,1.33,1.339,1.311,1.318,1.33,1.339,1.311,1.318,1.0,271248200.0,359091227.0,腾讯日K/前复权日K,2026-09-07T13:10:27.603166+08:00,20260926T093659
517520,黄金股ETF永赢,SSE,2025-04-02,1.313,1.315,1.29,1.293,1.313,1.315,1.29,1.293,1.0,123680900.0,161370323.0,腾讯日K/前复权日K,2026-09-07T13:10:27.603166+08:00,20260926T093659
517520,黄金股ETF永赢,SSE,2025-04-03,1.309,1.313,1.286,1.29,1.309,1.313,1.286,1.29,1.0,233735500.0,302630345.0,腾讯日K/前复权日K,2026-09-07T13:10:27.603166+08:00,20260926T093659
517520,黄金股ETF永赢,SSE,2025-04-07,1.162,1.248,1.161,1.176,1.162,1.248,1.161,1.176,1.0,223291400.0,265610241.0,腾讯日K/前复权日K,2026-09-07T13:10:27.603166+08:00,20260926T093659
517520,黄金股ETF永赢,SSE,2025-04-08,1.163,1.198,1.162,1.192,1.163,1.198,1.162,1.192,1.0,135054600.0,159563099.0,腾讯日K/前复权日K,2026-09-07T13:10:27.603166+08:00,20260926T093659
517520,黄金股ETF永赢,SSE,2025-04-09,1.16,1.219,1.145,1.217,1.16,1.219,1.145,1.217,1.0,99452600.0,117545265.0,腾讯日K/前复权日K,2026-09-07T13:10:27.603166+08:00,20260926T093659
517520,黄金股ETF永赢,SSE,2025-04-10,1.26,1.295,1.234,1.289,1.26,1.295,1.234,1.289,1.0,108776700.0,138860946.0,腾讯日K/前复权日K,2026-09-07T13:10:27.603166+08:00,20260926T093659
517520,黄金股ETF永赢,SSE,2025-04-11,1.332,1.345,1.315,1.337,1.332,1.345,1.315,1.337,1.0,225686000.0,300422391.0,腾讯日K/前复权日K,2026-09-07T13:10:27.603166+08:00,20260926T093659
517520,黄金股ETF永赢,SSE,2025-04-14,1.326,1.396,1.325,1.396,1.326,1.396,1.325,1.396,1.0,176204400.0,241053543.0,腾讯日K/前复权日K,2026-09-07T13:10:27.603166+08:00,20260926T093659
517520,黄金股ETF永赢,SSE,2025-04-15,1.39,1.398,1.36,1.389,1.39,1.398,1.36,1.389,1.0,211494400.0,292949543.0,腾讯日K/前复权日K,2026-09-07T13:10:27.603166+08:00,20260926T093659
517520,黄金股ETF永赢,SSE,2025-04-16,1.415,1.43,1.39,1.43,1.415,1.43,1.39,1.43,1.0,240337500.0,338375327.0,腾讯日K/前复权日K,2026-09-07T13:10:27.603166+08:00,20260926T093659
517520,黄金股ETF永赢,SSE,2025-04-17,1.456,1.482,1.394,1.402,1.456,1.482,1.394,1.402,1.0,569291800.0,807659050.0,腾讯日K/前复权日K,2026-09-07T13:10:27.603166+08:00,20260926T093659
517520,黄金股ETF永赢,SSE,2025-04-18,1.377,1.395,1.369,1.382,1.377,1.395,1.369,1.382,1.0,132216700.0,182305248.0,腾讯日K/前复权日K,2026-09-07T13:10:27.603166+08:00,20260926T093659
517520,黄金股ETF永赢,SSE,2025-04-21,1.402,1.492,1.402,1.485,1.402,1.492,1.402,1.485,1.0,286577000.0,413939285.0,腾讯日K/前复权日K,2026-09-07T13:10:27.603166+08:00,20260926T093659
517520,黄金股ETF永赢,SSE,2025-04-22,1.5,1.52,1.465,1.478,1.5,1.52,1.465,1.478,1.0,359942600.0,535973265.0,腾讯日K/前复权日K,2026-09-07T13:10:27.603166+08:00,20260926T093659
517520,黄金股ETF永赢,SSE,2025-04-23,1.408,1.436,1.376,1.38,1.408,1.436,1.376,1.38,1.0,381778800.0,534628199.0,腾讯日K/前复权日K,2026-09-07T13:10:27.603166+08:00,20260926T093659
517520,黄金股ETF永赢,SSE,2025-04-24,1.392,1.412,1.369,1.379,1.392,1.412,1.369,1.379,1.0,153390800.0,213101665.0,腾讯日K/前复权日K,2026-09-07T13:10:27.603166+08:00,20260926T093659
517520,黄金股ETF永赢,SSE,2025-04-25,1.39,1.394,1.356,1.361,1.39,1.394,1.356,1.361,1.0,137565900.0,188590145.0,腾讯日K/前复权日K,2026-09-07T13:10:27.603166+08:00,20260926T093659
517520,黄金股ETF永赢,SSE,2025-04-28,1.356,1.361,1.326,1.357,1.356,1.361,1.326,1.357,1.0,143425700.0,193726810.0,腾讯日K/前复权日K,2026-09-07T13:10:27.603166+08:00,20260926T093659
517520,黄金股ETF永赢,SSE,2025-04-29,1.365,1.367,1.352,1.362,1.365,1.367,1.352,1.362,1.0,98614300.0,133914604.0,腾讯日K/前复权日K,2026-09-07T13:10:27.603166+08:00,20260926T093659
517520,黄金股ETF永赢,SSE,2025-04-30,1.357,1.368,1.344,1.346,1.357,1.368,1.344,1.346,1.0,59955100.0,81083582.0,腾讯日K/前复权日K,2026-09-07T13:10:27.603166+08:00,20260926T093659
517520,黄金股ETF永赢,SSE,2025-05-06,1.37,1.397,1.37,1.39,1.37,1.397,1.37,1.39,1.0,151042200.0,209195227.0,腾讯日K/前复权日K,2026-09-07T13:10:27.603166+08:00,20260926T093659
517520,黄金股ETF永赢,SSE,2025-05-07,1.385,1.406,1.37,1.398,1.385,1.406,1.37,1.398,1.0,131483400.0,183046006.0,腾讯日K/前复权日K,2026-09-07T13:10:27.603166+08:00,20260926T093659
517520,黄金股ETF永赢,SSE,2025-05-08,1.393,1.403,1.369,1.373,1.393,1.403,1.369,1.373,1.0,113689100.0,157359482.0,腾讯日K/前复权日K,2026-09-07T13:10:27.603166+08:00,20260926T093659
517520,黄金股ETF永赢,SSE,2025-05-09,1.353,1.37,1.348,1.367,1.353,1.37,1.348,1.367,1.0,95795000.0,130376808.0,腾讯日K/前复权日K,2026-09-07T13:10:27.603166+08:00,20260926T093659
517520,黄金股ETF永赢,SSE,2025-05-12,1.349,1.349,1.319,1.346,1.349,1.349,1.319,1.346,1.0,137595800.0,184088221.0,腾讯日K/前复权日K,2026-09-07T13:10:27.603166+08:00,20260926T093659
517520,黄金股ETF永赢,SSE,2025-05-13,1.323,1.364,1.31,1.359,1.323,1.364,1.31,1.359,1.0,277856800.0,373683979.0,腾讯日K/前复权日K,2026-09-07T13:10:27.603166+08:00,20260926T093659
517520,黄金股ETF永赢,SSE,2025-05-14,1.349,1.354,1.338,1.347,1.349,1.354,1.338,1.347,1.0,163936300.0,220269471.0,腾讯日K/前复权日K,2026-09-07T13:10:27.603166+08:00,20260926T093659
517520,黄金股ETF永赢,SSE,2025-05-15,1.336,1.339,1.324,1.337,1.336,1.339,1.324,1.337,1.0,240607800.0,320244943.0,腾讯日K/前复权日K,2026-09-07T13:10:27.603166+08:00,20260926T093659
517520,黄金股ETF永赢,SSE,2025-05-16,1.347,1.356,1.338,1.34,1.347,1.356,1.338,1.34,1.0,88026700.0,118536252.0,腾讯日K/前复权日K,2026-09-07T13:10:27.603166+08:00,20260926T093659
517520,黄金股ETF永赢,SSE,2025-05-19,1.346,1.355,1.336,1.343,1.346,1.355,1.336,1.343,1.0,58202500.0,78203176.0,腾讯日K/前复权日K,2026-09-07T13:10:27.603166+08:00,20260926T093659
517520,黄金股ETF永赢,SSE,2025-05-20,1.343,1.365,1.338,1.36,1.343,1.365,1.338,1.36,1.0,116846400.0,158620572.0,腾讯日K/前复权日K,2026-09-07T13:10:27.603166+08:00,20260926T093659
517520,黄金股ETF永赢,SSE,2025-05-21,1.378,1.424,1.378,1.423,1.378,1.424,1.378,1.423,1.0,270766800.0,380818302.0,腾讯日K/前复权日K,2026-09-07T13:10:27.603166+08:00,20260926T093659
517520,黄金股ETF永赢,SSE,2025-05-22,1.424,1.438,1.413,1.414,1.424,1.438,1.413,1.414,1.0,134670100.0,191992098.0,腾讯日K/前复权日K,2026-09-07T13:10:27.603166+08:00,20260926T093659
517520,黄金股ETF永赢,SSE,2025-05-23,1.401,1.436,1.4,1.428,1.401,1.436,1.4,1.428,1.0,100514100.0,142447734.0,腾讯日K/前复权日K,2026-09-07T13:10:27.603166+08:00,20260926T093659
517520,黄金股ETF永赢,SSE,2025-05-26,1.428,1.451,1.415,1.432,1.428,1.451,1.415,1.432,1.0,90028300.0,129306465.0,腾讯日K/前复权日K,2026-09-07T13:10:27.603166+08:00,20260926T093659
517520,黄金股ETF永赢,SSE,2025-05-27,1.42,1.434,1.393,1.401,1.42,1.434,1.393,1.401,1.0,87877200.0,123898433.0,腾讯日K/前复权日K,2026-09-07T13:10:27.603166+08:00,20260926T093659
517520,黄金股ETF永赢,SSE,2025-05-28,1.399,1.41,1.393,1.403,1.399,1.41,1.393,1.403,1.0,79422900.0,111408688.0,腾讯日K/前复权日K,2026-09-07T13:10:27.603166+08:00,20260926T093659
517520,黄金股ETF永赢,SSE,2025-05-29,1.38,1.402,1.374,1.398,1.38,1.402,1.374,1.398,1.0,114405500.0,159545613.0,腾讯日K/前复权日K,2026-09-07T13:10:27.603166+08:00,20260926T093659
517520,黄金股ETF永赢,SSE,2025-05-30,1.405,1.408,1.386,1.39,1.405,1.408,1.386,1.39,1.0,88170600.0,122748187.0,腾讯日K/前复权日K,2026-09-07T13:10:27.603166+08:00,20260926T093659
517520,黄金股ETF永赢,SSE,2025-06-03,1.424,1.456,1.424,1.437,1.424,1.456,1.424,1.437,1.0,122743200.0,176574981.0,腾讯日K/前复权日K,2026-09-07T13:10:27.603166+08:00,20260926T093659
517520,黄金股ETF永赢,SSE,2025-06-04,1.426,1.458,1.426,1.448,1.426,1.458,1.426,1.448,1.0,142832300.0,206570647.0,腾讯日K/前复权日K,2026-09-07T13:10:27.603166+08:00,20260926T093659
517520,黄金股ETF永赢,SSE,2025-06-05,1.454,1.458,1.42,1.425,1.454,1.458,1.42,1.425,1.0,115128000.0,165682639.0,腾讯日K/前复权日K,2026-09-07T13:10:27.603166+08:00,20260926T093659
517520,黄金股ETF永赢,SSE,2025-06-06,1.423,1.458,1.419,1.446,1.423,1.458,1.419,1.446,1.0,87794600.0,127027710.0,腾讯日K/前复权日K,2026-09-07T13:10:27.603166+08:00,20260926T093659
517520,黄金股ETF永赢,SSE,2025-06-09,1.426,1.435,1.408,1.434,1.426,1.435,1.408,1.434,1.0,220602500.0,313085433.0,腾讯日K/前复权日K,2026-09-07T13:10:27.603166+08:00,20260926T093659
517520,黄金股ETF永赢,SSE,2025-06-10,1.421,1.443,1.42,1.441,1.421,1.443,1.42,1.441,1.0,160723400.0,230617751.0,腾讯日K/前复权日K,2026-09-07T13:10:27.603166+08:00,20260926T093659
517520,黄金股ETF永赢,SSE,2025-06-11,1.438,1.46,1.437,1.451,1.438,1.46,1.437,1.451,1.0,69146500.0,100060304.0,腾讯日K/前复权日K,2026-09-07T13:10:27.603166+08:00,20260926T093659
517520,黄金股ETF永赢,SSE,2025-06-12,1.463,1.497,1.456,1.497,1.463,1.497,1.456,1.497,1.0,103205900.0,152790088.0,腾讯日K/前复权日K,2026-09-07T13:10:27.603166+08:00,20260926T093659
517520,黄金股ETF永赢,SSE,2025-06-13,1.539,1.543,1.516,1.525,1.539,1.543,1.516,1.525,1.0,286208400.0,436852418.0,腾讯日K/前复权日K,2026-09-07T13:10:27.603166+08:00,20260926T093659
517520,黄金股ETF永赢,SSE,2025-06-16,1.528,1.532,1.496,1.501,1.528,1.532,1.496,1.501,1.0,131524400.0,198687498.0,腾讯日K/前复权日K,2026-09-07T13:10:27.603166+08:00,20260926T093659
517520,黄金股ETF永赢,SSE,2025-06-17,1.493,1.505,1.482,1.485,1.493,1.505,1.482,1.485,1.0,86143800.0,128574525.0,腾讯日K/前复权日K,2026-09-07T13:10:27.603166+08:00,20260926T093659
517520,黄金股ETF永赢,SSE,2025-06-18,1.487,1.499,1.47,1.492,1.487,1.499,1.47,1.492,1.0,90771400.0,134683893.0,腾讯日K/前复权日K,2026-09-07T13:10:27.603166+08:00,20260926T093659
517520,黄金股ETF永赢,SSE,2025-06-19,1.487,1.488,1.449,1.457,1.487,1.488,1.449,1.457,1.0,149751900.0,219252033.0,腾讯日K/前复权日K,2026-09-07T13:10:27.603166+08:00,20260926T093659
517520,黄金股ETF永赢,SSE,2025-06-20,1.449,1.459,1.437,1.442,1.449,1.459,1.437,1.442,1.0,80944800.0,117051849.0,腾讯日K/前复权日K,2026-09-07T13:10:27.603166+08:00,20260926T093659
517520,黄金股ETF永赢,SSE,2025-06-23,1.444,1.463,1.44,1.457,1.444,1.463,1.44,1.457,1.0,64099300.0,93062500.0,腾讯日K/前复权日K,2026-09-07T13:10:27.603166+08:00,20260926T093659
517520,黄金股ETF永赢,SSE,2025-06-24,1.441,1.453,1.433,1.436,1.441,1.453,1.433,1.436,1.0,123661100.0,178170778.0,腾讯日K/前复权日K,2026-09-07T13:10:27.603166+08:00,20260926T093659
517520,黄金股ETF永赢,SSE,2025-06-25,1.436,1.449,1.434,1.449,1.436,1.449,1.434,1.449,1.0,99055200.0,142868508.0,腾讯日K/前复权日K,2026-09-07T13:10:27.603166+08:00,20260926T093659
517520,黄金股ETF永赢,SSE,2025-06-26,1.449,1.47,1.436,1.468,1.449,1.47,1.436,1.468,1.0,196511800.0,286481441.0,腾讯日K/前复权日K,2026-09-07T13:10:27.603166+08:00,20260926T093659
517520,黄金股ETF永赢,SSE,2025-06-27,1.453,1.492,1.45,1.474,1.453,1.492,1.45,1.474,1.0,117762000.0,173556326.0,腾讯日K/前复权日K,2026-09-07T13:10:27.603166+08:00,20260926T093659
517520,黄金股ETF永赢,SSE,2025-06-30,1.462,1.484,1.453,1.484,1.462,1.484,1.453,1.484,1.0,113522200.0,166826604.0,腾讯日K/前复权日K,2026-09-07T13:10:27.603166+08:00,20260926T093659
517520,黄金股ETF永赢,SSE,2025-07-01,1.485,1.505,1.481,1.503,1.485,1.505,1.481,1.503,1.0,143699700.0,214542443.0,腾讯日K/前复权日K,2026-09-07T13:10:27.603166+08:00,20260926T093659
517520,黄金股ETF永赢,SSE,2025-07-02,1.5,1.524,1.495,1.505,1.5,1.524,1.495,1.505,1.0,105637000.0,159759803.0,腾讯日K/前复权日K,2026-09-07T13:10:27.603166+08:00,20260926T093659
517520,黄金股ETF永赢,SSE,2025-07-03,1.515,1.518,1.498,1.507,1.515,1.518,1.498,1.507,1.0,59029800.0,88929124.0,腾讯日K/前复权日K,2026-09-07T13:10:27.603166+08:00,20260926T093659
517520,黄金股ETF永赢,SSE,2025-07-04,1.498,1.501,1.475,1.492,1.498,1.501,1.475,1.492,1.0,94944900.0,141005910.0,腾讯日K/前复权日K,2026-09-07T13:10:27.603166+08:00,20260926T093659
517520,黄金股ETF永赢,SSE,2025-07-07,1.48,1.487,1.47,1.472,1.48,1.487,1.47,1.472,1.0,78296300.0,115664974.0,腾讯日K/前复权日K,2026-09-07T13:10:27.603166+08:00,20260926T093659
517520,黄金股ETF永赢,SSE,2025-07-08,1.478,1.492,1.478,1.486,1.478,1.492,1.478,1.486,1.0,42559700.0,63218502.0,腾讯日K/前复权日K,2026-09-07T13:10:27.603166+08:00,20260926T093659
517520,黄金股ETF永赢,SSE,2025-07-09,1.48,1.48,1.448,1.454,1.48,1.48,1.448,1.454,1.0,184843900.0,269793688.0,腾讯日K/前复权日K,2026-09-07T13:10:27.603166+08:00,20260926T093659
517520,黄金股ETF永赢,SSE,2025-07-10,1.457,1.462,1.444,1.448,1.457,1.462,1.444,1.448,1.0,114662500.0,166125056.0,腾讯日K/前复权日K,2026-09-07T13:10:27.603166+08:00,20260926T093659
517520,黄金股ETF永赢,SSE,2025-07-11,1.45,1.468,1.446,1.457,1.45,1.468,1.446,1.457,1.0,123751500.0,180135886.0,腾讯日K/前复权日K,2026-09-07T13:10:27.603166+08:00,20260926T093659
517520,黄金股ETF永赢,SSE,2025-07-14,1.468,1.49,1.465,1.486,1.468,1.49,1.465,1.486,1.0,139975300.0,207389699.0,腾讯日K/前复权日K,2026-09-07T13:10:27.603166+08:00,20260926T093659
517520,黄金股ETF永赢,SSE,2025-07-15,1.475,1.483,1.461,1.478,1.475,1.483,1.461,1.478,1.0,150575100.0,222107452.0,腾讯日K/前复权日K,2026-09-07T13:10:27.603166+08:00,20260926T093659
517520,黄金股ETF永赢,SSE,2025-07-16,1.468,1.479,1.466,1.479,1.468,1.479,1.466,1.479,1.0,91121900.0,134312630.0,腾讯日K/前复权日K,2026-09-07T13:10:27.603166+08:00,20260926T093659
517520,黄金股ETF永赢,SSE,2025-07-17,1.473,1.478,1.453,1.456,1.473,1.478,1.453,1.456,1.0,96953700.0,141527029.0,腾讯日K/前复权日K,2026-09-07T13:10:27.603166+08:00,20260926T093659
517520,黄金股ETF永赢,SSE,2025-07-18,1.458,1.472,1.457,1.47,1.458,1.472,1.457,1.47,1.0,81676400.0,119779988.0,腾讯日K/前复权日K,2026-09-07T13:10:27.603166+08:00,20260926T093659
517520,黄金股ETF永赢,SSE,2025-07-21,1.468,1.492,1.468,1.492,1.468,1.492,1.468,1.492,1.0,118576600.0,175800873.0,腾讯日K/前复权日K,2026-09-07T13:10:27.603166+08:00,20260926T093659
517520,黄金股ETF永赢,SSE,2025-07-22,1.5,1.525,1.5,1.521,1.5,1.525,1.5,1.521,1.0,210280100.0,318317424.0,腾讯日K/前复权日K,2026-09-07T13:10:27.603166+08:00,20260926T093659
517520,黄金股ETF永赢,SSE,2025-07-23,1.535,1.539,1.508,1.513,1.535,1.539,1.508,1.513,1.0,130449200.0,198236834.0,腾讯日K/前复权日K,2026-09-07T13:10:27.603166+08:00,20260926T093659
517520,黄金股ETF永赢,SSE,2025-07-24,1.488,1.501,1.482,1.496,1.488,1.501,1.482,1.496,1.0,119572100.0,178225783.0,腾讯日K/前复权日K,2026-09-07T13:10:27.603166+08:00,20260926T093659
517520,黄金股ETF永赢,SSE,2025-07-25,1.489,1.497,1.481,1.484,1.489,1.497,1.481,1.484,1.0,92561300.0,137644588.0,腾讯日K/前复权日K,2026-09-07T13:10:27.603166+08:00,20260926T093659
517520,黄金股ETF永赢,SSE,2025-07-28,1.477,1.481,1.46,1.468,1.477,1.481,1.46,1.468,1.0,120056500.0,175865864.0,腾讯日K/前复权日K,2026-09-07T13:10:27.603166+08:00,20260926T093659
517520,黄金股ETF永赢,SSE,2025-07-29,1.456,1.466,1.447,1.458,1.456,1.466,1.447,1.458,1.0,198687400.0,288661281.0,腾讯日K/前复权日K,2026-09-07T13:10:27.603166+08:00,20260926T093659
517520,黄金股ETF永赢,SSE,2025-07-30,1.461,1.475,1.458,1.465,1.461,1.475,1.458,1.465,1.0,116210200.0,170659642.0,腾讯日K/前复权日K,2026-09-07T13:10:27.603166+08:00,20260926T093659
517520,黄金股ETF永赢,SSE,2025-07-31,1.45,1.452,1.419,1.422,1.45,1.452,1.419,1.422,1.0,187777500.0,268303300.0,腾讯日K/前复权日K,2026-09-07T13:10:27.603166+08:00,20260926T093659
517520,黄金股ETF永赢,SSE,2025-08-01,1.415,1.434,1.415,1.425,1.415,1.434,1.415,1.425,1.0,73946100.0,105520580.0,腾讯日K/前复权日K,2026-09-07T13:10:27.603166+08:00,20260926T093659
517520,黄金股ETF永赢,SSE,2025-08-04,1.453,1.487,1.45,1.486,1.453,1.487,1.45,1.486,1.0,223859100.0,328914216.0,腾讯日K/前复权日K,2026-09-07T13:10:27.603166+08:00,20260926T093659
517520,黄金股ETF永赢,SSE,2025-08-05,1.487,1.501,1.479,1.485,1.487,1.501,1.479,1.485,1.0,132126200.0,196501684.0,腾讯日K/前复权日K,2026-09-07T13:10:27.603166+08:00,20260926T093659
517520,黄金股ETF永赢,SSE,2025-08-06,1.484,1.514,1.484,1.513,1.484,1.514,1.484,1.513,1.0,178754600.0,268962812.0,腾讯日K/前复权日K,2026-09-07T13:10:27.603166+08:00,20260926T093659
517520,黄金股ETF永赢,SSE,2025-08-07,1.513,1.54,1.508,1.54,1.513,1.54,1.508,1.54,1.0,164273300.0,249792812.0,腾讯日K/前复权日K,2026-09-07T13:10:27.603166+08:00,20260926T093659
517520,黄金股ETF永赢,SSE,2025-08-08,1.55,1.562,1.543,1.552,1.55,1.562,1.543,1.552,1.0,250230800.0,388616193.0,腾讯日K/前复权日K,2026-09-07T13:10:27.603166+08:00,20260926T093659
517520,黄金股ETF永赢,SSE,2025-08-11,1.532,1.534,1.509,1.515,1.532,1.534,1.509,1.515,1.0,248502800.0,377426711.0,腾讯日K/前复权日K,2026-09-07T13:10:27.603166+08:00,20260926T093659
517520,黄金股ETF永赢,SSE,2025-08-12,1.512,1.526,1.505,1.516,1.512,1.526,1.505,1.516,1.0,67661700.0,102712881.0,腾讯日K/前复权日K,2026-09-07T13:10:27.603166+08:00,20260926T093659
517520,黄金股ETF永赢,SSE,2025-08-13,1.516,1.55,1.516,1.549,1.516,1.55,1.516,1.549,1.0,111004100.0,170545952.0,腾讯日K/前复权日K,2026-09-07T13:10:27.603166+08:00,20260926T093659
517520,黄金股ETF永赢,SSE,2025-08-14,1.552,1.558,1.533,1.539,1.552,1.558,1.533,1.539,1.0,76799500.0,118801080.0,腾讯日K/前复权日K,2026-09-07T13:10:27.603166+08:00,20260926T093659
517520,黄金股ETF永赢,SSE,2025-08-15,1.53,1.557,1.525,1.553,1.53,1.557,1.525,1.553,1.0,132628100.0,205280015.0,腾讯日K/前复权日K,2026-09-07T13:10:27.603166+08:00,20260926T093659
517520,黄金股ETF永赢,SSE,2025-08-18,1.55,1.553,1.533,1.541,1.55,1.553,1.533,1.541,1.0,127367100.0,196119584.0,腾讯日K/前复权日K,2026-09-07T13:10:27.603166+08:00,20260926T093659
517520,黄金股ETF永赢,SSE,2025-08-19,1.536,1.54,1.51,1.512,1.536,1.54,1.51,1.512,1.0,92991400.0,141528288.0,腾讯日K/前复权日K,2026-09-07T13:10:27.603166+08:00,20260926T093659
517520,黄金股ETF永赢,SSE,2025-08-20,1.504,1.535,1.5,1.535,1.504,1.535,1.5,1.535,1.0,75611800.0,115233184.0,腾讯日K/前复权日K,2026-09-07T13:10:27.603166+08:00,20260926T093659
517520,黄金股ETF永赢,SSE,2025-08-21,1.541,1.55,1.522,1.527,1.541,1.55,1.522,1.527,1.0,59635900.0,91597023.0,腾讯日K/前复权日K,2026-09-07T13:10:27.603166+08:00,20260926T093659
517520,黄金股ETF永赢,SSE,2025-08-22,1.529,1.535,1.516,1.526,1.529,1.535,1.516,1.526,1.0,91165200.0,138903437.0,腾讯日K/前复权日K,2026-09-07T13:10:27.603166+08:00,20260926T093659
517520,黄金股ETF永赢,SSE,2025-08-25,1.543,1.595,1.543,1.594,1.543,1.595,1.543,1.594,1.0,165290500.0,261113816.0,腾讯日K/前复权日K,2026-09-07T13:10:27.603166+08:00,20260926T093659
517520,黄金股ETF永赢,SSE,2025-08-26,1.6,1.625,1.582,1.615,1.6,1.625,1.582,1.615,1.0,158077100.0,254338735.0,腾讯日K/前复权日K,2026-09-07T13:10:27.603166+08:00,20260926T093659
517520,黄金股ETF永赢,SSE,2025-08-27,1.621,1.631,1.586,1.588,1.621,1.631,1.586,1.588,1.0,207011600.0,333923568.0,腾讯日K/前复权日K,2026-09-07T13:10:27.603166+08:00,20260926T093659
517520,黄金股ETF永赢,SSE,2025-08-28,1.607,1.621,1.575,1.611,1.607,1.621,1.575,1.611,1.0,224760300.0,359360775.0,腾讯日K/前复权日K,2026-09-07T13:10:27.603166+08:00,20260926T093659
517520,黄金股ETF永赢,SSE,2025-08-29,1.624,1.67,1.622,1.656,1.624,1.67,1.622,1.656,1.0,182360700.0,301510073.0,腾讯日K/前复权日K,2026-09-07T13:10:27.603166+08:00,20260926T093659
517520,黄金股ETF永赢,SSE,2025-09-01,1.719,1.794,1.687,1.791,1.719,1.794,1.687,1.791,1.0,389567000.0,683068521.0,腾讯日K/前复权日K,2026-09-07T13:10:27.603166+08:00,20260926T093659
517520,黄金股ETF永赢,SSE,2025-09-02,1.818,1.83,1.764,1.777,1.818,1.83,1.764,1.777,1.0,439101700.0,783495669.0,腾讯日K/前复权日K,2026-09-07T13:10:27.603166+08:00,20260926T093659
517520,黄金股ETF永赢,SSE,2025-09-03,1.823,1.86,1.773,1.796,1.823,1.86,1.773,1.796,1.0,319038500.0,575746809.0,腾讯日K/前复权日K,2026-09-07T13:10:27.603166+08:00,20260926T093659
517520,黄金股ETF永赢,SSE,2025-09-04,1.802,1.814,1.7,1.737,1.802,1.814,1.7,1.737,1.0,386101700.0,676379411.0,腾讯日K/前复权日K,2026-09-07T13:10:27.603166+08:00,20260926T093659
517520,黄金股ETF永赢,SSE,2025-09-05,1.732,1.825,1.731,1.813,1.732,1.825,1.731,1.813,1.0,359827600.0,645347255.0,腾讯日K/前复权日K,2026-09-07T13:10:27.603166+08:00,20260926T093659
517520,黄金股ETF永赢,SSE,2025-09-08,1.85,1.86,1.777,1.804,1.85,1.86,1.777,1.804,1.0,271076400.0,491224370.0,腾讯日K/前复权日K,2026-09-07T13:10:27.603166+08:00,20260926T093659
517520,黄金股ETF永赢,SSE,2025-09-09,1.832,1.93,1.815,1.897,1.832,1.93,1.815,1.897,1.0,486421800.0,915580969.0,腾讯日K/前复权日K,2026-09-07T13:10:27.603166+08:00,20260926T093659
517520,黄金股ETF永赢,SSE,2025-09-10,1.838,1.874,1.821,1.865,1.838,1.874,1.821,1.865,1.0,585419500.0,1087610018.0,腾讯日K/前复权日K,2026-09-07T13:10:27.603166+08:00,20260926T093659
517520,黄金股ETF永赢,SSE,2025-09-11,1.862,1.874,1.84,1.871,1.862,1.874,1.84,1.871,1.0,310119900.0,574895967.0,腾讯日K/前复权日K,2026-09-07T13:10:27.603166+08:00,20260926T093659
517520,黄金股ETF永赢,SSE,2025-09-12,1.87,1.92,1.855,1.894,1.87,1.92,1.855,1.894,1.0,471936800.0,895412532.0,腾讯日K/前复权日K,2026-09-07T13:10:27.603166+08:00,20260926T093659
517520,黄金股ETF永赢,SSE,2025-09-15,1.879,1.898,1.863,1.872,1.879,1.898,1.863,1.872,1.0,333557200.0,626736380.0,腾讯日K/前复权日K,2026-09-07T13:10:27.603166+08:00,20260926T093659
517520,黄金股ETF永赢,SSE,2025-09-16,1.916,1.918,1.83,1.874,1.916,1.918,1.83,1.874,1.0,399025200.0,743217317.0,腾讯日K/前复权日K,2026-09-07T13:10:27.603166+08:00,20260926T093659
517520,黄金股ETF永赢,SSE,2025-09-17,1.867,1.867,1.818,1.843,1.867,1.867,1.818,1.843,1.0,426332700.0,780288628.0,腾讯日K/前复权日K,2026-09-07T13:10:27.603166+08:00,20260926T093659
517520,黄金股ETF永赢,SSE,2025-09-18,1.815,1.817,1.76,1.778,1.815,1.817,1.76,1.778,1.0,363180200.0,651220275.0,腾讯日K/前复权日K,2026-09-07T13:10:27.603166+08:00,20260926T093659
517520,黄金股ETF永赢,SSE,2025-09-19,1.774,1.819,1.771,1.804,1.774,1.819,1.771,1.804,1.0,243901500.0,439058480.0,腾讯日K/前复权日K,2026-09-07T13:10:27.603166+08:00,20260926T093659
517520,黄金股ETF永赢,SSE,2025-09-22,1.846,1.878,1.82,1.876,1.846,1.878,1.82,1.876,1.0,293156100.0,542209676.0,腾讯日K/前复权日K,2026-09-07T13:10:27.603166+08:00,20260926T093659
517520,黄金股ETF永赢,SSE,2025-09-23,1.907,1.932,1.858,1.892,1.907,1.932,1.858,1.892,1.0,354175200.0,669567760.0,腾讯日K/前复权日K,2026-09-07T13:10:27.603166+08:00,20260926T093659
517520,黄金股ETF永赢,SSE,2025-09-24,1.887,1.899,1.862,1.894,1.887,1.899,1.862,1.894,1.0,255118500.0,480740819.0,腾讯日K/前复权日K,2026-09-07T13:10:27.603166+08:00,20260926T093659
517520,黄金股ETF永赢,SSE,2025-09-25,1.886,1.909,1.874,1.885,1.886,1.909,1.874,1.885,1.0,254917000.0,481097539.0,腾讯日K/前复权日K,2026-09-07T13:10:27.603166+08:00,20260926T093659
517520,黄金股ETF永赢,SSE,2025-09-26,1.87,1.915,1.87,1.884,1.87,1.915,1.87,1.884,1.0,201727000.0,381935628.0,腾讯日K/前复权日K,2026-09-07T13:10:27.603166+08:00,20260926T093659
517520,黄金股ETF永赢,SSE,2025-09-29,1.906,1.956,1.876,1.954,1.906,1.956,1.876,1.954,1.0,352755300.0,679064639.0,腾讯日K/前复权日K,2026-09-07T13:10:27.603166+08:00,20260926T093659
517520,黄金股ETF永赢,SSE,2025-09-30,1.982,2.012,1.966,1.991,1.982,2.012,1.966,1.991,1.0,357264600.0,709839928.0,腾讯日K/前复权日K,2026-09-07T13:10:27.603166+08:00,20260926T093659
517520,黄金股ETF永赢,SSE,2025-10-09,2.183,2.183,2.08,2.17,2.183,2.183,2.08,2.17,1.0,370695100.0,795883038.0,腾讯日K/前复权日K,2026-09-07T13:10:27.603166+08:00,20260926T093659
517520,黄金股ETF永赢,SSE,2025-10-10,2.111,2.134,2.056,2.084,2.111,2.134,2.056,2.084,1.0,423368700.0,882250813.0,腾讯日K/前复权日K,2026-09-07T13:10:27.603166+08:00,20260926T093659
517520,黄金股ETF永赢,SSE,2025-10-13,2.09,2.157,2.04,2.148,2.09,2.157,2.04,2.148,1.0,582730000.0,1225014269.0,腾讯日K/前复权日K,2026-09-07T13:10:27.603166+08:00,20260926T093659
517520,黄金股ETF永赢,SSE,2025-10-14,2.209,2.263,2.048,2.082,2.209,2.263,2.048,2.082,1.0,507615100.0,1091764007.0,腾讯日K/前复权日K,2026-09-07T13:10:27.603166+08:00,20260926T093659
517520,黄金股ETF永赢,SSE,2025-10-15,2.103,2.12,2.048,2.116,2.103,2.12,2.048,2.116,1.0,351386000.0,733979701.0,腾讯日K/前复权日K,2026-09-07T13:10:27.603166+08:00,20260926T093659
517520,黄金股ETF永赢,SSE,2025-10-16,2.118,2.145,2.065,2.081,2.118,2.145,2.065,2.081,1.0,318246000.0,669083532.0,腾讯日K/前复权日K,2026-09-07T13:10:27.603166+08:00,20260926T093659
517520,黄金股ETF永赢,SSE,2025-10-17,2.134,2.141,2.072,2.08,2.134,2.141,2.072,2.08,1.0,348390100.0,732340048.0,腾讯日K/前复权日K,2026-09-07T13:10:27.603166+08:00,20260926T093659
517520,黄金股ETF永赢,SSE,2025-10-20,2.006,2.028,1.981,1.993,2.006,2.028,1.981,1.993,1.0,330077000.0,660896920.0,腾讯日K/前复权日K,2026-09-07T13:10:27.603166+08:00,20260926T093659
517520,黄金股ETF永赢,SSE,2025-10-21,2.033,2.042,1.996,2.0,2.033,2.042,1.996,2.0,1.0,241451800.0,486769807.0,腾讯日K/前复权日K,2026-09-07T13:10:27.603166+08:00,20260926T093659
517520,黄金股ETF永赢,SSE,2025-10-22,1.866,1.954,1.85,1.941,1.866,1.954,1.85,1.941,1.0,428474200.0,822897966.0,腾讯日K/前复权日K,2026-09-07T13:10:27.603166+08:00,20260926T093659
517520,黄金股ETF永赢,SSE,2025-10-23,1.919,1.945,1.88,1.939,1.919,1.945,1.88,1.939,1.0,168979100.0,322371594.0,腾讯日K/前复权日K,2026-09-07T13:10:27.603166+08:00,20260926T093659
517520,黄金股ETF永赢,SSE,2025-10-24,1.948,1.955,1.925,1.939,1.948,1.955,1.925,1.939,1.0,166810200.0,323050351.0,腾讯日K/前复权日K,2026-09-07T13:10:27.603166+08:00,20260926T093659
517520,黄金股ETF永赢,SSE,2025-10-27,1.922,1.984,1.922,1.981,1.922,1.984,1.922,1.981,1.0,212387200.0,417877836.0,腾讯日K/前复权日K,2026-09-07T13:10:27.603166+08:00,20260926T093659
517520,黄金股ETF永赢,SSE,2025-10-28,1.951,1.956,1.902,1.908,1.951,1.956,1.902,1.908,1.0,225992900.0,435747367.0,腾讯日K/前复权日K,2026-09-07T13:10:27.603166+08:00,20260926T093659
517520,黄金股ETF永赢,SSE,2025-10-29,1.907,1.979,1.906,1.97,1.907,1.979,1.906,1.97,1.0,198058700.0,385649366.0,腾讯日K/前复权日K,2026-09-07T13:10:27.603166+08:00,20260926T093659
517520,黄金股ETF永赢,SSE,2025-10-30,1.955,1.981,1.941,1.963,1.955,1.981,1.941,1.963,1.0,312712300.0,614448123.0,腾讯日K/前复权日K,2026-09-07T13:10:27.603166+08:00,20260926T093659
517520,黄金股ETF永赢,SSE,2025-10-31,1.986,1.99,1.948,1.951,1.986,1.99,1.948,1.951,1.0,157691000.0,310070734.0,腾讯日K/前复权日K,2026-09-07T13:10:27.603166+08:00,20260926T093659
517520,黄金股ETF永赢,SSE,2025-11-03,1.93,1.937,1.851,1.912,1.93,1.937,1.851,1.912,1.0,336660100.0,639343919.0,腾讯日K/前复权日K,2026-09-07T13:10:27.603166+08:00,20260926T093659
517520,黄金股ETF永赢,SSE,2025-11-04,1.889,1.892,1.833,1.846,1.889,1.892,1.833,1.846,1.0,279343200.0,518789907.0,腾讯日K/前复权日K,2026-09-07T13:10:27.603166+08:00,20260926T093659
517520,黄金股ETF永赢,SSE,2025-11-05,1.814,1.878,1.806,1.867,1.814,1.878,1.806,1.867,1.0,253639300.0,470496084.0,腾讯日K/前复权日K,2026-09-07T13:10:27.603166+08:00,20260926T093659
517520,黄金股ETF永赢,SSE,2025-11-06,1.858,1.894,1.856,1.894,1.858,1.894,1.856,1.894,1.0,128869200.0,241908476.0,腾讯日K/前复权日K,2026-09-07T13:10:27.603166+08:00,20260926T093659
517520,黄金股ETF永赢,SSE,2025-11-07,1.886,1.912,1.886,1.904,1.886,1.912,1.886,1.904,1.0,200614000.0,381940091.0,腾讯日K/前复权日K,2026-09-07T13:10:27.603166+08:00,20260926T093659
517520,黄金股ETF永赢,SSE,2025-11-10,1.923,1.963,1.923,1.961,1.923,1.963,1.923,1.961,1.0,251726600.0,490105572.0,腾讯日K/前复权日K,2026-09-07T13:10:27.603166+08:00,20260926T093659
517520,黄金股ETF永赢,SSE,2025-11-11,1.984,2.001,1.948,1.952,1.984,2.001,1.948,1.952,1.0,148004500.0,291721677.0,腾讯日K/前复权日K,2026-09-07T13:10:27.603166+08:00,20260926T093659
517520,黄金股ETF永赢,SSE,2025-11-12,1.95,1.97,1.924,1.941,1.95,1.97,1.924,1.941,1.0,101464600.0,197438668.0,腾讯日K/前复权日K,2026-09-07T13:10:27.603166+08:00,20260926T093659
517520,黄金股ETF永赢,SSE,2025-11-13,1.96,2.01,1.96,1.999,1.96,2.01,1.96,1.999,1.0,216772300.0,432433424.0,腾讯日K/前复权日K,2026-09-07T13:10:27.603166+08:00,20260926T093659
517520,黄金股ETF永赢,SSE,2025-11-14,1.976,1.996,1.952,1.962,1.976,1.996,1.952,1.962,1.0,235343100.0,464963989.0,腾讯日K/前复权日K,2026-09-07T13:10:27.603166+08:00,20260926T093659
517520,黄金股ETF永赢,SSE,2025-11-17,1.933,1.942,1.903,1.913,1.933,1.942,1.903,1.913,1.0,295826400.0,566827160.0,腾讯日K/前复权日K,2026-09-07T13:10:27.603166+08:00,20260926T093659
517520,黄金股ETF永赢,SSE,2025-11-18,1.9,1.906,1.849,1.859,1.9,1.906,1.849,1.859,1.0,262912200.0,491198870.0,腾讯日K/前复权日K,2026-09-07T13:10:27.603166+08:00,20260926T093659
517520,黄金股ETF永赢,SSE,2025-11-19,1.872,1.952,1.872,1.948,1.872,1.952,1.872,1.948,1.0,248973500.0,477061167.0,腾讯日K/前复权日K,2026-09-07T13:10:27.603166+08:00,20260926T093659
517520,黄金股ETF永赢,SSE,2025-11-20,1.945,1.961,1.922,1.925,1.945,1.961,1.922,1.925,1.0,193046500.0,373713777.0,腾讯日K/前复权日K,2026-09-07T13:10:27.603166+08:00,20260926T093659
517520,黄金股ETF永赢,SSE,2025-11-21,1.905,1.906,1.863,1.869,1.905,1.906,1.863,1.869,1.0,224419300.0,422642306.0,腾讯日K/前复权日K,2026-09-07T13:10:27.603166+08:00,20260926T093659
517520,黄金股ETF永赢,SSE,2025-11-24,1.869,1.876,1.845,1.869,1.869,1.876,1.845,1.869,1.0,76049700.0,141738218.0,腾讯日K/前复权日K,2026-09-07T13:10:27.603166+08:00,20260926T093659
517520,黄金股ETF永赢,SSE,2025-11-25,1.899,1.926,1.897,1.902,1.899,1.926,1.897,1.902,1.0,229827300.0,438630736.0,腾讯日K/前复权日K,2026-09-07T13:10:27.603166+08:00,20260926T093659
517520,黄金股ETF永赢,SSE,2025-11-26,1.903,1.916,1.892,1.899,1.903,1.916,1.892,1.899,1.0,192962200.0,367047297.0,腾讯日K/前复权日K,2026-09-07T13:10:27.603166+08:00,20260926T093659
517520,黄金股ETF永赢,SSE,2025-11-27,1.911,1.923,1.898,1.904,1.911,1.923,1.898,1.904,1.0,206134200.0,393422528.0,腾讯日K/前复权日K,2026-09-07T13:10:27.603166+08:00,20260926T093659
517520,黄金股ETF永赢,SSE,2025-11-28,1.92,1.95,1.912,1.931,1.92,1.95,1.912,1.931,1.0,146386000.0,282522250.0,腾讯日K/前复权日K,2026-09-07T13:10:27.603166+08:00,20260926T093659
517520,黄金股ETF永赢,SSE,2025-12-01,1.963,2.021,1.963,1.992,1.963,2.021,1.963,1.992,1.0,261805400.0,521516219.0,腾讯日K/前复权日K,2026-09-07T13:10:27.603166+08:00,20260926T093659
517520,黄金股ETF永赢,SSE,2025-12-02,1.974,1.976,1.956,1.967,1.974,1.976,1.956,1.967,1.0,163089900.0,320432843.0,腾讯日K/前复权日K,2026-09-07T13:10:27.603166+08:00,20260926T093659
517520,黄金股ETF永赢,SSE,2025-12-03,1.966,1.985,1.955,1.964,1.966,1.985,1.955,1.964,1.0,145162900.0,285544804.0,腾讯日K/前复权日K,2026-09-07T13:10:27.603166+08:00,20260926T093659
517520,黄金股ETF永赢,SSE,2025-12-04,1.982,2.003,1.942,1.95,1.982,2.003,1.942,1.95,1.0,317401400.0,620749007.0,腾讯日K/前复权日K,2026-09-07T13:10:27.603166+08:00,20260926T093659
517520,黄金股ETF永赢,SSE,2025-12-05,1.948,2.0,1.944,1.998,1.948,2.0,1.944,1.998,1.0,382099800.0,756595818.0,腾讯日K/前复权日K,2026-09-07T13:10:27.603166+08:00,20260926T093659
517520,黄金股ETF永赢,SSE,2025-12-08,1.995,1.998,1.957,1.978,1.995,1.998,1.957,1.978,1.0,273773800.0,539162606.0,腾讯日K/前复权日K,2026-09-07T13:10:27.603166+08:00,20260926T093659
517520,黄金股ETF永赢,SSE,2025-12-09,1.965,1.965,1.898,1.908,1.965,1.965,1.898,1.908,1.0,246798300.0,473589582.0,腾讯日K/前复权日K,2026-09-07T13:10:27.603166+08:00,20260926T093659
517520,黄金股ETF永赢,SSE,2025-12-10,1.927,1.94,1.921,1.938,1.927,1.94,1.921,1.938,1.0,147831300.0,285548179.0,腾讯日K/前复权日K,2026-09-07T13:10:27.603166+08:00,20260926T093659
517520,黄金股ETF永赢,SSE,2025-12-11,1.959,1.985,1.932,1.941,1.959,1.985,1.932,1.941,1.0,176941100.0,346370372.0,腾讯日K/前复权日K,2026-09-07T13:10:27.603166+08:00,20260926T093659
517520,黄金股ETF永赢,SSE,2025-12-12,1.98,1.991,1.964,1.989,1.98,1.991,1.964,1.989,1.0,231537800.0,458919166.0,腾讯日K/前复权日K,2026-09-07T13:10:27.603166+08:00,20260926T093659
517520,黄金股ETF永赢,SSE,2025-12-15,1.98,2.019,1.98,2.018,1.98,2.019,1.98,2.018,1.0,204889800.0,410891394.0,腾讯日K/前复权日K,2026-09-07T13:10:27.603166+08:00,20260926T093659
517520,黄金股ETF永赢,SSE,2025-12-16,1.996,1.997,1.92,1.934,1.996,1.997,1.92,1.934,1.0,207003600.0,403092970.0,腾讯日K/前复权日K,2026-09-07T13:10:27.603166+08:00,20260926T093659
517520,黄金股ETF永赢,SSE,2025-12-17,1.945,1.991,1.941,1.977,1.945,1.991,1.941,1.977,1.0,216054800.0,424976743.0,腾讯日K/前复权日K,2026-09-07T13:10:27.603166+08:00,20260926T093659
517520,黄金股ETF永赢,SSE,2025-12-18,1.976,2.008,1.966,1.991,1.976,2.008,1.966,1.991,1.0,150527600.0,299459782.0,腾讯日K/前复权日K,2026-09-07T13:10:27.603166+08:00,20260926T093659
517520,黄金股ETF永赢,SSE,2025-12-19,1.984,1.992,1.948,1.989,1.984,1.992,1.948,1.989,1.0,255200700.0,504171328.0,腾讯日K/前复权日K,2026-09-07T13:10:27.603166+08:00,20260926T093659
517520,黄金股ETF永赢,SSE,2025-12-22,2.009,2.068,2.009,2.063,2.009,2.068,2.009,2.063,1.0,251650200.0,516042980.0,腾讯日K/前复权日K,2026-09-07T13:10:27.603166+08:00,20260926T093659
517520,黄金股ETF永赢,SSE,2025-12-23,2.105,2.125,2.075,2.084,2.105,2.125,2.075,2.084,1.0,267232000.0,558743785.0,腾讯日K/前复权日K,2026-09-07T13:10:27.603166+08:00,20260926T093659
517520,黄金股ETF永赢,SSE,2025-12-24,2.115,2.125,2.063,2.079,2.115,2.125,2.063,2.079,1.0,228117900.0,474412603.0,腾讯日K/前复权日K,2026-09-07T13:10:27.603166+08:00,20260926T093659
517520,黄金股ETF永赢,SSE,2025-12-25,2.05,2.059,2.036,2.051,2.05,2.059,2.036,2.051,1.0,152885600.0,312795426.0,腾讯日K/前复权日K,2026-09-07T13:10:27.603166+08:00,20260926T093659
517520,黄金股ETF永赢,SSE,2025-12-26,2.065,2.105,2.065,2.097,2.065,2.105,2.065,2.097,1.0,230758600.0,482169640.0,腾讯日K/前复权日K,2026-09-07T13:10:27.603166+08:00,20260926T093659
517520,黄金股ETF永赢,SSE,2025-12-29,2.105,2.12,2.038,2.04,2.105,2.12,2.038,2.04,1.0,206470100.0,428067922.0,腾讯日K/前复权日K,2026-09-07T13:10:27.603166+08:00,20260926T093659
517520,黄金股ETF永赢,SSE,2025-12-30,1.963,2.055,1.963,2.039,1.963,2.055,1.963,2.039,1.0,221524600.0,449733013.0,腾讯日K/前复权日K,2026-09-07T13:10:27.603166+08:00,20260926T093659
517520,黄金股ETF永赢,SSE,2025-12-31,2.035,2.084,2.027,2.04,2.035,2.084,2.027,2.04,1.0,186185300.0,381173663.0,腾讯日K/前复权日K,2026-09-07T13:10:27.603166+08:00,20260926T093659
517520,黄金股ETF永赢,SSE,2026-01-05,2.078,2.104,2.063,2.099,2.078,2.104,2.063,2.099,1.0,210606700.0,439126836.0,腾讯日K/前复权日K,2026-09-07T13:10:27.603166+08:00,20260926T093659
517520,黄金股ETF永赢,SSE,2026-01-06,2.118,2.172,2.11,2.161,2.118,2.172,2.11,2.161,1.0,182726800.0,393038577.0,腾讯日K/前复权日K,2026-09-07T13:10:27.603166+08:00,20260926T093659
517520,黄金股ETF永赢,SSE,2026-01-07,2.163,2.166,2.116,2.133,2.163,2.166,2.116,2.133,1.0,217167200.0,464891052.0,腾讯日K/前复权日K,2026-09-07T13:10:27.603166+08:00,20260926T093659
517520,黄金股ETF永赢,SSE,2026-01-08,2.12,2.16,2.1,2.121,2.12,2.16,2.1,2.121,1.0,124965100.0,266579451.0,腾讯日K/前复权日K,2026-09-07T13:10:27.603166+08:00,20260926T093659
517520,黄金股ETF永赢,SSE,2026-01-09,2.11,2.194,2.11,2.188,2.11,2.194,2.11,2.188,1.0,154009500.0,334299645.0,腾讯日K/前复权日K,2026-09-07T13:10:27.603166+08:00,20260926T093659
517520,黄金股ETF永赢,SSE,2026-01-12,2.243,2.266,2.21,2.232,2.243,2.266,2.21,2.232,1.0,239716400.0,534626759.0,腾讯日K/前复权日K,2026-09-07T13:10:27.603166+08:00,20260926T093659
517520,黄金股ETF永赢,SSE,2026-01-13,2.236,2.33,2.236,2.284,2.236,2.33,2.236,2.284,1.0,140114700.0,321059215.0,腾讯日K/前复权日K,2026-09-07T13:10:27.603166+08:00,20260926T093659
517520,黄金股ETF永赢,SSE,2026-01-14,2.312,2.347,2.306,2.338,2.312,2.347,2.306,2.338,1.0,174817400.0,406683108.0,腾讯日K/前复权日K,2026-09-07T13:10:27.603166+08:00,20260926T093659
517520,黄金股ETF永赢,SSE,2026-01-15,2.32,2.4,2.307,2.352,2.32,2.4,2.307,2.352,1.0,373992400.0,873319339.0,腾讯日K/前复权日K,2026-09-07T13:10:27.603166+08:00,20260926T093659
517520,黄金股ETF永赢,SSE,2026-01-16,2.349,2.384,2.304,2.324,2.349,2.384,2.304,2.324,1.0,213377100.0,497894558.0,腾讯日K/前复权日K,2026-09-07T13:10:27.603166+08:00,20260926T093659
517520,黄金股ETF永赢,SSE,2026-01-19,2.358,2.385,2.318,2.377,2.358,2.385,2.318,2.377,1.0,162718500.0,383681873.0,腾讯日K/前复权日K,2026-09-07T13:10:27.603166+08:00,20260926T093659
517520,黄金股ETF永赢,SSE,2026-01-20,2.386,2.454,2.308,2.445,2.386,2.454,2.308,2.445,1.0,260035100.0,623420342.0,腾讯日K/前复权日K,2026-09-07T13:10:27.603166+08:00,20260926T093659
517520,黄金股ETF永赢,SSE,2026-01-21,2.497,2.598,2.496,2.591,2.497,2.598,2.496,2.591,1.0,411024000.0,1041603377.0,腾讯日K/前复权日K,2026-09-07T13:10:27.603166+08:00,20260926T093659
517520,黄金股ETF永赢,SSE,2026-01-22,2.49,2.556,2.485,2.554,2.49,2.556,2.485,2.554,1.0,361156600.0,911891553.0,腾讯日K/前复权日K,2026-09-07T13:10:27.603166+08:00,20260926T093659
517520,黄金股ETF永赢,SSE,2026-01-23,2.635,2.659,2.608,2.625,2.635,2.659,2.608,2.625,1.0,271073400.0,714750361.0,腾讯日K/前复权日K,2026-09-07T13:10:27.603166+08:00,20260926T093659
517520,黄金股ETF永赢,SSE,2026-01-26,2.73,2.888,2.73,2.833,2.73,2.888,2.73,2.833,1.0,445333800.0,1246107094.0,腾讯日K/前复权日K,2026-09-07T13:10:27.603166+08:00,20260926T093659
517520,黄金股ETF永赢,SSE,2026-01-27,2.798,2.928,2.718,2.814,2.798,2.928,2.718,2.814,1.0,544152200.0,1532746454.0,腾讯日K/前复权日K,2026-09-07T13:10:27.603166+08:00,20260926T093659
517520,黄金股ETF永赢,SSE,2026-01-28,2.9,3.095,2.866,3.095,2.9,3.095,2.866,3.095,1.0,669580200.0,2018594852.0,腾讯日K/前复权日K,2026-09-07T13:10:27.603166+08:00,20260926T093659
517520,黄金股ETF永赢,SSE,2026-01-29,3.3,3.391,2.992,3.132,3.3,3.391,2.992,3.132,1.0,1148098800.0,3641669135.0,腾讯日K/前复权日K,2026-09-07T13:10:27.603166+08:00,20260926T093659
517520,黄金股ETF永赢,SSE,2026-01-30,2.83,2.986,2.819,2.819,2.83,2.986,2.819,2.819,1.0,622122800.0,1782792278.0,腾讯日K/前复权日K,2026-09-07T13:10:27.603166+08:00,20260926T093659
517520,黄金股ETF永赢,SSE,2026-02-02,2.537,2.537,2.537,2.537,2.537,2.537,2.537,2.537,1.0,134139500.0,340311912.0,腾讯日K/前复权日K,2026-09-07T13:10:27.603166+08:00,20260926T093659
517520,黄金股ETF永赢,SSE,2026-02-03,2.5,2.655,2.45,2.638,2.5,2.655,2.45,2.638,1.0,1061438300.0,2688113380.0,腾讯日K/前复权日K,2026-09-07T13:10:27.603166+08:00,20260926T093659
517520,黄金股ETF永赢,SSE,2026-02-04,2.7,2.701,2.581,2.632,2.7,2.701,2.581,2.632,1.0,493326100.0,1295620938.0,腾讯日K/前复权日K,2026-09-07T13:10:27.603166+08:00,20260926T093659
517520,黄金股ETF永赢,SSE,2026-02-05,2.54,2.576,2.442,2.494,2.54,2.576,2.442,2.494,1.0,570338100.0,1424151748.0,腾讯日K/前复权日K,2026-09-07T13:10:27.603166+08:00,20260926T093659
517520,黄金股ETF永赢,SSE,2026-02-06,2.373,2.531,2.355,2.489,2.373,2.531,2.355,2.489,1.0,433493700.0,1068271583.0,腾讯日K/前复权日K,2026-09-07T13:10:27.603166+08:00,20260926T093659
517520,黄金股ETF永赢,SSE,2026-02-09,2.54,2.568,2.52,2.556,2.54,2.568,2.52,2.556,1.0,201759600.0,513244449.0,腾讯日K/前复权日K,2026-09-07T13:10:27.603166+08:00,20260926T093659
517520,黄金股ETF永赢,SSE,2026-02-10,2.556,2.564,2.514,2.523,2.556,2.564,2.514,2.523,1.0,192045100.0,485996941.0,腾讯日K/前复权日K,2026-09-07T13:10:27.603166+08:00,20260926T093659
517520,黄金股ETF永赢,SSE,2026-02-11,2.524,2.612,2.52,2.595,2.524,2.612,2.52,2.595,1.0,207809200.0,535773779.0,腾讯日K/前复权日K,2026-09-07T13:10:27.603166+08:00,20260926T093659
517520,黄金股ETF永赢,SSE,2026-02-12,2.59,2.615,2.568,2.569,2.59,2.615,2.568,2.569,1.0,183176800.0,474054165.0,腾讯日K/前复权日K,2026-09-07T13:10:27.603166+08:00,20260926T093659
517520,黄金股ETF永赢,SSE,2026-02-13,2.518,2.549,2.47,2.482,2.518,2.549,2.47,2.482,1.0,338417000.0,846149619.0,腾讯日K/前复权日K,2026-09-07T13:10:27.603166+08:00,20260926T093659
517520,黄金股ETF永赢,SSE,2026-02-24,2.598,2.627,2.577,2.624,2.598,2.627,2.577,2.624,1.0,257729100.0,673081976.0,腾讯日K/前复权日K,2026-09-07T13:10:27.603166+08:00,20260926T093659
517520,黄金股ETF永赢,SSE,2026-02-25,2.624,2.676,2.6,2.655,2.624,2.676,2.6,2.655,1.0,181486300.0,480901640.0,腾讯日K/前复权日K,2026-09-07T13:10:27.603166+08:00,20260926T093659
517520,黄金股ETF永赢,SSE,2026-02-26,2.654,2.655,2.599,2.615,2.654,2.655,2.599,2.615,1.0,193924500.0,507886287.0,腾讯日K/前复权日K,2026-09-07T13:10:27.603166+08:00,20260926T093659
517520,黄金股ETF永赢,SSE,2026-02-27,2.612,2.666,2.607,2.665,2.612,2.666,2.607,2.665,1.0,264582200.0,699780321.0,腾讯日K/前复权日K,2026-09-07T13:10:27.603166+08:00,20260926T093659
517520,黄金股ETF永赢,SSE,2026-03-02,2.78,2.872,2.666,2.87,2.78,2.872,2.666,2.87,1.0,579054400.0,1599576910.0,腾讯日K/前复权日K,2026-09-07T13:10:27.603166+08:00,20260926T093659
517520,黄金股ETF永赢,SSE,2026-03-03,2.802,2.843,2.69,2.724,2.802,2.843,2.69,2.724,1.0,507765200.0,1405449139.0,腾讯日K/前复权日K,2026-09-07T13:10:27.603166+08:00,20260926T093659
517520,黄金股ETF永赢,SSE,2026-03-04,2.58,2.689,2.58,2.621,2.58,2.689,2.58,2.621,1.0,303783800.0,799437603.0,腾讯日K/前复权日K,2026-09-07T13:10:27.603166+08:00,20260926T093659
517520,黄金股ETF永赢,SSE,2026-03-05,2.64,2.651,2.544,2.582,2.64,2.651,2.544,2.582,1.0,268686600.0,695790816.0,腾讯日K/前复权日K,2026-09-07T13:10:27.603166+08:00,20260926T093659
517520,黄金股ETF永赢,SSE,2026-03-06,2.522,2.572,2.503,2.547,2.522,2.572,2.503,2.547,1.0,188147200.0,477600074.0,腾讯日K/前复权日K,2026-09-07T13:10:27.603166+08:00,20260926T093659
517520,黄金股ETF永赢,SSE,2026-03-09,2.491,2.578,2.438,2.544,2.491,2.578,2.438,2.544,1.0,272417200.0,683026203.0,腾讯日K/前复权日K,2026-09-07T13:10:27.603166+08:00,20260926T093659
517520,黄金股ETF永赢,SSE,2026-03-10,2.57,2.602,2.558,2.574,2.57,2.602,2.558,2.574,1.0,224439000.0,577854438.0,腾讯日K/前复权日K,2026-09-07T13:10:27.603166+08:00,20260926T093659
517520,黄金股ETF永赢,SSE,2026-03-11,2.591,2.611,2.565,2.574,2.591,2.611,2.565,2.574,1.0,134995600.0,348398819.0,腾讯日K/前复权日K,2026-09-07T13:10:27.603166+08:00,20260926T093659
517520,黄金股ETF永赢,SSE,2026-03-12,2.548,2.568,2.507,2.526,2.548,2.568,2.507,2.526,1.0,172986300.0,437298351.0,腾讯日K/前复权日K,2026-09-07T13:10:27.603166+08:00,20260926T093659
517520,黄金股ETF永赢,SSE,2026-03-13,2.503,2.532,2.449,2.456,2.503,2.532,2.449,2.456,1.0,193235600.0,480624960.0,腾讯日K/前复权日K,2026-09-07T13:10:27.603166+08:00,20260926T093659
517520,黄金股ETF永赢,SSE,2026-03-16,2.4,2.418,2.31,2.369,2.4,2.418,2.31,2.369,1.0,298184600.0,703193357.0,腾讯日K/前复权日K,2026-09-07T13:10:27.603166+08:00,20260926T093659
517520,黄金股ETF永赢,SSE,2026-03-17,2.36,2.424,2.36,2.377,2.36,2.424,2.36,2.377,1.0,192861200.0,461445297.0,腾讯日K/前复权日K,2026-09-07T13:10:27.603166+08:00,20260926T093659
517520,黄金股ETF永赢,SSE,2026-03-18,2.376,2.376,2.329,2.372,2.376,2.376,2.329,2.372,1.0,246878900.0,582059497.0,腾讯日K/前复权日K,2026-09-07T13:10:27.603166+08:00,20260926T093659
517520,黄金股ETF永赢,SSE,2026-03-19,2.28,2.301,2.2,2.213,2.28,2.301,2.2,2.213,1.0,342869900.0,768010832.0,腾讯日K/前复权日K,2026-09-07T13:10:27.603166+08:00,20260926T093659
517520,黄金股ETF永赢,SSE,2026-03-20,2.192,2.244,2.181,2.183,2.192,2.244,2.181,2.183,1.0,309692400.0,687348290.0,腾讯日K/前复权日K,2026-09-07T13:10:27.603166+08:00,20260926T093659
517520,黄金股ETF永赢,SSE,2026-03-23,2.079,2.108,2.008,2.033,2.079,2.108,2.008,2.033,1.0,467648800.0,961105517.0,腾讯日K/前复权日K,2026-09-07T13:10:27.603166+08:00,20260926T093659
517520,黄金股ETF永赢,SSE,2026-03-24,2.067,2.137,2.023,2.134,2.067,2.137,2.023,2.134,1.0,349568200.0,724719733.0,腾讯日K/前复权日K,2026-09-07T13:10:27.603166+08:00,20260926T093659
517520,黄金股ETF永赢,SSE,2026-03-25,2.214,2.256,2.178,2.195,2.214,2.256,2.178,2.195,1.0,283718100.0,630104195.0,腾讯日K/前复权日K,2026-09-07T13:10:27.603166+08:00,20260926T093659
517520,黄金股ETF永赢,SSE,2026-03-26,2.192,2.193,2.113,2.13,2.192,2.193,2.113,2.13,1.0,249093600.0,533501879.0,腾讯日K/前复权日K,2026-09-07T13:10:27.603166+08:00,20260926T093659
517520,黄金股ETF永赢,SSE,2026-03-27,2.096,2.198,2.09,2.183,2.096,2.198,2.09,2.183,1.0,194366100.0,419560230.0,腾讯日K/前复权日K,2026-09-07T13:10:27.603166+08:00,20260926T093659
517520,黄金股ETF永赢,SSE,2026-03-30,2.17,2.272,2.158,2.27,2.17,2.272,2.158,2.27,1.0,251854700.0,560898650.0,腾讯日K/前复权日K,2026-09-07T13:10:27.603166+08:00,20260926T093659
517520,黄金股ETF永赢,SSE,2026-03-31,2.282,2.319,2.246,2.251,2.282,2.319,2.246,2.251,1.0,400164400.0,909306725.0,腾讯日K/前复权日K,2026-09-07T13:10:27.603166+08:00,20260926T093659
517520,黄金股ETF永赢,SSE,2026-04-01,2.328,2.348,2.293,2.328,2.328,2.348,2.293,2.328,1.0,378664400.0,876493460.0,腾讯日K/前复权日K,2026-09-07T13:10:27.603166+08:00,20260926T093659
517520,黄金股ETF永赢,SSE,2026-04-02,2.294,2.3,2.224,2.256,2.294,2.3,2.224,2.256,1.0,478462700.0,1085747685.0,腾讯日K/前复权日K,2026-09-07T13:10:27.603166+08:00,20260926T093659
517520,黄金股ETF永赢,SSE,2026-04-03,2.256,2.274,2.225,2.249,2.256,2.274,2.225,2.249,1.0,114577700.0,257002942.0,腾讯日K/前复权日K,2026-09-07T13:10:27.603166+08:00,20260926T093659
517520,黄金股ETF永赢,SSE,2026-04-07,2.242,2.252,2.218,2.23,2.242,2.252,2.218,2.23,1.0,156486100.0,349530800.0,腾讯日K/前复权日K,2026-09-07T13:10:27.603166+08:00,20260926T093659
517520,黄金股ETF永赢,SSE,2026-04-08,2.338,2.408,2.338,2.4,2.338,2.408,2.338,2.4,1.0,364588900.0,866757948.0,腾讯日K/前复权日K,2026-09-07T13:10:27.603166+08:00,20260926T093659
517520,黄金股ETF永赢,SSE,2026-04-09,2.321,2.367,2.321,2.341,2.321,2.367,2.321,2.341,1.0,321038000.0,752708076.0,腾讯日K/前复权日K,2026-09-07T13:10:27.603166+08:00,20260926T093659
517520,黄金股ETF永赢,SSE,2026-04-10,2.361,2.368,2.309,2.314,2.361,2.368,2.309,2.314,1.0,199738900.0,464905068.0,腾讯日K/前复权日K,2026-09-07T13:10:27.603166+08:00,20260926T093659
517520,黄金股ETF永赢,SSE,2026-04-13,2.285,2.308,2.271,2.293,2.285,2.308,2.271,2.293,1.0,250714900.0,573055265.0,腾讯日K/前复权日K,2026-09-07T13:10:27.603166+08:00,20260926T093659
517520,黄金股ETF永赢,SSE,2026-04-14,2.328,2.333,2.278,2.305,2.328,2.333,2.278,2.305,1.0,175604600.0,404050004.0,腾讯日K/前复权日K,2026-09-07T13:10:27.603166+08:00,20260926T093659
517520,黄金股ETF永赢,SSE,2026-04-15,2.341,2.365,2.28,2.294,2.341,2.365,2.28,2.294,1.0,243372700.0,564841721.0,腾讯日K/前复权日K,2026-09-07T13:10:27.603166+08:00,20260926T093659
517520,黄金股ETF永赢,SSE,2026-04-16,2.3,2.33,2.285,2.32,2.3,2.33,2.285,2.32,1.0,181300000.0,417740355.0,腾讯日K/前复权日K,2026-09-07T13:10:27.603166+08:00,20260926T093659
517520,黄金股ETF永赢,SSE,2026-04-17,2.291,2.31,2.286,2.291,2.291,2.31,2.286,2.291,1.0,123115900.0,282483006.0,腾讯日K/前复权日K,2026-09-07T13:10:27.603166+08:00,20260926T093659
517520,黄金股ETF永赢,SSE,2026-04-20,2.291,2.338,2.289,2.316,2.291,2.338,2.289,2.316,1.0,156354400.0,362202776.0,腾讯日K/前复权日K,2026-09-07T13:10:27.603166+08:00,20260926T093659
517520,黄金股ETF永赢,SSE,2026-04-21,2.316,2.324,2.287,2.32,2.316,2.324,2.287,2.32,1.0,125500200.0,289762816.0,腾讯日K/前复权日K,2026-09-07T13:10:27.603166+08:00,20260926T093659
517520,黄金股ETF永赢,SSE,2026-04-22,2.305,2.321,2.284,2.309,2.305,2.321,2.284,2.309,1.0,149084300.0,343372864.0,腾讯日K/前复权日K,2026-09-07T13:10:27.603166+08:00,20260926T093659
517520,黄金股ETF永赢,SSE,2026-04-23,2.295,2.301,2.203,2.217,2.295,2.301,2.203,2.217,1.0,266430000.0,594234718.0,腾讯日K/前复权日K,2026-09-07T13:10:27.603166+08:00,20260926T093659
517520,黄金股ETF永赢,SSE,2026-04-24,2.209,2.213,2.161,2.206,2.209,2.213,2.161,2.206,1.0,208805400.0,456452421.0,腾讯日K/前复权日K,2026-09-07T13:10:27.603166+08:00,20260926T093659
517520,黄金股ETF永赢,SSE,2026-04-27,2.185,2.198,2.167,2.179,2.185,2.198,2.167,2.179,1.0,136271300.0,296999304.0,腾讯日K/前复权日K,2026-09-07T13:10:27.603166+08:00,20260926T093659
517520,黄金股ETF永赢,SSE,2026-04-28,2.165,2.165,2.123,2.128,2.165,2.165,2.123,2.128,1.0,192415100.0,410980982.0,腾讯日K/前复权日K,2026-09-07T13:10:27.603166+08:00,20260926T093659
517520,黄金股ETF永赢,SSE,2026-04-29,2.103,2.19,2.103,2.186,2.103,2.19,2.103,2.186,1.0,174488300.0,376428165.0,腾讯日K/前复权日K,2026-09-07T13:10:27.603166+08:00,20260926T093659
517520,黄金股ETF永赢,SSE,2026-04-30,2.165,2.177,2.114,2.144,2.165,2.177,2.114,2.144,1.0,328849000.0,702444288.0,腾讯日K/前复权日K,2026-09-07T13:10:27.603166+08:00,20260926T093659
517520,黄金股ETF永赢,SSE,2026-05-06,2.148,2.24,2.139,2.233,2.148,2.24,2.139,2.233,1.0,204281100.0,448186788.0,腾讯日K/前复权日K,2026-09-07T13:10:27.603166+08:00,20260926T093659
517520,黄金股ETF永赢,SSE,2026-05-07,2.278,2.292,2.245,2.279,2.278,2.292,2.245,2.279,1.0,262658600.0,596299521.0,腾讯日K/前复权日K,2026-09-07T13:10:27.603166+08:00,20260926T093659
517520,黄金股ETF永赢,SSE,2026-05-08,2.257,2.33,2.254,2.32,2.257,2.33,2.254,2.32,1.0,358365700.0,825361512.0,腾讯日K/前复权日K,2026-09-07T13:10:27.603166+08:00,20260926T093659
517520,黄金股ETF永赢,SSE,2026-05-11,2.29,2.291,2.241,2.26,2.29,2.291,2.241,2.26,1.0,267014900.0,603989801.0,腾讯日K/前复权日K,2026-09-07T13:10:27.603166+08:00,20260926T093659
517520,黄金股ETF永赢,SSE,2026-05-12,2.299,2.316,2.24,2.244,2.299,2.316,2.24,2.244,1.0,206262200.0,467685583.0,腾讯日K/前复权日K,2026-09-07T13:10:27.603166+08:00,20260926T093659
517520,黄金股ETF永赢,SSE,2026-05-13,2.244,2.263,2.221,2.234,2.244,2.263,2.221,2.234,1.0,189324100.0,423726537.0,腾讯日K/前复权日K,2026-09-07T13:10:27.603166+08:00,20260926T093659
517520,黄金股ETF永赢,SSE,2026-05-14,2.22,2.226,2.152,2.153,2.22,2.226,2.152,2.153,1.0,208384400.0,455120000.0,腾讯日K/前复权日K,2026-09-07T13:10:27.603166+08:00,20260926T093659
517520,黄金股ETF永赢,SSE,2026-05-15,2.118,2.12,2.029,2.049,2.118,2.12,2.029,2.049,1.0,335496100.0,693967274.0,腾讯日K/前复权日K,2026-09-07T13:10:27.603166+08:00,20260926T093659
517520,黄金股ETF永赢,SSE,2026-05-18,2.0,2.012,1.981,2.009,2.0,2.012,1.981,2.009,1.0,267248300.0,534009113.0,腾讯日K/前复权日K,2026-09-07T13:10:27.603166+08:00,20260926T093659
517520,黄金股ETF永赢,SSE,2026-05-19,2.011,2.012,1.962,1.986,2.011,2.012,1.962,1.986,1.0,278901200.0,551607931.0,腾讯日K/前复权日K,2026-09-07T13:10:27.603166+08:00,20260926T093659
517520,黄金股ETF永赢,SSE,2026-05-20,1.95,1.953,1.912,1.949,1.95,1.953,1.912,1.949,1.0,209200600.0,404444192.0,腾讯日K/前复权日K,2026-09-07T13:10:27.603166+08:00,20260926T093659
517520,黄金股ETF永赢,SSE,2026-05-21,1.972,1.996,1.903,1.905,1.972,1.996,1.903,1.905,1.0,303871900.0,593394159.0,腾讯日K/前复权日K,2026-09-07T13:10:27.603166+08:00,20260926T093659
517520,黄金股ETF永赢,SSE,2026-05-22,1.914,1.973,1.896,1.957,1.914,1.973,1.896,1.957,1.0,203388600.0,395117958.0,腾讯日K/前复权日K,2026-09-07T13:10:27.603166+08:00,20260926T093659
517520,黄金股ETF永赢,SSE,2026-05-25,1.984,2.0,1.963,1.98,1.984,2.0,1.963,1.98,1.0,164435700.0,325619890.0,腾讯日K/前复权日K,2026-09-07T13:10:27.603166+08:00,20260926T093659
517520,黄金股ETF永赢,SSE,2026-05-26,1.964,2.048,1.947,2.047,1.964,2.048,1.947,2.047,1.0,207816200.0,417842730.0,腾讯日K/前复权日K,2026-09-07T13:10:27.603166+08:00,20260926T093659
517520,黄金股ETF永赢,SSE,2026-05-27,2.023,2.029,1.95,1.957,2.023,2.029,1.95,1.957,1.0,307920800.0,607903514.0,腾讯日K/前复权日K,2026-09-07T13:10:27.603166+08:00,20260926T093659
517520,黄金股ETF永赢,SSE,2026-05-28,1.922,1.928,1.861,1.893,1.922,1.928,1.861,1.893,1.0,330993400.0,625131143.0,腾讯日K/前复权日K,2026-09-07T13:10:27.603166+08:00,20260926T093659
517520,黄金股ETF永赢,SSE,2026-05-29,1.929,1.935,1.88,1.89,1.929,1.935,1.88,1.89,1.0,162220900.0,308571925.0,腾讯日K/前复权日K,2026-09-07T13:10:27.603166+08:00,20260926T093659
517520,黄金股ETF永赢,SSE,2026-06-01,1.889,1.917,1.881,1.899,1.889,1.917,1.881,1.899,1.0,111568500.0,212359822.0,腾讯日K/前复权日K,2026-09-07T13:10:27.603166+08:00,20260926T093659
517520,黄金股ETF永赢,SSE,2026-06-02,1.888,1.945,1.863,1.94,1.888,1.945,1.863,1.94,1.0,145793700.0,278393311.0,腾讯日K/前复权日K,2026-09-07T13:10:27.603166+08:00,20260926T093659
517520,黄金股ETF永赢,SSE,2026-06-03,1.907,1.938,1.894,1.918,1.907,1.938,1.894,1.918,1.0,136650800.0,262527003.0,腾讯日K/前复权日K,2026-09-07T13:10:27.603166+08:00,20260926T093659
517520,黄金股ETF永赢,SSE,2026-06-04,1.9,1.9,1.856,1.863,1.9,1.9,1.856,1.863,1.0,124238300.0,232377521.0,腾讯日K/前复权日K,2026-09-07T13:10:27.603166+08:00,20260926T093659
517520,黄金股ETF永赢,SSE,2026-06-05,1.86,1.874,1.82,1.829,1.86,1.874,1.82,1.829,1.0,117968400.0,217753797.0,腾讯日K/前复权日K,2026-09-07T13:10:27.603166+08:00,20260926T093659
517520,黄金股ETF永赢,SSE,2026-06-08,1.751,1.768,1.7,1.716,1.751,1.768,1.7,1.716,1.0,356916200.0,616979762.0,腾讯日K/前复权日K,2026-09-07T13:10:27.603166+08:00,20260926T093659
517520,黄金股ETF永赢,SSE,2026-06-09,1.723,1.75,1.697,1.744,1.723,1.75,1.697,1.744,1.0,234586000.0,404166431.0,腾讯日K/前复权日K,2026-09-07T13:10:27.603166+08:00,20260926T093659
517520,黄金股ETF永赢,SSE,2026-06-10,1.685,1.706,1.667,1.699,1.685,1.706,1.667,1.699,1.0,277361100.0,468143287.0,腾讯日K/前复权日K,2026-09-07T13:10:27.603166+08:00,20260926T093659
517520,黄金股ETF永赢,SSE,2026-06-11,1.66,1.723,1.66,1.698,1.66,1.723,1.66,1.698,1.0,340445200.0,577153874.0,腾讯日K/前复权日K,2026-09-07T13:10:27.603166+08:00,20260926T093659
517520,黄金股ETF永赢,SSE,2026-06-12,1.743,1.846,1.736,1.807,1.743,1.846,1.736,1.807,1.0,358530700.0,643553439.0,腾讯日K/前复权日K,2026-09-07T13:10:27.603166+08:00,20260926T093659
517520,黄金股ETF永赢,SSE,2026-06-15,1.894,1.92,1.879,1.918,1.894,1.92,1.879,1.918,1.0,396430400.0,755286256.0,腾讯日K/前复权日K,2026-09-07T13:10:27.603166+08:00,20260926T093659
517520,黄金股ETF永赢,SSE,2026-06-16,1.906,1.912,1.88,1.889,1.906,1.912,1.88,1.889,1.0,228312600.0,433106156.0,腾讯日K/前复权日K,2026-09-07T13:10:27.603166+08:00,20260926T093659
517520,黄金股ETF永赢,SSE,2026-06-17,1.9,1.915,1.87,1.891,1.9,1.915,1.87,1.891,1.0,266560400.0,504981054.0,腾讯日K/前复权日K,2026-09-07T13:10:27.603166+08:00,20260926T093659
517520,黄金股ETF永赢,SSE,2026-06-18,1.857,1.903,1.817,1.838,1.857,1.903,1.817,1.838,1.0,286931000.0,530989047.0,腾讯日K/前复权日K,2026-09-07T13:10:27.603166+08:00,20260926T093659
517520,黄金股ETF永赢,SSE,2026-06-22,1.804,1.875,1.785,1.869,1.804,1.875,1.785,1.869,1.0,242624400.0,444303295.0,腾讯日K/前复权日K,2026-09-07T13:10:27.603166+08:00,20260926T093659
517520,黄金股ETF永赢,SSE,2026-06-23,1.848,1.848,1.706,1.71,1.848,1.848,1.706,1.71,1.0,285674500.0,497496981.0,腾讯日K/前复权日K,2026-09-07T13:10:27.603166+08:00,20260926T093659
517520,黄金股ETF永赢,SSE,2026-06-24,1.695,1.721,1.671,1.711,1.695,1.721,1.671,1.711,1.0,231118000.0,391609233.0,腾讯日K/前复权日K,2026-09-07T13:10:27.603166+08:00,20260926T093659
517520,黄金股ETF永赢,SSE,2026-06-25,1.663,1.669,1.622,1.631,1.663,1.669,1.622,1.631,1.0,274842800.0,449464751.0,腾讯日K/前复权日K,2026-09-07T13:10:27.603166+08:00,20260926T093659
517520,黄金股ETF永赢,SSE,2026-06-26,1.634,1.648,1.561,1.587,1.634,1.648,1.561,1.587,1.0,214136100.0,340517902.0,腾讯日K/前复权日K,2026-09-07T13:10:27.603166+08:00,20260926T093659
517520,黄金股ETF永赢,SSE,2026-06-29,1.591,1.627,1.579,1.615,1.591,1.627,1.579,1.615,1.0,160039800.0,256618095.0,腾讯日K/前复权日K,2026-09-07T13:10:27.603166+08:00,20260926T093659
517520,黄金股ETF永赢,SSE,2026-06-30,1.574,1.585,1.55,1.584,1.574,1.585,1.55,1.584,1.0,142165400.0,222133510.0,腾讯日K/前复权日K,2026-09-07T13:10:27.603166+08:00,20260926T093659
517520,黄金股ETF永赢,SSE,2026-07-01,1.555,1.603,1.555,1.582,1.555,1.603,1.555,1.582,1.0,158478800.0,250309680.0,腾讯日K/前复权日K,2026-09-07T13:10:27.603166+08:00,20260926T093659
517520,黄金股ETF永赢,SSE,2026-07-02,1.615,1.676,1.606,1.656,1.615,1.676,1.606,1.656,1.0,246705000.0,405786931.0,腾讯日K/前复权日K,2026-09-07T13:10:27.603166+08:00,20260926T093659
517520,黄金股ETF永赢,SSE,2026-07-03,1.733,1.8,1.706,1.776,1.733,1.8,1.706,1.776,1.0,625272100.0,1112012976.0,腾讯日K/前复权日K,2026-09-07T13:10:27.603166+08:00,20260926T093659
517520,黄金股ETF永赢,SSE,2026-07-06,1.759,1.841,1.745,1.748,1.759,1.841,1.745,1.748,1.0,356554600.0,636982023.0,腾讯日K/前复权日K,2026-09-07T13:10:27.603166+08:00,20260926T093659
517520,黄金股ETF永赢,SSE,2026-07-07,1.7,1.726,1.672,1.686,1.7,1.726,1.672,1.686,1.0,300058800.0,508239237.0,腾讯日K/前复权日K,2026-09-07T13:10:27.603166+08:00,20260926T093659
517520,黄金股ETF永赢,SSE,2026-07-08,1.663,1.736,1.643,1.69,1.663,1.736,1.643,1.69,1.0,274330700.0,465748045.0,腾讯日K/前复权日K,2026-09-07T13:10:27.603166+08:00,20260926T093659
517520,黄金股ETF永赢,SSE,2026-07-09,1.653,1.694,1.617,1.682,1.653,1.694,1.617,1.682,1.0,242677000.0,403277953.0,腾讯日K/前复权日K,2026-09-07T13:10:27.603166+08:00,20260926T093659
517520,黄金股ETF永赢,SSE,2026-07-10,1.689,1.759,1.662,1.716,1.689,1.759,1.662,1.716,1.0,336011700.0,576549535.0,腾讯日K/前复权日K,2026-09-07T13:10:27.603166+08:00,20260926T093659
517520,黄金股ETF永赢,SSE,2026-07-13,1.664,1.716,1.653,1.659,1.664,1.716,1.653,1.659,1.0,170589700.0,284222925.0,腾讯日K/前复权日K,2026-09-07T13:10:27.603166+08:00,20260926T093659
517520,黄金股ETF永赢,SSE,2026-07-14,1.623,1.744,1.62,1.736,1.623,1.744,1.62,1.736,1.0,678193900.0,1139084025.0,腾讯日K/前复权日K,2026-09-07T13:10:27.603166+08:00,20260926T093659
517520,黄金股ETF永赢,SSE,2026-07-15,1.736,1.742,1.686,1.703,1.736,1.742,1.686,1.703,1.0,211128800.0,361386138.0,腾讯日K/前复权日K,2026-09-07T13:10:27.603166+08:00,20260926T093659
517520,黄金股ETF永赢,SSE,2026-07-16,1.7,1.743,1.691,1.71,1.7,1.743,1.691,1.71,1.0,191216200.0,328445035.0,腾讯日K/前复权日K,2026-09-07T13:10:27.603166+08:00,20260926T093659
517520,黄金股ETF永赢,SSE,2026-07-17,1.673,1.69,1.597,1.624,1.673,1.69,1.597,1.624,1.0,304203200.0,495519759.0,腾讯日K/前复权日K,2026-09-07T13:10:27.603166+08:00,20260926T093659
517520,黄金股ETF永赢,SSE,2026-07-20,1.633,1.666,1.613,1.649,1.633,1.666,1.613,1.649,1.0,199590200.0,327686343.0,腾讯日K/前复权日K,2026-09-07T13:10:27.603166+08:00,20260926T093659
517520,黄金股ETF永赢,SSE,2026-07-21,1.665,1.755,1.664,1.754,1.665,1.755,1.664,1.754,1.0,360764100.0,617506891.0,腾讯日K/前复权日K,2026-09-07T13:10:27.603166+08:00,20260926T093659
517520,黄金股ETF永赢,SSE,2026-07-22,1.795,1.883,1.791,1.854,1.795,1.883,1.791,1.854,1.0,457638300.0,847815944.0,腾讯日K/前复权日K,2026-09-07T13:10:27.603166+08:00,20260926T093659
517520,黄金股ETF永赢,SSE,2026-07-23,1.87,1.931,1.84,1.886,1.87,1.931,1.84,1.886,1.0,433257500.0,814649866.0,腾讯日K/前复权日K,2026-09-07T13:10:27.603166+08:00,20260926T093659
517520,黄金股ETF永赢,SSE,2026-07-24,1.791,1.841,1.779,1.785,1.791,1.841,1.779,1.785,1.0,614118800.0,1110291201.0,腾讯日K/前复权日K,2026-09-07T13:10:27.603166+08:00,20260926T093659
517520,黄金股ETF永赢,SSE,2026-07-27,1.836,1.841,1.801,1.834,1.836,1.841,1.801,1.834,1.0,254242100.0,463753527.0,腾讯日K/前复权日K,2026-09-07T13:10:27.603166+08:00,20260926T093659
517520,黄金股ETF永赢,SSE,2026-07-28,1.794,1.816,1.768,1.807,1.794,1.816,1.768,1.807,1.0,252081900.0,452626404.0,腾讯日K/前复权日K,2026-09-07T13:10:27.603166+08:00,20260926T093659
517520,黄金股ETF永赢,SSE,2026-07-29,1.789,1.85,1.785,1.835,1.789,1.85,1.785,1.835,1.0,254488000.0,464181287.0,腾讯日K/前复权日K,2026-09-07T13:10:27.603166+08:00,20260926T093659
517520,黄金股ETF永赢,SSE,2026-07-30,1.868,1.907,1.825,1.835,1.868,1.907,1.825,1.835,1.0,307317100.0,572617635.0,腾讯日K/前复权日K,2026-09-07T13:10:27.603166+08:00,20260926T093659
517520,黄金股ETF永赢,SSE,2026-07-31,1.863,1.92,1.858,1.891,1.863,1.92,1.858,1.891,1.0,397568200.0,752826592.0,腾讯日K/前复权日K,2026-09-07T13:10:27.603166+08:00,20260926T093659
517520,黄金股ETF永赢,SSE,2026-08-03,1.89,1.89,1.832,1.876,1.89,1.89,1.832,1.876,1.0,248792000.0,464085458.0,腾讯日K/前复权日K,2026-09-07T13:10:27.603166+08:00,20260926T093659
517520,黄金股ETF永赢,SSE,2026-08-04,1.87,1.883,1.85,1.865,1.87,1.883,1.85,1.865,1.0,262303800.0,489441170.0,腾讯日K/前复权日K,2026-09-07T13:10:27.603166+08:00,20260926T093659
517520,黄金股ETF永赢,SSE,2026-08-05,1.883,2.006,1.882,2.005,1.883,2.006,1.882,2.005,1.0,520344300.0,1023909298.0,腾讯日K/前复权日K,2026-09-07T13:10:27.603166+08:00,20260926T093659
517520,黄金股ETF永赢,SSE,2026-08-06,2.1,2.144,2.006,2.031,2.1,2.144,2.006,2.031,1.0,860458900.0,1771636563.0,腾讯日K/前复权日K,2026-09-07T13:10:27.603166+08:00,20260926T093659
517520,黄金股ETF永赢,SSE,2026-08-07,2.001,2.112,2.001,2.112,2.001,2.112,2.001,2.112,1.0,747409300.0,1545443088.0,腾讯日K/前复权日K,2026-09-07T13:10:27.603166+08:00,20260926T093659
517520,黄金股ETF永赢,SSE,2026-08-10,2.12,2.183,2.065,2.173,2.12,2.183,2.065,2.173,1.0,711514300.0,1523837474.0,腾讯日K/前复权日K,2026-09-07T13:10:27.603166+08:00,20260926T093659
517520,黄金股ETF永赢,SSE,2026-08-11,2.196,2.218,2.039,2.044,2.196,2.218,2.039,2.044,1.0,841389800.0,1785784384.0,腾讯日K/前复权日K,2026-09-07T13:10:27.603166+08:00,20260926T093659
517520,黄金股ETF永赢,SSE,2026-08-12,2.044,2.085,2.044,2.075,2.044,2.085,2.044,2.075,1.0,661570500.0,1364309256.0,腾讯日K/前复权日K,2026-09-07T13:10:27.603166+08:00,20260926T093659
517520,黄金股ETF永赢,SSE,2026-08-13,2.08,2.084,1.976,1.981,2.08,2.084,1.976,1.981,1.0,671808000.0,1358437996.0,腾讯日K/前复权日K,2026-09-07T13:10:27.603166+08:00,20260926T093659
517520,黄金股ETF永赢,SSE,2026-08-14,1.94,2.007,1.935,2.001,1.94,2.007,1.935,2.001,1.0,466877100.0,926243770.0,腾讯日K/前复权日K,2026-09-07T13:10:27.603166+08:00,20260926T093659
517520,黄金股ETF永赢,SSE,2026-08-17,2.036,2.075,2.036,2.074,2.036,2.075,2.036,2.074,1.0,404446800.0,832839627.0,腾讯日K/前复权日K,2026-09-07T13:10:27.603166+08:00,20260926T093659
517520,黄金股ETF永赢,SSE,2026-08-18,2.083,2.101,2.046,2.081,2.083,2.101,2.046,2.081,1.0,330430200.0,682977155.0,腾讯日K/前复权日K,2026-09-07T13:10:27.603166+08:00,20260926T093659
517520,黄金股ETF永赢,SSE,2026-08-19,2.034,2.105,2.02,2.068,2.034,2.105,2.02,2.068,1.0,494461300.0,1023692541.0,腾讯日K/前复权日K,2026-09-07T13:10:27.603166+08:00,20260926T093659
517520,黄金股ETF永赢,SSE,2026-08-20,2.17,2.238,2.15,2.173,2.17,2.238,2.15,2.173,1.0,824991200.0,1803424515.0,腾讯日K/前复权日K,2026-09-07T13:10:27.603166+08:00,20260926T093659
517520,黄金股ETF永赢,SSE,2026-08-21,2.205,2.273,2.187,2.273,2.205,2.273,2.187,2.273,1.0,477018100.0,1065665461.0,腾讯日K/前复权日K,2026-09-07T13:10:27.603166+08:00,20260926T093659
517520,黄金股ETF永赢,SSE,2026-08-24,2.314,2.358,2.25,2.293,2.314,2.358,2.25,2.293,1.0,715529500.0,1640268383.0,腾讯日K/前复权日K,2026-09-07T13:10:27.603166+08:00,20260926T093659
517520,黄金股ETF永赢,SSE,2026-08-25,2.311,2.311,2.185,2.217,2.311,2.311,2.185,2.217,1.0,458269800.0,1019281482.0,腾讯日K/前复权日K,2026-09-07T13:10:27.603166+08:00,20260926T093659
517520,黄金股ETF永赢,SSE,2026-08-26,2.2,2.285,2.2,2.22,2.2,2.285,2.2,2.22,1.0,783651500.0,1761824438.0,腾讯日K/前复权日K,2026-09-07T13:10:27.603166+08:00,20260926T093659
517520,黄金股ETF永赢,SSE,2026-08-27,2.19,2.289,2.19,2.247,2.19,2.289,2.19,2.247,1.0,493638500.0,1111847619.0,腾讯日K/前复权日K,2026-09-07T13:10:27.603166+08:00,20260926T093659
517520,黄金股ETF永赢,SSE,2026-08-28,2.242,2.293,2.195,2.286,2.242,2.293,2.195,2.286,1.0,370824100.0,834589683.0,腾讯日K/前复权日K,2026-09-07T13:10:27.603166+08:00,20260926T093659
517520,黄金股ETF永赢,SSE,2026-08-31,2.166,2.222,2.121,2.213,2.166,2.222,2.121,2.213,1.0,802069600.0,1733673949.0,腾讯日K/前复权日K,2026-09-07T13:10:27.603166+08:00,20260926T093659
517520,黄金股ETF永赢,SSE,2026-09-01,2.199,2.244,2.195,2.199,2.199,2.244,2.195,2.199,1.0,283066900.0,626251070.0,腾讯日K/前复权日K,2026-09-07T13:10:27.603166+08:00,20260926T093659
517520,黄金股ETF永赢,SSE,2026-09-02,2.126,2.193,2.071,2.173,2.126,2.193,2.071,2.173,1.0,536255100.0,1143326988.0,腾讯日K/前复权日K,2026-09-07T13:10:27.603166+08:00,20260926T093659
517520,黄金股ETF永赢,SSE,2026-09-03,2.203,2.239,2.201,2.224,2.203,2.239,2.201,2.224,1.0,374674800.0,832499173.0,腾讯日K/前复权日K,2026-09-07T13:10:27.603166+08:00,20260926T093659
517520,黄金股ETF永赢,SSE,2026-09-04,2.26,2.262,2.19,2.208,2.26,2.262,2.19,2.208,1.0,395847400.0,881404369.0,腾讯日K/前复权日K,2026-09-07T13:10:27.603166+08:00,20260926T093659
517520,黄金股ETF永赢,SSE,2026-09-07,2.161,2.193,2.156,2.16,2.161,2.193,2.156,2.16,1.0,238864100.0,518903426.0,腾讯日K/前复权日K,2026-09-12T10:09:37+08:00,20260926T093659
517520,黄金股ETF永赢,SSE,2026-09-08,2.175,2.204,2.166,2.179,2.175,2.204,2.166,2.179,1.0,191678800.0,418795045.0,腾讯日K/前复权日K,2026-09-12T10:09:37+08:00,20260926T093659
517520,黄金股ETF永赢,SSE,2026-09-09,2.155,2.214,2.151,2.214,2.155,2.214,2.151,2.214,1.0,296892800.0,647990006.0,腾讯日K/前复权日K,2026-09-12T10:09:37+08:00,20260926T093659
517520,黄金股ETF永赢,SSE,2026-09-10,2.199,2.203,2.169,2.183,2.199,2.203,2.169,2.183,1.0,161034400.0,351545984.0,腾讯日K/前复权日K,2026-09-12T10:09:37+08:00,20260926T093659
517520,黄金股ETF永赢,SSE,2026-09-11,2.11,2.136,2.052,2.116,2.11,2.136,2.052,2.116,1.0,483323100.0,1010358714.0,腾讯日K/前复权日K,2026-09-12T10:09:37+08:00,20260926T093659
517520,黄金股ETF永赢,SSE,2026-09-14,2.08,2.14,2.08,2.102,2.08,2.14,2.08,2.102,1.0,161779100.0,341583856.0,腾讯日K/前复权日K,2026-09-18T18:31:56+08:00,20260926T093659
517520,黄金股ETF永赢,SSE,2026-09-15,2.093,2.105,2.049,2.056,2.093,2.105,2.049,2.056,1.0,184554500.0,382701809.0,腾讯日K/前复权日K,2026-09-18T18:31:56+08:00,20260926T093659
517520,黄金股ETF永赢,SSE,2026-09-16,2.056,2.136,2.046,2.135,2.056,2.136,2.046,2.135,1.0,311903200.0,656694747.0,腾讯日K/前复权日K,2026-09-18T18:31:56+08:00,20260926T093659
517520,黄金股ETF永赢,SSE,2026-09-17,2.091,2.116,2.011,2.04,2.091,2.116,2.011,2.04,1.0,770438500.0,1572748107.0,腾讯日K/前复权日K,2026-09-18T18:31:56+08:00,20260926T093659
517520,黄金股ETF永赢,SSE,2026-09-18,2.072,2.084,2.028,2.075,2.072,2.084,2.028,2.075,1.0,397040400.0,817115711.0,腾讯日K/前复权日K,2026-09-18T18:31:56+08:00,20260926T093659
517520,黄金股ETF永赢,SSE,2026-09-21,2.061,2.075,2.029,2.037,2.061,2.075,2.029,2.037,1.0,338713000.0,693802175.0,腾讯日K/前复权日K,2026-09-26T09:36:59+08:00,20260926T093659
517520,黄金股ETF永赢,SSE,2026-09-22,2.037,2.038,2.0,2.007,2.037,2.038,2.0,2.007,1.0,243857600.0,492381970.0,腾讯日K/前复权日K,2026-09-26T09:36:59+08:00,20260926T093659
517520,黄金股ETF永赢,SSE,2026-09-23,2.018,2.023,1.989,1.991,2.018,2.023,1.989,1.991,1.0,201845100.0,404268471.0,腾讯日K/前复权日K,2026-09-26T09:36:59+08:00,20260926T093659
517520,黄金股ETF永赢,SSE,2026-09-24,1.965,1.967,1.903,1.905,1.965,1.967,1.903,1.905,1.0,565268500.0,1087552403.0,腾讯日K/前复权日K,2026-09-26T09:36:59+08:00,20260926T093659
